timestamp,date_GMT,status,attendance,home_team_name,away_team_name,referee,Game Week,Pre-Match PPG (Home),Pre-Match PPG (Away),home_ppg,away_ppg,home_team_goal_count,away_team_goal_count,total_goal_count,total_goals_at_half_time,home_team_goal_count_half_time,away_team_goal_count_half_time,home_team_goal_timings,away_team_goal_timings,home_team_corner_count,away_team_corner_count,home_team_yellow_cards,home_team_red_cards,away_team_yellow_cards,away_team_red_cards,home_team_first_half_cards,home_team_second_half_cards,away_team_first_half_cards,away_team_second_half_cards,home_team_shots,away_team_shots,home_team_shots_on_target,away_team_shots_on_target,home_team_shots_off_target,away_team_shots_off_target,home_team_fouls,away_team_fouls,home_team_possession,away_team_possession,Home Team Pre-Match xG,Away Team Pre-Match xG,team_a_xg,team_b_xg,average_goals_per_match_pre_match,btts_percentage_pre_match,over_15_percentage_pre_match,over_25_percentage_pre_match,over_35_percentage_pre_match,over_45_percentage_pre_match,over_15_HT_FHG_percentage_pre_match,over_05_HT_FHG_percentage_pre_match,over_15_2HG_percentage_pre_match,over_05_2HG_percentage_pre_match,average_corners_per_match_pre_match,average_cards_per_match_pre_match,odds_ft_home_team_win,odds_ft_draw,odds_ft_away_team_win,odds_ft_over15,odds_ft_over25,odds_ft_over35,odds_ft_over45,odds_btts_yes,odds_btts_no,stadium_name
1724437800,Aug 23 2024 - 6:30pm,complete,54042,Borussia M'gladbach,Bayer Leverkusen,Robert Schröder,1,0.00,0.00,1.53,2.20,2,3,5,2,0,2,"59,85","12,38,90'11",2,4,1,0,0,0,0,1,0,0,16,27,8,11,3,8,11,7,42,58,0.00,0.00,1.46,2.43,0.00,0,0,0,0,0,0,0,0,0,0.00,0.00,4.35,4.18,1.64,1.16,1.57,2.30,4.00,1.57,2.25,BORUSSIA-PARK (Mönchengladbach)
1724506200,Aug 24 2024 - 1:30pm,complete,N/A,RB Leipzig,Bochum,Benjamin Brand,1,0.00,0.00,1.93,0.40,1,0,1,0,0,0,"59","",9,3,1,1,3,0,1,1,2,1,14,11,4,5,5,0,9,16,63,37,0.00,0.00,1.16,0.87,0.00,0,0,0,0,0,0,0,0,0,0.00,0.00,1.33,5.75,8.25,1.08,1.35,2.10,3.04,1.75,2.00,Red Bull Arena (Leipzig)
1724506200,Aug 24 2024 - 1:30pm,complete,18503,Hoffenheim,Holstein Kiel,Tobias Stieler,1,0.00,0.00,1.06,0.53,3,2,5,2,2,0,"6,37,87","63,89",8,6,2,0,2,1,1,1,1,2,23,18,9,7,9,7,8,14,55,45,0.00,0.00,2.26,1.61,0.00,0,0,0,0,0,0,0,0,0,0.00,0.00,1.65,4.20,4.80,1.19,1.55,2.30,4.33,1.57,2.25,PreZero Arena (Sinsheim)
1724506200,Aug 24 2024 - 1:30pm,complete,N/A,Freiburg,Stuttgart,Tobias Welz,1,0.00,0.00,1.93,1.40,3,1,4,2,1,1,"26,54,61","2",6,3,2,0,1,0,1,1,0,1,17,10,7,3,5,5,7,10,33,67,0.00,0.00,1.50,1.03,0.00,0,0,0,0,0,0,0,0,0,0.00,0.00,3.45,3.60,2.10,1.26,1.79,3.00,5.50,1.62,2.20,Europa-Park Stadion (Freiburg im Breisgau)
1724506200,Aug 24 2024 - 1:30pm,complete,N/A,Augsburg,Werder Bremen,Sascha Stegemann,1,0.00,0.00,1.53,1.73,2,2,4,3,2,1,"16,35","12,58",4,2,3,0,1,0,0,3,0,1,12,13,4,6,6,4,11,10,45,55,0.00,0.00,1.22,1.32,0.00,0,0,0,0,0,0,0,0,0,0.00,0.00,2.15,3.65,3.15,1.21,1.68,2.73,4.75,1.62,2.20,WWK Arena (Augsburg)
1724506200,Aug 24 2024 - 1:30pm,complete,N/A,Mainz 05,Union Berlin,Harm Osmers,1,0.00,0.00,1.60,1.00,1,1,2,0,0,0,"53","74",8,9,1,0,3,0,1,0,1,2,15,16,4,6,8,6,10,15,54,46,0.00,0.00,1.23,1.54,0.00,0,0,0,0,0,0,0,0,0,0.00,0.00,2.05,3.40,3.80,1.40,2.20,4.20,8.50,1.95,1.80,MEWA ARENA (Mainz)
1724517000,Aug 24 2024 - 4:30pm,complete,81365,Borussia Dortmund,Eintracht Frankfurt,Felix Zwayer,1,0.00,0.00,2.00,1.47,2,0,2,0,0,0,"72,90'3","",7,7,0,0,1,0,0,0,0,1,21,9,6,4,7,4,6,3,70,30,0.00,0.00,1.89,1.12,0.00,0,0,0,0,0,0,0,0,0,0.00,0.00,1.68,4.04,4.15,1.11,1.45,2.20,3.48,1.50,2.50,SIGNAL IDUNA PARK (Dortmund)
1724592600,Aug 25 2024 - 1:30pm,complete,30000,Wolfsburg,Bayern München,Daniel Siebert,1,0.00,0.00,0.94,2.27,2,3,5,1,0,1,"47,55","19,65,82",1,7,2,0,3,0,0,2,1,2,12,16,3,9,7,2,12,11,29,71,0.00,0.00,1.03,1.77,0.00,0,0,0,0,0,0,0,0,0,0.00,0.00,5.50,4.80,1.50,1.12,1.44,2.00,3.50,1.62,2.20,Volkswagen Arena (Wolfsburg)
1724599800,Aug 25 2024 - 3:30pm,complete,29157,St. Pauli,Heidenheim,Sven Jablonski,1,0.00,0.00,0.93,0.94,0,2,2,0,0,0,"","66,82",4,2,2,0,3,0,2,0,1,2,12,7,4,4,7,2,9,15,61,39,0.00,0.00,1.27,0.87,0.00,0,0,0,0,0,0,0,0,0,0.00,0.00,2.10,3.50,3.40,1.30,1.98,3.25,6.50,1.70,2.05,Millerntor-Stadion (Hamburg)
1725042600,Aug 30 2024 - 6:30pm,complete,N/A,Union Berlin,St. Pauli,Bastian Dankert,2,0.00,0.00,1.40,1.06,1,0,1,1,1,0,"34","",5,4,3,0,1,0,0,3,1,0,12,9,6,2,5,4,10,11,39,61,0.00,0.00,1.36,0.81,0.00,0,0,0,0,0,0,0,0,0,0.00,0.00,2.00,3.55,3.70,1.26,1.77,3.10,5.70,1.75,2.00,Stadion An der Alten Försterei (Berlin)
1725111000,Aug 31 2024 - 1:30pm,complete,59000,Stuttgart,Mainz 05,Timo Gerach,2,0.00,0.00,1.25,1.44,3,3,6,3,2,1,"8,15,88","43,62,90'4",11,2,4,0,2,0,1,3,0,2,29,12,13,8,8,1,6,12,64,36,0.00,0.00,2.62,1.27,0.00,0,0,0,0,0,0,0,0,0,0.00,0.00,1.53,4.40,5.75,1.18,1.54,2.34,4.30,1.67,2.10,MHPArena (Stuttgart)
1725111000,Aug 31 2024 - 1:30pm,complete,N/A,Eintracht Frankfurt,Hoffenheim,Florian Badstübner,2,0.00,0.00,2.06,0.87,3,1,4,2,2,0,"24,33,56","54",1,4,0,0,3,0,0,0,1,2,19,12,8,4,8,4,10,10,50,50,0.00,0.00,1.86,1.08,0.00,0,0,0,0,0,0,0,0,0,0.00,0.00,2.00,3.75,3.40,1.11,1.63,2.28,3.56,1.50,2.50,Deutsche Bank Park (Frankfurt am Main)
1725111000,Aug 31 2024 - 1:30pm,complete,N/A,Werder Bremen,Borussia Dortmund,Robert Hartmann,2,0.00,0.00,1.25,1.13,0,0,0,0,0,0,"","",5,6,2,0,6,1,1,1,2,5,6,10,2,5,0,3,11,16,47,53,0.00,0.00,0.65,1.08,0.00,0,0,0,0,0,0,0,0,0,0.00,0.00,3.90,4.10,1.78,1.10,1.45,2.04,3.30,1.44,2.63,Weserstadion (Bremen)
1725111000,Aug 31 2024 - 1:30pm,complete,N/A,Bochum,Borussia M'gladbach,Sören Storks,2,0.00,0.00,0.81,1.31,0,2,2,0,0,0,"","67,78",3,4,1,0,0,0,0,1,0,0,17,16,5,7,9,5,9,10,39,61,0.00,0.00,1.57,1.59,0.00,0,0,0,0,0,0,0,0,0,0.00,0.00,2.35,3.70,2.75,1.17,1.58,2.65,4.25,1.53,2.38,Vonovia Ruhrstadion (Bochum)
1725111000,Aug 31 2024 - 1:30pm,complete,N/A,Holstein Kiel,Wolfsburg,Florian Exner,2,0.00,0.00,0.88,1.60,0,2,2,2,0,2,"","27,30",1,7,4,0,7,0,0,4,4,3,14,14,6,6,6,4,17,14,54,46,0.00,0.00,1.40,1.46,0.00,0,0,0,0,0,0,0,0,0,0.00,0.00,3.00,3.50,2.25,1.23,1.77,2.79,5.15,1.62,2.20,Holstein-Stadion (Kiel)
1725121800,Aug 31 2024 - 4:30pm,complete,29615,Bayer Leverkusen,RB Leipzig,Matthias Jöllenbeck,2,0.00,0.00,2.13,1.25,2,3,5,3,2,1,"38,45","45'7,57,80",18,2,3,0,1,0,2,1,0,1,27,9,11,5,9,3,7,8,63,37,0.00,0.00,2.58,1.06,0.00,0,0,0,0,0,0,0,0,0,0.00,0.00,1.80,4.00,3.75,1.12,1.58,2.25,3.56,1.50,2.50,BayArena (Leverkusen)
1725197400,Sep 01 2024 - 1:30pm,complete,N/A,Heidenheim,Augsburg,Martin Petersen,2,0.00,0.00,0.67,1.25,4,0,4,2,2,0,"9,30,69,73","",5,6,1,0,4,0,0,1,1,3,16,16,9,2,5,11,15,10,36,64,0.00,0.00,1.69,1.49,0.00,0,0,0,0,0,0,0,0,0,0.00,0.00,2.25,3.45,3.00,1.22,1.64,2.77,4.95,1.57,2.25,Voith-Arena (Heidenheim an der Brenz)
1725204600,Sep 01 2024 - 3:30pm,complete,N/A,Bayern München,Freiburg,Christian Dingert,2,0.00,0.00,2.56,1.38,2,0,2,1,1,0,"38,78","",2,4,1,0,0,0,1,0,0,0,14,10,4,4,4,4,13,12,67,33,0.00,0.00,1.17,1.03,0.00,0,0,0,0,0,0,0,0,0,0.00,0.00,1.20,7.00,12.00,1.03,1.28,1.70,2.20,1.67,2.10,Allianz Arena (München)
1726252200,Sep 13 2024 - 6:30pm,complete,N/A,Borussia Dortmund,Heidenheim,Robert Schröder,3,3.00,3.00,2.00,0.94,4,2,6,4,3,1,"11,17,41,90'3","39,74",8,1,2,0,2,0,0,2,0,2,15,12,7,5,4,2,12,18,61,39,1.89,0.87,1.57,1.06,2.00,0,100,0,0,0,0,0,100,100,9.00,3.00,1.37,5.50,7.50,1.13,1.49,1.90,3.74,1.80,1.95,SIGNAL IDUNA PARK (Dortmund)
1726320600,Sep 14 2024 - 1:30pm,complete,N/A,RB Leipzig,Union Berlin,Sven Jablonski,3,3.00,1.00,1.93,1.00,0,0,0,0,0,0,"","",6,5,2,0,3,0,0,2,1,2,15,11,4,4,5,4,8,19,68,32,1.16,1.54,1.12,0.98,1.50,50,50,0,0,0,0,0,50,100,18.00,6.00,1.47,4.60,6.25,1.19,1.62,2.29,4.50,1.80,1.95,Red Bull Arena (Leipzig)
1726320600,Sep 14 2024 - 1:30pm,complete,N/A,Hoffenheim,Bayer Leverkusen,Daniel Schlager,3,3.00,3.00,1.06,2.20,1,4,5,3,1,2,"37","17,30,72,75",4,12,2,0,2,0,1,1,1,1,16,21,6,9,4,6,9,10,40,60,2.26,2.43,1.39,2.14,5.00,100,100,100,100,100,100,100,100,100,12.00,2.00,5.25,5.00,1.53,1.09,1.45,2.05,2.90,1.44,2.63,PreZero Arena (Sinsheim)
1726320600,Sep 14 2024 - 1:30pm,complete,N/A,Freiburg,Bochum,Daniel Siebert,3,3.00,0.00,1.93,0.40,2,1,3,1,0,1,"58,61","45",5,6,0,0,3,0,0,0,0,3,27,14,10,4,8,6,5,16,54,46,1.50,0.87,2.14,1.19,2.50,50,50,50,50,0,50,50,50,100,9.00,5.00,1.70,4.00,4.60,1.22,1.62,2.70,5.00,1.67,2.10,Europa-Park Stadion (Freiburg im Breisgau)
1726320600,Sep 14 2024 - 1:30pm,complete,26281,Wolfsburg,Eintracht Frankfurt,Harm Osmers,3,0.00,0.00,0.94,1.47,1,2,3,1,0,1,"76","30,82",5,4,1,0,2,0,0,1,1,1,19,15,5,7,6,4,7,18,60,40,1.03,1.12,1.54,1.43,3.50,50,100,50,50,50,0,50,100,100,8.00,3.00,2.70,3.60,2.50,1.22,1.67,2.75,5.00,1.57,2.25,Volkswagen Arena (Wolfsburg)
1726320600,Sep 14 2024 - 1:30pm,complete,53756,Borussia M'gladbach,Stuttgart,Felix Brych,3,0.00,0.00,1.53,1.40,1,3,4,2,1,1,"27","21,57,61",6,2,2,0,2,0,1,1,1,1,16,13,8,8,4,2,14,12,44,56,1.46,1.03,1.65,1.47,4.50,100,100,100,100,50,100,100,100,100,5.00,2.00,2.75,3.95,2.30,1.14,1.50,2.17,3.60,1.44,2.63,BORUSSIA-PARK (Mönchengladbach)
1726331400,Sep 14 2024 - 4:30pm,complete,N/A,Holstein Kiel,Bayern München,Tobias Reichel,3,0.00,3.00,0.88,2.27,1,6,7,4,0,4,"82","1,7,13,43,65,90'1",2,10,0,0,1,0,0,0,0,1,6,24,2,13,3,6,12,11,29,71,1.40,1.77,0.60,2.64,3.50,50,100,50,50,50,50,100,50,50,8.00,7.00,10.00,7.00,1.22,1.04,1.27,1.67,2.47,1.62,2.20,Holstein-Stadion (Kiel)
1726407000,Sep 15 2024 - 1:30pm,complete,30660,Augsburg,St. Pauli,Felix Zwayer,3,1.00,0.00,1.53,1.06,3,1,4,0,0,0,"47,66,90'6","74",7,7,4,0,3,0,1,3,2,1,19,13,10,4,7,4,12,10,43,57,1.22,0.81,2.17,1.13,2.50,50,50,50,50,0,50,100,0,50,8.00,4.00,1.89,3.50,3.75,1.25,1.78,2.21,5.50,1.62,2.20,WWK Arena (Augsburg)
1726414200,Sep 15 2024 - 3:30pm,complete,N/A,Mainz 05,Werder Bremen,Benjamin Brand,3,1.00,1.00,1.60,1.73,1,2,3,2,1,1,"27","8,69",10,4,3,0,1,1,2,1,0,2,18,15,6,6,6,6,12,7,58,42,1.23,1.32,1.72,1.39,3.00,100,100,50,50,0,50,50,50,100,10.00,2.00,2.00,3.70,3.64,1.22,1.72,2.75,5.00,1.67,2.10,MEWA ARENA (Mainz)
1726857000,Sep 20 2024 - 6:30pm,complete,28913,Augsburg,Mainz 05,Sören Storks,4,2.00,1.00,1.53,1.44,2,3,5,3,1,2,"25,57","13,15,49",14,1,3,1,4,1,0,4,3,2,30,6,9,4,12,2,7,12,73,27,1.70,1.27,2.68,0.79,5.00,100,100,100,100,50,75,75,75,100,7.50,5.50,2.63,3.65,2.50,1.21,1.70,2.73,4.90,1.57,2.25,WWK Arena (Augsburg)
1726925400,Sep 21 2024 - 1:30pm,complete,N/A,Heidenheim,Freiburg,Benjamin Brand,4,3.00,0.00,0.67,1.38,0,3,3,0,0,0,"","54,59,65",3,9,1,0,1,0,0,1,0,1,8,16,2,6,5,6,6,7,42,58,1.69,1.03,0.81,1.58,3.00,0,100,50,50,0,50,100,50,100,9.00,1.00,2.70,3.40,2.55,1.24,1.67,2.85,5.00,1.57,2.25,Voith-Arena (Heidenheim an der Brenz)
1726925400,Sep 21 2024 - 1:30pm,complete,N/A,Werder Bremen,Bayern München,Bastian Dankert,4,1.00,3.00,1.25,2.27,0,5,5,2,0,2,"","23,32,57,60,65",1,4,0,0,3,0,0,0,1,2,0,26,0,8,0,5,4,13,30,70,0.65,2.21,0.17,1.90,3.00,50,50,50,50,50,25,50,50,50,13.50,4.00,6.50,4.75,1.40,1.06,1.34,1.95,2.93,1.53,2.38,Weserstadion (Bremen)
1726925400,Sep 21 2024 - 1:30pm,complete,N/A,Union Berlin,Hoffenheim,Matthias Jöllenbeck,4,3.00,0.00,1.40,0.87,2,1,3,2,2,0,"4,6","67",5,5,3,0,3,0,1,2,0,3,13,8,3,4,4,2,17,18,51,49,1.36,1.08,0.95,1.04,2.50,50,50,50,50,0,50,100,50,50,9.00,6.00,2.10,3.40,3.40,1.24,1.70,2.85,5.00,1.62,2.20,Stadion An der Alten Försterei (Berlin)
1726925400,Sep 21 2024 - 1:30pm,complete,N/A,Bochum,Holstein Kiel,Martin Petersen,4,0.00,0.00,0.81,0.53,2,2,4,3,2,1,"22,35","15,89",2,5,4,0,1,0,1,3,0,1,15,15,4,5,7,8,19,9,44,56,1.57,1.61,1.18,1.47,3.50,50,100,50,50,50,50,50,100,100,9.00,4.00,1.95,3.60,3.70,1.19,1.60,2.46,4.37,1.53,2.38,Vonovia Ruhrstadion (Bochum)
1726936200,Sep 21 2024 - 4:30pm,complete,N/A,Eintracht Frankfurt,Borussia M'gladbach,Tobias Welz,4,3.00,3.00,2.06,1.31,2,0,2,1,1,0,"30,80","",8,5,1,0,1,0,1,0,1,0,20,26,5,8,8,6,10,12,37,63,1.86,1.59,1.54,1.90,3.00,50,100,50,50,0,50,50,100,100,5.00,0.00,1.73,4.00,4.40,1.10,1.43,2.15,3.50,1.50,2.50,Deutsche Bank Park (Frankfurt am Main)
1727011800,Sep 22 2024 - 1:30pm,complete,29250,Bayer Leverkusen,Wolfsburg,Sascha Stegemann,4,0.00,3.00,2.13,1.60,4,3,7,5,2,3,"14,32,48,90'3","5,37,45'1",6,2,4,0,5,1,2,2,0,6,21,10,8,5,7,5,6,14,79,21,2.58,1.46,2.27,1.11,3.50,50,100,50,50,50,100,100,50,50,25.00,10.00,1.34,5.25,8.75,1.15,1.58,2.10,3.75,1.80,1.95,BayArena (Leverkusen)
1727019000,Sep 22 2024 - 3:30pm,complete,N/A,Stuttgart,Borussia Dortmund,Florian Badstübner,4,1.00,1.00,1.25,1.13,5,1,6,2,2,0,"4,21,62,80,90","75",6,4,1,0,3,0,1,0,0,3,18,8,10,4,6,2,10,6,52,48,2.62,1.08,1.96,0.91,3.00,50,50,50,50,50,50,50,50,50,17.00,11.00,2.14,4.00,2.95,1.14,1.45,2.25,3.60,1.40,2.75,MHPArena (Stuttgart)
1727026200,Sep 22 2024 - 5:30pm,complete,N/A,St. Pauli,RB Leipzig,Robert Hartmann,4,0.00,3.00,0.93,1.25,0,0,0,0,0,0,"","",3,1,2,0,1,0,1,1,1,0,19,11,6,6,10,4,6,8,31,69,1.27,1.06,1.76,1.34,3.50,50,100,50,50,50,50,50,100,100,6.00,3.00,4.90,4.20,1.65,1.20,1.63,2.70,4.75,1.67,2.10,Millerntor-Stadion (Hamburg)
1727461800,Sep 27 2024 - 6:30pm,complete,81365,Borussia Dortmund,Bochum,Felix Brych,5,3.00,0.00,2.00,0.40,4,2,6,3,1,2,"44,62,75,81","16,21",11,0,2,0,0,0,0,2,0,0,24,11,9,6,8,3,12,9,66,34,1.73,1.03,2.26,1.12,3.00,50,75,50,25,25,25,50,75,100,12.00,4.00,1.35,6.06,9.00,1.10,1.31,1.91,2.97,1.67,2.10,SIGNAL IDUNA PARK (Dortmund)
1727530200,Sep 28 2024 - 1:30pm,complete,N/A,RB Leipzig,Augsburg,Daniel Siebert,5,2.00,0.00,1.93,1.25,4,0,4,2,2,0,"11,15,46,57","",8,5,1,0,2,0,1,0,0,2,19,8,8,2,5,3,9,13,59,41,1.14,1.49,1.72,0.63,2.25,0,50,50,50,0,50,50,50,75,13.50,6.50,1.40,4.50,7.00,1.08,1.41,2.14,3.10,1.62,2.20,Red Bull Arena (Leipzig)
1727530200,Sep 28 2024 - 1:30pm,complete,N/A,Freiburg,St. Pauli,Timo Gerach,5,3.00,0.00,1.93,1.06,0,3,3,2,0,2,"","12,45,72",4,2,3,0,3,0,2,1,0,3,11,11,4,5,6,4,7,18,73,27,1.82,0.97,1.48,1.09,3.00,75,75,75,50,0,25,75,75,75,11.00,3.00,1.83,3.75,3.75,1.22,1.58,2.84,5.05,1.80,1.95,Europa-Park Stadion (Freiburg im Breisgau)
1727530200,Sep 28 2024 - 1:30pm,complete,N/A,Wolfsburg,Stuttgart,Sven Jablonski,5,0.00,1.50,0.94,1.40,2,2,4,2,1,1,"20,68","32,90'7",1,3,5,0,1,1,1,4,1,1,6,19,3,5,2,6,20,10,30,70,1.28,1.25,0.75,1.43,4.00,100,100,100,75,25,50,100,100,100,5.50,3.00,3.27,3.82,1.96,1.18,1.58,2.20,4.00,1.50,2.50,Volkswagen Arena (Wolfsburg)
1727530200,Sep 28 2024 - 1:30pm,complete,N/A,Mainz 05,Heidenheim,Florian Exner,5,0.50,1.50,1.60,0.94,0,2,2,1,0,1,"","15,86",7,6,3,1,4,1,2,2,0,5,9,15,3,7,3,6,10,10,50,50,1.48,0.96,0.84,1.63,3.25,75,100,50,25,25,50,50,75,100,10.50,4.50,1.65,4.00,4.50,1.25,1.58,2.90,5.50,1.67,2.10,MEWA ARENA (Mainz)
1727530200,Sep 28 2024 - 1:30pm,complete,N/A,Borussia M'gladbach,Union Berlin,Daniel Schlager,5,0.00,1.00,1.53,1.00,1,0,1,0,0,0,"90'6","",2,4,3,0,1,0,0,3,0,1,10,10,3,3,3,6,11,12,64,36,1.56,1.26,0.87,1.11,2.75,75,75,50,50,25,50,50,75,75,11.00,4.50,2.19,3.48,2.98,1.21,1.55,2.79,5.00,1.67,2.10,BORUSSIA-PARK (Mönchengladbach)
1727541000,Sep 28 2024 - 4:30pm,complete,75000,Bayern München,Bayer Leverkusen,Felix Zwayer,5,3.00,3.00,2.56,2.20,1,1,2,2,1,1,"39","31",6,1,1,0,3,0,1,0,1,2,19,4,4,3,11,1,11,15,69,31,1.17,2.29,1.77,0.63,3.50,50,100,50,50,50,50,100,50,100,10.00,2.00,1.73,4.40,3.80,1.05,1.31,2.00,2.75,1.40,2.75,Allianz Arena (München)
1727616600,Sep 29 2024 - 1:30pm,complete,N/A,Holstein Kiel,Eintracht Frankfurt,Tobias Stieler,5,0.00,1.50,0.88,1.47,2,4,6,2,1,1,"30,50","25,47,65,74",4,9,1,0,3,0,0,1,1,2,11,21,6,11,2,3,12,12,47,53,1.00,1.28,1.20,2.00,3.50,50,100,50,25,25,50,75,75,75,7.00,3.50,4.00,4.20,1.75,1.10,1.50,2.20,3.52,1.53,2.38,Holstein-Stadion (Kiel)
1727623800,Sep 29 2024 - 3:30pm,complete,N/A,Hoffenheim,Werder Bremen,Tobias Reichel,5,1.50,2.00,1.06,1.73,3,4,7,6,3,3,"5,8,12","21,26,39,49",2,6,3,1,3,0,2,2,1,2,12,25,7,11,4,4,11,19,35,65,1.82,1.36,1.39,2.30,4.25,100,100,100,75,50,100,100,50,100,9.00,4.00,2.06,3.85,3.10,1.08,1.40,2.14,3.15,1.40,2.75,PreZero Arena (Sinsheim)
1728066600,Oct 04 2024 - 6:30pm,complete,N/A,Augsburg,Borussia M'gladbach,Florian Badstübner,6,1.33,1.50,1.53,1.31,2,1,3,1,1,0,"38,65","72",6,5,2,0,4,0,0,2,0,4,16,12,6,5,6,6,13,15,34,66,2.02,1.75,1.57,1.29,3.17,50,100,50,50,17,34,59,59,100,12.83,4.50,2.31,3.50,2.60,1.17,1.57,2.24,4.00,1.44,2.63,WWK Arena (Augsburg)
1728135000,Oct 05 2024 - 1:30pm,complete,N/A,Bayer Leverkusen,Holstein Kiel,Robert Hartmann,6,1.50,0.50,2.13,0.53,2,2,4,3,2,1,"4,8","45'5,69",12,3,2,0,2,0,0,2,0,2,24,9,8,5,6,2,5,9,74,26,2.42,1.54,2.47,0.90,5.25,100,100,100,100,75,100,100,75,100,17.50,5.50,1.10,10.00,23.00,1.06,1.23,1.57,2.20,2.00,1.75,BayArena (Leverkusen)
1728135000,Oct 05 2024 - 1:30pm,complete,N/A,Werder Bremen,Freiburg,Tobias Welz,6,0.50,1.50,1.25,1.38,0,1,1,0,0,0,"","75",7,5,1,0,1,0,0,1,1,0,13,16,4,4,5,6,7,9,58,42,0.41,1.30,1.24,1.27,2.50,0,75,50,25,25,25,50,50,75,9.50,1.50,2.62,3.60,2.50,1.16,1.66,2.50,4.30,1.57,2.25,Weserstadion (Bremen)
1728135000,Oct 05 2024 - 1:30pm,complete,N/A,Union Berlin,Borussia Dortmund,Tobias Reichel,6,3.00,0.50,1.40,1.13,2,1,3,2,2,0,"26,45","62",3,3,4,0,4,0,2,2,1,3,15,9,6,5,4,3,15,17,33,67,1.16,0.99,1.35,1.17,2.50,50,50,50,25,25,50,75,25,50,10.00,8.00,3.20,3.50,2.20,1.21,1.79,2.79,4.90,1.67,2.10,Stadion An der Alten Försterei (Berlin)
1728135000,Oct 05 2024 - 1:30pm,complete,24630,Bochum,Wolfsburg,Max Burda,6,0.50,1.50,0.81,1.60,1,3,4,2,0,2,"72","21,37,88",7,6,1,0,2,0,1,0,1,1,19,18,6,6,5,5,11,12,58,42,1.37,1.28,1.53,1.34,3.75,50,100,50,50,25,75,75,50,75,7.00,9.50,3.10,3.60,2.20,1.20,1.63,2.20,4.33,1.53,2.38,Vonovia Ruhrstadion (Bochum)
1728145800,Oct 05 2024 - 4:30pm,complete,N/A,St. Pauli,Mainz 05,Christian Dingert,6,0.50,2.00,0.93,1.44,0,3,3,2,0,2,"","5,16,62",2,2,0,0,3,0,0,0,1,2,20,9,5,5,6,3,12,16,55,45,1.52,1.03,1.53,0.97,3.25,50,75,50,50,50,50,50,75,75,5.00,5.50,2.60,3.40,2.70,1.24,1.90,2.98,5.40,1.70,2.05,Millerntor-Stadion (Hamburg)
1728221400,Oct 06 2024 - 1:30pm,complete,N/A,Heidenheim,RB Leipzig,Sascha Stegemann,6,1.50,2.00,0.67,1.25,0,1,1,0,0,0,"","59",3,2,2,0,2,0,1,1,0,2,15,14,5,3,6,6,12,13,45,55,1.25,1.20,1.41,1.22,3.00,25,75,75,50,25,50,50,75,75,5.50,2.00,4.75,4.33,1.60,1.12,1.55,2.15,3.86,1.57,2.25,Voith-Arena (Heidenheim an der Brenz)
1728228600,Oct 06 2024 - 3:30pm,complete,58000,Eintracht Frankfurt,Bayern München,Benjamin Brand,6,3.00,3.00,2.06,2.27,3,3,6,4,2,2,"22,35,90'4","15,38,53",0,11,1,0,1,0,0,1,1,0,7,26,5,14,2,6,10,6,26,74,1.70,2.10,0.86,2.89,4.34,59,100,75,75,50,59,100,75,100,11.50,2.83,5.60,5.00,1.46,1.06,1.33,1.91,2.84,1.50,2.50,Deutsche Bank Park (Frankfurt am Main)
1728235800,Oct 06 2024 - 5:30pm,complete,58000,Stuttgart,Hoffenheim,Harm Osmers,6,2.00,0.00,1.25,0.87,1,1,2,1,0,1,"90'9","44",10,5,1,0,4,0,1,0,1,3,22,8,7,6,7,2,11,7,68,32,2.29,1.06,2.01,1.21,4.75,100,100,100,75,50,100,100,75,100,13.00,5.50,1.30,6.10,7.50,1.01,1.25,1.71,2.24,1.44,2.63,MHPArena (Stuttgart)
1729276200,Oct 18 2024 - 6:30pm,complete,N/A,Borussia Dortmund,St. Pauli,Matthias Jöllenbeck,7,3.00,1.00,2.00,1.06,2,1,3,1,1,0,"43,83","78",7,1,2,0,1,0,0,2,1,0,13,5,6,3,7,2,8,7,72,28,1.91,1.01,1.79,0.70,3.67,50,84,67,50,34,50,67,67,84,13.00,3.66,1.30,5.25,9.50,1.13,1.45,2.10,3.60,1.75,2.00,SIGNAL IDUNA PARK (Dortmund)
1729344600,Oct 19 2024 - 1:30pm,complete,N/A,Bayer Leverkusen,Eintracht Frankfurt,Felix Brych,7,1.33,2.00,2.13,1.47,2,1,3,2,1,1,"25,71","16",8,3,2,0,1,0,0,2,1,0,28,10,10,3,10,4,9,5,54,46,2.44,1.52,2.32,0.91,4.50,84,100,84,67,50,67,84,84,100,18.67,5.00,1.36,4.56,5.90,1.12,1.45,2.05,3.30,1.57,2.25,BayArena (Leverkusen)
1729344600,Oct 19 2024 - 1:30pm,complete,N/A,Hoffenheim,Bochum,Sören Storks,N/A,1.00,0.00,1.06,0.40,3,1,4,1,1,0,"11,64,90'3","76",4,2,1,0,1,0,0,1,0,1,13,15,8,6,4,5,10,12,50,50,1.68,1.06,1.65,1.39,4.50,84,84,84,67,67,67,84,67,100,7.67,5.00,1.69,3.71,3.76,1.12,1.60,2.12,3.40,1.50,2.50,N/A
1729344600,Oct 19 2024 - 1:30pm,complete,N/A,Freiburg,Augsburg,Bastian Dankert,7,2.00,0.00,1.93,1.25,3,1,4,3,3,0,"34,37,45'1","65",5,4,1,0,1,0,1,0,0,1,16,10,7,4,4,6,12,7,57,43,1.71,1.06,1.44,1.19,3.67,34,100,100,67,0,84,100,84,100,10.50,4.67,1.83,3.36,3.54,1.22,1.65,2.80,5.00,1.62,2.20,Europa-Park Stadion (Freiburg im Breisgau)
1729344600,Oct 19 2024 - 1:30pm,complete,N/A,Mainz 05,RB Leipzig,Felix Zwayer,7,0.33,2.33,1.60,1.25,0,2,2,2,0,2,"","20,37",5,3,1,0,3,0,0,1,0,3,17,12,3,6,4,3,12,15,54,46,1.26,1.21,1.10,1.18,2.17,50,67,33,17,17,33,50,33,84,10.00,4.00,3.38,3.31,1.88,1.20,1.65,2.60,4.50,1.57,2.25,MEWA ARENA (Mainz)
1729344600,Oct 19 2024 - 1:30pm,complete,N/A,Borussia M'gladbach,Heidenheim,Daniel Siebert,7,1.00,2.00,1.53,0.94,3,2,5,2,1,1,"22,62,75","12,80",6,3,3,0,3,0,1,2,1,2,21,20,11,7,7,6,15,9,67,33,1.33,1.18,2.30,1.53,3.33,50,84,50,50,33,50,67,67,100,6.33,5.67,1.83,3.41,3.49,0.00,1.55,2.25,0.00,1.57,2.25,BORUSSIA-PARK (Mönchengladbach)
1729355400,Oct 19 2024 - 4:30pm,complete,75000,Bayern München,Stuttgart,Tobias Stieler,7,2.00,1.33,2.56,1.40,4,0,4,0,0,0,"57,60,80,89","",7,3,0,0,2,0,0,0,0,2,23,5,11,2,8,2,6,10,66,34,1.47,1.31,2.51,0.56,3.00,75,100,50,50,0,75,100,50,75,6.67,2.67,1.34,4.77,6.09,1.04,1.30,1.97,2.56,1.53,2.38,Allianz Arena (München)
1729431000,Oct 20 2024 - 1:30pm,complete,N/A,Holstein Kiel,Union Berlin,Timo Gerach,N/A,0.00,0.67,0.88,1.00,0,2,2,1,0,1,"","18,89",7,3,2,0,1,0,0,2,0,1,11,7,6,4,5,3,8,11,48,52,1.07,1.21,1.41,1.10,3.00,50,67,34,34,34,50,50,50,67,8.33,4.00,3.14,3.54,2.21,1.32,1.70,3.40,6.50,1.80,1.95,N/A
1729438200,Oct 20 2024 - 3:30pm,complete,N/A,Wolfsburg,Werder Bremen,Daniel Schlager,N/A,0.33,2.33,0.94,1.73,2,4,6,2,1,1,"19,79","45'5,51,67,72",4,4,1,1,1,0,1,1,0,1,10,7,4,3,6,4,14,9,52,48,1.11,1.67,1.24,0.92,4.34,100,100,100,67,33,67,100,50,100,6.33,5.00,2.05,3.60,3.30,1.24,1.70,2.85,5.00,1.62,2.20,N/A
1729881000,Oct 25 2024 - 6:30pm,complete,N/A,Mainz 05,Borussia M'gladbach,Martin Petersen,8,0.25,1.00,1.60,1.31,1,1,2,0,0,0,"55","57",2,4,3,0,2,0,0,3,1,1,24,11,7,6,8,4,16,16,52,48,1.22,1.59,1.79,1.26,2.29,42,100,29,0,0,25,71,46,88,12.17,3.92,2.30,3.75,3.00,1.19,1.60,2.50,4.50,1.57,2.25,MEWA ARENA (Mainz)
1729949400,Oct 26 2024 - 1:30pm,complete,N/A,Stuttgart,Holstein Kiel,Robert Hartmann,8,1.67,0.67,1.25,0.53,2,1,3,1,1,0,"19,61","84",9,5,2,1,5,1,0,3,1,5,17,10,7,4,9,3,6,17,59,41,2.20,1.33,1.93,0.98,4.50,100,100,84,84,50,84,100,50,100,13.67,4.00,1.27,6.25,9.75,1.09,1.31,1.95,2.90,1.62,2.20,MHPArena (Stuttgart)
1729949400,Oct 26 2024 - 1:30pm,complete,N/A,RB Leipzig,Freiburg,Sven Jablonski,8,2.33,2.00,1.93,1.38,3,1,4,1,0,1,"47,58,78","15",3,3,2,0,2,0,0,2,1,1,14,16,10,6,3,8,9,8,43,57,1.33,1.29,1.76,1.61,1.84,0,50,33,17,0,17,33,33,84,13.67,2.67,1.53,4.33,6.00,1.20,1.75,2.70,4.75,1.91,1.91,Red Bull Arena (Leipzig)
1729949400,Oct 26 2024 - 1:30pm,complete,N/A,Augsburg,Borussia Dortmund,Tobias Welz,N/A,1.75,0.33,1.53,1.13,2,1,3,2,1,1,"25,50","4",3,5,3,0,2,1,1,2,0,3,14,13,5,5,7,4,13,10,23,77,1.91,1.05,1.38,1.25,3.50,84,84,84,54,29,59,71,54,84,12.08,8.17,3.70,4.00,1.85,1.18,1.55,2.15,4.33,1.50,2.50,N/A
1729949400,Oct 26 2024 - 1:30pm,complete,N/A,St. Pauli,Wolfsburg,Tobias Reichel,8,0.33,2.00,0.93,1.60,0,0,0,0,0,0,"","",7,6,0,0,3,0,0,0,0,3,16,11,6,5,4,6,9,12,54,46,1.52,1.30,1.41,1.29,3.00,34,84,50,34,17,67,67,50,67,8.00,6.66,2.60,3.70,2.50,1.28,1.60,3.10,6.00,1.57,2.25,Millerntor-Stadion (Hamburg)
1729960200,Oct 26 2024 - 4:30pm,complete,N/A,Werder Bremen,Bayer Leverkusen,Florian Badstübner,8,0.33,2.33,1.25,2.20,2,2,4,1,0,1,"74,90","30,77",3,5,1,0,1,0,0,1,0,1,14,15,9,6,5,7,9,11,43,57,0.69,1.73,1.82,1.69,3.00,50,67,50,50,50,67,67,50,67,10.00,2.67,4.53,4.73,1.50,1.12,1.40,1.95,3.30,1.50,2.50,Weserstadion (Bremen)
1730039400,Oct 27 2024 - 2:30pm,complete,26000,Bochum,Bayern München,Florian Exner,8,0.33,2.50,0.81,2.27,0,5,5,2,0,2,"","16,26,57,65,71",2,6,1,0,1,0,1,0,1,0,7,20,3,11,3,7,15,6,27,73,1.42,2.30,0.79,2.38,4.54,71,100,84,84,50,71,84,84,100,12.00,4.00,9.40,6.50,1.19,1.06,1.30,1.85,2.40,1.70,2.05,Vonovia Ruhrstadion (Bochum)
1730046600,Oct 27 2024 - 4:30pm,complete,N/A,Union Berlin,Eintracht Frankfurt,Harm Osmers,N/A,3.00,1.50,1.40,1.47,1,1,2,1,0,1,"66","14",4,5,5,0,2,1,2,3,1,2,15,18,6,6,7,6,13,7,49,51,1.22,1.37,1.53,1.35,2.92,71,84,71,13,13,59,88,38,84,10.08,5.08,1.34,6.89,4.49,1.30,1.87,3.30,6.50,1.57,2.25,N/A
1730053800,Oct 27 2024 - 6:30pm,complete,N/A,Heidenheim,Hoffenheim,Christian Dingert,8,1.00,0.33,0.67,0.87,0,0,0,0,0,0,"","",7,3,1,0,2,0,1,0,1,1,18,13,4,5,12,3,12,16,47,53,1.30,1.11,1.61,1.16,2.84,50,84,67,33,0,50,67,50,100,8.34,4.66,1.35,5.48,5.40,1.18,1.47,1.95,4.00,1.44,2.63,Voith-Arena (Heidenheim an der Brenz)
1730489400,Nov 01 2024 - 7:30pm,complete,N/A,Bayer Leverkusen,Stuttgart,Daniel Siebert,9,1.75,1.00,2.13,1.40,0,0,0,0,0,0,"","",10,2,3,0,4,0,2,1,0,4,20,6,6,2,9,2,13,14,52,48,2.41,1.12,1.87,0.60,4.38,88,100,100,88,25,88,88,75,100,13.75,4.50,1.53,4.80,5.25,1.10,1.34,1.83,3.10,1.44,2.63,BayArena (Leverkusen)
1730557800,Nov 02 2024 - 2:30pm,complete,75000,Bayern München,Union Berlin,Matthias Jöllenbeck,9,2.33,1.25,2.56,1.00,3,0,3,2,2,0,"15,43,51","",7,4,0,0,2,0,0,0,1,1,17,9,8,2,4,3,2,9,78,22,1.82,1.18,1.88,0.64,1.96,29,75,17,17,0,17,46,29,71,10.25,2.67,1.18,6.20,11.00,1.11,1.38,2.03,3.25,2.00,1.75,Allianz Arena (München)
1730557800,Nov 02 2024 - 2:30pm,complete,N/A,Eintracht Frankfurt,Bochum,Daniel Schlager,9,2.33,0.00,2.06,0.40,7,2,9,5,4,1,"9,18,20,32,61,66,69","35,51",5,2,1,0,2,0,0,1,1,1,19,12,10,9,3,3,6,15,65,35,1.42,1.14,2.10,1.94,3.75,71,88,71,59,29,46,88,71,100,5.75,2.42,1.30,5.15,7.50,1.10,1.37,1.97,3.10,1.62,2.20,Deutsche Bank Park (Frankfurt am Main)
1730557800,Nov 02 2024 - 2:30pm,complete,26199,Hoffenheim,St. Pauli,Sascha Stegemann,9,1.50,0.75,1.06,1.06,0,2,2,1,0,1,"","20,90'3",7,2,0,0,1,0,0,0,0,1,14,9,7,4,4,2,10,10,68,32,1.67,0.93,1.71,0.87,4.00,75,88,88,63,38,50,88,63,88,8.00,4.50,1.82,3.73,3.55,1.20,1.55,2.40,4.50,1.57,2.25,PreZero Arena (Sinsheim)
1730557800,Nov 02 2024 - 2:30pm,complete,22654,Wolfsburg,Augsburg,Felix Brych,9,0.25,0.00,0.94,1.25,1,1,2,1,0,1,"82","34",8,1,1,0,3,0,0,1,0,3,19,4,7,2,5,2,7,14,70,30,1.14,1.11,1.69,0.57,4.25,67,100,100,88,25,75,100,84,100,7.75,5.08,1.97,3.57,3.20,1.20,1.62,2.60,4.50,1.57,2.25,Volkswagen Arena (Wolfsburg)
1730557800,Nov 02 2024 - 2:30pm,complete,N/A,Holstein Kiel,Heidenheim,Frank Willenborg,N/A,0.00,1.50,0.88,0.94,1,0,1,1,1,0,"28","",5,6,4,0,5,0,2,2,2,3,12,19,7,6,4,9,16,14,46,54,1.15,1.27,1.46,1.74,4.00,50,100,50,50,50,63,88,63,88,6.50,5.25,2.42,3.40,2.55,1.25,1.61,2.90,5.50,1.62,2.20,N/A
1730568600,Nov 02 2024 - 5:30pm,complete,N/A,Borussia Dortmund,RB Leipzig,Tobias Stieler,9,3.00,2.50,2.00,1.25,2,1,3,2,1,1,"30,65","27",4,0,3,0,4,0,2,1,3,1,20,8,8,4,5,1,11,12,56,44,1.88,1.20,1.80,0.80,3.13,50,75,50,38,38,50,63,63,75,10.25,3.25,2.00,3.69,3.19,1.15,1.45,2.17,3.60,1.40,2.75,SIGNAL IDUNA PARK (Dortmund)
1730644200,Nov 03 2024 - 2:30pm,complete,N/A,Freiburg,Mainz 05,Benjamin Brand,9,2.25,2.33,1.93,1.44,0,0,0,0,0,0,"","",8,4,1,0,2,0,0,1,1,1,11,10,3,3,3,5,9,12,51,49,1.64,1.01,0.90,0.93,4.09,71,100,100,59,34,88,100,59,100,6.67,4.83,1.77,3.90,4.20,1.22,1.66,2.80,5.00,1.70,2.05,Europa-Park Stadion (Freiburg im Breisgau)
1730651400,Nov 03 2024 - 4:30pm,complete,N/A,Borussia M'gladbach,Werder Bremen,Bastian Dankert,N/A,1.50,2.50,1.53,1.73,4,1,5,3,3,0,"11,12,45,66","75",7,7,1,0,3,1,0,1,2,2,17,16,9,6,7,5,12,10,47,53,1.57,1.48,1.96,1.52,4.38,88,88,88,75,50,88,88,50,100,8.00,4.25,1.97,4.17,3.72,1.15,1.44,2.26,3.75,1.44,2.63,N/A
1731094200,Nov 08 2024 - 7:30pm,complete,N/A,Union Berlin,Freiburg,Tobias Reichel,10,2.50,1.50,1.40,1.38,0,0,0,0,0,0,"","",4,1,2,0,0,0,1,1,0,0,14,15,7,5,3,7,11,8,40,60,1.30,1.37,1.56,1.36,2.38,50,75,50,13,0,25,75,25,88,9.50,4.75,1.68,4.20,3.65,1.40,2.05,4.00,8.00,1.95,1.80,Stadion An der Alten Försterei (Berlin)
1731162600,Nov 09 2024 - 2:30pm,complete,N/A,Werder Bremen,Holstein Kiel,Sören Storks,N/A,0.50,0.50,1.25,0.53,2,1,3,1,1,0,"36,89","48",6,3,3,0,2,0,2,1,0,2,17,13,6,6,7,3,10,19,61,39,0.97,1.24,1.64,1.11,3.25,63,75,75,63,25,50,75,50,88,8.75,4.00,1.50,4.50,5.50,1.14,1.43,2.15,3.60,1.53,2.38,N/A
1731162600,Nov 09 2024 - 2:30pm,complete,N/A,Mainz 05,Borussia Dortmund,Florian Badstübner,10,0.40,0.25,1.60,1.13,3,1,4,3,2,1,"36,45'3,54","40",8,0,3,0,1,1,2,1,2,0,15,3,10,2,4,1,17,5,52,48,1.34,1.10,2.00,0.57,2.60,68,88,48,13,13,58,68,33,78,10.90,6.65,3.25,3.70,2.00,1.18,1.57,2.20,4.33,1.50,2.50,MEWA ARENA (Mainz)
1731162600,Nov 09 2024 - 2:30pm,complete,N/A,Bochum,Bayer Leverkusen,Robert Hartmann,10,0.25,2.00,0.81,2.20,1,1,2,1,0,1,"89","18",6,4,0,0,1,0,0,0,0,1,16,12,4,4,6,4,10,9,29,71,1.27,1.72,1.10,1.26,3.88,75,100,75,75,38,75,88,75,88,9.00,3.25,9.50,6.00,1.22,1.08,1.28,1.77,2.70,1.62,2.20,Vonovia Ruhrstadion (Bochum)
1731162600,Nov 09 2024 - 2:30pm,complete,N/A,St. Pauli,Bayern München,Timo Gerach,10,0.50,2.60,0.93,2.27,0,1,1,1,0,1,"","22",5,10,2,0,2,0,0,2,0,2,4,14,0,7,3,4,10,7,25,75,1.49,2.32,0.32,1.57,3.43,30,75,63,50,50,53,63,63,75,11.60,2.80,11.00,6.50,1.18,1.12,1.38,2.05,3.40,1.80,1.95,Millerntor-Stadion (Hamburg)
1731173400,Nov 09 2024 - 5:30pm,complete,N/A,RB Leipzig,Borussia M'gladbach,Christian Dingert,10,2.50,1.00,1.93,1.31,0,0,0,0,0,0,"","",8,4,2,0,2,0,0,2,2,0,13,15,6,5,4,4,14,7,62,38,1.44,1.51,1.59,1.17,2.25,38,75,38,25,0,13,50,63,88,11.00,3.75,1.51,5.19,6.17,1.12,1.45,2.04,3.30,1.50,2.50,Red Bull Arena (Leipzig)
1731249000,Nov 10 2024 - 2:30pm,complete,28300,Augsburg,Hoffenheim,Martin Petersen,10,2.00,0.50,1.53,0.87,0,0,0,0,0,0,"","",10,6,2,0,3,0,0,2,2,1,17,12,5,3,5,4,16,7,44,56,1.80,1.12,1.32,1.04,3.03,88,88,75,43,10,55,78,43,88,11.05,6.40,1.64,3.73,4.32,1.18,1.52,2.30,4.00,1.50,2.50,WWK Arena (Augsburg)
1731256200,Nov 10 2024 - 4:30pm,complete,60000,Stuttgart,Eintracht Frankfurt,Felix Zwayer,10,2.00,1.40,1.25,1.47,2,3,5,1,0,1,"86,90","45,55,62",8,3,2,0,2,0,0,2,1,1,24,10,13,6,5,3,10,15,60,40,2.13,1.36,2.41,1.22,3.73,90,100,68,35,35,45,90,68,100,14.60,4.25,1.80,4.10,3.80,1.14,1.44,2.06,3.60,1.44,2.63,MHPArena (Stuttgart)
1731263400,Nov 10 2024 - 6:30pm,complete,15000,Heidenheim,Wolfsburg,Harm Osmers,10,1.00,1.75,0.67,1.60,1,3,4,2,0,2,"64","3,42,90",5,5,1,0,6,0,1,0,0,6,20,15,5,7,7,3,9,23,65,35,1.38,1.30,1.58,1.38,2.63,25,63,50,38,13,50,50,50,63,9.75,6.00,2.87,3.25,2.57,1.30,1.87,3.30,6.50,1.70,2.05,Voith-Arena (Heidenheim an der Brenz)
1732303800,Nov 22 2024 - 7:30pm,complete,N/A,Bayern München,Augsburg,Daniel Schlager,11,2.50,0.25,2.56,1.25,3,0,3,0,0,0,"63,90'3,90'5","",8,0,0,0,1,1,0,0,0,2,22,2,11,2,11,0,9,7,72,28,1.83,0.97,2.88,0.38,3.13,38,100,63,50,0,63,88,38,88,9.50,3.00,1.10,11.00,21.00,1.06,1.25,1.67,2.30,1.95,1.80,Allianz Arena (München)
1732372200,Nov 23 2024 - 2:30pm,complete,N/A,Bayer Leverkusen,Heidenheim,Bastian Dankert,11,1.60,1.20,2.13,0.94,5,2,7,4,2,2,"30,32,52,71,82","10,21",6,0,0,0,0,0,0,0,0,0,21,7,11,4,5,3,8,11,79,21,2.30,1.36,2.35,0.88,3.50,60,80,60,50,40,60,80,50,80,14.40,6.60,1.20,5.38,10.25,1.12,1.36,1.91,3.30,1.95,1.80,BayArena (Leverkusen)
1732372200,Nov 23 2024 - 2:30pm,complete,59000,Stuttgart,Bochum,Benjamin Brand,N/A,1.60,0.00,1.25,0.40,2,0,2,0,0,0,"53,78","",7,4,2,0,3,0,1,1,1,2,16,10,6,3,8,6,7,16,58,42,2.18,1.30,1.67,1.00,4.50,90,90,80,60,50,40,90,80,100,11.40,4.00,1.09,8.09,14.19,1.09,1.33,1.73,2.80,1.57,2.25,MHPArena (Stuttgart)
1732372200,Nov 23 2024 - 2:30pm,complete,N/A,Borussia Dortmund,Freiburg,Felix Brych,11,3.00,1.40,2.00,1.38,4,0,4,2,2,0,"7,40,66,77","",7,0,1,0,1,2,0,1,0,3,20,8,8,4,12,4,10,3,59,41,1.86,1.37,2.25,0.93,3.00,50,80,60,30,20,30,60,60,90,11.80,2.60,1.23,5.58,8.36,1.18,1.55,2.25,4.20,1.62,2.20,SIGNAL IDUNA PARK (Dortmund)
1732372200,Nov 23 2024 - 2:30pm,complete,N/A,Hoffenheim,RB Leipzig,Frank Willenborg,11,1.20,2.00,1.06,1.25,4,3,7,3,1,2,"17,50,82,86","15,19,67",4,3,2,0,1,0,0,2,0,1,21,15,8,7,13,8,14,12,61,39,1.68,1.12,2.20,1.72,3.40,60,80,60,50,40,60,80,40,80,6.60,4.20,1.94,3.74,3.06,1.17,1.50,2.06,4.00,1.44,2.63,PreZero Arena (Sinsheim)
1732372200,Nov 23 2024 - 2:30pm,complete,N/A,Wolfsburg,Union Berlin,Tobias Stieler,11,0.40,1.00,0.94,1.00,1,0,1,0,0,0,"71","",8,5,1,0,2,0,1,0,1,1,11,12,6,5,5,7,7,13,55,45,1.25,1.07,1.49,1.44,2.80,60,80,50,30,20,30,70,50,90,8.80,4.40,4.49,4.23,1.54,1.36,2.07,2.18,7.50,1.91,1.91,Volkswagen Arena (Wolfsburg)
1732383000,Nov 23 2024 - 5:30pm,complete,N/A,Eintracht Frankfurt,Werder Bremen,Florian Badstübner,11,2.50,2.00,2.06,1.73,1,0,1,1,1,0,"45","",5,6,2,0,2,0,0,2,1,1,16,9,6,2,3,4,15,9,50,50,1.59,1.49,1.36,0.83,5.13,88,100,88,78,55,88,100,58,100,8.10,3.15,1.53,4.03,4.48,1.15,1.50,2.12,3.75,1.50,2.50,Deutsche Bank Park (Frankfurt am Main)
1732458600,Nov 24 2024 - 2:30pm,complete,14906,Holstein Kiel,Mainz 05,Sascha Stegemann,11,0.60,2.00,0.88,1.44,0,3,3,2,0,2,"","11,37,53",2,6,1,0,0,0,0,1,0,0,8,19,3,8,3,5,11,7,38,62,1.21,0.99,0.73,1.74,3.55,45,78,58,45,45,68,88,45,68,6.05,5.20,2.98,3.55,2.15,1.25,1.75,2.20,5.50,1.62,2.20,Holstein-Stadion (Kiel)
1732465800,Nov 24 2024 - 4:30pm,complete,N/A,Borussia M'gladbach,St. Pauli,Robin Braun,11,1.80,1.20,1.53,1.06,2,0,2,2,2,0,"13,44","",5,4,1,0,0,0,0,1,0,0,16,16,5,4,11,12,7,8,49,51,1.65,0.92,1.62,1.78,3.30,60,80,70,50,30,50,80,60,90,7.80,3.80,1.84,3.26,3.63,1.25,1.71,3.00,5.50,1.70,2.05,BORUSSIA-PARK (Mönchengladbach)
1732908600,Nov 29 2024 - 7:30pm,complete,N/A,St. Pauli,Holstein Kiel,Felix Zwayer,12,0.40,0.40,0.93,0.53,3,1,4,1,1,0,"25,56,85","90'1",4,4,2,0,5,0,1,1,4,1,13,11,5,4,3,5,10,11,48,52,1.26,1.21,1.16,1.03,2.50,50,70,60,30,10,40,70,40,70,8.60,4.00,1.75,3.58,4.00,1.28,1.61,3.20,6.00,1.75,2.00,Millerntor-Stadion (Hamburg)
1732977000,Nov 30 2024 - 2:30pm,complete,N/A,RB Leipzig,Wolfsburg,Martin Petersen,12,2.20,2.00,1.93,1.60,1,5,6,3,0,3,"82","4,5,16,64,90'1",7,3,2,0,1,0,1,1,0,1,10,15,5,9,3,3,11,6,62,38,1.47,1.32,1.19,1.53,2.60,40,60,50,50,10,50,60,50,60,12.00,7.00,1.46,4.75,6.50,1.19,1.57,2.55,4.50,1.62,2.20,Red Bull Arena (Leipzig)
1732977000,Nov 30 2024 - 2:30pm,complete,N/A,Werder Bremen,Stuttgart,Harm Osmers,12,1.00,1.00,1.25,1.40,2,2,4,2,1,1,"6,77","20,85",11,2,1,0,1,0,0,1,0,1,21,11,7,5,10,4,8,13,43,57,1.10,1.02,1.93,1.24,2.90,50,70,70,60,10,40,60,70,80,7.00,3.60,2.90,4.00,2.15,1.16,1.48,2.05,4.00,1.44,2.63,Weserstadion (Bremen)
1732977000,Nov 30 2024 - 2:30pm,complete,N/A,Freiburg,Borussia M'gladbach,Robert Hartmann,12,2.00,1.00,1.93,1.31,3,1,4,1,1,0,"41,49,62","61",4,6,1,0,1,0,0,1,0,1,19,16,9,5,3,5,5,14,48,52,1.49,1.44,1.62,1.37,2.30,50,80,50,20,0,30,60,50,80,10.00,3.20,1.83,3.90,3.90,1.22,1.55,2.80,5.00,1.62,2.20,Europa-Park Stadion (Freiburg im Breisgau)
1732977000,Nov 30 2024 - 2:30pm,complete,29556,Augsburg,Bochum,Tobias Reichel,12,1.83,0.00,1.53,0.40,1,0,1,1,1,0,"38","",6,1,3,0,3,0,2,1,0,3,17,8,5,2,7,5,8,22,53,47,1.72,1.25,1.50,0.83,3.67,75,83,75,50,25,42,67,67,92,10.16,5.17,1.82,4.20,3.70,1.22,1.68,1.95,5.00,1.70,2.05,WWK Arena (Augsburg)
1732977000,Nov 30 2024 - 2:30pm,complete,N/A,Union Berlin,Bayer Leverkusen,Christian Dingert,N/A,2.20,1.80,1.40,2.20,1,2,3,2,1,1,"29","2,71",1,3,4,0,2,0,1,3,1,1,9,9,3,4,4,4,18,11,38,62,1.35,1.63,0.86,1.18,2.70,80,80,50,30,20,50,90,30,70,9.40,4.80,4.60,4.40,1.63,1.28,1.73,2.30,6.00,1.75,2.00,Stadion An der Alten Försterei (Berlin)
1732987800,Nov 30 2024 - 5:30pm,complete,N/A,Borussia Dortmund,Bayern München,Sven Jablonski,12,3.00,2.67,2.00,2.27,1,1,2,1,1,0,"27","85",2,3,2,0,2,0,0,2,0,2,8,15,3,6,1,3,11,7,33,67,1.93,2.19,0.64,1.49,4.42,59,92,83,67,58,67,92,83,92,15.33,3.50,3.57,3.88,1.77,1.10,1.33,2.11,3.00,1.40,2.75,SIGNAL IDUNA PARK (Dortmund)
1733063400,Dec 01 2024 - 2:30pm,complete,30400,Mainz 05,Hoffenheim,Daniel Siebert,12,0.83,0.60,1.60,0.87,2,0,2,2,2,0,"4,24","",8,3,1,0,3,0,1,0,2,1,19,11,9,3,4,5,13,12,52,48,1.45,1.11,1.89,1.00,2.15,64,80,37,19,0,45,64,27,72,11.27,5.50,1.95,3.78,3.50,1.14,1.65,2.30,4.20,1.53,2.38,MEWA ARENA (Mainz)
1733070600,Dec 01 2024 - 4:30pm,complete,15000,Heidenheim,Eintracht Frankfurt,Florian Exner,12,0.80,1.67,0.67,1.47,0,4,4,1,0,1,"","22,49,58,90'4",6,5,0,0,2,0,0,0,1,1,10,16,2,9,5,5,7,9,46,54,1.42,1.34,0.89,1.82,2.95,52,80,64,37,17,37,62,64,90,9.77,3.20,3.30,3.60,2.05,1.26,1.73,2.05,5.50,1.67,2.10,Voith-Arena (Heidenheim an der Brenz)
1733513400,Dec 06 2024 - 7:30pm,complete,59000,Stuttgart,Union Berlin,Tobias Welz,13,1.83,0.83,1.25,1.00,3,2,5,1,0,1,"51,59,69","37,48",1,6,1,0,6,0,1,0,1,5,8,15,6,4,2,7,14,19,64,36,2.10,1.14,1.24,1.24,2.75,50,75,42,25,25,25,58,50,92,13.50,4.17,1.63,4.04,5.25,1.28,1.81,3.20,6.00,1.80,1.95,MHPArena (Stuttgart)
1733581800,Dec 07 2024 - 2:30pm,complete,30210,Bayer Leverkusen,St. Pauli,Matthias Jöllenbeck,13,1.83,1.00,2.13,1.06,2,1,3,2,2,0,"6,21","84",7,4,1,0,3,0,1,0,1,2,8,13,4,5,2,6,8,10,63,37,2.31,1.06,1.04,1.38,3.42,58,83,67,42,25,58,83,42,75,13.33,3.83,1.18,6.50,13.00,1.15,1.46,2.25,4.00,2.00,1.75,BayArena (Leverkusen)
1733581800,Dec 07 2024 - 2:30pm,complete,75000,Bayern München,Heidenheim,Sören Storks,13,2.60,1.00,2.56,0.94,4,2,6,1,1,0,"18,56,84,90'1","50,85",8,0,1,0,0,0,0,1,0,0,22,3,11,3,9,0,4,5,83,17,2.04,1.28,2.67,0.46,3.32,35,92,55,35,25,45,72,54,82,9.00,3.57,1.06,11.00,26.00,1.07,1.28,1.56,2.65,2.00,1.75,Allianz Arena (München)
1733581800,Dec 07 2024 - 2:30pm,complete,57000,Eintracht Frankfurt,Augsburg,Bastian Dankert,13,2.60,0.20,2.06,1.25,2,2,4,0,0,0,"55,74","60,71",4,0,2,0,2,0,1,1,1,1,17,9,5,4,6,4,17,9,67,33,1.55,0.85,1.52,0.97,3.90,50,90,70,60,20,60,90,60,90,7.00,3.40,1.60,4.10,5.00,1.20,1.63,1.85,4.75,1.70,2.05,Deutsche Bank Park (Frankfurt am Main)
1733581800,Dec 07 2024 - 2:30pm,complete,26000,Bochum,Werder Bremen,Felix Brych,13,0.40,1.67,0.81,1.73,0,1,1,0,0,0,"","56",9,5,1,0,1,0,1,0,1,0,13,10,3,2,7,4,12,10,52,48,1.23,1.38,1.23,0.69,3.87,72,92,72,64,35,72,90,47,92,8.83,3.73,2.80,3.50,2.30,1.19,1.57,2.15,4.33,1.50,2.50,Vonovia Ruhrstadion (Bochum)
1733581800,Dec 07 2024 - 2:30pm,complete,N/A,Holstein Kiel,RB Leipzig,Florian Badstübner,13,0.50,1.67,0.88,1.25,0,2,2,1,0,1,"","27,69",6,1,4,0,3,0,1,3,0,3,18,10,6,6,6,1,11,13,56,44,1.13,1.22,1.52,1.06,3.25,42,75,50,33,33,67,84,33,67,5.33,4.00,5.00,4.33,1.57,1.16,1.50,2.25,4.00,1.53,2.38,Holstein-Stadion (Kiel)
1733592600,Dec 07 2024 - 5:30pm,complete,N/A,Borussia M'gladbach,Borussia Dortmund,Tobias Stieler,13,2.00,0.20,1.53,1.13,1,1,2,0,0,0,"71","65",7,4,2,1,2,0,1,2,0,2,10,17,4,4,4,8,16,11,40,60,1.64,0.99,1.03,1.47,3.44,74,82,74,54,35,82,82,44,82,8.27,5.83,3.27,4.00,2.12,1.15,1.44,1.97,3.75,1.40,2.75,BORUSSIA-PARK (Mönchengladbach)
1733668200,Dec 08 2024 - 2:30pm,complete,20036,Wolfsburg,Mainz 05,Timo Gerach,13,0.83,2.20,0.94,1.44,4,3,7,3,1,2,"19,57,83,90'4","11,39,66",3,5,3,0,4,0,2,1,2,2,11,14,6,6,3,6,10,15,44,56,1.29,1.14,1.20,1.61,3.45,62,82,74,45,37,57,82,54,90,7.50,4.57,1.93,3.30,3.20,1.30,1.73,3.25,6.50,1.67,2.10,Volkswagen Arena (Wolfsburg)
1733675400,Dec 08 2024 - 4:30pm,complete,N/A,Hoffenheim,Freiburg,Sven Jablonski,13,1.50,1.17,1.06,1.38,1,1,2,0,0,0,"73","68",6,1,1,0,1,0,0,1,1,0,16,12,6,5,10,7,9,7,50,50,1.77,1.30,1.71,1.40,3.67,50,84,67,58,34,42,75,59,92,8.50,3.33,2.50,3.50,2.62,1.22,1.65,2.32,5.00,1.53,2.38,PreZero Arena (Sinsheim)
1734118200,Dec 13 2024 - 7:30pm,complete,32600,Freiburg,Wolfsburg,Sascha Stegemann,14,2.17,2.17,1.93,1.60,3,2,5,1,1,0,"42,51,61","75,83",5,6,4,0,1,0,2,2,0,1,20,21,11,6,4,10,11,3,53,47,1.52,1.35,2.04,1.78,3.42,67,83,75,59,17,67,83,59,75,10.16,5.66,2.05,3.90,3.30,1.28,1.70,3.10,6.00,1.70,2.05,Europa-Park Stadion (Freiburg im Breisgau)
1734186600,Dec 14 2024 - 2:30pm,complete,N/A,Augsburg,Bayer Leverkusen,Felix Zwayer,N/A,2.00,2.00,1.53,2.20,0,2,2,2,0,2,"","14,40",4,9,3,0,0,0,2,1,0,0,9,15,5,4,3,6,12,5,34,66,1.69,1.55,1.13,1.23,3.18,86,86,69,47,24,55,86,47,77,11.97,4.64,5.00,4.20,1.60,1.20,1.64,2.30,4.75,1.70,2.05,N/A
1734186600,Dec 14 2024 - 2:30pm,complete,N/A,Mainz 05,Bayern München,Frank Willenborg,14,1.14,2.43,1.60,2.27,2,1,3,1,1,0,"41,60","87",3,2,3,0,2,0,0,3,0,2,9,14,5,2,4,6,21,12,31,69,1.51,2.09,1.23,1.04,3.43,57,93,50,43,36,57,86,50,79,14.15,4.15,7.50,5.00,1.36,1.18,1.53,2.06,4.20,1.67,2.10,MEWA ARENA (Mainz)
1734186600,Dec 14 2024 - 2:30pm,complete,N/A,Borussia M'gladbach,Holstein Kiel,Daniel Schlager,14,1.86,0.33,1.53,0.53,4,1,5,4,3,1,"1,26,43,79","30",5,2,1,0,1,0,0,1,0,1,19,13,8,4,9,3,10,14,57,43,1.56,1.18,1.87,0.92,3.63,86,93,79,62,30,61,86,69,93,9.33,5.17,1.50,4.50,6.00,1.15,1.60,2.23,3.75,1.57,2.25,BORUSSIA-PARK (Mönchengladbach)
1734186600,Dec 14 2024 - 2:30pm,complete,N/A,Union Berlin,Bochum,Martin Petersen,N/A,1.83,0.00,1.40,0.40,1,1,2,2,1,1,"33","23",7,6,2,0,2,1,1,1,1,2,23,14,5,4,14,4,11,9,70,30,1.27,1.19,2.26,1.01,2.86,62,69,54,22,15,40,77,36,77,6.24,5.64,1.55,3.90,6.00,1.30,1.73,3.30,6.50,1.95,1.80,N/A
1734197400,Dec 14 2024 - 5:30pm,complete,N/A,St. Pauli,Werder Bremen,Robert Hartmann,N/A,0.83,1.86,0.93,1.73,0,2,2,1,0,1,"","24,54",4,5,2,0,3,0,0,2,3,0,16,9,5,5,5,2,10,9,57,43,1.24,1.28,1.37,1.00,2.77,44,61,52,37,22,44,68,31,68,9.03,3.47,2.53,3.30,2.61,1.30,1.67,3.25,6.50,1.70,2.05,Millerntor-Stadion (Hamburg)
1734273000,Dec 15 2024 - 2:30pm,complete,15000,Heidenheim,Stuttgart,Christian Dingert,14,0.67,1.00,0.67,1.40,1,3,4,3,1,2,"41","20,45'2,85",9,6,4,0,3,0,1,3,2,1,10,19,3,8,3,4,25,13,34,66,1.33,1.05,0.93,1.73,3.00,42,75,75,67,0,50,59,75,83,7.33,3.00,3.50,3.50,1.90,1.22,1.65,2.80,5.00,1.67,2.10,Voith-Arena (Heidenheim an der Brenz)
1734280200,Dec 15 2024 - 4:30pm,complete,N/A,Borussia Dortmund,Hoffenheim,Harm Osmers,14,2.71,0.50,2.00,0.87,1,1,2,0,0,0,"46","90'1",3,9,5,0,2,0,2,3,1,1,7,13,3,2,3,9,9,10,54,46,1.74,1.09,0.83,1.24,2.77,61,84,52,30,15,54,77,44,75,10.90,4.71,1.40,4.70,5.60,1.12,1.38,1.98,3.30,1.57,2.25,SIGNAL IDUNA PARK (Dortmund)
1734287400,Dec 15 2024 - 6:30pm,complete,N/A,RB Leipzig,Eintracht Frankfurt,Benjamin Brand,14,1.83,1.86,1.93,1.47,2,1,3,2,1,1,"19,51","40",6,7,1,0,3,0,0,1,0,3,20,17,10,4,5,8,15,10,43,57,1.42,1.41,1.87,1.29,3.04,52,75,61,47,23,31,68,61,84,11.97,4.00,2.17,3.50,2.80,1.18,1.55,2.22,4.20,1.50,2.50,Red Bull Arena (Leipzig)
1734723000,Dec 20 2024 - 7:30pm,complete,75000,Bayern München,RB Leipzig,Daniel Siebert,15,2.67,1.86,2.56,1.25,5,1,6,4,3,1,"1,25,36,75,78","2",8,1,5,0,2,0,1,4,1,1,23,5,10,2,8,2,9,10,71,29,2.15,1.20,2.47,0.54,3.10,38,86,55,31,23,45,69,40,77,8.04,2.64,1.50,5.00,5.25,1.10,1.33,2.00,3.00,1.62,2.20,Allianz Arena (München)
1734791400,Dec 21 2024 - 2:30pm,complete,60000,Stuttgart,St. Pauli,Felix Brych,15,2.00,0.86,1.25,1.06,0,1,1,1,0,1,"","21",9,1,2,0,2,0,0,2,1,1,26,12,6,6,7,5,10,11,73,27,1.98,1.11,1.86,1.30,3.36,65,93,64,36,29,36,86,58,86,10.86,3.71,1.40,4.89,5.18,1.20,1.65,2.70,5.00,1.80,1.95,MHPArena (Stuttgart)
1734791400,Dec 21 2024 - 2:30pm,complete,N/A,Eintracht Frankfurt,Mainz 05,Florian Badstübner,15,2.33,1.83,2.06,1.44,1,3,4,2,0,2,"75","15,27,58",17,2,1,0,1,1,0,1,2,0,36,10,11,4,16,2,11,10,71,29,1.54,1.22,3.18,0.87,4.17,59,83,75,59,42,67,83,59,83,7.16,3.84,1.39,5.18,5.10,1.22,1.65,2.26,5.00,1.62,2.20,Deutsche Bank Park (Frankfurt am Main)
1734791400,Dec 21 2024 - 2:30pm,complete,N/A,Hoffenheim,Borussia M'gladbach,Bastian Dankert,15,1.43,0.83,1.06,1.31,1,2,3,1,0,1,"58","23,61",8,4,0,0,0,0,0,0,0,0,19,7,9,5,8,1,14,6,65,35,1.76,1.43,2.30,0.84,3.37,68,92,52,44,29,29,68,69,92,9.67,3.53,1.60,4.55,3.76,1.18,1.60,2.40,4.20,1.50,2.50,PreZero Arena (Sinsheim)
1734791400,Dec 21 2024 - 2:30pm,complete,N/A,Werder Bremen,Union Berlin,Florian Exner,N/A,1.00,0.71,1.25,1.00,4,1,5,4,3,1,"13,17,45,87","23",4,9,2,0,2,0,1,1,2,0,11,17,6,5,4,4,9,12,54,46,1.24,1.15,1.35,1.35,2.42,40,62,48,32,16,24,55,48,85,10.64,3.90,1.53,3.31,6.42,1.33,2.00,3.60,7.50,1.80,1.95,Weserstadion (Bremen)
1734791400,Dec 21 2024 - 2:30pm,complete,N/A,Holstein Kiel,Augsburg,Tobias Welz,15,0.43,0.33,0.88,1.25,5,1,6,5,4,1,"12,32,35,39,90'1","5",3,8,0,0,4,0,0,0,1,3,10,18,7,5,1,6,11,13,38,62,1.19,0.87,1.18,1.44,3.40,40,93,63,48,15,54,84,48,86,6.53,4.62,1.58,5.49,3.38,1.30,1.91,3.40,6.50,1.75,2.00,Holstein-Stadion (Kiel)
1734802200,Dec 21 2024 - 5:30pm,complete,N/A,Bayer Leverkusen,Freiburg,Tobias Stieler,15,2.00,1.14,2.13,1.38,5,1,6,1,1,0,"45'1,51,67,74,77","55",4,2,1,0,2,0,0,1,1,1,21,9,13,3,4,4,8,9,67,33,2.13,1.31,2.44,0.81,3.22,58,79,65,43,22,50,65,50,86,12.86,3.43,1.60,4.13,4.11,1.19,1.60,2.60,4.50,1.91,1.91,BayArena (Leverkusen)
1734877800,Dec 22 2024 - 2:30pm,complete,N/A,Bochum,Heidenheim,Sven Jablonski,15,0.33,0.86,0.81,0.94,2,0,2,2,2,0,"6,38","",5,2,2,0,7,0,1,1,2,5,15,11,5,3,5,3,18,15,51,49,1.23,1.16,1.34,0.88,3.57,54,85,54,54,37,47,77,61,93,7.40,4.04,2.46,3.61,2.85,1.25,1.65,2.90,5.50,1.62,2.20,Vonovia Ruhrstadion (Bochum)
1734885000,Dec 22 2024 - 4:30pm,complete,28917,Wolfsburg,Borussia Dortmund,Matthias Jöllenbeck,N/A,1.14,0.33,0.94,1.13,1,3,4,3,0,3,"58","25,28,30",10,4,3,0,2,1,0,3,0,3,15,13,6,5,2,6,8,8,50,50,1.28,1.07,1.43,1.35,3.50,85,85,69,45,30,55,77,52,92,7.96,5.96,3.15,3.73,2.23,1.19,1.60,2.43,4.33,1.50,2.50,Volkswagen Arena (Wolfsburg)
1736538300,Jan 10 2025 - 7:45pm,complete,N/A,Borussia Dortmund,Bayer Leverkusen,Tobias Stieler,16,2.50,2.14,2.00,2.20,2,3,5,4,1,3,"12,79","1,8,19",6,1,1,0,2,0,0,1,1,1,13,8,6,6,3,2,8,6,70,30,1.63,1.51,1.32,1.13,3.40,81,100,60,41,27,61,88,59,86,11.56,3.42,2.70,3.40,2.50,1.18,1.60,2.37,4.20,1.50,2.50,SIGNAL IDUNA PARK (Dortmund)
1736605800,Jan 11 2025 - 2:30pm,complete,N/A,Hoffenheim,Wolfsburg,Christian Dingert,16,1.25,1.86,1.06,1.60,0,1,1,1,0,1,"","29",4,8,1,0,2,0,0,1,1,1,16,13,3,4,4,6,15,14,54,46,1.83,1.41,1.02,1.27,4.19,80,93,73,67,47,61,87,73,86,10.38,5.49,2.30,3.70,2.80,1.19,1.58,2.40,4.33,1.50,2.50,PreZero Arena (Sinsheim)
1736605800,Jan 11 2025 - 2:30pm,complete,15000,Heidenheim,Union Berlin,Robert Hartmann,16,0.57,0.63,0.67,1.00,2,0,2,1,1,0,"17,83","",5,4,0,0,1,1,0,0,1,1,17,11,10,7,5,2,8,10,58,42,1.27,1.18,2.12,1.24,2.62,34,67,55,41,13,34,54,41,87,11.06,3.93,2.75,3.25,2.55,1.33,2.00,3.60,7.00,1.80,1.95,Voith-Arena (Heidenheim an der Brenz)
1736605800,Jan 11 2025 - 2:30pm,complete,N/A,Freiburg,Holstein Kiel,Sören Storks,16,2.29,0.29,1.93,0.53,3,2,5,2,2,0,"23,38,74","85,90",7,1,2,0,3,0,0,2,2,1,15,15,6,8,4,3,9,12,51,49,1.59,1.14,1.35,1.50,3.65,86,93,93,64,22,50,93,57,93,9.29,4.57,1.36,5.00,8.25,1.18,1.54,2.30,4.33,1.80,1.95,Europa-Park Stadion (Freiburg im Breisgau)
1736605800,Jan 11 2025 - 2:30pm,complete,N/A,Mainz 05,Bochum,Benjamin Brand,16,1.38,0.13,1.60,0.40,2,0,2,1,1,0,"23,69","",5,6,0,0,2,0,0,0,2,0,11,12,6,3,4,3,6,16,58,42,1.48,1.17,1.34,0.85,3.00,63,88,44,26,13,44,75,51,75,9.38,4.76,1.46,4.75,6.25,1.22,1.55,2.38,5.00,1.80,1.95,MEWA ARENA (Mainz)
1736605800,Jan 11 2025 - 2:30pm,complete,29500,St. Pauli,Eintracht Frankfurt,Harm Osmers,16,0.71,1.63,0.93,1.47,0,1,1,1,0,1,"","32",3,3,0,0,3,0,0,0,1,2,19,15,5,7,9,6,8,7,43,57,1.26,1.39,1.68,1.58,2.61,45,79,52,26,13,26,73,46,79,9.52,3.56,3.30,3.60,2.10,1.26,1.71,3.00,5.50,1.67,2.10,Millerntor-Stadion (Hamburg)
1736616600,Jan 11 2025 - 5:30pm,complete,N/A,Borussia M'gladbach,Bayern München,Felix Zwayer,16,2.00,2.13,1.53,2.27,0,1,1,0,0,0,"","68",4,10,3,0,1,0,0,3,0,1,6,24,0,11,4,5,10,7,33,67,1.59,1.96,0.43,2.38,3.94,69,88,69,63,57,63,88,69,88,11.63,3.76,6.50,5.00,1.33,1.10,1.33,1.87,3.10,1.50,2.50,BORUSSIA-PARK (Mönchengladbach)
1736692200,Jan 12 2025 - 2:30pm,complete,47187,RB Leipzig,Werder Bremen,Tobias Reichel,16,2.00,2.00,1.93,1.73,4,2,6,3,2,1,"23,35,47,90","26,90'3",4,1,1,0,1,0,0,1,1,0,19,8,8,3,6,1,7,12,49,51,1.49,1.25,0.00,0.00,3.10,53,66,60,47,26,53,73,34,80,11.59,4.11,1.62,4.20,4.50,1.16,1.50,2.15,4.00,1.53,2.38,Red Bull Arena (Leipzig)
1736699400,Jan 12 2025 - 4:30pm,complete,N/A,Augsburg,Stuttgart,Daniel Schlager,16,1.75,1.29,1.53,1.40,0,1,1,0,0,0,"","65",3,9,5,0,1,0,2,3,0,1,9,17,3,6,6,8,11,14,42,58,1.62,1.15,1.09,1.76,3.09,67,81,75,62,7,61,73,55,75,9.75,5.27,3.20,3.60,2.10,1.24,1.61,2.85,5.00,1.62,2.20,WWK Arena (Augsburg)
1736875800,Jan 14 2025 - 5:30pm,complete,N/A,Holstein Kiel,Borussia Dortmund,Martin Petersen,17,0.75,0.71,0.88,1.13,4,2,6,3,3,0,"27,32,45'4,90'9","72,78",1,9,2,1,2,0,0,3,1,1,12,24,8,5,4,12,13,11,25,75,1.19,1.11,1.47,1.98,3.39,62,87,61,41,26,67,86,27,81,7.46,5.71,6.00,4.60,1.49,1.12,1.40,1.98,3.40,1.57,2.25,Holstein-Stadion (Kiel)
1736883000,Jan 14 2025 - 7:30pm,complete,N/A,Bayer Leverkusen,Mainz 05,Tobias Welz,17,2.13,2.00,2.13,1.44,1,0,1,0,0,0,"48","",8,4,2,0,3,0,0,2,1,2,30,9,10,5,11,3,4,14,67,33,2.17,1.17,2.49,0.98,4.19,73,87,87,60,47,81,87,54,87,12.02,4.71,1.40,4.80,7.25,1.18,1.57,2.20,4.33,1.75,2.00,BayArena (Leverkusen)
1736883000,Jan 14 2025 - 7:30pm,complete,N/A,Eintracht Frankfurt,Freiburg,Sven Jablonski,17,2.00,1.00,2.06,1.38,4,1,5,2,1,1,"43,65,71,81","37",8,1,1,0,1,0,0,1,1,0,30,9,9,6,15,2,8,11,65,35,1.77,1.25,2.54,1.14,3.52,55,81,61,55,21,35,68,67,87,8.84,2.52,1.73,4.00,4.33,1.19,1.57,2.10,4.33,1.62,2.20,Deutsche Bank Park (Frankfurt am Main)
1736883000,Jan 14 2025 - 7:30pm,complete,20519,Wolfsburg,Borussia M'gladbach,Florian Badstübner,17,1.00,1.14,0.94,1.31,5,1,6,1,1,0,"3,60,75,84,87","89",4,7,1,0,0,0,1,0,0,0,21,11,6,6,11,4,10,7,35,65,1.30,1.35,1.70,1.41,3.15,73,87,59,39,19,25,73,67,93,9.57,3.81,2.00,3.60,3.60,1.18,1.57,2.30,4.33,1.53,2.38,Volkswagen Arena (Wolfsburg)
1736962200,Jan 15 2025 - 5:30pm,complete,N/A,Bochum,St. Pauli,Daniel Siebert,17,0.71,1.13,0.81,1.06,1,0,1,0,0,0,"66","",6,7,1,0,3,1,1,0,0,4,13,18,2,3,8,11,7,15,51,49,1.25,1.13,1.01,1.45,2.62,41,81,47,28,7,48,80,34,75,7.99,3.18,2.32,3.12,2.63,1.36,1.90,3.75,7.50,1.75,2.00,Vonovia Ruhrstadion (Bochum)
1736969400,Jan 15 2025 - 7:30pm,complete,57500,Stuttgart,RB Leipzig,Sascha Stegemann,17,1.75,1.63,1.25,1.25,2,1,3,1,0,1,"50,60","10",5,0,2,0,5,2,1,1,2,5,17,9,7,4,8,3,10,19,58,42,1.96,1.12,1.85,0.97,3.50,63,82,57,44,44,44,82,57,82,9.26,4.13,1.95,3.58,2.96,1.15,1.44,2.08,3.60,1.44,2.63,MHPArena (Stuttgart)
1736969400,Jan 15 2025 - 7:30pm,complete,N/A,Bayern München,Hoffenheim,Timo Gerach,17,2.71,0.57,2.56,0.87,5,0,5,3,3,0,"6,12,26,48,66","",13,1,1,0,1,0,0,1,0,1,35,6,11,3,15,3,8,10,65,35,2.19,1.11,2.98,0.73,2.79,50,86,50,29,15,43,64,43,72,11.57,4.00,1.12,7.53,11.56,1.05,1.22,1.74,2.25,1.75,2.00,Allianz Arena (München)
1736969400,Jan 15 2025 - 7:30pm,complete,N/A,Werder Bremen,Heidenheim,Matthias Jöllenbeck,17,1.29,0.75,1.25,0.94,3,3,6,2,1,1,"1,56,79","30,61,90'5",4,2,6,0,3,0,0,6,1,2,16,17,6,6,7,9,10,15,52,48,1.26,1.13,1.62,1.69,3.51,54,80,61,54,40,47,80,60,81,7.79,4.68,1.49,3.98,4.84,1.20,1.60,2.00,4.75,1.67,2.10,Weserstadion (Bremen)
1736969400,Jan 15 2025 - 7:30pm,complete,21560,Union Berlin,Augsburg,Frank Willenborg,17,1.71,0.29,1.40,1.25,0,2,2,2,0,2,"","8,30",7,4,1,0,2,0,0,1,1,1,17,16,3,6,11,6,15,9,55,45,1.41,0.95,1.47,1.61,2.93,64,86,65,36,7,57,79,29,79,7.57,5.86,1.88,3.14,3.59,1.38,2.05,4.00,8.00,1.95,1.80,Stadion An der Alten Försterei (Berlin)
1737142200,Jan 17 2025 - 7:30pm,complete,N/A,Eintracht Frankfurt,Borussia Dortmund,Daniel Schlager,18,2.13,0.63,2.06,1.13,2,0,2,1,1,0,"18,90'2","",5,7,0,0,2,0,0,0,0,2,15,14,6,4,8,9,8,6,32,68,1.87,1.22,1.52,1.86,3.94,82,88,75,63,32,69,82,57,88,10.38,4.63,2.65,3.75,2.41,1.15,1.47,2.20,3.75,1.44,2.63,Deutsche Bank Park (Frankfurt am Main)
1737210600,Jan 18 2025 - 2:30pm,complete,60000,Stuttgart,Freiburg,Felix Zwayer,18,1.89,0.89,1.25,1.38,4,0,4,3,3,0,"2,17,45'5,80","",4,1,5,0,3,0,2,3,2,1,15,7,8,0,5,5,8,12,57,43,1.95,1.24,1.59,0.54,3.34,61,84,62,44,33,22,73,73,89,10.22,3.33,1.67,3.84,4.11,1.18,1.50,2.30,4.20,1.62,2.20,MHPArena (Stuttgart)
1737210600,Jan 18 2025 - 2:30pm,complete,75000,Bayern München,Wolfsburg,Tobias Reichel,18,2.75,2.00,2.56,1.60,3,2,5,3,2,1,"20,39,62","24,88",6,2,2,0,3,0,0,2,1,2,27,9,11,4,15,4,10,9,72,28,2.29,1.39,2.99,0.87,3.76,51,88,69,57,38,57,82,63,76,12.76,4.76,1.17,6.28,9.45,1.08,1.28,1.86,2.80,1.80,1.95,Allianz Arena (München)
1737210600,Jan 18 2025 - 2:30pm,complete,15000,Heidenheim,St. Pauli,Bastian Dankert,18,0.88,1.00,0.67,1.06,0,2,2,1,0,1,"","25,90'2",4,4,1,0,2,0,0,1,1,1,10,9,3,4,7,3,11,18,60,40,1.38,1.17,1.18,1.04,2.49,29,71,54,31,0,36,71,36,78,8.94,3.36,2.47,3.17,2.62,1.32,1.97,3.40,6.50,1.75,2.00,Voith-Arena (Heidenheim an der Brenz)
1737210600,Jan 18 2025 - 2:30pm,complete,24158,Bochum,RB Leipzig,Robert Hartmann,18,1.00,1.44,0.81,1.25,3,3,6,3,0,3,"48,56,61","10,13,21",6,3,4,0,0,0,2,2,0,0,15,12,4,4,6,7,14,7,45,55,1.22,1.10,1.32,1.33,2.93,47,77,47,36,23,53,71,41,83,6.44,4.05,3.99,3.73,1.64,1.18,1.65,2.33,4.20,1.57,2.25,Vonovia Ruhrstadion (Bochum)
1737210600,Jan 18 2025 - 2:30pm,complete,13923,Holstein Kiel,Hoffenheim,Felix Brych,18,1.00,0.50,0.88,0.87,1,3,4,2,0,2,"84","26,45'1,56",4,3,2,0,1,0,0,2,1,0,15,14,4,7,9,5,13,13,54,46,1.22,1.06,1.40,1.63,3.07,47,82,47,35,29,59,82,36,71,7.94,4.85,2.85,3.42,2.18,1.19,1.60,2.50,4.50,1.53,2.38,Holstein-Stadion (Kiel)
1737221400,Jan 18 2025 - 5:30pm,complete,N/A,Bayer Leverkusen,Borussia M'gladbach,Harm Osmers,18,2.22,1.00,2.13,1.31,3,1,4,1,1,0,"32,62,74","90'1",7,6,0,0,2,0,0,0,0,2,11,8,6,5,5,3,12,10,54,46,2.20,1.35,1.54,1.07,3.38,71,83,64,41,29,34,71,60,89,13.66,3.25,1.30,5.75,10.00,1.12,1.36,2.02,3.40,1.70,2.05,BayArena (Leverkusen)
1737297000,Jan 19 2025 - 2:30pm,complete,N/A,Union Berlin,Mainz 05,Florian Exner,18,1.50,1.75,1.40,1.44,2,1,3,3,2,1,"1,24","5",2,2,2,0,2,0,1,1,2,0,15,12,5,2,8,8,12,10,33,67,1.42,1.14,1.38,1.26,2.82,57,75,57,25,19,69,82,25,69,7.75,5.75,2.60,3.20,2.87,1.36,2.05,3.75,7.50,1.80,1.95,Stadion An der Alten Försterei (Berlin)
1737304200,Jan 19 2025 - 4:30pm,complete,N/A,Werder Bremen,Augsburg,Benjamin Brand,18,1.25,0.63,1.25,1.25,0,2,2,2,0,2,"","5,45'1",6,2,1,0,2,0,1,0,0,2,27,10,3,5,16,5,8,14,71,29,1.30,1.04,1.95,1.17,3.57,57,88,75,63,26,57,75,57,88,8.63,4.50,1.85,4.00,3.75,1.25,1.81,3.00,5.50,1.75,2.00,Weserstadion (Bremen)
1737747000,Jan 24 2025 - 7:30pm,complete,N/A,Wolfsburg,Holstein Kiel,Sven Jablonski,19,1.22,0.25,0.94,0.53,2,2,4,1,0,1,"50,53","13,80",10,3,2,0,4,0,0,2,1,3,29,8,6,3,17,3,9,10,70,30,1.34,1.19,2.43,0.72,4.18,95,95,89,71,41,54,95,65,100,8.52,5.10,1.49,4.80,6.50,1.19,1.57,2.30,4.50,1.75,2.00,Volkswagen Arena (Wolfsburg)
1737815400,Jan 25 2025 - 2:30pm,complete,46793,RB Leipzig,Bayer Leverkusen,Bastian Dankert,19,2.13,2.25,1.93,2.20,2,2,4,3,1,2,"41,84","18,36",7,3,2,0,2,0,0,2,2,0,8,14,4,8,2,4,12,6,66,34,1.49,1.46,1.19,1.55,3.25,69,82,63,50,32,63,82,44,75,11.26,3.13,3.60,3.80,1.95,1.18,1.57,2.30,4.33,1.53,2.38,Red Bull Arena (Leipzig)
1737815400,Jan 25 2025 - 2:30pm,complete,81365,Borussia Dortmund,Werder Bremen,Christian Dingert,19,2.22,1.78,2.00,1.73,2,2,4,1,1,0,"28,51","64,72",5,5,1,1,4,0,2,0,0,4,11,14,5,5,4,9,11,15,46,54,1.59,1.25,1.19,1.56,3.78,73,89,67,50,39,62,84,50,95,10.55,4.11,1.62,4.33,5.00,1.18,1.53,2.10,4.00,1.57,2.25,SIGNAL IDUNA PARK (Dortmund)
1737815400,Jan 25 2025 - 2:30pm,complete,34700,Freiburg,Bayern München,Daniel Siebert,19,2.38,2.22,1.93,2.27,1,2,3,1,0,1,"68","15,54",2,4,4,0,2,0,0,4,0,2,11,9,3,4,5,4,15,9,35,65,1.56,2.01,1.03,1.14,3.70,66,83,78,60,41,47,89,65,89,12.50,3.53,7.50,5.00,1.36,1.12,1.40,1.96,3.25,1.70,2.05,Europa-Park Stadion (Freiburg im Breisgau)
1737815400,Jan 25 2025 - 2:30pm,complete,30660,Augsburg,Heidenheim,Florian Badstübner,19,1.56,0.78,1.53,0.94,2,1,3,1,1,0,"45'1,90'2","76",6,4,1,0,0,0,0,1,0,0,12,12,7,7,4,5,8,9,60,40,1.56,1.19,1.51,1.53,3.34,56,78,56,45,34,50,78,50,73,8.77,6.55,1.95,3.50,3.80,1.30,1.80,3.40,6.50,1.75,2.00,WWK Arena (Augsburg)
1737815400,Jan 25 2025 - 2:30pm,complete,33000,Mainz 05,Stuttgart,Tobias Stieler,19,1.56,1.50,1.60,1.40,2,0,2,1,1,0,"29,86","",9,2,4,0,3,0,4,0,0,3,14,12,5,6,7,5,12,8,43,57,1.46,1.23,1.51,1.52,2.79,60,88,54,43,0,54,71,48,83,9.97,4.11,2.88,3.40,2.38,1.24,1.70,2.85,5.00,1.62,2.20,MEWA ARENA (Mainz)
1737826200,Jan 25 2025 - 5:30pm,complete,N/A,Borussia M'gladbach,Bochum,Matthias Jöllenbeck,19,1.78,0.11,1.53,0.40,3,0,3,1,1,0,"34,55,86","",8,7,1,0,3,0,1,0,0,3,20,15,7,5,10,7,6,15,57,43,1.47,1.13,1.85,1.32,3.33,62,78,50,45,33,50,73,56,84,8.22,4.33,1.70,4.00,4.33,1.19,1.60,2.25,4.33,1.62,2.20,BORUSSIA-PARK (Mönchengladbach)
1737901800,Jan 26 2025 - 2:30pm,complete,30150,Hoffenheim,Eintracht Frankfurt,Sascha Stegemann,19,1.11,1.78,1.06,1.47,2,2,4,1,0,1,"65,90'5","26,71",9,3,3,0,0,0,0,3,0,0,28,14,9,8,16,5,16,8,50,50,1.74,1.41,2.71,1.62,3.61,73,89,67,45,33,39,89,62,89,10.33,3.78,3.10,3.60,2.15,1.22,1.66,2.36,4.75,1.57,2.25,PreZero Arena (Sinsheim)
1737909000,Jan 26 2025 - 4:30pm,complete,29546,St. Pauli,Union Berlin,Sören Storks,19,0.63,0.56,0.93,1.00,3,0,3,1,1,0,"31,51,90'3","",5,7,0,0,3,0,0,0,1,2,22,18,6,3,11,12,6,15,44,56,1.31,1.18,1.74,1.45,1.98,23,59,29,18,11,18,60,24,70,9.44,3.81,2.53,3.14,3.07,1.42,2.21,4.33,8.50,1.91,1.91,Millerntor-Stadion (Hamburg)
1738351800,Jan 31 2025 - 7:30pm,complete,40500,Werder Bremen,Mainz 05,Martin Petersen,20,1.11,1.56,1.25,1.44,1,0,1,1,1,0,"14","",3,8,6,2,3,0,2,6,2,1,13,14,6,3,6,6,14,13,37,63,1.38,1.16,1.39,1.24,3.45,56,78,73,50,33,67,78,50,78,8.33,4.56,2.32,3.54,2.94,1.28,1.74,3.10,6.00,1.62,2.20,Weserstadion (Bremen)
1738420200,Feb 01 2025 - 2:30pm,complete,60000,Stuttgart,Borussia M'gladbach,Robert Hartmann,20,2.00,0.89,1.25,1.31,1,2,3,1,0,1,"49","25,81",2,0,2,0,2,0,0,2,1,1,15,15,4,7,8,6,11,11,54,46,1.91,1.32,1.57,1.56,3.30,69,90,63,42,26,15,79,74,90,12.00,3.63,1.50,5.10,5.80,1.13,1.40,2.00,3.60,1.53,2.38,MHPArena (Stuttgart)
1738420200,Feb 01 2025 - 2:30pm,complete,N/A,Bayern München,Holstein Kiel,Florian Exner,20,2.78,0.33,2.56,0.53,4,3,7,2,2,0,"19,45'3,46,54","62,90'1,90'3",12,1,1,0,1,0,0,1,0,1,36,11,13,7,17,4,7,10,71,29,2.37,1.14,3.41,1.27,4.06,72,100,89,67,39,56,89,67,95,10.78,4.22,1.04,25.00,34.00,1.04,1.16,1.65,1.97,2.20,1.62,Allianz Arena (München)
1738420200,Feb 01 2025 - 2:30pm,complete,N/A,Heidenheim,Borussia Dortmund,Frank Willenborg,20,0.78,0.56,0.67,1.13,1,2,3,1,0,1,"64","33,63",4,5,1,0,4,0,1,0,1,3,13,20,6,6,6,11,11,9,36,64,1.36,1.29,1.46,1.86,3.00,50,84,62,44,11,50,73,39,89,9.89,4.55,4.20,4.10,1.82,1.18,1.52,2.15,4.20,1.57,2.25,Voith-Arena (Heidenheim an der Brenz)
1738420200,Feb 01 2025 - 2:30pm,complete,25900,Bochum,Freiburg,Tobias Welz,20,1.00,0.80,0.81,1.38,0,1,1,1,0,1,"","34",9,7,3,0,2,0,1,2,0,2,28,19,5,6,18,8,15,10,58,42,1.23,1.17,2.23,1.73,3.05,42,79,52,47,21,43,64,52,90,7.81,3.17,2.82,3.47,2.55,1.25,1.81,2.90,5.50,1.62,2.20,Vonovia Ruhrstadion (Bochum)
1738420200,Feb 01 2025 - 2:30pm,complete,N/A,St. Pauli,Augsburg,Tobias Reichel,20,0.89,0.89,0.93,1.25,1,1,2,1,1,0,"17","83",3,1,1,0,3,0,0,1,0,3,9,3,3,0,4,2,16,18,45,55,1.36,1.05,0.98,0.41,2.61,28,78,50,34,6,39,73,39,67,7.44,3.55,2.40,3.26,3.21,1.40,1.95,4.20,8.50,1.95,1.80,Millerntor-Stadion (Hamburg)
1738431000,Feb 01 2025 - 5:30pm,complete,22012,Union Berlin,RB Leipzig,Daniel Schlager,20,1.67,1.40,1.40,1.25,0,0,0,0,0,0,"","",4,5,3,0,2,0,1,2,0,2,22,7,7,3,6,2,5,12,47,53,1.41,1.12,1.81,0.83,2.81,64,79,52,20,20,64,85,25,62,5.82,5.29,3.12,3.62,2.28,1.26,1.81,2.95,5.50,1.62,2.20,Stadion An der Alten Försterei (Berlin)
1738506600,Feb 02 2025 - 2:30pm,complete,N/A,Eintracht Frankfurt,Wolfsburg,Benjamin Brand,20,2.22,1.78,2.06,1.60,1,1,2,0,0,0,"81","50",9,1,1,0,3,0,0,1,1,2,21,16,5,3,12,9,8,8,62,38,1.83,1.34,1.95,1.17,3.95,67,84,67,67,39,62,89,67,78,10.89,4.56,1.87,3.99,4.00,1.18,1.65,2.20,4.20,1.53,2.38,Deutsche Bank Park (Frankfurt am Main)
1738513800,Feb 02 2025 - 4:30pm,complete,N/A,Bayer Leverkusen,Hoffenheim,Robin Braun,20,2.30,0.78,2.13,0.87,3,1,4,2,2,0,"15,19,51","62",3,3,3,1,3,0,1,3,1,2,11,17,6,8,4,9,14,7,49,51,2.14,1.13,1.34,1.87,3.22,68,79,62,47,26,58,74,47,79,12.93,4.24,1.26,7.10,10.00,1.10,1.35,1.97,3.20,1.80,1.95,BayArena (Leverkusen)
1738956600,Feb 07 2025 - 7:30pm,complete,75000,Bayern München,Werder Bremen,Sören Storks,21,2.80,1.70,2.56,1.73,3,0,3,0,0,0,"56,82,90'7","",5,2,1,0,3,0,0,1,0,3,23,3,13,0,9,3,9,8,75,25,2.47,1.28,2.95,0.25,4.10,60,90,75,60,45,60,85,55,90,12.20,3.50,1.11,13.00,19.00,1.05,1.25,1.80,2.25,1.91,1.91,Allianz Arena (München)
1739025000,Feb 08 2025 - 2:30pm,complete,81365,Borussia Dortmund,Stuttgart,Daniel Siebert,21,2.10,1.33,2.00,1.40,1,2,3,0,0,0,"81","50,61",9,4,4,1,2,0,1,4,0,2,20,6,6,3,10,2,13,14,68,32,1.55,1.26,1.85,0.73,3.35,68,89,69,59,15,53,74,63,95,9.56,4.21,2.16,3.84,3.23,1.18,1.53,2.20,4.00,1.50,2.50,SIGNAL IDUNA PARK (Dortmund)
1739025000,Feb 08 2025 - 2:30pm,complete,N/A,Hoffenheim,Union Berlin,Tobias Stieler,21,1.10,0.50,1.06,1.00,0,4,4,1,0,1,"","24,61,73,87",8,4,2,0,1,0,2,0,0,1,22,29,5,8,12,15,9,16,65,35,1.84,1.21,1.90,2.27,3.20,55,80,55,40,30,30,75,50,90,11.20,4.30,2.14,3.60,3.45,1.28,1.81,3.10,6.00,1.67,2.10,PreZero Arena (Sinsheim)
1739025000,Feb 08 2025 - 2:30pm,complete,N/A,Freiburg,Heidenheim,Timo Gerach,21,2.11,0.70,1.93,0.94,1,0,1,1,1,0,"30","",6,3,3,0,1,0,1,2,1,0,10,15,4,6,6,6,11,8,53,47,1.50,1.22,1.23,1.50,3.72,69,90,75,53,36,47,90,69,85,7.71,4.90,1.84,3.89,4.30,1.25,1.61,3.00,5.50,1.70,2.05,Europa-Park Stadion (Freiburg im Breisgau)
1739025000,Feb 08 2025 - 2:30pm,complete,N/A,Wolfsburg,Bayer Leverkusen,Sascha Stegemann,21,1.20,2.11,0.94,2.20,0,0,0,0,0,0,"","",3,9,2,0,3,0,0,2,2,1,16,18,9,2,5,14,7,8,41,59,1.45,1.47,1.73,1.66,3.88,90,95,74,63,37,59,95,52,89,10.07,3.64,4.20,4.10,1.82,1.20,1.65,2.65,4.75,1.57,2.25,Volkswagen Arena (Wolfsburg)
1739025000,Feb 08 2025 - 2:30pm,complete,N/A,Mainz 05,Augsburg,Daniel Schlager,21,1.70,0.90,1.60,1.25,0,0,0,0,0,0,"","",1,3,3,0,3,0,2,1,2,1,10,10,5,3,4,6,12,9,67,33,1.47,0.99,1.40,1.06,2.85,50,100,45,30,5,50,80,35,80,9.60,4.80,1.83,3.72,4.50,1.30,1.87,3.40,6.50,1.80,1.95,MEWA ARENA (Mainz)
1739035800,Feb 08 2025 - 5:30pm,complete,54042,Borussia M'gladbach,Eintracht Frankfurt,Christian Dingert,21,1.90,1.70,1.53,1.47,1,1,2,2,1,1,"26","31",6,1,3,0,3,0,1,2,2,1,10,17,4,8,5,8,10,9,53,47,1.50,1.44,1.15,1.99,3.30,65,85,65,45,30,45,80,60,90,10.10,3.90,2.83,3.69,2.43,1.18,1.53,2.10,4.00,1.44,2.63,BORUSSIA-PARK (Mönchengladbach)
1739111400,Feb 09 2025 - 2:30pm,complete,N/A,Holstein Kiel,Bochum,Felix Zwayer,21,0.90,0.10,0.88,0.40,2,2,4,3,1,2,"3,50","37,39",3,5,2,0,2,0,0,2,0,2,12,24,4,6,7,15,11,17,49,51,1.24,1.15,1.24,2.18,3.60,50,85,55,40,30,50,90,50,80,7.20,4.60,2.36,3.60,3.01,1.22,1.70,2.75,5.00,1.57,2.25,Holstein-Stadion (Kiel)
1739118600,Feb 09 2025 - 4:30pm,complete,N/A,RB Leipzig,St. Pauli,Florian Badstübner,21,2.00,1.20,1.93,1.06,2,0,2,2,2,0,"16,35","",5,4,2,1,2,0,1,2,1,1,12,8,7,5,5,3,12,8,56,44,1.45,1.15,1.49,1.19,2.66,43,69,54,33,11,43,74,32,74,10.04,3.88,1.57,4.50,5.70,1.24,1.68,2.30,5.50,1.75,2.00,Red Bull Arena (Leipzig)
1739561400,Feb 14 2025 - 7:30pm,complete,N/A,Augsburg,RB Leipzig,Sascha Stegemann,22,1.70,1.36,1.53,1.25,0,0,0,0,0,0,"","",8,9,2,0,1,0,1,1,0,1,15,19,3,5,9,10,12,12,38,62,1.56,1.10,1.41,1.57,2.89,58,72,58,33,23,48,72,43,72,8.21,5.46,3.37,3.64,2.16,1.25,1.81,2.90,5.50,1.67,2.10,WWK Arena (Augsburg)
1739629800,Feb 15 2025 - 2:30pm,complete,60000,Stuttgart,Wolfsburg,Tobias Welz,22,1.82,1.70,1.25,1.60,1,2,3,0,0,0,"72","77,87",7,5,3,0,3,0,2,1,1,2,12,11,5,4,6,4,10,15,58,42,1.88,1.32,1.54,1.03,3.62,72,86,67,53,38,44,86,72,81,11.15,5.77,1.76,4.20,4.33,1.18,1.50,2.25,4.33,1.53,2.38,MHPArena (Stuttgart)
1739629800,Feb 15 2025 - 2:30pm,complete,22012,Union Berlin,Borussia M'gladbach,Sven Jablonski,22,1.60,1.10,1.40,1.31,1,2,3,2,0,2,"63","10,26",4,5,0,0,1,0,0,0,0,1,21,10,4,6,14,4,9,8,51,49,1.45,1.35,2.01,1.31,2.40,65,80,50,15,5,30,75,40,65,8.70,4.30,2.42,3.52,2.96,1.25,1.81,2.90,5.50,1.67,2.10,Stadion An der Alten Försterei (Berlin)
1739629800,Feb 15 2025 - 2:30pm,complete,26000,Bochum,Borussia Dortmund,Harm Osmers,22,0.90,0.80,0.81,1.13,2,0,2,2,2,0,"33,35","",2,8,1,0,0,0,0,1,0,0,20,21,10,3,9,15,12,4,31,69,1.33,1.35,2.12,1.85,3.05,60,80,55,40,20,55,75,40,85,10.20,5.20,4.60,4.40,1.69,1.19,1.55,2.32,4.33,1.57,2.25,Vonovia Ruhrstadion (Bochum)
1739629800,Feb 15 2025 - 2:30pm,complete,29546,St. Pauli,Freiburg,Benjamin Brand,22,0.90,1.00,0.93,1.38,0,1,1,0,0,0,"","88",2,6,1,0,0,0,0,1,0,0,8,6,2,4,4,2,10,10,54,46,1.32,1.22,0.78,0.92,2.36,28,67,43,28,9,19,67,43,71,7.09,2.65,2.32,3.39,3.25,1.40,2.02,4.20,8.50,1.91,1.91,Millerntor-Stadion (Hamburg)
1739640600,Feb 15 2025 - 5:30pm,complete,30210,Bayer Leverkusen,Bayern München,Daniel Siebert,22,2.36,2.30,2.13,2.27,0,0,0,0,0,0,"","",6,0,2,0,3,0,1,1,1,2,22,4,4,0,12,3,16,13,56,44,2.06,1.92,1.87,0.32,3.90,71,81,76,57,43,52,86,63,91,14.79,3.80,3.15,3.80,2.20,1.20,1.58,2.00,4.50,1.50,2.50,BayArena (Leverkusen)
1739716200,Feb 16 2025 - 2:30pm,complete,39400,Werder Bremen,Hoffenheim,Frank Willenborg,22,1.30,0.70,1.25,0.87,1,3,4,3,1,2,"7","28,44,63",6,4,2,0,3,0,1,1,0,3,19,23,2,8,12,9,14,12,62,38,1.38,1.20,1.46,1.86,2.85,55,75,55,45,20,55,75,50,70,9.20,5.00,1.90,4.10,3.81,1.17,1.57,2.20,4.00,1.50,2.50,Weserstadion (Bremen)
1739723400,Feb 16 2025 - 4:30pm,complete,57700,Eintracht Frankfurt,Holstein Kiel,Robert Hartmann,22,2.10,0.30,2.06,0.53,3,1,4,2,2,0,"18,37,60","73",4,6,2,0,0,0,0,2,0,0,25,12,10,5,11,6,16,10,51,49,1.84,1.15,2.33,1.28,4.15,85,95,80,70,35,55,90,70,95,9.50,3.80,1.32,6.30,8.40,1.12,1.38,2.01,3.40,1.67,2.10,Deutsche Bank Park (Frankfurt am Main)
1739730600,Feb 16 2025 - 6:30pm,complete,15000,Heidenheim,Mainz 05,Felix Brych,22,0.70,1.40,0.67,1.44,0,2,2,1,0,1,"","28,49",8,4,1,0,3,0,0,1,0,3,14,8,4,6,9,1,9,16,56,44,1.37,1.17,1.46,1.24,3.00,40,75,65,40,15,50,75,45,80,8.70,3.90,3.28,3.55,2.23,1.30,1.86,3.40,6.50,1.70,2.05,Voith-Arena (Heidenheim an der Brenz)
1740166200,Feb 21 2025 - 7:30pm,complete,N/A,Freiburg,Werder Bremen,Max Burda,23,2.20,1.55,1.93,1.73,5,0,5,2,2,0,"15,33,57,76,90'2","",3,7,3,0,0,0,2,1,0,0,18,12,9,4,5,7,14,8,36,64,1.47,1.18,1.68,1.33,3.51,67,81,77,53,28,48,86,53,86,9.47,4.46,2.20,3.64,3.28,1.28,1.82,3.10,6.00,1.67,2.10,Europa-Park Stadion (Freiburg im Breisgau)
1740234600,Feb 22 2025 - 2:30pm,complete,N/A,Wolfsburg,Bochum,Timo Gerach,23,1.18,0.18,0.94,0.40,1,1,2,0,0,0,"81","49",3,5,2,0,3,0,0,2,1,2,16,14,7,6,7,6,0,1,55,45,1.47,1.25,1.71,1.50,3.59,69,82,64,50,27,36,82,60,87,9.00,4.54,1.54,4.60,6.00,1.19,1.57,2.65,4.50,1.70,2.05,Volkswagen Arena (Wolfsburg)
1740234600,Feb 22 2025 - 2:30pm,complete,N/A,Mainz 05,St. Pauli,Felix Zwayer,23,1.64,1.09,1.60,1.06,2,0,2,0,0,0,"67,90'5","",6,5,3,0,3,0,1,2,1,2,12,16,6,0,4,13,1,0,52,48,1.46,1.16,1.47,1.09,2.18,36,82,32,9,0,36,78,23,69,9.64,4.45,1.85,3.63,4.60,1.38,1.91,4.00,8.00,2.00,1.75,MEWA ARENA (Mainz)
1740234600,Feb 22 2025 - 2:30pm,complete,N/A,Borussia M'gladbach,Augsburg,Florian Exner,23,1.82,0.91,1.53,1.25,0,3,3,0,0,0,"","55,61,70",2,4,3,1,2,0,2,2,2,0,10,20,6,5,3,13,10,9,49,51,1.47,0.99,1.23,1.96,3.09,55,87,55,45,23,60,73,46,78,8.36,4.55,1.93,3.80,3.93,1.22,1.65,2.80,5.00,1.62,2.20,BORUSSIA-PARK (Mönchengladbach)
1740234600,Feb 22 2025 - 2:30pm,complete,N/A,Holstein Kiel,Bayer Leverkusen,Daniel Schlager,23,0.91,2.00,0.88,2.20,0,2,2,2,0,2,"","9,45",5,11,4,0,1,0,2,2,0,1,5,20,4,9,1,10,11,10,38,62,1.24,1.49,0.71,2.46,3.56,68,91,62,53,33,72,95,33,76,8.55,3.78,9.30,6.50,1.29,1.13,1.38,1.90,3.60,1.91,1.91,Holstein-Stadion (Kiel)
1740245400,Feb 22 2025 - 5:30pm,complete,N/A,Borussia Dortmund,Union Berlin,Bastian Dankert,23,1.91,0.73,2.00,1.00,6,0,6,2,2,0,"25,40,75,80,83,89","",5,3,2,0,2,0,0,2,1,1,25,8,10,2,15,5,10,11,65,35,1.58,1.31,2.63,0.83,3.10,55,87,59,36,23,32,69,55,96,11.72,4.81,1.61,4.40,5.40,1.19,1.67,2.48,4.50,1.67,2.10,SIGNAL IDUNA PARK (Dortmund)
1740321000,Feb 23 2025 - 2:30pm,complete,N/A,RB Leipzig,Heidenheim,Martin Petersen,23,2.10,0.64,1.93,0.94,2,2,4,3,1,2,"45'2,64","6,13",7,4,3,0,3,0,2,1,1,2,23,5,7,3,11,2,15,15,74,26,1.45,1.25,2.09,0.72,3.37,53,76,58,48,33,53,81,52,72,8.94,4.73,1.43,5.20,7.00,1.16,1.45,2.20,4.00,1.70,2.05,Red Bull Arena (Leipzig)
1740328200,Feb 23 2025 - 4:30pm,complete,75000,Bayern München,Eintracht Frankfurt,Sascha Stegemann,23,2.82,1.64,2.56,1.47,4,0,4,1,1,0,"45'2,61,82,90'2","",4,1,1,0,1,0,0,1,0,1,24,10,13,3,7,5,8,7,64,36,2.52,1.49,2.71,0.89,3.68,59,96,73,46,32,46,82,64,87,12.00,3.27,1.26,7.40,9.50,1.09,1.28,1.82,3.00,1.62,2.20,Allianz Arena (München)
1740335400,Feb 23 2025 - 6:30pm,complete,N/A,Hoffenheim,Stuttgart,Christian Dingert,23,1.00,1.50,1.06,1.40,1,1,2,1,0,1,"74","9",4,8,0,0,0,0,0,0,0,0,13,17,3,8,7,7,8,10,45,55,1.84,1.21,1.08,2.00,3.50,67,86,72,62,18,43,76,67,91,9.42,3.83,3.58,4.00,1.98,1.14,1.45,2.15,3.60,1.44,2.63,PreZero Arena (Sinsheim)
1740771000,Feb 28 2025 - 7:30pm,complete,60000,Stuttgart,Bayern München,Benjamin Brand,24,1.67,2.18,1.25,2.27,1,3,4,2,1,1,"34","45,64,90",4,6,5,0,3,0,2,3,0,3,16,22,4,9,9,9,12,13,52,48,1.85,1.78,1.48,2.00,3.52,65,83,70,44,39,31,83,70,87,12.67,4.24,4.90,4.50,1.65,1.15,1.45,2.10,3.75,1.50,2.50,MHPArena (Stuttgart)
1740839400,Mar 01 2025 - 2:30pm,complete,41406,RB Leipzig,Mainz 05,Daniel Siebert,24,2.00,1.55,1.93,1.44,1,2,3,1,1,0,"1","52,58",7,1,1,0,1,0,0,1,0,1,16,22,5,4,9,13,8,15,49,51,1.52,1.17,1.52,1.70,3.14,50,73,64,46,23,64,78,36,73,10.00,4.82,1.89,4.00,3.90,1.26,1.67,3.10,5.50,1.67,2.10,Red Bull Arena (Leipzig)
1740839400,Mar 01 2025 - 2:30pm,complete,15000,Heidenheim,Borussia M'gladbach,Sören Storks,24,0.64,1.27,0.67,1.31,0,3,3,2,0,2,"","8,18,59",6,2,2,0,3,0,0,2,1,2,28,15,5,6,16,8,9,15,44,56,1.38,1.34,2.06,1.55,2.78,50,87,60,32,5,18,73,59,91,9.91,2.54,2.92,3.65,2.39,1.22,1.60,2.75,5.00,1.57,2.25,Voith-Arena (Heidenheim an der Brenz)
1740839400,Mar 01 2025 - 2:30pm,complete,N/A,Werder Bremen,Wolfsburg,Felix Brych,24,1.18,1.82,1.25,1.60,1,2,3,1,0,1,"90","6,48",8,2,2,0,0,0,0,2,0,0,20,14,8,4,8,6,13,9,56,44,1.38,1.29,1.99,1.20,3.37,64,78,64,55,32,55,78,59,73,9.73,5.90,2.53,3.74,2.68,1.20,1.55,2.16,4.50,1.57,2.25,Weserstadion (Bremen)
1740839400,Mar 01 2025 - 2:30pm,complete,24120,Bochum,Hoffenheim,Florian Badstübner,24,1.09,0.91,0.81,0.87,0,1,1,0,0,0,"","72",8,5,0,0,1,0,0,0,0,1,20,14,4,3,10,8,16,17,58,42,1.40,1.26,1.56,1.20,2.73,50,78,46,41,14,60,73,41,73,9.36,4.28,2.46,3.58,2.87,1.19,1.60,2.50,4.50,1.50,2.50,Vonovia Ruhrstadion (Bochum)
1740839400,Mar 01 2025 - 2:30pm,complete,N/A,St. Pauli,Borussia Dortmund,Tobias Stieler,24,0.82,0.73,0.93,1.13,0,2,2,0,0,0,"","50,58",7,1,1,0,2,0,0,1,1,1,11,16,2,4,6,11,11,13,43,57,1.27,1.39,1.00,1.48,2.46,46,73,46,23,9,37,73,32,73,8.82,4.18,3.91,3.65,1.98,1.25,1.81,2.95,5.50,1.70,2.05,Millerntor-Stadion (Hamburg)
1740850200,Mar 01 2025 - 5:30pm,complete,46500,Eintracht Frankfurt,Bayer Leverkusen,Felix Zwayer,24,2.18,2.09,2.06,2.20,1,4,5,4,1,3,"37","26,29,33,62",2,6,1,0,1,0,0,1,0,1,9,24,4,10,4,10,9,7,40,60,1.89,1.58,1.03,2.38,3.50,73,91,60,55,27,64,87,50,78,11.64,2.64,3.81,3.86,1.95,1.24,1.67,2.25,5.00,1.67,2.10,Deutsche Bank Park (Frankfurt am Main)
1740925800,Mar 02 2025 - 2:30pm,complete,N/A,Union Berlin,Holstein Kiel,Tobias Reichel,24,1.45,0.27,1.40,0.53,0,1,1,1,0,1,"","42",11,3,4,0,0,0,2,2,0,0,19,12,4,4,11,7,16,12,51,49,1.50,1.16,1.84,1.24,3.18,82,87,73,41,18,64,91,37,73,7.73,5.19,1.55,4.50,5.90,1.22,1.57,2.47,5.00,1.80,1.95,Stadion An der Alten Försterei (Berlin)
1740933000,Mar 02 2025 - 4:30pm,complete,N/A,Augsburg,Freiburg,Harm Osmers,24,1.64,1.17,1.53,1.38,0,0,0,0,0,0,"","",5,2,1,0,1,0,1,0,0,1,15,10,6,4,8,4,13,9,51,49,1.54,1.19,1.66,1.06,2.56,44,66,53,35,13,31,61,43,74,9.78,4.42,2.62,3.28,2.87,1.42,1.70,4.33,8.50,1.95,1.80,WWK Arena (Augsburg)
1741375800,Mar 07 2025 - 7:30pm,complete,51500,Borussia M'gladbach,Mainz 05,Sascha Stegemann,25,1.67,1.67,1.53,1.44,1,3,4,1,0,1,"73","39,48,77",4,3,0,0,1,0,0,0,0,1,16,18,5,9,8,8,6,6,57,43,1.45,1.22,1.49,1.94,3.17,54,79,63,38,29,58,75,50,79,8.42,4.83,2.56,3.45,2.83,1.26,1.75,3.00,5.50,1.62,2.20,BORUSSIA-PARK (Mönchengladbach)
1741444200,Mar 08 2025 - 2:30pm,complete,30210,Bayer Leverkusen,Werder Bremen,Tobias Welz,25,2.25,1.42,2.13,1.73,0,2,2,1,0,1,"","7,90'4",10,3,4,0,4,0,1,3,1,3,22,12,5,8,13,4,12,10,73,27,2.05,1.19,1.96,1.49,3.80,67,79,75,58,38,58,79,50,88,12.42,4.17,1.25,6.90,11.00,1.16,1.45,2.20,4.20,2.00,1.75,BayArena (Leverkusen)
1741444200,Mar 08 2025 - 2:30pm,complete,75000,Bayern München,Bochum,Christian Dingert,25,2.83,0.25,2.56,0.40,2,3,5,3,2,1,"14,28","31,51,71",9,3,0,1,6,0,1,0,1,5,16,9,6,6,9,3,7,14,74,26,2.53,1.27,1.88,1.20,3.71,50,92,67,46,30,42,75,67,88,11.09,3.59,1.11,13.00,17.00,1.07,1.30,1.78,2.80,2.00,1.75,Allianz Arena (München)
1741444200,Mar 08 2025 - 2:30pm,complete,40562,Borussia Dortmund,Augsburg,Deniz Aytekin,25,2.00,1.08,2.00,1.25,0,1,1,1,0,1,"","23",12,3,1,0,4,0,0,1,0,4,15,7,2,2,7,3,6,12,72,28,1.67,1.07,1.34,0.65,3.42,59,96,67,46,21,50,71,59,88,9.34,4.83,1.48,4.80,6.60,1.20,1.67,2.20,4.75,1.80,1.95,SIGNAL IDUNA PARK (Dortmund)
1741444200,Mar 08 2025 - 2:30pm,complete,27012,Wolfsburg,St. Pauli,Robert Hartmann,25,1.17,1.00,0.94,1.06,1,1,2,1,0,1,"70","38",6,6,1,0,0,0,0,1,0,0,21,19,5,5,12,10,11,13,58,42,1.49,1.15,1.88,1.64,2.92,54,79,50,33,17,33,75,46,80,8.75,4.34,1.73,4.00,4.75,1.24,1.85,1.95,5.00,1.80,1.95,Volkswagen Arena (Wolfsburg)
1741444200,Mar 08 2025 - 2:30pm,complete,N/A,Holstein Kiel,Stuttgart,Bastian Dankert,25,0.83,1.45,0.88,1.40,2,2,4,2,1,1,"30,46","15,55",3,1,1,0,2,1,0,1,1,2,20,6,6,3,12,3,8,9,53,47,1.19,1.28,1.94,0.76,3.33,57,87,61,53,17,60,82,44,83,7.58,4.24,6.00,4.75,1.52,1.16,1.48,1.85,4.00,1.62,2.20,Holstein-Stadion (Kiel)
1741455000,Mar 08 2025 - 5:30pm,complete,24000,Freiburg,RB Leipzig,Sven Jablonski,25,2.27,1.33,1.93,1.25,0,0,0,0,0,0,"","",2,6,0,0,3,0,0,0,0,3,13,23,3,4,8,15,6,11,53,47,1.49,1.13,1.14,1.78,3.14,57,75,66,44,30,48,79,53,75,7.50,4.43,2.59,3.50,2.76,1.24,1.65,2.80,5.00,1.62,2.20,Europa-Park Stadion (Freiburg im Breisgau)
1741530600,Mar 09 2025 - 2:30pm,complete,N/A,Eintracht Frankfurt,Union Berlin,Frank Willenborg,25,2.00,0.67,2.06,1.00,1,2,3,1,1,0,"13","62,78",1,5,3,0,0,0,0,3,0,0,18,13,4,4,11,8,10,8,67,33,1.82,1.27,1.53,1.35,3.42,50,84,59,50,29,42,75,55,92,10.92,3.50,1.67,4.20,5.00,1.22,1.65,2.20,5.00,1.67,2.10,Deutsche Bank Park (Frankfurt am Main)
1741537800,Mar 09 2025 - 4:30pm,complete,20814,Hoffenheim,Heidenheim,Daniel Schlager,25,1.00,0.67,1.06,0.94,1,1,2,1,1,0,"34","65",6,4,2,0,3,0,0,2,2,1,24,30,4,6,13,18,9,11,55,45,1.78,1.20,1.80,2.38,3.79,67,88,63,54,38,42,92,63,84,8.42,4.33,1.80,4.00,4.30,1.20,1.62,2.15,4.50,1.62,2.20,PreZero Arena (Sinsheim)
1741980600,Mar 14 2025 - 7:30pm,complete,29546,St. Pauli,Hoffenheim,Felix Brych,26,0.75,1.08,0.93,0.87,1,0,1,0,0,0,"51","",11,2,0,0,1,0,0,0,0,1,14,6,6,0,5,5,6,8,44,56,1.25,1.26,1.42,0.62,2.17,38,67,38,25,4,33,63,38,71,8.33,3.50,2.33,3.50,3.13,1.34,1.86,3.55,6.75,1.80,1.95,Millerntor-Stadion (Hamburg)
1742049000,Mar 15 2025 - 2:30pm,complete,42100,Werder Bremen,Borussia M'gladbach,Timo Gerach,26,1.08,1.42,1.25,1.31,2,4,6,4,2,2,"38,45'1","7,28,47,81",4,1,1,0,1,1,1,0,1,1,27,14,3,8,21,6,10,7,53,47,1.44,1.36,2.37,1.85,3.05,63,84,67,38,17,34,79,59,84,9.66,3.92,2.43,3.65,2.85,1.18,1.57,2.48,4.10,1.50,2.50,Weserstadion (Bremen)
1742049000,Mar 15 2025 - 2:30pm,complete,28351,Augsburg,Wolfsburg,Martin Petersen,26,1.58,1.92,1.53,1.60,1,0,1,0,0,0,"53","",1,4,1,0,2,0,0,1,1,1,11,14,3,3,5,6,7,9,42,58,1.55,1.29,1.13,1.11,2.84,63,71,59,38,21,42,67,54,67,10.75,6.00,2.68,3.31,2.78,1.32,2.01,3.65,6.50,1.80,1.95,WWK Arena (Augsburg)
1742049000,Mar 15 2025 - 2:30pm,complete,33305,Mainz 05,Freiburg,Benjamin Brand,26,1.75,1.15,1.60,1.38,2,2,4,1,1,0,"34,74","58,79",1,4,1,1,2,0,2,0,1,1,8,22,4,8,3,8,7,7,44,56,1.46,1.18,1.11,2.12,2.36,37,77,36,23,8,28,61,40,76,9.23,3.80,1.99,3.51,4.00,1.36,1.91,3.40,6.75,1.91,1.91,MEWA ARENA (Mainz)
1742049000,Mar 15 2025 - 2:30pm,complete,22012,Union Berlin,Bayern München,Florian Exner,26,1.33,2.25,1.40,2.27,1,1,2,0,0,0,"83","75",2,14,1,0,2,0,0,1,0,2,8,19,4,5,4,7,13,8,20,80,1.53,1.79,1.06,1.99,2.71,58,71,55,25,21,50,83,34,63,10.83,4.75,8.80,5.20,1.37,1.20,1.57,2.30,4.40,1.95,1.80,Stadion An der Alten Försterei (Berlin)
1742059800,Mar 15 2025 - 5:30pm,complete,47800,RB Leipzig,Borussia Dortmund,Matthias Jöllenbeck,26,1.83,0.92,1.93,1.13,2,0,2,1,1,0,"18,48","",3,12,3,0,3,0,0,3,2,1,19,32,6,10,10,16,1,0,34,66,1.52,1.40,1.70,2.95,3.08,63,84,63,42,17,58,75,42,79,11.09,5.00,2.52,3.71,2.71,1.17,1.55,2.30,3.90,1.50,2.50,Red Bull Arena (Leipzig)
1742138400,Mar 16 2025 - 3:20pm,complete,26000,Bochum,Eintracht Frankfurt,Felix Zwayer,26,1.00,1.50,0.81,1.47,1,3,4,2,0,2,"73","27,32,90'6",8,3,4,0,1,0,1,3,0,1,24,25,8,8,10,11,7,9,51,49,1.41,1.44,2.24,2.19,2.92,50,80,50,38,17,42,80,46,79,9.67,3.58,3.27,3.68,2.19,1.22,1.65,2.60,4.80,1.57,2.25,Vonovia Ruhrstadion (Bochum)
1742142600,Mar 16 2025 - 4:30pm,complete,N/A,Heidenheim,Holstein Kiel,Harm Osmers,26,0.58,0.50,0.67,0.53,3,1,4,1,1,0,"33,47,90'3","87",3,5,1,0,3,0,0,1,0,3,16,21,6,5,9,12,15,13,38,62,1.43,1.17,1.71,1.77,3.38,59,88,75,54,17,46,88,55,92,8.92,3.58,1.88,3.82,4.10,1.25,1.67,2.90,5.50,1.67,2.10,Voith-Arena (Heidenheim an der Brenz)
1742149800,Mar 16 2025 - 6:30pm,complete,N/A,Stuttgart,Bayer Leverkusen,Daniel Siebert,26,1.54,2.17,1.25,2.20,3,4,7,1,1,0,"14,48,62","56,67,88,90'4",1,10,3,0,2,0,1,2,0,2,13,16,7,5,5,10,13,14,43,57,1.83,1.64,1.48,1.71,3.44,76,92,68,48,32,53,89,51,80,12.05,4.04,3.08,3.63,2.30,1.22,1.61,2.60,4.75,1.57,2.25,MHPArena (Stuttgart)
1743190200,Mar 28 2025 - 7:30pm,complete,30210,Bayer Leverkusen,Bochum,Sven Jablonski,27,2.08,0.46,2.13,0.40,3,1,4,2,1,1,"20,60,87","26",3,2,0,0,1,0,0,0,0,1,20,10,6,4,9,5,6,13,66,34,2.04,1.26,1.82,1.09,3.46,66,81,62,46,27,46,77,54,85,11.93,4.84,1.26,6.60,11.00,1.14,1.46,2.15,3.80,1.91,1.91,BayArena (Leverkusen)
1743258600,Mar 29 2025 - 2:30pm,complete,75000,Bayern München,St. Pauli,Florian Badstübner,27,2.62,1.00,2.56,1.06,3,2,5,2,1,1,"17,53,71","27,90'3",5,4,3,0,0,0,2,1,0,0,24,11,10,5,10,6,13,4,66,34,2.48,1.19,2.41,1.31,3.19,39,89,58,35,23,43,77,50,81,11.23,3.23,1.16,9.40,15.00,1.12,1.44,2.00,3.60,2.20,1.62,Allianz Arena (München)
1743258600,Mar 29 2025 - 2:30pm,complete,N/A,Hoffenheim,Augsburg,Tobias Reichel,27,1.00,1.23,1.06,1.25,1,1,2,0,0,0,"71","46",2,2,1,0,2,0,0,1,1,1,16,14,5,5,9,7,14,12,57,43,1.78,1.04,1.67,1.41,3.27,58,89,58,46,20,39,81,50,81,8.84,4.24,2.42,3.33,3.11,1.33,2.02,3.55,7.00,1.80,1.95,PreZero Arena (Sinsheim)
1743258600,Mar 29 2025 - 2:30pm,complete,N/A,Wolfsburg,Heidenheim,Bastian Dankert,27,1.15,0.69,0.94,0.94,0,1,1,1,0,1,"","16",4,5,2,0,4,0,0,2,2,2,11,12,3,5,7,7,8,10,61,39,1.52,1.30,1.22,1.53,3.58,74,85,58,50,35,39,85,58,85,7.93,4.85,1.66,4.30,5.00,1.22,1.55,2.29,5.00,1.70,2.05,Volkswagen Arena (Wolfsburg)
1743258600,Mar 29 2025 - 2:30pm,complete,N/A,Borussia M'gladbach,RB Leipzig,Tobias Stieler,27,1.54,1.31,1.53,1.25,1,0,1,0,0,0,"56","",5,8,2,0,2,0,0,2,1,1,20,22,4,4,13,16,5,9,40,60,1.45,1.18,1.62,2.05,2.96,54,74,54,39,31,50,66,50,74,7.69,4.39,3.03,3.57,2.35,1.17,1.55,2.15,3.80,1.44,2.63,BORUSSIA-PARK (Mönchengladbach)
1743258600,Mar 29 2025 - 2:30pm,complete,N/A,Holstein Kiel,Werder Bremen,Sascha Stegemann,27,0.85,1.54,0.88,1.73,0,3,3,1,0,1,"","25,59,90'3",3,4,4,0,1,0,3,1,0,1,16,18,0,8,12,7,13,8,55,45,1.25,1.22,0.98,1.78,3.77,54,89,66,54,35,66,93,42,85,7.92,4.54,3.31,3.77,2.14,1.22,1.73,2.30,4.75,1.57,2.25,Holstein-Stadion (Kiel)
1743269400,Mar 29 2025 - 5:30pm,complete,N/A,Eintracht Frankfurt,Stuttgart,Deniz Aytekin,27,1.85,1.42,2.06,1.40,1,0,1,0,0,0,"70","",6,11,1,0,3,1,1,0,1,3,22,11,7,3,13,6,9,6,46,54,1.79,1.23,2.00,1.22,3.46,72,88,68,60,16,52,76,64,92,9.06,3.31,2.36,3.65,2.97,1.18,1.47,2.30,4.20,1.50,2.50,Deutsche Bank Park (Frankfurt am Main)
1743341400,Mar 30 2025 - 1:30pm,complete,N/A,Freiburg,Union Berlin,Sören Storks,27,2.17,0.85,1.93,1.00,1,2,3,2,1,1,"29","30,48",3,3,3,0,4,0,0,3,0,4,11,12,4,7,6,4,8,11,72,28,1.46,1.27,1.29,1.33,2.97,45,76,65,41,24,33,76,52,84,9.98,4.23,2.04,3.45,3.95,1.35,2.00,3.80,7.50,1.95,1.80,Europa-Park Stadion (Freiburg im Breisgau)
1743348600,Mar 30 2025 - 3:30pm,complete,N/A,Borussia Dortmund,Mainz 05,Daniel Schlager,27,1.85,1.77,2.00,1.44,3,1,4,2,2,0,"39,42,72","76",6,4,2,0,0,0,1,1,0,0,22,17,8,4,11,8,10,8,44,56,1.64,1.27,2.14,1.49,3.43,62,85,69,42,27,50,81,58,85,10.00,4.69,1.70,4.20,4.80,1.22,1.67,2.80,5.25,1.67,2.10,SIGNAL IDUNA PARK (Dortmund)
1743791400,Apr 04 2025 - 6:30pm,complete,30660,Augsburg,Bayern München,Matthias Jöllenbeck,28,1.69,2.15,1.53,2.27,1,3,4,2,1,1,"30","42,60,90'3",2,4,3,1,0,0,2,2,0,0,8,24,4,9,3,12,8,8,30,70,1.52,1.81,0.91,2.50,2.73,54,66,54,35,23,35,66,50,74,12.61,4.69,7.10,4.80,1.46,1.20,1.67,2.30,5.00,1.91,1.91,WWK Arena (Augsburg)
1743859800,Apr 05 2025 - 1:30pm,complete,N/A,RB Leipzig,Hoffenheim,Robert Hartmann,28,1.92,1.00,1.93,0.87,3,1,4,3,2,1,"24,43,84","11",8,2,0,0,3,1,0,0,2,2,22,11,6,6,12,4,10,12,67,33,1.53,1.21,1.90,1.18,2.73,54,73,54,42,12,54,70,38,77,10.23,4.39,1.54,4.75,5.80,1.11,1.68,2.25,3.56,1.62,2.20,Red Bull Arena (Leipzig)
1743859800,Apr 05 2025 - 1:30pm,complete,15000,Heidenheim,Bayer Leverkusen,Tobias Stieler,28,0.77,2.23,0.67,2.20,0,1,1,0,0,0,"","90'1",4,0,1,0,0,0,1,0,0,0,12,7,3,3,9,4,14,10,49,51,1.46,1.65,1.20,0.96,3.16,54,89,62,46,19,50,85,39,81,11.23,2.77,6.50,4.90,1.48,1.16,1.57,2.21,4.85,1.80,1.95,Voith-Arena (Heidenheim an der Brenz)
1743859800,Apr 05 2025 - 1:30pm,complete,N/A,Freiburg,Borussia Dortmund,Felix Zwayer,28,2.00,0.85,1.93,1.13,1,4,5,1,0,1,"88","34,51,68,78",3,4,1,0,0,0,0,1,0,0,16,25,4,8,9,11,8,6,54,46,1.45,1.52,1.37,2.03,3.04,62,85,66,39,19,50,81,46,81,9.85,5.08,3.06,3.59,2.33,1.18,1.81,2.63,4.70,1.67,2.10,Europa-Park Stadion (Freiburg im Breisgau)
1743859800,Apr 05 2025 - 1:30pm,complete,N/A,Mainz 05,Holstein Kiel,Frank Willenborg,28,1.69,0.46,1.60,0.53,1,1,2,1,0,1,"75","34",4,4,3,0,4,0,1,2,1,3,17,10,4,6,10,4,12,8,58,42,1.43,1.21,1.64,1.27,3.20,69,92,62,46,16,43,85,54,85,9.24,4.84,1.50,4.80,6.30,1.14,1.61,2.37,4.25,1.80,1.95,MEWA ARENA (Mainz)
1743859800,Apr 05 2025 - 1:30pm,complete,26000,Bochum,Stuttgart,Felix Brych,28,0.92,1.31,0.81,1.40,0,4,4,2,0,2,"","8,11,48,85",2,4,1,0,1,0,0,1,0,1,12,18,2,7,9,8,17,13,54,46,1.48,1.23,0.87,1.46,2.77,50,73,50,46,8,50,66,46,85,9.93,4.08,3.23,3.80,2.17,1.13,1.55,2.55,3.82,1.53,2.38,Vonovia Ruhrstadion (Bochum)
1743870600,Apr 05 2025 - 4:30pm,complete,42100,Werder Bremen,Eintracht Frankfurt,Daniel Siebert,28,1.00,1.62,1.25,1.47,2,0,2,1,1,0,"28,84","",5,6,3,0,3,0,1,2,1,2,15,11,5,0,8,10,8,15,37,63,1.51,1.49,1.40,0.95,3.35,66,85,69,50,23,46,89,58,81,9.38,4.23,2.68,3.66,2.58,1.13,1.57,2.17,3.90,1.44,2.63,Weserstadion (Bremen)
1743946200,Apr 06 2025 - 1:30pm,complete,N/A,St. Pauli,Borussia M'gladbach,Christian Dingert,28,0.92,1.54,0.93,1.31,1,1,2,1,0,1,"85","45'2",11,2,0,0,2,0,0,0,0,2,37,6,10,4,17,2,6,13,64,36,1.26,1.40,3.03,0.79,2.42,42,73,46,20,8,16,66,50,81,8.70,2.54,2.60,3.45,2.77,1.28,1.81,3.00,5.75,1.67,2.10,Millerntor-Stadion (Hamburg)
1743953400,Apr 06 2025 - 3:30pm,complete,N/A,Union Berlin,Wolfsburg,Harm Osmers,28,1.31,1.77,1.40,1.60,1,0,1,0,0,0,"63","",6,4,0,0,1,0,0,0,0,1,15,18,4,4,10,9,13,14,45,55,1.50,1.27,1.49,1.45,2.62,66,73,50,23,16,50,73,39,62,8.92,5.70,2.52,3.30,2.98,1.33,1.93,3.45,6.50,1.75,2.00,Stadion An der Alten Försterei (Berlin)
1744396200,Apr 11 2025 - 6:30pm,complete,N/A,Wolfsburg,RB Leipzig,Florian Exner,29,1.07,1.21,0.94,1.25,2,3,5,2,0,2,"58,75","11,26,49",8,5,2,0,3,0,1,1,2,1,21,22,7,6,11,11,14,13,47,53,1.50,1.25,2.03,1.88,2.97,61,68,50,40,29,36,68,47,75,8.14,4.36,2.52,3.82,2.65,1.17,1.61,2.45,4.15,1.53,2.38,Volkswagen Arena (Wolfsburg)
1744464600,Apr 12 2025 - 1:30pm,complete,30210,Bayer Leverkusen,Union Berlin,Bastian Dankert,29,2.14,1.00,2.13,1.00,0,0,0,0,0,0,"","",7,3,2,0,1,0,0,2,0,1,19,11,5,4,13,4,9,14,75,25,2.03,1.28,2.19,0.98,3.22,54,79,64,43,25,43,75,47,90,12.78,4.36,1.34,5.60,9.10,1.21,1.55,2.15,4.85,2.00,1.75,BayArena (Leverkusen)
1744464600,Apr 12 2025 - 1:30pm,complete,N/A,Hoffenheim,Mainz 05,Sven Jablonski,29,1.00,1.64,1.06,1.44,2,0,2,2,2,0,"4,32","",4,7,4,0,1,1,2,2,0,2,11,18,6,2,3,13,20,11,36,64,1.77,1.29,1.18,1.57,3.43,68,86,64,47,25,43,86,57,86,8.86,3.86,2.97,3.47,2.43,1.22,1.65,2.25,4.75,1.57,2.25,PreZero Arena (Sinsheim)
1744464600,Apr 12 2025 - 1:30pm,complete,N/A,Borussia M'gladbach,Freiburg,Deniz Aytekin,29,1.64,1.14,1.53,1.38,1,2,3,2,1,1,"14","16,90",4,6,0,0,1,0,0,0,0,1,14,21,2,7,9,10,4,11,42,58,1.47,1.25,1.07,2.10,2.86,47,72,54,43,22,36,61,54,83,8.22,3.50,2.25,3.64,3.18,1.18,1.60,2.57,4.60,1.53,2.38,BORUSSIA-PARK (Mönchengladbach)
1744464600,Apr 12 2025 - 1:30pm,complete,N/A,Bochum,Augsburg,Martin Petersen,29,0.86,1.21,0.81,1.25,1,2,3,1,0,1,"60","16,90",7,6,2,0,1,1,1,1,0,2,26,13,10,6,11,3,14,9,52,48,1.43,1.07,2.45,1.34,2.79,40,79,47,40,11,50,68,43,75,8.43,4.28,2.43,3.51,2.96,1.29,2.00,3.48,6.80,1.75,2.00,Vonovia Ruhrstadion (Bochum)
1744464600,Apr 12 2025 - 1:30pm,complete,N/A,Holstein Kiel,St. Pauli,Benjamin Brand,29,0.79,0.93,0.88,1.06,1,2,3,2,1,1,"21","34,90'2",3,3,3,0,4,0,0,3,1,3,8,18,3,7,4,8,9,7,52,48,1.23,1.20,0.83,1.71,3.04,43,86,50,32,18,54,90,36,75,7.43,4.22,2.92,3.45,2.48,1.28,1.84,1.95,5.95,1.70,2.05,Holstein-Stadion (Kiel)
1744475400,Apr 12 2025 - 4:30pm,complete,75000,Bayern München,Borussia Dortmund,Tobias Welz,29,2.64,1.00,2.56,1.13,2,2,4,0,0,0,"65,69","48,75",6,5,0,0,0,0,0,0,0,0,34,16,12,4,17,8,8,5,62,38,2.48,1.56,3.14,1.22,3.72,57,97,72,50,36,54,79,61,90,12.28,4.15,1.41,5.60,7.00,1.08,1.35,2.01,3.10,1.57,2.25,Allianz Arena (München)
1744551000,Apr 13 2025 - 1:30pm,complete,60000,Stuttgart,Werder Bremen,Daniel Schlager,29,1.43,1.64,1.25,1.73,1,2,3,2,1,1,"19","32,90",3,4,2,1,2,0,1,2,2,0,15,19,5,6,8,9,12,13,48,52,1.80,1.26,1.42,1.63,3.79,65,90,75,50,36,40,86,65,93,10.36,4.78,1.61,4.75,4.90,1.07,1.43,2.05,3.48,1.50,2.50,MHPArena (Stuttgart)
1744558200,Apr 13 2025 - 3:30pm,complete,N/A,Eintracht Frankfurt,Heidenheim,Timo Gerach,29,1.93,0.86,2.06,0.94,3,0,3,2,2,0,"10,42,71","",5,3,1,0,1,0,1,0,1,0,20,16,9,4,11,11,6,7,44,56,1.81,1.31,2.19,1.52,3.57,64,83,57,50,33,47,86,57,82,8.36,4.07,1.71,4.40,4.50,1.14,1.62,2.10,4.50,1.67,2.10,Deutsche Bank Park (Frankfurt am Main)
1745069400,Apr 19 2025 - 1:30pm,complete,45940,RB Leipzig,Holstein Kiel,Felix Brych,30,2.00,0.50,1.93,0.53,1,1,2,1,0,1,"74","44",9,7,1,0,2,0,1,0,1,1,13,18,5,4,6,10,5,9,61,39,1.56,1.22,1.43,1.42,3.50,75,86,75,61,22,54,90,50,86,9.93,4.43,1.38,5.70,7.50,0.00,1.38,2.01,0.00,1.70,2.05,N/A
1745069400,Apr 19 2025 - 1:30pm,complete,15000,Heidenheim,Bayern München,Frank Willenborg,30,0.71,2.21,0.67,2.27,0,4,4,3,0,3,"","13,19,36,56",4,4,3,0,1,0,3,0,0,1,5,22,2,12,3,7,8,11,32,68,1.44,1.86,0.59,2.40,3.04,47,79,61,43,18,36,75,57,90,11.64,3.07,9.40,6.20,1.30,0.00,1.37,1.91,2.06,1.70,2.05,N/A
1745069400,Apr 19 2025 - 1:30pm,complete,N/A,Werder Bremen,Bochum,Robert Schröder,30,1.14,0.43,1.25,0.40,1,0,1,0,0,0,"80","",2,7,3,0,3,1,1,2,1,3,17,22,5,2,10,12,9,20,48,52,1.50,1.25,1.50,1.47,3.36,61,83,61,47,25,47,83,57,83,8.92,4.93,1.91,4.20,3.68,0.00,1.60,2.30,0.00,1.57,2.25,N/A
1745069400,Apr 19 2025 - 1:30pm,complete,N/A,Freiburg,Hoffenheim,Sascha Stegemann,30,1.86,0.93,1.93,0.87,3,2,5,4,2,2,"28,36,57","45'2,45'5",2,6,3,0,2,0,0,3,1,1,16,26,7,7,6,13,14,13,39,61,1.44,1.21,1.53,2.10,2.89,61,75,65,47,18,50,75,47,79,8.43,4.50,1.96,3.78,3.83,0.00,1.70,0.00,0.00,1.62,2.20,N/A
1745069400,Apr 19 2025 - 1:30pm,complete,N/A,Mainz 05,Wolfsburg,Felix Zwayer,30,1.64,1.64,1.60,1.60,2,2,4,3,2,1,"37,40","3,89",7,5,2,0,3,0,0,2,0,3,23,17,8,5,11,12,15,8,52,48,1.45,1.28,2.11,1.70,2.72,57,82,43,29,15,36,68,50,79,9.86,5.43,1.93,3.79,3.94,0.00,1.70,1.95,0.00,1.67,2.10,N/A
1745080200,Apr 19 2025 - 4:30pm,complete,N/A,Union Berlin,Stuttgart,Tobias Stieler,30,1.43,1.43,1.40,1.40,4,4,8,8,4,4,"5,19,38,45'6","23,29,43,45'1",3,5,0,0,2,0,0,0,1,1,16,18,6,7,8,7,8,9,22,78,1.49,1.25,1.50,1.86,2.40,57,72,50,29,0,50,68,32,72,8.93,4.64,3.08,3.64,2.30,0.00,1.70,0.00,0.00,1.62,2.20,N/A
1745155800,Apr 20 2025 - 1:30pm,complete,N/A,Augsburg,Eintracht Frankfurt,Florian Badstübner,30,1.57,1.50,1.53,1.47,0,0,0,0,0,0,"","",3,9,2,0,1,0,0,2,0,1,16,10,3,6,11,3,6,8,45,55,1.48,1.46,1.36,1.30,2.71,57,75,57,36,11,36,75,47,75,9.93,4.79,2.62,3.45,2.77,1.30,1.86,3.10,6.00,1.70,2.05,N/A
1745163000,Apr 20 2025 - 3:30pm,complete,N/A,Borussia Dortmund,Borussia M'gladbach,Daniel Siebert,30,1.93,1.50,2.00,1.31,3,2,5,4,3,1,"41,44,45'4","24,56",6,2,1,0,2,0,0,1,1,1,18,9,7,4,8,3,13,10,60,40,1.68,1.35,1.89,1.08,3.36,71,93,68,40,22,36,79,68,93,10.50,3.78,1.41,5.60,6.80,1.10,1.34,1.89,3.00,1.53,2.38,N/A
1745170200,Apr 20 2025 - 5:30pm,complete,N/A,St. Pauli,Bayer Leverkusen,Sören Storks,30,0.93,2.29,0.93,2.20,1,1,2,1,0,1,"78","32",4,4,1,0,4,0,0,1,0,4,11,7,6,5,3,2,12,12,43,57,1.39,1.60,1.38,1.20,2.54,46,72,39,29,18,36,72,29,71,10.64,2.36,5.00,3.91,1.73,1.33,1.90,3.55,7.00,1.95,1.80,N/A
1745605800,Apr 25 2025 - 6:30pm,complete,60000,Stuttgart,Heidenheim,Tobias Welz,31,1.33,0.80,1.25,0.94,0,1,1,0,0,0,"","89",6,5,0,0,4,0,0,0,2,2,24,7,4,3,16,4,14,16,70,30,1.78,1.33,2.04,0.85,3.60,67,87,67,44,33,40,90,60,83,8.80,5.33,1.54,4.80,5.70,0.00,1.47,2.30,0.00,1.67,2.10,N/A
1745674200,Apr 26 2025 - 1:30pm,complete,29563,Bayer Leverkusen,Augsburg,Christian Dingert,31,2.07,1.33,2.13,1.25,2,0,2,2,2,0,"13,45'1","",3,7,0,0,1,0,0,0,0,1,19,15,6,3,9,9,10,10,53,47,2.04,1.09,1.77,1.33,3.07,57,80,60,43,17,47,70,47,77,10.94,4.60,1.35,5.40,9.20,0.00,1.81,1.99,0.00,2.05,1.70,N/A
1745674200,Apr 26 2025 - 1:30pm,complete,75000,Bayern München,Mainz 05,Bastian Dankert,31,2.53,1.53,2.56,1.44,3,0,3,2,2,0,"27,40,84","",4,4,2,0,2,0,1,1,1,1,17,9,7,4,8,5,13,17,59,41,2.52,1.31,1.82,1.06,3.74,53,90,77,54,34,57,80,64,83,10.74,3.54,1.23,7.50,12.00,0.00,1.33,1.98,0.00,1.75,2.00,N/A
1745674200,Apr 26 2025 - 1:30pm,complete,N/A,Hoffenheim,Borussia Dortmund,Benjamin Brand,31,1.13,1.00,1.06,1.13,2,3,5,1,0,1,"61,90","20,74,90'5",2,5,5,0,1,0,0,5,1,0,14,19,4,9,8,8,17,9,37,63,1.73,1.53,1.30,2.10,3.34,70,93,57,44,24,40,80,54,87,10.46,4.33,3.86,4.10,1.87,0.00,1.41,2.15,0.00,1.44,2.63,N/A
1745674200,Apr 26 2025 - 1:30pm,complete,N/A,Wolfsburg,Freiburg,Sven Jablonski,31,1.00,1.27,0.94,1.38,0,1,1,0,0,0,"","49",3,2,3,1,1,0,3,1,0,1,11,17,2,3,8,12,6,9,43,57,1.54,1.31,1.18,1.64,3.07,60,74,57,47,23,30,70,54,84,8.67,3.47,2.27,3.70,3.08,1.81,1.73,0.00,0.00,1.62,2.20,N/A
1745674200,Apr 26 2025 - 1:30pm,complete,N/A,Holstein Kiel,Borussia M'gladbach,Robert Hartmann,31,0.73,1.40,0.88,1.31,4,3,7,2,2,0,"15,23,76,90'1","60,69,86",7,8,2,0,1,0,0,2,1,0,26,19,12,8,10,9,13,11,37,63,1.20,1.34,2.48,1.95,3.44,63,93,67,40,24,50,90,50,87,7.27,4.00,3.07,3.81,2.24,0.00,1.43,2.20,0.00,1.44,2.63,N/A
1745685000,Apr 26 2025 - 4:30pm,complete,N/A,Eintracht Frankfurt,RB Leipzig,Matthias Jöllenbeck,31,2.00,1.33,2.06,1.25,4,0,4,1,1,0,"21,53,67,71","",8,4,1,0,2,1,0,1,0,3,11,8,7,4,3,4,10,13,46,54,1.83,1.29,1.50,1.09,3.20,57,74,57,43,30,50,70,50,80,8.60,3.53,2.38,3.80,2.84,0.00,1.48,2.15,0.00,1.44,2.63,N/A
1745760600,Apr 27 2025 - 1:30pm,complete,N/A,Bochum,Union Berlin,Deniz Aytekin,31,0.80,1.00,0.81,1.00,1,1,2,1,0,1,"68","17",10,4,3,0,2,0,1,2,2,0,15,6,5,2,6,4,12,9,66,34,1.50,1.26,1.43,0.75,2.74,37,73,50,34,17,40,70,44,84,10.40,4.00,2.41,3.41,3.05,0.00,1.88,0.00,0.00,1.67,2.10,N/A
1745767800,Apr 27 2025 - 3:30pm,complete,N/A,Werder Bremen,St. Pauli,Tobias Reichel,31,1.27,1.07,1.25,1.06,0,0,0,0,0,0,"","",1,3,2,0,2,1,0,2,0,3,15,15,3,5,9,6,9,16,51,49,1.50,1.23,1.26,1.37,2.77,47,77,50,30,17,44,80,37,77,8.87,4.40,1.96,3.78,3.82,0.00,1.84,0.00,0.00,1.70,2.05,N/A
1746210600,May 02 2025 - 6:30pm,incomplete,N/A,Heidenheim,Bochum,N/A,32,0.67,0.40,0.67,0.40,0,0,0,0,0,0,"","",-1,-1,-1,-1,-1,-1,-1,-1,-1,-1,-1,-1,-1,-1,-1,-1,-1,-1,-1,-1,1.38,1.26,0.00,0.00,3.00,44,80,57,40,10,37,73,50,90,9.00,4.00,2.29,3.62,3.11,0.00,1.67,0.00,0.00,1.62,2.20,Voith-Arena (Heidenheim an der Brenz)
1746279000,May 03 2025 - 1:30pm,incomplete,N/A,RB Leipzig,Bayern München,N/A,32,1.93,2.27,1.93,2.27,0,0,0,0,0,0,"","",-1,-1,-1,-1,-1,-1,-1,-1,-1,-1,-1,-1,-1,-1,-1,-1,-1,-1,-1,-1,1.55,1.90,0.00,0.00,3.24,60,80,64,50,23,50,80,50,84,12.80,3.67,4.50,4.70,1.66,0.00,1.36,1.93,0.00,0.00,0.00,Leipzig Stadium (Leipzig)
1746279000,May 03 2025 - 1:30pm,incomplete,N/A,Borussia M'gladbach,Hoffenheim,N/A,32,1.53,0.87,1.53,0.87,0,0,0,0,0,0,"","",-1,-1,-1,-1,-1,-1,-1,-1,-1,-1,-1,-1,-1,-1,-1,-1,-1,-1,-1,-1,1.44,1.27,0.00,0.00,2.90,60,77,57,44,20,57,67,43,84,8.94,4.40,2.01,4.10,3.45,0.00,1.45,2.15,0.00,0.00,0.00,BORUSSIA-PARK (Mönchengladbach)
1746279000,May 03 2025 - 1:30pm,incomplete,N/A,Union Berlin,Werder Bremen,N/A,32,1.40,1.73,1.40,1.73,0,0,0,0,0,0,"","",-1,-1,-1,-1,-1,-1,-1,-1,-1,-1,-1,-1,-1,-1,-1,-1,-1,-1,-1,-1,1.50,1.29,0.00,0.00,2.97,57,77,57,27,20,53,80,27,70,8.86,4.47,2.53,3.62,2.75,0.00,1.83,0.00,0.00,0.00,0.00,Stadion An der Alten Försterei (Berlin)
1746279000,May 03 2025 - 1:30pm,incomplete,N/A,St. Pauli,Stuttgart,N/A,32,0.93,1.40,0.93,1.40,0,0,0,0,0,0,"","",-1,-1,-1,-1,-1,-1,-1,-1,-1,-1,-1,-1,-1,-1,-1,-1,-1,-1,-1,-1,1.39,1.29,0.00,0.00,2.50,44,70,44,34,4,30,64,40,80,9.33,3.13,2.98,3.53,2.40,0.00,1.80,0.00,0.00,0.00,0.00,Millerntor-Stadion (Hamburg)
1746289800,May 03 2025 - 4:30pm,incomplete,N/A,Borussia Dortmund,Wolfsburg,N/A,32,2.00,1.60,2.00,1.60,0,0,0,0,0,0,"","",-1,-1,-1,-1,-1,-1,-1,-1,-1,-1,-1,-1,-1,-1,-1,-1,-1,-1,-1,-1,1.69,1.31,0.00,0.00,3.47,70,83,67,50,30,50,74,64,87,10.93,5.06,1.39,5.80,7.00,0.00,1.36,1.95,0.00,0.00,0.00,BVB Stadion Dortmund (Dortmund)
1746365400,May 04 2025 - 1:30pm,incomplete,N/A,Augsburg,Holstein Kiel,N/A,32,1.53,0.53,1.53,0.53,0,0,0,0,0,0,"","",-1,-1,-1,-1,-1,-1,-1,-1,-1,-1,-1,-1,-1,-1,-1,-1,-1,-1,-1,-1,1.47,1.23,0.00,0.00,2.94,70,73,64,47,17,40,77,47,77,9.34,5.20,1.85,3.78,4.33,0.00,1.85,0.00,0.00,0.00,0.00,WWK Arena (Augsburg)
1746372600,May 04 2025 - 3:30pm,incomplete,N/A,Freiburg,Bayer Leverkusen,N/A,32,1.93,2.20,1.93,2.20,0,0,0,0,0,0,"","",-1,-1,-1,-1,-1,-1,-1,-1,-1,-1,-1,-1,-1,-1,-1,-1,-1,-1,-1,-1,1.45,1.57,0.00,0.00,3.30,70,84,67,50,33,54,87,40,77,9.80,3.67,3.25,3.50,2.26,0.00,1.70,0.00,0.00,0.00,0.00,Europa-Park Stadion (Freiburg im Breisgau)
1746379800,May 04 2025 - 5:30pm,incomplete,N/A,Mainz 05,Eintracht Frankfurt,N/A,32,1.60,1.47,1.60,1.47,0,0,0,0,0,0,"","",-1,-1,-1,-1,-1,-1,-1,-1,-1,-1,-1,-1,-1,-1,-1,-1,-1,-1,-1,-1,1.49,1.45,0.00,0.00,2.70,57,90,47,30,7,33,80,43,80,10.20,4.40,2.41,3.75,2.83,0.00,1.60,0.00,0.00,0.00,0.00,MEWA ARENA (Mainz)
1746815400,May 09 2025 - 6:30pm,incomplete,N/A,Wolfsburg,Hoffenheim,N/A,33,0.94,0.87,0.94,0.87,0,0,0,0,0,0,"","",-1,-1,-1,-1,-1,-1,-1,-1,-1,-1,-1,-1,-1,-1,-1,-1,-1,-1,-1,-1,1.52,1.27,0.00,0.00,3.02,68,74,55,49,22,46,71,45,84,9.13,4.72,0.00,0.00,0.00,0.00,0.00,0.00,0.00,0.00,0.00,Volkswagen Arena (Wolfsburg)
1746883800,May 10 2025 - 1:30pm,incomplete,N/A,Werder Bremen,RB Leipzig,N/A,33,1.25,1.25,1.25,1.25,0,0,0,0,0,0,"","",-1,-1,-1,-1,-1,-1,-1,-1,-1,-1,-1,-1,-1,-1,-1,-1,-1,-1,-1,-1,1.48,1.28,0.00,0.00,2.88,47,66,53,41,28,44,69,44,72,8.06,4.82,0.00,0.00,0.00,0.00,0.00,0.00,0.00,0.00,0.00,wohninvest WESERSTADION (Bremen)
1746883800,May 10 2025 - 1:30pm,incomplete,N/A,Union Berlin,Heidenheim,N/A,33,1.40,0.94,1.40,0.94,0,0,0,0,0,0,"","",-1,-1,-1,-1,-1,-1,-1,-1,-1,-1,-1,-1,-1,-1,-1,-1,-1,-1,-1,-1,1.50,1.30,0.00,0.00,2.76,55,71,45,23,19,49,81,26,61,7.66,5.08,0.00,0.00,0.00,0.00,0.00,0.00,0.00,0.00,0.00,Stadion An der Alten Försterei (Berlin)
1746883800,May 10 2025 - 1:30pm,incomplete,N/A,Bochum,Mainz 05,N/A,33,0.81,1.44,0.81,1.44,0,0,0,0,0,0,"","",-1,-1,-1,-1,-1,-1,-1,-1,-1,-1,-1,-1,-1,-1,-1,-1,-1,-1,-1,-1,1.50,1.29,0.00,0.00,2.97,47,78,57,38,16,57,82,44,78,9.44,4.06,0.00,0.00,0.00,0.00,0.00,0.00,0.00,0.00,0.00,Vonovia Ruhrstadion (Bochum)
1746883800,May 10 2025 - 1:30pm,incomplete,N/A,Holstein Kiel,Freiburg,N/A,33,0.88,1.38,0.88,1.38,0,0,0,0,0,0,"","",-1,-1,-1,-1,-1,-1,-1,-1,-1,-1,-1,-1,-1,-1,-1,-1,-1,-1,-1,-1,1.28,1.33,0.00,0.00,3.22,47,79,60,44,22,50,78,44,81,7.07,3.76,0.00,0.00,0.00,0.00,0.00,0.00,0.00,0.00,0.00,Holstein-Stadion (Kiel)
1746894600,May 10 2025 - 4:30pm,incomplete,N/A,Bayern München,Borussia M'gladbach,N/A,33,2.56,1.31,2.56,1.31,0,0,0,0,0,0,"","",-1,-1,-1,-1,-1,-1,-1,-1,-1,-1,-1,-1,-1,-1,-1,-1,-1,-1,-1,-1,2.48,1.37,0.00,0.00,3.82,63,97,79,51,35,44,78,69,94,10.94,2.87,0.00,0.00,0.00,0.00,0.00,0.00,0.00,0.00,0.00,Fußball Arena München (München)
1746970200,May 11 2025 - 1:30pm,incomplete,N/A,Bayer Leverkusen,Borussia Dortmund,N/A,33,2.13,1.13,2.13,1.13,0,0,0,0,0,0,"","",-1,-1,-1,-1,-1,-1,-1,-1,-1,-1,-1,-1,-1,-1,-1,-1,-1,-1,-1,-1,2.02,1.57,0.00,0.00,3.28,66,85,63,47,25,50,75,47,82,12.51,4.38,0.00,0.00,0.00,0.00,0.00,0.00,0.00,0.00,0.00,BayArena (Leverkusen)
1746977400,May 11 2025 - 3:30pm,incomplete,N/A,Eintracht Frankfurt,St. Pauli,N/A,33,2.06,1.06,2.06,1.06,0,0,0,0,0,0,"","",-1,-1,-1,-1,-1,-1,-1,-1,-1,-1,-1,-1,-1,-1,-1,-1,-1,-1,-1,-1,1.81,1.24,0.00,0.00,2.97,51,82,54,35,16,44,78,44,82,9.31,3.25,0.00,0.00,0.00,0.00,0.00,0.00,0.00,0.00,0.00,Frankfurt Arena (Frankfurt am Main)
1746984600,May 11 2025 - 5:30pm,incomplete,N/A,Stuttgart,Augsburg,N/A,33,1.25,1.25,1.25,1.25,0,0,0,0,0,0,"","",-1,-1,-1,-1,-1,-1,-1,-1,-1,-1,-1,-1,-1,-1,-1,-1,-1,-1,-1,-1,1.79,1.10,0.00,0.00,3.19,60,88,63,38,19,38,75,57,82,9.31,4.94,0.00,0.00,0.00,0.00,0.00,0.00,0.00,0.00,0.00,Stuttgart Arena (Stuttgart)
1747488600,May 17 2025 - 1:30pm,incomplete,N/A,RB Leipzig,Stuttgart,N/A,34,1.93,1.40,1.93,1.40,0,0,0,0,0,0,"","",-1,-1,-1,-1,-1,-1,-1,-1,-1,-1,-1,-1,-1,-1,-1,-1,-1,-1,-1,-1,1.55,1.29,0.00,0.00,3.14,60,80,64,54,10,53,74,43,84,10.80,4.07,0.00,0.00,0.00,0.00,0.00,0.00,0.00,0.00,0.00,N/A
1747488600,May 17 2025 - 1:30pm,incomplete,N/A,Borussia Dortmund,Holstein Kiel,N/A,34,2.00,0.53,2.00,0.53,0,0,0,0,0,0,"","",-1,-1,-1,-1,-1,-1,-1,-1,-1,-1,-1,-1,-1,-1,-1,-1,-1,-1,-1,-1,1.69,1.23,0.00,0.00,3.77,83,93,77,60,30,50,90,64,93,10.40,4.60,0.00,0.00,0.00,0.00,0.00,0.00,0.00,0.00,0.00,Signal-Iduna-Park
1747488600,May 17 2025 - 1:30pm,incomplete,N/A,Hoffenheim,Bayern München,N/A,34,1.06,2.27,1.06,2.27,0,0,0,0,0,0,"","",-1,-1,-1,-1,-1,-1,-1,-1,-1,-1,-1,-1,-1,-1,-1,-1,-1,-1,-1,-1,1.71,1.90,0.00,0.00,3.52,68,87,62,52,32,39,84,65,88,11.46,3.74,0.00,0.00,0.00,0.00,0.00,0.00,0.00,0.00,0.00,WIRSOL Rhein-Neckar-Arena
1747488600,May 17 2025 - 1:30pm,incomplete,N/A,Heidenheim,Werder Bremen,N/A,34,0.67,1.73,0.67,1.73,0,0,0,0,0,0,"","",-1,-1,-1,-1,-1,-1,-1,-1,-1,-1,-1,-1,-1,-1,-1,-1,-1,-1,-1,-1,1.38,1.29,0.00,0.00,3.20,40,84,67,44,17,43,80,44,93,9.40,3.53,0.00,0.00,0.00,0.00,0.00,0.00,0.00,0.00,0.00,Voith-Arena
1747488600,May 17 2025 - 1:30pm,incomplete,N/A,Freiburg,Eintracht Frankfurt,N/A,34,1.93,1.47,1.93,1.47,0,0,0,0,0,0,"","",-1,-1,-1,-1,-1,-1,-1,-1,-1,-1,-1,-1,-1,-1,-1,-1,-1,-1,-1,-1,1.45,1.45,0.00,0.00,3.17,64,84,70,47,23,40,87,53,80,8.93,4.00,0.00,0.00,0.00,0.00,0.00,0.00,0.00,0.00,0.00,Schwarzwald-Stadion
1747488600,May 17 2025 - 1:30pm,incomplete,N/A,Augsburg,Union Berlin,N/A,34,1.53,1.00,1.53,1.00,0,0,0,0,0,0,"","",-1,-1,-1,-1,-1,-1,-1,-1,-1,-1,-1,-1,-1,-1,-1,-1,-1,-1,-1,-1,1.47,1.23,0.00,0.00,2.35,43,64,49,26,13,29,61,36,74,10.35,4.98,0.00,0.00,0.00,0.00,0.00,0.00,0.00,0.00,0.00,WWK Arena
1747488600,May 17 2025 - 1:30pm,incomplete,N/A,Mainz 05,Bayer Leverkusen,N/A,34,1.60,2.20,1.60,2.20,0,0,0,0,0,0,"","",-1,-1,-1,-1,-1,-1,-1,-1,-1,-1,-1,-1,-1,-1,-1,-1,-1,-1,-1,-1,1.49,1.57,0.00,0.00,2.84,63,90,43,34,17,47,80,30,77,11.07,4.07,0.00,0.00,0.00,0.00,0.00,0.00,0.00,0.00,0.00,N/A
1747488600,May 17 2025 - 1:30pm,incomplete,N/A,Borussia M'gladbach,Wolfsburg,N/A,34,1.53,1.60,1.53,1.60,0,0,0,0,0,0,"","",-1,-1,-1,-1,-1,-1,-1,-1,-1,-1,-1,-1,-1,-1,-1,-1,-1,-1,-1,-1,1.44,1.31,0.00,0.00,3.14,64,77,60,44,27,50,67,57,84,9.27,4.86,0.00,0.00,0.00,0.00,0.00,0.00,0.00,0.00,0.00,Stadion im BORUSSIA-PARK
1747488600,May 17 2025 - 1:30pm,incomplete,N/A,St. Pauli,Bochum,N/A,34,0.93,0.40,0.93,0.40,0,0,0,0,0,0,"","",-1,-1,-1,-1,-1,-1,-1,-1,-1,-1,-1,-1,-1,-1,-1,-1,-1,-1,-1,-1,1.39,1.26,0.00,0.00,2.50,44,70,37,24,10,24,67,44,80,8.93,3.60,0.00,0.00,0.00,0.00,0.00,0.00,0.00,0.00,0.00,N/A
1692383400,Aug 18 2023 - 6:30pm,complete,N/A,Werder Bremen,Bayern München,Felix Zwayer,1,0.00,0.00,1.47,1.71,0,4,4,1,0,1,"","4,74,90,90'4",0,6,2,0,1,0,1,1,0,1,7,27,2,11,5,8,17,11,28,72,0.00,0.00,0.75,2.49,0.00,0,0,0,0,0,0,0,0,0,0.00,0.00,9.00,6.40,1.28,1.09,1.33,1.88,2.90,1.62,2.20,wohninvest WESERSTADION (Bremen)
1692451800,Aug 19 2023 - 1:30pm,complete,N/A,Bayer Leverkusen,RB Leipzig,Felix Brych,1,0.00,0.00,2.65,1.65,3,2,5,3,2,1,"24,35,64","39,71",4,5,1,0,2,0,0,1,0,2,12,16,8,8,3,4,13,10,44,56,0.00,0.00,1.60,1.52,0.00,0,0,0,0,0,0,0,0,0,0.00,0.00,2.25,3.53,2.63,1.22,1.70,2.80,5.00,1.57,2.25,BayArena (Leverkusen)
1692451800,Aug 19 2023 - 1:30pm,complete,N/A,Wolfsburg,Heidenheim,Florian Badstübner,1,0.00,0.00,1.29,0.94,2,0,2,2,2,0,"6,27","",1,7,3,0,0,0,2,1,0,0,19,15,9,2,7,6,10,9,48,52,0.00,0.00,1.89,1.05,0.00,0,0,0,0,0,0,0,0,0,0.00,0.00,1.51,4.25,4.90,1.20,1.60,2.70,4.75,1.70,2.05,VOLKSWAGEN ARENA (Wolfsburg)
1692451800,Aug 19 2023 - 1:30pm,complete,N/A,Hoffenheim,Freiburg,Sven Jablonski,1,0.00,0.00,1.35,1.18,1,2,3,2,0,2,"50","39,45'3",4,2,0,0,1,0,0,0,1,0,23,19,5,10,7,7,9,9,50,50,0.00,0.00,1.59,2.19,0.00,0,0,0,0,0,0,0,0,0,0.00,0.00,2.20,3.52,2.70,1.22,1.61,2.70,5.00,1.57,2.25,PreZero Arena (Sinsheim)
1692451800,Aug 19 2023 - 1:30pm,complete,N/A,Augsburg,Borussia M'gladbach,Daniel Schlager,1,0.00,0.00,1.41,0.76,4,4,8,6,3,3,"29,41,45'7,76","13,27,37,90'7",8,7,1,0,2,0,1,0,2,0,21,11,8,7,7,3,9,14,56,44,0.00,0.00,1.82,1.35,0.00,0,0,0,0,0,0,0,0,0,0.00,0.00,2.53,3.58,2.32,1.19,1.57,2.40,4.50,1.50,2.50,WWK Arena (Augsburg)
1692451800,Aug 19 2023 - 1:30pm,complete,N/A,Stuttgart,Bochum,Daniel Siebert,1,0.00,0.00,2.47,0.59,5,0,5,2,2,0,"18,38,59,67,77","",7,0,1,0,1,0,1,0,1,0,22,5,10,2,6,2,5,12,60,40,0.00,0.00,2.09,0.52,0.00,0,0,0,0,0,0,0,0,0,0.00,0.00,1.60,4.05,4.30,1.20,1.61,2.60,4.50,1.67,2.10,MHP Arena (Stuttgart)
1692462600,Aug 19 2023 - 4:30pm,complete,N/A,Borussia Dortmund,Köln,Deniz Aytekin,1,0.00,0.00,1.94,0.65,1,0,1,0,0,0,"88","",6,3,1,0,0,0,0,1,0,0,14,12,3,5,6,5,11,9,67,33,0.00,0.00,1.23,1.29,0.00,0,0,0,0,0,0,0,0,0,0.00,0.00,1.40,5.15,7.32,1.13,1.41,2.23,3.40,1.62,2.20,SIGNAL IDUNA PARK (Dortmund)
1692538200,Aug 20 2023 - 1:30pm,complete,N/A,Union Berlin,Mainz 05,Tobias Stieler,1,0.00,0.00,1.35,0.71,4,1,5,2,2,0,"1,9,70,90'6","64",3,1,1,0,5,0,1,0,1,4,12,13,7,4,4,3,10,16,46,54,0.00,0.00,1.37,1.07,0.00,0,0,0,0,0,0,0,0,0,0.00,0.00,1.95,3.55,4.10,1.34,2.04,3.85,8.50,1.91,1.91,Stadion An der Alten Försterei (Berlin)
1692545400,Aug 20 2023 - 3:30pm,complete,N/A,Eintracht Frankfurt,Darmstadt 98,Harm Osmers,1,0.00,0.00,1.71,0.65,1,0,1,1,1,0,"40","",7,3,2,0,3,0,0,2,2,1,10,11,4,3,5,5,11,16,61,39,0.00,0.00,1.22,1.00,0.00,0,0,0,0,0,0,0,0,0,0.00,0.00,1.42,4.08,6.72,1.17,1.60,2.55,4.75,1.95,1.80,Deutsche Bank Park (Frankfurt am Main)
1692988200,Aug 25 2023 - 6:30pm,complete,N/A,RB Leipzig,Stuttgart,Frank Willenborg,2,0.00,0.00,2.18,1.82,5,1,6,1,0,1,"51,63,66,74,76","35",4,4,1,0,1,0,0,1,0,1,21,11,12,5,6,4,13,14,54,46,0.00,0.00,2.28,1.06,0.00,0,0,0,0,0,0,0,0,0,0.00,0.00,1.36,4.65,7.25,1.19,1.53,2.40,5.10,1.70,2.05,Red Bull Arena (Leipzig)
1693056600,Aug 26 2023 - 1:30pm,complete,N/A,Freiburg,Werder Bremen,Benjamin Brand,2,0.00,0.00,1.29,1.00,1,0,1,0,0,0,"90'6","",5,5,2,0,2,0,2,0,1,1,25,16,8,3,9,10,9,7,49,51,0.00,0.00,1.87,1.36,0.00,0,0,0,0,0,0,0,0,0,0.00,0.00,1.64,3.80,4.40,1.22,1.70,2.70,5.00,1.70,2.05,Europa-Park Stadion (Freiburg im Breisgau)
1693056600,Aug 26 2023 - 1:30pm,complete,N/A,Köln,Wolfsburg,Matthias Jöllenbeck,2,0.00,0.00,0.94,0.88,1,2,3,0,0,0,"55","62,72",6,1,1,0,5,0,0,1,0,5,14,10,3,7,10,3,7,10,49,51,0.00,0.00,1.53,1.34,0.00,0,0,0,0,0,0,0,0,0,0.00,0.00,2.42,3.30,2.61,1.24,1.68,2.85,5.00,1.57,2.25,RheinEnergieStadion (Köln)
1693056600,Aug 26 2023 - 1:30pm,complete,N/A,Bochum,Borussia Dortmund,Robert Schröder,2,0.00,0.00,1.35,1.76,1,1,2,1,1,0,"13","56",5,4,2,0,1,0,0,2,0,1,21,15,8,4,8,10,22,7,34,66,0.00,0.00,1.86,1.57,0.00,0,0,0,0,0,0,0,0,0,0.00,0.00,7.20,4.40,1.36,1.10,1.41,1.85,3.10,1.53,2.38,Vonovia Ruhrstadion (Bochum)
1693056600,Aug 26 2023 - 1:30pm,complete,N/A,Heidenheim,Hoffenheim,Robert Hartmann,2,0.00,0.00,1.53,1.35,2,3,5,1,1,0,"26,58","77,80,90",10,6,1,0,5,0,1,0,2,3,21,17,10,7,6,6,10,7,37,63,0.00,0.00,2.13,1.76,0.00,0,0,0,0,0,0,0,0,0,0.00,0.00,2.97,3.30,2.06,1.22,1.70,2.70,5.00,1.53,2.38,Voith-Arena (Heidenheim an der Brenz)
1693056600,Aug 26 2023 - 1:30pm,complete,17,Darmstadt 98,Union Berlin,Patrick Ittrich,2,0.00,0.00,0.35,0.59,1,4,5,4,1,3,"24","4,34,39,65",3,5,2,0,1,1,2,0,2,0,22,14,7,7,12,4,16,11,74,26,0.00,0.00,2.10,1.42,0.00,0,0,0,0,0,0,0,0,0,0.00,0.00,2.90,3.40,2.17,1.33,1.89,3.60,7.00,1.80,1.95,Merck-Stadion am Böllenfalltor (Darmstadt)
1693067400,Aug 26 2023 - 4:30pm,complete,N/A,Borussia M'gladbach,Bayer Leverkusen,Christian Dingert,2,0.00,0.00,1.24,2.65,0,3,3,2,0,2,"","18,45'6,53",5,8,2,0,3,0,2,0,3,0,13,25,3,12,8,6,6,8,40,60,0.00,0.00,1.22,2.45,0.00,0,0,0,0,0,0,0,0,0,0.00,0.00,3.70,3.80,1.95,1.11,1.44,2.20,1.90,1.44,2.63,Stadion im BORUSSIA-PARK (Mönchengladbach)
1693143000,Aug 27 2023 - 1:30pm,complete,N/A,Mainz 05,Eintracht Frankfurt,Bastian Dankert,2,0.00,0.00,1.35,1.06,1,1,2,1,1,0,"25","90'1",5,4,3,0,3,1,0,3,1,3,13,8,7,2,4,4,23,12,39,61,0.00,0.00,1.54,0.73,0.00,0,0,0,0,0,0,0,0,0,0.00,0.00,2.55,3.50,2.50,1.21,1.70,2.70,4.80,1.57,2.25,MEWA ARENA (Mainz)
1693150200,Aug 27 2023 - 3:30pm,complete,75000,Bayern München,Augsburg,Daniel Siebert,2,0.00,0.00,2.53,0.88,3,1,4,2,2,0,"32,40,69","86",10,4,1,0,2,0,0,1,0,2,20,11,6,3,7,6,8,3,61,39,0.00,0.00,1.70,1.00,0.00,0,0,0,0,0,0,0,0,0,0.00,0.00,1.14,11.30,21.00,1.01,1.20,1.60,2.25,1.95,1.80,Allianz Arena (München)
1693593000,Sep 01 2023 - 6:30pm,complete,N/A,Borussia Dortmund,Heidenheim,Tobias Reichel,3,3.00,0.00,1.94,0.94,2,2,4,2,2,0,"7,15","61,82",3,6,3,0,3,0,0,3,1,2,20,15,9,7,9,5,8,21,63,37,1.23,1.05,2.25,1.52,1.50,0,50,0,0,0,50,50,0,50,13.00,1.00,1.24,6.35,11.50,1.10,1.36,1.98,3.10,1.75,2.00,SIGNAL IDUNA PARK (Dortmund)
1693661400,Sep 02 2023 - 1:30pm,complete,N/A,Bayer Leverkusen,Darmstadt 98,Sven Jablonski,3,3.00,0.00,2.65,0.65,5,1,6,2,1,1,"21,49,61,67,83","24",4,2,3,0,2,0,3,0,0,2,26,6,14,2,5,0,8,12,70,30,1.60,1.00,2.83,0.40,3.00,50,50,50,50,50,50,100,50,50,7.00,4.00,1.38,4.60,6.40,1.13,1.39,2.35,3.60,1.95,1.80,BayArena (Leverkusen)
1693661400,Sep 02 2023 - 1:30pm,complete,N/A,Hoffenheim,Wolfsburg,Felix Zwayer,3,0.00,3.00,1.35,0.88,3,1,4,2,1,1,"45'2,60,74","36",3,3,2,0,2,0,2,0,1,1,11,14,6,8,4,4,9,17,46,54,1.59,1.34,1.34,1.64,3.00,100,100,100,0,0,50,50,50,100,5.00,5.00,2.33,3.45,2.63,1.15,1.49,2.30,3.75,1.44,2.63,PreZero Arena (Sinsheim)
1693661400,Sep 02 2023 - 1:30pm,complete,N/A,Werder Bremen,Mainz 05,Robert Schröder,3,0.00,0.00,1.47,0.71,4,0,4,1,1,0,"3,53,82,83","",1,7,2,0,2,0,1,1,1,1,15,14,7,4,6,7,14,12,40,60,0.75,1.07,1.57,1.39,4.50,50,100,100,100,50,50,100,100,100,1.00,7.00,2.53,3.40,2.42,1.18,1.62,2.60,4.80,1.57,2.25,wohninvest WESERSTADION (Bremen)
1693661400,Sep 02 2023 - 1:30pm,complete,N/A,Augsburg,Bochum,Martin Petersen,3,1.00,0.00,1.41,0.59,2,2,4,2,1,1,"35,62","45'3,64",3,5,2,0,2,0,2,0,0,2,12,22,5,9,6,4,15,13,42,58,1.82,0.52,1.24,1.74,6.50,50,100,100,100,100,100,100,100,100,8.00,2.00,1.91,3.40,3.21,1.20,1.65,2.65,5.00,1.62,2.20,WWK Arena (Augsburg)
1693661400,Sep 02 2023 - 1:30pm,complete,N/A,Stuttgart,Freiburg,Felix Brych,3,3.00,3.00,2.47,1.18,5,0,5,3,3,0,"8,17,19,62,75","",2,4,1,0,1,0,1,0,0,1,15,14,7,8,7,3,5,7,50,50,2.09,2.19,1.69,1.50,4.00,50,100,100,50,50,100,100,50,100,9.00,2.00,2.02,3.35,3.25,1.22,1.80,2.62,4.75,1.67,2.10,MHP Arena (Stuttgart)
1693672200,Sep 02 2023 - 4:30pm,complete,N/A,Borussia M'gladbach,Bayern München,Deniz Aytekin,3,0.00,3.00,1.24,1.71,1,2,3,1,1,0,"30","58,87",1,15,0,0,2,0,0,0,1,1,8,26,4,9,4,7,5,20,32,68,1.22,2.49,0.95,2.37,3.50,0,100,100,50,0,50,100,50,100,11.00,3.00,6.41,5.72,1.46,1.06,1.25,1.60,2.31,1.44,2.63,Stadion im BORUSSIA-PARK (Mönchengladbach)
1693747800,Sep 03 2023 - 1:30pm,complete,N/A,Eintracht Frankfurt,Köln,Florian Badstübner,3,3.00,0.00,1.71,0.65,1,1,2,1,0,1,"87","43",8,1,1,0,3,0,0,1,2,1,14,8,4,3,2,4,10,10,65,35,1.22,1.29,1.05,0.88,1.00,0,0,0,0,0,0,50,0,50,10.00,2.00,1.90,3.50,3.45,1.27,1.67,3.10,5.65,1.75,2.00,Deutsche Bank Park (Frankfurt am Main)
1693755000,Sep 03 2023 - 3:30pm,complete,N/A,Union Berlin,RB Leipzig,Daniel Schlager,3,3.00,0.00,1.35,1.65,0,3,3,0,0,0,"","51,85,87",3,7,3,1,1,0,1,3,1,0,4,15,2,8,1,4,15,9,36,64,1.37,1.52,0.61,1.61,5.00,100,100,100,100,100,100,100,100,100,8.00,3.00,3.15,3.25,2.25,1.29,2.00,3.40,7.00,1.70,2.05,Stadion An der Alten Försterei (Berlin)
1694802600,Sep 15 2023 - 6:30pm,complete,N/A,Bayern München,Bayer Leverkusen,Daniel Schlager,4,3.00,3.00,2.53,2.65,2,2,4,2,1,1,"7,86","24,90'4",7,4,0,0,3,0,0,0,1,2,17,14,10,6,4,5,6,6,52,48,1.70,2.45,2.03,1.49,3.50,50,100,100,50,0,100,100,50,100,18.00,4.00,1.50,4.60,5.80,1.09,1.36,1.83,2.85,1.40,2.75,Allianz Arena (München)
1694871000,Sep 16 2023 - 1:30pm,complete,44746,RB Leipzig,Augsburg,Sascha Stegemann,4,3.00,0.00,2.18,0.88,3,0,3,3,3,0,"6,11,27","",1,6,0,0,0,0,0,0,0,0,10,17,7,6,1,6,16,12,54,46,2.28,1.00,1.19,1.48,5.00,100,100,100,100,50,50,100,100,100,8.00,3.00,1.26,6.50,9.80,1.10,1.36,1.97,3.20,1.75,2.00,Red Bull Arena (Leipzig)
1694871000,Sep 16 2023 - 1:30pm,complete,N/A,Freiburg,Borussia Dortmund,Tobias Stieler,4,3.00,1.00,1.29,1.76,2,4,6,3,2,1,"45'2,45'6","11,60,88,90'2",6,8,2,1,3,0,0,3,1,2,16,17,5,8,6,6,12,16,50,50,1.87,1.57,1.30,1.71,1.50,50,50,0,0,0,0,50,0,100,9.00,3.00,3.00,3.90,2.20,1.17,1.53,2.30,4.00,1.44,2.63,Europa-Park Stadion (Freiburg im Breisgau)
1694871000,Sep 16 2023 - 1:30pm,complete,N/A,Wolfsburg,Union Berlin,Felix Brych,4,3.00,3.00,1.29,0.59,2,1,3,3,2,1,"12,30","28",3,7,1,0,0,0,0,1,0,0,9,20,4,7,3,11,6,5,43,57,1.89,1.42,1.02,2.07,3.50,50,100,50,50,50,100,100,0,50,6.00,5.00,2.24,3.50,3.30,1.32,1.98,3.40,6.50,1.70,2.05,VOLKSWAGEN ARENA (Wolfsburg)
1694871000,Sep 16 2023 - 1:30pm,complete,N/A,Mainz 05,Stuttgart,Harm Osmers,4,1.00,0.00,1.35,1.82,1,3,4,0,0,0,"69","56,84,90'7",6,4,1,0,2,0,1,0,0,2,16,16,4,7,6,5,11,9,39,61,1.54,1.06,1.26,1.61,4.00,100,100,50,50,50,0,100,50,100,9.00,4.00,2.60,3.70,2.70,1.24,1.75,2.85,1.99,1.57,2.25,MEWA ARENA (Mainz)
1694871000,Sep 16 2023 - 1:30pm,complete,49300,Köln,Hoffenheim,Daniel Siebert,4,0.00,3.00,0.94,1.35,1,3,4,2,0,2,"61","1,28,52",13,4,3,1,4,0,2,2,1,3,19,15,8,6,6,7,15,14,56,44,1.53,1.76,1.98,1.53,4.00,100,100,100,50,50,0,50,100,100,12.00,6.00,2.25,3.90,3.00,1.20,1.65,2.65,4.75,1.53,2.38,RheinEnergieStadion (Köln)
1694881800,Sep 16 2023 - 4:30pm,complete,N/A,Bochum,Eintracht Frankfurt,Benjamin Brand,4,1.00,1.00,1.35,1.06,1,1,2,0,0,0,"74","55",8,2,3,0,2,0,0,3,0,2,23,9,8,7,11,1,16,14,50,50,1.86,0.73,2.26,1.15,2.00,100,100,0,0,0,0,100,0,100,9.00,6.00,2.90,3.55,2.35,1.24,1.62,2.85,1.95,1.62,2.20,Vonovia Ruhrstadion (Bochum)
1694957400,Sep 17 2023 - 1:30pm,complete,N/A,Heidenheim,Werder Bremen,Patrick Ittrich,4,0.00,0.00,1.53,1.00,4,2,6,2,2,0,"5,44,68,76","49,64",10,1,1,0,1,0,0,1,0,1,20,12,6,5,8,5,21,9,41,59,2.13,1.36,1.59,1.30,3.00,50,50,50,50,50,0,50,50,100,15.00,3.00,2.30,3.60,2.90,1.20,1.71,2.60,4.50,1.53,2.38,Voith-Arena (Heidenheim an der Brenz)
1694964600,Sep 17 2023 - 3:30pm,complete,N/A,Darmstadt 98,Borussia M'gladbach,Timo Gerach,4,0.00,1.00,0.35,0.76,3,3,6,3,3,0,"8,10,33","56,73,77",6,6,1,1,1,0,0,2,1,0,16,23,9,11,4,9,11,8,36,64,2.10,1.35,1.69,2.41,6.50,100,100,100,100,100,100,100,50,100,10.00,4.00,2.90,3.50,2.35,1.26,1.67,3.00,5.50,1.62,2.20,Merck-Stadion am Böllenfalltor (Darmstadt)
1695407400,Sep 22 2023 - 6:30pm,complete,N/A,Stuttgart,Darmstadt 98,Matthias Jöllenbeck,5,3.00,0.00,2.47,0.65,3,1,4,3,2,1,"22,32,90'2","17",5,4,1,0,6,0,0,1,2,4,19,5,12,0,5,4,7,10,58,42,1.89,0.70,2.23,0.50,4.25,25,75,75,75,75,75,100,75,75,7.00,3.50,1.53,4.20,6.00,1.17,1.61,2.30,4.60,1.75,2.00,MHP Arena (Stuttgart)
1695475800,Sep 23 2023 - 1:30pm,complete,75000,Bayern München,Bochum,Robert Hartmann,5,2.00,0.50,2.53,0.59,7,0,7,4,4,0,"4,12,29,38,54,81,88","",8,1,0,0,1,0,0,0,1,0,27,6,16,2,7,2,7,7,61,39,1.86,1.13,3.18,0.65,4.25,75,100,100,100,25,100,100,100,100,11.00,2.00,1.06,9.90,17.00,1.05,1.20,1.70,2.25,1.91,1.91,Allianz Arena (München)
1695475800,Sep 23 2023 - 1:30pm,complete,N/A,Borussia Dortmund,Wolfsburg,Sven Jablonski,5,2.00,1.50,1.94,0.88,1,0,1,0,0,0,"68","",5,3,0,0,1,0,0,0,1,0,19,8,5,2,10,4,4,12,64,36,1.74,1.49,1.74,0.77,3.00,75,75,75,50,0,50,50,75,100,6.50,5.50,1.51,4.45,4.60,1.11,1.40,1.97,3.30,1.44,2.63,SIGNAL IDUNA PARK (Dortmund)
1695475800,Sep 23 2023 - 1:30pm,complete,21623,Union Berlin,Hoffenheim,Deniz Aytekin,5,1.50,3.00,1.35,1.35,0,2,2,2,0,2,"","22,38",11,6,1,0,3,0,0,1,1,2,23,12,7,4,9,3,11,14,55,45,0.99,1.64,1.98,0.98,4.25,75,100,100,75,50,50,75,100,100,8.00,7.50,2.00,3.30,3.30,1.25,1.82,3.15,6.40,1.70,2.05,Stadion An der Alten Försterei (Berlin)
1695475800,Sep 23 2023 - 1:30pm,complete,N/A,Borussia M'gladbach,RB Leipzig,Robert Schröder,5,0.00,1.50,1.24,1.65,0,1,1,0,0,0,"","75",11,6,1,0,1,0,0,1,1,0,15,9,2,5,9,0,15,7,44,56,1.09,1.57,1.13,0.94,3.50,50,100,100,25,25,50,75,75,100,9.00,2.50,4.80,4.50,1.48,1.11,1.44,2.07,3.40,1.50,2.50,Stadion im BORUSSIA-PARK (Mönchengladbach)
1695475800,Sep 23 2023 - 1:30pm,complete,N/A,Augsburg,Mainz 05,Marco Fritz,5,1.00,0.00,1.41,0.71,2,1,3,3,2,1,"15,45","6",3,4,2,1,3,0,0,3,0,3,6,15,4,4,1,4,17,16,41,59,1.53,1.23,0.87,1.17,5.25,75,100,100,100,50,75,100,100,100,9.50,5.00,2.51,3.48,2.38,1.24,1.70,2.85,1.98,1.57,2.25,WWK Arena (Augsburg)
1695486600,Sep 23 2023 - 4:30pm,complete,N/A,Werder Bremen,Köln,Bastian Dankert,5,1.50,0.50,1.47,0.65,2,1,3,2,1,1,"38,67","31",9,8,2,0,1,0,0,2,0,1,18,15,7,6,6,5,16,14,48,52,1.16,1.08,1.57,1.47,2.75,25,75,50,50,0,0,75,50,100,2.50,3.50,2.45,3.60,2.75,1.24,1.67,3.00,5.80,1.57,2.25,wohninvest WESERSTADION (Bremen)
1695562200,Sep 24 2023 - 1:30pm,complete,29557,Bayer Leverkusen,Heidenheim,Christian Dingert,5,3.00,0.50,2.65,0.94,4,1,5,1,1,0,"9,63,74,82","58",7,2,1,0,1,0,1,0,1,0,22,4,11,4,6,0,7,7,73,27,2.21,1.28,2.41,0.66,4.25,75,100,75,75,50,100,100,75,75,10.50,3.50,1.29,6.20,9.00,1.08,1.39,2.00,2.75,1.75,2.00,BayArena (Leverkusen)
1695569400,Sep 24 2023 - 3:30pm,complete,N/A,Eintracht Frankfurt,Freiburg,Felix Zwayer,5,2.00,1.50,1.71,1.18,0,0,0,0,0,0,"","",7,3,4,0,2,0,1,3,1,1,13,8,5,2,2,3,12,5,57,43,1.14,1.84,1.32,0.80,2.75,50,75,50,25,25,50,100,25,75,10.50,2.50,2.31,3.40,3.20,1.25,1.83,2.95,5.50,1.70,2.05,Deutsche Bank Park (Frankfurt am Main)
1696012200,Sep 29 2023 - 6:30pm,complete,N/A,Hoffenheim,Borussia Dortmund,Florian Badstübner,6,1.50,2.00,1.35,1.76,1,3,4,3,1,2,"25","18,45'3,90'5",4,3,3,0,4,1,1,2,1,4,16,7,4,6,8,1,14,15,52,48,1.47,1.64,1.45,1.13,3.75,100,100,75,50,25,75,100,50,100,9.50,3.00,3.00,4.20,2.15,1.12,1.35,1.98,3.40,1.40,2.75,PreZero Arena (Sinsheim)
1696080600,Sep 30 2023 - 1:30pm,complete,N/A,Wolfsburg,Eintracht Frankfurt,Frank Willenborg,6,3.00,1.00,1.29,1.06,2,0,2,1,1,0,"31,84","",7,4,1,0,5,1,0,1,3,3,19,9,9,5,6,4,11,17,53,47,1.46,0.94,1.92,1.13,2.25,75,100,25,0,0,50,75,25,50,5.00,5.00,1.93,3.35,3.20,1.30,1.78,3.30,6.50,1.75,2.00,VOLKSWAGEN ARENA (Wolfsburg)
1696080600,Sep 30 2023 - 1:30pm,complete,N/A,Mainz 05,Bayer Leverkusen,Benjamin Brand,6,0.50,2.00,1.35,2.65,0,3,3,1,0,1,"","18,59,65",3,1,4,0,1,0,0,4,1,0,11,7,4,4,4,2,12,11,45,55,1.40,1.97,1.27,0.87,3.25,75,100,75,50,0,50,75,50,100,11.50,5.00,5.30,4.25,1.42,1.18,1.64,2.20,4.33,1.62,2.20,MEWA ARENA (Mainz)
1696080600,Sep 30 2023 - 1:30pm,complete,50000,Köln,Stuttgart,Tobias Stieler,6,0.00,1.50,0.94,1.82,0,2,2,0,0,0,"","68,88",8,4,2,0,1,0,1,1,0,1,15,20,6,5,6,11,16,8,40,60,1.75,1.33,1.59,1.73,4.25,100,100,100,75,25,25,50,100,100,13.50,4.00,2.72,3.40,2.14,1.20,1.61,2.63,4.50,1.57,2.25,RheinEnergieStadion (Köln)
1696080600,Sep 30 2023 - 1:30pm,complete,26000,Bochum,Borussia M'gladbach,Felix Brych,6,1.00,1.00,1.35,0.76,1,3,4,3,0,3,"68","27,37,45'3",5,10,2,0,3,0,0,2,1,2,27,29,7,10,12,12,12,11,59,41,2.06,1.88,2.23,2.40,4.50,100,100,50,50,50,50,75,75,100,13.00,4.00,2.07,3.55,2.75,1.15,1.64,2.29,4.30,1.50,2.50,Vonovia Ruhrstadion (Bochum)
1696080600,Sep 30 2023 - 1:30pm,complete,N/A,Heidenheim,Union Berlin,Sascha Stegemann,6,1.50,1.50,1.53,0.59,1,0,1,0,0,0,"59","",5,7,1,0,2,0,0,1,1,1,11,21,5,9,6,8,11,15,49,51,1.86,1.75,1.30,2.11,4.75,100,100,100,75,75,75,100,50,75,16.00,2.00,3.05,3.30,2.01,1.28,1.77,3.10,6.00,1.67,2.10,Voith-Arena (Heidenheim an der Brenz)
1696091400,Sep 30 2023 - 4:30pm,complete,47069,RB Leipzig,Bayern München,Marco Fritz,6,3.00,3.00,2.18,1.71,2,2,4,2,2,0,"20,26","57,70",5,1,2,0,5,0,0,2,2,3,7,12,3,6,3,4,6,11,35,65,1.73,2.43,0.79,1.53,4.00,50,100,100,50,25,25,100,75,75,13.00,2.00,2.93,3.90,2.03,1.12,1.34,2.01,3.40,1.40,2.75,Red Bull Arena (Leipzig)
1696167000,Oct 01 2023 - 1:30pm,complete,N/A,Darmstadt 98,Werder Bremen,Martin Petersen,6,0.50,0.00,0.35,1.00,4,2,6,2,2,0,"4,25,50,62","70,78",2,4,3,0,2,0,1,2,1,1,15,12,6,7,7,0,20,18,43,57,1.90,1.33,1.46,1.23,4.50,75,75,75,75,75,75,75,50,100,7.50,4.00,2.48,3.55,2.70,1.19,1.73,2.61,4.65,1.62,2.20,Merck-Stadion am Böllenfalltor (Darmstadt)
1696174200,Oct 01 2023 - 3:30pm,complete,N/A,Freiburg,Augsburg,Harm Osmers,6,1.50,0.00,1.29,0.88,2,0,2,1,1,0,"5,56","",2,3,2,0,2,0,0,2,0,2,8,15,4,5,2,5,13,17,53,47,1.58,1.24,0.86,1.32,3.50,50,75,75,50,25,75,75,50,75,10.50,4.00,1.71,4.05,4.69,1.20,1.63,2.17,4.75,1.62,2.20,Europa-Park Stadion (Freiburg im Breisgau)
1696617000,Oct 06 2023 - 6:30pm,complete,51529,Borussia M'gladbach,Mainz 05,Sven Jablonski,7,0.00,0.00,1.24,0.71,2,2,4,2,1,1,"22,88","24,75",10,3,3,0,1,0,0,3,0,1,22,15,10,8,5,2,9,9,60,40,1.10,1.21,1.99,1.35,3.17,50,84,84,34,17,50,84,50,84,9.67,4.33,2.05,3.90,3.30,1.18,1.57,2.50,4.33,1.53,2.38,Stadion im BORUSSIA-PARK (Mönchengladbach)
1696685400,Oct 07 2023 - 1:30pm,complete,N/A,Borussia Dortmund,Union Berlin,Patrick Ittrich,7,2.33,1.00,1.94,0.59,4,2,6,3,1,2,"7,49,54,71","9,31",4,6,1,0,1,0,1,0,0,1,15,14,8,6,3,6,6,15,63,37,1.74,1.87,1.56,1.36,2.50,50,50,50,33,17,50,50,17,84,11.00,2.66,1.62,3.95,4.40,1.19,1.52,2.35,5.00,1.70,2.05,SIGNAL IDUNA PARK (Dortmund)
1696685400,Oct 07 2023 - 1:30pm,complete,44289,RB Leipzig,Bochum,Timo Gerach,7,2.33,0.33,2.18,0.59,0,0,0,0,0,0,"","",9,1,2,0,4,0,0,2,1,3,18,10,6,3,5,7,13,11,77,23,1.42,0.97,1.67,0.96,4.83,50,100,100,84,50,84,100,84,84,5.33,2.33,1.27,5.22,7.34,1.10,1.41,1.90,2.97,1.70,2.05,Red Bull Arena (Leipzig)
1696685400,Oct 07 2023 - 1:30pm,complete,N/A,Augsburg,Darmstadt 98,Deniz Aytekin,7,1.67,0.00,1.41,0.65,1,2,3,0,0,0,"86","52,70",4,4,4,0,2,0,1,3,1,1,20,18,4,6,9,7,13,12,52,48,1.31,0.63,1.47,1.42,4.34,84,84,84,67,33,84,100,50,67,7.67,6.00,1.85,3.55,3.60,1.20,1.57,2.65,4.75,1.62,2.20,WWK Arena (Augsburg)
1696685400,Oct 07 2023 - 1:30pm,complete,N/A,Stuttgart,Wolfsburg,Daniel Siebert,7,3.00,1.00,2.47,0.88,3,1,4,1,0,1,"67,78,82","34",5,6,1,0,3,0,0,1,2,1,15,13,9,6,2,3,14,14,57,43,2.00,1.25,1.70,1.20,3.67,50,84,84,67,34,67,67,67,100,7.00,3.67,2.05,3.55,3.05,1.20,1.61,2.55,4.70,1.57,2.25,MHP Arena (Stuttgart)
1696696200,Oct 07 2023 - 4:30pm,complete,N/A,Werder Bremen,Hoffenheim,Christian Dingert,7,2.00,3.00,1.47,1.35,2,3,5,3,1,2,"17,90'1","8,29,90'2",4,4,5,0,4,0,2,3,0,4,14,11,4,5,7,6,12,3,48,52,1.30,1.42,1.30,1.31,3.67,50,100,84,67,17,50,100,67,84,8.66,6.00,2.50,3.80,2.50,1.14,1.55,2.23,1.98,1.40,2.75,wohninvest WESERSTADION (Bremen)
1696771800,Oct 08 2023 - 1:30pm,complete,N/A,Bayer Leverkusen,Köln,Felix Zwayer,7,3.00,0.33,2.65,0.65,3,0,3,2,2,0,"22,32,67","",11,4,3,0,0,0,2,1,0,0,26,8,11,4,5,3,5,5,64,36,2.28,1.21,2.29,0.90,3.67,84,84,67,50,50,50,84,50,100,9.00,3.00,1.29,6.00,9.50,1.15,1.60,2.20,1.85,1.75,2.00,BayArena (Leverkusen)
1696779000,Oct 08 2023 - 3:30pm,complete,N/A,Bayern München,Freiburg,Robert Schröder,7,2.33,1.33,2.53,1.18,3,0,3,2,2,0,"12,25,85","",7,1,1,0,0,0,1,0,0,0,23,3,7,0,8,3,7,8,70,30,2.30,1.50,1.97,0.30,3.84,50,84,84,67,33,84,84,67,84,11.33,1.66,1.15,9.00,15.55,1.08,1.27,1.90,2.55,1.80,1.95,Allianz Arena (München)
1696786200,Oct 08 2023 - 5:30pm,complete,N/A,Eintracht Frankfurt,Heidenheim,Daniel Schlager,7,1.67,0.33,1.71,0.94,2,0,2,1,1,0,"39,72","",3,6,2,0,3,0,1,1,2,1,14,8,7,3,5,3,14,9,50,50,1.20,1.08,1.63,0.87,2.34,50,67,34,34,17,34,84,34,50,12.33,3.66,1.77,4.10,4.24,1.22,1.67,2.72,4.95,1.70,2.05,Deutsche Bank Park (Frankfurt am Main)
1697826600,Oct 20 2023 - 6:30pm,complete,81365,Borussia Dortmund,Werder Bremen,Felix Brych,8,2.50,0.00,1.94,1.00,1,0,1,0,0,0,"67","",10,4,1,0,5,0,1,0,0,5,24,6,6,2,8,3,5,10,58,42,1.70,1.30,1.82,0.63,3.67,59,59,59,59,46,59,59,59,100,7.83,2.92,1.38,5.00,7.50,1.10,1.34,1.89,3.00,1.57,2.25,SIGNAL IDUNA PARK (Dortmund)
1697895000,Oct 21 2023 - 1:30pm,complete,22012,Union Berlin,Stuttgart,Bastian Dankert,8,1.00,2.00,1.35,1.82,0,3,3,1,0,1,"","16,81,88",4,2,2,0,1,0,1,1,1,0,10,11,2,6,4,2,13,12,42,58,1.32,1.47,0.93,1.21,3.67,50,100,67,50,33,34,50,84,84,9.67,3.66,2.50,3.25,2.70,1.26,2.03,2.99,5.65,1.67,2.10,Stadion An der Alten Försterei (Berlin)
1697895000,Oct 21 2023 - 1:30pm,complete,N/A,Freiburg,Bochum,Tobias Reichel,8,2.00,0.50,1.29,0.59,2,1,3,3,2,1,"26,45'2","15",5,2,3,0,4,0,2,1,1,3,18,15,6,6,7,5,11,15,59,41,1.34,0.97,1.60,1.43,3.50,29,71,54,54,42,54,71,54,88,6.08,4.67,1.67,4.00,4.50,1.22,1.57,2.80,5.00,1.67,2.10,Europa-Park Stadion (Freiburg im Breisgau)
1697895000,Oct 21 2023 - 1:30pm,complete,N/A,Wolfsburg,Bayer Leverkusen,Marco Fritz,8,3.00,2.33,1.29,2.65,1,2,3,2,1,1,"41","13,62",4,3,3,0,5,0,2,1,1,4,19,14,7,8,9,6,15,12,41,59,1.61,1.60,1.69,1.85,2.83,33,100,67,17,0,67,100,34,67,8.00,4.00,4.00,3.80,1.75,1.18,1.61,2.25,4.33,1.53,2.38,VOLKSWAGEN ARENA (Wolfsburg)
1697895000,Oct 21 2023 - 1:30pm,complete,N/A,Hoffenheim,Eintracht Frankfurt,Matthias Jöllenbeck,8,1.00,0.67,1.35,1.06,1,3,4,4,1,3,"3","11,23,45'3",6,3,3,0,0,0,1,2,0,0,16,15,6,6,6,5,7,5,54,46,1.46,1.00,1.51,1.28,2.84,84,100,50,34,0,50,84,33,100,7.00,5.67,2.00,3.80,3.25,1.23,1.71,2.74,5.05,1.57,2.25,PreZero Arena (Sinsheim)
1697895000,Oct 21 2023 - 1:30pm,complete,N/A,Darmstadt 98,RB Leipzig,Harm Osmers,8,1.33,2.00,0.35,1.65,1,3,4,3,1,2,"32","1,24,72",6,0,6,0,3,0,0,6,0,3,19,11,5,8,10,3,12,10,57,43,1.75,1.36,1.73,1.42,4.34,67,84,84,67,67,67,67,67,100,9.67,4.00,6.50,4.75,1.40,1.15,1.40,2.13,3.75,1.67,2.10,Merck-Stadion am Böllenfalltor (Darmstadt)
1697905800,Oct 21 2023 - 4:30pm,complete,N/A,Mainz 05,Bayern München,Sascha Stegemann,8,0.33,2.33,1.35,1.71,1,3,4,3,1,2,"43","11,16,59",2,7,3,0,2,0,1,2,1,1,17,14,4,6,11,3,12,11,38,62,1.36,2.13,1.56,1.43,3.34,67,100,84,50,0,17,84,84,100,12.00,5.34,12.00,5.75,1.25,1.08,1.28,1.85,2.65,1.53,2.38,MEWA ARENA (Mainz)
1697981400,Oct 22 2023 - 1:30pm,complete,N/A,Köln,Borussia M'gladbach,Deniz Aytekin,8,0.00,1.67,0.94,0.76,3,1,4,1,1,0,"9,76,90","63",8,3,0,0,2,1,0,0,0,3,24,6,9,3,6,3,13,10,60,40,1.70,2.05,2.05,0.75,4.50,84,100,84,67,34,67,67,84,100,16.67,4.33,2.20,3.50,3.00,1.17,1.60,2.25,4.00,1.50,2.50,RheinEnergieStadion (Köln)
1697988600,Oct 22 2023 - 3:30pm,complete,N/A,Heidenheim,Augsburg,Tobias Stieler,8,2.00,0.00,1.53,0.88,2,5,7,5,2,3,"17,18","29,41,42,64,88",6,5,3,0,2,0,1,2,1,1,16,10,6,7,6,2,10,12,60,40,1.67,1.27,1.56,1.31,3.50,50,84,67,50,34,50,84,50,84,12.66,2.33,2.21,3.48,2.73,1.22,1.58,2.69,4.92,1.57,2.25,Voith-Arena (Heidenheim an der Brenz)
1698431400,Oct 27 2023 - 6:30pm,complete,N/A,Bochum,Mainz 05,Patrick Ittrich,9,0.67,0.25,1.35,0.71,2,2,4,1,1,0,"21,82","59,90'6",5,4,3,0,3,0,0,3,2,1,13,11,5,4,3,4,12,19,50,50,2.12,1.25,1.16,0.92,3.34,88,100,67,54,13,54,84,54,88,9.75,5.08,2.30,3.50,2.90,1.26,1.79,3.10,1.95,1.67,2.10,Vonovia Ruhrstadion (Bochum)
1698499800,Oct 28 2023 - 1:30pm,complete,N/A,Bayern München,Darmstadt 98,Martin Petersen,9,2.50,0.75,2.53,0.65,8,0,8,0,0,0,"51,56,60,64,69,71,76,88","",7,1,1,1,2,2,2,0,2,2,30,10,17,5,6,3,15,13,54,46,2.22,0.83,3.08,1.10,4.00,63,88,88,63,25,75,88,63,88,11.25,3.75,1.10,12.50,21.00,1.03,1.17,1.60,2.00,1.91,1.91,Allianz Arena (München)
1698499800,Oct 28 2023 - 1:30pm,complete,N/A,Borussia M'gladbach,Heidenheim,Robert Hartmann,9,0.25,0.25,1.24,0.94,2,1,3,2,1,1,"3,51","37",6,4,0,0,3,0,0,0,1,2,14,10,7,5,4,1,5,18,54,46,1.32,1.03,1.48,1.18,3.00,50,88,63,38,13,50,88,50,88,12.00,3.25,1.96,3.45,3.35,1.15,1.46,2.10,3.77,1.50,2.50,Stadion im BORUSSIA-PARK (Mönchengladbach)
1698499800,Oct 28 2023 - 1:30pm,complete,N/A,Werder Bremen,Union Berlin,Tobias Stieler,9,1.50,0.75,1.47,0.59,2,0,2,1,1,0,"38,75","",3,3,1,0,4,1,0,1,0,5,11,8,5,3,4,3,14,14,56,44,1.30,1.74,1.19,0.97,3.88,63,88,88,63,38,63,88,50,88,9.75,4.00,2.76,3.15,2.39,1.30,1.78,3.25,6.50,1.67,2.10,wohninvest WESERSTADION (Bremen)
1698499800,Oct 28 2023 - 1:30pm,complete,N/A,Augsburg,Wolfsburg,Daniel Schlager,9,1.25,0.75,1.41,0.88,3,2,5,3,1,2,"17,79,81","35,45",5,5,5,1,4,0,2,4,1,3,9,14,6,7,3,4,17,15,40,60,1.35,1.23,1.28,1.52,3.75,88,88,88,50,13,50,63,75,88,7.75,5.50,3.10,3.65,2.25,1.25,1.70,2.95,5.50,1.57,2.25,WWK Arena (Augsburg)
1698499800,Oct 28 2023 - 1:30pm,complete,N/A,Stuttgart,Hoffenheim,Felix Zwayer,9,3.00,3.00,2.47,1.35,2,3,5,2,0,2,"61,73","4,21,66",6,0,2,0,1,0,1,1,1,0,24,8,11,6,9,1,13,11,74,26,1.93,1.39,2.54,1.03,4.25,63,100,88,88,50,75,100,75,88,9.75,5.00,1.76,3.70,3.80,1.15,1.47,2.20,1.98,1.44,2.63,MHP Arena (Stuttgart)
1698510600,Oct 28 2023 - 4:30pm,complete,46480,RB Leipzig,Köln,Benjamin Brand,9,2.00,0.25,2.18,0.65,6,0,6,4,4,0,"15,40,43,45'3,88,90'1","",11,1,2,0,3,1,1,1,1,3,27,8,14,3,7,3,8,12,62,38,1.48,1.14,2.68,0.72,2.75,50,75,63,25,13,50,75,25,75,8.75,2.25,1.37,5.40,7.60,1.18,1.42,2.22,4.20,1.75,2.00,Red Bull Arena (Leipzig)
1698589800,Oct 29 2023 - 2:30pm,complete,N/A,Eintracht Frankfurt,Borussia Dortmund,Robert Schröder,9,2.00,2.33,1.71,1.76,3,3,6,3,2,1,"8,24,68","45'1,54,82",0,4,3,0,2,0,2,1,1,1,13,15,8,5,4,8,9,8,40,60,1.30,1.47,1.61,1.60,2.63,63,75,34,34,17,34,88,17,75,11.25,5.25,2.90,3.50,2.25,1.20,1.57,2.40,1.91,1.53,2.38,Deutsche Bank Park (Frankfurt am Main)
1698597000,Oct 29 2023 - 4:30pm,complete,30210,Bayer Leverkusen,Freiburg,Daniel Siebert,9,3.00,1.00,2.65,1.18,2,1,3,1,1,0,"36,60","70",11,2,0,0,2,0,0,0,1,1,19,11,5,4,9,5,9,10,76,24,2.28,1.20,1.81,1.11,3.75,50,88,88,50,50,75,88,50,88,9.00,3.00,1.33,5.25,8.00,1.17,1.50,2.25,1.98,1.80,1.95,BayArena (Leverkusen)
1699039800,Nov 03 2023 - 7:30pm,complete,N/A,Darmstadt 98,Bochum,Marco Fritz,10,1.00,0.40,0.35,0.59,1,2,3,2,1,1,"43","25,54",11,2,2,1,5,0,0,3,1,4,17,10,5,5,5,4,7,16,58,42,1.75,1.06,1.37,1.14,4.53,70,90,90,80,58,90,90,55,80,6.05,5.90,2.36,3.80,2.80,1.22,1.57,2.33,5.00,1.53,2.38,Merck-Stadion am Böllenfalltor (Darmstadt)
1699108200,Nov 04 2023 - 2:30pm,complete,22012,Union Berlin,Eintracht Frankfurt,Sven Jablonski,10,0.75,1.25,1.35,1.06,0,3,3,2,0,2,"","2,14,82",9,1,0,0,1,0,0,0,1,0,12,5,4,4,7,1,10,8,50,50,1.22,1.07,1.59,0.87,2.88,50,100,50,25,13,38,75,50,75,8.50,5.25,2.51,3.34,2.81,1.33,2.08,3.60,7.00,1.75,2.00,Stadion An der Alten Försterei (Berlin)
1699108200,Nov 04 2023 - 2:30pm,complete,N/A,Freiburg,Borussia M'gladbach,Felix Brych,10,2.25,1.25,1.29,0.76,3,3,6,4,1,3,"7,70,90'6","25,29,39",8,2,2,0,2,0,1,1,0,2,18,13,11,6,5,5,5,9,59,41,1.41,1.73,2.27,1.32,4.25,75,88,75,63,38,63,88,50,88,11.00,5.25,1.97,3.84,3.50,1.20,1.62,2.31,4.75,1.57,2.25,Europa-Park Stadion (Freiburg im Breisgau)
1699108200,Nov 04 2023 - 2:30pm,complete,N/A,Mainz 05,RB Leipzig,Bastian Dankert,10,0.25,2.25,1.35,1.65,2,0,2,0,0,0,"76,80","",2,7,3,0,1,0,1,2,0,1,11,11,4,3,4,6,13,9,33,67,1.41,1.37,0.96,1.19,3.25,63,88,75,50,13,38,63,50,100,8.50,4.50,4.64,4.54,1.62,1.18,1.60,2.29,4.33,1.67,2.10,MEWA ARENA (Mainz)
1699108200,Nov 04 2023 - 2:30pm,complete,49300,Köln,Augsburg,Christian Dingert,10,0.75,0.75,0.94,0.88,1,1,2,2,1,1,"16","25",10,2,1,0,4,0,0,1,1,3,27,19,12,3,9,8,10,9,59,41,1.79,1.28,2.68,1.18,3.63,63,100,75,50,13,50,75,75,88,13.25,3.25,2.19,3.54,3.17,1.25,1.81,2.90,5.50,1.62,2.20,RheinEnergieStadion (Köln)
1699108200,Nov 04 2023 - 2:30pm,complete,N/A,Hoffenheim,Bayer Leverkusen,Frank Willenborg,10,0.75,2.50,1.35,2.65,2,3,5,2,0,2,"56,58","9,45'1,70",4,3,3,0,2,0,1,2,0,2,13,10,8,6,3,3,6,10,48,52,1.47,1.67,1.60,1.36,3.50,75,100,100,50,0,88,100,38,88,8.25,5.00,4.12,4.12,1.76,1.10,1.40,2.26,1.78,1.40,2.75,PreZero Arena (Sinsheim)
1699119000,Nov 04 2023 - 5:30pm,complete,N/A,Borussia Dortmund,Bayern München,Deniz Aytekin,10,2.60,2.50,1.94,1.71,0,4,4,2,0,2,"","4,9,72,90'3",3,2,3,0,2,0,0,3,1,1,17,15,3,9,8,4,14,7,50,50,1.72,1.95,1.29,1.65,3.18,58,70,70,58,10,45,70,58,100,12.85,3.70,3.75,4.35,1.85,1.11,1.42,1.83,3.03,1.40,2.75,SIGNAL IDUNA PARK (Dortmund)
1699194600,Nov 05 2023 - 2:30pm,complete,N/A,Wolfsburg,Werder Bremen,Tobias Reichel,10,2.25,0.00,1.29,1.00,2,2,4,2,1,1,"37,59","7,65",5,2,3,1,1,0,1,3,0,1,15,14,5,5,3,4,5,7,56,44,1.63,1.13,1.26,1.13,3.00,50,75,50,25,25,63,75,25,75,7.25,4.50,1.73,4.20,4.20,1.16,1.47,2.25,3.85,1.53,2.38,VOLKSWAGEN ARENA (Wolfsburg)
1699201800,Nov 05 2023 - 4:30pm,complete,N/A,Heidenheim,Stuttgart,Florian Badstübner,10,1.50,2.25,1.53,1.82,2,0,2,0,0,0,"70,90'4","",9,6,2,0,2,0,1,1,0,2,20,18,4,3,7,7,7,12,31,69,1.64,1.40,1.27,1.22,4.25,63,88,75,63,50,25,63,88,100,11.25,2.75,3.30,3.80,2.00,1.15,1.47,2.25,3.75,1.50,2.50,Voith-Arena (Heidenheim an der Brenz)
1699644600,Nov 10 2023 - 7:30pm,complete,45308,Borussia M'gladbach,Wolfsburg,Felix Zwayer,11,0.80,0.60,1.24,0.88,4,0,4,2,2,0,"16,42,64,71","",8,5,1,0,3,0,1,0,1,2,16,13,9,5,3,4,6,12,47,53,1.36,1.29,1.59,1.29,3.10,70,80,80,40,10,50,70,60,100,10.20,4.20,2.21,3.65,2.83,1.16,1.48,2.11,3.60,1.44,2.63,Stadion im BORUSSIA-PARK (Mönchengladbach)
1699713000,Nov 11 2023 - 2:30pm,complete,N/A,Bayern München,Heidenheim,Harm Osmers,11,2.60,0.20,2.53,0.94,4,2,6,2,2,0,"14,44,72,85","67,70",7,1,1,0,0,0,1,0,0,0,20,10,9,3,6,5,8,6,72,28,2.39,1.06,2.00,0.90,4.20,50,100,80,60,30,70,90,60,90,12.80,3.00,1.03,11.00,24.00,1.93,1.18,1.50,1.76,2.05,1.70,Allianz Arena (München)
1699713000,Nov 11 2023 - 2:30pm,complete,N/A,Augsburg,Hoffenheim,Felix Brych,11,1.60,3.00,1.41,1.35,1,1,2,1,0,1,"53","23",3,5,1,0,2,0,1,0,0,2,12,13,7,7,5,5,10,12,34,66,1.34,1.32,1.65,1.55,4.40,90,100,90,70,50,80,90,80,80,8.60,6.80,2.49,3.70,2.17,1.15,1.53,1.98,3.50,1.40,2.75,WWK Arena (Augsburg)
1699713000,Nov 11 2023 - 2:30pm,complete,N/A,Stuttgart,Borussia Dortmund,Tobias Stieler,11,2.40,2.00,2.47,1.76,2,1,3,2,1,1,"42,83","36",6,1,2,0,3,0,1,1,2,1,23,6,11,2,5,1,13,13,58,42,2.05,1.50,2.27,0.46,4.55,80,100,88,88,55,78,100,65,100,9.75,3.95,2.31,3.75,2.31,1.14,1.45,1.94,2.00,1.44,2.63,MHP Arena (Stuttgart)
1699713000,Nov 11 2023 - 2:30pm,complete,N/A,Darmstadt 98,Mainz 05,Daniel Siebert,11,0.80,0.40,0.35,0.71,0,0,0,0,0,0,"","",0,5,3,0,3,0,0,3,1,2,11,12,4,2,2,6,21,15,56,44,1.67,1.18,0.82,1.08,4.40,90,100,100,80,40,80,100,60,90,9.40,6.40,2.58,3.40,2.22,1.22,1.62,2.86,4.75,1.62,2.20,Merck-Stadion am Böllenfalltor (Darmstadt)
1699723800,Nov 11 2023 - 5:30pm,complete,26000,Bochum,Köln,Matthias Jöllenbeck,11,0.75,0.20,1.35,0.65,1,1,2,1,1,0,"25","54",3,3,4,0,1,0,2,2,0,1,26,13,10,7,9,4,16,18,52,48,1.88,1.05,2.40,1.45,3.00,70,90,55,35,10,43,78,35,100,9.15,4.10,2.30,3.40,2.88,1.23,1.57,2.75,1.98,1.57,2.25,Vonovia Ruhrstadion (Bochum)
1699799400,Nov 12 2023 - 2:30pm,complete,29387,Bayer Leverkusen,Union Berlin,Timo Gerach,11,3.00,0.60,2.65,0.59,4,0,4,1,1,0,"23,57,73,83","",10,1,0,0,1,0,0,0,0,1,19,3,11,3,4,0,8,4,69,31,2.19,1.59,2.07,0.61,3.90,70,90,80,50,50,60,90,50,90,13.00,3.80,1.32,5.50,9.00,1.17,1.55,2.40,1.99,2.00,1.75,BayArena (Leverkusen)
1699806600,Nov 12 2023 - 4:30pm,complete,N/A,Werder Bremen,Eintracht Frankfurt,Benjamin Brand,11,1.80,1.60,1.47,1.06,2,2,4,1,1,0,"45'2,50","65,75",3,7,1,0,3,0,0,1,3,0,14,15,6,5,6,6,3,9,50,50,1.28,1.03,1.43,1.50,3.10,50,100,60,40,10,40,90,40,90,6.20,5.00,2.75,3.43,2.21,1.24,1.61,2.85,5.00,1.57,2.25,wohninvest WESERSTADION (Bremen)
1699813800,Nov 12 2023 - 6:30pm,complete,N/A,RB Leipzig,Freiburg,Patrick Ittrich,11,2.20,0.80,2.18,1.18,3,1,4,2,1,1,"6,79,80","45'6",7,3,2,0,0,0,0,2,0,0,16,10,7,4,4,3,10,11,63,37,1.72,1.18,1.47,1.02,3.30,40,80,80,40,30,60,80,50,70,8.40,2.60,1.38,4.70,5.80,1.18,1.50,2.25,4.33,1.75,2.00,Red Bull Arena (Leipzig)
1700854200,Nov 24 2023 - 7:30pm,complete,50000,Köln,Bayern München,Marco Fritz,12,0.80,2.60,0.94,1.71,0,1,1,1,0,1,"","20",3,12,0,0,1,0,0,0,0,1,7,23,2,6,2,9,5,3,33,67,1.97,1.89,0.68,1.78,3.40,70,100,80,60,0,50,80,80,90,15.20,4.00,10.00,6.50,1.25,1.07,1.28,1.75,2.65,1.62,2.20,RheinEnergieStadion (Köln)
1700922600,Nov 25 2023 - 2:30pm,complete,N/A,Borussia Dortmund,Borussia M'gladbach,Sven Jablonski,12,2.17,1.20,1.94,0.76,4,2,6,5,3,2,"30,32,45,90'7","13,28",5,4,1,0,2,0,0,1,0,2,24,11,14,4,7,4,12,11,51,49,1.65,1.64,2.56,1.14,4.22,67,75,75,75,39,65,75,65,100,10.77,3.90,1.39,4.80,5.80,1.10,1.30,1.90,3.00,1.50,2.50,SIGNAL IDUNA PARK (Dortmund)
1700922600,Nov 25 2023 - 2:30pm,complete,N/A,Union Berlin,Augsburg,Florian Badstübner,12,0.60,0.80,1.35,0.88,1,1,2,1,0,1,"88","39",3,4,2,0,2,0,2,0,0,2,16,12,7,3,6,6,10,12,62,38,1.30,1.26,1.62,1.06,3.40,40,100,70,30,20,70,90,50,70,10.00,3.80,1.88,3.40,3.35,1.30,1.99,3.40,6.50,1.75,2.00,Stadion An der Alten Försterei (Berlin)
1700922600,Nov 25 2023 - 2:30pm,complete,N/A,Freiburg,Darmstadt 98,Sascha Stegemann,12,2.00,0.60,1.29,0.65,1,1,2,2,1,1,"35","18",11,2,2,0,0,0,0,2,0,0,16,8,4,2,8,5,15,16,67,33,1.58,0.88,1.50,0.76,4.00,60,80,70,50,40,50,70,50,80,8.00,6.40,1.50,3.83,5.22,1.20,1.64,2.70,4.75,1.70,2.05,Europa-Park Stadion (Freiburg im Breisgau)
1700922600,Nov 25 2023 - 2:30pm,complete,N/A,Wolfsburg,RB Leipzig,Robert Hartmann,12,2.00,1.80,1.29,1.65,2,1,3,1,1,0,"9,66","52",1,12,4,0,2,0,2,2,1,1,11,26,5,10,3,8,17,11,36,64,1.55,1.34,1.08,2.45,2.90,50,90,60,30,10,60,70,40,80,9.00,4.00,3.40,3.35,1.97,1.18,1.48,2.35,1.90,1.53,2.38,VOLKSWAGEN ARENA (Wolfsburg)
1700922600,Nov 25 2023 - 2:30pm,complete,N/A,Werder Bremen,Bayer Leverkusen,Martin Petersen,12,1.67,2.60,1.47,2.65,0,3,3,2,0,2,"","9,42,76",1,6,3,0,1,0,2,1,0,1,3,15,2,5,1,5,14,4,40,60,1.30,1.60,0.63,1.37,3.64,55,100,92,54,19,57,100,64,100,7.13,4.97,5.61,4.26,1.42,1.12,1.38,2.00,3.20,1.57,2.25,wohninvest WESERSTADION (Bremen)
1700933400,Nov 25 2023 - 5:30pm,complete,N/A,Eintracht Frankfurt,Stuttgart,Felix Brych,12,1.80,1.80,1.71,1.82,1,2,3,3,1,2,"26","1,45'1",4,2,0,0,1,0,0,0,0,1,15,12,2,6,6,4,13,6,56,44,1.37,1.37,1.02,1.36,2.80,40,80,40,30,20,10,60,60,80,9.00,3.80,2.31,3.40,3.06,1.22,1.74,2.80,1.99,1.57,2.25,Deutsche Bank Park (Frankfurt am Main)
1701009000,Nov 26 2023 - 2:30pm,complete,15000,Heidenheim,Bochum,Felix Zwayer,12,1.80,0.83,1.53,0.59,0,0,0,0,0,0,"","",6,5,4,0,3,0,0,4,1,2,10,11,4,3,5,8,14,7,49,51,1.57,1.07,1.21,1.24,3.94,55,82,72,55,47,62,72,65,84,9.83,4.43,2.35,3.60,2.80,1.20,1.67,2.65,4.75,1.53,2.38,Voith-Arena (Heidenheim an der Brenz)
1701016200,Nov 26 2023 - 4:30pm,complete,N/A,Hoffenheim,Mainz 05,Deniz Aytekin,12,0.60,0.50,1.35,0.71,1,1,2,1,0,1,"48","39",4,5,4,0,4,0,4,0,2,2,16,15,5,6,6,5,9,14,54,46,1.50,1.16,1.39,1.51,3.67,84,92,92,74,19,75,92,54,74,8.20,5.03,1.98,3.90,3.60,1.19,1.57,2.19,4.33,1.53,2.38,PreZero Arena (Sinsheim)
1701459000,Dec 01 2023 - 7:30pm,complete,N/A,Darmstadt 98,Köln,Patrick Ittrich,13,0.83,0.33,0.35,0.65,0,1,1,0,0,0,"","60",1,6,1,0,3,0,0,1,1,2,12,13,3,7,5,4,13,14,45,55,1.53,1.12,1.00,1.49,3.42,67,83,67,42,34,67,83,25,92,8.00,5.00,2.75,3.62,2.57,1.22,1.63,2.95,5.50,1.62,2.20,Merck-Stadion am Böllenfalltor (Darmstadt)
1701527400,Dec 02 2023 - 2:30pm,complete,44887,RB Leipzig,Heidenheim,Christian Dingert,13,2.33,0.17,2.18,0.94,2,1,3,3,2,1,"29,44","45'2",5,3,2,0,2,0,0,2,0,2,25,10,9,3,10,4,13,15,71,29,1.68,1.03,2.35,0.90,3.75,59,92,75,59,33,67,92,59,75,10.50,3.17,1.23,5.75,9.65,1.11,1.39,1.91,3.20,1.80,1.95,Red Bull Arena (Leipzig)
1701527400,Dec 02 2023 - 2:30pm,complete,49341,Borussia M'gladbach,Hoffenheim,Tobias Reichel,13,1.17,2.67,1.24,1.35,2,1,3,0,0,0,"58,80","60",6,3,2,0,2,0,0,2,0,2,10,20,4,6,5,7,12,8,49,51,1.39,1.36,1.07,1.63,3.42,67,92,75,50,25,67,92,59,92,11.00,4.34,2.23,4.10,2.87,1.12,1.50,2.05,3.20,1.36,3.00,Stadion im BORUSSIA-PARK (Mönchengladbach)
1701527400,Dec 02 2023 - 2:30pm,complete,24350,Bochum,Wolfsburg,Robert Schröder,13,0.80,0.50,1.35,0.88,3,1,4,3,2,1,"19,39,87","45'1",6,6,6,0,2,0,2,4,1,1,21,17,9,7,6,5,12,12,44,56,1.98,1.29,1.87,1.58,3.15,84,92,62,54,9,35,74,62,100,9.03,5.80,2.80,3.75,2.40,1.20,1.59,2.65,4.75,1.53,2.38,Vonovia Ruhrstadion (Bochum)
1701538200,Dec 02 2023 - 5:30pm,complete,N/A,Stuttgart,Werder Bremen,Bastian Dankert,13,2.50,0.20,2.47,1.00,2,0,2,1,1,0,"17,75","",6,7,1,0,0,0,0,1,0,0,20,13,7,4,7,5,10,10,59,41,2.09,1.13,1.72,1.10,3.97,64,80,80,72,45,72,80,64,100,8.37,3.53,1.33,4.90,6.50,1.17,1.58,2.20,3.75,1.70,2.05,MHP Arena (Stuttgart)
1701613800,Dec 03 2023 - 2:30pm,complete,N/A,Mainz 05,Freiburg,Tobias Stieler,13,0.80,0.67,1.35,1.18,0,1,1,0,0,0,"","69",14,3,1,0,1,0,1,0,0,1,21,14,6,6,7,5,14,10,61,39,1.32,1.15,1.68,1.30,3.00,55,92,72,37,9,44,72,55,92,6.10,3.80,2.25,3.40,3.10,1.29,1.70,3.00,5.50,1.70,2.05,MEWA ARENA (Mainz)
1701621000,Dec 03 2023 - 4:30pm,complete,30210,Bayer Leverkusen,Borussia Dortmund,Daniel Siebert,13,3.00,1.60,2.65,1.76,1,1,2,1,0,1,"79","5",16,1,3,0,2,0,1,2,0,2,25,7,7,3,14,2,13,12,68,32,2.17,1.29,2.72,0.66,4.27,84,100,90,64,45,65,100,62,100,11.83,4.13,1.67,4.20,4.60,1.12,1.40,1.95,1.85,1.44,2.63,BayArena (Leverkusen)
1701628200,Dec 03 2023 - 6:30pm,complete,N/A,Augsburg,Eintracht Frankfurt,Harm Osmers,13,1.50,1.50,1.41,1.06,2,1,3,1,1,0,"34,58","78",2,4,1,0,1,0,0,1,1,0,11,15,5,7,3,6,8,10,35,65,1.39,1.11,1.06,1.49,3.50,84,100,67,42,17,50,83,50,83,7.83,5.67,2.65,3.50,2.55,1.22,1.67,2.95,1.80,1.62,2.20,WWK Arena (Augsburg)
1702063800,Dec 08 2023 - 7:30pm,complete,N/A,Hoffenheim,Bochum,Matthias Jöllenbeck,14,0.67,0.86,1.35,0.59,3,1,4,2,2,0,"32,43,76","90",4,5,3,0,2,0,1,2,0,2,18,23,8,6,8,11,16,12,42,58,1.48,1.10,1.80,1.83,3.41,72,86,77,55,23,77,86,38,70,6.46,5.36,1.74,4.10,4.30,1.16,1.57,2.30,1.98,1.50,2.50,PreZero Arena (Sinsheim)
1702132200,Dec 09 2023 - 2:30pm,complete,N/A,Union Berlin,Borussia M'gladbach,Martin Petersen,14,0.67,1.00,1.35,0.76,3,1,4,1,1,0,"23,50,75","77",6,7,1,0,3,0,1,0,2,1,17,12,7,4,7,4,8,7,38,62,1.35,1.56,1.75,1.17,4.34,67,100,84,59,42,67,92,59,92,10.83,4.16,2.10,3.50,3.25,1.22,1.57,2.75,4.75,1.57,2.25,Stadion An der Alten Försterei (Berlin)
1702132200,Dec 09 2023 - 2:30pm,complete,N/A,Eintracht Frankfurt,Bayern München,Felix Zwayer,14,1.50,2.67,1.71,1.71,5,1,6,4,3,1,"12,31,36,50,60","44",1,9,1,0,2,0,0,1,1,1,15,23,7,6,4,11,8,7,35,65,1.31,1.87,1.41,1.97,2.83,50,75,58,42,9,42,92,42,67,12.00,4.17,7.50,5.00,1.33,1.11,1.33,1.87,3.45,1.70,2.05,Deutsche Bank Park (Frankfurt am Main)
1702132200,Dec 09 2023 - 2:30pm,complete,N/A,Wolfsburg,Freiburg,Marco Fritz,14,2.17,1.00,1.29,1.18,0,1,1,0,0,0,"","74",5,3,1,0,4,0,0,1,0,4,11,5,3,2,6,2,11,15,58,42,1.48,1.18,1.04,0.63,2.77,55,86,69,23,7,62,86,38,77,6.07,3.67,2.05,3.50,3.30,1.22,1.67,2.71,4.97,1.62,2.20,VOLKSWAGEN ARENA (Wolfsburg)
1702132200,Dec 09 2023 - 2:30pm,complete,N/A,Werder Bremen,Augsburg,Sascha Stegemann,14,1.43,0.83,1.47,0.88,2,0,2,1,1,0,"39,65","",5,2,1,0,2,0,0,1,1,1,15,12,6,2,6,8,14,9,49,51,1.20,1.23,1.43,1.17,3.45,55,100,68,45,16,55,100,45,84,7.00,4.29,2.25,3.50,2.90,1.17,1.57,2.38,4.33,1.53,2.38,wohninvest WESERSTADION (Bremen)
1702132200,Dec 09 2023 - 2:30pm,complete,N/A,Heidenheim,Darmstadt 98,Daniel Schlager,14,1.67,0.67,1.53,0.65,3,2,5,1,1,0,"42,69,71","52,60",8,3,2,0,2,0,0,2,0,2,17,21,8,8,5,10,17,13,44,56,1.51,0.86,1.81,1.97,3.75,59,75,59,50,42,42,59,59,75,10.34,5.17,2.05,3.50,3.25,1.22,1.57,2.85,5.20,1.67,2.10,Voith-Arena (Heidenheim an der Brenz)
1702143000,Dec 09 2023 - 5:30pm,complete,N/A,Borussia Dortmund,RB Leipzig,Sven Jablonski,14,2.29,1.50,1.94,1.65,2,3,5,2,1,1,"45'6,90'3","32,54,90'1",6,6,1,1,3,0,1,1,1,2,19,27,7,9,4,13,6,10,53,47,1.78,1.52,1.53,2.49,3.15,47,70,62,45,23,45,54,55,100,11.31,3.10,2.10,3.86,3.16,1.14,1.42,2.29,3.60,1.40,2.75,SIGNAL IDUNA PARK (Dortmund)
1702218600,Dec 10 2023 - 2:30pm,complete,N/A,Stuttgart,Bayer Leverkusen,Deniz Aytekin,14,2.57,2.67,2.47,2.65,1,1,2,1,1,0,"40","47",8,8,1,0,1,0,0,1,1,0,23,20,13,6,7,6,8,8,52,48,2.03,1.57,2.44,1.61,3.75,54,100,93,52,30,77,100,54,100,9.46,3.79,2.99,3.66,2.17,1.16,1.44,2.35,1.99,1.44,2.63,MHP Arena (Stuttgart)
1702225800,Dec 10 2023 - 4:30pm,complete,50000,Köln,Mainz 05,Frank Willenborg,14,0.67,0.57,0.94,0.71,0,0,0,0,0,0,"","",1,7,2,0,4,0,0,2,0,4,6,14,4,6,1,6,10,9,54,46,1.75,1.21,0.76,1.45,2.91,69,85,61,45,7,38,77,62,69,12.14,4.33,2.30,3.30,3.00,1.28,1.83,3.10,5.90,1.70,2.05,RheinEnergieStadion (Köln)
1702668600,Dec 15 2023 - 7:30pm,complete,N/A,Borussia M'gladbach,Werder Bremen,Felix Zwayer,15,1.43,0.17,1.24,1.00,2,2,4,2,1,1,"45,49","7,76",4,3,4,0,2,0,2,2,1,1,15,15,5,6,6,7,9,9,51,49,1.35,1.13,1.37,1.53,3.17,54,77,68,40,17,54,69,54,100,10.54,3.12,1.75,4.00,4.00,1.14,1.45,2.05,3.50,1.44,2.63,Stadion im BORUSSIA-PARK (Mönchengladbach)
1702737000,Dec 16 2023 - 2:30pm,complete,N/A,Mainz 05,Heidenheim,Bastian Dankert,15,0.67,0.14,1.35,0.94,0,1,1,1,0,1,"","12",8,1,3,0,3,0,2,1,2,1,21,7,5,3,9,2,8,20,65,35,1.38,1.01,1.73,0.71,3.12,61,92,61,38,15,44,75,47,86,9.47,4.21,1.73,3.90,4.60,1.19,1.57,2.63,4.90,1.67,2.10,MEWA ARENA (Mainz)
1702737000,Dec 16 2023 - 2:30pm,complete,N/A,Bochum,Union Berlin,Sven Jablonski,15,1.17,0.50,1.35,0.59,3,0,3,1,1,0,"45'5,54,78","",6,4,2,0,2,0,1,1,1,1,23,10,8,3,11,3,14,12,48,52,1.96,1.42,2.09,0.88,3.25,75,92,59,50,17,42,83,33,92,10.16,5.33,2.38,3.40,2.80,1.30,1.88,3.50,7.50,1.80,1.95,Vonovia Ruhrstadion (Bochum)
1702737000,Dec 16 2023 - 2:30pm,complete,N/A,Augsburg,Borussia Dortmund,Matthias Jöllenbeck,15,1.71,1.50,1.41,1.76,1,1,2,2,1,1,"23","35",4,7,2,0,1,0,0,2,0,1,23,25,6,8,9,11,13,3,36,64,1.34,1.19,1.76,2.17,3.92,100,100,77,47,31,62,93,52,93,7.50,5.38,3.90,4.00,1.80,1.11,1.38,1.95,1.98,1.44,2.63,WWK Arena (Augsburg)
1702737000,Dec 16 2023 - 2:30pm,complete,N/A,Darmstadt 98,Wolfsburg,Robert Hartmann,15,0.71,0.43,0.35,0.88,0,1,1,0,0,0,"","63",7,7,2,0,0,1,0,2,1,0,15,12,5,3,4,6,15,10,64,36,1.45,1.33,1.30,1.01,3.57,71,79,79,64,29,64,71,50,93,8.28,6.00,2.88,3.70,2.20,1.25,1.68,2.95,5.50,1.62,2.20,Merck-Stadion am Böllenfalltor (Darmstadt)
1702747800,Dec 16 2023 - 5:30pm,complete,42946,RB Leipzig,Hoffenheim,Robert Schröder,15,2.43,2.29,2.18,1.35,3,1,4,2,1,1,"34,70,74","42",9,2,3,0,2,0,1,2,0,2,23,10,11,5,7,3,10,8,57,43,1.77,1.40,2.35,1.14,3.71,72,93,79,57,36,64,86,64,72,10.00,4.57,1.50,4.50,5.75,1.11,1.46,1.95,3.00,1.53,2.38,Red Bull Arena (Leipzig)
1702823400,Dec 17 2023 - 2:30pm,complete,N/A,Freiburg,Köln,Harm Osmers,15,1.83,0.71,1.29,0.65,2,0,2,0,0,0,"72,90'4","",5,2,1,0,3,1,1,0,2,2,23,8,8,2,6,2,13,11,54,46,1.56,1.17,1.91,0.56,2.95,55,77,47,24,24,55,77,24,84,9.88,4.21,1.85,3.75,4.10,1.28,1.90,3.20,6.00,1.75,2.00,Europa-Park Stadion (Freiburg im Breisgau)
1702830600,Dec 17 2023 - 4:30pm,complete,N/A,Bayer Leverkusen,Eintracht Frankfurt,Christian Dingert,15,2.71,1.29,2.65,1.06,3,0,3,1,1,0,"14,51,57","",5,5,1,0,1,0,1,0,1,0,15,5,6,3,8,0,7,14,61,39,2.25,1.16,1.70,0.61,3.43,71,100,72,43,22,36,93,57,93,12.57,4.00,1.30,6.00,9.00,1.15,1.55,2.25,4.00,1.70,2.05,BayArena (Leverkusen)
1702837800,Dec 17 2023 - 6:30pm,complete,N/A,Bayern München,Stuttgart,Tobias Stieler,15,2.67,2.00,2.53,1.82,3,0,3,1,1,0,"2,55,63","",6,2,0,0,3,0,0,0,1,2,18,7,9,3,3,2,8,8,37,63,2.33,1.36,1.77,0.89,4.33,50,100,84,58,34,50,67,83,92,11.34,2.33,1.36,5.50,7.50,1.11,1.27,1.87,3.20,1.53,2.38,Allianz Arena (München)
1703007000,Dec 19 2023 - 5:30pm,complete,N/A,Werder Bremen,RB Leipzig,Tobias Reichel,16,1.63,1.71,1.47,1.65,1,1,2,0,0,0,"75","47",1,4,4,0,2,0,0,4,0,2,12,18,3,9,9,4,15,9,44,56,1.23,1.66,1.32,1.78,3.34,48,93,73,47,21,41,79,61,100,9.39,3.99,5.00,4.60,1.57,1.12,1.41,2.20,1.99,1.50,2.50,wohninvest WESERSTADION (Bremen)
1703014200,Dec 19 2023 - 7:30pm,complete,N/A,Borussia Dortmund,Mainz 05,Marco Fritz,16,2.00,0.63,1.94,0.71,1,1,2,2,1,1,"29","43",6,1,0,0,4,0,0,0,1,3,24,12,8,7,9,5,11,14,65,35,1.75,1.24,2.04,1.58,3.13,57,69,63,57,26,51,69,50,82,9.75,4.76,1.53,4.75,5.50,1.12,1.40,2.15,3.55,1.57,2.25,SIGNAL IDUNA PARK (Dortmund)
1703014200,Dec 19 2023 - 7:30pm,complete,N/A,Hoffenheim,Darmstadt 98,Frank Willenborg,16,1.00,0.57,1.35,0.65,3,3,6,3,2,1,"14,28,66","23,57,85",8,3,2,0,4,0,0,2,1,3,16,16,5,4,9,5,9,14,45,55,1.53,1.02,1.54,1.16,3.93,86,93,79,64,29,65,86,50,79,6.85,5.57,1.45,5.00,6.00,1.12,1.43,2.25,3.60,1.57,2.25,PreZero Arena (Sinsheim)
1703093400,Dec 20 2023 - 5:30pm,complete,N/A,Union Berlin,Köln,Deniz Aytekin,16,1.00,0.63,1.35,0.65,2,0,2,0,0,0,"55,78","",4,5,0,0,0,0,0,0,0,0,12,17,8,8,3,5,12,8,39,61,1.41,1.09,1.58,1.79,2.82,41,88,55,21,14,41,75,41,93,9.07,3.71,1.85,3.60,4.33,1.27,2.00,3.20,6.00,1.80,1.95,Stadion An der Alten Försterei (Berlin)
1703100600,Dec 20 2023 - 7:30pm,complete,N/A,Bayer Leverkusen,Bochum,Daniel Schlager,16,2.75,0.75,2.65,0.59,4,0,4,3,3,0,"30,32,45'1,69","",4,3,0,0,2,0,0,0,1,1,17,7,9,2,5,1,3,4,69,31,2.18,1.19,1.88,0.55,3.57,57,88,82,50,32,57,88,63,82,11.13,4.25,1.15,8.50,15.00,1.11,1.36,1.91,3.00,1.80,1.95,BayArena (Leverkusen)
1703100600,Dec 20 2023 - 7:30pm,complete,N/A,Eintracht Frankfurt,Borussia M'gladbach,Florian Badstübner,16,1.71,0.86,1.71,0.76,2,1,3,1,0,1,"90'2,90'7","27",8,2,1,0,5,1,0,1,1,5,15,8,7,3,6,4,11,14,63,37,1.32,1.50,1.75,0.85,4.15,79,86,72,65,43,57,93,50,79,9.86,4.29,1.83,4.00,3.90,1.18,1.65,2.40,4.00,1.53,2.38,Deutsche Bank Park (Frankfurt am Main)
1703100600,Dec 20 2023 - 7:30pm,complete,N/A,Wolfsburg,Bayern München,Sascha Stegemann,16,1.86,2.29,1.29,1.71,1,2,3,3,1,2,"45'1","33,43",0,6,4,0,2,0,1,3,1,1,7,22,5,9,1,7,14,9,39,61,1.41,1.89,1.07,2.09,3.14,57,86,72,43,7,57,93,50,79,11.14,4.57,8.00,5.75,1.33,1.08,1.30,2.05,2.75,1.50,2.50,VOLKSWAGEN ARENA (Wolfsburg)
1703100600,Dec 20 2023 - 7:30pm,complete,N/A,Stuttgart,Augsburg,Daniel Siebert,16,2.38,0.71,2.47,0.88,3,0,3,2,2,0,"18,45'1,69","",4,4,0,0,4,0,0,0,1,3,18,7,9,5,8,2,8,12,66,34,2.08,1.22,1.97,0.99,3.45,60,100,59,46,26,60,100,40,86,9.34,3.25,1.36,5.50,7.50,1.15,1.50,2.15,4.00,1.70,2.05,MHP Arena (Stuttgart)
1703100600,Dec 20 2023 - 7:30pm,complete,N/A,Heidenheim,Freiburg,Benjamin Brand,16,1.86,1.25,1.53,1.18,3,2,5,1,0,1,"52,84,90'2","7,64",7,4,3,0,4,0,2,1,2,2,16,12,4,5,6,3,19,11,52,48,1.55,1.11,1.23,1.15,3.11,48,67,60,41,35,40,60,55,87,10.34,3.38,2.75,3.50,2.50,1.22,1.87,2.70,4.75,1.57,2.25,Voith-Arena (Heidenheim an der Brenz)
1705087800,Jan 12 2024 - 7:30pm,complete,N/A,Bayern München,Hoffenheim,Benjamin Brand,17,2.71,2.00,2.53,1.35,3,0,3,1,1,0,"18,70,90","",11,2,1,0,2,1,0,1,2,1,28,12,12,5,10,7,9,5,61,39,2.25,1.36,3.01,1.32,4.38,66,100,88,67,41,67,87,81,94,11.18,3.74,1.12,10.00,11.00,1.04,1.25,1.65,1.94,1.70,2.05,Allianz Arena (München)
1705156200,Jan 13 2024 - 2:30pm,complete,45887,RB Leipzig,Eintracht Frankfurt,Frank Willenborg,17,2.50,1.13,2.18,1.06,0,1,1,1,0,1,"","7",15,4,0,0,2,0,0,0,1,1,32,6,9,2,11,4,9,16,63,37,1.85,1.09,2.65,0.68,3.32,63,94,76,44,13,50,88,57,76,10.13,4.00,1.46,4.50,5.55,1.17,1.52,2.20,3.75,1.67,2.10,Red Bull Arena (Leipzig)
1705156200,Jan 13 2024 - 2:30pm,complete,N/A,Freiburg,Union Berlin,Christian Dingert,17,2.00,0.43,1.29,0.59,0,0,0,0,0,0,"","",4,3,0,0,2,0,0,0,0,2,16,10,4,5,9,2,7,9,57,43,1.61,1.35,1.51,1.03,3.29,50,86,57,36,29,50,79,43,79,10.71,4.29,2.19,3.35,3.00,1.33,1.85,3.60,7.00,1.80,1.95,Europa-Park Stadion (Freiburg im Breisgau)
1705156200,Jan 13 2024 - 2:30pm,complete,N/A,Mainz 05,Wolfsburg,Patrick Ittrich,17,0.57,0.75,1.35,0.88,1,1,2,1,0,1,"61","12",7,3,3,0,4,0,1,2,2,2,12,10,3,5,6,4,21,20,51,49,1.43,1.29,1.09,1.12,2.84,53,73,59,46,7,32,60,53,93,10.21,5.32,2.09,3.45,3.10,1.30,1.71,3.30,6.50,1.70,2.05,MEWA ARENA (Mainz)
1705156200,Jan 13 2024 - 2:30pm,complete,50000,Köln,Heidenheim,Felix Zwayer,17,0.71,0.50,0.94,0.94,1,1,2,1,1,0,"29","55",9,6,3,0,1,0,2,1,1,0,15,10,6,3,5,4,12,11,52,48,1.61,0.97,1.57,0.90,2.77,60,80,53,34,13,46,79,48,60,10.75,3.31,1.83,3.75,3.65,1.25,1.57,2.95,1.78,1.62,2.20,RheinEnergieStadion (Köln)
1705156200,Jan 13 2024 - 2:30pm,complete,N/A,Augsburg,Bayer Leverkusen,Sven Jablonski,17,1.63,2.43,1.41,2.65,0,1,1,0,0,0,"","90'4",0,12,3,0,1,0,3,0,1,0,6,25,0,7,5,11,11,5,24,76,1.39,1.57,0.50,2.42,3.52,79,100,81,34,20,67,94,53,88,8.71,4.92,5.30,4.60,1.46,1.17,1.44,2.30,4.00,1.67,2.10,WWK Arena (Augsburg)
1705167000,Jan 13 2024 - 5:30pm,complete,N/A,Darmstadt 98,Borussia Dortmund,Deniz Aytekin,17,0.63,1.43,0.35,1.76,0,3,3,1,0,1,"","24,77,90'2",3,4,1,0,3,0,0,1,2,1,12,18,3,9,3,5,10,13,48,52,1.44,1.33,0.86,1.81,3.41,82,82,60,47,34,67,82,27,87,8.50,5.43,5.00,4.60,1.58,1.13,1.44,2.05,3.60,1.53,2.38,Merck-Stadion am Böllenfalltor (Darmstadt)
1705242600,Jan 14 2024 - 2:30pm,complete,N/A,Bochum,Werder Bremen,Tobias Stieler,17,1.43,0.29,1.35,1.00,1,1,2,0,0,0,"64","90'3",3,4,6,0,5,0,2,4,3,2,16,17,5,4,8,4,14,15,47,53,1.98,1.18,1.54,1.08,3.22,72,86,57,50,15,43,79,50,100,9.14,5.00,2.14,3.82,3.50,1.20,1.65,2.50,1.82,1.57,2.25,Vonovia Ruhrstadion (Bochum)
1705249800,Jan 14 2024 - 4:30pm,complete,N/A,Borussia M'gladbach,Stuttgart,Harm Osmers,17,1.38,1.71,1.24,1.82,3,1,4,2,2,0,"1,19,90'1","55",0,3,3,0,3,0,1,2,1,2,9,16,5,3,3,7,6,12,28,72,1.35,1.30,0.97,1.43,3.21,53,94,80,34,7,39,66,75,93,9.81,3.20,3.48,4.10,2.07,1.16,1.45,2.20,4.00,1.50,2.50,BORUSSIA-PARK (Mönchengladbach)
1705761000,Jan 20 2024 - 2:30pm,complete,33600,Freiburg,Hoffenheim,Sascha Stegemann,18,1.88,1.78,1.29,1.35,3,2,5,1,1,0,"37,55,85","57,77",2,2,2,1,3,0,1,2,2,1,19,17,10,5,7,7,17,10,43,57,1.60,1.36,2.08,1.54,3.21,64,88,58,41,29,53,76,58,76,9.31,4.89,2.10,3.80,3.25,1.20,1.62,2.65,1.98,1.57,2.25,Europa-Park Stadion (Freiburg im Breisgau)
1705761000,Jan 20 2024 - 2:30pm,complete,50000,Köln,Borussia Dortmund,Daniel Schlager,18,0.75,1.63,0.94,1.76,0,4,4,1,0,1,"","12,58,61,90'2",13,4,2,0,2,0,0,2,1,1,20,12,6,8,6,2,14,5,40,60,1.61,1.39,1.58,1.43,2.88,76,88,51,32,13,44,82,44,76,11.25,4.13,4.40,4.10,1.73,1.18,1.57,2.40,4.00,1.57,2.25,RheinEnergieStadion (Köln)
1705761000,Jan 20 2024 - 2:30pm,complete,N/A,Bochum,Stuttgart,Bastian Dankert,18,1.38,1.50,1.35,1.82,1,0,1,0,0,0,"50","",1,7,5,0,3,0,3,2,1,2,7,20,2,6,4,10,17,16,37,63,1.93,1.31,0.76,1.82,3.13,69,100,63,38,7,25,69,69,94,8.51,5.25,3.60,3.80,1.95,1.20,1.52,2.60,1.98,1.57,2.25,Vonovia Ruhrstadion (Bochum)
1705761000,Jan 20 2024 - 2:30pm,complete,N/A,Heidenheim,Wolfsburg,Timo Gerach,18,2.00,0.78,1.53,0.88,1,1,2,2,1,1,"45'2","7",4,2,0,0,1,0,0,0,1,0,14,14,5,4,6,6,11,9,52,48,1.51,1.27,1.56,1.21,3.50,65,77,65,60,37,35,65,66,94,11.96,5.02,2.65,3.55,2.55,1.26,1.62,3.00,5.50,1.62,2.20,Voith-Arena (Heidenheim an der Brenz)
1705761000,Jan 20 2024 - 2:30pm,complete,17750,Darmstadt 98,Eintracht Frankfurt,Daniel Siebert,18,0.56,1.33,0.35,1.06,2,2,4,1,0,1,"61,90'5","33,51",4,1,1,0,1,0,1,0,0,1,13,9,4,5,3,3,11,8,49,51,1.37,1.05,1.15,1.01,2.95,56,78,62,33,17,39,78,39,84,8.11,5.00,3.75,3.70,1.95,1.28,1.52,3.20,6.00,1.70,2.05,Merck-Stadion am Böllenfalltor (Darmstadt)
1705771800,Jan 20 2024 - 5:30pm,complete,46529,RB Leipzig,Bayer Leverkusen,Matthias Jöllenbeck,18,2.22,2.50,2.18,2.65,2,3,5,1,1,0,"7,56","47,63,90'1",1,9,2,0,3,0,0,2,2,1,11,19,7,6,3,8,9,11,40,60,1.94,1.68,1.37,1.81,3.22,53,83,77,41,18,65,89,47,78,12.96,3.69,2.36,3.80,2.80,1.19,1.62,2.40,4.50,1.50,2.50,Red Bull Arena (Leipzig)
1705847400,Jan 21 2024 - 2:30pm,complete,N/A,Bayern München,Werder Bremen,Marco Fritz,18,2.75,0.38,2.53,1.00,0,1,1,0,0,0,"","59",10,2,2,0,1,0,1,1,0,1,24,9,8,4,10,4,13,9,68,32,2.34,1.17,2.39,1.01,4.00,51,88,75,57,32,57,76,76,100,11.63,3.13,1.10,11.50,21.00,1.07,1.16,1.53,2.10,2.00,1.75,Allianz Arena (München)
1705854600,Jan 21 2024 - 4:30pm,complete,N/A,Borussia M'gladbach,Augsburg,Martin Petersen,18,1.56,0.63,1.24,0.88,1,2,3,1,1,0,"26","47,51",5,7,1,0,2,0,0,1,1,1,19,16,5,8,10,4,9,20,55,45,1.31,1.19,1.66,1.73,3.18,59,95,70,35,7,65,89,46,88,9.42,4.03,1.94,4.00,3.60,1.18,1.62,2.25,2.03,1.50,2.50,BORUSSIA-PARK (Mönchengladbach)
1706124600,Jan 24 2024 - 7:30pm,complete,75000,Bayern München,Union Berlin,Frank Willenborg,13,2.44,0.50,2.53,0.59,1,0,1,0,0,0,"46","",12,1,2,0,4,0,0,2,0,4,23,5,11,2,8,2,5,5,72,28,2.35,1.31,2.71,0.47,3.67,36,82,76,47,29,47,77,58,88,12.61,3.00,1.22,5.45,11.50,1.09,1.28,1.74,3.00,1.95,1.80,Allianz Arena (München)
1706297400,Jan 26 2024 - 7:30pm,complete,N/A,Eintracht Frankfurt,Mainz 05,Felix Zwayer,19,1.88,0.67,1.71,0.71,1,0,1,0,0,0,"72","",2,1,2,0,1,0,2,0,1,0,12,8,4,0,5,4,6,10,56,44,1.38,1.28,1.17,0.56,2.78,65,77,53,35,18,41,83,41,60,8.86,4.97,2.03,3.20,3.40,1.30,1.87,3.30,6.00,1.91,1.91,Deutsche Bank Park (Frankfurt am Main)
1706365800,Jan 27 2024 - 2:30pm,complete,N/A,Wolfsburg,Köln,Sören Storks,19,1.63,0.56,1.29,0.65,1,1,2,2,1,1,"40","38",6,3,5,0,3,0,0,5,2,1,15,8,5,4,5,1,17,13,53,47,1.37,1.17,1.42,0.99,2.54,48,83,48,12,6,48,72,29,82,6.92,4.41,1.75,3.90,4.00,1.26,1.74,3.10,1.98,1.75,2.00,Volkswagen Arena (Wolfsburg)
1706365800,Jan 27 2024 - 2:30pm,complete,N/A,Hoffenheim,Heidenheim,Tobias Welz,19,1.00,0.56,1.35,0.94,1,1,2,2,1,1,"45'7","29",9,5,4,0,0,0,0,4,0,0,24,15,8,4,6,7,11,13,67,33,1.53,0.97,2.02,1.22,3.56,84,95,72,54,24,72,100,42,78,8.63,4.28,1.70,4.35,4.50,1.16,1.50,2.28,3.90,1.57,2.25,PreZero Arena (Sinsheim)
1706365800,Jan 27 2024 - 2:30pm,complete,N/A,Werder Bremen,Freiburg,Robert Hartmann,19,1.56,1.11,1.47,1.18,3,1,4,2,1,1,"9,53,90'3","28",5,5,2,0,1,0,0,2,0,1,15,8,4,5,6,1,14,10,43,57,1.24,1.11,1.14,1.00,3.00,44,84,67,39,17,39,78,50,95,5.78,4.00,2.59,3.75,2.59,1.24,1.71,2.39,5.20,1.62,2.20,wohninvest WESERSTADION (Bremen)
1706365800,Jan 27 2024 - 2:30pm,complete,N/A,Augsburg,Bayern München,Christian Dingert,19,1.44,2.38,1.41,1.71,2,3,5,2,0,2,"52,90'4","23,45'5,58",4,5,2,0,6,0,1,1,1,5,16,14,8,5,5,5,12,8,41,59,1.29,1.91,1.83,1.27,3.54,76,89,78,48,18,60,89,60,77,10.81,4.80,7.60,6.00,1.34,1.10,1.33,1.88,3.00,1.70,2.05,WWK Arena (Augsburg)
1706365800,Jan 27 2024 - 2:30pm,complete,N/A,Stuttgart,RB Leipzig,Sven Jablonski,19,2.44,1.63,2.47,1.65,5,2,7,3,2,1,"25,30,48,56,75","32,55",9,3,1,0,4,0,0,1,3,1,19,5,10,3,4,2,10,11,54,46,2.07,1.68,1.98,0.74,3.40,60,94,71,47,29,53,75,60,100,11.32,2.99,2.57,3.80,2.57,1.19,1.58,2.29,4.33,1.50,2.50,MHPArena (Stuttgart)
1706376600,Jan 27 2024 - 5:30pm,complete,30210,Bayer Leverkusen,Borussia M'gladbach,Deniz Aytekin,19,2.78,0.75,2.65,0.76,0,0,0,0,0,0,"","",8,2,3,0,1,0,0,3,0,1,29,5,10,4,10,0,16,7,75,25,2.15,1.42,3.01,0.65,4.51,78,100,95,72,42,54,100,71,100,13.13,4.21,1.25,6.00,9.00,1.12,1.34,1.98,3.17,1.70,2.05,BayArena (Leverkusen)
1706452200,Jan 28 2024 - 2:30pm,complete,N/A,Union Berlin,Darmstadt 98,Harm Osmers,19,1.25,0.63,1.35,0.65,1,0,1,0,0,0,"62","",4,3,3,0,2,0,0,3,0,2,22,17,7,2,10,10,14,8,50,50,1.43,1.04,1.99,1.12,3.69,57,94,69,44,32,44,75,63,82,8.13,4.63,1.66,3.90,5.20,1.22,1.81,2.31,5.00,1.91,1.91,Stadion An der Alten Försterei (Berlin)
1706459400,Jan 28 2024 - 4:30pm,complete,N/A,Borussia Dortmund,Bochum,Benjamin Brand,19,1.89,0.67,1.94,0.59,3,1,4,2,1,1,"6,72,90'1","45",8,4,1,0,3,0,0,1,1,2,20,12,7,5,5,6,10,16,64,36,1.78,1.12,1.80,1.33,3.33,50,73,67,56,28,73,73,44,78,8.00,4.11,1.36,5.25,6.75,1.09,1.50,1.93,3.22,1.67,2.10,SIGNAL IDUNA PARK (Dortmund)
1706902200,Feb 02 2024 - 7:30pm,complete,N/A,Heidenheim,Borussia Dortmund,Bastian Dankert,20,1.89,1.78,1.53,1.76,0,0,0,0,0,0,"","",4,6,0,0,2,0,0,0,0,2,13,15,0,6,10,4,6,6,34,66,1.52,1.39,0.92,1.56,3.62,73,89,62,50,39,45,84,56,84,11.22,4.33,3.75,4.20,1.80,1.13,1.45,2.04,3.20,1.44,2.63,Voith-Arena (Heidenheim an der Brenz)
1706970600,Feb 03 2024 - 2:30pm,complete,N/A,Bayern München,Borussia M'gladbach,Tobias Stieler,20,2.50,0.78,2.53,0.76,3,1,4,2,1,1,"45,70,86","35",6,5,0,0,1,0,0,0,1,0,21,12,7,4,7,6,10,9,56,44,2.38,1.34,1.74,1.11,4.28,60,85,85,64,37,53,80,69,95,13.28,3.77,1.17,8.00,13.00,1.07,1.28,1.65,2.22,1.80,1.95,Allianz Arena (München)
1706970600,Feb 03 2024 - 2:30pm,complete,N/A,Freiburg,Stuttgart,Daniel Siebert,20,2.00,1.33,1.29,1.82,1,3,4,3,1,2,"45'11","3,7,74",1,6,4,1,2,0,3,2,0,2,7,18,5,10,2,7,10,7,34,66,1.65,1.37,1.06,2.05,3.06,50,84,56,33,22,33,62,61,78,9.11,4.00,3.10,3.50,2.20,1.23,1.75,2.70,4.80,1.62,2.20,Europa-Park Stadion (Freiburg im Breisgau)
1706970600,Feb 03 2024 - 2:30pm,complete,N/A,Mainz 05,Werder Bremen,Benjamin Brand,20,0.63,0.67,1.35,1.00,0,1,1,1,0,1,"","2",11,1,4,0,3,0,0,4,2,1,25,7,6,2,8,3,19,20,59,41,1.39,1.15,1.77,0.67,2.69,53,71,41,35,11,29,60,47,94,9.44,4.74,2.10,3.40,3.40,1.29,1.91,3.25,6.00,1.75,2.00,MEWA ARENA (Mainz)
1706970600,Feb 03 2024 - 2:30pm,complete,24500,Bochum,Augsburg,Patrick Ittrich,20,1.56,0.89,1.35,0.88,1,1,2,1,1,0,"33","90'1",3,5,3,0,1,0,2,1,0,1,11,15,5,4,3,5,17,13,49,51,1.80,1.25,1.17,1.40,2.89,67,95,50,28,6,39,84,39,89,8.78,5.89,2.20,3.50,3.10,1.25,1.78,2.90,5.50,1.62,2.20,Vonovia Ruhrstadion (Bochum)
1706970600,Feb 03 2024 - 2:30pm,complete,N/A,Darmstadt 98,Bayer Leverkusen,Tobias Reichel,20,0.60,2.56,0.35,2.65,0,2,2,1,0,1,"","33,52",4,3,2,0,2,0,0,2,1,1,9,21,7,8,2,4,14,8,33,67,1.35,1.69,1.27,1.69,3.26,58,80,74,42,26,53,80,42,95,10.30,4.82,9.00,6.00,1.29,1.12,1.44,2.10,3.40,1.80,1.95,Merck-Stadion am Böllenfalltor (Darmstadt)
1706981400,Feb 03 2024 - 5:30pm,complete,N/A,Köln,Eintracht Frankfurt,Timo Gerach,20,0.67,1.30,0.94,1.06,2,0,2,0,0,0,"67,80","",7,7,1,0,2,2,1,0,1,3,16,13,5,5,8,4,8,13,41,59,1.60,1.04,1.41,1.19,2.62,58,84,52,32,0,21,79,53,74,11.39,3.77,2.79,3.61,2.63,1.29,1.88,3.25,6.00,1.75,2.00,RheinEnergieStadion (Köln)
1707057000,Feb 04 2024 - 2:30pm,complete,N/A,Wolfsburg,Hoffenheim,Florian Badstübner,20,1.56,1.60,1.29,1.35,2,2,4,1,0,1,"58,70","6,66",7,2,2,0,3,0,0,2,0,3,15,18,8,8,5,7,11,15,45,55,1.38,1.38,1.69,2.00,3.18,74,95,68,36,20,59,90,51,73,6.96,5.79,1.97,3.89,3.54,1.17,1.54,2.36,4.50,1.53,2.38,Volkswagen Arena (Wolfsburg)
1707064200,Feb 04 2024 - 4:30pm,complete,N/A,RB Leipzig,Union Berlin,Marco Fritz,20,2.00,0.44,2.18,0.59,2,0,2,1,1,0,"11,48","",5,4,1,0,2,1,1,0,1,2,18,11,7,3,5,3,13,12,66,34,1.88,1.21,1.68,0.81,3.19,47,74,68,47,26,47,79,47,69,10.81,3.82,1.33,5.50,8.50,1.16,1.60,2.45,4.50,1.91,1.91,Red Bull Arena (Leipzig)
1707327000,Feb 07 2024 - 5:30pm,complete,N/A,Mainz 05,Union Berlin,Martin Petersen,18,0.56,0.40,1.35,0.59,1,1,2,2,1,1,"45'8","45'13",8,3,2,0,4,0,1,1,0,4,21,17,9,5,7,7,14,13,45,55,1.43,1.17,1.90,1.38,2.46,37,69,42,26,10,21,69,32,79,10.54,5.18,2.00,3.25,3.70,1.36,2.25,3.75,7.00,1.91,1.91,MEWA ARENA (Mainz)
1707507000,Feb 09 2024 - 7:30pm,complete,N/A,Borussia Dortmund,Freiburg,Harm Osmers,21,2.00,1.00,1.94,1.18,3,0,3,2,2,0,"16,45'7,87","",5,3,2,0,0,0,1,1,0,0,18,7,9,4,6,3,13,7,66,34,1.78,1.10,1.98,1.00,3.15,55,70,65,50,25,60,70,50,90,8.60,3.00,1.55,4.90,5.20,1.16,1.63,2.30,3.70,1.57,2.25,SIGNAL IDUNA PARK (Dortmund)
1707575400,Feb 10 2024 - 2:30pm,complete,N/A,Union Berlin,Wolfsburg,Matthias Jöllenbeck,21,1.44,0.80,1.35,0.88,1,0,1,1,1,0,"45'25","",6,10,1,0,2,0,0,1,0,2,9,18,2,5,3,4,12,9,41,59,1.49,1.27,0.73,1.49,2.89,52,85,58,36,11,42,69,53,90,9.32,4.37,2.20,3.25,3.25,1.33,2.02,3.60,7.00,1.80,1.95,Stadion An der Alten Försterei (Berlin)
1707575400,Feb 10 2024 - 2:30pm,complete,N/A,Eintracht Frankfurt,Bochum,Sven Jablonski,21,2.00,0.60,1.71,0.59,1,1,2,2,1,1,"14","17",8,3,2,0,2,0,0,2,1,1,10,16,3,6,4,7,6,10,53,47,1.35,1.14,0.95,1.59,3.04,53,74,62,41,21,57,79,42,69,7.24,4.48,1.62,3.75,5.50,1.27,1.85,2.95,5.50,1.80,1.95,Deutsche Bank Park (Frankfurt am Main)
1707575400,Feb 10 2024 - 2:30pm,complete,46121,Borussia M'gladbach,Darmstadt 98,Sascha Stegemann,21,1.40,0.56,1.24,0.65,0,0,0,0,0,0,"","",7,2,0,0,5,0,0,0,0,5,25,11,9,2,9,4,10,14,58,42,1.34,1.05,2.24,0.77,3.60,69,84,79,48,22,52,74,63,89,8.38,4.70,1.62,3.75,5.50,1.20,1.80,2.28,4.75,1.75,2.00,BORUSSIA-PARK (Mönchengladbach)
1707575400,Feb 10 2024 - 2:30pm,complete,N/A,Werder Bremen,Heidenheim,Robert Schröder,21,1.70,0.60,1.47,0.94,1,2,3,3,1,2,"19","12,18",5,10,1,0,2,0,1,0,2,0,17,12,4,4,9,4,10,13,65,35,1.23,0.99,1.50,1.02,3.15,60,95,60,40,15,50,95,45,80,7.30,3.90,1.80,3.50,4.50,1.24,1.61,2.85,5.50,1.67,2.10,wohninvest WESERSTADION (Bremen)
1707575400,Feb 10 2024 - 2:30pm,complete,N/A,Augsburg,RB Leipzig,Benjamin Brand,21,1.30,1.44,1.41,1.65,2,2,4,2,1,1,"35,60","39,52",1,3,5,0,1,0,0,5,0,1,12,11,5,8,4,2,13,11,42,58,1.35,1.57,1.34,1.52,3.58,79,90,69,42,32,52,68,69,90,9.16,4.71,5.00,3.75,1.67,1.15,1.48,2.20,3.75,1.50,2.50,WWK Arena (Augsburg)
1707586200,Feb 10 2024 - 5:30pm,complete,N/A,Bayer Leverkusen,Bayern München,Felix Zwayer,21,2.60,2.44,2.65,1.71,3,0,3,1,1,0,"18,50,90'5","",4,6,3,0,2,0,0,3,1,1,15,10,9,2,3,5,13,13,39,61,2.23,1.84,1.61,0.98,3.64,59,90,85,59,26,54,95,64,84,15.00,4.06,2.50,3.75,2.60,1.15,1.56,2.30,3.75,1.44,2.63,BayArena (Leverkusen)
1707661800,Feb 11 2024 - 2:30pm,complete,N/A,Stuttgart,Mainz 05,Deniz Aytekin,21,2.50,0.60,2.47,0.71,3,1,4,2,2,0,"45'2,45'4,73","76",4,5,1,0,1,0,0,1,0,1,13,18,8,7,3,7,7,9,62,38,2.06,1.21,1.58,1.70,3.25,60,85,65,50,25,55,85,45,80,9.60,4.10,1.44,4.90,7.10,1.19,1.58,2.65,4.90,1.91,1.91,MHPArena (Stuttgart)
1707669000,Feb 11 2024 - 4:30pm,complete,N/A,Hoffenheim,Köln,Christian Dingert,21,1.00,0.60,1.35,0.65,1,1,2,0,0,0,"90'4","79",10,3,3,0,4,0,1,2,0,4,11,7,4,2,3,2,13,10,57,43,1.58,1.15,1.18,0.71,3.09,70,90,54,39,16,65,80,37,84,8.71,4.57,2.05,3.40,3.50,1.17,1.57,2.30,4.50,1.57,2.25,PreZero Arena (Sinsheim)
1708111800,Feb 16 2024 - 7:30pm,complete,N/A,Köln,Werder Bremen,Daniel Siebert,22,0.90,0.90,0.94,1.00,0,1,1,0,0,0,"","70",5,3,4,0,4,0,1,3,1,3,14,14,4,5,5,5,17,11,57,43,1.58,1.11,1.26,1.26,2.60,50,70,40,35,10,30,60,55,80,11.10,3.80,2.35,3.43,2.91,1.28,1.75,3.00,6.00,1.70,2.05,RheinEnergieStadion (Köln)
1708180200,Feb 17 2024 - 2:30pm,complete,N/A,Wolfsburg,Borussia Dortmund,Martin Petersen,22,1.50,1.70,1.29,1.76,1,1,2,1,0,1,"63","8",5,3,3,0,1,0,0,3,0,1,12,13,5,6,4,5,18,5,36,64,1.41,1.41,1.37,1.44,2.95,70,90,60,30,10,55,90,35,70,8.10,5.20,3.10,3.75,2.00,1.18,1.65,2.30,4.33,1.50,2.50,Volkswagen Arena (Wolfsburg)
1708180200,Feb 17 2024 - 2:30pm,complete,N/A,Mainz 05,Augsburg,Tobias Reichel,22,0.60,0.90,1.35,0.88,1,0,1,1,1,0,"43","",7,7,3,0,2,1,1,2,1,2,19,11,5,4,7,4,8,16,45,55,1.48,1.26,1.55,1.07,2.60,55,85,40,20,5,35,85,30,75,10.80,4.80,2.09,3.80,2.86,1.32,1.59,3.40,6.50,1.80,1.95,MEWA ARENA (Mainz)
1708180200,Feb 17 2024 - 2:30pm,complete,N/A,Hoffenheim,Union Berlin,Robert Hartmann,22,1.00,0.45,1.35,0.59,0,1,1,0,0,0,"","84",6,2,2,1,3,1,2,1,3,1,19,11,5,4,4,6,10,7,67,33,1.54,1.19,1.40,1.10,3.12,68,87,58,44,19,58,82,39,77,9.60,5.25,1.86,3.80,3.45,1.26,1.65,3.00,5.50,1.67,2.10,PreZero Arena (Sinsheim)
1708180200,Feb 17 2024 - 2:30pm,complete,N/A,Heidenheim,Bayer Leverkusen,Harm Osmers,22,1.80,2.60,1.53,2.65,1,2,3,1,0,1,"86","45'2,81",4,5,2,0,1,0,2,0,0,1,7,19,4,4,2,8,15,5,37,63,1.46,1.69,1.09,1.43,3.20,55,80,60,40,35,40,75,50,85,12.60,3.90,6.95,4.80,1.35,1.16,1.65,2.30,3.90,1.80,1.95,Voith-Arena (Heidenheim an der Brenz)
1708180200,Feb 17 2024 - 2:30pm,complete,N/A,Darmstadt 98,Stuttgart,Tobias Welz,22,0.55,1.50,0.35,1.82,1,2,3,1,0,1,"90'5","14,90'2",5,3,4,0,4,1,1,3,3,2,21,15,9,5,6,7,12,14,56,44,1.34,1.44,2.01,1.31,3.19,53,82,67,43,19,38,67,53,91,8.27,4.45,3.95,4.20,1.67,1.20,1.52,2.33,4.70,1.80,1.95,Merck-Stadion am Böllenfalltor (Darmstadt)
1708191000,Feb 17 2024 - 5:30pm,complete,N/A,RB Leipzig,Borussia M'gladbach,Sören Storks,22,2.09,0.70,2.18,0.76,2,0,2,1,1,0,"14,57","",8,4,1,0,5,0,1,0,3,2,17,16,10,0,4,13,13,14,49,51,1.86,1.31,1.94,1.20,3.98,73,86,82,68,34,58,91,63,77,11.35,4.05,1.36,5.00,6.50,1.10,1.36,2.03,3.00,1.57,2.25,Red Bull Arena (Leipzig)
1708266600,Feb 18 2024 - 2:30pm,complete,N/A,Freiburg,Eintracht Frankfurt,Tobias Stieler,22,1.80,1.18,1.29,1.06,3,3,6,4,2,2,"30,45'5,89","27,35,72",6,1,0,0,0,0,0,0,0,0,14,12,9,7,1,3,8,10,54,46,1.59,1.06,1.62,1.34,2.92,58,86,53,34,15,34,76,48,76,8.72,4.77,2.11,3.40,3.05,1.30,1.95,3.25,6.00,1.75,2.00,Europa-Park Stadion (Freiburg im Breisgau)
1708273800,Feb 18 2024 - 4:30pm,complete,N/A,Bochum,Bayern München,Daniel Schlager,22,1.50,2.20,1.35,1.71,3,2,5,3,2,1,"38,44,78","14,87",4,9,2,0,3,1,2,0,1,3,14,28,5,11,4,6,12,9,31,69,1.73,1.76,1.25,2.35,3.15,70,90,65,45,10,40,85,55,90,11.40,6.10,8.50,5.70,1.19,1.12,1.36,1.83,3.40,1.67,2.10,Vonovia Ruhrstadion (Bochum)
1708716600,Feb 23 2024 - 7:30pm,complete,30210,Bayer Leverkusen,Mainz 05,Timo Gerach,23,2.64,0.55,2.65,0.71,2,1,3,2,1,1,"3,68","7",11,2,3,0,5,1,1,2,1,5,18,14,8,6,4,5,14,16,67,33,2.18,1.25,1.85,1.31,3.05,55,82,69,45,18,41,82,55,78,11.55,4.46,1.16,6.20,13.00,1.14,1.57,2.25,3.92,2.20,1.62,BayArena (Leverkusen)
1708785000,Feb 24 2024 - 2:30pm,complete,N/A,Union Berlin,Heidenheim,Deniz Aytekin,23,1.60,0.82,1.35,0.94,2,2,4,3,2,1,"43,45'2","3,71",4,2,2,0,1,0,1,1,0,1,13,11,4,5,7,3,8,12,58,42,1.42,0.99,1.39,1.12,2.80,52,86,53,24,14,47,85,39,68,9.94,3.24,1.81,3.69,3.61,1.30,1.77,3.50,7.00,1.91,1.91,Stadion An der Alten Försterei (Berlin)
1708785000,Feb 24 2024 - 2:30pm,complete,N/A,Borussia M'gladbach,Bochum,Frank Willenborg,23,1.36,0.64,1.24,0.59,5,2,7,2,2,0,"28,35,72,78,90'6","75,87",5,6,2,0,4,0,2,0,3,1,23,18,7,6,10,10,12,10,49,51,1.43,1.18,1.82,1.85,3.09,60,82,78,46,9,69,78,55,78,8.55,4.19,1.76,4.08,3.50,1.18,1.59,2.16,4.33,1.53,2.38,BORUSSIA-PARK (Mönchengladbach)
1708785000,Feb 24 2024 - 2:30pm,complete,N/A,Werder Bremen,Darmstadt 98,Florian Badstübner,23,1.55,0.60,1.47,0.65,1,1,2,2,1,1,"8","33",4,6,3,0,4,0,3,0,0,4,16,14,5,5,7,5,9,12,55,45,1.26,1.02,1.52,1.27,3.44,58,85,67,48,25,43,76,53,81,6.06,5.38,1.58,4.08,4.51,1.22,1.70,2.88,5.25,1.80,1.95,wohninvest WESERSTADION (Bremen)
1708785000,Feb 24 2024 - 2:30pm,complete,N/A,Stuttgart,Köln,Patrick Ittrich,23,2.55,0.64,2.47,0.65,1,1,2,0,0,0,"53","62",9,4,1,0,0,0,1,0,0,0,15,14,6,7,2,3,10,11,75,25,2.02,1.11,1.44,1.35,3.18,55,91,55,37,23,55,78,46,96,9.19,3.18,1.34,4.98,6.55,1.17,1.57,2.30,4.20,1.91,1.91,MHPArena (Stuttgart)
1708795800,Feb 24 2024 - 5:30pm,complete,N/A,Bayern München,RB Leipzig,Sascha Stegemann,23,2.55,1.40,2.53,1.65,2,1,3,0,0,0,"56,90'1","70",6,4,3,0,3,0,1,2,1,2,18,12,5,7,5,3,11,10,57,43,2.32,1.57,1.42,1.43,3.80,53,86,76,53,29,53,67,77,100,13.57,3.00,1.58,4.50,4.90,1.13,1.27,2.15,3.40,1.44,2.63,Allianz Arena (München)
1708871400,Feb 25 2024 - 2:30pm,complete,N/A,Eintracht Frankfurt,Wolfsburg,Daniel Schlager,23,1.90,0.73,1.71,0.88,2,2,4,3,1,2,"14,90'2","2,36",5,3,2,0,1,0,2,0,1,0,13,15,6,9,5,5,9,7,56,44,1.31,1.29,1.50,1.83,2.71,62,72,48,33,15,43,77,38,71,9.44,4.44,2.30,3.40,3.13,1.30,2.00,3.40,1.85,1.75,2.00,Deutsche Bank Park (Frankfurt am Main)
1708878600,Feb 25 2024 - 4:30pm,complete,N/A,Borussia Dortmund,Hoffenheim,Marco Fritz,23,2.09,1.55,1.94,1.35,2,3,5,3,2,1,"21,25","2,61,64",10,3,2,0,3,0,1,1,1,2,22,11,8,6,6,2,9,9,70,30,1.80,1.43,1.99,1.14,3.59,69,87,73,60,32,59,82,64,91,8.82,4.36,1.45,5.00,6.10,1.09,1.33,1.86,2.85,1.44,2.63,SIGNAL IDUNA PARK (Dortmund)
1708885800,Feb 25 2024 - 6:30pm,complete,N/A,Augsburg,Freiburg,Bastian Dankert,23,1.27,0.91,1.41,1.18,2,1,3,1,0,1,"72,81","19",10,2,3,0,1,0,1,2,0,1,20,6,9,2,7,2,16,11,63,37,1.35,1.09,2.01,0.55,3.28,68,82,73,41,23,60,78,55,87,6.36,4.27,2.20,3.65,3.05,1.26,1.73,3.00,5.50,1.62,2.20,WWK Arena (Augsburg)
1709321400,Mar 01 2024 - 7:30pm,complete,N/A,Freiburg,Bayern München,Sven Jablonski,24,1.73,2.00,1.29,1.71,2,2,4,2,1,1,"12,87","35,75",3,6,1,0,2,0,0,1,0,2,18,21,7,9,8,7,11,7,38,62,1.60,1.81,1.72,2.17,3.59,64,87,73,55,32,60,87,59,78,12.09,4.91,6.00,5.00,1.40,1.12,1.43,2.38,3.72,1.67,2.10,Europa-Park Stadion (Freiburg im Breisgau)
1709389800,Mar 02 2024 - 2:30pm,complete,N/A,Union Berlin,Borussia Dortmund,Christian Dingert,24,1.55,1.64,1.35,1.76,0,2,2,1,0,1,"","41,90",8,7,2,0,1,0,0,2,1,0,17,14,5,8,4,4,14,8,38,62,1.41,1.41,1.31,1.68,2.91,55,87,55,32,14,41,82,41,82,9.27,3.91,3.70,3.60,1.95,1.24,1.67,2.85,5.00,1.62,2.20,Stadion An der Alten Försterei (Berlin)
1709389800,Mar 02 2024 - 2:30pm,complete,N/A,Mainz 05,Borussia M'gladbach,Robert Schröder,24,0.82,0.64,1.35,0.76,1,1,2,1,1,0,"12","55",12,6,4,1,1,0,0,5,1,0,20,15,4,6,8,6,12,15,44,56,1.48,1.30,1.34,1.38,3.18,64,78,55,46,18,37,82,46,78,11.37,5.46,1.95,3.50,3.60,1.26,1.70,2.25,1.83,1.67,2.10,MEWA ARENA (Mainz)
1709389800,Mar 02 2024 - 2:30pm,complete,N/A,Bochum,RB Leipzig,Harm Osmers,24,1.64,1.27,1.35,1.65,1,4,5,2,1,1,"7","30,68,71,72",2,5,3,1,2,0,1,3,1,1,15,13,4,5,8,7,13,10,44,56,1.69,1.55,1.47,1.29,3.19,78,91,59,41,18,36,64,64,100,9.63,5.54,5.00,4.00,1.61,1.18,1.53,2.30,4.33,1.57,2.25,Vonovia Ruhrstadion (Bochum)
1709389800,Mar 02 2024 - 2:30pm,complete,N/A,Heidenheim,Eintracht Frankfurt,Sören Storks,24,1.64,1.17,1.53,1.06,1,2,3,1,0,1,"59","39,49",7,3,1,0,4,0,0,1,2,2,16,11,4,6,10,4,7,10,58,42,1.42,1.08,1.59,1.21,3.14,61,83,57,39,27,26,74,61,78,10.22,3.81,2.65,3.30,2.60,1.29,1.85,3.00,5.50,1.70,2.05,Voith-Arena (Heidenheim an der Brenz)
1709389800,Mar 02 2024 - 2:30pm,complete,N/A,Darmstadt 98,Augsburg,Felix Zwayer,24,0.50,0.82,0.35,0.88,0,6,6,5,0,5,"","2,12,20,25,29,84",3,6,2,0,0,0,2,0,0,0,11,23,6,8,1,10,4,12,45,55,1.40,1.25,1.10,1.91,3.00,57,83,56,30,17,44,88,35,83,8.78,4.94,2.55,3.40,2.65,1.28,1.75,3.10,1.90,1.62,2.20,Merck-Stadion am Böllenfalltor (Darmstadt)
1709400600,Mar 02 2024 - 5:30pm,complete,N/A,Wolfsburg,Stuttgart,Benjamin Brand,24,1.45,1.64,1.29,1.82,2,3,5,1,0,1,"50,83","14,54,77",5,4,3,0,2,0,2,1,0,2,13,8,3,4,6,3,17,12,41,59,1.40,1.43,1.10,1.01,2.91,64,91,64,27,5,41,78,50,78,7.91,5.00,3.22,3.65,2.17,1.24,1.69,2.85,1.88,1.62,2.20,Volkswagen Arena (Wolfsburg)
1709476200,Mar 03 2024 - 2:30pm,complete,N/A,Köln,Bayer Leverkusen,Tobias Stieler,24,0.82,2.64,0.94,2.65,0,2,2,1,0,1,"","37,73",1,9,2,1,2,0,3,0,1,1,7,18,0,6,5,7,8,7,22,78,1.55,1.67,0.43,1.92,2.68,50,82,55,27,9,32,73,50,87,13.19,3.91,9.90,5.50,1.32,1.20,1.57,2.30,4.33,1.95,1.80,RheinEnergieStadion (Köln)
1709483400,Mar 03 2024 - 4:30pm,complete,25000,Hoffenheim,Werder Bremen,Matthias Jöllenbeck,24,0.91,1.09,1.35,1.00,2,1,3,2,2,0,"8,44","90'2",3,3,4,1,1,0,0,5,0,1,16,20,8,8,4,7,12,11,47,53,1.53,1.12,1.61,1.81,3.00,68,73,50,46,18,55,69,45,87,8.91,5.09,1.95,3.85,3.65,1.18,1.60,2.35,4.33,1.53,2.38,PreZero Arena (Sinsheim)
1709926200,Mar 08 2024 - 7:30pm,complete,N/A,Stuttgart,Union Berlin,Robert Schröder,25,2.42,0.67,2.47,0.59,2,0,2,1,1,0,"19,65","",4,3,1,0,2,1,0,1,1,2,15,10,6,5,5,3,7,14,70,30,1.97,1.18,1.46,1.11,3.17,50,84,59,42,25,50,80,42,88,9.75,3.75,1.50,4.20,6.50,1.22,1.67,2.90,5.50,1.95,1.80,MHPArena (Stuttgart)
1709994600,Mar 09 2024 - 2:30pm,complete,N/A,Bayern München,Mainz 05,Patrick Ittrich,25,2.58,0.50,2.53,0.71,8,1,9,4,3,1,"13,19,45'7,47,61,66,70,90'2","31",6,7,1,0,1,0,1,0,0,1,25,17,13,5,5,5,8,7,59,41,2.25,1.26,2.33,1.34,3.30,55,79,71,46,17,50,71,59,84,11.83,4.34,1.22,7.00,11.50,1.11,1.35,2.05,3.20,1.80,1.95,Allianz Arena (München)
1709994600,Mar 09 2024 - 2:30pm,complete,N/A,RB Leipzig,Darmstadt 98,Robert Hartmann,25,2.17,0.64,2.18,0.65,2,0,2,1,1,0,"3,50","",8,4,0,0,3,0,0,0,2,1,30,10,9,5,10,3,3,13,64,36,1.87,1.04,2.31,1.04,3.39,57,78,61,48,31,48,78,48,66,9.67,4.77,1.13,9.00,18.00,1.11,1.35,1.87,3.00,2.05,1.70,Red Bull Arena (Leipzig)
1709994600,Mar 09 2024 - 2:30pm,complete,54042,Borussia M'gladbach,Köln,Felix Zwayer,25,1.50,0.67,1.24,0.65,3,3,6,2,1,1,"32,71,73","7,64,79",8,3,3,0,4,0,1,2,3,1,18,13,6,6,9,3,16,12,58,42,1.46,1.13,1.71,1.30,2.79,59,83,54,25,8,46,63,55,92,9.25,3.50,1.83,3.80,4.10,1.22,1.78,2.90,5.60,1.70,2.05,BORUSSIA-PARK (Mönchengladbach)
1709994600,Mar 09 2024 - 2:30pm,complete,N/A,Augsburg,Heidenheim,Frank Willenborg,25,1.42,0.83,1.41,0.94,1,0,1,1,1,0,"22","",5,2,1,0,3,0,1,0,0,3,8,8,4,2,2,5,14,20,59,41,1.40,1.00,1.29,0.77,3.33,84,92,67,38,21,63,92,46,71,8.34,4.41,1.83,3.90,4.00,1.22,1.62,2.62,1.91,1.62,2.20,WWK Arena (Augsburg)
1710005400,Mar 09 2024 - 5:30pm,complete,N/A,Werder Bremen,Borussia Dortmund,Deniz Aytekin,25,1.50,1.75,1.47,1.76,1,2,3,2,0,2,"70","21,38",11,4,1,0,2,1,0,1,1,2,17,14,6,7,6,3,6,8,45,55,1.28,1.43,1.59,1.38,3.09,63,96,59,38,13,46,92,42,83,7.75,4.42,3.62,4.00,1.81,1.14,1.59,2.20,3.50,1.44,2.63,wohninvest WESERSTADION (Bremen)
1710081000,Mar 10 2024 - 2:30pm,complete,N/A,Bochum,Freiburg,Marco Fritz,25,1.50,0.83,1.35,1.18,1,2,3,1,0,1,"62","36,53",12,5,3,0,7,0,2,1,3,4,25,11,8,6,7,1,11,12,59,41,1.67,1.05,2.08,1.07,2.96,67,84,63,38,17,42,75,50,96,7.17,5.00,2.34,3.60,2.90,1.22,1.68,2.70,4.80,1.67,2.10,Vonovia Ruhrstadion (Bochum)
1710088200,Mar 10 2024 - 4:30pm,complete,N/A,Eintracht Frankfurt,Hoffenheim,Bastian Dankert,25,1.82,1.67,1.71,1.35,3,1,4,2,1,1,"32,50,64","6",5,1,2,0,2,2,1,1,2,2,19,7,8,3,4,2,11,9,64,36,1.33,1.41,1.82,0.74,3.33,74,87,64,47,30,48,87,55,78,8.07,4.74,2.05,3.95,3.29,1.17,1.57,2.45,4.20,1.53,2.38,Deutsche Bank Park (Frankfurt am Main)
1710095400,Mar 10 2024 - 6:30pm,complete,N/A,Bayer Leverkusen,Wolfsburg,Daniel Siebert,25,2.67,0.75,2.65,0.88,2,0,2,1,1,0,"37,86","",9,2,1,0,2,1,0,1,3,0,20,3,9,2,7,1,6,7,76,24,2.15,1.33,2.58,0.44,3.17,59,84,71,46,17,46,84,50,88,12.42,4.25,1.31,5.90,8.92,1.13,1.52,2.19,3.60,1.91,1.91,BayArena (Leverkusen)
1710531000,Mar 15 2024 - 7:30pm,complete,49000,Köln,RB Leipzig,Florian Badstübner,26,0.75,1.42,0.94,1.65,1,5,6,2,1,1,"18","15,63,67,70,82",3,6,2,0,2,0,0,2,0,2,11,23,3,9,5,8,11,13,37,63,1.46,1.53,0.92,2.15,2.96,59,84,54,38,17,34,58,67,88,12.17,4.08,8.74,2.63,1.62,1.17,1.70,2.40,4.50,1.70,2.05,RheinEnergieSTADION (Köln)
1710599400,Mar 16 2024 - 2:30pm,complete,N/A,Union Berlin,Werder Bremen,Daniel Schlager,26,1.42,1.00,1.35,1.00,2,1,3,0,0,0,"50,52","63",4,3,3,0,5,0,3,0,3,2,12,12,7,3,2,3,11,10,51,49,1.40,1.18,1.42,0.81,2.67,42,71,46,29,13,38,67,42,88,8.67,3.92,2.10,3.40,3.15,1.33,1.68,3.60,7.00,1.80,1.95,Stadion An der Alten Försterei (Berlin)
1710599400,Mar 16 2024 - 2:30pm,complete,N/A,Wolfsburg,Augsburg,Timo Gerach,26,1.33,1.00,1.29,0.88,1,3,4,2,1,1,"9","45'2,61,79",8,6,1,1,3,0,1,1,0,3,16,16,5,6,7,7,12,18,48,52,1.38,1.30,1.68,1.57,2.96,63,92,54,25,13,50,96,29,71,8.66,4.91,1.79,3.90,3.60,1.26,1.61,3.00,5.50,1.67,2.10,Volkswagen Arena (Wolfsburg)
1710599400,Mar 16 2024 - 2:30pm,complete,N/A,Mainz 05,Bochum,Matthias Jöllenbeck,26,0.83,0.58,1.35,0.59,2,0,2,1,1,0,"45'3,71","",7,6,4,0,3,0,2,2,1,2,16,13,5,3,5,6,15,15,49,51,1.47,1.23,1.33,1.11,2.83,54,75,50,38,13,50,79,38,67,10.16,5.67,1.99,3.65,3.20,1.25,1.75,3.00,5.50,1.75,2.00,MEWA ARENA (Mainz)
1710599400,Mar 16 2024 - 2:30pm,complete,N/A,Heidenheim,Borussia M'gladbach,Martin Petersen,26,1.50,0.67,1.53,0.76,1,1,2,1,0,1,"66","9",10,4,1,0,3,0,1,0,2,1,20,8,4,3,7,3,16,8,57,43,1.44,1.31,1.36,0.89,3.67,75,84,67,55,38,38,80,63,84,11.50,4.25,2.09,3.85,2.85,1.22,1.52,2.70,5.00,1.57,2.25,Voith-Arena (Heidenheim an der Brenz)
1710599400,Mar 16 2024 - 2:30pm,complete,N/A,Darmstadt 98,Bayern München,Tobias Reichel,26,0.46,1.92,0.35,1.71,2,5,7,3,1,2,"28,90'5","36,45'1,64,74,90'3",2,9,1,0,0,0,0,1,0,0,8,28,4,7,3,10,9,6,21,79,1.38,1.84,0.87,2.16,3.61,61,85,81,57,28,57,89,57,88,11.23,5.20,10.40,6.85,1.18,1.07,1.36,1.93,2.65,1.80,1.95,Merck-Stadion am Böllenfalltor (Darmstadt)
1710610200,Mar 16 2024 - 5:30pm,complete,N/A,Hoffenheim,Stuttgart,Sascha Stegemann,26,1.08,1.75,1.35,1.82,0,3,3,2,0,2,"","16,45'1,68",5,6,1,0,0,0,1,0,0,0,8,26,2,12,4,10,8,13,44,56,1.54,1.39,0.80,2.64,3.33,75,92,71,46,17,50,75,59,88,9.34,5.09,3.10,4.00,2.05,1.15,1.53,2.20,1.85,1.44,2.63,PreZero Arena (Sinsheim)
1710685800,Mar 17 2024 - 2:30pm,complete,N/A,Freiburg,Bayer Leverkusen,Harm Osmers,26,1.67,2.67,1.29,2.65,2,3,5,3,1,2,"10,79","2,40,53",2,8,1,0,0,0,0,1,0,0,12,20,4,8,6,7,12,6,32,68,1.61,1.69,1.14,1.97,3.21,59,88,63,38,25,50,84,46,88,10.75,4.25,6.00,4.33,1.53,1.22,1.70,2.80,5.00,1.80,1.95,Europa-Park Stadion (Freiburg im Breisgau)
1710693000,Mar 17 2024 - 4:30pm,complete,N/A,Borussia Dortmund,Eintracht Frankfurt,Tobias Stieler,26,1.92,1.31,1.94,1.06,3,1,4,2,1,1,"33,81,90'3","13",8,3,1,0,2,0,0,1,0,2,17,10,7,7,8,2,4,8,67,33,1.82,1.09,1.96,1.34,3.25,60,84,65,45,21,49,80,56,89,9.46,3.73,1.55,4.33,5.50,1.16,1.50,2.20,4.00,1.57,2.25,SIGNAL IDUNA PARK (Dortmund)
1711809000,Mar 30 2024 - 2:30pm,complete,44813,RB Leipzig,Mainz 05,Frank Willenborg,27,2.23,0.46,2.18,0.71,0,0,0,0,0,0,"","",12,2,2,0,5,0,0,2,3,2,22,9,11,3,4,5,10,14,66,34,1.90,1.26,2.25,0.83,3.19,58,81,62,46,19,50,85,46,69,10.77,4.38,1.43,5.10,6.70,1.18,1.61,2.20,4.33,1.80,1.95,Red Bull Arena (Leipzig)
1711809000,Mar 30 2024 - 2:30pm,complete,N/A,Bayer Leverkusen,Hoffenheim,Deniz Aytekin,27,2.69,1.54,2.65,1.35,2,1,3,1,0,1,"88,90'1","33",9,2,0,0,1,0,0,0,1,0,35,7,12,3,9,1,9,8,68,32,2.18,1.36,3.09,0.64,3.62,66,96,81,54,31,46,92,70,92,11.08,4.77,1.25,6.80,10.50,1.09,1.30,1.95,2.80,1.70,2.05,BayArena (Leverkusen)
1711809000,Mar 30 2024 - 2:30pm,complete,N/A,Eintracht Frankfurt,Union Berlin,Marco Fritz,27,1.92,0.62,1.71,0.59,0,0,0,0,0,0,"","",6,2,3,0,1,0,2,1,0,1,17,12,5,3,5,6,8,13,64,36,1.37,1.18,1.60,1.03,2.65,49,72,44,28,16,41,76,28,72,8.60,4.60,1.98,3.50,4.00,1.36,2.06,3.75,7.50,1.95,1.80,Deutsche Bank Park (Frankfurt am Main)
1711809000,Mar 30 2024 - 2:30pm,complete,N/A,Borussia M'gladbach,Freiburg,Christian Dingert,27,1.46,1.00,1.24,1.18,0,3,3,1,0,1,"","7,47,57",14,1,1,0,0,0,1,0,0,0,21,15,5,9,9,3,11,6,53,47,1.48,1.05,1.69,1.58,3.19,62,81,81,39,15,54,77,62,92,8.93,3.54,2.29,3.80,2.93,1.20,1.70,2.24,4.50,1.53,2.38,BORUSSIA-PARK (Mönchengladbach)
1711809000,Mar 30 2024 - 2:30pm,complete,N/A,Werder Bremen,Wolfsburg,Sascha Stegemann,27,1.38,0.69,1.47,0.88,0,2,2,1,0,1,"","45'4,84",3,6,4,1,4,1,3,2,0,5,7,17,2,7,2,6,13,15,49,51,1.30,1.26,0.66,1.63,3.00,62,89,62,42,8,50,85,42,85,8.31,4.69,2.60,3.70,2.50,1.25,1.76,2.90,1.90,1.62,2.20,wohninvest WESERSTADION (Bremen)
1711819800,Mar 30 2024 - 5:30pm,complete,75000,Bayern München,Borussia Dortmund,Harm Osmers,27,2.62,1.85,2.53,1.76,0,2,2,1,0,1,"","10,83",7,4,0,0,0,0,0,0,0,0,19,12,4,6,7,4,7,7,61,39,2.25,1.43,1.59,1.35,3.66,58,89,70,43,23,50,81,54,93,12.23,3.46,1.39,5.25,5.55,1.06,1.30,1.86,2.35,1.36,3.00,Allianz Arena (München)
1711891800,Mar 31 2024 - 1:30pm,complete,N/A,Augsburg,Köln,Sören Storks,27,1.54,0.69,1.41,0.65,1,1,2,2,1,1,"18","33",12,6,0,0,3,0,0,0,0,3,26,13,7,3,9,3,9,10,55,45,1.39,1.15,2.10,0.75,3.00,70,85,50,27,19,46,70,54,85,7.54,4.77,1.73,3.90,4.50,1.25,1.77,2.95,5.50,1.75,2.00,WWK Arena (Augsburg)
1711899000,Mar 31 2024 - 3:30pm,complete,N/A,Stuttgart,Heidenheim,Felix Zwayer,27,2.46,0.77,2.47,0.94,3,3,6,1,1,0,"41,53,90'8","62,84,85",6,7,1,0,0,1,0,1,0,1,21,7,7,4,9,2,5,8,73,27,1.93,0.99,1.90,0.92,3.31,66,93,62,43,23,62,96,39,77,10.00,2.77,1.32,5.80,8.50,1.10,1.45,2.10,3.10,1.80,1.95,MHPArena (Stuttgart)
1711906200,Mar 31 2024 - 5:30pm,complete,N/A,Bochum,Darmstadt 98,Sven Jablonski,27,1.38,0.58,1.35,0.65,2,2,4,1,1,0,"29,48","62,76",6,5,2,0,2,0,1,1,0,2,23,13,8,4,9,6,7,15,57,43,1.70,1.04,2.04,1.13,3.17,72,84,52,40,24,37,72,48,84,7.93,6.79,1.69,4.15,4.85,1.22,1.70,2.68,4.87,1.70,2.05,Vonovia Ruhrstadion (Bochum)
1712341800,Apr 05 2024 - 6:30pm,complete,N/A,Eintracht Frankfurt,Werder Bremen,Robert Hartmann,28,1.85,0.92,1.71,1.00,1,1,2,0,0,0,"77","62",9,0,3,1,2,1,2,2,0,3,26,12,7,8,14,1,9,14,67,33,1.39,1.15,2.36,1.28,2.66,58,66,46,31,15,42,66,39,77,8.15,4.38,1.77,3.87,3.90,1.24,1.73,2.85,5.50,1.67,2.10,Deutsche Bank Park (Frankfurt am Main)
1712410200,Apr 06 2024 - 1:30pm,complete,N/A,Union Berlin,Bayer Leverkusen,Benjamin Brand,28,1.54,2.69,1.35,2.65,0,1,1,1,0,1,"","45'8",7,10,2,1,2,0,3,0,0,2,10,21,0,9,7,4,10,14,34,66,1.41,1.71,0.73,2.09,2.92,46,89,62,27,16,39,81,46,93,11.39,3.69,5.50,4.10,1.57,1.26,1.78,3.10,6.00,1.95,1.80,Stadion An der Alten Försterei (Berlin)
1712410200,Apr 06 2024 - 1:30pm,complete,N/A,Freiburg,RB Leipzig,Daniel Siebert,28,1.54,1.54,1.29,1.65,1,4,5,3,0,3,"59","2,18,44,54",8,4,3,0,4,0,0,3,0,4,14,15,3,7,6,4,7,11,46,54,1.57,1.58,1.15,1.44,3.70,73,89,70,54,38,58,70,70,89,9.85,4.16,4.40,4.10,1.70,1.18,1.49,2.30,4.00,1.57,2.25,Europa-Park Stadion (Freiburg im Breisgau)
1712410200,Apr 06 2024 - 1:30pm,complete,N/A,Mainz 05,Darmstadt 98,Daniel Schlager,28,1.00,0.62,1.35,0.65,4,0,4,1,1,0,"32,60,80,84","",5,1,2,0,3,0,0,2,1,2,19,15,10,3,6,7,17,11,59,41,1.46,1.05,1.99,1.06,2.73,54,73,39,31,16,27,73,35,69,10.31,6.15,1.55,4.33,5.75,1.22,1.67,2.85,5.00,1.91,1.91,MEWA ARENA (Mainz)
1712410200,Apr 06 2024 - 1:30pm,complete,N/A,Köln,Bochum,Tobias Welz,28,0.69,0.54,0.94,0.59,2,1,3,0,0,0,"90,90'2","53",9,4,3,0,3,0,2,1,1,2,21,12,8,3,7,5,14,14,56,44,1.42,1.23,1.86,1.03,3.00,50,81,54,43,16,50,74,50,73,10.00,4.77,2.15,3.70,3.00,1.28,1.78,3.10,6.00,1.67,2.10,RheinEnergieSTADION (Köln)
1712410200,Apr 06 2024 - 1:30pm,complete,N/A,Heidenheim,Bayern München,Robert Schröder,28,1.46,2.00,1.53,1.71,3,2,5,2,0,2,"50,51,79","38,45",3,3,2,0,0,0,0,2,0,0,10,16,5,8,2,3,9,8,32,68,1.43,1.86,1.02,1.78,3.62,69,85,73,54,35,46,85,70,81,14.07,4.00,7.50,6.00,1.33,1.09,1.35,1.85,3.00,1.57,2.25,Voith-Arena (Heidenheim an der Brenz)
1712421000,Apr 06 2024 - 4:30pm,complete,N/A,Borussia Dortmund,Stuttgart,Matthias Jöllenbeck,28,2.00,1.85,1.94,1.82,0,1,1,0,0,0,"","64",8,3,2,0,4,0,1,1,2,2,17,11,8,3,8,6,6,8,52,48,1.83,1.49,2.02,1.07,3.43,58,85,73,50,23,54,73,62,92,10.16,3.46,2.30,3.80,2.75,1.13,1.44,2.02,3.40,1.40,2.75,SIGNAL IDUNA PARK (Dortmund)
1712496600,Apr 07 2024 - 1:30pm,complete,N/A,Hoffenheim,Augsburg,Florian Exner,28,1.00,1.15,1.35,0.88,3,1,4,2,2,0,"17,20,90","61",11,6,3,0,1,0,1,2,1,0,19,18,7,8,6,4,8,13,55,45,1.48,1.32,1.59,1.68,3.23,70,92,62,39,15,66,93,35,81,10.07,4.92,2.20,4.00,2.80,1.14,1.40,2.10,3.75,1.44,2.63,PreZero Arena (Sinsheim)
1712503800,Apr 07 2024 - 3:30pm,complete,N/A,Wolfsburg,Borussia M'gladbach,Bastian Dankert,28,1.23,0.69,1.29,0.76,1,3,4,1,1,0,"7","52,58,88",4,4,2,0,2,0,2,0,0,2,14,11,5,7,6,4,10,12,61,39,1.40,1.28,1.43,1.45,3.42,81,92,66,47,20,50,92,46,81,9.15,5.47,2.02,3.40,3.20,1.20,1.60,2.65,4.75,1.57,2.25,Volkswagen Arena (Wolfsburg)
1712946600,Apr 12 2024 - 6:30pm,complete,N/A,Augsburg,Union Berlin,Tobias Stieler,29,1.50,0.64,1.41,0.59,2,0,2,0,0,0,"47,81","",5,4,1,0,1,0,0,1,1,0,11,18,5,4,1,9,15,14,47,53,1.44,1.17,1.08,1.65,2.79,58,75,50,29,18,43,75,39,71,8.21,5.14,2.05,3.40,3.45,1.28,1.88,3.35,6.75,1.75,2.00,WWK Arena (Augsburg)
1713015000,Apr 13 2024 - 1:30pm,complete,N/A,Bayern München,Köln,Frank Willenborg,29,2.43,0.71,2.53,0.65,2,0,2,0,0,0,"65,90'3","",5,5,0,0,3,0,0,0,3,0,17,12,7,6,9,3,3,15,69,31,2.21,1.12,2.10,1.27,3.36,50,86,54,32,22,47,64,57,93,11.57,3.21,1.09,11.00,21.00,1.08,1.22,1.66,2.80,1.75,2.00,Allianz Arena (München)
1713015000,Apr 13 2024 - 1:30pm,complete,N/A,RB Leipzig,Wolfsburg,Christian Dingert,29,2.14,0.86,2.18,0.88,3,0,3,1,1,0,"13,68,82","",6,4,2,0,4,0,1,1,3,1,17,11,7,4,5,7,13,8,50,50,1.93,1.29,1.52,1.25,2.90,50,79,54,43,14,43,83,40,75,11.57,4.22,1.43,5.00,6.50,1.13,1.55,2.23,3.40,1.70,2.05,Red Bull Arena (Leipzig)
1713015000,Apr 13 2024 - 1:30pm,complete,N/A,Mainz 05,Hoffenheim,Felix Zwayer,29,1.14,1.43,1.35,1.35,4,1,5,1,0,1,"47,51,63,88","19",9,3,0,0,2,0,0,0,1,1,26,6,9,2,10,1,13,13,46,54,1.50,1.31,2.15,0.54,3.04,65,86,58,43,18,32,86,58,82,9.93,5.86,2.10,3.85,3.20,1.18,1.60,2.40,4.33,1.53,2.38,MEWA ARENA (Mainz)
1713015000,Apr 13 2024 - 1:30pm,complete,N/A,Borussia M'gladbach,Borussia Dortmund,Florian Badstübner,29,1.36,1.93,1.24,1.76,1,2,3,3,1,2,"36","22,28",2,4,1,0,3,1,0,1,2,2,19,13,5,5,9,2,13,13,46,54,1.49,1.42,1.55,1.03,3.18,64,90,68,36,14,50,86,50,90,10.72,3.78,3.45,3.95,1.95,1.12,1.56,2.05,3.25,1.36,3.00,BORUSSIA-PARK (Mönchengladbach)
1713015000,Apr 13 2024 - 1:30pm,complete,N/A,Bochum,Heidenheim,Patrick Ittrich,29,1.36,0.79,1.35,0.94,1,1,2,0,0,0,"90","81",6,2,4,0,1,0,2,2,0,1,24,13,6,5,11,4,10,22,60,40,1.73,0.98,1.95,1.20,3.11,79,90,57,40,18,43,90,43,79,9.36,5.14,2.00,3.70,3.55,1.22,1.65,2.70,1.85,1.57,2.25,Vonovia Ruhrstadion (Bochum)
1713025800,Apr 13 2024 - 4:30pm,complete,N/A,Stuttgart,Eintracht Frankfurt,Deniz Aytekin,29,2.36,1.21,2.47,1.06,3,0,3,3,3,0,"11,17,37","",4,5,1,0,3,0,0,1,2,1,10,11,7,4,2,3,4,15,55,45,1.93,1.11,1.29,1.02,3.47,64,97,68,47,22,43,90,61,93,9.29,3.28,1.46,5.00,6.30,1.19,1.62,2.30,4.50,1.67,2.10,MHPArena (Stuttgart)
1713101400,Apr 14 2024 - 1:30pm,complete,N/A,Darmstadt 98,Freiburg,Sascha Stegemann,29,0.43,1.14,0.35,1.18,0,1,1,1,0,1,"","36",2,2,0,0,1,0,0,0,1,0,19,10,6,4,5,5,7,12,53,47,1.34,1.09,1.57,1.11,3.29,54,79,75,40,25,47,79,50,93,7.00,4.21,3.95,3.80,1.87,1.22,1.70,2.70,5.00,1.62,2.20,Merck-Stadion am Böllenfalltor (Darmstadt)
1713108600,Apr 14 2024 - 3:30pm,complete,N/A,Bayer Leverkusen,Werder Bremen,Harm Osmers,29,2.71,0.93,2.65,1.00,5,0,5,1,1,0,"25,60,68,83,90","",7,0,2,0,1,0,1,1,0,1,21,9,11,4,4,2,9,3,56,44,2.25,1.16,2.15,0.89,2.97,54,79,61,33,18,36,72,54,93,11.07,4.14,1.15,7.83,12.96,1.13,1.44,1.92,2.13,2.00,1.75,BayArena (Leverkusen)
1713551400,Apr 19 2024 - 6:30pm,complete,N/A,Eintracht Frankfurt,Augsburg,Martin Petersen,30,1.79,1.07,1.71,0.88,3,1,4,1,0,1,"55,61,90'5","13",6,5,3,0,3,0,0,3,0,3,13,7,8,2,4,3,2,15,62,38,1.46,1.35,1.66,0.78,2.89,61,82,50,33,14,50,86,36,72,10.00,4.21,2.00,3.60,3.50,1.21,1.61,2.64,4.78,1.57,2.25,Deutsche Bank Park (Frankfurt am Main)
1713619800,Apr 20 2024 - 1:30pm,complete,N/A,Wolfsburg,Bochum,Tobias Reichel,30,1.14,0.50,1.29,0.59,1,0,1,1,1,0,"43","",5,8,4,0,3,0,1,3,1,2,10,15,6,3,1,5,13,16,46,54,1.40,1.21,1.17,1.11,3.22,68,90,68,43,14,61,86,47,71,7.72,5.58,1.77,4.10,4.10,1.20,1.63,2.70,4.75,1.67,2.10,Volkswagen Arena (Wolfsburg)
1713619800,Apr 20 2024 - 1:30pm,complete,50000,Köln,Darmstadt 98,Matthias Jöllenbeck,30,0.86,0.57,0.94,0.65,0,2,2,0,0,0,"","57,90",4,3,0,0,1,0,0,0,0,1,20,13,5,7,12,4,10,12,57,43,1.45,1.05,1.74,1.44,3.00,54,79,50,40,18,29,64,54,75,9.93,5.21,1.54,4.50,5.60,1.20,1.57,2.60,1.90,1.80,1.95,RheinEnergieSTADION (Köln)
1713619800,Apr 20 2024 - 1:30pm,complete,N/A,Hoffenheim,Borussia M'gladbach,Sören Storks,30,1.14,0.86,1.35,0.76,4,3,7,2,1,1,"36,58,66,90'1","39,78,89",6,5,1,0,3,0,0,1,0,3,30,14,10,8,12,4,6,11,60,40,1.49,1.29,2.61,1.59,3.65,86,93,71,57,22,61,90,50,90,10.50,5.36,2.03,4.10,3.20,1.13,1.41,1.95,3.50,1.40,2.75,PreZero Arena (Sinsheim)
1713619800,Apr 20 2024 - 1:30pm,complete,N/A,Heidenheim,RB Leipzig,Tobias Welz,30,1.57,1.64,1.53,1.65,1,2,3,1,0,1,"69","42,85",2,6,3,0,1,0,0,3,1,0,11,13,5,5,4,6,14,8,39,61,1.40,1.57,1.12,1.33,3.61,75,86,68,50,43,43,68,75,90,11.78,3.85,5.60,4.80,1.50,1.13,1.42,1.98,1.89,1.62,2.20,Voith-Arena (Heidenheim an der Brenz)
1713630600,Apr 20 2024 - 4:30pm,complete,N/A,Union Berlin,Bayern München,Sven Jablonski,30,1.43,1.86,1.35,1.71,1,5,6,2,0,2,"90","29,45'1,53,61,66",5,3,0,0,0,0,0,0,0,0,16,20,5,10,5,8,5,4,36,64,1.36,1.86,1.24,2.41,3.36,54,86,72,46,22,50,86,61,83,12.29,4.07,5.00,4.15,1.66,1.19,1.57,2.02,4.50,1.67,2.10,Stadion An der Alten Försterei (Berlin)
1713706200,Apr 21 2024 - 1:30pm,complete,N/A,Werder Bremen,Stuttgart,Robert Schröder,30,1.29,1.93,1.47,1.82,2,1,3,1,1,0,"28,49","71",1,7,3,0,3,0,0,3,2,1,10,16,3,6,5,6,11,9,31,69,1.26,1.46,0.93,1.68,3.11,54,93,68,36,11,40,79,54,90,7.93,4.57,4.00,4.20,1.75,1.15,1.58,2.20,3.75,1.57,2.25,wohninvest WESERSTADION (Bremen)
1713713400,Apr 21 2024 - 3:30pm,complete,N/A,Borussia Dortmund,Bayer Leverkusen,Daniel Siebert,30,1.86,2.71,1.94,2.65,1,1,2,0,0,0,"81","90'7",2,6,4,0,3,0,3,1,1,2,9,15,3,5,2,10,14,10,48,52,1.84,1.74,0.83,1.89,3.18,54,79,64,43,25,57,82,47,93,12.57,3.43,2.25,3.95,2.85,1.14,1.39,2.16,3.75,1.44,2.63,SIGNAL IDUNA PARK (Dortmund)
1713720600,Apr 21 2024 - 5:30pm,complete,N/A,Freiburg,Mainz 05,Marco Fritz,30,1.43,0.50,1.29,0.71,1,1,2,2,1,1,"6","40",2,4,3,0,4,0,2,1,1,3,7,17,4,4,3,7,17,15,40,60,1.54,1.23,0.91,1.51,3.29,68,79,61,50,29,57,75,50,72,8.72,5.28,2.45,3.50,2.80,1.23,1.74,2.74,5.05,1.57,2.25,Europa-Park Stadion (Freiburg im Breisgau)
1714156200,Apr 26 2024 - 6:30pm,complete,N/A,Bochum,Hoffenheim,Tobias Stieler,31,1.33,1.33,1.35,1.35,3,2,5,2,2,0,"34,45'2,64","73,84",10,4,1,0,1,0,1,0,1,0,37,11,14,5,11,2,11,10,45,55,1.74,1.26,3.03,1.06,3.47,87,97,70,54,27,37,83,74,97,8.00,6.34,2.25,3.75,2.90,1.14,1.46,2.20,3.65,1.40,2.75,Vonovia Ruhrstadion (Bochum)
1714224600,Apr 27 2024 - 1:30pm,complete,N/A,Bayern München,Eintracht Frankfurt,Daniel Schlager,31,2.47,1.13,2.53,1.06,2,1,3,2,1,1,"9,61","23",4,2,0,0,3,0,0,0,0,3,21,11,10,4,5,4,11,7,62,38,2.20,1.10,2.11,1.06,3.54,50,90,70,40,17,40,77,67,90,11.27,3.27,1.29,6.00,9.00,1.11,1.35,1.90,3.20,1.53,2.38,Allianz Arena (München)
1714224600,Apr 27 2024 - 1:30pm,complete,47069,RB Leipzig,Borussia Dortmund,Deniz Aytekin,31,2.20,2.00,2.18,1.76,4,1,5,3,2,1,"23,45'2,46,80","20",5,8,1,0,2,0,1,0,1,1,22,15,8,7,11,4,11,7,38,62,1.90,1.40,2.04,1.57,2.97,54,87,57,34,17,44,90,37,74,11.34,3.74,1.70,4.20,4.33,1.12,1.38,1.90,2.00,1.44,2.63,Red Bull Arena (Leipzig)
1714224600,Apr 27 2024 - 1:30pm,complete,N/A,Freiburg,Wolfsburg,Frank Willenborg,31,1.40,0.80,1.29,0.88,1,2,3,1,1,0,"41","82,90",3,6,4,1,2,0,0,5,0,2,16,13,4,5,9,5,13,7,51,49,1.50,1.29,1.47,1.26,3.17,63,84,57,47,24,54,80,47,80,9.07,5.07,2.20,3.75,3.00,1.28,1.70,3.10,1.88,1.67,2.10,Europa-Park Stadion (Freiburg im Breisgau)
1714224600,Apr 27 2024 - 1:30pm,complete,N/A,Augsburg,Werder Bremen,Tobias Welz,31,1.60,0.87,1.41,1.00,0,3,3,0,0,0,"","52,61,90",6,4,1,0,2,0,0,1,1,1,14,16,2,7,5,5,17,8,54,46,1.42,1.14,1.00,1.57,3.00,67,77,54,33,20,43,67,57,83,7.40,4.87,1.75,4.00,4.33,1.18,1.58,2.24,4.20,1.53,2.38,WWK Arena (Augsburg)
1714235400,Apr 27 2024 - 4:30pm,complete,N/A,Bayer Leverkusen,Stuttgart,Felix Zwayer,31,2.73,1.80,2.65,1.82,2,2,4,0,0,0,"61,90'6","47,56",5,2,4,0,3,0,2,2,1,2,15,12,7,5,7,5,8,19,49,51,2.24,1.47,1.86,1.18,3.27,50,90,77,37,20,30,80,64,93,12.20,3.80,1.81,4.21,3.91,1.18,1.53,2.25,4.20,1.57,2.25,BayArena (Leverkusen)
1714311000,Apr 28 2024 - 1:30pm,complete,53723,Borussia M'gladbach,Union Berlin,Sascha Stegemann,31,1.27,0.60,1.24,0.59,0,0,0,0,0,0,"","",3,4,2,0,2,0,0,2,1,1,14,15,5,8,6,5,3,12,52,48,1.50,1.20,1.40,1.77,2.84,47,77,60,30,13,44,70,47,80,9.80,4.13,2.21,3.48,3.29,1.30,1.94,3.40,6.50,1.75,2.00,BORUSSIA-PARK (Mönchengladbach)
1714318200,Apr 28 2024 - 3:30pm,complete,N/A,Mainz 05,Köln,Benjamin Brand,31,1.27,0.67,1.35,0.65,1,1,2,1,1,0,"29","90'5",6,6,4,1,4,0,1,4,1,3,17,18,5,7,5,7,17,13,39,61,1.54,1.13,1.38,1.77,2.47,50,80,30,20,10,27,67,40,80,10.87,4.93,1.52,4.50,6.00,1.24,1.74,2.90,5.50,1.87,2.04,MEWA ARENA (Mainz)
1714325400,Apr 28 2024 - 5:30pm,complete,N/A,Darmstadt 98,Heidenheim,Bastian Dankert,31,0.40,0.80,0.35,0.94,0,1,1,0,0,0,"","90",3,8,2,0,1,0,0,2,1,0,12,18,4,6,7,7,15,12,46,54,1.35,1.00,1.20,1.56,3.27,63,80,60,40,27,50,87,37,74,8.20,4.00,2.96,3.55,1.95,1.22,1.58,2.80,5.00,1.62,2.20,Merck-Stadion am Böllenfalltor (Darmstadt)
1714761000,May 03 2024 - 6:30pm,complete,N/A,Hoffenheim,RB Leipzig,Harm Osmers,32,1.27,1.73,1.35,1.65,1,1,2,1,0,1,"90","38",4,4,1,0,2,1,0,1,0,3,21,10,9,5,9,3,6,8,56,44,1.56,1.55,2.30,1.08,3.74,84,93,77,53,30,67,77,67,94,11.00,4.80,4.70,4.50,1.50,1.08,1.33,1.67,2.66,1.40,2.75,PreZero Arena (Sinsheim)
1714829400,May 04 2024 - 1:30pm,complete,N/A,Borussia Dortmund,Augsburg,Robert Schröder,32,1.80,1.00,1.94,0.88,5,1,6,5,4,1,"4,20,29,34,64","32",6,9,0,0,1,0,0,0,1,0,22,23,11,5,7,10,4,11,60,40,1.77,1.31,2.18,1.72,3.27,60,83,60,47,20,60,84,47,87,10.73,3.80,1.61,4.40,4.60,1.06,1.35,1.75,2.95,1.36,3.00,SIGNAL IDUNA PARK (Dortmund)
1714829400,May 04 2024 - 1:30pm,complete,N/A,Wolfsburg,Darmstadt 98,Robert Hartmann,32,1.27,0.73,1.29,0.65,3,0,3,2,2,0,"8,10,90'3","",9,2,0,0,3,0,0,0,2,1,22,8,8,3,7,4,8,9,54,46,1.39,1.08,1.92,0.94,3.10,63,84,57,40,17,40,80,47,70,7.47,5.87,1.40,4.75,7.50,1.13,1.53,2.40,4.10,1.80,1.95,Volkswagen Arena (Wolfsburg)
1714829400,May 04 2024 - 1:30pm,complete,N/A,Werder Bremen,Borussia M'gladbach,Timo Gerach,32,1.40,0.80,1.47,0.76,2,2,4,2,1,1,"45,65","8,90'1",7,2,0,0,0,0,0,0,0,0,19,18,7,7,9,8,5,7,56,44,1.23,1.31,1.89,1.71,3.60,74,97,70,50,20,47,93,54,90,8.46,5.07,2.40,3.60,2.70,1.13,1.61,2.25,4.10,1.50,2.50,wohninvest WESERSTADION (Bremen)
1714829400,May 04 2024 - 1:30pm,complete,N/A,Stuttgart,Bayern München,Tobias Welz,32,2.40,1.93,2.47,1.71,3,1,4,2,1,1,"29,83,90'3","37",3,1,1,0,2,0,1,0,1,1,25,11,11,4,8,3,9,7,60,40,1.89,1.90,2.37,0.83,4.04,67,97,83,63,37,67,97,67,90,12.27,3.14,2.30,3.70,2.75,1.13,1.52,2.05,3.40,1.40,2.75,MHPArena (Stuttgart)
1714840200,May 04 2024 - 4:30pm,complete,50000,Köln,Freiburg,Sören Storks,32,0.80,1.27,0.94,1.18,0,0,0,0,0,0,"","",7,1,1,0,1,0,0,1,0,1,21,5,8,0,8,5,11,9,56,44,1.47,1.09,2.02,0.57,2.67,47,77,57,27,10,30,67,57,84,9.54,3.60,2.32,3.60,2.85,1.23,1.70,2.81,5.15,1.62,2.20,RheinEnergieSTADION (Köln)
1714915800,May 05 2024 - 1:30pm,complete,N/A,Union Berlin,Bochum,Marco Fritz,32,1.33,0.47,1.35,0.59,3,4,7,3,0,3,"59,62,74","16,31,37,70",6,4,0,0,1,0,0,0,0,1,13,19,6,6,4,6,13,15,48,52,1.35,1.20,1.37,1.49,3.04,47,80,60,37,17,50,77,47,74,9.07,4.53,1.96,3.50,4.01,1.33,1.98,3.60,7.00,1.91,1.91,Stadion An der Alten Försterei (Berlin)
1714923000,May 05 2024 - 3:30pm,complete,N/A,Eintracht Frankfurt,Bayer Leverkusen,Christian Dingert,32,1.87,2.60,1.71,2.65,1,5,6,3,1,2,"32","12,44,58,77,89",10,5,0,0,0,0,0,0,0,0,18,10,6,8,7,0,6,5,55,45,1.47,1.75,1.66,1.30,2.80,60,80,54,30,17,40,80,44,80,11.60,4.20,3.05,3.45,2.16,1.24,1.74,2.85,5.00,1.57,2.25,Deutsche Bank Park (Frankfurt am Main)
1714930200,May 05 2024 - 5:30pm,complete,N/A,Heidenheim,Mainz 05,Sven Jablonski,32,1.47,0.53,1.53,0.71,1,1,2,1,0,1,"65","37",6,3,2,0,3,0,1,1,1,2,16,11,6,5,6,3,7,7,46,54,1.38,1.25,1.57,1.34,3.07,70,77,57,40,27,40,73,54,70,10.20,4.93,3.00,3.50,2.18,1.20,1.70,2.50,4.75,1.57,2.25,Voith-Arena (Heidenheim an der Brenz)
1715365800,May 10 2024 - 6:30pm,complete,N/A,Augsburg,Stuttgart,Patrick Ittrich,33,1.50,1.75,1.41,1.82,0,1,1,0,0,0,"","48",5,5,4,0,2,0,0,4,1,1,10,20,2,8,5,6,15,12,23,77,1.39,1.46,0.92,1.89,3.19,66,88,69,35,16,38,69,66,85,8.75,4.56,3.70,4.00,1.85,1.12,1.42,2.08,3.40,1.44,2.63,WWK Arena (Augsburg)
1715434200,May 11 2024 - 1:30pm,complete,47069,RB Leipzig,Werder Bremen,Sascha Stegemann,33,2.25,1.00,2.18,1.00,1,1,2,1,0,1,"61","35",4,3,1,0,0,0,1,0,0,0,14,11,6,2,6,6,11,8,44,56,1.91,1.17,1.48,0.89,2.97,47,75,57,38,22,38,69,53,82,9.82,3.88,1.29,6.50,8.50,1.05,1.28,1.75,2.57,1.57,2.25,Red Bull Arena (Leipzig)
1715434200,May 11 2024 - 1:30pm,complete,N/A,Freiburg,Heidenheim,Daniel Siebert,33,1.31,0.94,1.29,0.94,1,1,2,2,1,1,"29","37",2,4,1,0,1,0,0,1,1,0,21,9,5,4,11,5,8,10,56,44,1.50,1.03,1.76,1.06,3.22,72,85,57,41,29,57,85,44,69,9.06,4.07,1.70,4.20,4.50,1.20,1.62,2.60,4.50,1.62,2.20,Europa-Park Stadion (Freiburg im Breisgau)
1715434200,May 11 2024 - 1:30pm,complete,N/A,Borussia M'gladbach,Eintracht Frankfurt,Robert Schröder,33,1.25,1.06,1.24,1.06,1,1,2,2,1,1,"9","35",2,8,1,0,0,0,1,0,0,0,7,18,4,3,2,10,9,9,45,55,1.49,1.10,0.92,1.49,3.13,63,88,75,35,10,47,82,60,81,9.44,3.94,2.50,3.80,2.60,1.17,1.55,2.40,4.00,1.50,2.50,BORUSSIA-PARK (Mönchengladbach)
1715434200,May 11 2024 - 1:30pm,complete,N/A,Köln,Union Berlin,Deniz Aytekin,33,0.81,0.63,0.94,0.59,3,2,5,3,1,2,"45,87,90'2","15,19",6,8,3,0,2,0,1,2,1,1,19,15,6,7,7,3,14,15,62,38,1.50,1.24,1.60,1.37,2.26,35,69,35,22,10,22,53,41,72,10.38,4.38,2.70,3.40,2.60,1.30,2.00,3.40,6.50,1.70,2.05,RheinEnergieSTADION (Köln)
1715445000,May 11 2024 - 4:30pm,complete,N/A,Mainz 05,Borussia Dortmund,Tobias Stieler,33,1.25,1.88,1.35,1.76,3,0,3,3,3,0,"12,19,23","",4,2,2,0,2,0,1,1,1,1,15,10,6,3,4,3,6,11,30,70,1.53,1.41,1.28,1.03,2.72,60,85,44,28,13,32,88,31,78,11.50,5.19,2.59,3.60,2.35,1.15,1.40,2.09,3.75,1.40,2.75,MEWA ARENA (Mainz)
1715520600,May 12 2024 - 1:30pm,complete,N/A,Darmstadt 98,Hoffenheim,Florian Badstübner,33,0.38,1.25,0.35,1.35,0,6,6,5,0,5,"","2,6,22,26,44,51",2,3,3,0,0,0,0,3,0,0,11,13,0,8,5,5,9,3,40,60,1.35,1.24,0.51,1.56,3.66,69,85,76,57,38,47,85,63,91,6.94,5.06,3.90,4.33,1.75,1.07,1.36,1.91,2.88,1.40,2.75,Merck-Stadion am Böllenfalltor (Darmstadt)
1715527800,May 12 2024 - 3:30pm,complete,N/A,Bayern München,Wolfsburg,Bastian Dankert,33,2.50,0.94,2.53,0.88,2,0,2,2,2,0,"4,13","",4,0,0,0,2,0,0,0,0,2,7,6,4,3,3,2,7,8,59,41,2.19,1.29,1.13,0.78,3.38,50,85,66,41,16,44,75,57,94,11.94,3.75,1.20,7.30,12.00,1.10,1.34,1.77,3.00,1.57,2.25,Allianz Arena (München)
1715535000,May 12 2024 - 5:30pm,complete,N/A,Bochum,Bayer Leverkusen,Benjamin Brand,33,1.44,2.63,1.35,2.65,0,5,5,2,0,2,"","41,45'2,76,86,90'3",2,6,2,1,1,0,2,1,1,0,4,30,0,11,3,12,5,10,32,68,1.82,1.72,0.40,2.74,3.13,72,91,60,38,22,38,82,57,97,11.56,5.19,4.84,4.40,1.62,1.15,1.44,2.24,3.77,1.50,2.50,Vonovia Ruhrstadion (Bochum)
1716039000,May 18 2024 - 1:30pm,complete,N/A,Borussia Dortmund,Darmstadt 98,Daniel Siebert,34,1.88,0.69,1.94,0.65,4,0,4,2,2,0,"30,38,72,88","",7,3,0,0,3,0,0,0,2,1,20,9,9,0,11,7,4,11,73,27,1.80,1.07,2.37,0.64,3.38,57,78,60,50,28,54,69,50,85,8.94,4.56,1.08,8.50,13.00,1.05,1.33,1.65,2.04,1.70,2.10,SIGNAL IDUNA PARK (Dortmund)
1716039000,May 18 2024 - 1:30pm,complete,22012,Union Berlin,Freiburg,Christian Dingert,34,1.25,1.25,1.35,1.18,2,1,3,0,0,0,"68,90'2","85",3,7,7,0,4,0,0,7,1,3,19,20,6,5,8,9,14,8,37,63,1.35,1.06,1.65,1.55,2.85,44,75,63,28,16,38,75,50,81,8.19,3.26,2.05,3.15,3.05,1.27,1.83,3.15,5.85,1.74,2.04,Stadion An der Alten Försterei (Berlin)
1716039000,May 18 2024 - 1:30pm,complete,30210,Bayer Leverkusen,Augsburg,Matthias Jöllenbeck,34,2.63,0.94,2.65,0.88,2,1,3,2,2,0,"12,27","62",5,4,0,0,1,0,0,0,0,1,26,14,9,3,12,8,6,6,66,34,2.22,1.34,2.57,1.14,3.44,57,94,72,44,22,44,94,51,88,12.87,3.81,1.26,5.30,6.50,1.04,1.30,1.67,2.50,1.56,2.47,BayArena (Leverkusen)
1716039000,May 18 2024 - 1:30pm,complete,N/A,Eintracht Frankfurt,RB Leipzig,Felix Zwayer,34,1.75,1.69,1.71,1.65,2,2,4,1,0,1,"60,77","42,46",8,3,2,0,2,0,0,2,0,2,31,11,7,6,16,4,8,10,47,53,1.48,1.52,2.29,1.26,3.32,75,85,63,44,29,47,72,63,85,10.69,4.25,2.49,3.70,2.17,1.13,1.50,1.94,3.50,1.42,2.80,Deutsche Bank Park (Frankfurt am Main)
1716039000,May 18 2024 - 1:30pm,complete,26627,Wolfsburg,Mainz 05,Frank Willenborg,34,1.38,0.56,1.29,0.71,1,3,4,2,1,1,"18","24,71,85",1,3,2,0,3,0,0,2,1,2,20,13,5,7,11,6,13,12,65,35,1.42,1.26,1.64,1.57,2.85,69,82,57,35,10,50,85,38,66,8.50,5.88,3.15,3.40,1.92,1.22,1.64,2.77,4.95,1.63,2.22,Volkswagen Arena (Wolfsburg)
1716039000,May 18 2024 - 1:30pm,complete,30150,Hoffenheim,Bayern München,Marco Fritz,34,1.25,1.81,1.35,1.71,4,2,6,3,1,2,"8,68,85,87","4,6",6,5,3,0,1,0,0,3,0,1,23,15,10,5,9,7,7,8,48,52,1.61,1.83,2.28,1.36,3.88,82,94,82,63,29,75,94,63,88,11.94,4.62,3.30,4.25,1.68,1.03,1.25,1.59,2.30,1.28,3.54,PreZero Arena (Sinsheim)
1716039000,May 18 2024 - 1:30pm,complete,42100,Werder Bremen,Bochum,Martin Petersen,34,1.38,0.63,1.47,0.59,4,1,5,1,1,0,"6,78,80,87","85",8,8,1,0,1,0,1,0,1,0,31,35,13,7,14,20,12,12,47,53,1.28,1.22,2.94,2.55,3.32,60,91,69,44,16,60,88,50,79,7.63,5.00,2.05,3.60,2.70,1.13,1.53,2.22,3.82,1.47,2.60,wohninvest WESERSTADION (Bremen)
1716039000,May 18 2024 - 1:30pm,complete,N/A,Stuttgart,Borussia M'gladbach,Daniel Schlager,34,2.44,0.81,2.47,0.76,4,0,4,2,2,0,"23,31,75,83","",8,4,1,0,2,0,0,1,0,2,24,19,12,6,10,8,6,9,60,40,1.92,1.34,2.56,1.52,3.97,76,97,75,63,31,57,94,60,94,10.06,3.50,1.16,6.40,8.75,1.04,1.36,1.70,2.25,1.51,2.49,MHPArena (Stuttgart)
1716039000,May 18 2024 - 1:30pm,complete,15000,Heidenheim,Köln,Tobias Welz,34,1.44,0.69,1.53,0.65,4,1,5,3,3,0,"16,22,36,78","64",5,12,1,0,3,0,0,1,1,2,21,27,9,10,8,12,9,20,48,52,1.39,1.17,2.05,2.54,2.85,66,85,41,26,26,32,66,54,85,10.25,4.06,2.00,3.85,2.65,1.14,1.61,2.20,3.92,1.48,2.57,Voith-Arena (Heidenheim an der Brenz)
1659724200,Aug 05 2022 - 6:30pm,complete,N/A,Eintracht Frankfurt,Bayern München,Deniz Aytekin,1,0.00,0.00,1.88,1.94,1,6,7,5,0,5,"64","5,10,29,35,43,83",5,6,2,0,0,0,0,2,0,0,12,29,4,11,6,13,10,11,37,63,0.00,0.00,1.21,2.62,0.00,0,0,0,0,0,0,0,0,0,0.00,0.00,6.48,5.13,1.39,1.11,1.34,1.95,3.14,1.53,2.38,Deutsche Bank Park (Frankfurt am Main)
1659792600,Aug 06 2022 - 1:30pm,complete,22012,Union Berlin,Hertha BSC,Marco Fritz,1,0.00,0.00,2.29,0.47,3,1,4,1,1,0,"31,50,54","85",5,4,2,0,3,0,1,1,0,3,12,3,4,2,2,0,23,17,48,52,0.00,0.00,0.86,0.34,0.00,0,0,0,0,0,0,0,0,0,0.00,0.00,1.84,3.88,4.00,1.32,1.67,3.50,6.50,1.91,1.91,Stadion An der Alten Försterei (Berlin)
1659792600,Aug 06 2022 - 1:30pm,complete,N/A,Borussia M'gladbach,Hoffenheim,Daniel Siebert,1,0.00,0.00,1.94,0.76,3,1,4,2,1,1,"42,71,78","25",5,1,1,0,3,1,1,0,3,1,9,3,5,2,3,1,18,12,62,38,0.00,0.00,1.02,0.39,0.00,0,0,0,0,0,0,0,0,0,0.00,0.00,2.17,3.98,2.95,1.12,1.36,1.93,3.37,1.36,3.00,Stadion im BORUSSIA-PARK (Mönchengladbach)
1659792600,Aug 06 2022 - 1:30pm,complete,28000,Wolfsburg,Werder Bremen,Sascha Stegemann,1,0.00,0.00,1.47,1.12,2,2,4,3,1,2,"11,84","21,23",2,5,2,0,2,0,0,2,0,2,14,13,4,6,8,6,11,14,61,39,0.00,0.00,1.34,1.41,0.00,0,0,0,0,0,0,0,0,0,0.00,0.00,1.92,3.63,3.93,1.23,1.84,2.90,5.00,1.67,2.10,VOLKSWAGEN ARENA (Wolfsburg)
1659792600,Aug 06 2022 - 1:30pm,complete,N/A,Bochum,Mainz 05,Felix Zwayer,1,0.00,0.00,1.53,1.29,1,2,3,2,1,1,"39","26,77",3,5,2,0,3,0,1,1,1,2,21,17,3,7,12,6,1,1,60,40,0.00,0.00,1.45,1.55,0.00,0,0,0,0,0,0,0,0,0,0.00,0.00,2.94,3.33,2.44,1.32,2.05,3.49,6.50,1.75,2.00,Vonovia Ruhrstadion (Bochum)
1659792600,Aug 06 2022 - 1:30pm,complete,N/A,Augsburg,Freiburg,Bastian Dankert,1,0.00,0.00,1.29,1.47,0,4,4,0,0,0,"","46,48,61,78",5,8,0,0,0,0,0,0,0,0,14,27,3,10,9,14,13,13,53,47,0.00,0.00,1.15,2.58,0.00,0,0,0,0,0,0,0,0,0,0.00,0.00,2.86,3.45,2.43,1.30,1.84,3.28,5.75,1.75,2.00,WWK Arena (Augsburg)
1659803400,Aug 06 2022 - 4:30pm,complete,N/A,Borussia Dortmund,Bayer Leverkusen,Felix Brych,1,0.00,0.00,2.59,1.35,1,0,1,1,1,0,"10","",3,3,2,0,4,1,1,1,2,3,17,11,5,6,11,5,11,13,45,55,0.00,0.00,1.75,1.42,0.00,0,0,0,0,0,0,0,0,0,0.00,0.00,2.07,4.10,3.19,1.12,1.37,2.05,3.31,1.36,3.00,Signal-Iduna-Park (Dortmund)
1659879000,Aug 07 2022 - 1:30pm,complete,46000,Stuttgart,RB Leipzig,Tobias Stieler,1,0.00,0.00,1.24,1.47,1,1,2,2,1,1,"31","8",1,9,2,0,1,0,0,2,0,1,11,28,2,9,5,12,14,9,32,68,0.00,0.00,0.71,2.50,0.00,0,0,0,0,0,0,0,0,0,0.00,0.00,4.33,3.70,1.75,1.25,1.74,1.94,5.50,1.70,2.05,Mercedes-Benz-Arena (Stuttgart)
1659886200,Aug 07 2022 - 3:30pm,complete,50000,Köln,Schalke 04,Robert Schröder,1,0.00,0.00,1.35,0.65,3,1,4,0,0,0,"49,62,80","76",9,1,0,0,1,1,0,0,1,1,34,8,8,3,19,4,8,10,75,25,0.00,0.00,2.88,0.77,0.00,0,0,0,0,0,0,0,0,0,0.00,0.00,1.73,4.20,4.33,1.18,1.55,2.45,4.20,1.53,2.38,RheinEnergieStadion (Köln)
1660329000,Aug 12 2022 - 6:30pm,complete,N/A,Freiburg,Borussia Dortmund,Tobias Welz,2,0.00,0.00,2.00,1.59,1,3,4,1,1,0,"35","77,84,88",9,2,1,0,3,0,0,1,1,2,24,15,8,6,12,8,16,10,39,61,0.00,0.00,2.15,1.54,0.00,0,0,0,0,0,0,0,0,0,0.00,0.00,4.57,3.58,1.66,1.18,1.45,2.20,4.20,1.50,2.50,Europa-Park Stadion (Freiburg im Breisgau)
1660397400,Aug 13 2022 - 1:30pm,complete,N/A,Bayer Leverkusen,Augsburg,Benjamin Cortus,2,0.00,0.00,1.59,0.71,1,2,3,2,1,1,"43","15,82",7,3,1,0,6,0,0,1,2,4,29,9,11,6,12,2,7,15,67,33,0.00,0.00,2.71,1.16,0.00,0,0,0,0,0,0,0,0,0,0.00,0.00,1.42,4.26,5.42,1.14,1.39,2.14,3.75,1.75,2.00,BayArena (Leverkusen)
1660397400,Aug 13 2022 - 1:30pm,complete,43579,RB Leipzig,Köln,Benjamin Brand,2,0.00,0.00,2.41,1.12,2,2,4,2,1,1,"36,56","40,72",2,7,1,1,4,0,1,1,1,3,14,16,9,6,4,9,8,18,52,48,0.00,0.00,1.76,1.86,0.00,0,0,0,0,0,0,0,0,0,0.00,0.00,1.44,4.17,5.42,1.18,1.48,1.83,4.33,1.75,2.00,Red Bull Arena (Leipzig)
1660397400,Aug 13 2022 - 1:30pm,complete,N/A,Hoffenheim,Bochum,Patrick Ittrich,2,0.00,0.00,1.35,0.53,3,2,5,4,2,2,"14,23,88","10,13",8,2,1,0,1,0,0,1,0,1,26,14,11,6,13,7,14,10,59,41,0.00,0.00,2.63,1.47,0.00,0,0,0,0,0,0,0,0,0,0.00,0.00,1.73,3.59,3.69,1.15,1.43,2.23,3.75,1.57,2.25,PreZero Arena (Sinsheim)
1660397400,Aug 13 2022 - 1:30pm,complete,N/A,Hertha BSC,Eintracht Frankfurt,Frank Willenborg,2,0.00,0.00,1.24,1.06,1,1,2,1,1,0,"3","48",4,5,3,0,1,0,1,2,0,1,13,12,6,2,7,10,11,11,39,61,0.00,0.00,1.46,1.27,0.00,0,0,0,0,0,0,0,0,0,0.00,0.00,2.68,3.06,2.33,1.26,1.65,2.07,5.50,1.62,2.20,Olympiastadion Berlin (Berlin)
1660397400,Aug 13 2022 - 1:30pm,complete,N/A,Werder Bremen,Stuttgart,Robert Hartmann,2,0.00,0.00,1.00,0.71,2,2,4,2,1,1,"4,90'5","38,77",2,5,4,0,2,0,1,3,0,2,7,18,4,8,3,7,6,10,57,43,0.00,0.00,0.94,1.71,0.00,0,0,0,0,0,0,0,0,0,0.00,0.00,2.32,3.06,2.71,1.21,1.66,1.83,4.40,1.53,2.38,wohninvest WESERSTADION (Bremen)
1660408200,Aug 13 2022 - 4:30pm,complete,N/A,Schalke 04,Borussia M'gladbach,Sven Jablonski,2,0.00,0.00,1.18,0.59,2,2,4,1,1,0,"29,90'3","72,78",2,7,4,0,2,0,3,1,1,1,16,20,5,10,8,6,12,8,32,68,0.00,0.00,1.48,1.95,0.00,0,0,0,0,0,0,0,0,0,0.00,0.00,3.00,3.70,2.29,1.18,1.53,2.18,4.20,1.50,2.50,VELTINS-Arena (Gelsenkirchen)
1660483800,Aug 14 2022 - 1:30pm,complete,N/A,Mainz 05,Union Berlin,Daniel Schlager,2,0.00,0.00,1.41,1.35,0,0,0,0,0,0,"","",4,4,1,0,0,0,1,0,0,0,12,13,6,0,6,11,9,14,50,50,0.00,0.00,1.43,1.00,0.00,0,0,0,0,0,0,0,0,0,0.00,0.00,2.35,3.00,3.15,1.33,1.95,3.50,7.00,1.75,2.00,MEWA ARENA (Mainz)
1660491000,Aug 14 2022 - 3:30pm,complete,75000,Bayern München,Wolfsburg,Harm Osmers,2,0.00,0.00,2.24,1.41,2,0,2,2,2,0,"33,43","",8,4,2,0,1,0,2,0,0,1,26,12,13,5,12,5,7,10,68,32,0.00,0.00,2.88,1.19,0.00,0,0,0,0,0,0,0,0,0,0.00,0.00,1.21,8.40,14.00,1.06,1.22,1.60,2.30,1.80,1.95,Allianz Arena (München)
1660933800,Aug 19 2022 - 6:30pm,complete,N/A,Borussia M'gladbach,Hertha BSC,Matthias Jöllenbeck,3,3.00,0.00,1.94,0.47,1,0,1,1,1,0,"34","",5,5,1,0,1,1,0,1,1,1,18,27,8,6,6,16,7,11,64,36,1.02,0.34,1.75,2.06,4.00,100,100,100,100,0,50,100,100,100,9.00,4.00,1.60,3.85,4.70,1.18,1.57,2.45,4.33,1.66,2.10,Stadion im BORUSSIA-PARK (Mönchengladbach)
1661002200,Aug 20 2022 - 1:30pm,complete,N/A,Borussia Dortmund,Werder Bremen,Florian Badstübner,3,3.00,1.00,2.59,1.12,2,3,5,1,1,0,"45'2,77","89,90'3,90'5",3,5,4,0,1,0,2,2,1,0,8,19,5,8,3,8,13,9,49,51,1.75,1.41,1.11,1.87,2.50,50,50,50,50,0,50,100,0,50,8.00,4.00,1.38,5.25,7.00,1.11,1.35,1.95,3.20,1.57,2.25,Signal-Iduna-Park (Dortmund)
1661002200,Aug 20 2022 - 1:30pm,complete,N/A,Bayer Leverkusen,Hoffenheim,Tobias Reichel,3,0.00,0.00,1.59,0.76,0,3,3,2,0,2,"","9,34,78",3,1,1,0,4,0,0,1,0,4,19,10,4,6,11,3,14,17,56,44,2.71,0.39,1.50,1.18,3.50,100,100,100,50,0,100,100,50,100,8.00,5.00,1.67,4.30,4.50,1.13,1.42,2.12,3.40,1.49,2.50,BayArena (Leverkusen)
1661002200,Aug 20 2022 - 1:30pm,complete,N/A,Wolfsburg,Schalke 04,Felix Zwayer,3,1.00,0.00,1.47,0.65,0,0,0,0,0,0,"","",12,4,1,0,3,0,1,0,2,1,23,12,8,3,12,9,13,10,72,28,1.34,0.77,2.44,1.19,4.00,100,100,100,100,0,50,50,50,100,3.00,5.00,1.81,3.90,4.10,1.22,1.64,2.70,5.00,1.61,2.20,VOLKSWAGEN ARENA (Wolfsburg)
1661002200,Aug 20 2022 - 1:30pm,complete,N/A,Augsburg,Mainz 05,Sascha Stegemann,3,0.00,3.00,1.29,1.29,1,2,3,2,1,1,"35","31,90'3",3,3,2,0,2,0,2,0,1,1,9,16,3,7,4,7,13,19,51,49,1.15,1.55,0.89,1.73,3.50,50,100,100,50,0,50,50,50,100,10.00,3.00,3.60,3.40,2.07,1.30,1.87,3.25,6.50,1.70,2.05,WWK Arena (Augsburg)
1661002200,Aug 20 2022 - 1:30pm,complete,N/A,Stuttgart,Freiburg,Felix Brych,3,1.00,3.00,1.24,1.47,0,1,1,1,0,1,"","11",3,1,4,0,2,0,2,2,1,1,22,11,8,4,12,6,8,12,60,40,0.71,2.58,2.28,1.10,3.00,50,100,50,50,0,50,50,50,50,9.00,2.00,2.60,3.55,2.60,1.25,1.74,1.82,5.50,1.61,2.20,Mercedes-Benz-Arena (Stuttgart)
1661013000,Aug 20 2022 - 4:30pm,complete,21056,Union Berlin,RB Leipzig,Deniz Aytekin,3,3.00,1.00,2.29,1.47,2,1,3,2,2,0,"32,38","83",1,13,2,0,1,0,0,2,1,0,13,26,3,2,8,15,15,8,26,74,0.86,2.50,1.10,1.66,3.00,100,100,50,50,0,50,100,50,50,14.00,3.00,3.40,3.40,2.10,1.28,1.80,1.84,6.00,1.68,2.05,Stadion An der Alten Försterei (Berlin)
1661088600,Aug 21 2022 - 1:30pm,complete,N/A,Eintracht Frankfurt,Köln,Martin Petersen,3,0.00,1.00,1.88,1.12,1,1,2,0,0,0,"71","82",5,9,0,0,1,0,0,0,0,1,13,6,4,3,8,3,2,0,53,47,1.21,1.86,1.45,0.93,5.50,100,100,100,100,50,100,100,100,100,12.00,6.00,2.00,3.60,3.30,1.22,1.74,2.70,5.00,1.57,2.25,Deutsche Bank Park (Frankfurt am Main)
1661095800,Aug 21 2022 - 3:30pm,complete,N/A,Bochum,Bayern München,Daniel Siebert,3,0.00,3.00,1.53,1.94,0,7,7,4,0,4,"","4,25,33,42,60,69,76",5,5,1,0,0,0,0,1,0,0,16,26,8,14,7,10,10,6,35,65,1.45,2.62,1.72,2.86,5.00,100,100,100,50,50,100,100,50,100,9.00,2.00,9.00,6.20,1.24,1.06,1.24,1.63,2.40,1.67,2.10,Vonovia Ruhrstadion (Bochum)
1661538600,Aug 26 2022 - 6:30pm,complete,32800,Freiburg,Bochum,Marco Fritz,4,0.00,0.00,2.00,0.53,1,0,1,0,0,0,"48","",2,5,2,0,2,0,0,2,1,1,26,17,9,6,13,9,15,13,47,53,2.15,1.47,2.60,1.86,4.50,100,100,100,100,50,50,100,50,100,11.00,2.00,1.59,4.00,4.50,1.19,1.60,2.55,4.50,1.75,2.00,Europa-Park Stadion (Freiburg im Breisgau)
1661607000,Aug 27 2022 - 1:30pm,complete,N/A,RB Leipzig,Wolfsburg,Bastian Dankert,4,1.00,0.00,2.41,1.41,2,0,2,1,1,0,"5,90","",8,4,3,0,3,0,1,2,1,2,19,11,9,5,9,5,20,15,42,58,1.76,1.19,2.07,1.26,3.00,50,100,50,50,0,100,100,50,50,6.00,4.00,1.46,4.80,6.20,1.19,1.55,2.25,4.50,1.70,2.05,Red Bull Arena (Leipzig)
1661607000,Aug 27 2022 - 1:30pm,complete,N/A,Mainz 05,Bayer Leverkusen,Christian Dingert,4,1.00,0.00,1.41,1.35,0,3,3,3,0,3,"","29,39,41",3,4,1,0,4,2,0,1,2,4,22,12,5,6,12,4,10,12,61,39,1.43,1.42,1.80,1.23,0.50,0,0,0,0,0,0,50,0,0,7.00,7.00,2.90,3.60,2.33,1.20,1.60,2.60,4.50,1.53,2.38,MEWA ARENA (Mainz)
1661607000,Aug 27 2022 - 1:30pm,complete,N/A,Hoffenheim,Augsburg,Tobias Welz,4,3.00,3.00,1.35,0.71,1,0,1,1,1,0,"39","",4,6,1,0,1,0,0,1,0,1,24,14,6,2,18,10,14,9,50,50,2.63,1.16,2.22,1.13,4.00,100,100,100,50,50,100,100,0,100,11.00,7.00,1.69,4.40,4.40,1.15,1.46,2.25,3.75,1.62,2.20,PreZero Arena (Sinsheim)
1661607000,Aug 27 2022 - 1:30pm,complete,N/A,Hertha BSC,Borussia Dortmund,Tobias Stieler,4,1.00,3.00,1.24,1.59,0,1,1,1,0,1,"","32",6,10,1,0,0,0,0,1,0,0,15,28,0,7,13,15,8,9,38,62,1.46,1.54,1.08,2.40,3.00,100,100,50,50,0,0,100,50,100,6.00,6.00,4.40,4.40,1.68,1.15,1.45,2.25,4.00,1.53,2.38,Olympiastadion Berlin (Berlin)
1661607000,Aug 27 2022 - 1:30pm,complete,N/A,Schalke 04,Union Berlin,Robert Hartmann,4,1.00,1.00,1.18,1.35,1,6,7,4,1,3,"31","6,36,45'3,46,87,90",8,2,1,0,0,0,1,0,0,0,18,14,6,8,10,5,9,10,59,41,1.48,1.00,1.82,1.55,2.00,50,50,50,50,0,0,50,50,50,6.00,4.00,3.05,3.50,2.29,1.30,1.75,1.80,6.50,1.70,2.05,VELTINS-Arena (Gelsenkirchen)
1661617800,Aug 27 2022 - 4:30pm,complete,75000,Bayern München,Borussia M'gladbach,Daniel Schlager,4,3.00,1.00,2.24,0.59,1,1,2,1,0,1,"83","43",14,1,4,0,2,0,0,4,1,1,34,6,22,4,12,2,13,7,69,31,2.88,1.95,4.45,0.72,3.00,50,100,50,50,0,50,100,50,50,15.00,4.00,1.30,6.40,8.00,1.04,1.20,1.61,2.10,1.53,2.38,Allianz Arena (München)
1661693400,Aug 28 2022 - 1:30pm,complete,50000,Köln,Stuttgart,Harm Osmers,4,3.00,1.00,1.35,0.71,0,0,0,0,0,0,"","",6,8,2,0,2,1,0,2,0,3,9,17,2,7,5,8,14,11,64,36,2.88,1.71,0.98,1.73,4.00,100,100,100,100,0,50,50,100,100,14.00,2.00,2.10,3.65,3.30,1.20,1.74,2.61,4.33,1.57,2.25,RheinEnergieStadion (Köln)
1661700600,Aug 28 2022 - 3:30pm,complete,41000,Werder Bremen,Eintracht Frankfurt,Patrick Ittrich,4,1.00,1.00,1.00,1.06,3,4,7,5,2,3,"14,17,90'2","2,32,39,48",5,7,1,0,3,0,1,0,0,3,12,14,6,8,6,6,17,18,55,45,0.94,1.27,1.44,1.76,3.00,100,100,50,50,0,50,100,50,100,7.00,5.00,2.60,3.65,2.40,1.19,1.57,2.45,4.33,1.50,2.50,wohninvest WESERSTADION (Bremen)
1662143400,Sep 02 2022 - 6:30pm,complete,79300,Borussia Dortmund,Hoffenheim,Daniel Siebert,5,1.50,1.50,2.59,0.76,1,0,1,1,1,0,"16","",5,8,3,0,4,0,0,3,1,3,12,4,5,2,7,2,14,15,50,50,1.43,0.79,1.68,0.88,3.25,50,75,75,50,25,50,100,50,75,4.00,7.00,1.62,4.50,4.75,1.11,1.35,2.00,3.10,1.43,2.65,Signal-Iduna-Park (Dortmund)
1662211800,Sep 03 2022 - 1:30pm,complete,26853,Bayer Leverkusen,Freiburg,Sascha Stegemann,5,0.00,3.00,1.59,1.47,2,3,5,1,1,0,"16,65","48,51,72",8,4,2,0,2,0,1,1,1,1,23,9,7,4,9,3,15,10,50,50,2.10,1.84,1.81,0.85,2.75,25,75,75,25,0,50,75,25,75,9.50,2.00,1.89,4.05,3.80,1.17,1.56,2.20,3.80,1.53,2.38,BayArena (Leverkusen)
1662211800,Sep 03 2022 - 1:30pm,complete,22012,Union Berlin,Bayern München,Frank Willenborg,5,3.00,3.00,2.29,1.94,1,1,2,2,1,1,"12","15",5,7,1,0,2,0,0,1,1,1,9,28,3,7,5,14,19,7,25,75,0.98,2.74,1.03,2.27,5.25,75,100,100,75,50,75,100,75,100,8.50,2.00,7.50,5.00,1.33,1.12,1.45,2.08,3.26,1.62,2.20,Stadion An der Alten Försterei (Berlin)
1662211800,Sep 03 2022 - 1:30pm,complete,25654,Wolfsburg,Köln,Matthias Jöllenbeck,5,1.00,1.00,1.47,1.12,2,4,6,4,1,3,"2,79","22,31,45'2,81",5,4,2,0,1,0,1,1,0,1,13,29,4,7,7,15,13,14,50,50,1.89,1.40,1.36,2.20,2.50,75,75,50,50,0,50,50,50,75,15.00,4.00,2.30,3.40,2.88,1.22,1.71,2.85,4.75,1.57,2.25,VOLKSWAGEN ARENA (Wolfsburg)
1662211800,Sep 03 2022 - 1:30pm,complete,25800,Bochum,Werder Bremen,Robert Schröder,5,0.00,2.00,1.53,1.12,0,2,2,0,0,0,"","86,90'2",7,3,2,0,2,0,1,1,1,1,27,21,9,8,15,10,15,10,50,50,1.59,1.64,2.64,1.99,4.75,75,100,100,75,50,75,100,50,100,9.00,3.00,2.75,3.40,2.40,1.22,1.71,2.67,4.60,1.57,2.25,Vonovia Ruhrstadion (Bochum)
1662211800,Sep 03 2022 - 1:30pm,complete,47500,Stuttgart,Schalke 04,Florian Badstübner,5,0.50,0.50,1.24,0.65,1,1,2,2,1,1,"18","21",5,7,3,1,2,0,2,2,2,0,17,20,2,3,12,12,11,10,43,57,1.50,0.98,1.29,1.47,1.75,50,50,25,25,0,25,50,25,25,4.50,6.00,1.89,3.85,3.95,1.21,1.64,2.77,4.60,1.67,2.10,Mercedes-Benz-Arena (Stuttgart)
1662222600,Sep 03 2022 - 4:30pm,complete,49700,Eintracht Frankfurt,RB Leipzig,Felix Brych,5,0.50,0.50,1.88,1.47,4,0,4,2,2,0,"16,22,67,84","",4,3,1,0,1,0,1,0,0,1,17,6,10,2,4,3,15,11,43,57,1.33,2.08,2.15,0.95,3.50,100,100,50,25,25,75,75,50,75,16.00,2.00,3.65,3.80,1.98,1.19,1.65,2.50,4.50,1.57,2.25,Deutsche Bank Park (Frankfurt am Main)
1662298200,Sep 04 2022 - 1:30pm,complete,25789,Augsburg,Hertha BSC,Harm Osmers,5,0.00,0.00,1.29,0.47,0,2,2,0,0,0,"","57,90'3",5,1,2,0,1,0,1,1,1,0,13,19,3,7,9,10,12,15,48,52,1.02,1.20,1.27,1.97,3.00,50,75,75,50,0,25,75,50,75,8.50,3.50,2.38,3.49,2.77,1.29,1.85,3.22,5.25,1.67,2.10,WWK Arena (Augsburg)
1662305400,Sep 04 2022 - 3:30pm,complete,51210,Borussia M'gladbach,Mainz 05,Deniz Aytekin,5,3.00,3.00,1.94,1.29,0,1,1,0,0,0,"","55",4,8,1,1,4,0,1,1,2,2,19,16,5,4,11,10,8,15,53,47,1.38,1.64,1.65,1.54,2.75,75,75,75,25,0,75,100,25,75,9.00,3.50,2.15,3.71,3.01,1.22,1.68,2.80,5.00,1.62,2.20,Stadion im BORUSSIA-PARK (Mönchengladbach)
1662748200,Sep 09 2022 - 6:30pm,complete,N/A,Werder Bremen,Augsburg,Martin Petersen,6,0.50,1.50,1.00,0.71,0,1,1,0,0,0,"","63",3,7,4,0,5,0,2,2,1,4,16,20,8,9,7,8,12,13,70,30,1.19,1.15,1.79,1.96,3.75,75,75,75,50,25,75,100,50,75,8.00,6.00,2.05,3.45,3.10,1.20,1.60,2.70,4.75,1.70,2.05,wohninvest WESERSTADION (Bremen)
1662816600,Sep 10 2022 - 1:30pm,complete,75000,Bayern München,Stuttgart,Christian Dingert,6,2.00,1.00,2.24,0.71,2,2,4,1,1,0,"36,60","57,90'2",3,0,2,0,5,0,0,2,1,4,24,11,4,5,17,5,12,9,67,33,3.67,1.72,1.94,1.18,2.00,50,75,25,25,0,50,75,25,50,17.50,6.00,1.10,8.20,14.40,1.05,1.21,1.63,2.30,1.70,2.05,Allianz Arena (München)
1662816600,Sep 10 2022 - 1:30pm,complete,N/A,RB Leipzig,Borussia Dortmund,Sven Jablonski,6,2.00,3.00,2.41,1.59,3,0,3,2,2,0,"6,45,84","",5,8,2,0,1,0,0,2,0,1,19,7,6,0,10,6,12,6,45,55,1.91,1.97,1.72,0.74,2.75,50,75,50,50,0,25,100,50,75,11.00,4.50,2.29,3.59,2.60,1.18,1.48,2.40,4.33,1.50,2.50,Red Bull Arena (Leipzig)
1662816600,Sep 10 2022 - 1:30pm,complete,20114,Hoffenheim,Mainz 05,Daniel Schlager,6,3.00,3.00,1.35,1.29,4,1,5,0,0,0,"53,69,80,90'2","83",7,5,3,0,2,1,2,1,1,2,22,14,8,3,12,7,9,13,65,35,2.42,1.61,2.14,1.08,2.67,59,59,59,25,25,59,84,0,75,11.33,4.00,2.03,3.52,3.10,1.22,1.68,2.45,5.00,1.57,2.25,PreZero Arena (Sinsheim)
1662816600,Sep 10 2022 - 1:30pm,complete,49000,Eintracht Frankfurt,Wolfsburg,Tobias Reichel,6,1.33,0.00,1.88,1.41,0,1,1,0,0,0,"","60",10,5,2,0,4,0,1,1,1,3,14,9,0,5,11,4,16,13,63,37,1.60,1.22,1.08,1.09,3.17,34,100,34,34,17,59,84,50,75,8.67,3.00,2.05,3.45,3.10,1.21,1.76,2.66,4.50,1.57,2.25,Deutsche Bank Park (Frankfurt am Main)
1662816600,Sep 10 2022 - 1:30pm,complete,40643,Hertha BSC,Bayer Leverkusen,Benjamin Brand,6,0.50,1.50,1.24,1.35,2,2,4,0,0,0,"55,74","49,79",3,5,3,0,1,0,1,2,0,1,24,14,7,6,12,6,15,16,42,58,1.27,1.33,1.98,1.46,1.75,25,50,25,0,0,25,100,0,25,8.50,8.00,3.31,3.51,1.95,1.17,1.63,2.40,3.80,1.53,2.38,Olympiastadion Berlin (Berlin)
1662827400,Sep 10 2022 - 4:30pm,complete,N/A,Schalke 04,Bochum,Felix Zwayer,6,0.50,0.00,1.18,0.53,3,1,4,1,1,0,"38,73,90'6","51",3,8,2,0,3,0,0,2,2,1,26,11,8,3,12,8,11,16,44,56,1.65,1.67,2.04,1.25,4.25,75,75,75,75,50,50,75,50,100,8.50,4.00,2.08,3.70,3.50,1.24,1.70,2.85,5.00,1.62,2.20,VELTINS-Arena (Gelsenkirchen)
1662903000,Sep 11 2022 - 1:30pm,complete,49500,Köln,Union Berlin,Benjamin Cortus,6,2.00,2.00,1.35,1.35,0,1,1,1,0,1,"","3",7,8,3,1,1,0,1,3,0,1,12,20,5,6,6,10,15,12,53,47,1.93,1.28,1.41,1.84,2.75,50,50,50,50,25,25,25,50,50,10.50,1.00,2.48,3.70,2.92,1.30,1.84,3.27,5.75,1.70,2.05,RheinEnergieStadion (Köln)
1662910200,Sep 11 2022 - 3:30pm,complete,33000,Freiburg,Borussia M'gladbach,Tobias Stieler,6,1.50,1.00,2.00,0.59,0,0,0,0,0,0,"","",7,6,1,0,1,0,0,1,0,1,14,18,8,6,6,11,13,6,42,58,2.37,1.33,1.93,1.73,2.75,75,75,50,50,0,0,75,50,100,9.50,3.50,2.21,3.78,3.34,1.18,1.57,2.40,4.20,1.50,2.50,Europa-Park Stadion (Freiburg im Breisgau)
1663353000,Sep 16 2022 - 6:30pm,complete,N/A,Mainz 05,Hertha BSC,Frank Willenborg,7,0.50,1.00,1.41,0.47,1,1,2,1,0,1,"90'4","30",4,3,3,0,5,0,1,2,0,5,15,6,3,3,9,2,12,10,56,44,1.61,1.46,1.33,0.77,1.92,17,59,42,17,0,25,59,34,34,6.83,3.00,1.63,4.33,4.75,1.24,1.67,2.86,5.00,1.75,2.00,MEWA ARENA (Mainz)
1663421400,Sep 17 2022 - 1:30pm,complete,30660,Augsburg,Bayern München,Marco Fritz,7,0.00,2.33,1.29,1.94,1,0,1,0,0,0,"59","",2,8,3,0,1,0,2,1,1,0,12,28,6,8,5,15,16,9,23,77,1.10,2.59,1.42,2.54,4.17,50,100,67,50,34,67,67,67,84,10.33,2.00,12.50,8.50,1.18,1.07,1.28,1.61,2.55,1.91,1.91,WWK Arena (Augsburg)
1663421400,Sep 17 2022 - 1:30pm,complete,30210,Bayer Leverkusen,Werder Bremen,Tobias Welz,7,0.00,2.33,1.59,1.12,1,1,2,0,0,0,"57","82",9,6,2,0,3,0,1,1,1,2,21,21,9,7,11,13,5,14,54,46,2.01,1.76,2.29,2.01,3.67,67,100,84,50,33,50,84,50,100,10.33,3.00,1.87,4.00,3.60,1.16,1.57,2.30,4.00,1.53,2.38,BayArena (Leverkusen)
1663421400,Sep 17 2022 - 1:30pm,complete,N/A,Stuttgart,Eintracht Frankfurt,Daniel Siebert,7,0.67,2.00,1.24,1.06,1,3,4,1,0,1,"79","6,55,88",7,4,2,0,0,0,1,1,0,0,17,16,2,8,12,5,9,11,55,45,1.43,1.52,1.47,1.65,3.09,84,84,25,25,25,59,100,25,50,9.00,5.33,2.25,3.90,2.85,1.22,1.61,2.75,5.00,1.57,2.25,Mercedes-Benz-Arena (Stuttgart)
1663421400,Sep 17 2022 - 1:30pm,complete,N/A,Borussia Dortmund,Schalke 04,Felix Brych,7,2.00,0.67,2.59,0.65,1,0,1,0,0,0,"78","",11,2,3,0,2,0,1,2,2,0,18,3,6,0,11,3,12,14,67,33,1.51,1.15,2.13,0.41,2.17,50,50,33,33,17,17,67,33,33,7.67,5.67,1.30,6.25,8.25,1.13,1.42,2.05,3.50,1.67,2.10,Signal-Iduna-Park (Dortmund)
1663432200,Sep 17 2022 - 4:30pm,complete,50186,Borussia M'gladbach,RB Leipzig,Patrick Ittrich,7,2.00,0.33,1.94,1.47,3,0,3,2,2,0,"10,35,53","",8,3,2,0,2,0,0,2,1,1,26,17,8,7,13,7,14,14,45,55,1.47,1.70,2.18,1.79,2.50,50,67,50,33,0,67,84,33,67,13.00,2.67,2.80,4.00,2.20,1.19,1.53,2.26,4.33,1.50,2.50,Stadion im BORUSSIA-PARK (Mönchengladbach)
1663507800,Sep 18 2022 - 1:30pm,complete,N/A,Union Berlin,Wolfsburg,Robert Schröder,7,2.33,1.00,2.29,1.41,2,0,2,0,0,0,"54,77","",4,1,0,0,0,0,0,0,0,0,19,9,5,0,12,7,18,6,48,52,1.00,1.18,1.77,0.61,2.34,50,84,34,17,0,50,84,17,67,8.00,4.34,1.80,3.73,4.12,1.31,1.90,3.42,5.75,1.80,1.95,Stadion An der Alten Försterei (Berlin)
1663515000,Sep 18 2022 - 3:30pm,complete,N/A,Bochum,Köln,Bastian Dankert,7,0.00,1.67,1.53,1.12,1,1,2,1,1,0,"9","88",4,8,0,0,1,0,0,0,0,1,12,28,3,5,7,16,12,8,35,65,1.94,1.67,0.98,2.22,4.00,67,100,67,50,33,67,67,84,100,11.67,3.67,3.06,3.70,2.12,1.22,1.71,2.75,5.00,1.57,2.25,Vonovia Ruhrstadion (Bochum)
1663522200,Sep 18 2022 - 5:30pm,complete,N/A,Hoffenheim,Freiburg,Deniz Aytekin,7,3.00,3.00,1.35,1.47,0,0,0,0,0,0,"","",5,3,1,0,2,0,0,1,0,2,13,20,4,6,7,10,15,9,50,50,2.33,1.51,1.26,1.87,3.50,50,67,67,67,50,17,67,50,67,10.66,3.00,2.10,3.85,2.70,1.18,1.58,2.28,4.00,1.50,2.50,PreZero Arena (Sinsheim)
1664562600,Sep 30 2022 - 6:30pm,complete,75000,Bayern München,Bayer Leverkusen,Tobias Stieler,8,1.67,1.33,2.24,1.35,4,0,4,3,3,0,"3,17,39,84","",6,2,0,0,0,0,0,0,0,0,22,11,12,5,10,6,10,6,62,38,3.09,1.37,2.72,1.21,2.67,50,84,50,33,0,33,84,33,50,12.33,7.00,1.33,5.50,8.00,1.07,1.30,1.67,2.60,1.50,2.50,Allianz Arena (München)
1664631000,Oct 01 2022 - 1:30pm,complete,N/A,RB Leipzig,Bochum,Florian Badstübner,8,2.33,0.00,2.41,0.53,4,0,4,2,2,0,"15,23,53,85","",7,2,0,0,2,0,0,0,2,0,21,3,10,2,7,1,8,8,70,30,1.85,1.53,2.30,0.43,3.17,50,84,67,50,17,50,84,33,100,10.00,4.67,1.25,5.80,11.00,1.13,1.45,2.18,3.60,1.95,1.80,Red Bull Arena (Leipzig)
1664631000,Oct 01 2022 - 1:30pm,complete,N/A,Freiburg,Mainz 05,Sven Jablonski,8,1.33,2.25,2.00,1.29,2,1,3,2,2,0,"3,37","52",5,5,2,0,4,0,0,2,1,3,18,17,8,2,7,15,9,15,53,47,2.23,1.48,1.81,1.50,2.34,54,54,54,29,13,25,42,29,84,11.25,4.58,2.10,3.40,3.40,1.30,1.88,3.25,6.50,1.70,2.05,Europa-Park Stadion (Freiburg im Breisgau)
1664631000,Oct 01 2022 - 1:30pm,complete,N/A,Köln,Borussia Dortmund,Harm Osmers,8,1.33,2.00,1.35,1.59,3,2,5,1,0,1,"53,56,71","31,79",7,11,4,0,3,0,2,2,3,0,28,28,11,10,11,14,14,9,42,58,1.76,1.56,2.42,2.59,2.17,33,50,50,33,0,17,67,33,50,14.00,3.33,3.30,3.70,2.05,1.19,1.53,2.33,4.50,1.53,2.38,RheinEnergieStadion (Köln)
1664631000,Oct 01 2022 - 1:30pm,complete,N/A,Eintracht Frankfurt,Union Berlin,Sascha Stegemann,8,1.00,2.33,1.88,1.35,2,0,2,2,2,0,"12,42","",4,7,2,1,4,0,1,2,1,3,17,22,5,5,9,12,4,11,47,53,1.47,1.47,1.46,1.96,3.09,42,54,42,42,29,42,59,54,67,10.67,1.58,2.15,3.50,3.20,1.32,1.95,3.40,6.50,1.75,2.00,Deutsche Bank Park (Frankfurt am Main)
1664631000,Oct 01 2022 - 1:30pm,complete,N/A,Wolfsburg,Stuttgart,Felix Zwayer,8,0.67,1.00,1.47,0.71,3,2,5,4,2,2,"23,38,90'1","22,45'1",8,5,3,0,5,0,1,2,0,5,23,17,6,8,14,7,16,14,57,43,1.71,1.54,2.02,1.75,3.00,67,67,67,67,17,50,67,50,67,10.66,5.34,2.25,3.50,3.00,1.30,1.79,3.25,6.50,1.70,2.05,VOLKSWAGEN ARENA (Wolfsburg)
1664641800,Oct 01 2022 - 4:30pm,complete,N/A,Werder Bremen,Borussia M'gladbach,Matthias Jöllenbeck,8,0.33,1.00,1.00,0.59,5,1,6,4,4,0,"5,8,13,37,73","63",4,5,0,0,1,0,0,0,1,0,17,15,10,9,6,5,8,8,48,52,1.39,1.46,1.93,1.76,3.00,67,67,50,50,17,34,67,50,84,8.00,4.67,2.54,3.55,2.67,1.18,1.53,2.40,4.00,1.44,2.63,wohninvest WESERSTADION (Bremen)
1664717400,Oct 02 2022 - 1:30pm,complete,41653,Hertha BSC,Hoffenheim,Christian Dingert,8,0.67,1.00,1.24,0.76,1,1,2,2,1,1,"37","25",2,6,2,0,1,0,2,0,1,0,19,20,6,6,9,11,5,15,43,57,1.51,0.82,1.68,1.79,2.50,50,67,50,33,0,34,84,33,67,7.66,6.33,2.95,3.85,2.20,1.18,1.60,2.35,4.00,1.50,2.50,Olympiastadion Berlin (Berlin)
1664724600,Oct 02 2022 - 3:30pm,complete,N/A,Schalke 04,Augsburg,Daniel Schlager,8,1.33,2.00,1.18,0.71,2,3,5,3,1,2,"33,63","9,21,77",8,4,2,0,5,1,2,0,2,4,22,19,8,7,10,7,11,10,56,44,1.78,1.42,2.12,1.62,3.34,67,67,67,50,17,33,84,50,84,9.66,6.33,2.00,3.90,3.40,1.28,1.75,3.10,6.00,1.70,2.05,VELTINS-Arena (Gelsenkirchen)
1665167400,Oct 07 2022 - 6:30pm,complete,N/A,Hoffenheim,Werder Bremen,Benjamin Cortus,9,2.50,2.00,1.35,1.12,1,2,3,2,1,1,"32","18,87",3,3,3,0,3,0,1,2,2,1,21,12,7,4,12,6,12,19,46,54,2.06,1.82,1.98,1.21,3.00,63,75,50,50,38,25,50,50,75,10.75,3.50,1.95,3.80,3.50,1.15,1.48,2.33,3.75,1.44,2.63,PreZero Arena (Sinsheim)
1665235800,Oct 08 2022 - 1:30pm,complete,N/A,Bayer Leverkusen,Schalke 04,Tobias Reichel,9,0.25,0.50,1.59,0.65,4,0,4,2,2,0,"38,41,52,90","",3,3,1,0,1,0,0,1,1,0,17,4,9,2,6,2,9,17,60,40,2.08,0.96,1.82,0.58,2.50,63,75,50,25,13,38,50,38,75,10.25,4.00,1.48,4.80,6.41,1.16,1.43,2.25,4.00,1.62,2.20,BayArena (Leverkusen)
1665235800,Oct 08 2022 - 1:30pm,complete,N/A,Mainz 05,RB Leipzig,Felix Brych,9,0.67,0.25,1.41,1.47,1,1,2,1,1,0,"45","80",4,2,1,0,1,0,0,1,0,1,12,18,4,4,6,10,12,12,36,64,1.52,1.72,1.35,1.47,2.34,42,84,54,13,0,67,84,13,54,10.67,2.92,3.11,3.65,2.25,1.26,1.72,3.00,5.50,1.62,2.20,MEWA ARENA (Mainz)
1665235800,Oct 08 2022 - 1:30pm,complete,N/A,Bochum,Eintracht Frankfurt,Martin Petersen,9,0.25,2.33,1.53,1.06,3,0,3,0,0,0,"71,87,90'1","",9,4,2,0,1,0,1,1,0,1,15,14,8,4,6,9,12,10,46,54,1.70,1.56,1.75,1.48,3.92,75,100,59,46,29,42,88,59,100,10.08,2.58,3.78,3.85,1.94,1.20,1.62,2.60,4.50,1.57,2.25,Vonovia Ruhrstadion (Bochum)
1665235800,Oct 08 2022 - 1:30pm,complete,N/A,Augsburg,Wolfsburg,Daniel Siebert,9,0.75,0.75,1.29,1.41,1,1,2,1,0,1,"55","27",11,5,5,0,3,0,3,2,2,1,20,14,6,8,11,5,19,11,48,52,1.18,1.04,1.99,2.03,2.13,13,75,25,13,0,25,38,38,88,7.25,3.75,2.93,3.50,2.42,1.30,1.82,3.20,6.00,1.70,2.05,WWK Arena (Augsburg)
1665246600,Oct 08 2022 - 4:30pm,complete,N/A,Borussia Dortmund,Bayern München,Deniz Aytekin,9,2.25,1.75,2.59,1.94,2,2,4,1,0,1,"74,90'5","33,53",7,4,3,0,5,1,2,1,2,4,16,11,6,4,8,6,8,11,44,56,1.66,2.57,1.58,1.26,3.13,38,50,38,38,38,38,75,38,63,12.00,3.75,3.55,4.20,1.79,1.10,1.30,1.90,3.00,1.40,2.75,Signal-Iduna-Park (Dortmund)
1665322200,Oct 09 2022 - 1:30pm,complete,54042,Borussia M'gladbach,Köln,Sven Jablonski,9,2.25,1.50,1.94,1.12,5,2,7,3,2,1,"27,45'2,46,76,90'1","31,83",7,4,2,0,2,1,2,0,2,1,19,7,7,4,9,2,8,14,66,34,1.65,1.81,1.86,0.86,2.88,63,75,50,38,13,50,75,50,88,12.50,3.50,2.10,3.88,3.52,1.20,1.55,2.60,4.50,1.57,2.25,Stadion im BORUSSIA-PARK (Mönchengladbach)
1665329400,Oct 09 2022 - 3:30pm,complete,40481,Hertha BSC,Freiburg,Robert Schröder,9,0.75,2.50,1.24,1.47,2,2,4,2,1,1,"34,61","22,78",4,2,2,0,1,0,1,1,0,1,15,12,4,5,11,5,10,7,42,58,1.55,1.60,1.44,1.28,2.38,50,63,38,38,13,13,63,38,50,7.75,3.75,2.95,3.70,2.25,1.28,1.68,3.10,6.00,1.67,2.10,Olympiastadion Berlin (Berlin)
1665336600,Oct 09 2022 - 5:30pm,complete,43250,Stuttgart,Union Berlin,Bastian Dankert,9,0.50,1.75,1.24,1.35,0,1,1,0,0,0,"","76",2,5,2,1,3,0,0,3,0,3,12,8,4,5,6,3,12,10,52,48,1.44,1.59,1.17,1.14,2.38,50,63,25,25,13,50,88,25,25,9.25,4.25,2.70,3.20,2.70,1.38,2.00,3.75,7.50,1.80,1.95,Mercedes-Benz-Arena (Stuttgart)
1665772200,Oct 14 2022 - 6:30pm,complete,N/A,Schalke 04,Hoffenheim,Florian Badstübner,10,1.00,1.00,1.18,0.76,0,3,3,2,0,2,"","11,45'2,59",4,5,2,0,2,0,1,1,2,0,19,24,4,9,13,12,12,8,51,49,1.86,1.06,1.63,2.17,3.75,75,88,75,63,25,63,100,63,75,9.25,5.50,3.50,3.75,2.05,1.19,1.58,2.56,4.20,1.57,2.25,VELTINS-Arena (Gelsenkirchen)
1665840600,Oct 15 2022 - 1:30pm,complete,N/A,Eintracht Frankfurt,Bayer Leverkusen,Frank Willenborg,10,1.40,1.00,1.88,1.35,5,1,6,1,1,0,"45'5,58,65,72,86","56",7,1,0,0,3,1,0,0,3,1,28,7,9,3,14,3,10,9,49,51,1.47,1.33,2.45,0.80,3.10,33,78,58,45,10,55,68,43,65,9.10,4.85,2.35,3.45,2.45,1.19,1.47,2.30,4.33,1.53,2.38,Deutsche Bank Park (Frankfurt am Main)
1665840600,Oct 15 2022 - 1:30pm,complete,N/A,Wolfsburg,Borussia M'gladbach,Benjamin Cortus,10,1.25,0.75,1.47,0.59,2,2,4,2,1,1,"43,69","13,47",7,6,3,0,3,0,0,3,1,2,20,10,5,6,12,3,13,11,55,45,1.79,1.54,1.72,1.21,3.38,75,75,63,63,38,50,75,38,75,11.50,3.50,2.40,3.20,2.50,1.20,1.64,2.59,4.50,1.53,2.38,VOLKSWAGEN ARENA (Wolfsburg)
1665840600,Oct 15 2022 - 1:30pm,complete,N/A,Stuttgart,Bochum,Christian Dingert,10,0.40,0.00,1.24,0.53,4,1,5,3,2,1,"3,22,64,71","29",3,3,0,0,3,0,0,0,1,2,22,18,8,3,11,13,6,17,48,52,1.38,1.26,2.02,1.59,2.75,55,68,48,48,13,45,78,35,70,7.85,5.00,1.50,4.00,4.85,1.23,1.57,2.98,5.00,1.75,2.00,Mercedes-Benz-Arena (Stuttgart)
1665840600,Oct 15 2022 - 1:30pm,complete,N/A,Werder Bremen,Mainz 05,Robert Hartmann,10,1.00,1.80,1.00,1.29,0,2,2,1,0,1,"","36,66",3,3,1,0,2,0,0,1,1,1,17,12,4,6,10,5,3,11,68,32,1.53,1.48,1.51,1.40,3.75,78,78,78,48,35,68,68,48,100,8.70,5.65,2.45,3.15,2.45,1.23,1.65,2.78,4.80,1.57,2.25,wohninvest WESERSTADION (Bremen)
1665851400,Oct 15 2022 - 4:30pm,complete,N/A,RB Leipzig,Hertha BSC,Harm Osmers,10,2.50,1.00,2.41,0.47,3,2,5,3,3,0,"25,30,45","62,64",8,4,2,0,3,0,1,1,2,1,20,20,7,5,9,11,16,8,60,40,1.96,1.28,1.90,1.69,2.75,38,88,50,38,0,38,88,50,88,8.75,4.75,1.38,4.35,6.00,1.17,1.46,2.45,4.00,1.75,2.00,Red Bull Arena (Leipzig)
1665927000,Oct 16 2022 - 1:30pm,complete,N/A,Köln,Augsburg,Felix Zwayer,10,1.75,2.25,1.35,0.71,3,2,5,1,0,1,"47,61,81","14,68",5,3,2,0,4,0,0,2,2,2,18,8,6,4,10,4,11,15,65,35,1.93,1.47,2.03,1.04,2.50,50,50,50,38,25,25,63,38,63,12.25,7.00,1.70,3.90,4.75,1.21,1.61,2.61,4.50,1.67,2.10,RheinEnergieStadion (Köln)
1665934200,Oct 16 2022 - 3:30pm,complete,22012,Union Berlin,Borussia Dortmund,Tobias Stieler,10,2.50,1.50,2.29,1.59,2,0,2,2,2,0,"8,21","",5,8,1,0,2,0,1,0,1,1,19,16,6,7,11,7,15,5,23,77,1.19,1.82,1.68,1.73,3.00,63,88,63,38,13,38,88,50,75,11.50,3.00,2.88,3.40,2.40,1.31,1.95,3.27,5.50,1.70,2.05,Stadion An der Alten Försterei (Berlin)
1665941400,Oct 16 2022 - 5:30pm,complete,N/A,Bayern München,Freiburg,Sascha Stegemann,10,2.00,2.20,2.24,1.47,5,0,5,2,2,0,"13,33,52,55,80","",5,5,0,0,2,0,0,0,0,2,19,10,8,0,10,7,8,9,66,34,3.00,1.53,2.08,0.68,2.90,45,80,55,55,10,35,80,43,68,11.35,3.40,1.25,6.50,9.50,1.10,1.31,1.91,3.10,1.70,2.05,Allianz Arena (München)
1666377000,Oct 21 2022 - 6:30pm,complete,N/A,Mainz 05,Köln,Matthias Jöllenbeck,11,0.75,1.20,1.41,1.12,5,0,5,3,3,0,"11,35,40,73,83","",5,4,1,0,4,1,1,0,3,2,19,8,10,3,8,4,13,14,56,44,1.47,1.62,2.16,0.78,2.98,75,88,43,30,20,43,78,40,75,10.15,3.50,2.20,3.58,3.06,1.26,1.84,2.98,5.50,1.70,2.05,MEWA ARENA (Mainz)
1666445400,Oct 22 2022 - 1:30pm,complete,N/A,Borussia Dortmund,Stuttgart,Daniel Schlager,11,2.00,0.75,2.59,0.71,5,0,5,3,3,0,"2,13,44,53,72","",9,2,1,0,0,0,1,0,0,0,24,17,12,4,6,9,7,8,60,40,1.65,1.59,2.24,1.40,2.83,58,58,58,58,23,25,78,45,68,10.30,7.00,1.56,4.74,6.10,1.17,1.57,2.27,3.80,1.70,2.05,Signal-Iduna-Park (Dortmund)
1666445400,Oct 22 2022 - 1:30pm,complete,N/A,Bayer Leverkusen,Wolfsburg,Felix Brych,11,0.80,0.80,1.59,1.41,2,2,4,2,1,1,"17,76","28,54",3,3,3,0,1,0,0,3,0,1,18,16,6,3,8,9,19,5,57,43,2.02,1.24,1.63,1.13,2.60,40,90,40,20,10,40,70,40,90,9.80,3.60,1.64,4.58,5.30,1.16,1.55,2.20,3.70,1.53,2.38,BayArena (Leverkusen)
1666445400,Oct 22 2022 - 1:30pm,complete,N/A,Freiburg,Werder Bremen,Bastian Dankert,11,1.75,2.20,2.00,1.12,2,0,2,0,0,0,"56,80","",6,2,2,0,2,1,1,1,1,2,32,14,8,2,18,9,14,12,61,39,2.12,1.70,2.65,0.96,2.60,65,75,55,33,10,33,55,43,88,10.15,3.70,1.98,3.84,4.00,1.23,1.67,2.70,4.80,1.62,2.20,Europa-Park Stadion (Freiburg im Breisgau)
1666445400,Oct 22 2022 - 1:30pm,complete,N/A,Hoffenheim,Bayern München,Sven Jablonski,11,2.00,1.60,1.35,1.94,0,2,2,2,0,2,"","17,38",7,5,3,0,2,0,1,2,0,2,8,27,4,10,4,12,12,7,41,59,2.05,2.31,1.12,2.46,3.50,60,70,60,50,40,50,70,40,70,11.40,3.60,5.65,5.25,1.54,1.06,1.30,1.72,2.90,1.44,2.63,PreZero Arena (Sinsheim)
1666445400,Oct 22 2022 - 1:30pm,complete,N/A,Augsburg,RB Leipzig,Robert Schröder,11,0.80,0.40,1.29,1.47,3,3,6,1,1,0,"34,51,64","72,89,90",3,6,6,1,1,0,2,5,1,0,10,19,4,7,4,11,15,11,32,68,1.35,1.67,1.03,1.90,2.60,50,90,50,20,0,50,70,30,90,11.20,3.60,5.75,4.68,1.59,1.13,1.55,2.15,3.90,1.62,2.20,WWK Arena (Augsburg)
1666456200,Oct 22 2022 - 4:30pm,complete,N/A,Borussia M'gladbach,Eintracht Frankfurt,Daniel Siebert,11,2.40,1.75,1.94,1.06,1,3,4,3,0,3,"72","6,29,45",3,2,3,0,2,0,2,1,2,0,8,21,4,7,4,11,9,20,60,40,1.69,1.54,1.04,1.86,3.60,58,80,68,45,23,43,78,58,90,10.80,3.05,2.50,3.70,2.70,1.14,1.58,2.40,3.90,1.50,2.50,Stadion im BORUSSIA-PARK (Mönchengladbach)
1666531800,Oct 23 2022 - 1:30pm,complete,25460,Bochum,Union Berlin,Deniz Aytekin,11,0.80,2.00,1.53,1.35,2,1,3,1,1,0,"43,71","90'3",3,7,1,0,3,0,1,0,1,2,10,11,5,4,4,5,14,10,47,53,1.71,1.50,1.27,1.22,2.80,30,70,40,20,20,40,60,40,70,10.80,3.00,3.95,3.45,1.95,1.37,1.91,1.88,6.50,1.80,1.95,Vonovia Ruhrstadion (Bochum)
1666539000,Oct 23 2022 - 3:30pm,complete,60165,Hertha BSC,Schalke 04,Martin Petersen,11,0.80,0.40,1.24,0.65,2,1,3,0,0,0,"49,88","85",5,6,5,0,1,0,0,5,0,1,13,15,4,5,8,9,14,13,55,45,1.53,0.89,1.40,1.46,2.40,60,70,40,40,0,40,60,40,60,7.20,4.40,1.91,3.70,3.50,1.24,1.76,2.85,5.00,1.62,2.20,Olympiastadion Berlin (Berlin)
1666981800,Oct 28 2022 - 6:30pm,complete,N/A,Werder Bremen,Hertha BSC,Tobias Reichel,12,0.80,0.80,1.00,0.47,1,0,1,0,0,0,"85","",4,5,2,0,3,0,0,2,2,1,19,11,5,2,12,9,14,11,53,47,1.52,1.37,1.71,1.11,3.40,60,80,50,50,30,40,80,60,90,6.80,4.80,1.90,3.50,3.20,1.18,1.62,2.37,4.10,1.53,2.38,wohninvest WESERSTADION (Bremen)
1667050200,Oct 29 2022 - 1:30pm,complete,N/A,Bayern München,Mainz 05,Felix Zwayer,12,2.20,2.00,2.24,1.29,6,2,8,4,3,1,"5,28,43,57,79,86","45'4,82",8,5,1,0,1,0,0,1,1,0,26,16,12,6,12,9,10,11,69,31,2.81,1.47,2.76,1.57,3.12,54,92,64,39,19,55,84,29,90,12.03,4.77,1.25,6.00,11.00,1.09,1.33,1.73,2.85,1.70,2.05,Allianz Arena (München)
1667050200,Oct 29 2022 - 1:30pm,complete,N/A,RB Leipzig,Bayer Leverkusen,Sven Jablonski,12,2.60,0.80,2.41,1.35,2,0,2,1,1,0,"32,83","",3,3,3,0,3,0,1,2,2,1,8,5,7,2,1,2,9,7,46,54,1.95,1.23,1.23,0.66,3.60,40,90,80,60,20,60,90,50,80,9.00,5.40,1.85,3.90,3.75,1.16,1.50,2.25,4.00,1.50,2.50,Red Bull Arena (Leipzig)
1667050200,Oct 29 2022 - 1:30pm,complete,24037,Wolfsburg,Bochum,Robert Hartmann,12,1.20,0.00,1.47,0.53,4,0,4,2,2,0,"27,35,58,80","",7,2,1,0,1,0,1,0,0,1,21,11,7,3,14,8,8,17,52,48,1.78,1.32,2.20,1.19,3.80,70,80,80,80,40,70,80,50,90,10.80,4.40,1.75,3.90,4.20,1.22,1.70,2.80,5.00,1.70,2.05,VOLKSWAGEN ARENA (Wolfsburg)
1667050200,Oct 29 2022 - 1:30pm,complete,N/A,Stuttgart,Augsburg,Tobias Stieler,12,0.83,1.80,1.24,0.71,2,1,3,2,1,1,"15,90'1","4",10,3,1,0,2,0,0,1,1,1,39,15,7,5,23,9,7,12,63,37,1.49,1.38,2.70,1.50,2.75,64,64,47,37,29,45,82,37,65,8.10,6.90,1.91,3.60,3.80,1.26,1.94,3.00,5.50,1.70,2.05,Mercedes-Benz-Arena (Stuttgart)
1667061000,Oct 29 2022 - 4:30pm,complete,N/A,Eintracht Frankfurt,Borussia Dortmund,Sascha Stegemann,12,1.67,1.20,1.88,1.59,1,2,3,2,1,1,"26","20,52",4,3,5,0,5,0,1,4,0,5,26,10,7,3,13,5,15,11,58,42,1.63,1.80,2.25,0.89,3.34,45,82,55,45,27,45,84,54,72,13.63,3.13,2.38,1.47,2.07,1.19,1.56,2.26,4.33,1.50,2.50,Deutsche Bank Park (Frankfurt am Main)
1667140200,Oct 30 2022 - 2:30pm,complete,N/A,Union Berlin,Borussia M'gladbach,Harm Osmers,12,2.60,0.80,2.29,0.59,2,1,3,1,0,1,"79,90'7","33",6,5,3,0,2,0,0,3,0,2,21,7,8,4,11,3,17,6,55,45,1.29,1.47,2.19,0.81,2.90,70,90,50,40,10,50,80,50,70,9.00,3.00,2.16,3.30,3.50,1.27,1.87,3.00,5.50,1.70,2.05,Stadion An der Alten Försterei (Berlin)
1667147400,Oct 30 2022 - 4:30pm,complete,N/A,Schalke 04,Freiburg,Christian Dingert,12,0.80,1.83,1.18,1.47,0,2,2,1,0,1,"","45'1,61",4,8,3,0,2,0,1,2,1,1,17,25,4,9,9,12,20,7,45,55,1.82,1.39,1.37,2.27,3.89,57,84,84,74,37,47,84,74,84,8.83,3.70,3.90,3.80,1.92,1.25,1.73,2.90,5.50,1.67,2.10,VELTINS-Arena (Gelsenkirchen)
1667154600,Oct 30 2022 - 6:30pm,complete,N/A,Köln,Hoffenheim,Frank Willenborg,12,2.00,1.40,1.35,0.76,1,1,2,2,1,1,"13","35",5,4,1,0,1,1,0,1,1,1,17,9,5,2,8,5,11,10,35,65,1.95,1.28,1.41,0.82,2.80,50,70,60,40,20,40,80,40,60,11.00,5.40,3.20,3.70,2.17,1.18,1.57,2.38,4.20,1.44,2.63,RheinEnergieStadion (Köln)
1667590200,Nov 04 2022 - 7:30pm,complete,N/A,Borussia M'gladbach,Stuttgart,Matthias Jöllenbeck,13,2.00,0.60,1.94,0.71,3,1,4,3,2,1,"4,25,90'4","35",3,5,2,0,1,0,1,1,0,1,15,19,6,5,7,11,13,16,55,45,1.58,1.55,1.57,1.75,3.47,55,74,74,65,29,64,82,47,82,9.33,5.20,1.95,3.90,3.25,1.18,1.55,2.45,4.00,1.50,2.50,Stadion im BORUSSIA-PARK (Mönchengladbach)
1667658600,Nov 05 2022 - 2:30pm,complete,N/A,Borussia Dortmund,Bochum,Tobias Stieler,13,2.17,0.00,2.59,0.53,3,0,3,3,3,0,"8,12,45'2","",2,5,1,0,1,0,0,1,0,1,7,9,4,4,3,5,7,14,60,40,1.75,1.30,0.90,1.20,3.33,42,67,67,67,33,42,83,59,84,10.00,4.67,1.26,5.80,8.80,1.12,1.40,2.12,3.40,1.80,1.95,SIGNAL IDUNA PARK (Dortmund)
1667658600,Nov 05 2022 - 2:30pm,complete,N/A,Mainz 05,Wolfsburg,Daniel Siebert,13,1.20,0.83,1.41,1.41,0,3,3,1,0,1,"","33,70,84",9,4,1,0,1,0,0,1,0,1,21,12,3,4,13,7,15,6,56,44,1.61,1.22,1.67,1.15,2.29,37,82,29,19,10,37,74,27,72,7.67,3.40,2.01,3.50,3.40,1.28,1.99,3.10,6.00,1.70,2.05,MEWA ARENA (Mainz)
1667658600,Nov 05 2022 - 2:30pm,complete,N/A,Hoffenheim,RB Leipzig,Martin Petersen,13,1.67,0.50,1.35,1.47,1,3,4,1,0,1,"50","17,57,69",6,3,4,0,2,0,4,0,1,1,15,21,4,9,8,8,9,9,37,63,1.89,1.71,1.31,1.95,3.00,59,84,59,33,25,59,84,25,67,11.67,3.17,2.65,3.65,2.33,1.19,1.57,2.38,4.50,1.53,2.38,PreZero Arena (Sinsheim)
1667658600,Nov 05 2022 - 2:30pm,complete,N/A,Augsburg,Eintracht Frankfurt,Deniz Aytekin,13,0.83,2.00,1.29,1.06,1,2,3,2,1,1,"1","13,64",3,6,0,0,1,0,0,0,0,1,11,13,5,8,5,5,17,15,42,58,1.29,1.60,1.44,1.75,3.50,65,92,65,47,19,29,65,55,100,9.23,4.57,2.80,3.65,2.23,1.19,1.60,2.45,1.91,1.57,2.25,WWK Arena (Augsburg)
1667658600,Nov 05 2022 - 2:30pm,complete,74667,Hertha BSC,Bayern München,Bastian Dankert,13,1.17,1.83,1.24,1.94,2,3,5,5,2,3,"40,45","12,37,38",2,7,0,0,0,0,0,0,0,0,8,18,7,7,1,8,13,9,27,73,1.51,2.34,1.23,1.87,3.25,67,83,50,42,17,50,75,50,67,9.83,4.50,7.20,5.80,1.31,1.09,1.33,1.82,2.80,1.57,2.25,Olympiastadion Berlin (Berlin)
1667669400,Nov 05 2022 - 5:30pm,complete,N/A,Werder Bremen,Schalke 04,Felix Brych,13,1.17,0.33,1.00,0.65,2,1,3,1,1,0,"30,76","89",3,3,3,0,2,0,0,3,1,1,13,27,6,5,6,17,11,12,45,55,1.56,0.98,1.50,2.08,2.92,50,67,50,42,17,42,50,50,84,7.33,4.00,1.66,4.22,4.66,1.18,1.55,2.25,4.33,1.62,2.20,wohninvest WESERSTADION (Bremen)
1667745000,Nov 06 2022 - 2:30pm,complete,N/A,Bayer Leverkusen,Union Berlin,Robert Schröder,13,0.83,1.67,1.59,1.35,5,0,5,0,0,0,"46,56,58,68,76","",1,5,1,0,4,0,1,0,3,1,13,10,9,2,3,6,11,16,59,41,1.96,1.45,1.58,0.92,2.92,50,75,58,34,17,50,75,50,75,11.00,3.50,2.03,3.48,3.47,1.30,1.78,3.25,6.50,1.67,2.10,BayArena (Leverkusen)
1667752200,Nov 06 2022 - 4:30pm,complete,N/A,Freiburg,Köln,Florian Badstübner,13,2.00,1.00,2.00,1.12,2,0,2,0,0,0,"53,64","",5,3,0,0,1,0,0,0,0,1,21,7,6,3,10,4,9,10,55,45,2.23,1.48,1.84,0.91,3.17,62,80,54,44,25,44,62,62,90,11.80,4.10,1.98,3.65,3.30,1.22,1.65,2.77,4.75,1.70,2.05,Europa-Park Stadion (Freiburg im Breisgau)
1667928600,Nov 08 2022 - 5:30pm,complete,28675,Wolfsburg,Borussia Dortmund,Christian Dingert,14,1.50,1.50,1.47,1.59,2,0,2,1,1,0,"6,90'1","",6,9,3,0,2,0,1,2,0,2,22,23,9,9,9,12,11,12,37,63,1.85,1.65,1.99,2.49,3.42,59,83,75,58,25,67,92,42,75,13.83,4.33,3.39,3.75,2.17,1.22,1.63,2.70,5.00,1.57,2.25,VOLKSWAGEN ARENA (Wolfsburg)
1667935800,Nov 08 2022 - 7:30pm,complete,N/A,Bayern München,Werder Bremen,Robert Hartmann,14,2.33,1.83,2.24,1.12,6,1,7,5,4,1,"6,22,26,28,82,84","10",8,4,0,0,0,0,0,0,0,0,24,8,11,3,9,4,9,8,61,39,2.81,1.58,2.25,0.81,3.59,59,100,59,50,25,50,75,59,92,11.33,4.00,1.22,6.49,10.74,1.06,1.22,1.60,2.24,1.67,2.10,Allianz Arena (München)
1667935800,Nov 08 2022 - 7:30pm,complete,N/A,Bochum,Borussia M'gladbach,Daniel Schlager,14,1.17,0.67,1.53,0.59,2,1,3,2,2,0,"7,12","62",6,3,1,0,3,0,0,1,2,1,18,11,6,4,10,6,11,14,46,54,1.64,1.36,1.76,1.15,3.25,67,92,67,34,17,33,75,67,92,10.17,3.16,3.81,3.84,2.00,1.19,1.57,2.27,4.50,1.53,2.38,Vonovia Ruhrstadion (Bochum)
1667935800,Nov 08 2022 - 7:30pm,complete,N/A,Stuttgart,Hertha BSC,Frank Willenborg,14,1.14,0.67,1.24,0.47,2,1,3,2,1,1,"3,90'8","19",8,5,3,0,2,0,1,2,2,0,22,12,8,3,11,8,9,15,60,40,1.66,1.32,2.15,1.15,2.54,61,69,38,31,16,37,77,40,70,8.10,5.12,1.76,3.79,4.40,1.26,1.72,3.00,5.50,1.67,2.10,Mercedes-Benz-Arena (Stuttgart)
1668015000,Nov 09 2022 - 5:30pm,complete,N/A,Köln,Bayer Leverkusen,Tobias Stieler,14,1.83,0.67,1.35,1.35,1,2,3,1,1,0,"30","65,71",6,1,1,0,2,0,0,1,0,2,24,13,7,4,14,8,9,7,58,42,1.86,1.13,2.18,1.28,3.08,50,75,59,50,25,25,75,42,59,9.50,5.50,3.00,3.80,2.23,1.18,1.58,2.40,4.33,1.50,2.50,RheinEnergieStadion (Köln)
1668022200,Nov 09 2022 - 7:30pm,complete,N/A,RB Leipzig,Freiburg,Harm Osmers,14,2.67,2.00,2.41,1.47,3,1,4,0,0,0,"54,56,78","66",6,2,2,0,4,0,0,2,2,2,20,4,7,3,10,1,9,22,58,42,1.83,1.52,1.83,0.66,3.17,31,86,62,54,23,48,86,54,86,9.93,3.74,1.73,4.20,4.30,1.22,1.70,2.70,5.00,1.70,2.05,Red Bull Arena (Leipzig)
1668022200,Nov 09 2022 - 7:30pm,complete,N/A,Union Berlin,Augsburg,Sascha Stegemann,14,2.67,1.50,2.29,0.71,2,2,4,4,2,2,"7,22","8,39",6,3,1,0,4,0,1,0,3,1,22,8,8,3,13,4,7,10,59,41,1.44,1.40,2.31,0.86,2.84,67,84,59,25,17,50,83,42,75,8.66,5.50,1.54,4.20,6.20,1.22,1.75,2.70,4.75,1.91,1.91,Stadion An der Alten Försterei (Berlin)
1668022200,Nov 09 2022 - 7:30pm,complete,N/A,Eintracht Frankfurt,Hoffenheim,Felix Zwayer,14,1.43,1.33,1.88,0.76,4,2,6,4,3,1,"6,8,29,56","37,46",4,5,0,0,3,0,0,0,0,3,18,16,9,4,7,9,9,22,51,49,1.72,1.21,1.90,1.52,3.04,54,85,54,30,15,70,86,37,68,9.74,4.69,1.97,4.00,3.50,1.18,1.58,2.40,4.33,1.53,2.38,Deutsche Bank Park (Frankfurt am Main)
1668022200,Nov 09 2022 - 7:30pm,complete,N/A,Schalke 04,Mainz 05,Tobias Reichel,14,0.67,1.71,1.18,1.29,1,0,1,1,1,0,"10","",1,6,3,0,1,0,1,2,0,1,17,14,5,2,11,8,16,17,45,55,1.74,1.48,1.62,1.14,3.87,69,93,77,48,31,54,86,48,100,9.69,5.19,3.30,3.90,2.06,1.18,1.64,2.50,4.33,1.53,2.38,VELTINS-Arena (Gelsenkirchen)
1668195000,Nov 11 2022 - 7:30pm,complete,54042,Borussia M'gladbach,Borussia Dortmund,Sven Jablonski,15,2.14,1.29,1.94,1.59,4,2,6,5,3,2,"4,26,30,46","19,40",2,9,1,0,2,0,1,0,2,0,14,19,9,11,5,8,12,12,39,61,1.58,1.77,1.72,2.52,3.15,50,79,64,43,14,57,93,29,79,12.29,4.29,3.48,3.92,1.97,1.14,1.42,2.05,3.60,1.40,2.75,Stadion im BORUSSIA-PARK (Mönchengladbach)
1668263400,Nov 12 2022 - 2:30pm,complete,30210,Bayer Leverkusen,Stuttgart,Florian Badstübner,15,1.14,0.50,1.59,0.71,2,0,2,1,1,0,"30,82","",4,2,2,0,3,0,0,2,1,2,17,10,5,2,8,7,11,10,45,55,1.90,1.59,1.44,1.02,3.69,62,92,85,70,31,62,77,61,92,9.03,4.40,1.74,4.22,4.16,1.16,1.50,2.20,1.99,1.53,2.38,BayArena (Leverkusen)
1668263400,Nov 12 2022 - 2:30pm,complete,N/A,Hoffenheim,Wolfsburg,Daniel Schlager,15,1.43,1.14,1.35,1.41,1,2,3,2,1,1,"42","45'4,56",7,1,0,0,3,0,0,0,1,2,26,7,10,4,14,3,15,11,60,40,1.81,1.21,2.71,0.99,2.58,43,79,43,29,15,36,71,36,72,9.42,4.15,1.87,3.96,3.76,1.20,1.60,2.60,1.99,1.57,2.25,PreZero Arena (Sinsheim)
1668263400,Nov 12 2022 - 2:30pm,complete,N/A,Augsburg,Bochum,Felix Brych,15,0.71,0.00,1.29,0.53,0,1,1,0,0,0,"","58",6,2,1,0,1,0,0,1,0,1,23,13,4,5,15,7,12,9,55,45,1.31,1.29,1.85,1.41,3.36,50,86,72,50,22,50,72,50,93,8.43,4.57,2.01,3.74,3.46,1.22,1.61,2.80,5.00,1.57,2.25,WWK Arena (Augsburg)
1668263400,Nov 12 2022 - 2:30pm,complete,N/A,Hertha BSC,Köln,Christian Dingert,15,1.00,0.86,1.24,1.12,2,0,2,1,1,0,"9,54","",10,5,3,0,1,0,0,3,0,1,22,13,7,3,8,7,15,9,47,53,1.47,1.39,1.76,1.16,3.50,79,93,57,50,29,50,71,65,79,9.28,4.58,2.33,3.78,2.43,1.22,1.61,2.80,5.00,1.57,2.25,Olympiastadion Berlin (Berlin)
1668263400,Nov 12 2022 - 2:30pm,complete,N/A,Werder Bremen,RB Leipzig,Matthias Jöllenbeck,15,1.43,0.86,1.00,1.47,1,2,3,1,0,1,"56","13,70",0,4,1,0,2,0,0,1,1,1,7,17,6,4,1,11,14,8,48,52,1.55,1.75,1.18,1.50,3.43,64,86,64,43,22,50,86,50,93,9.00,3.43,3.76,4.02,1.86,1.18,1.53,2.25,4.00,1.50,2.50,wohninvest WESERSTADION (Bremen)
1668274200,Nov 12 2022 - 5:30pm,complete,N/A,Schalke 04,Bayern München,Felix Zwayer,15,1.00,2.00,1.18,1.94,0,2,2,1,0,1,"","38,52",4,5,0,0,0,0,0,0,0,0,6,25,0,6,3,13,7,4,30,70,1.73,2.27,0.38,2.05,3.86,57,86,64,57,36,57,93,50,72,10.29,4.00,13.00,8.00,1.17,1.05,1.25,1.70,2.25,1.70,2.05,VELTINS-Arena (Gelsenkirchen)
1668349800,Nov 13 2022 - 2:30pm,complete,N/A,Mainz 05,Eintracht Frankfurt,Robert Schröder,15,1.00,2.17,1.41,1.06,1,1,2,1,1,0,"40","67",5,2,2,0,2,0,1,1,1,1,24,14,6,5,12,7,12,8,39,61,1.62,1.63,1.92,1.46,3.17,58,92,67,34,17,42,83,42,84,9.50,2.66,2.50,3.50,2.55,1.24,1.71,2.81,5.20,1.62,2.20,MEWA ARENA (Mainz)
1668357000,Nov 13 2022 - 4:30pm,complete,N/A,Freiburg,Union Berlin,Deniz Aytekin,15,2.17,1.43,2.00,1.35,4,1,5,4,4,0,"4,6,20,45'1","84",2,1,0,0,1,1,0,0,1,1,10,4,7,3,2,1,13,9,73,27,2.16,1.38,1.39,0.62,2.36,31,62,38,23,15,23,45,47,70,11.10,3.47,2.12,3.44,3.92,1.35,2.01,3.60,7.00,1.91,1.91,Europa-Park Stadion (Freiburg im Breisgau)
1674243000,Jan 20 2023 - 7:30pm,complete,N/A,RB Leipzig,Bayern München,Daniel Siebert,16,2.71,2.13,2.41,1.94,1,1,2,1,0,1,"52","37",3,2,2,0,3,0,1,1,1,2,10,10,4,4,6,6,17,12,41,59,1.83,2.24,1.15,1.23,3.59,47,94,61,54,26,60,87,48,82,11.45,3.52,3.35,3.85,1.75,1.13,1.44,2.00,3.25,1.44,2.63,Red Bull Arena (Leipzig)
1674311400,Jan 21 2023 - 2:30pm,complete,21747,Union Berlin,Hoffenheim,Robert Hartmann,16,2.43,1.14,2.29,0.76,3,1,4,1,0,1,"73,89,90'6","43",9,4,2,0,1,0,1,1,1,0,28,14,6,3,16,8,11,13,52,48,1.56,1.25,2.10,1.11,2.93,64,93,57,29,7,72,93,36,57,8.86,4.29,2.10,3.25,3.10,1.30,1.96,3.20,6.00,1.75,2.00,Stadion An der Alten Försterei (Berlin)
1674311400,Jan 21 2023 - 2:30pm,complete,N/A,Eintracht Frankfurt,Schalke 04,Marco Fritz,16,1.63,0.29,1.88,0.65,3,0,3,1,1,0,"22,84,90'1","",5,4,2,0,3,0,0,2,0,3,15,24,5,4,9,16,16,10,44,56,1.74,1.14,1.42,1.89,3.16,60,80,60,40,19,46,59,60,80,9.09,3.63,1.37,4.65,6.30,1.18,1.60,2.40,4.20,1.75,2.00,Deutsche Bank Park (Frankfurt am Main)
1674311400,Jan 21 2023 - 2:30pm,complete,N/A,Wolfsburg,Freiburg,Felix Zwayer,16,1.71,1.75,1.47,1.47,6,0,6,3,3,0,"1,28,37,55,80,90'4","",0,5,1,0,2,0,1,0,0,2,13,14,10,2,2,10,11,12,55,45,1.87,1.41,1.66,1.23,3.35,48,81,67,67,27,48,75,53,81,10.84,4.02,2.33,3.28,2.67,1.29,1.87,3.00,5.50,1.67,2.10,VOLKSWAGEN ARENA (Wolfsburg)
1674311400,Jan 21 2023 - 2:30pm,complete,N/A,Bochum,Hertha BSC,Martin Petersen,16,1.43,0.57,1.53,0.47,3,1,4,2,2,0,"22,44,56","87",1,6,1,0,1,0,1,0,1,0,12,17,4,5,8,8,13,13,49,51,1.66,1.30,1.38,1.55,2.93,57,86,57,22,14,36,71,50,93,9.15,4.00,2.45,3.43,2.45,1.25,1.80,2.80,5.25,1.67,2.10,Vonovia Ruhrstadion (Bochum)
1674311400,Jan 21 2023 - 2:30pm,complete,N/A,Stuttgart,Mainz 05,Felix Brych,16,1.38,1.50,1.24,1.29,1,1,2,2,1,1,"36","40",3,5,1,0,3,0,0,1,0,3,19,20,6,4,11,11,15,17,56,44,1.72,1.44,1.80,1.49,2.94,69,75,57,25,19,57,82,25,76,9.88,5.01,2.21,3.43,2.75,1.25,1.80,2.87,5.25,1.67,2.10,Mercedes-Benz-Arena (Stuttgart)
1674322200,Jan 21 2023 - 5:30pm,complete,N/A,Köln,Werder Bremen,Robert Schröder,16,1.57,1.57,1.35,1.12,7,1,8,6,5,1,"9,15,21,30,36,54,76","38",2,2,0,0,0,0,0,0,0,0,18,7,9,3,8,3,10,13,51,49,1.90,1.47,2.00,0.91,3.22,71,86,57,43,29,29,64,64,79,10.43,4.14,2.08,3.90,3.13,1.18,1.61,2.50,1.95,1.53,2.38,RheinEnergieStadion (Köln)
1674397800,Jan 22 2023 - 2:30pm,complete,N/A,Borussia Dortmund,Augsburg,Frank Willenborg,16,2.29,1.43,2.59,0.71,4,3,7,4,2,2,"29,42,75,78","40,45'1,76",7,3,1,0,4,0,0,1,1,3,37,16,11,5,18,9,6,9,68,32,1.63,1.33,3.05,1.41,3.00,50,64,64,43,29,43,86,36,64,9.85,6.43,1.38,5.40,7.20,1.13,1.40,2.05,3.10,1.67,2.10,SIGNAL IDUNA PARK (Dortmund)
1674405000,Jan 22 2023 - 4:30pm,complete,N/A,Borussia M'gladbach,Bayer Leverkusen,Harm Osmers,16,2.25,1.00,1.94,1.35,2,3,5,2,0,2,"82,90'3","21,43,67",2,3,3,0,2,0,1,2,0,2,19,18,10,7,7,7,12,14,60,40,1.60,1.15,2.13,1.54,3.52,53,81,73,53,20,52,87,34,80,7.34,5.02,2.71,4.00,2.37,1.18,1.57,2.45,4.33,1.50,2.50,Stadion im BORUSSIA-PARK (Mönchengladbach)
1674581400,Jan 24 2023 - 5:30pm,complete,56841,Schalke 04,RB Leipzig,Benjamin Cortus,17,0.88,1.13,1.18,1.47,1,6,7,4,0,4,"56","7,15,44,45'2,83,89",1,6,1,0,1,0,0,1,0,1,11,22,2,15,8,6,16,13,43,57,1.56,1.71,0.99,2.75,3.44,63,94,69,44,19,44,100,50,88,9.63,3.51,4.97,4.34,1.57,1.22,1.65,2.70,4.75,1.75,2.00,VELTINS-Arena (Gelsenkirchen)
1674588600,Jan 24 2023 - 7:30pm,complete,N/A,Bayern München,Köln,Tobias Stieler,17,2.43,0.75,2.24,1.12,1,1,2,1,0,1,"90","4",9,4,0,0,1,0,0,0,1,0,33,5,9,2,17,2,7,10,78,22,2.73,1.36,3.14,0.65,4.16,60,100,61,61,41,61,88,66,93,12.93,3.42,1.15,7.80,13.72,1.07,1.25,1.64,2.40,1.75,2.00,Allianz Arena (München)
1674588600,Jan 24 2023 - 7:30pm,complete,N/A,Hoffenheim,Stuttgart,Florian Badstübner,17,1.25,0.43,1.35,0.71,2,2,4,2,1,1,"11,90'4","45'5,77",6,4,1,0,2,1,0,1,0,3,18,10,7,5,9,4,12,4,49,51,1.92,1.50,1.87,1.14,3.16,60,81,67,55,27,54,81,34,75,9.74,4.86,1.88,3.71,3.76,1.20,1.68,2.70,4.75,1.62,2.20,PreZero Arena (Sinsheim)
1674588600,Jan 24 2023 - 7:30pm,complete,29483,Hertha BSC,Wolfsburg,Tobias Reichel,17,1.25,1.38,1.24,1.41,0,5,5,3,0,3,"","4,31,34,72,86",6,4,2,0,0,0,2,0,0,0,12,21,3,8,6,10,20,13,42,58,1.50,1.18,0.97,1.98,2.63,57,88,44,26,7,38,75,38,76,7.88,4.38,2.46,3.35,2.75,1.29,1.84,3.00,5.50,1.67,2.10,Olympiastadion Berlin (Berlin)
1674667800,Jan 25 2023 - 5:30pm,complete,N/A,Mainz 05,Borussia Dortmund,Sascha Stegemann,17,1.00,1.13,1.41,1.59,1,2,3,2,1,1,"2","4,90'3",2,3,2,0,0,0,1,1,0,0,13,15,5,7,8,5,15,7,38,62,1.66,1.86,1.48,1.57,2.84,47,87,53,26,20,40,93,27,73,12.36,3.68,2.75,3.50,2.30,1.20,1.53,2.31,4.75,1.57,2.25,MEWA ARENA (Mainz)
1674675000,Jan 25 2023 - 7:30pm,complete,27820,Bayer Leverkusen,Bochum,Timo Gerach,17,1.38,0.38,1.59,0.53,2,0,2,1,1,0,"8,53","",3,4,2,0,4,0,2,0,0,4,15,15,8,2,7,12,15,14,57,43,1.85,1.30,1.74,1.45,3.44,44,88,75,57,25,57,75,57,94,8.38,3.38,1.40,4.75,6.50,1.18,1.51,2.31,4.20,1.75,2.00,BayArena (Leverkusen)
1674675000,Jan 25 2023 - 7:30pm,complete,N/A,Freiburg,Eintracht Frankfurt,Deniz Aytekin,17,2.29,2.00,2.00,1.06,1,1,2,1,0,1,"47","42",4,3,3,0,3,0,1,2,1,2,14,7,6,4,7,2,14,16,44,56,2.05,1.60,1.66,0.94,3.00,65,86,57,36,14,36,65,43,93,9.43,2.57,2.40,3.40,2.75,1.25,1.56,2.88,5.25,1.62,2.20,Europa-Park Stadion (Freiburg im Breisgau)
1674675000,Jan 25 2023 - 7:30pm,complete,N/A,Augsburg,Borussia M'gladbach,Daniel Schlager,17,0.63,0.57,1.29,0.59,1,0,1,0,0,0,"82","",3,2,1,0,2,0,0,1,1,1,22,10,6,3,12,5,1,0,44,56,1.38,1.33,1.85,1.00,2.95,68,81,61,34,14,34,68,48,93,9.46,4.50,2.90,3.50,2.20,1.18,1.53,2.50,4.33,1.50,2.50,WWK Arena (Augsburg)
1674675000,Jan 25 2023 - 7:30pm,complete,N/A,Werder Bremen,Union Berlin,Bastian Dankert,17,1.25,1.25,1.00,1.35,1,2,3,2,1,1,"13","17,46",5,7,0,0,0,0,0,0,0,0,11,16,6,7,4,6,11,18,58,42,1.50,1.28,1.44,1.67,3.19,51,69,57,38,32,38,69,51,82,7.88,4.25,2.60,3.20,2.63,1.35,1.75,3.60,7.00,1.80,1.95,wohninvest WESERSTADION (Bremen)
1674847800,Jan 27 2023 - 7:30pm,complete,N/A,RB Leipzig,Stuttgart,Felix Zwayer,18,2.50,0.50,2.41,0.71,2,1,3,1,1,0,"25,49","68",3,6,0,0,0,0,0,0,0,0,12,14,5,3,7,9,8,6,55,45,1.75,1.46,1.49,1.20,3.38,57,94,69,63,19,57,88,50,94,9.13,5.01,1.47,4.10,5.00,1.19,1.57,2.50,4.50,1.68,2.00,Red Bull Arena (Leipzig)
1674916200,Jan 28 2023 - 2:30pm,complete,N/A,Freiburg,Augsburg,Christian Dingert,18,2.13,1.25,2.00,0.71,3,1,4,3,2,1,"13,30,85","29",3,7,3,0,3,0,1,2,2,1,19,18,10,4,6,13,14,9,46,54,2.00,1.34,2.02,1.72,3.01,63,75,57,38,26,44,69,38,82,9.00,5.38,1.53,4.40,5.50,1.22,1.88,2.75,5.00,1.78,1.90,Europa-Park Stadion (Freiburg im Breisgau)
1674916200,Jan 28 2023 - 2:30pm,complete,23100,Mainz 05,Bochum,Patrick Ittrich,18,0.88,0.33,1.41,0.53,5,2,7,3,3,0,"1,17,28,57,87","70,72",3,2,0,0,1,0,0,0,0,1,16,20,8,5,7,12,17,11,43,57,1.64,1.32,1.74,1.69,2.86,42,83,59,35,18,47,83,35,82,8.17,3.50,1.67,3.90,4.80,1.25,1.78,3.00,5.50,1.75,1.93,MEWA ARENA (Mainz)
1674916200,Jan 28 2023 - 2:30pm,complete,N/A,Hoffenheim,Borussia M'gladbach,Benjamin Brand,18,1.22,0.50,1.35,0.59,1,4,5,2,0,2,"80","12,37,83,90'1",4,3,2,0,1,0,2,0,0,1,21,11,5,6,12,4,23,10,50,50,1.91,1.29,1.73,1.23,2.94,71,77,65,41,18,47,77,42,78,10.27,3.89,1.94,3.80,3.50,1.16,1.48,2.18,4.00,1.53,2.47,PreZero Arena (Sinsheim)
1674916200,Jan 28 2023 - 2:30pm,complete,74667,Hertha BSC,Union Berlin,Felix Brych,18,1.11,1.44,1.24,1.35,0,2,2,1,0,1,"","44,67",3,2,1,0,2,0,0,1,0,2,13,11,4,3,6,5,12,13,52,48,1.44,1.33,1.33,0.99,3.06,56,78,56,39,28,44,73,39,67,9.78,4.33,3.05,3.15,2.40,1.42,2.25,4.33,9.00,1.95,1.81,Olympiastadion Berlin (Berlin)
1674916200,Jan 28 2023 - 2:30pm,complete,N/A,Werder Bremen,Wolfsburg,Daniel Siebert,18,1.11,1.56,1.00,1.41,2,1,3,1,1,0,"24,77","90",2,6,3,0,3,0,1,2,0,3,16,11,6,5,9,5,15,12,43,57,1.49,1.27,1.67,1.36,3.00,50,84,56,28,17,44,78,50,95,6.66,3.56,2.50,3.70,2.50,1.22,1.71,2.60,4.75,1.57,2.25,wohninvest WESERSTADION (Bremen)
1674927000,Jan 28 2023 - 5:30pm,complete,75000,Bayern München,Eintracht Frankfurt,Sven Jablonski,18,2.25,1.88,2.24,1.06,1,1,2,1,1,0,"34","69",7,6,3,0,1,0,2,1,0,1,15,9,7,2,8,7,6,4,67,33,2.78,1.52,1.89,0.94,3.82,76,100,63,51,26,51,94,44,94,11.76,2.76,1.36,6.25,8.10,1.09,1.30,1.86,3.00,1.57,2.20,Allianz Arena (München)
1675002600,Jan 29 2023 - 2:30pm,complete,N/A,Schalke 04,Köln,Matthias Jöllenbeck,18,0.78,0.78,1.18,1.12,0,0,0,0,0,0,"","",7,7,3,0,4,0,2,1,0,4,22,10,3,2,15,6,13,16,53,47,1.49,1.28,1.83,0.92,3.73,62,95,56,50,33,44,89,62,95,9.22,4.00,3.78,3.70,1.96,1.24,1.77,2.94,5.25,1.67,2.10,VELTINS-Arena (Gelsenkirchen)
1675009800,Jan 29 2023 - 4:30pm,complete,N/A,Bayer Leverkusen,Borussia Dortmund,Tobias Welz,18,1.56,1.33,1.59,1.59,0,2,2,1,0,1,"","33,53",8,4,2,0,4,0,1,1,1,3,22,10,7,4,14,5,13,20,57,43,1.83,1.83,2.20,1.11,3.28,50,95,67,39,22,50,89,39,89,11.56,3.67,2.34,4.12,2.76,1.18,1.49,2.25,4.20,1.44,2.63,BayArena (Leverkusen)
1675452600,Feb 03 2023 - 7:30pm,complete,N/A,Augsburg,Bayer Leverkusen,Marco Fritz,19,0.89,1.25,1.29,1.35,1,0,1,0,0,0,"55","",2,1,3,0,2,0,1,2,1,1,11,15,6,5,4,9,14,8,41,59,1.43,1.20,1.31,1.68,3.03,47,78,60,36,18,30,66,42,88,7.31,5.33,3.65,3.75,1.71,1.20,1.62,2.60,4.50,1.62,2.20,WWK Arena (Augsburg)
1675521000,Feb 04 2023 - 2:30pm,complete,N/A,Borussia Dortmund,Freiburg,Robert Schröder,19,2.38,1.56,2.59,1.47,5,1,6,2,1,1,"26,48,51,69,82","45",14,0,3,0,3,1,3,0,2,2,30,9,10,4,13,3,13,14,77,23,1.80,1.39,2.75,0.77,3.41,36,71,65,59,36,36,78,59,71,10.10,4.14,1.74,4.00,4.40,1.20,1.68,2.60,4.50,1.62,2.20,SIGNAL IDUNA PARK (Dortmund)
1675521000,Feb 04 2023 - 2:30pm,complete,N/A,Union Berlin,Mainz 05,Florian Badstübner,19,2.50,1.44,2.29,1.29,2,1,3,1,1,0,"32,84","79",5,5,1,0,1,0,0,1,1,0,14,14,5,4,7,9,11,10,52,48,1.63,1.44,1.41,1.48,3.06,71,89,60,30,11,53,83,36,71,10.13,4.17,2.06,3.40,3.70,1.40,2.15,4.20,8.50,2.00,1.75,Stadion An der Alten Försterei (Berlin)
1675521000,Feb 04 2023 - 2:30pm,complete,49200,Köln,RB Leipzig,Martin Petersen,19,1.75,1.33,1.35,1.47,0,0,0,0,0,0,"","",5,1,3,0,4,0,2,1,3,1,14,13,0,4,10,6,10,15,44,56,1.91,1.83,1.05,1.19,3.64,77,88,71,47,30,41,88,60,76,11.32,3.08,3.70,3.80,1.93,1.25,1.75,2.95,5.50,1.67,2.10,RheinEnergieStadion (Köln)
1675521000,Feb 04 2023 - 2:30pm,complete,N/A,Eintracht Frankfurt,Hertha BSC,Robert Hartmann,19,1.78,0.50,1.88,0.47,3,0,3,2,2,0,"21,28,90'3","",7,1,1,0,2,0,0,1,1,1,13,21,7,4,5,12,12,10,62,38,1.71,1.33,1.62,1.54,3.27,60,82,59,41,23,47,77,59,89,9.46,4.17,1.61,4.30,5.20,1.19,1.63,2.55,4.50,1.75,2.00,Deutsche Bank Park (Frankfurt am Main)
1675521000,Feb 04 2023 - 2:30pm,complete,N/A,Bochum,Hoffenheim,Bastian Dankert,19,1.63,1.00,1.53,0.76,5,2,7,3,3,0,"22,30,40,69,83","49,77",6,6,2,0,3,0,0,2,0,3,23,9,14,4,7,5,14,15,47,53,1.62,1.23,2.58,1.21,3.26,63,94,69,32,13,63,88,51,82,9.00,3.88,3.10,3.75,2.18,1.22,1.70,2.80,5.00,1.57,2.25,Vonovia Ruhrstadion (Bochum)
1675531800,Feb 04 2023 - 5:30pm,complete,N/A,Borussia M'gladbach,Schalke 04,Deniz Aytekin,19,2.00,0.25,1.94,0.65,0,0,0,0,0,0,"","",9,5,2,0,3,0,1,1,2,1,22,20,4,6,14,14,9,15,54,46,1.66,1.23,1.72,2.01,3.20,59,77,71,46,17,52,70,48,82,8.08,4.13,1.60,4.20,5.00,1.18,1.58,2.45,4.20,1.67,2.10,Stadion im BORUSSIA-PARK (Mönchengladbach)
1675607400,Feb 05 2023 - 2:30pm,complete,N/A,Stuttgart,Werder Bremen,Frank Willenborg,19,1.33,1.38,1.24,1.12,0,2,2,0,0,0,"","59,77",8,4,2,0,5,0,2,0,1,4,22,14,6,6,12,5,8,18,58,42,1.73,1.40,1.94,1.29,3.35,77,89,54,36,25,59,76,49,78,8.42,4.10,2.02,3.71,3.30,1.22,1.67,2.80,5.00,1.57,2.25,Mercedes-Benz-Arena (Stuttgart)
1675614600,Feb 05 2023 - 4:30pm,complete,30000,Wolfsburg,Bayern München,Harm Osmers,19,1.88,2.00,1.47,1.94,2,4,6,4,1,3,"44,80","9,14,19,73",7,4,2,0,5,1,1,1,3,3,27,12,7,5,16,5,10,9,52,48,1.84,2.13,2.37,1.24,3.72,53,89,60,60,36,66,89,42,78,11.32,3.56,6.00,4.60,1.44,1.13,1.43,2.00,3.45,1.50,2.50,VOLKSWAGEN ARENA (Wolfsburg)
1676057400,Feb 10 2023 - 7:30pm,complete,N/A,Schalke 04,Wolfsburg,Benjamin Brand,20,0.80,1.40,1.18,1.41,0,0,0,0,0,0,"","",9,3,1,0,4,0,0,1,1,3,24,7,7,3,14,4,10,20,53,47,1.53,1.28,2.26,0.92,3.10,45,85,55,35,20,40,85,50,85,7.90,4.00,3.65,3.60,1.74,1.24,1.67,2.85,5.00,1.67,2.10,VELTINS-Arena (Gelsenkirchen)
1676125800,Feb 11 2023 - 2:30pm,complete,N/A,Bayern München,Bochum,Matthias Jöllenbeck,20,2.11,0.30,2.24,0.53,3,0,3,1,1,0,"41,64,73","",6,3,1,0,1,0,0,1,0,1,26,11,13,2,11,6,10,12,65,35,2.68,1.36,2.82,0.92,3.80,54,90,63,58,32,58,90,47,90,11.06,3.23,1.05,9.90,19.00,1.07,1.26,1.65,2.23,1.95,1.80,Allianz Arena (München)
1676125800,Feb 11 2023 - 2:30pm,complete,N/A,Freiburg,Stuttgart,Sascha Stegemann,20,2.22,0.44,2.00,0.71,2,1,3,1,0,1,"60,84","30",4,3,3,0,3,0,0,3,1,2,14,19,7,4,5,11,13,11,53,47,2.01,1.43,1.71,1.51,3.00,62,84,61,50,17,45,73,45,89,8.89,4.12,1.83,3.45,3.65,1.30,1.92,3.40,6.50,1.80,1.95,Europa-Park Stadion (Freiburg im Breisgau)
1676125800,Feb 11 2023 - 2:30pm,complete,N/A,Mainz 05,Augsburg,Sven Jablonski,20,1.11,1.11,1.41,0.71,3,1,4,3,2,1,"21,24,52","28",4,12,1,0,1,0,1,0,1,0,17,13,7,4,9,8,12,6,50,50,1.65,1.38,1.90,1.31,3.34,67,84,67,39,28,56,89,33,78,8.66,5.22,1.87,3.50,3.50,1.25,1.75,2.95,5.50,1.70,2.05,MEWA ARENA (Mainz)
1676125800,Feb 11 2023 - 2:30pm,complete,N/A,Hoffenheim,Bayer Leverkusen,Tobias Stieler,20,1.10,1.11,1.35,1.35,1,3,4,1,0,1,"77","6,46,56",5,8,3,0,1,0,2,1,1,0,13,13,7,5,5,8,15,9,50,50,1.90,1.26,1.53,1.53,3.21,57,79,69,47,26,47,79,42,74,8.26,4.79,2.68,3.77,2.14,1.20,1.60,2.65,4.75,1.53,2.38,PreZero Arena (Sinsheim)
1676125800,Feb 11 2023 - 2:30pm,complete,N/A,Werder Bremen,Borussia Dortmund,Felix Brych,20,1.30,1.50,1.00,1.59,0,2,2,0,0,0,"","67,84",3,7,1,0,0,0,1,0,0,0,15,20,4,10,8,9,7,7,43,57,1.51,1.76,1.27,2.27,3.20,60,85,65,30,20,45,90,40,90,9.80,4.10,3.62,4.15,1.70,1.15,1.64,2.25,3.75,1.50,2.50,wohninvest WESERSTADION (Bremen)
1676136600,Feb 11 2023 - 5:30pm,complete,N/A,RB Leipzig,Union Berlin,Daniel Schlager,20,2.56,1.60,2.41,1.35,1,2,3,1,1,0,"24","61,72",3,4,4,0,4,0,0,4,0,4,15,7,3,5,8,2,15,13,64,36,1.72,1.29,1.15,1.05,3.06,48,85,59,37,21,42,80,43,85,9.80,3.89,1.75,3.70,4.80,1.35,2.02,3.75,7.50,2.00,1.75,Red Bull Arena (Leipzig)
1676212200,Feb 12 2023 - 2:30pm,complete,40973,Hertha BSC,Borussia M'gladbach,Christian Dingert,20,1.00,0.78,1.24,0.59,4,1,5,2,1,1,"30,52,90'1,90'7","17",4,6,1,0,1,0,0,1,0,1,21,12,7,6,10,5,12,11,31,69,1.43,1.28,1.96,1.33,3.06,69,84,59,42,21,42,79,48,80,8.72,4.09,2.85,3.60,2.40,1.25,1.72,2.95,5.50,1.62,2.20,Olympiastadion Berlin (Berlin)
1676219400,Feb 12 2023 - 4:30pm,complete,50000,Köln,Eintracht Frankfurt,Daniel Siebert,20,1.67,1.78,1.35,1.06,3,0,3,0,0,0,"49,71,86","",3,9,3,0,2,0,1,2,1,1,9,10,4,2,5,6,15,11,43,57,1.82,1.46,1.10,1.05,3.17,78,84,56,39,22,28,78,45,78,10.11,3.45,2.62,3.68,2.50,1.24,1.70,2.85,5.00,1.57,2.25,RheinEnergieStadion (Köln)
1676662200,Feb 17 2023 - 7:30pm,complete,N/A,Augsburg,Hoffenheim,Patrick Ittrich,21,1.10,0.89,1.29,0.76,1,0,1,0,0,0,"88","",6,1,3,0,3,0,2,1,1,2,14,9,4,3,7,2,13,14,46,54,1.42,1.23,1.30,0.79,2.98,54,75,54,32,16,49,70,37,84,8.74,5.07,2.81,3.76,2.54,1.22,1.60,2.70,5.00,1.53,2.38,WWK Arena (Augsburg)
1676730600,Feb 18 2023 - 2:30pm,complete,N/A,Borussia M'gladbach,Bayern München,Tobias Welz,21,1.90,2.10,1.94,1.94,3,2,5,2,1,1,"13,55,84","35,90'3",4,0,0,0,1,1,0,0,2,0,18,14,8,6,6,5,9,9,54,46,1.66,2.04,1.75,1.40,3.65,60,80,60,55,35,65,85,35,75,10.10,4.00,5.75,5.50,1.43,1.10,1.31,1.76,3.00,1.53,2.38,Stadion im BORUSSIA-PARK (Mönchengladbach)
1676730600,Feb 18 2023 - 2:30pm,complete,N/A,Wolfsburg,RB Leipzig,Deniz Aytekin,21,1.67,1.30,1.47,1.47,0,3,3,1,0,1,"","14,85,90'2",2,5,1,0,1,0,0,1,0,1,8,17,3,6,3,9,16,15,43,57,1.90,1.77,0.81,1.82,3.76,63,90,74,59,32,64,90,53,85,11.00,3.60,3.30,3.80,2.05,1.26,1.71,3.00,5.50,1.62,2.20,VOLKSWAGEN ARENA (Wolfsburg)
1676730600,Feb 18 2023 - 2:30pm,complete,25100,Bochum,Freiburg,Felix Zwayer,21,1.78,1.40,1.53,1.47,0,2,2,1,0,1,"","39,51",5,5,4,1,2,0,1,4,1,1,17,19,7,6,6,8,15,10,47,53,1.73,1.33,1.56,1.52,3.74,54,90,74,52,31,48,74,69,90,8.69,3.43,3.10,3.70,2.18,1.28,1.85,3.20,6.00,1.67,2.10,Vonovia Ruhrstadion (Bochum)
1676730600,Feb 18 2023 - 2:30pm,complete,N/A,Stuttgart,Köln,Benjamin Cortus,21,1.20,0.80,1.24,1.12,3,0,3,1,1,0,"9,59,74","",3,6,3,0,4,0,1,2,1,3,18,13,8,5,6,3,10,12,46,54,1.75,1.25,1.80,1.13,2.85,65,85,40,30,20,50,75,45,75,10.50,4.40,2.10,3.90,3.10,1.30,1.66,3.25,1.98,1.67,2.10,Mercedes-Benz-Arena (Stuttgart)
1676741400,Feb 18 2023 - 5:30pm,complete,N/A,Eintracht Frankfurt,Werder Bremen,Bastian Dankert,21,1.90,1.56,1.88,1.12,2,0,2,1,1,0,"7,52","",5,2,1,0,1,0,0,1,1,0,12,4,7,0,3,4,15,9,45,55,1.70,1.39,1.42,0.47,3.80,59,95,63,42,32,52,68,69,95,9.28,3.82,1.66,4.22,4.68,1.15,1.61,2.38,3.90,1.62,2.20,Deutsche Bank Park (Frankfurt am Main)
1676817000,Feb 19 2023 - 2:30pm,complete,N/A,Union Berlin,Schalke 04,Tobias Reichel,21,2.56,0.33,2.29,0.65,0,0,0,0,0,0,"","",6,4,2,0,1,0,1,1,1,0,10,9,5,3,3,5,13,19,54,46,1.61,1.32,1.30,1.03,2.61,61,84,62,28,0,33,67,56,67,9.00,3.66,1.58,4.00,6.20,1.33,1.83,3.60,7.00,2.00,1.75,Stadion An der Alten Försterei (Berlin)
1676824200,Feb 19 2023 - 4:30pm,complete,N/A,Borussia Dortmund,Hertha BSC,Harm Osmers,21,2.44,0.44,2.59,0.47,4,1,5,2,2,0,"27,31,76,90","46",3,4,1,0,2,0,0,1,0,2,13,17,6,10,4,7,8,14,59,41,1.91,1.35,1.33,2.07,3.23,50,73,62,45,28,44,84,50,78,10.56,4.77,1.36,6.00,6.50,1.15,1.46,2.23,3.75,1.75,2.00,SIGNAL IDUNA PARK (Dortmund)
1676831400,Feb 19 2023 - 6:30pm,complete,N/A,Bayer Leverkusen,Mainz 05,Robert Schröder,21,1.40,1.30,1.59,1.29,2,3,5,3,1,2,"32,58","26,45'4,82",4,5,5,1,5,0,0,6,1,4,22,13,8,8,5,2,14,19,67,33,1.87,1.45,1.76,1.59,3.15,55,90,60,30,20,45,80,40,90,9.90,4.20,1.80,3.75,4.33,1.25,1.74,2.95,5.50,1.70,2.05,BayArena (Leverkusen)
1677267000,Feb 24 2023 - 7:30pm,complete,N/A,Mainz 05,Borussia M'gladbach,Robert Hartmann,22,1.30,0.70,1.41,0.59,4,0,4,1,1,0,"25,49,71,90'3","",3,3,2,0,3,0,1,1,0,3,18,12,9,3,7,7,16,6,37,63,1.68,1.29,1.96,1.07,3.20,70,85,65,40,25,50,85,45,85,8.70,3.10,1.95,3.45,3.00,1.22,1.70,2.80,5.00,1.57,2.25,MEWA ARENA (Mainz)
1677335400,Feb 25 2023 - 2:30pm,complete,N/A,RB Leipzig,Eintracht Frankfurt,Felix Brych,22,2.30,1.60,2.41,1.06,2,1,3,2,2,0,"6,40","61",2,6,2,0,3,0,1,1,0,3,12,10,6,5,5,3,11,10,54,46,1.66,1.42,1.45,1.18,3.20,70,100,65,35,10,35,85,50,100,9.60,3.70,1.65,3.90,4.33,1.22,1.67,2.70,5.00,1.70,2.05,Red Bull Arena (Leipzig)
1677335400,Feb 25 2023 - 2:30pm,complete,49300,Köln,Wolfsburg,Frank Willenborg,22,1.80,1.36,1.35,1.41,0,2,2,1,0,1,"","4,68",10,2,1,0,2,0,0,1,0,2,19,9,7,5,8,2,9,16,57,43,1.75,1.25,1.90,1.10,2.78,48,76,53,29,20,28,67,53,71,9.14,4.09,2.25,3.40,2.80,1.28,1.87,3.10,6.00,1.62,2.20,RheinEnergieStadion (Köln)
1677335400,Feb 25 2023 - 2:30pm,complete,N/A,Hoffenheim,Borussia Dortmund,Martin Petersen,22,1.00,1.64,1.35,1.59,0,1,1,1,0,1,"","43",12,11,3,0,1,0,1,2,0,1,22,31,5,14,11,13,11,8,44,56,1.86,1.80,1.80,3.11,3.14,59,87,64,41,23,50,87,36,78,12.37,4.00,3.80,4.00,1.73,1.18,1.49,2.38,4.20,1.53,2.38,PreZero Arena (Sinsheim)
1677335400,Feb 25 2023 - 2:30pm,complete,40522,Hertha BSC,Augsburg,Matthias Jöllenbeck,22,1.18,1.00,1.24,0.71,2,0,2,0,0,0,"61,70","",1,6,1,0,3,0,1,0,1,2,16,15,4,2,9,8,16,19,45,55,1.48,1.37,1.32,1.10,3.44,72,86,68,53,29,58,86,38,77,9.55,5.69,2.05,3.50,3.13,1.26,1.85,3.00,5.50,1.62,2.20,Olympiastadion Berlin (Berlin)
1677335400,Feb 25 2023 - 2:30pm,complete,N/A,Werder Bremen,Bochum,Florian Badstübner,22,1.18,0.27,1.00,0.53,3,0,3,2,2,0,"29,43,59","",2,0,3,0,2,0,1,2,1,1,13,12,7,2,5,6,16,17,59,41,1.49,1.32,1.51,1.09,3.37,50,82,69,41,23,46,78,60,96,6.54,3.64,1.95,3.60,3.30,1.24,1.75,2.85,5.00,1.62,2.20,wohninvest WESERSTADION (Bremen)
1677346200,Feb 25 2023 - 5:30pm,complete,61271,Schalke 04,Stuttgart,Deniz Aytekin,22,0.82,0.40,1.18,0.71,2,1,3,2,2,0,"10,40","63",6,9,2,0,2,0,1,1,0,2,17,22,7,6,6,12,12,13,34,66,1.59,1.44,1.55,2.00,3.29,58,82,68,53,24,43,86,53,82,8.64,4.60,2.80,3.25,2.30,1.33,2.10,3.60,7.00,1.80,1.95,VELTINS-Arena (Gelsenkirchen)
1677421800,Feb 26 2023 - 2:30pm,complete,N/A,Freiburg,Bayer Leverkusen,Daniel Siebert,22,2.30,1.30,2.00,1.35,1,1,2,1,1,0,"28","67",1,3,2,0,1,0,2,0,1,0,11,21,5,5,5,12,14,13,45,55,1.98,1.28,1.27,1.70,2.95,55,80,60,40,15,30,70,45,85,7.80,4.40,2.38,3.40,2.80,1.29,1.83,3.00,5.25,1.67,2.10,Europa-Park Stadion (Freiburg im Breisgau)
1677429000,Feb 26 2023 - 4:30pm,complete,N/A,Bayern München,Union Berlin,Marco Fritz,22,2.20,1.73,2.24,1.35,3,0,3,3,3,0,"31,40,45'1","",10,4,1,0,1,0,0,1,1,0,27,6,10,2,11,2,8,9,70,30,2.69,1.27,2.70,0.58,3.41,53,87,58,39,29,43,87,43,82,12.13,3.48,1.36,5.75,9.20,1.18,1.29,2.20,4.18,1.91,1.91,Allianz Arena (München)
1677871800,Mar 03 2023 - 7:30pm,complete,N/A,Borussia Dortmund,RB Leipzig,Sven Jablonski,23,2.50,1.45,2.59,1.47,2,1,3,2,2,0,"21,39","74",4,6,2,0,5,0,1,1,4,1,15,22,5,6,6,12,8,20,38,62,1.85,1.77,1.25,2.09,3.58,57,81,72,48,34,48,91,58,76,11.40,3.75,2.20,3.60,2.70,1.19,1.63,2.50,4.50,1.50,2.50,SIGNAL IDUNA PARK (Dortmund)
1677940200,Mar 04 2023 - 2:30pm,complete,N/A,Union Berlin,Köln,Tobias Stieler,23,2.40,0.73,2.29,1.12,0,0,0,0,0,0,"","",5,4,1,0,0,0,0,1,0,0,9,11,3,5,4,3,9,10,51,49,1.58,1.24,1.16,1.13,2.94,63,91,53,33,14,38,77,57,76,10.75,3.86,1.95,3.40,4.10,1.37,2.06,4.00,8.00,2.00,1.75,Stadion An der Alten Försterei (Berlin)
1677940200,Mar 04 2023 - 2:30pm,complete,N/A,Mainz 05,Hoffenheim,Sascha Stegemann,23,1.45,0.80,1.41,0.76,1,0,1,1,1,0,"33","",11,3,1,0,4,0,0,1,0,4,17,16,7,4,5,5,8,10,47,53,1.70,1.19,1.84,1.15,3.24,58,86,62,38,19,58,91,38,76,8.28,4.06,1.95,3.75,3.80,1.20,1.66,2.60,5.00,1.62,2.20,MEWA ARENA (Mainz)
1677940200,Mar 04 2023 - 2:30pm,complete,N/A,Borussia M'gladbach,Freiburg,Benjamin Brand,23,2.00,1.55,1.94,1.47,0,0,0,0,0,0,"","",6,5,4,1,2,0,2,3,0,2,10,9,5,4,3,4,9,9,52,48,1.67,1.35,1.11,1.11,3.60,50,78,69,64,36,55,78,50,82,8.64,3.91,2.45,3.50,2.75,1.25,1.71,2.75,5.00,1.62,2.20,Stadion im BORUSSIA-PARK (Mönchengladbach)
1677940200,Mar 04 2023 - 2:30pm,complete,N/A,Bochum,Schalke 04,Felix Brych,23,1.60,0.40,1.53,0.65,0,2,2,1,0,1,"","45,79",4,4,2,0,1,0,0,2,1,0,11,13,6,7,4,6,16,13,63,37,1.71,1.29,1.38,1.66,2.80,50,80,60,25,10,35,60,55,80,8.80,3.90,2.40,3.35,3.05,1.30,1.77,3.27,6.35,1.75,2.00,Vonovia Ruhrstadion (Bochum)
1677940200,Mar 04 2023 - 2:30pm,complete,N/A,Augsburg,Werder Bremen,Felix Zwayer,23,1.27,1.40,1.29,1.12,2,1,3,2,1,1,"5,46","16",3,7,2,0,2,0,1,1,0,2,11,22,6,7,4,13,9,7,38,62,1.41,1.29,1.25,2.26,2.99,48,78,43,29,20,29,48,49,100,8.05,4.55,2.35,3.55,2.90,1.25,1.62,2.95,5.50,1.57,2.25,WWK Arena (Augsburg)
1677951000,Mar 04 2023 - 5:30pm,complete,N/A,Stuttgart,Bayern München,Christian Dingert,23,1.36,1.91,1.24,1.94,1,2,3,1,0,1,"88","39,62",3,6,0,0,0,0,0,0,0,0,12,15,5,7,4,5,6,12,39,61,1.76,1.98,1.25,1.75,3.23,64,87,50,37,27,60,87,41,69,9.64,4.36,6.25,5.00,1.45,1.10,1.38,2.12,3.36,1.62,2.20,Mercedes-Benz-Arena (Stuttgart)
1678026600,Mar 05 2023 - 2:30pm,complete,30210,Bayer Leverkusen,Hertha BSC,Patrick Ittrich,23,1.27,0.40,1.59,0.47,4,1,5,2,2,0,"12,21,60,73","67",9,2,1,0,2,0,0,1,0,2,17,8,10,3,4,2,9,11,62,38,1.86,1.42,1.80,0.73,3.18,53,90,62,43,24,48,81,53,95,8.62,4.58,1.52,4.18,5.85,1.20,1.65,2.70,4.75,1.75,2.00,BayArena (Leverkusen)
1678033800,Mar 05 2023 - 4:30pm,complete,27853,Wolfsburg,Eintracht Frankfurt,Daniel Schlager,23,1.50,1.45,1.47,1.06,2,2,4,4,2,2,"10,43","22,26",4,5,3,0,3,0,0,3,1,2,13,11,8,3,2,6,11,16,52,48,1.79,1.39,1.46,1.17,3.59,66,95,72,49,25,53,86,48,95,10.51,3.63,2.50,3.55,2.70,1.28,1.79,3.10,6.00,1.62,2.20,VOLKSWAGEN ARENA (Wolfsburg)
1678476600,Mar 10 2023 - 7:30pm,complete,50000,Köln,Bochum,Tobias Welz,24,1.64,0.25,1.35,0.53,0,2,2,1,0,1,"","9,76",10,1,2,0,2,0,0,2,1,1,12,13,5,4,6,6,9,14,63,37,1.76,1.30,1.60,1.15,3.25,44,78,65,43,26,38,74,53,78,9.08,3.74,1.57,3.90,5.00,1.26,1.80,3.10,5.50,1.80,1.95,RheinEnergieStadion (Köln)
1678545000,Mar 11 2023 - 2:30pm,complete,N/A,Bayern München,Augsburg,Florian Badstübner,24,2.27,0.91,2.24,0.71,5,3,8,5,4,1,"15,19,35,45,74","2,60,90'3",8,5,2,0,1,0,0,2,1,0,24,14,9,7,8,4,8,10,66,34,2.69,1.35,2.21,1.40,3.69,64,91,69,50,27,60,91,41,82,12.82,4.82,1.15,8.75,16.00,1.05,1.20,1.57,2.38,1.80,1.95,Allianz Arena (München)
1678545000,Mar 11 2023 - 2:30pm,complete,N/A,RB Leipzig,Borussia M'gladbach,Matthias Jöllenbeck,24,2.36,0.64,2.41,0.59,3,0,3,0,0,0,"57,71,80","",11,0,1,0,0,0,0,1,0,0,15,8,10,4,3,4,4,6,67,33,1.64,1.27,1.97,0.97,3.27,69,91,73,46,18,45,87,60,96,8.82,4.00,1.43,5.00,6.60,1.17,1.58,2.20,4.00,1.75,2.00,Red Bull Arena (Leipzig)
1678545000,Mar 11 2023 - 2:30pm,complete,N/A,Eintracht Frankfurt,Stuttgart,Robert Hartmann,24,2.00,0.36,1.88,0.71,1,1,2,0,0,0,"55","75",3,2,4,0,1,0,1,3,0,1,11,11,2,5,5,6,16,11,52,48,1.67,1.49,1.00,1.27,3.46,59,91,73,46,23,55,87,55,91,9.90,4.10,1.83,3.75,4.20,1.28,1.75,3.10,6.00,1.80,1.95,Deutsche Bank Park (Frankfurt am Main)
1678545000,Mar 11 2023 - 2:30pm,complete,41689,Hertha BSC,Mainz 05,Benjamin Cortus,24,1.33,1.45,1.24,1.29,1,1,2,1,1,0,"18","57",7,8,2,0,1,0,1,1,0,1,12,7,5,4,4,2,10,15,40,60,1.47,1.46,1.19,0.89,3.18,66,87,57,35,26,49,79,43,79,9.17,4.73,2.90,3.40,2.45,1.30,1.70,3.40,6.50,1.70,2.05,Olympiastadion Berlin (Berlin)
1678555800,Mar 11 2023 - 5:30pm,complete,61571,Schalke 04,Borussia Dortmund,Marco Fritz,24,1.00,1.75,1.18,1.59,2,2,4,1,0,1,"50,79","38,60",3,6,1,0,1,0,0,1,0,1,11,21,5,9,6,4,16,8,34,66,1.59,1.91,1.27,1.77,3.00,46,79,54,34,21,42,88,34,75,11.83,3.92,5.00,4.40,1.61,1.20,1.53,2.69,4.54,1.70,2.05,VELTINS-Arena (Gelsenkirchen)
1678631400,Mar 12 2023 - 2:30pm,complete,N/A,Freiburg,Hoffenheim,Harm Osmers,24,2.18,0.73,2.00,0.76,2,1,3,1,1,0,"5,89","48",2,2,2,0,4,1,0,2,0,5,12,19,5,2,6,12,11,25,60,40,1.91,1.18,1.24,1.40,2.82,60,78,50,32,14,46,78,36,78,8.36,4.55,1.86,3.40,3.35,1.26,1.74,3.00,5.50,1.67,2.10,Europa-Park Stadion (Freiburg im Breisgau)
1678638600,Mar 12 2023 - 4:30pm,complete,N/A,Werder Bremen,Bayer Leverkusen,Deniz Aytekin,24,1.33,1.27,1.00,1.35,2,3,5,2,1,1,"30,86","34,56,83",2,3,2,0,1,0,0,2,0,1,13,14,7,6,3,6,12,12,54,46,1.49,1.32,1.39,1.35,3.18,57,83,66,35,18,35,79,52,91,6.09,4.47,2.87,3.67,2.05,1.20,1.65,2.65,4.75,1.53,2.38,wohninvest WESERSTADION (Bremen)
1678645800,Mar 12 2023 - 6:30pm,complete,23554,Wolfsburg,Union Berlin,Robert Schröder,24,1.45,1.58,1.47,1.35,1,1,2,0,0,0,"84","72",3,5,1,0,4,0,0,1,2,2,16,13,7,3,6,7,11,14,58,42,1.76,1.21,1.60,1.12,3.46,49,83,70,49,31,58,83,44,75,10.12,4.08,2.18,3.05,3.11,1.44,2.25,4.50,9.50,1.95,1.80,VOLKSWAGEN ARENA (Wolfsburg)
1679081400,Mar 17 2023 - 7:30pm,complete,54042,Borussia M'gladbach,Werder Bremen,Tobias Reichel,25,1.92,1.27,1.94,1.12,2,2,4,0,0,0,"48,73","65,89",6,5,1,0,1,0,0,1,0,1,22,9,10,4,9,4,9,12,59,41,1.62,1.38,2.17,1.05,3.49,61,84,61,47,30,56,70,49,88,8.74,4.17,1.94,3.50,3.35,1.15,1.57,2.45,4.00,1.50,2.50,Stadion im BORUSSIA-PARK (Mönchengladbach)
1679149800,Mar 18 2023 - 2:30pm,complete,N/A,Hoffenheim,Hertha BSC,Frank Willenborg,25,0.92,0.36,1.35,0.47,3,1,4,2,2,0,"24,37,51","90'2",8,9,0,1,3,0,0,1,1,2,16,13,8,6,3,4,10,9,47,53,1.86,1.36,1.62,1.37,3.13,66,79,66,48,26,53,83,49,79,9.81,4.44,2.10,3.55,3.40,1.29,1.74,3.00,1.98,1.70,2.05,PreZero Arena (Sinsheim)
1679149800,Mar 18 2023 - 2:30pm,complete,24400,Bochum,RB Leipzig,Sascha Stegemann,25,1.45,1.33,1.53,1.47,1,0,1,0,0,0,"48","",2,7,2,0,3,0,2,0,1,2,9,23,3,9,3,7,10,8,35,65,1.68,1.80,0.77,2.10,3.39,61,96,70,30,18,48,87,53,92,9.90,3.65,5.75,4.30,1.55,1.20,1.65,2.60,4.75,1.70,2.05,Vonovia Ruhrstadion (Bochum)
1679149800,Mar 18 2023 - 2:30pm,complete,N/A,Augsburg,Schalke 04,Daniel Schlager,25,1.42,0.64,1.29,0.65,1,1,2,0,0,0,"51","90'3",9,6,4,1,4,0,0,5,2,2,10,15,4,6,6,6,11,15,42,58,1.40,1.32,1.18,1.63,2.17,39,61,44,18,4,22,44,35,82,8.24,4.42,2.35,3.45,3.05,1.30,1.84,3.30,6.00,1.75,2.00,WWK Arena (Augsburg)
1679149800,Mar 18 2023 - 2:30pm,complete,N/A,Stuttgart,Wolfsburg,Felix Brych,25,1.25,1.50,1.24,1.41,0,1,1,0,0,0,"","56",3,8,1,0,0,0,1,0,0,0,13,10,3,4,4,5,11,10,57,43,1.71,1.23,1.05,1.28,2.50,50,83,46,17,8,42,79,42,75,8.17,4.16,2.45,3.35,2.95,1.29,1.76,3.28,6.05,1.75,2.00,Mercedes-Benz-Arena (Stuttgart)
1679160600,Mar 18 2023 - 5:30pm,complete,81365,Borussia Dortmund,Köln,Daniel Siebert,25,2.55,0.75,2.59,1.12,6,1,7,5,4,1,"15,17,32,36,69,70","42",1,6,1,0,0,0,0,1,0,0,13,12,9,6,4,3,7,10,64,36,1.80,1.23,1.85,1.22,3.33,53,78,58,44,35,44,79,57,78,11.60,4.35,1.45,4.80,6.50,1.19,1.58,2.30,4.35,1.75,2.00,SIGNAL IDUNA PARK (Dortmund)
1679236200,Mar 19 2023 - 2:30pm,complete,N/A,Union Berlin,Eintracht Frankfurt,Christian Dingert,25,2.27,1.42,2.29,1.06,2,0,2,0,0,0,"53,75","",3,7,3,0,2,0,0,3,0,2,16,24,5,6,10,14,19,15,37,63,1.54,1.38,1.66,2.08,2.85,74,91,61,30,4,39,78,39,74,10.10,3.28,2.30,3.30,3.30,1.39,2.20,3.90,8.00,1.95,1.80,Stadion An der Alten Försterei (Berlin)
1679243400,Mar 19 2023 - 4:30pm,complete,N/A,Bayer Leverkusen,Bayern München,Tobias Stieler,25,1.42,2.00,1.59,1.94,2,1,3,1,0,1,"55,73","22",5,3,2,0,3,0,1,1,1,2,12,12,6,7,5,4,10,11,40,60,1.86,1.96,1.36,1.60,3.67,59,96,63,50,38,54,88,54,88,10.09,4.00,4.75,4.75,1.62,1.11,1.37,1.93,3.00,1.44,2.63,BayArena (Leverkusen)
1679250600,Mar 19 2023 - 6:30pm,complete,N/A,Mainz 05,Freiburg,Bastian Dankert,25,1.58,1.50,1.41,1.47,1,1,2,0,0,0,"90'6","55",3,5,2,0,3,0,0,2,1,2,11,12,6,6,3,3,18,10,47,53,1.71,1.33,1.31,1.37,3.13,42,79,58,46,25,38,80,46,75,8.75,3.41,2.20,3.50,3.05,1.29,1.80,3.10,6.00,1.75,2.00,MEWA ARENA (Mainz)
1680287400,Mar 31 2023 - 6:30pm,complete,N/A,Eintracht Frankfurt,Bochum,Harm Osmers,26,1.92,0.46,1.88,0.53,1,1,2,2,1,1,"22","13",15,2,3,0,2,0,1,2,2,0,26,7,8,2,13,5,14,13,73,27,1.62,1.29,2.56,0.74,3.40,41,89,64,40,24,52,80,52,92,8.25,3.60,1.60,4.50,5.85,1.22,1.78,2.77,4.95,1.80,1.95,Deutsche Bank Park (Frankfurt am Main)
1680355800,Apr 01 2023 - 1:30pm,complete,N/A,RB Leipzig,Mainz 05,Christian Dingert,26,2.42,1.42,2.41,1.29,0,3,3,1,0,1,"","9,57,67",3,4,3,0,3,0,1,2,0,3,13,20,4,8,5,4,12,13,69,31,1.67,1.41,1.24,1.54,3.17,67,92,67,29,17,46,83,46,92,10.33,4.58,1.50,4.50,5.50,1.21,1.67,2.60,4.65,1.80,1.95,Red Bull Arena (Leipzig)
1680355800,Apr 01 2023 - 1:30pm,complete,N/A,Union Berlin,Stuttgart,Florian Badstübner,26,2.33,0.42,2.29,0.71,3,0,3,0,0,0,"51,65,68","",3,5,1,0,1,0,1,0,1,0,13,18,6,9,6,6,11,12,38,62,1.55,1.47,1.47,1.83,2.84,67,88,63,38,9,42,75,54,75,9.25,4.00,2.00,3.30,3.75,1.45,2.40,4.75,10.00,2.05,1.70,Stadion An der Alten Försterei (Berlin)
1680355800,Apr 01 2023 - 1:30pm,complete,N/A,Freiburg,Hertha BSC,Sven Jablonski,26,2.25,0.33,2.00,0.47,1,1,2,0,0,0,"52","77",2,2,1,0,1,0,1,0,0,1,17,11,9,4,4,6,5,9,58,42,1.86,1.36,1.78,1.18,2.92,67,83,59,38,17,42,75,50,92,8.25,4.17,1.67,3.75,5.00,1.33,2.02,3.30,6.75,1.95,1.80,Europa-Park Stadion (Freiburg im Breisgau)
1680355800,Apr 01 2023 - 1:30pm,complete,N/A,Wolfsburg,Augsburg,Martin Petersen,26,1.42,0.83,1.47,0.71,2,2,4,2,0,2,"83,90'6","2,32",4,7,3,0,2,0,0,3,0,2,24,6,6,3,14,1,4,9,68,32,1.75,1.35,2.14,0.63,3.88,67,88,75,63,33,67,83,50,83,10.42,5.25,1.57,4.00,5.50,1.22,1.70,2.75,5.00,1.75,2.00,VOLKSWAGEN ARENA (Wolfsburg)
1680355800,Apr 01 2023 - 1:30pm,complete,N/A,Schalke 04,Bayer Leverkusen,Deniz Aytekin,26,1.00,1.42,1.18,1.35,0,3,3,0,0,0,"","50,61,90'1",7,5,2,0,1,0,0,2,1,0,13,19,4,11,5,6,20,13,48,52,1.57,1.32,1.25,2.14,3.28,56,80,65,48,24,36,84,48,80,7.70,4.34,3.80,3.75,1.85,1.28,1.94,3.10,6.00,1.80,1.95,VELTINS-Arena (Gelsenkirchen)
1680366600,Apr 01 2023 - 4:30pm,complete,75000,Bayern München,Borussia Dortmund,Marco Fritz,26,2.33,1.69,2.24,1.59,4,2,6,3,3,0,"13,18,23,50","72,90",6,2,1,0,1,0,0,1,1,0,17,11,10,5,4,5,11,7,49,51,2.65,1.90,1.92,1.48,3.55,52,93,61,41,24,48,96,41,80,14.67,3.18,1.50,5.00,4.75,1.10,1.36,1.99,3.10,1.50,2.50,Allianz Arena (München)
1680442200,Apr 02 2023 - 1:30pm,complete,50000,Köln,Borussia M'gladbach,Felix Zwayer,26,1.50,0.58,1.35,0.59,0,0,0,0,0,0,"","",11,1,3,0,3,0,0,3,2,1,13,9,6,3,4,5,18,7,51,49,1.75,1.24,1.52,0.87,3.13,59,79,63,42,25,30,71,59,80,10.17,3.67,2.12,3.60,3.30,1.22,1.70,2.75,5.30,1.62,2.20,RheinEnergieStadion (Köln)
1680449400,Apr 02 2023 - 3:30pm,complete,N/A,Werder Bremen,Hoffenheim,Sascha Stegemann,26,1.23,0.67,1.00,0.76,1,2,3,0,0,0,"76","50,52",1,6,3,0,4,0,1,2,0,4,13,9,5,3,7,2,13,15,57,43,1.48,1.20,1.44,0.87,3.20,60,80,64,32,20,52,85,52,84,6.75,4.92,2.32,3.60,2.95,1.23,1.70,2.75,5.00,1.62,2.20,wohninvest WESERSTADION (Bremen)
1680960600,Apr 08 2023 - 1:30pm,complete,N/A,Borussia Dortmund,Union Berlin,Daniel Schlager,27,2.58,1.54,2.59,1.35,2,1,3,1,1,0,"28,79","61",8,0,4,0,2,0,2,2,0,2,18,8,7,2,9,6,6,9,65,35,1.80,1.21,1.98,1.00,3.43,52,76,65,41,37,48,81,48,72,10.44,4.31,1.70,3.60,5.00,1.25,1.91,2.95,5.45,1.91,1.91,SIGNAL IDUNA PARK (Dortmund)
1680960600,Apr 08 2023 - 1:30pm,complete,30210,Bayer Leverkusen,Eintracht Frankfurt,Robert Hartmann,27,1.54,1.31,1.59,1.06,3,1,4,2,2,0,"10,34,90'5","74",2,5,1,0,5,0,1,0,2,3,15,13,9,3,6,7,8,10,43,57,1.82,1.43,1.74,1.15,3.31,66,100,66,39,20,42,81,50,96,10.23,3.93,1.91,3.60,3.70,1.18,1.67,2.50,4.30,1.57,2.25,BayArena (Leverkusen)
1680960600,Apr 08 2023 - 1:30pm,complete,N/A,Freiburg,Bayern München,Daniel Siebert,27,2.15,1.85,2.00,1.94,0,1,1,0,0,0,"","51",2,6,2,0,2,0,0,2,0,2,11,27,3,9,7,14,8,7,33,67,1.85,1.94,1.09,2.51,3.16,69,89,54,35,23,39,77,50,85,8.77,3.69,6.50,4.50,1.50,1.13,1.36,2.20,3.88,1.70,2.05,Europa-Park Stadion (Freiburg im Breisgau)
1680960600,Apr 08 2023 - 1:30pm,complete,N/A,Mainz 05,Werder Bremen,Benjamin Brand,27,1.54,1.25,1.41,1.12,2,2,4,0,0,0,"85,90'3","87,90'5",1,2,1,0,5,0,0,1,2,3,18,11,10,7,7,3,6,16,50,50,1.68,1.35,2.26,1.34,3.30,61,93,56,37,20,40,72,53,89,8.62,3.38,1.83,3.70,4.00,1.21,1.61,2.70,4.70,1.70,2.05,MEWA ARENA (Mainz)
1680960600,Apr 08 2023 - 1:30pm,complete,N/A,Augsburg,Köln,Robert Schröder,27,1.38,0.69,1.29,1.12,1,3,4,3,1,2,"29","7,16,59",6,1,3,0,4,0,2,1,2,2,17,17,2,7,10,6,5,11,52,48,1.38,1.23,1.37,1.63,2.77,50,74,42,27,20,31,54,47,93,10.15,4.69,2.87,3.40,2.37,1.25,1.73,2.99,5.45,1.67,2.10,WWK Arena (Augsburg)
1680971400,Apr 08 2023 - 4:30pm,complete,N/A,Hertha BSC,RB Leipzig,Deniz Aytekin,27,1.31,1.23,1.24,1.47,0,1,1,1,0,1,"","39",4,4,4,0,3,0,3,1,2,1,12,19,2,7,6,6,12,13,33,67,1.45,1.82,0.91,1.70,3.08,62,89,58,35,19,42,81,46,81,9.61,3.92,5.50,4.00,1.60,1.25,1.67,2.87,5.25,1.80,1.95,Olympiastadion Berlin (Berlin)
1681047000,Apr 09 2023 - 1:30pm,complete,51127,Borussia M'gladbach,Wolfsburg,Timo Gerach,27,1.85,1.62,1.94,1.41,2,0,2,1,1,0,"34,63","",5,8,0,0,1,0,0,0,0,1,14,11,7,3,3,5,12,11,44,56,1.67,1.24,1.36,1.11,2.85,47,73,54,39,20,47,69,38,81,8.77,3.92,2.38,2.52,3.44,1.22,1.72,2.62,4.75,1.57,2.25,Stadion im BORUSSIA-PARK (Mönchengladbach)
1681054200,Apr 09 2023 - 3:30pm,complete,N/A,Bochum,Stuttgart,Frank Willenborg,27,1.58,0.38,1.53,0.71,2,3,5,1,0,1,"58,85","14,60,63",7,4,3,0,3,0,1,2,1,2,13,16,6,8,4,6,10,6,55,45,1.60,1.50,1.38,1.78,3.24,60,92,68,36,16,44,76,56,96,8.89,4.14,2.55,3.50,2.75,1.30,1.85,3.25,6.40,1.75,2.00,Vonovia Ruhrstadion (Bochum)
1681061400,Apr 09 2023 - 5:30pm,complete,N/A,Hoffenheim,Schalke 04,Matthias Jöllenbeck,27,1.08,0.67,1.35,0.65,2,0,2,1,1,0,"22,70","",9,8,3,0,0,0,2,1,0,0,16,12,5,4,10,7,14,13,45,55,1.84,1.35,1.69,1.36,2.58,56,72,56,36,12,36,64,48,68,10.39,4.25,2.10,3.60,3.50,1.25,1.85,2.88,5.35,1.70,2.05,PreZero Arena (Sinsheim)
1681497000,Apr 14 2023 - 6:30pm,complete,N/A,Schalke 04,Hertha BSC,Felix Brych,28,0.93,0.38,1.18,0.47,5,2,7,3,2,1,"3,13,48,78,90'2","45'3,84",7,8,2,0,3,0,0,2,1,2,15,12,8,6,4,3,12,19,53,47,1.54,1.35,1.54,1.32,3.18,60,82,63,45,22,45,78,56,86,8.71,4.24,2.26,3.32,3.22,1.33,2.02,3.60,7.00,1.80,1.95,VELTINS-Arena (Gelsenkirchen)
1681565400,Apr 15 2023 - 1:30pm,complete,N/A,Bayern München,Hoffenheim,Bastian Dankert,28,2.38,0.85,2.24,0.76,1,1,2,1,1,0,"17","71",13,4,2,0,1,0,0,2,0,1,23,5,9,2,6,2,7,10,66,34,2.60,1.18,2.16,0.70,3.70,62,89,66,43,27,58,93,50,77,11.54,4.39,1.19,7.80,13.08,1.07,1.26,1.70,2.17,1.75,2.00,Allianz Arena (München)
1681565400,Apr 15 2023 - 1:30pm,complete,N/A,RB Leipzig,Augsburg,Marco Fritz,28,2.23,0.85,2.41,0.71,3,2,5,4,3,1,"10,32,35","5,82",3,5,2,0,3,0,0,2,0,3,13,13,7,3,3,5,8,11,58,42,1.64,1.30,1.37,1.03,3.54,66,93,77,47,20,54,85,54,93,10.23,5.31,1.26,6.30,10.80,1.14,1.44,2.12,2.08,1.91,1.91,Red Bull Arena (Leipzig)
1681565400,Apr 15 2023 - 1:30pm,complete,N/A,Köln,Mainz 05,Benjamin Cortus,28,1.46,1.54,1.35,1.29,1,1,2,1,0,1,"51","17",3,3,3,0,2,0,1,2,1,1,12,6,5,2,7,4,10,14,54,46,1.73,1.42,1.42,0.82,2.92,58,77,54,27,23,31,74,42,74,11.77,4.62,2.63,3.30,2.63,1.30,1.91,3.36,6.25,1.75,2.00,RheinEnergieStadion (Köln)
1681565400,Apr 15 2023 - 1:30pm,complete,N/A,Stuttgart,Borussia Dortmund,Harm Osmers,28,1.15,1.57,1.24,1.59,3,3,6,2,0,2,"77,84,90'7","26,33,90'2",5,7,4,1,3,0,3,2,0,3,13,16,6,7,5,5,5,14,43,57,1.66,1.87,1.50,1.64,2.80,56,82,52,26,15,45,85,37,74,11.18,3.79,3.50,3.90,1.99,1.21,1.60,2.60,4.60,1.62,2.20,Mercedes-Benz-Arena (Stuttgart)
1681576200,Apr 15 2023 - 4:30pm,complete,N/A,Eintracht Frankfurt,Borussia M'gladbach,Sven Jablonski,28,1.85,0.62,1.88,0.59,1,1,2,1,0,1,"83","13",10,2,1,0,2,0,0,1,0,2,17,5,6,3,7,2,16,5,59,41,1.69,1.22,1.87,0.68,3.20,58,85,62,39,23,46,73,58,85,9.69,3.70,1.72,4.10,4.55,1.18,1.60,2.45,4.33,1.62,2.20,Deutsche Bank Park (Frankfurt am Main)
1681651800,Apr 16 2023 - 1:30pm,complete,N/A,Werder Bremen,Freiburg,Florian Badstübner,28,1.14,1.46,1.00,1.47,1,2,3,0,0,0,"46","66,71",5,2,2,0,3,0,1,1,3,0,14,8,6,4,6,0,14,11,49,51,1.48,1.33,1.56,0.85,3.22,51,82,63,42,26,37,67,63,89,6.87,4.15,2.65,3.60,2.50,1.26,1.80,2.98,5.60,1.67,2.10,wohninvest WESERSTADION (Bremen)
1681659000,Apr 16 2023 - 3:30pm,complete,22012,Union Berlin,Bochum,Tobias Stieler,28,2.38,0.50,2.29,0.53,1,1,2,1,1,0,"45'2","55",5,7,1,1,1,0,0,2,1,0,11,15,3,7,7,4,10,7,40,60,1.54,1.25,1.08,1.57,2.88,45,86,59,33,11,44,74,49,74,7.78,3.40,1.60,3.75,6.00,1.36,2.00,3.75,7.50,2.05,1.70,Stadion An der Alten Försterei (Berlin)
1681666200,Apr 16 2023 - 5:30pm,complete,N/A,Wolfsburg,Bayer Leverkusen,Sascha Stegemann,28,1.38,1.54,1.47,1.35,0,0,0,0,0,0,"","",2,5,0,0,5,0,0,0,0,5,12,16,4,5,6,5,9,11,43,57,1.78,1.39,1.17,1.40,3.58,58,89,73,58,27,50,81,58,85,8.38,4.31,2.70,3.50,2.50,1.25,1.61,2.70,1.95,1.62,2.20,VOLKSWAGEN ARENA (Wolfsburg)
1682101800,Apr 21 2023 - 6:30pm,complete,N/A,Augsburg,Stuttgart,Christian Dingert,29,1.29,0.57,1.29,0.71,1,1,2,1,1,0,"8","78",1,3,5,0,3,0,0,5,1,2,5,8,2,4,0,1,17,12,38,62,1.38,1.52,0.69,0.88,2.90,61,79,61,36,14,36,61,47,97,9.08,5.07,3.10,3.40,2.25,1.25,1.75,2.95,5.50,1.60,2.20,WWK Arena (Augsburg)
1682170200,Apr 22 2023 - 1:30pm,complete,N/A,Mainz 05,Bayern München,Felix Zwayer,29,1.50,1.93,1.41,1.94,3,1,4,1,0,1,"65,73,79","29",2,7,2,0,0,0,0,2,0,0,13,12,5,3,4,6,13,7,26,74,1.72,1.98,1.22,1.31,3.29,61,86,57,40,25,43,83,47,79,9.22,3.36,5.50,4.25,1.53,1.17,1.40,2.25,3.80,1.62,2.32,MEWA ARENA (Mainz)
1682170200,Apr 22 2023 - 1:30pm,complete,N/A,Hoffenheim,Köln,Robin Braun,29,1.21,0.86,1.35,1.12,1,3,4,2,0,2,"90'4","18,39,90'2",2,5,1,0,2,0,1,0,2,0,13,14,5,7,6,6,10,11,55,45,1.83,1.26,1.41,1.61,3.18,61,83,57,47,25,47,79,50,79,11.64,4.28,2.15,3.40,3.25,1.25,1.73,2.80,5.25,1.63,2.10,PreZero Arena (Sinsheim)
1682170200,Apr 22 2023 - 1:30pm,complete,24834,Bochum,Wolfsburg,Felix Brych,29,1.46,1.50,1.53,1.41,1,5,6,3,0,3,"68","10,21,33,56,77",10,3,3,0,3,0,3,0,1,2,25,16,7,8,8,6,11,8,54,46,1.59,1.23,1.91,1.72,2.84,42,86,49,23,15,34,74,45,93,8.91,3.78,3.00,3.40,2.30,1.28,1.80,3.20,6.00,1.73,2.06,Vonovia Ruhrstadion (Bochum)
1682170200,Apr 22 2023 - 1:30pm,complete,N/A,Hertha BSC,Werder Bremen,Robert Schröder,29,1.21,1.23,1.24,1.12,2,4,6,2,0,2,"68,79","6,27,51,63",8,4,2,0,2,0,1,1,1,1,15,14,6,5,6,7,11,13,54,46,1.41,1.35,1.52,1.34,3.28,63,93,53,41,22,37,67,56,86,8.21,4.37,2.30,3.40,3.00,1.27,1.80,3.10,6.30,1.66,2.05,Olympiastadion Berlin (Berlin)
1682181000,Apr 22 2023 - 4:30pm,complete,N/A,Borussia Dortmund,Eintracht Frankfurt,Deniz Aytekin,29,2.62,1.21,2.59,1.06,4,0,4,3,3,0,"19,24,41,66","",5,2,2,0,3,0,0,2,2,1,15,10,8,3,4,3,10,13,55,45,1.81,1.41,1.76,0.94,3.57,71,89,71,45,27,49,86,53,85,10.99,4.30,1.61,4.00,4.80,1.15,1.58,2.20,3.50,1.56,2.45,SIGNAL IDUNA PARK (Dortmund)
1682256600,Apr 23 2023 - 1:30pm,complete,N/A,Freiburg,Schalke 04,Robert Hartmann,29,2.00,0.62,2.00,0.65,4,0,4,2,2,0,"7,35,52,82","",6,5,1,0,2,0,0,1,1,1,27,10,13,4,10,2,9,10,45,55,1.80,1.35,2.67,0.95,2.22,51,74,41,18,4,18,52,45,81,8.24,3.71,1.67,3.75,4.75,1.33,1.90,3.53,6.90,1.95,1.85,Europa-Park Stadion (Freiburg im Breisgau)
1682263800,Apr 23 2023 - 3:30pm,complete,N/A,Bayer Leverkusen,RB Leipzig,Daniel Schlager,29,1.64,1.36,1.59,1.47,2,0,2,1,1,0,"40,86","",0,9,3,0,4,1,0,3,0,5,8,27,5,7,2,11,10,9,31,69,1.81,1.81,0.96,2.13,3.25,57,90,68,40,22,47,86,54,90,10.07,4.00,2.50,3.75,2.45,1.22,1.67,2.70,5.00,1.60,2.30,BayArena (Leverkusen)
1682271000,Apr 23 2023 - 5:30pm,complete,N/A,Borussia M'gladbach,Union Berlin,Martin Petersen,29,1.93,1.43,1.94,1.35,0,1,1,0,0,0,"","60",2,2,3,0,2,0,3,0,2,0,9,14,5,4,3,6,10,12,62,38,1.64,1.19,1.30,1.17,3.08,54,75,61,39,25,47,71,40,75,9.29,4.07,2.56,3.55,2.34,1.36,2.10,3.72,7.35,1.91,1.91,Stadion im BORUSSIA-PARK (Mönchengladbach)
1682706600,Apr 28 2023 - 6:30pm,complete,N/A,Bochum,Borussia Dortmund,Sascha Stegemann,30,1.36,1.53,1.53,1.59,1,1,2,2,1,1,"5","7",4,11,1,0,2,0,1,0,2,0,14,23,5,8,4,9,13,9,33,67,1.61,1.86,1.14,2.12,3.45,55,90,62,38,28,45,86,49,90,11.81,3.87,5.00,4.48,1.69,1.15,1.50,2.30,3.75,1.57,2.25,Vonovia Ruhrstadion (Bochum)
1682775000,Apr 29 2023 - 1:30pm,complete,N/A,RB Leipzig,Hoffenheim,Tobias Stieler,30,2.29,0.86,2.41,0.76,1,0,1,1,1,0,"28","",7,1,0,0,2,0,0,0,0,2,16,6,3,2,8,3,9,14,58,42,1.62,1.14,1.31,0.75,3.15,61,90,68,33,14,47,86,50,86,8.79,5.00,1.40,5.00,7.00,1.18,1.52,2.28,4.33,1.80,1.95,Red Bull Arena (Leipzig)
1682775000,Apr 29 2023 - 1:30pm,complete,N/A,Union Berlin,Bayer Leverkusen,Marco Fritz,30,2.29,1.50,2.29,1.35,0,0,0,0,0,0,"","",6,4,1,0,1,0,0,1,0,1,13,10,2,2,8,6,9,8,34,66,1.51,1.39,1.12,1.00,2.75,54,83,57,32,11,29,68,50,72,8.22,4.07,2.80,3.40,2.40,1.30,2.01,3.30,6.30,1.75,2.00,Stadion An der Alten Försterei (Berlin)
1682775000,Apr 29 2023 - 1:30pm,complete,N/A,Köln,Freiburg,Tobias Reichel,30,1.43,1.57,1.35,1.47,0,1,1,0,0,0,"","54",9,6,1,0,1,0,1,0,0,1,20,14,5,7,7,4,15,7,57,43,1.71,1.30,1.61,1.50,2.89,47,75,50,40,25,22,61,54,72,10.29,4.28,2.25,3.40,3.10,1.33,2.05,3.60,7.00,1.80,1.95,RheinEnergieStadion (Köln)
1682775000,Apr 29 2023 - 1:30pm,complete,N/A,Eintracht Frankfurt,Augsburg,Frank Willenborg,30,1.79,0.79,1.88,0.71,1,1,2,1,1,0,"25","58",5,7,2,0,2,0,0,2,1,1,8,11,2,4,5,2,6,11,59,41,1.70,1.28,0.93,0.95,3.61,68,90,65,47,29,61,83,47,86,11.58,5.00,1.50,4.75,5.50,1.20,1.58,2.60,1.90,1.70,2.05,Deutsche Bank Park (Frankfurt am Main)
1682775000,Apr 29 2023 - 1:30pm,complete,N/A,Stuttgart,Borussia M'gladbach,Tobias Welz,30,1.14,0.64,1.24,0.59,2,1,3,1,1,0,"22,83","78",5,8,2,0,2,1,0,2,1,2,18,10,7,5,6,1,11,14,42,58,1.65,1.18,1.68,1.03,2.86,64,79,57,32,18,43,75,50,79,8.14,4.07,2.00,3.60,3.40,1.22,1.70,2.62,4.75,1.62,2.20,Mercedes-Benz-Arena (Stuttgart)
1682785800,Apr 29 2023 - 4:30pm,complete,N/A,Schalke 04,Werder Bremen,Bastian Dankert,30,1.07,1.36,1.18,1.12,2,1,3,1,0,1,"81,90'2","18",11,3,4,0,3,0,0,4,1,2,20,11,11,2,6,6,11,17,57,43,1.54,1.35,2.25,0.80,3.67,62,90,66,49,28,42,69,62,90,8.79,4.14,2.15,3.40,3.20,1.25,1.73,2.90,5.50,1.67,2.10,VELTINS-Arena (Gelsenkirchen)
1682861400,Apr 30 2023 - 1:30pm,complete,N/A,Bayern München,Hertha BSC,Patrick Ittrich,30,2.29,0.36,2.24,0.47,2,0,2,0,0,0,"69,79","",18,1,2,0,0,0,1,1,0,0,27,3,10,2,8,0,4,8,81,19,2.57,1.35,2.84,0.41,3.79,68,93,64,50,33,57,90,57,90,12.14,3.72,1.09,8.95,15.40,1.07,1.24,1.66,2.33,2.00,1.75,Allianz Arena (München)
1682868600,Apr 30 2023 - 3:30pm,complete,23817,Wolfsburg,Mainz 05,Daniel Siebert,30,1.36,1.50,1.47,1.29,3,0,3,3,3,0,"5,13,28","",3,5,1,0,3,0,0,1,1,2,11,11,5,3,5,6,7,10,51,49,1.73,1.38,1.27,1.11,3.32,64,86,64,43,25,54,83,47,83,9.93,4.43,2.41,3.45,2.90,1.26,1.84,2.95,5.50,1.70,2.05,VOLKSWAGEN ARENA (Wolfsburg)
1683311400,May 05 2023 - 6:30pm,complete,30210,Bayer Leverkusen,Köln,Felix Zwayer,31,1.73,1.00,1.59,1.12,1,2,3,3,1,2,"28","14,36",9,2,1,0,6,0,0,1,1,5,21,8,4,6,10,2,8,13,64,36,1.76,1.28,1.64,1.16,3.37,57,94,60,47,27,47,80,60,94,9.73,4.20,1.67,4.00,5.00,1.21,1.75,2.60,1.95,1.75,2.00,BayArena (Leverkusen)
1683311400,May 05 2023 - 6:30pm,complete,N/A,Mainz 05,Schalke 04,Matthias Jöllenbeck,31,1.60,0.57,1.41,0.65,2,3,5,1,0,1,"53,70","26,60,90'12",7,6,4,0,1,0,1,3,0,1,16,19,5,11,8,6,12,10,57,43,1.69,1.32,1.58,2.18,2.61,48,79,52,31,7,27,65,49,76,8.63,3.40,1.62,4.20,5.25,1.25,1.70,3.00,5.50,1.80,1.95,MEWA ARENA (Mainz)
1683379800,May 06 2023 - 1:30pm,complete,N/A,Freiburg,RB Leipzig,Tobias Welz,31,2.07,1.27,2.00,1.47,0,1,1,0,0,0,"","73",3,3,1,0,4,0,0,1,2,2,5,18,2,6,3,9,8,11,41,59,1.85,1.83,0.82,1.69,2.73,57,80,54,27,10,34,74,44,87,9.40,3.87,2.61,3.43,2.35,1.30,1.72,3.40,6.50,1.75,2.00,Europa-Park Stadion (Freiburg im Breisgau)
1683379800,May 06 2023 - 1:30pm,complete,N/A,Hoffenheim,Eintracht Frankfurt,Harm Osmers,31,1.13,1.13,1.35,1.06,3,1,4,3,3,0,"8,41,45'3","54",1,11,2,1,4,0,0,3,3,1,10,30,5,8,4,14,17,14,31,69,1.80,1.38,1.15,2.55,3.20,70,90,67,47,14,50,84,44,83,11.07,4.20,2.36,3.42,2.61,1.22,1.72,2.12,5.00,1.53,2.38,PreZero Arena (Sinsheim)
1683379800,May 06 2023 - 1:30pm,complete,53797,Borussia M'gladbach,Bochum,Robert Schröder,31,1.80,0.53,1.94,0.53,2,0,2,1,1,0,"35,90'1","",11,3,2,0,1,0,1,1,0,1,32,18,10,4,16,10,7,12,55,45,1.62,1.27,2.66,1.45,3.17,47,77,60,47,24,53,77,37,84,7.93,3.73,1.73,3.71,3.96,1.20,1.68,2.40,4.33,1.57,2.25,Stadion im BORUSSIA-PARK (Mönchengladbach)
1683379800,May 06 2023 - 1:30pm,complete,N/A,Augsburg,Union Berlin,Florian Badstübner,31,1.27,1.53,1.29,1.35,1,0,1,0,0,0,"53","",3,7,2,0,2,0,2,0,0,2,17,14,4,6,10,7,10,14,38,62,1.33,1.19,1.37,1.62,2.57,50,70,47,20,14,30,57,34,87,8.73,5.07,3.21,3.46,2.00,1.40,1.75,4.20,8.50,1.91,1.91,WWK Arena (Augsburg)
1683379800,May 06 2023 - 1:30pm,complete,N/A,Hertha BSC,Stuttgart,Deniz Aytekin,31,1.13,0.60,1.24,0.71,2,1,3,3,2,1,"29,45'2","38",3,5,4,0,1,0,2,2,0,1,9,23,5,6,4,12,9,20,30,70,1.42,1.48,1.08,1.97,3.17,67,90,60,44,24,40,80,54,83,8.80,4.53,2.30,3.41,2.69,1.30,1.75,3.25,5.50,1.70,2.05,Olympiastadion Berlin (Berlin)
1683390600,May 06 2023 - 4:30pm,complete,N/A,Werder Bremen,Bayern München,Christian Dingert,31,1.07,1.80,1.00,1.94,1,2,3,0,0,0,"86","62,72",1,11,2,0,1,0,2,0,1,0,19,19,3,5,11,9,14,10,33,67,1.49,1.93,1.38,1.79,3.44,67,87,67,37,27,44,77,60,90,7.93,3.87,6.15,4.96,1.36,1.09,1.31,1.94,2.90,1.57,2.25,wohninvest WESERSTADION (Bremen)
1683473400,May 07 2023 - 3:30pm,complete,N/A,Borussia Dortmund,Wolfsburg,Marco Fritz,31,2.64,1.60,2.59,1.41,6,0,6,3,3,0,"14,28,37,54,59,86","",10,6,0,0,1,0,0,0,0,1,23,15,11,4,9,7,11,14,58,42,1.81,1.26,2.43,1.22,3.23,45,80,60,39,28,45,83,49,83,9.93,4.14,1.52,4.70,5.60,1.13,1.38,2.20,3.30,1.57,2.25,SIGNAL IDUNA PARK (Dortmund)
1683916200,May 12 2023 - 6:30pm,complete,50000,Köln,Hertha BSC,Sven Jablonski,32,1.33,0.33,1.35,0.47,5,2,7,5,3,2,"8,39,43,69,81","18,33",12,3,2,0,7,0,1,1,2,5,34,14,17,4,13,6,11,13,63,37,1.70,1.28,3.55,1.21,2.93,57,77,50,37,24,33,67,54,80,10.53,4.20,1.82,3.85,4.20,1.26,1.80,3.10,5.50,1.75,2.00,RheinEnergieStadion (Köln)
1683984600,May 13 2023 - 1:30pm,complete,N/A,Bayern München,Schalke 04,Robert Schröder,32,2.33,0.73,2.24,0.65,6,0,6,2,2,0,"21,29,50,65,80,90'2","",4,3,0,0,3,0,0,0,3,0,30,15,15,2,10,9,10,10,62,38,2.58,1.38,2.88,1.14,3.17,50,87,54,37,20,37,73,53,80,13.13,3.33,1.10,9.50,16.00,1.06,1.22,1.66,2.25,1.95,1.80,Allianz Arena (München)
1683984600,May 13 2023 - 1:30pm,complete,N/A,Union Berlin,Freiburg,Marco Fritz,32,2.20,1.67,2.29,1.47,4,2,6,3,3,0,"5,36,38,80","56,70",1,7,3,0,1,0,3,0,0,1,11,17,5,7,6,7,18,13,36,64,1.48,1.31,1.33,1.62,2.64,47,77,50,34,14,27,57,54,70,9.00,3.66,2.25,2.90,2.90,1.48,2.40,4.75,10.00,2.05,1.70,Stadion An der Alten Försterei (Berlin)
1683984600,May 13 2023 - 1:30pm,complete,N/A,Eintracht Frankfurt,Mainz 05,Felix Brych,32,1.73,1.40,1.88,1.29,3,0,3,2,2,0,"18,40,59","",5,1,1,0,3,0,1,0,2,1,21,13,7,4,11,6,4,10,55,45,1.65,1.36,2.00,1.13,3.10,64,90,54,24,20,47,84,40,84,11.20,4.40,2.05,3.35,2.90,1.22,1.76,2.80,1.99,1.57,2.25,Deutsche Bank Park (Frankfurt am Main)
1683984600,May 13 2023 - 1:30pm,complete,N/A,Wolfsburg,Hoffenheim,Tobias Stieler,32,1.47,0.80,1.47,0.76,2,1,3,1,1,0,"15,75","90'3",3,7,2,0,2,0,1,1,0,2,13,16,4,4,6,10,17,12,46,54,1.70,1.12,1.18,1.53,3.20,57,80,63,44,20,57,84,47,70,8.60,4.67,1.76,3.55,3.60,1.18,1.61,2.25,4.20,1.50,2.50,VOLKSWAGEN ARENA (Wolfsburg)
1683984600,May 13 2023 - 1:30pm,complete,N/A,Bochum,Augsburg,Patrick Ittrich,32,1.33,0.80,1.53,0.71,3,2,5,2,1,1,"2,59,62","29,85",7,7,3,0,2,0,1,2,1,1,18,15,9,3,7,9,13,16,55,45,1.58,1.26,1.92,1.26,3.67,70,90,67,47,30,57,84,47,90,10.47,5.06,1.95,3.40,3.05,1.25,1.76,2.95,5.50,1.62,2.20,Vonovia Ruhrstadion (Bochum)
1683995400,May 13 2023 - 4:30pm,complete,N/A,Borussia Dortmund,Borussia M'gladbach,Daniel Schlager,32,2.67,0.60,2.59,0.59,5,2,7,4,4,0,"5,18,20,32,90'4","75,85",10,4,0,0,2,0,0,0,0,2,36,14,14,9,14,3,10,12,55,45,1.85,1.17,3.35,1.62,3.54,60,80,74,50,34,47,83,60,84,10.00,4.07,1.22,7.50,10.50,1.07,1.33,1.67,2.50,1.57,2.25,SIGNAL IDUNA PARK (Dortmund)
1684071000,May 14 2023 - 1:30pm,complete,N/A,Stuttgart,Bayer Leverkusen,Frank Willenborg,32,1.27,1.47,1.24,1.35,1,1,2,0,0,0,"57","70",7,3,3,0,4,0,0,3,0,4,13,17,2,3,8,11,7,14,52,48,1.65,1.36,1.04,1.40,2.80,57,77,57,30,17,37,74,47,73,8.00,4.60,2.39,3.70,2.80,1.22,1.66,2.62,4.75,1.57,2.25,Mercedes-Benz-Arena (Stuttgart)
1684078200,May 14 2023 - 3:30pm,complete,N/A,RB Leipzig,Werder Bremen,Florian Badstübner,32,2.33,1.27,2.41,1.12,2,1,3,0,0,0,"87,90'6","70",3,2,2,0,4,0,1,1,1,3,25,11,8,4,13,5,13,20,62,38,1.60,1.31,2.25,1.02,3.47,63,97,70,40,20,40,74,63,97,8.73,4.20,1.33,4.74,6.68,1.12,1.33,2.17,3.40,1.80,1.95,Red Bull Arena (Leipzig)
1684521000,May 19 2023 - 6:30pm,complete,N/A,Freiburg,Wolfsburg,Bastian Dankert,33,1.94,1.50,2.00,1.41,2,0,2,0,0,0,"71,75","",4,4,1,1,3,0,1,1,1,2,21,13,9,3,9,7,15,16,43,57,1.79,1.26,2.02,1.16,2.60,44,78,44,25,13,32,66,44,91,8.13,3.51,2.16,3.76,3.50,1.25,1.73,2.95,5.50,1.62,2.20,Europa-Park Stadion (Freiburg im Breisgau)
1684589400,May 20 2023 - 1:30pm,complete,N/A,Hoffenheim,Union Berlin,Christian Dingert,33,1.25,1.44,1.35,1.35,4,2,6,3,2,1,"22,36,89,90'9","45'4,90'5",1,5,4,0,5,0,0,4,2,3,14,24,6,4,5,15,15,15,43,57,1.76,1.22,1.31,1.90,2.91,57,75,60,38,19,44,76,41,75,10.26,4.38,2.45,3.45,2.70,1.30,1.88,3.25,6.50,1.70,2.05,PreZero Arena (Sinsheim)
1684589400,May 20 2023 - 1:30pm,complete,N/A,Hertha BSC,Bochum,Felix Brych,33,1.25,0.50,1.24,0.53,1,1,2,0,0,0,"63","90'4",9,5,1,0,1,0,0,1,1,0,18,21,4,5,11,12,7,10,51,49,1.39,1.28,1.50,1.81,3.10,51,88,53,38,22,47,85,41,79,7.69,4.00,2.10,3.75,3.05,1.22,1.70,2.70,5.00,1.57,2.25,Olympiastadion Berlin (Berlin)
1684589400,May 20 2023 - 1:30pm,complete,61575,Schalke 04,Eintracht Frankfurt,Daniel Schlager,33,1.19,1.06,1.18,1.06,2,2,4,2,1,1,"1,85","21,59",8,3,3,0,4,0,3,0,3,1,18,9,6,3,8,4,11,16,49,51,1.59,1.45,1.71,0.88,3.38,66,91,69,44,16,44,81,47,88,10.56,4.31,2.85,3.75,2.20,1.20,1.65,2.60,4.50,1.53,2.38,VELTINS-Arena (Gelsenkirchen)
1684589400,May 20 2023 - 1:30pm,complete,N/A,Werder Bremen,Köln,Robert Hartmann,33,1.00,1.13,1.00,1.12,1,1,2,1,0,1,"73","36",4,9,4,0,2,0,2,2,1,1,18,15,7,5,7,9,10,9,44,56,1.48,1.27,1.59,1.60,3.28,66,88,66,35,22,44,69,63,91,7.75,4.38,2.45,3.85,2.50,1.19,1.62,2.33,4.50,1.50,2.50,wohninvest WESERSTADION (Bremen)
1684600200,May 20 2023 - 4:30pm,complete,N/A,Bayern München,RB Leipzig,Deniz Aytekin,33,2.38,1.38,2.24,1.47,1,3,4,1,1,0,"25","64,76,86",7,2,1,0,1,0,0,1,0,1,26,19,6,8,13,8,8,11,60,40,2.60,1.82,2.10,1.84,3.47,53,88,60,38,26,47,88,47,85,13.56,3.62,1.50,4.60,5.00,1.12,1.44,2.00,3.20,1.50,2.50,Allianz Arena (München)
1684675800,May 21 2023 - 1:30pm,complete,N/A,Mainz 05,Stuttgart,Sven Jablonski,33,1.50,0.56,1.41,0.71,1,4,5,2,1,1,"23","41,64,78,90'1",6,3,3,0,1,0,0,3,0,1,14,9,7,8,4,1,18,11,47,53,1.68,1.51,1.45,1.31,3.22,69,91,69,44,19,38,81,53,85,8.63,3.87,2.70,3.60,2.50,1.23,1.70,2.77,5.10,1.57,2.25,MEWA ARENA (Mainz)
1684683000,May 21 2023 - 3:30pm,complete,N/A,Augsburg,Borussia Dortmund,Tobias Welz,33,1.38,1.50,1.29,1.59,0,3,3,0,0,0,"","58,84,90'3",4,8,3,1,3,0,2,2,0,3,9,39,3,12,4,18,12,9,35,65,1.34,1.87,0.82,3.22,2.78,53,76,47,29,16,38,69,32,88,11.38,4.69,6.09,5.28,1.40,1.11,1.50,1.93,3.00,1.57,2.25,WWK Arena (Augsburg)
1684690200,May 21 2023 - 5:30pm,complete,30210,Bayer Leverkusen,Borussia M'gladbach,Daniel Siebert,33,1.63,0.56,1.59,0.59,2,2,4,2,2,0,"15,20","58,90",2,3,3,1,3,0,1,3,1,2,14,14,6,8,8,5,12,15,47,53,1.75,1.20,1.77,1.59,3.32,63,91,69,44,25,44,82,60,91,8.76,4.00,1.47,4.87,5.48,1.14,1.66,2.00,3.50,1.57,2.25,BayArena (Leverkusen)
1685194200,May 27 2023 - 1:30pm,complete,N/A,Borussia Dortmund,Mainz 05,Marco Fritz,34,2.69,1.31,2.59,1.29,2,2,4,2,0,2,"69,90'6","15,24",6,3,1,0,1,0,1,0,0,1,34,13,11,5,19,6,6,14,73,27,1.95,1.35,3.51,1.36,3.66,60,85,72,41,35,57,91,47,81,11.13,4.57,1.26,6.20,7.00,1.06,1.38,1.64,2.20,1.61,2.20,SIGNAL IDUNA PARK (Dortmund)
1685194200,May 27 2023 - 1:30pm,complete,N/A,RB Leipzig,Schalke 04,Harm Osmers,34,2.38,0.69,2.41,0.65,4,2,6,3,2,1,"10,19,82,90'4","28,49",4,5,2,0,2,0,1,1,1,1,20,22,12,5,7,11,14,11,51,49,1.64,1.36,2.31,1.77,2.85,47,85,63,31,13,32,69,56,85,9.25,3.94,1.29,5.40,7.00,1.10,1.40,1.93,3.00,1.41,2.70,Red Bull Arena (Leipzig)
1685194200,May 27 2023 - 1:30pm,complete,N/A,Union Berlin,Werder Bremen,Patrick Ittrich,34,2.25,1.19,2.29,1.12,1,0,1,0,0,0,"81","",15,1,1,0,3,0,1,0,0,3,20,10,6,4,10,4,9,10,46,54,1.47,1.30,2.08,0.97,3.13,66,91,60,35,16,35,60,63,82,8.38,4.01,1.54,3.60,5.80,1.22,1.93,2.85,5.00,1.98,1.73,Stadion An der Alten Försterei (Berlin)
1685194200,May 27 2023 - 1:30pm,complete,50000,Köln,Bayern München,Sven Jablonski,34,1.44,1.88,1.35,1.94,1,2,3,1,0,1,"81","8,89",7,3,3,0,0,0,1,2,0,0,12,15,3,5,8,7,11,8,47,53,1.82,1.92,1.30,1.34,3.19,60,79,54,38,28,32,72,50,75,12.26,3.81,6.00,5.40,1.33,1.06,1.30,2.09,2.50,1.47,2.45,RheinEnergieStadion (Köln)
1685194200,May 27 2023 - 1:30pm,complete,52186,Borussia M'gladbach,Augsburg,Matthias Jöllenbeck,34,1.88,0.75,1.94,0.71,2,0,2,2,2,0,"3,40","",4,4,0,0,1,1,0,0,1,1,23,14,8,3,12,7,5,20,74,26,1.69,1.26,2.28,1.05,3.50,66,79,66,57,32,60,79,38,85,10.63,5.00,2.00,3.50,3.20,1.17,1.60,2.28,4.00,1.44,2.55,Stadion im BORUSSIA-PARK (Mönchengladbach)
1685194200,May 27 2023 - 1:30pm,complete,N/A,Eintracht Frankfurt,Freiburg,Deniz Aytekin,34,1.81,1.56,1.88,1.47,2,1,3,1,0,1,"83,90'1","44",3,6,4,0,2,0,1,3,1,1,20,18,7,8,10,7,13,12,61,39,1.67,1.33,1.92,1.74,3.16,50,85,53,38,25,41,69,54,85,10.38,3.81,2.31,3.35,2.71,1.19,1.80,2.38,4.50,1.53,2.30,Deutsche Bank Park (Frankfurt am Main)
1685194200,May 27 2023 - 1:30pm,complete,N/A,Wolfsburg,Hertha BSC,Benjamin Cortus,34,1.56,0.31,1.47,0.47,1,2,3,1,1,0,"2","55,68",7,3,1,0,5,0,0,1,2,3,32,11,12,6,15,3,9,18,63,37,1.67,1.28,3.09,1.12,3.53,63,88,69,53,28,60,78,63,85,8.63,4.31,1.45,4.10,6.00,1.13,1.68,2.28,3.60,1.66,2.05,VOLKSWAGEN ARENA (Wolfsburg)
1685194200,May 27 2023 - 1:30pm,complete,N/A,Bochum,Bayer Leverkusen,Tobias Welz,34,1.44,1.44,1.53,1.35,3,0,3,2,2,0,"19,34,86","",2,5,5,0,5,1,2,3,1,5,15,18,6,3,7,10,12,12,51,49,1.60,1.36,1.65,1.31,3.19,57,85,60,38,25,38,72,53,85,8.57,4.50,3.40,3.65,1.88,1.15,1.58,2.30,3.75,1.46,2.50,Vonovia Ruhrstadion (Bochum)
1685194200,May 27 2023 - 1:30pm,complete,N/A,Stuttgart,Hoffenheim,Robert Schröder,34,1.25,0.75,1.24,0.76,1,1,2,0,0,0,"80","75",9,2,0,0,0,0,0,0,0,0,32,10,5,3,18,6,12,11,57,43,1.62,1.14,2.21,0.94,2.79,66,78,53,22,13,44,82,47,72,8.75,5.06,2.02,3.50,3.10,1.15,1.66,2.28,3.75,1.58,2.20,Mercedes-Benz-Arena (Stuttgart)
