timestamp,date_GMT,status,attendance,home_team_name,away_team_name,referee,Game Week,Pre-Match PPG (Home),Pre-Match PPG (Away),home_ppg,away_ppg,home_team_goal_count,away_team_goal_count,total_goal_count,total_goals_at_half_time,home_team_goal_count_half_time,away_team_goal_count_half_time,home_team_goal_timings,away_team_goal_timings,home_team_corner_count,away_team_corner_count,home_team_yellow_cards,home_team_red_cards,away_team_yellow_cards,away_team_red_cards,home_team_first_half_cards,home_team_second_half_cards,away_team_first_half_cards,away_team_second_half_cards,home_team_shots,away_team_shots,home_team_shots_on_target,away_team_shots_on_target,home_team_shots_off_target,away_team_shots_off_target,home_team_fouls,away_team_fouls,home_team_possession,away_team_possession,Home Team Pre-Match xG,Away Team Pre-Match xG,team_a_xg,team_b_xg,average_goals_per_match_pre_match,btts_percentage_pre_match,over_15_percentage_pre_match,over_25_percentage_pre_match,over_35_percentage_pre_match,over_45_percentage_pre_match,over_15_HT_FHG_percentage_pre_match,over_05_HT_FHG_percentage_pre_match,over_15_2HG_percentage_pre_match,over_05_2HG_percentage_pre_match,average_corners_per_match_pre_match,average_cards_per_match_pre_match,odds_ft_home_team_win,odds_ft_draw,odds_ft_away_team_win,odds_ft_over15,odds_ft_over25,odds_ft_over35,odds_ft_over45,odds_btts_yes,odds_btts_no,stadium_name
1723741200,Aug 15 2024 - 5:00pm,complete,47845,Athletic Club Bilbao,Getafe CF,Alejandro Muñíz Ruiz,1,0.00,0.00,2.12,1.25,1,1,2,1,1,0,"27","64",5,6,4,0,1,0,0,4,1,0,8,10,5,3,1,5,15,12,69,31,0.00,0.00,0.96,0.87,0.00,0,0,0,0,0,0,0,0,0,0.00,0.00,1.41,4.06,6.85,1.35,1.94,3.75,7.50,2.25,1.57,San Mamés Barria (Bilbao)
1723750200,Aug 15 2024 - 7:30pm,complete,54084,Real Betis,Girona FC,Miguel Ángel Ortiz Arias,1,0.00,0.00,1.88,0.82,1,1,2,1,1,0,"6","72",4,4,2,0,0,0,0,2,0,0,20,14,5,3,10,6,11,7,39,61,0.00,0.00,1.59,1.26,0.00,0,0,0,0,0,0,0,0,0,0.00,0.00,2.73,3.12,2.42,1.30,1.83,3.30,6.50,1.70,2.05,Estadio Benito Villamarín (Sevilla)
1723827600,Aug 16 2024 - 5:00pm,complete,22477,Celta de Vigo,Deportivo Alavés,Alejandro Quintero González,1,0.00,0.00,1.94,0.88,2,1,3,1,0,1,"66,84","17",3,3,2,0,2,0,1,1,1,1,7,11,5,3,2,5,8,23,64,36,0.00,0.00,1.07,0.99,0.00,0,0,0,0,0,0,0,0,0,0.00,0.00,1.92,3.44,4.12,1.40,2.07,4.00,8.00,1.95,1.80,Estadio Abanca-Balaídos (Vigo)
1723836600,Aug 16 2024 - 7:30pm,complete,24843,UD Las Palmas,Sevilla FC,Francisco José Hernández Maeso,1,0.00,0.00,1.06,1.00,2,2,4,2,1,1,"42,71","25,61",6,3,2,0,2,0,0,2,1,1,16,19,6,6,6,10,14,15,48,52,0.00,0.00,1.44,1.71,0.00,0,0,0,0,0,0,0,0,0,0.00,0.00,2.85,3.14,2.61,1.40,2.10,4.00,8.00,1.91,1.91,Estadio de Gran Canaria (Las Palmas de Gran Canaria)
1723914000,Aug 17 2024 - 5:00pm,complete,19561,CA Osasuna,Leganés,Juan Luis Pulido Santana,1,0.00,0.00,1.76,0.69,1,1,2,1,0,1,"79","22",6,4,3,0,2,0,0,3,1,1,18,11,7,5,6,2,14,12,61,39,0.00,0.00,1.83,0.94,0.00,0,0,0,0,0,0,0,0,0,0.00,0.00,1.65,3.90,5.25,1.41,2.00,4.15,8.40,2.05,1.70,Estadio El Sadar (Pamplona (Iruñea))
1723923000,Aug 17 2024 - 7:30pm,complete,46673,Valencia CF,FC Barcelona,José María Sánchez Martínez,1,0.00,0.00,1.65,2.25,1,2,3,2,1,1,"44","45'6,49",3,8,2,0,3,0,2,0,1,2,8,19,3,7,3,6,11,13,36,64,0.00,0.00,0.87,1.62,0.00,0,0,0,0,0,0,0,0,0,0.00,0.00,4.20,3.70,1.67,1.23,1.78,2.88,5.25,1.75,2.00,Estadio de Mestalla (Valencia)
1724000400,Aug 18 2024 - 5:00pm,complete,31763,Real Sociedad,Rayo Vallecano,Alejandro José Hernández Hernández,1,0.00,0.00,1.44,1.18,1,2,3,0,0,0,"90'8","67,84",10,5,2,0,4,0,1,1,1,3,12,13,5,6,5,4,14,21,66,34,0.00,0.00,1.36,1.32,0.00,0,0,0,0,0,0,0,0,0,0.00,0.00,1.51,3.56,6.45,1.42,2.36,4.30,8.30,2.25,1.57,Reale Arena (Donostia-San Sebastián)
1724009400,Aug 18 2024 - 7:30pm,complete,23010,RCD Mallorca,Real Madrid,César Soto Grado,1,0.00,0.00,1.41,1.88,1,1,2,1,0,1,"53","13",8,7,1,0,0,1,1,0,0,1,13,14,6,6,6,5,11,6,34,66,0.00,0.00,1.51,1.59,0.00,0,0,0,0,0,0,0,0,0,0.00,0.00,4.54,3.38,1.71,1.27,2.07,3.15,5.85,2.00,1.75,Estadi Mallorca Son Moix (Palma de Mallorca)
1724086800,Aug 19 2024 - 5:00pm,complete,22027,Real Valladolid,RCD Espanyol,Pablo González Fuertes,1,0.00,0.00,0.81,0.71,1,0,1,1,1,0,"23","",3,2,2,0,2,0,0,2,0,2,13,11,2,3,6,5,15,8,45,55,0.00,0.00,0.95,0.95,0.00,0,0,0,0,0,0,0,0,0,0.00,0.00,2.40,3.15,3.15,1.41,2.25,4.15,8.00,1.95,1.80,Estadio Municipal José Zorrilla (Valladolid)
1724095800,Aug 19 2024 - 7:30pm,complete,21566,Villarreal,Atlético Madrid,Guillermo Cuadra Fernández,1,0.00,0.00,1.56,1.63,2,2,4,4,2,2,"18,37","20,45'5",2,3,1,0,3,0,1,0,2,1,10,10,4,5,4,4,7,12,45,55,0.00,0.00,1.08,1.26,0.00,0,0,0,0,0,0,0,0,0,0.00,0.00,2.95,3.45,2.36,1.25,1.65,2.92,5.70,1.62,2.20,Estadio de la Cerámica (Villarreal)
1724432400,Aug 23 2024 - 5:00pm,complete,23519,Celta de Vigo,Valencia CF,José Luis Munuera Montero,2,3.00,0.00,1.94,0.69,3,1,4,3,2,1,"23,28,60","14",4,7,3,0,0,0,1,2,0,0,8,15,6,6,2,6,9,11,49,51,1.07,0.00,1.16,1.56,1.50,50,50,50,0,0,0,50,50,50,3.00,2.00,2.15,3.20,3.32,1.39,2.15,4.00,8.00,1.95,1.80,Estadio Abanca-Balaídos (Vigo)
1724441400,Aug 23 2024 - 7:30pm,complete,N/A,Sevilla FC,Villarreal,Isidro Díaz de Mera Escuderos,2,0.00,0.00,1.25,1.76,1,2,3,2,1,1,"45'7","2,90'5",7,2,3,0,5,0,1,2,1,4,17,9,8,7,7,2,16,8,60,40,0.00,0.00,1.90,1.27,0.00,0,0,0,0,0,0,0,0,0,0.00,0.00,2.33,3.25,2.91,1.28,1.92,3.10,6.00,1.70,2.05,Estadio Ramón Sánchez Pizjuán (Sevilla)
1724511600,Aug 24 2024 - 3:00pm,complete,N/A,CA Osasuna,RCD Mallorca,Adrián Cordero Vega,2,1.00,0.00,1.76,1.25,1,0,1,0,0,0,"55","",5,4,2,0,1,0,0,2,0,1,16,11,6,2,7,4,10,8,45,55,1.83,0.00,1.72,0.90,1.00,50,50,0,0,0,0,50,0,50,6.00,3.00,2.40,3.10,3.30,1.49,2.70,5.50,13.00,2.20,1.62,Estadio El Sadar (Pamplona (Iruñea))
1724518800,Aug 24 2024 - 5:00pm,complete,46448,FC Barcelona,Athletic Club Bilbao,Jesús Gil Manzano,2,0.00,0.00,2.35,1.50,2,1,3,2,1,1,"24,75","42",5,6,4,0,5,0,1,3,1,4,15,10,6,3,5,4,11,16,65,35,0.00,0.00,1.51,0.89,0.00,0,0,0,0,0,0,0,0,0,0.00,0.00,1.61,3.98,4.73,1.24,1.73,2.80,5.00,1.75,2.00,Estadi Olímpic Lluís Companys (Barcelona)
1724527800,Aug 24 2024 - 7:30pm,complete,9529,Getafe CF,Rayo Vallecano,Javier Alberola Rojas,2,0.00,3.00,1.12,1.18,0,0,0,0,0,0,"","",3,2,1,0,2,0,1,0,0,2,14,4,2,0,8,3,16,18,48,52,0.00,1.32,1.12,0.46,1.50,50,50,50,0,0,0,0,50,50,5.00,4.00,2.35,2.92,3.25,1.47,2.51,5.50,11.00,2.10,1.67,Estadio Coliseum (Getafe)
1724527800,Aug 24 2024 - 7:30pm,complete,N/A,RCD Espanyol,Real Sociedad,Mario Melero López,2,0.00,0.00,1.69,1.12,0,1,1,0,0,0,"","80",7,4,2,0,2,0,0,2,0,2,14,9,5,4,5,3,14,18,34,66,0.00,0.00,1.22,1.04,0.00,0,0,0,0,0,0,0,0,0,0.00,0.00,3.65,2.98,2.13,1.49,2.51,5.50,11.00,2.20,1.62,Stage Front Stadium (Cornella de Llobregat)
1724598000,Aug 25 2024 - 3:00pm,complete,70178,Real Madrid,Real Valladolid,Víctor García Verdura,2,0.00,0.00,2.50,0.18,3,0,3,0,0,0,"50,88,90'6","",5,5,1,0,1,0,0,1,1,0,18,9,10,0,3,6,10,15,64,36,0.00,0.00,2.11,0.69,0.00,0,0,0,0,0,0,0,0,0,0.00,0.00,1.19,7.50,13.50,1.08,1.36,2.01,2.94,2.00,1.75,Estadio Santiago Bernabéu (Madrid)
1724605200,Aug 25 2024 - 5:00pm,complete,N/A,Leganés,UD Las Palmas,Ricardo De Burgos Bengoetxea,2,0.00,0.00,1.12,0.88,2,1,3,0,0,0,"71,85","90'3",3,7,1,0,1,0,1,0,1,0,12,11,6,6,4,3,11,10,40,60,0.00,0.00,1.29,1.28,0.00,0,0,0,0,0,0,0,0,0,0.00,0.00,2.25,3.00,3.50,1.55,2.70,5.00,9.90,2.20,1.62,Estadio Municipal de Butarque (Leganés)
1724606100,Aug 25 2024 - 5:15pm,complete,N/A,Deportivo Alavés,Real Betis,Mateo Busquets Ferrer,2,0.00,0.00,1.19,1.38,0,0,0,0,0,0,"","",3,8,1,1,4,0,1,1,1,3,6,16,2,4,1,9,17,16,37,63,0.00,0.00,0.71,1.40,0.00,0,0,0,0,0,0,0,0,0,0.00,0.00,2.50,3.20,2.90,1.45,2.30,4.50,9.50,1.95,1.80,Estadio de Mendizorroza (Vitoria-Gasteiz)
1724614200,Aug 25 2024 - 7:30pm,complete,N/A,Atlético Madrid,Girona FC,Juan Martínez Munuera,2,0.00,1.00,2.35,0.82,3,0,3,1,1,0,"39,48,90'4","",1,9,1,0,3,0,1,0,2,1,12,14,7,5,2,3,11,11,42,58,0.00,1.26,1.31,1.30,1.00,50,50,0,0,0,0,50,0,50,4.00,0.00,1.62,4.10,5.00,1.19,1.65,2.55,4.50,1.67,2.10,Estádio Cívitas Metropolitano (Madrid)
1724700600,Aug 26 2024 - 7:30pm,complete,19651,Villarreal,Celta de Vigo,Miguel Ángel Ortiz Arias,3,1.00,0.00,1.56,0.81,4,3,7,3,1,2,"26,60,64,90'10","12,31,80",7,4,4,0,3,0,0,4,0,3,25,22,10,10,11,6,8,7,45,55,1.08,0.00,2.34,2.09,2.00,50,50,50,50,0,50,50,0,0,2.00,1.00,1.85,3.80,3.80,1.27,1.65,3.10,5.75,1.75,1.93,Estadio de la Cerámica (Villarreal)
1724778000,Aug 27 2024 - 5:00pm,complete,20470,RCD Mallorca,Sevilla FC,Alejandro Muñíz Ruiz,3,1.00,1.00,1.41,1.00,0,0,0,0,0,0,"","",5,9,0,0,1,1,0,0,0,2,14,17,5,8,7,6,15,10,45,55,1.51,1.71,1.45,1.76,3.00,100,100,50,50,0,50,100,50,100,11.00,3.00,2.20,3.20,3.50,1.50,2.45,5.00,10.00,2.10,1.72,Estadi Mallorca Son Moix (Palma de Mallorca)
1724787000,Aug 27 2024 - 7:30pm,complete,N/A,Rayo Vallecano,FC Barcelona,César Soto Grado,3,0.00,3.00,1.31,2.25,1,2,3,1,1,0,"9","60,82",6,6,3,0,1,0,1,2,0,1,9,24,5,6,3,6,17,11,35,65,0.00,1.62,1.14,1.63,1.50,50,50,50,0,0,50,50,0,50,8.00,3.00,4.60,3.90,1.73,1.22,1.70,2.80,5.00,1.68,2.15,Estadio de Vallecas (Madrid)
1724864400,Aug 28 2024 - 5:00pm,complete,N/A,Athletic Club Bilbao,Valencia CF,Pablo González Fuertes,3,1.00,0.00,2.12,0.69,1,0,1,1,1,0,"45","",5,3,1,0,3,0,0,1,2,1,14,3,5,0,4,2,14,9,51,49,0.96,1.56,1.26,0.34,3.00,100,100,50,50,0,50,100,0,100,12.00,4.00,1.54,3.90,6.65,1.35,2.05,3.80,7.50,2.10,1.65,San Mamés Barria (Bilbao)
1724864400,Aug 28 2024 - 5:00pm,complete,N/A,Real Valladolid,Leganés,Alejandro Quintero González,3,3.00,1.00,0.81,0.69,0,0,0,0,0,0,"","",4,4,1,0,5,0,0,1,1,4,14,9,3,2,9,4,13,19,59,41,0.95,0.94,1.41,0.74,1.50,50,50,0,0,0,0,100,0,50,7.00,4.00,2.23,2.96,3.74,1.53,2.48,5.25,10.00,2.10,1.65,Estadio Municipal José Zorrilla (Valladolid)
1724873400,Aug 28 2024 - 7:30pm,complete,N/A,Real Sociedad,Deportivo Alavés,José María Sánchez Martínez,3,0.00,0.00,1.44,0.88,1,2,3,2,1,1,"33","45'6,77",8,6,4,1,4,0,3,2,0,4,11,15,2,6,6,8,16,13,53,47,1.36,0.99,0.93,1.64,3.00,100,100,100,0,0,0,50,100,100,13.00,4.00,1.67,3.60,5.65,1.45,2.47,4.75,9.50,2.25,1.57,Reale Arena (Donostia-San Sebastián)
1724873400,Aug 28 2024 - 7:30pm,complete,56669,Atlético Madrid,RCD Espanyol,Ricardo De Burgos Bengoetxea,3,3.00,0.00,2.35,0.71,0,0,0,0,0,0,"","",9,3,0,0,2,0,0,0,0,2,26,9,8,2,10,7,6,9,62,38,1.31,0.95,2.16,0.89,2.00,0,50,50,0,0,0,100,50,50,3.00,3.00,1.45,4.42,7.30,1.28,1.98,3.25,6.25,2.20,1.60,Estádio Cívitas Metropolitano (Madrid)
1724950800,Aug 29 2024 - 5:00pm,complete,13275,Girona FC,CA Osasuna,Francisco José Hernández Maeso,3,0.00,0.00,1.31,0.88,4,0,4,1,1,0,"34,53,56,90","",5,0,0,0,0,0,0,0,0,0,11,2,6,0,3,2,10,9,60,40,0.00,0.00,1.41,0.26,0.00,0,0,0,0,0,0,0,0,0,0.00,0.00,1.51,4.78,6.93,1.22,1.70,2.80,5.00,1.80,1.95,Estadi Municipal de Montilivi (Girona)
1724959800,Aug 29 2024 - 7:30pm,complete,31192,UD Las Palmas,Real Madrid,Mateo Busquets Ferrer,3,1.00,1.00,1.06,1.88,1,1,2,1,1,0,"5","69",2,6,0,0,3,0,0,0,1,2,9,26,4,9,4,10,16,13,44,56,1.44,1.59,1.00,2.38,3.00,100,100,50,50,0,50,100,50,100,13.00,4.00,7.50,5.08,1.46,1.18,1.55,2.41,4.33,1.75,2.00,Estadio de Gran Canaria (Las Palmas de Gran Canaria)
1725116400,Aug 31 2024 - 3:00pm,complete,N/A,FC Barcelona,Real Valladolid,Isidro Díaz de Mera Escuderos,4,3.00,0.00,2.35,0.18,7,0,7,3,3,0,"20,24,45'2,64,72,82,85","",10,1,0,0,3,0,0,0,1,2,24,5,12,2,7,2,6,12,71,29,1.51,0.69,2.43,0.74,3.00,50,100,100,0,0,50,50,50,100,10.00,5.00,1.22,6.50,14.00,1.11,1.42,2.13,3.80,1.87,1.87,Estadi Olímpic Lluís Companys (Barcelona)
1725123600,Aug 31 2024 - 5:00pm,complete,N/A,Athletic Club Bilbao,Atlético Madrid,Alejandro José Hernández Hernández,4,2.00,1.00,2.12,1.63,0,1,1,0,0,0,"","90'2",2,2,3,0,1,0,3,0,0,1,10,10,2,3,5,4,13,9,53,47,1.11,1.26,1.09,0.93,2.75,75,75,50,50,0,50,100,0,25,8.00,5.50,2.90,3.30,2.50,1.29,2.07,3.60,7.50,1.80,1.95,San Mamés Barria (Bilbao)
1725124500,Aug 31 2024 - 5:15pm,complete,N/A,RCD Espanyol,Rayo Vallecano,Adrián Cordero Vega,4,0.00,2.00,1.69,1.18,2,1,3,2,1,1,"8,90'6","4",3,7,3,0,2,0,0,3,0,2,12,18,4,6,5,7,14,16,47,53,1.22,0.89,1.13,1.62,1.25,25,25,25,0,0,0,0,25,75,10.50,5.00,2.62,3.00,2.70,1.57,2.55,4.85,9.40,2.09,1.71,Stage Front Stadium (Cornella de Llobregat)
1725132600,Aug 31 2024 - 7:30pm,complete,43857,Valencia CF,Villarreal,Jesús Gil Manzano,4,0.00,3.00,1.65,1.76,1,1,2,2,1,1,"24","45'4",14,3,3,0,4,1,1,2,1,4,23,10,6,3,9,4,15,11,58,42,0.87,1.27,1.90,0.82,3.00,100,100,100,0,0,100,100,0,100,5.00,7.00,2.70,3.40,2.70,1.24,1.75,2.89,5.20,1.60,2.20,Estadio de Mestalla (Valencia)
1725132600,Aug 31 2024 - 7:30pm,complete,N/A,Leganés,RCD Mallorca,Mario Melero López,4,3.00,0.00,1.12,1.25,0,1,1,1,0,1,"","43",1,3,1,0,3,0,0,1,0,3,10,13,3,4,6,5,11,17,54,46,1.29,0.90,1.06,1.20,2.00,50,50,50,0,0,0,0,50,100,7.00,2.00,2.60,2.88,3.30,1.54,2.78,5.50,10.00,2.15,1.62,Estadio Municipal de Butarque (Leganés)
1725202800,Sep 01 2024 - 3:00pm,complete,16386,Deportivo Alavés,UD Las Palmas,Víctor García Verdura,4,1.00,0.00,1.19,0.88,2,0,2,1,1,0,"8,78","",6,5,3,0,0,0,2,1,0,0,16,13,6,7,6,5,13,9,29,71,0.71,1.28,1.43,1.46,1.50,50,50,50,0,0,0,0,50,50,10.00,4.00,1.85,3.50,4.50,1.44,2.30,4.33,8.50,2.05,1.70,Estadio de Mendizorroza (Vitoria-Gasteiz)
1725202800,Sep 01 2024 - 3:00pm,complete,N/A,CA Osasuna,Celta de Vigo,Juan Martínez Munuera,4,2.00,0.00,1.76,0.81,3,2,5,3,2,1,"21,45,62","29,90'1",6,3,2,0,0,1,0,2,0,1,11,13,4,5,2,4,19,10,50,50,1.77,2.09,0.95,1.28,4.25,75,75,50,50,50,50,75,50,100,9.50,5.50,2.25,3.25,3.40,1.38,2.10,3.80,7.50,1.80,1.90,Estadio El Sadar (Pamplona (Iruñea))
1725210000,Sep 01 2024 - 5:00pm,complete,35735,Sevilla FC,Girona FC,José María Sánchez Martínez,4,0.00,0.50,1.25,0.82,0,2,2,1,0,1,"","41,73",7,5,3,0,2,0,0,3,0,2,18,13,6,5,6,5,6,14,49,51,1.90,1.28,1.49,1.22,2.75,75,100,75,0,0,50,100,25,100,13.50,4.50,2.40,3.60,2.80,1.18,1.65,2.50,4.35,1.53,2.35,Estadio Ramón Sánchez Pizjuán (Sevilla)
1725210900,Sep 01 2024 - 5:15pm,complete,10929,Getafe CF,Real Sociedad,José Luis Munuera Montero,4,1.00,3.00,1.12,1.12,0,0,0,0,0,0,"","",4,1,1,0,1,0,1,0,0,1,17,1,2,0,7,0,14,16,53,47,1.12,1.04,1.17,0.19,0.50,0,0,0,0,0,0,0,0,50,7.00,3.00,3.30,3.00,2.40,1.62,2.90,5.60,13.00,2.30,1.55,Estadio Coliseum (Getafe)
1725219000,Sep 01 2024 - 7:30pm,complete,73072,Real Madrid,Real Betis,Javier Alberola Rojas,4,3.00,1.00,2.50,1.38,2,0,2,0,0,0,"67,76","",7,3,2,0,0,0,0,2,0,0,22,12,8,3,6,3,9,17,60,40,2.11,1.40,1.92,1.10,1.50,0,50,50,0,0,0,0,50,50,13.00,5.00,1.33,5.50,9.00,1.13,1.53,2.47,3.74,1.87,1.87,Estadio Santiago Bernabéu (Madrid)
1726254000,Sep 13 2024 - 7:00pm,complete,48089,Real Betis,Leganés,Pablo González Fuertes,5,1.00,1.00,1.88,0.69,2,0,2,0,0,0,"74,86","",11,1,1,0,2,0,1,0,2,0,15,4,6,0,6,3,11,18,64,36,1.59,0.84,1.62,0.33,1.50,75,75,0,0,0,0,75,0,75,8.00,5.50,1.70,3.60,5.25,1.44,2.06,4.33,9.50,2.10,1.67,Estadio Benito Villamarín (Sevilla)
1726315200,Sep 14 2024 - 12:00pm,complete,N/A,RCD Mallorca,Villarreal,Ricardo De Burgos Bengoetxea,5,1.00,2.00,1.41,1.76,1,2,3,1,0,1,"57","27,90'4",7,6,3,1,3,0,2,2,1,2,10,22,5,5,3,9,11,10,54,46,1.48,1.04,1.25,1.66,1.75,75,75,25,0,0,50,75,0,50,9.00,5.50,2.45,3.35,2.90,1.36,1.86,3.75,7.50,1.80,1.95,Estadi Mallorca Son Moix (Palma de Mallorca)
1726323300,Sep 14 2024 - 2:15pm,complete,24236,RCD Espanyol,Deportivo Alavés,Juan Luis Pulido Santana,5,1.50,1.50,1.69,0.88,3,2,5,2,1,1,"22,56,63","35,68",0,5,2,0,3,0,0,2,1,2,10,20,5,7,4,7,17,14,38,62,1.17,1.31,1.04,1.89,2.50,75,75,75,0,0,50,75,25,100,9.50,5.50,2.70,3.10,2.80,2.55,2.45,4.80,9.40,2.10,1.67,Stage Front Stadium (Cornella de Llobregat)
1726331400,Sep 14 2024 - 4:30pm,complete,N/A,Sevilla FC,Getafe CF,Mateo Busquets Ferrer,5,0.00,1.00,1.25,1.25,1,0,1,1,1,0,"23","",3,4,2,1,4,0,0,3,1,3,11,16,5,5,4,6,19,15,61,39,1.70,0.87,1.28,1.28,2.25,75,100,25,0,0,25,100,0,100,13.00,4.00,2.30,3.05,3.55,1.50,2.15,5.00,11.00,2.10,1.67,Estadio Ramón Sánchez Pizjuán (Sevilla)
1726340400,Sep 14 2024 - 7:00pm,complete,N/A,Real Sociedad,Real Madrid,Juan Martínez Munuera,5,0.00,1.00,1.44,1.88,0,2,2,0,0,0,"","58,75",6,6,4,0,1,0,2,2,0,1,12,17,3,7,5,2,12,9,48,52,1.14,1.98,1.05,1.44,2.50,100,100,50,0,0,25,75,25,100,15.50,6.50,4.00,3.60,1.88,1.30,2.01,3.40,6.50,1.91,1.91,Reale Arena (Donostia-San Sebastián)
1726401600,Sep 15 2024 - 12:00pm,complete,21670,Celta de Vigo,Real Valladolid,Francisco José Hernández Maeso,5,3.00,0.00,1.94,0.18,3,1,4,2,2,0,"22,35,90'1","50",5,3,3,0,5,1,1,2,2,4,15,7,10,3,1,2,14,15,54,46,1.11,0.71,1.64,0.78,4.25,50,100,100,50,25,50,75,75,100,6.50,4.50,1.70,3.80,5.00,1.24,1.97,2.89,5.30,1.80,1.95,Estadio Abanca-Balaídos (Vigo)
1726409700,Sep 15 2024 - 2:15pm,complete,N/A,Girona FC,FC Barcelona,Alejandro Muñíz Ruiz,5,3.00,3.00,1.31,2.25,1,4,5,2,0,2,"80","30,37,47,64",1,6,3,0,2,1,1,2,0,3,11,21,6,10,3,9,13,4,45,55,1.41,1.63,1.23,2.29,3.50,50,100,100,50,0,25,100,75,100,12.00,2.00,3.50,3.80,1.95,1.12,1.62,2.30,3.74,1.50,2.50,Estadi Municipal de Montilivi (Girona)
1726417800,Sep 15 2024 - 4:30pm,complete,25908,UD Las Palmas,Athletic Club Bilbao,Miguel Ángel Ortiz Arias,5,1.00,0.00,1.06,1.50,2,3,5,2,0,2,"58,83","7,30,76",9,3,1,0,2,1,1,0,2,1,16,10,7,5,4,5,8,12,65,35,1.22,0.89,1.64,1.20,3.00,100,100,75,25,0,75,100,25,100,10.00,6.00,3.50,3.35,2.15,1.36,2.06,3.64,6.90,1.91,1.91,Estadio de Gran Canaria (Las Palmas de Gran Canaria)
1726426800,Sep 15 2024 - 7:00pm,complete,N/A,Atlético Madrid,Valencia CF,César Soto Grado,5,2.00,0.00,2.35,0.69,3,0,3,1,1,0,"39,54,90'4","",7,3,1,0,2,0,1,0,2,0,15,6,5,2,9,3,10,8,53,47,1.74,0.95,1.61,0.80,2.00,25,50,50,25,0,25,75,25,50,10.00,2.00,1.35,4.90,9.50,1.30,1.95,3.40,6.50,2.25,1.57,Estádio Cívitas Metropolitano (Madrid)
1726513200,Sep 16 2024 - 7:00pm,complete,13073,Rayo Vallecano,CA Osasuna,Alejandro Quintero González,5,0.00,0.00,1.31,0.88,3,1,4,1,0,1,"50,66,90'5","27",7,4,3,0,2,0,0,3,2,0,18,6,7,3,8,3,12,15,66,34,1.14,0.26,1.83,0.84,3.50,50,100,100,50,0,0,100,100,100,6.00,3.00,2.15,3.15,3.80,1.50,2.28,4.92,10.25,2.10,1.67,Estadio de Vallecas (Madrid)
1726592400,Sep 17 2024 - 5:00pm,complete,17132,RCD Mallorca,Real Sociedad,Adrián Cordero Vega,7,0.67,2.00,1.41,1.12,1,0,1,1,1,0,"36","",5,5,1,0,1,0,0,1,0,1,11,14,5,6,5,6,5,10,40,60,1.40,0.61,1.19,1.60,1.09,34,34,17,0,0,0,34,17,59,9.17,3.50,3.05,3.07,2.77,1.67,3.10,6.00,13.00,2.38,1.53,Estadi Mallorca Son Moix (Palma de Mallorca)
1726678800,Sep 18 2024 - 5:00pm,complete,48547,Real Betis,Getafe CF,Juan Luis Pulido Santana,3,2.00,0.50,1.88,1.25,2,1,3,0,0,0,"61,74","90'3",8,4,3,0,5,0,2,1,3,2,18,16,8,6,6,7,10,20,66,34,1.61,1.07,1.83,1.61,1.75,50,75,0,0,0,0,75,25,75,12.50,4.00,1.95,3.00,4.50,1.58,2.45,5.60,11.75,2.25,1.57,Estadio Benito Villamarín (Sevilla)
1726765200,Sep 19 2024 - 5:00pm,complete,8304,Leganés,Athletic Club Bilbao,Francisco José Hernández Maeso,7,1.50,1.50,1.12,1.50,0,2,2,0,0,0,"","65,76",4,7,3,0,0,0,1,2,0,0,15,11,4,5,10,4,12,11,48,52,1.17,1.05,1.42,1.27,3.00,75,75,75,25,25,50,75,50,75,6.50,5.50,4.33,3.40,1.90,1.47,2.38,4.75,10.00,2.10,1.67,Estadio Municipal de Butarque (Leganés)
1726858800,Sep 20 2024 - 7:00pm,complete,16538,Deportivo Alavés,Sevilla FC,Javier Alberola Rojas,6,2.00,1.00,1.19,1.00,2,1,3,1,1,0,"17,60","83",3,5,1,0,4,0,0,1,2,2,11,9,5,3,3,3,11,16,35,65,1.07,1.73,1.10,0.91,1.50,25,50,25,25,0,25,50,25,50,10.50,5.50,2.18,3.40,3.44,1.36,2.22,3.82,7.50,1.92,1.84,Estadio de Mendizorroza (Vitoria-Gasteiz)
1726920000,Sep 21 2024 - 12:00pm,complete,N/A,Real Valladolid,Real Sociedad,Guillermo Cuadra Fernández,6,2.00,1.33,0.81,1.12,0,0,0,0,0,0,"","",5,7,4,0,4,0,1,3,1,3,16,15,3,5,6,5,15,12,35,65,1.18,0.94,1.13,1.35,0.59,0,0,0,0,0,0,42,0,17,6.83,2.83,3.65,3.10,2.15,1.48,2.38,4.50,9.00,2.00,1.73,Estadio Municipal José Zorrilla (Valladolid)
1726928100,Sep 21 2024 - 2:15pm,complete,N/A,CA Osasuna,UD Las Palmas,Isidro Díaz de Mera Escuderos,6,2.33,0.00,1.76,0.88,2,1,3,2,1,1,"39,60","41",2,4,2,0,5,0,0,2,3,2,14,12,5,7,7,5,14,11,39,61,1.50,1.37,1.47,1.60,2.59,59,84,42,17,17,17,59,42,100,11.67,2.83,1.91,3.40,4.00,1.36,2.15,4.00,7.50,1.95,1.83,Estadio El Sadar (Pamplona (Iruñea))
1726936200,Sep 21 2024 - 4:30pm,complete,N/A,Valencia CF,Girona FC,Alejandro José Hernández Hernández,6,0.50,1.33,1.65,0.82,2,0,2,0,0,0,"56,58","",5,4,3,0,2,0,0,3,2,0,9,9,3,4,4,3,13,10,32,68,1.38,1.26,0.96,1.04,2.42,67,100,42,0,0,50,100,17,75,14.50,4.17,2.75,3.25,2.55,1.29,2.00,3.34,6.10,1.73,2.00,Estadio de Mestalla (Valencia)
1726945200,Sep 21 2024 - 7:00pm,complete,N/A,Real Madrid,RCD Espanyol,José Luis Munuera Montero,6,3.00,0.50,2.50,0.71,4,1,5,0,0,0,"58,75,78,90","54",9,4,4,0,3,0,1,3,1,2,33,11,16,2,9,4,7,5,73,27,2.01,0.92,3.28,0.70,1.50,0,50,25,0,0,0,25,50,50,8.50,3.50,1.17,7.00,14.50,1.07,1.37,2.06,3.12,2.09,1.71,Estadio Santiago Bernabéu (Madrid)
1727006400,Sep 22 2024 - 12:00pm,complete,N/A,Getafe CF,Leganés,Adrián Cordero Vega,6,1.00,0.67,1.12,0.69,1,1,2,0,0,0,"83","76",6,2,3,0,2,0,0,3,1,1,13,7,4,3,2,2,16,17,59,41,1.14,0.67,1.16,0.68,0.67,17,34,0,0,0,0,17,17,34,6.50,4.00,2.10,2.80,4.33,1.67,3.20,6.00,13.00,2.45,1.48,Estadio Coliseum (Getafe)
1727014500,Sep 22 2024 - 2:15pm,complete,N/A,Athletic Club Bilbao,Celta de Vigo,José María Sánchez Martínez,6,1.33,0.00,2.12,0.81,3,1,4,3,2,1,"4,39,80","25",3,6,3,0,2,0,2,1,0,2,11,12,6,5,3,3,16,11,32,68,1.11,1.68,1.29,1.19,3.67,67,67,50,50,50,50,84,50,84,7.50,5.17,1.67,3.75,5.00,1.24,1.75,2.82,5.20,1.75,2.00,San Mamés Barria (Bilbao)
1727022600,Sep 22 2024 - 4:30pm,complete,N/A,Villarreal,FC Barcelona,Mateo Busquets Ferrer,6,2.00,3.00,1.56,2.25,1,5,6,3,1,2,"38","20,35,58,75,83",7,3,6,0,1,0,1,5,0,1,14,18,5,11,7,4,11,12,36,64,1.71,1.85,1.37,2.14,4.59,100,100,100,67,42,84,100,59,75,11.17,5.17,4.20,4.00,1.75,1.12,1.40,2.00,3.30,1.40,2.75,Estadio de la Cerámica (Villarreal)
1727031600,Sep 22 2024 - 7:00pm,complete,13646,Rayo Vallecano,Atlético Madrid,Mario Melero López,6,1.50,2.00,1.31,1.63,1,1,2,1,1,0,"35","50",3,4,0,0,0,0,0,0,0,0,18,11,5,6,7,2,9,12,55,45,1.49,1.09,1.46,1.26,3.00,75,75,75,50,0,25,75,50,75,9.00,5.00,4.75,3.30,1.80,1.35,2.20,3.80,7.00,2.00,1.75,Estadio de Vallecas (Madrid)
1727118000,Sep 23 2024 - 7:00pm,complete,47017,Real Betis,RCD Mallorca,Víctor García Verdura,6,2.33,1.50,1.88,1.25,1,2,3,2,1,1,"7","8,90'3",6,3,3,0,3,0,3,0,0,3,17,8,7,7,5,1,12,14,62,38,1.68,1.05,1.69,1.21,1.67,34,50,17,0,0,0,42,34,75,11.17,4.00,1.85,3.20,4.50,1.46,2.50,4.60,9.40,2.20,1.62,Estadio Benito Villamarín (Sevilla)
1727197200,Sep 24 2024 - 5:00pm,complete,35292,Sevilla FC,Real Valladolid,Juan Luis Pulido Santana,7,1.00,0.00,1.25,0.18,2,1,3,1,1,0,"45,85","56",6,4,4,1,4,0,1,4,2,2,23,9,6,3,6,3,14,12,55,45,1.56,0.74,1.52,0.84,3.34,33,84,67,34,17,50,84,50,84,8.67,6.67,1.75,3.70,4.60,1.31,1.91,3.45,5.90,1.91,1.91,Estadio Ramón Sánchez Pizjuán (Sevilla)
1727197200,Sep 24 2024 - 5:00pm,complete,40425,Valencia CF,CA Osasuna,Miguel Ángel Ortiz Arias,7,1.33,0.00,1.65,0.88,0,0,0,0,0,0,"","",10,5,2,0,3,0,1,1,0,3,11,10,4,3,3,4,6,11,52,48,1.24,0.55,1.10,1.04,3.17,59,100,67,50,0,34,84,67,84,9.33,3.67,2.10,3.20,3.70,1.46,2.30,4.30,8.00,2.05,1.70,Estadio de Mestalla (Valencia)
1727204400,Sep 24 2024 - 7:00pm,complete,67480,Real Madrid,Deportivo Alavés,Alejandro Muñíz Ruiz,7,3.00,1.00,2.50,0.88,3,2,5,2,2,0,"1,40,48","85,86",4,4,4,0,0,0,2,2,0,0,11,13,5,4,3,5,7,10,69,31,2.43,1.51,1.26,1.12,3.50,67,100,84,33,33,34,50,84,100,11.67,5.33,1.22,6.50,12.00,1.12,1.55,2.30,3.82,2.10,1.67,Estadio Santiago Bernabéu (Madrid)
1727283600,Sep 25 2024 - 5:00pm,complete,12272,Girona FC,Rayo Vallecano,Juan Martínez Munuera,7,1.50,1.33,1.31,1.18,0,0,0,0,0,0,"","",4,3,3,0,4,0,1,2,1,3,12,3,2,0,7,3,8,16,71,29,1.32,1.14,1.21,0.41,3.25,59,84,84,50,25,42,67,67,84,7.67,4.17,1.80,3.70,4.20,1.32,1.85,3.50,6.50,1.80,1.95,Estadi Municipal de Montilivi (Girona)
1727290800,Sep 25 2024 - 7:00pm,complete,44407,FC Barcelona,Getafe CF,Pablo González Fuertes,7,3.00,0.33,2.35,1.25,1,0,1,1,1,0,"19","",7,5,1,0,1,0,0,1,0,1,16,8,5,2,6,3,4,15,78,22,1.97,1.25,1.50,0.66,3.50,59,84,67,25,25,50,84,42,84,12.17,5.33,1.28,5.75,10.00,1.20,1.61,2.70,4.75,2.10,1.67,Estadi Olímpic Lluís Companys (Barcelona)
1727370000,Sep 26 2024 - 5:00pm,complete,N/A,UD Las Palmas,Real Betis,José María Sánchez Martínez,7,0.67,0.50,1.06,1.38,1,1,2,2,1,1,"9","45'3",1,4,4,0,2,0,0,4,0,2,9,14,3,6,4,7,21,10,55,45,1.36,1.25,0.86,1.70,2.34,50,75,34,34,17,34,50,59,75,11.17,3.00,3.00,3.20,2.37,1.35,2.20,3.70,7.50,1.91,1.91,Estadio de Gran Canaria (Las Palmas de Gran Canaria)
1727370000,Sep 26 2024 - 5:00pm,complete,23147,RCD Espanyol,Villarreal,Alejandro Quintero González,7,2.00,2.33,1.69,1.76,1,2,3,2,1,1,"45'1","45'6,63",4,1,5,0,3,0,0,5,1,2,12,16,3,5,3,7,12,14,56,44,1.13,1.25,0.89,1.43,2.84,84,84,67,17,17,67,84,33,84,7.00,6.66,3.40,3.40,2.10,1.30,1.83,3.20,6.00,1.70,2.05,Stage Front Stadium (Cornella de Llobregat)
1727377200,Sep 26 2024 - 7:00pm,complete,21533,Celta de Vigo,Atlético Madrid,Víctor García Verdura,7,3.00,1.67,1.94,1.63,0,1,1,0,0,0,"","90",2,3,2,0,2,0,1,1,1,1,11,9,5,3,6,2,11,11,58,42,1.29,1.15,1.35,0.78,3.00,84,84,67,50,0,50,84,34,84,7.00,4.00,3.50,3.50,2.00,1.25,1.73,2.90,5.50,1.67,2.10,Estadio Abanca-Balaídos (Vigo)
1727463600,Sep 27 2024 - 7:00pm,complete,20338,Real Valladolid,RCD Mallorca,José Luis Munuera Montero,8,1.67,2.00,0.81,1.25,1,2,3,0,0,0,"90'4","59,83",7,4,3,0,2,0,1,2,1,1,14,19,2,7,8,8,16,11,50,50,1.16,1.10,1.10,1.80,1.00,17,17,17,0,0,17,50,0,34,7.33,4.66,2.80,2.94,2.75,1.57,2.75,5.25,11.00,2.20,1.62,Estadio Municipal José Zorrilla (Valladolid)
1727524800,Sep 28 2024 - 12:00pm,complete,N/A,Getafe CF,Deportivo Alavés,Isidro Díaz de Mera Escuderos,8,1.00,0.75,1.12,0.88,2,0,2,1,1,0,"42,58","",2,2,3,0,6,0,0,3,2,4,16,10,9,2,3,5,17,24,45,55,1.15,1.41,1.77,0.83,2.34,67,67,50,25,25,38,50,54,67,8.83,3.92,2.56,2.73,3.28,1.68,3.20,7.00,13.00,2.38,1.53,Estadio Coliseum (Getafe)
1727532900,Sep 28 2024 - 2:15pm,complete,N/A,Rayo Vallecano,Leganés,Alejandro Muñíz Ruiz,8,1.33,0.75,1.31,0.69,1,1,2,1,1,0,"8","55",5,5,2,0,1,0,0,2,1,0,16,14,7,4,4,6,12,7,53,47,1.48,0.67,1.51,1.20,2.25,75,88,34,17,0,0,63,59,88,8.08,4.75,1.91,3.00,4.75,1.61,3.00,5.50,11.00,2.38,1.53,Estadio de Vallecas (Madrid)
1727541000,Sep 28 2024 - 4:30pm,complete,N/A,Real Sociedad,Valencia CF,Javier Alberola Rojas,8,0.00,0.00,1.44,0.69,3,0,3,1,1,0,"8,80,90'2","",6,4,0,0,0,0,0,0,0,0,12,10,7,5,3,3,7,12,62,38,1.11,0.90,1.48,1.13,2.67,50,84,67,17,0,33,67,50,84,12.33,5.67,1.90,3.25,4.50,1.50,2.63,5.00,9.50,2.20,1.62,Reale Arena (Donostia-San Sebastián)
1727550000,Sep 28 2024 - 7:00pm,complete,N/A,CA Osasuna,FC Barcelona,Guillermo Cuadra Fernández,8,2.50,3.00,1.76,2.25,4,2,6,2,2,0,"18,28,72,85","53,89",5,8,2,0,2,0,0,2,0,2,13,13,6,7,6,4,13,3,25,75,1.49,1.92,1.50,1.68,3.50,88,88,75,38,38,63,88,50,100,10.50,4.50,7.00,4.33,1.48,1.17,1.53,2.32,3.98,1.67,2.10,Estadio El Sadar (Pamplona (Iruñea))
1727611200,Sep 29 2024 - 12:00pm,complete,21347,Celta de Vigo,Girona FC,Ricardo De Burgos Bengoetxea,8,2.25,1.00,1.94,0.82,1,1,2,1,0,1,"81","38",4,4,1,0,0,0,0,1,0,0,13,10,3,5,5,1,9,14,48,52,1.31,1.21,1.22,1.03,2.63,50,88,50,25,0,25,75,50,100,9.00,4.25,2.01,3.68,3.54,1.20,1.62,2.55,4.50,1.57,2.25,Estadio Abanca-Balaídos (Vigo)
1727619300,Sep 29 2024 - 2:15pm,complete,48288,Athletic Club Bilbao,Sevilla FC,César Soto Grado,8,1.75,0.67,2.12,1.00,1,1,2,1,1,0,"36","90'3",4,7,0,1,3,0,0,1,0,3,14,14,6,4,6,7,6,7,39,61,1.15,1.46,1.49,1.34,2.17,59,59,46,29,0,29,71,34,71,9.42,5.75,1.70,3.70,5.00,1.33,1.99,3.50,6.50,1.95,1.80,San Mamés Barria (Bilbao)
1727627400,Sep 29 2024 - 4:30pm,complete,N/A,Real Betis,RCD Espanyol,Alejandro José Hernández Hernández,8,1.75,0.33,1.88,0.71,1,0,1,0,0,0,"85","",8,4,2,0,4,0,0,2,1,3,21,9,12,2,3,3,14,20,53,47,1.68,0.85,2.21,0.71,2.25,54,67,42,17,17,13,42,42,67,10.25,4.58,1.70,3.30,5.50,1.38,2.10,4.00,8.00,2.00,1.75,Estadio Benito Villamarín (Sevilla)
1727636400,Sep 29 2024 - 7:00pm,complete,70112,Atlético Madrid,Real Madrid,Mateo Busquets Ferrer,8,2.33,1.67,2.35,1.88,1,1,2,0,0,0,"90'5","64",5,5,3,1,1,0,0,4,1,0,13,13,5,5,2,4,11,11,51,49,1.69,1.80,1.23,1.25,2.00,34,84,34,0,0,0,67,50,84,12.00,2.67,2.75,3.40,2.50,1.24,1.73,2.85,5.00,1.57,2.25,Estádio Cívitas Metropolitano (Madrid)
1727722800,Sep 30 2024 - 7:00pm,complete,18159,Villarreal,UD Las Palmas,Mario Melero López,8,1.33,0.00,1.56,0.88,3,1,4,1,1,0,"45,84,90'7","47",3,2,0,0,4,0,0,0,1,3,21,8,8,4,6,3,15,11,42,58,1.59,1.45,1.85,0.91,4.17,84,100,84,50,34,67,84,50,84,10.66,5.67,1.53,4.10,6.00,1.14,1.57,2.31,3.86,1.67,2.10,Estadio de la Cerámica (Villarreal)
1728068400,Oct 04 2024 - 7:00pm,complete,10958,Leganés,Valencia CF,Alejandro Quintero González,9,1.00,0.00,1.12,0.69,0,0,0,0,0,0,"","",1,2,2,0,2,0,1,1,1,1,9,7,0,2,5,4,15,14,59,41,1.25,0.96,0.64,0.74,2.38,29,71,54,13,0,13,67,59,71,6.92,2.92,2.88,2.88,2.80,1.60,3.20,6.25,11.00,2.25,1.57,Estadio Municipal de Butarque (Leganés)
1728129600,Oct 05 2024 - 12:00pm,complete,24434,RCD Espanyol,RCD Mallorca,Francisco José Hernández Maeso,9,1.50,2.25,1.69,1.25,2,1,3,1,1,0,"18,47","68",4,6,1,0,5,0,0,1,0,5,10,12,4,6,5,2,14,19,40,60,1.07,1.28,1.05,1.45,2.50,63,63,63,13,13,50,63,25,88,7.00,5.25,3.00,2.90,2.50,1.55,2.75,5.50,12.00,2.10,1.67,Stage Front Stadium (Cornella de Llobregat)
1728137700,Oct 05 2024 - 2:15pm,complete,10670,Getafe CF,CA Osasuna,José María Sánchez Martínez,9,1.50,0.33,1.12,0.88,1,1,2,1,1,0,"21","60",4,2,2,0,4,0,2,0,1,3,13,7,5,3,4,4,17,10,40,60,1.30,0.71,1.13,0.91,1.84,29,59,34,34,0,0,46,46,59,6.75,3.67,2.20,2.90,3.90,1.61,3.20,6.50,15.00,2.38,1.53,Estadio Coliseum (Getafe)
1728145800,Oct 05 2024 - 4:30pm,complete,21482,UD Las Palmas,Celta de Vigo,Adrián Cordero Vega,9,0.75,0.00,1.06,0.81,0,1,1,1,0,1,"","28",11,2,3,0,6,2,1,2,2,6,26,9,6,2,11,5,9,13,61,39,1.24,1.52,2.03,0.81,4.29,100,100,75,75,46,88,100,59,88,8.83,4.08,3.20,3.50,2.20,1.20,1.73,2.88,5.50,1.62,2.20,Estadio de Gran Canaria (Las Palmas de Gran Canaria)
1728145800,Oct 05 2024 - 4:30pm,complete,N/A,Real Valladolid,Rayo Vallecano,Pablo González Fuertes,9,1.25,1.25,0.81,1.18,1,2,3,0,0,0,"51","57,80",5,13,4,0,2,0,2,2,0,2,15,18,7,4,5,8,13,18,39,61,1.15,0.96,1.48,1.43,1.25,38,38,38,0,0,13,25,25,38,9.00,5.50,3.10,3.00,2.55,1.50,2.63,4.70,8.00,2.05,1.70,Estadio Municipal José Zorrilla (Valladolid)
1728154800,Oct 05 2024 - 7:00pm,complete,N/A,Real Madrid,Villarreal,Guillermo Cuadra Fernández,9,3.00,2.50,2.50,1.76,2,0,2,1,1,0,"14,73","",2,5,0,0,1,0,0,0,1,0,12,13,3,2,5,8,7,11,55,45,2.14,1.30,1.24,1.10,3.25,75,100,75,25,25,50,63,63,88,9.25,6.75,1.29,6.87,10.80,1.04,1.30,1.75,2.60,1.67,2.10,Estadio Santiago Bernabéu (Madrid)
1728216000,Oct 06 2024 - 12:00pm,complete,N/A,Girona FC,Athletic Club Bilbao,Juan Luis Pulido Santana,9,1.33,2.00,1.31,1.50,2,1,3,2,1,1,"39,90'9","41",6,1,4,0,2,1,1,3,1,2,15,14,7,5,5,6,12,13,65,35,1.28,1.12,1.67,1.25,3.17,50,84,67,50,33,50,67,67,84,8.66,5.00,2.30,3.30,3.20,1.27,2.00,3.22,5.90,1.75,2.00,Estadi Municipal de Montilivi (Girona)
1728224100,Oct 06 2024 - 2:15pm,complete,N/A,Deportivo Alavés,FC Barcelona,Miguel Ángel Ortiz Arias,N/A,2.33,2.40,1.19,2.25,0,3,3,3,0,3,"","7,22,32",11,3,2,0,2,0,1,1,0,2,12,15,3,10,5,0,13,8,28,72,1.08,1.87,0.99,1.62,3.14,67,84,67,30,30,40,84,57,84,10.20,4.53,5.70,4.53,1.62,1.14,1.60,2.55,4.80,1.70,2.05,N/A
1728232200,Oct 06 2024 - 4:30pm,complete,N/A,Sevilla FC,Real Betis,Juan Martínez Munuera,9,1.50,0.67,1.25,1.38,1,0,1,0,0,0,"50","",4,1,5,1,4,0,0,6,1,3,15,12,6,4,5,7,15,15,52,48,1.55,1.40,1.46,1.14,1.79,42,71,25,0,0,29,67,29,54,10.75,5.50,2.63,3.42,2.93,1.33,2.05,3.80,8.00,1.80,1.95,Estadio Ramón Sánchez Pizjuán (Sevilla)
1728241200,Oct 06 2024 - 7:00pm,complete,31983,Real Sociedad,Atlético Madrid,Isidro Díaz de Mera Escuderos,N/A,0.75,2.00,1.44,1.63,1,1,2,1,0,1,"84","1",5,1,0,0,2,0,0,0,0,2,17,5,8,2,9,3,10,9,67,33,1.21,1.06,2.27,0.61,2.38,50,75,50,13,0,25,50,38,88,10.50,4.50,3.44,3.31,2.37,1.47,2.37,4.75,9.50,2.05,1.70,N/A
1729278000,Oct 18 2024 - 7:00pm,complete,16904,Deportivo Alavés,Real Valladolid,Mario Melero López,10,1.75,0.00,1.19,0.18,2,3,5,2,1,1,"6,90'7","17,72,76",5,6,5,1,2,0,0,6,0,2,12,13,5,5,3,5,15,14,62,38,1.06,0.76,1.14,1.13,3.13,38,88,75,25,13,38,75,63,75,9.00,6.00,1.70,4.00,4.50,1.40,2.20,4.00,8.50,2.10,1.67,Estadio de Mendizorroza (Vitoria-Gasteiz)
1729339200,Oct 19 2024 - 12:00pm,complete,46713,Athletic Club Bilbao,RCD Espanyol,Mateo Busquets Ferrer,N/A,1.60,0.25,2.12,0.71,4,1,5,3,3,0,"6,28,30,55","90'2",5,5,2,0,3,0,1,1,0,3,11,6,7,3,4,2,15,22,57,43,1.22,0.81,1.46,0.86,1.88,43,43,23,23,13,10,53,13,65,7.05,5.35,1.50,4.00,7.00,1.33,1.91,3.60,7.00,2.00,1.75,N/A
1729347300,Oct 19 2024 - 2:15pm,complete,N/A,CA Osasuna,Real Betis,Alejandro Muñíz Ruiz,N/A,2.60,0.50,1.76,1.38,1,2,3,1,0,1,"59","7,73",10,2,2,0,1,1,0,2,0,2,20,12,7,8,7,3,12,8,55,45,1.49,1.33,1.66,1.45,2.33,53,65,30,20,20,43,53,33,75,8.80,4.70,2.63,3.40,2.55,1.38,2.10,4.00,8.00,1.91,1.91,N/A
1729355400,Oct 19 2024 - 4:30pm,complete,N/A,Girona FC,Real Sociedad,César Soto Grado,10,1.75,1.25,1.31,1.12,0,1,1,1,0,1,"","44",6,6,2,0,1,0,1,1,0,1,9,15,4,5,4,6,10,12,47,53,1.38,1.04,1.10,1.25,1.75,25,38,38,25,13,25,50,25,50,8.25,4.50,2.40,3.40,2.88,1.35,2.20,3.78,7.10,1.95,1.80,Estadi Municipal de Montilivi (Girona)
1729364400,Oct 19 2024 - 7:00pm,complete,24445,Celta de Vigo,Real Madrid,Alejandro José Hernández Hernández,N/A,2.00,1.50,1.94,1.88,1,2,3,1,0,1,"51","20,66",6,2,2,0,1,0,0,2,0,1,15,11,7,4,4,5,16,13,47,53,1.29,1.66,1.54,1.16,2.40,78,90,30,20,0,20,65,45,100,9.60,3.95,4.50,4.50,1.62,1.15,1.62,2.39,4.05,1.67,2.10,N/A
1729425600,Oct 20 2024 - 12:00pm,complete,N/A,RCD Mallorca,Rayo Vallecano,Javier Alberola Rojas,N/A,1.25,1.60,1.41,1.18,1,0,1,0,0,0,"76","",9,2,1,0,1,0,1,0,1,0,22,11,7,3,10,7,9,13,51,49,1.35,1.05,1.82,1.08,1.65,55,55,43,0,0,10,48,33,55,12.25,4.55,2.00,3.10,4.33,1.59,2.75,6.00,13.00,2.38,1.53,N/A
1729433700,Oct 20 2024 - 2:15pm,complete,60122,Atlético Madrid,Leganés,José Luis Munuera Montero,10,2.00,0.80,2.35,0.69,3,1,4,1,0,1,"69,81,90'9","34",8,2,5,0,1,0,1,4,0,1,25,6,10,3,8,1,14,8,63,37,1.58,0.78,2.41,0.67,1.80,43,78,25,0,0,0,45,58,78,8.70,4.15,1.33,4.75,10.00,1.35,2.00,3.75,7.50,2.50,1.50,Riyadh Air Metropolitano (Madrid)
1729441800,Oct 20 2024 - 4:30pm,complete,19355,Villarreal,Getafe CF,Víctor García Verdura,10,1.75,0.25,1.56,1.25,1,1,2,1,1,0,"44","87",5,5,4,0,3,0,1,3,2,1,11,22,5,5,5,7,18,21,57,43,1.66,1.10,1.24,1.46,3.50,75,75,63,50,25,38,88,50,63,9.50,5.50,1.75,3.70,4.50,1.33,2.00,3.60,7.50,1.95,1.80,Estadio de la Cerámica (Villarreal)
1729450800,Oct 20 2024 - 7:00pm,complete,47848,FC Barcelona,Sevilla FC,Ricardo De Burgos Bengoetxea,10,3.00,0.75,2.35,1.00,5,1,6,3,3,0,"24,28,39,82,88","87",5,5,1,0,2,0,0,1,1,1,22,8,10,2,8,2,6,14,67,33,1.81,1.43,2.28,0.56,2.96,54,71,59,29,17,46,88,42,71,13.33,4.67,1.30,5.75,8.00,1.12,1.44,2.09,3.40,1.75,2.00,Estadi Olímpic Lluís Companys (Barcelona)
1729537200,Oct 21 2024 - 7:00pm,complete,42453,Valencia CF,UD Las Palmas,Jesús Gil Manzano,10,1.25,0.00,1.65,0.88,2,3,5,2,1,1,"14,90'4","43,53,84",11,2,4,1,9,0,4,1,4,5,15,12,8,7,4,2,12,12,47,53,1.21,1.31,1.72,1.20,2.38,63,88,50,13,0,38,63,38,75,12.50,5.00,1.75,3.60,4.75,1.44,2.30,4.50,9.50,2.10,1.67,Estadio de Mestalla (Valencia)
1729882800,Oct 25 2024 - 7:00pm,complete,N/A,RCD Espanyol,Sevilla FC,Miguel Ángel Ortiz Arias,11,1.80,0.60,1.69,1.00,0,2,2,2,0,2,"","20,45",13,2,2,0,0,0,0,2,0,0,17,7,2,4,11,1,14,9,42,58,1.07,1.25,1.39,0.82,3.00,80,80,70,30,20,50,80,50,90,9.40,5.40,2.88,3.30,2.40,1.38,2.20,4.00,8.00,1.91,1.91,RCDE Stadium (Cornella de Llobregat)
1729944000,Oct 26 2024 - 12:00pm,complete,20178,Real Valladolid,Villarreal,Francisco José Hernández Maeso,N/A,1.00,2.00,0.81,1.76,1,2,3,1,0,1,"60","29,84",4,6,4,0,3,0,0,4,1,2,8,23,4,11,4,8,16,13,45,55,1.21,1.26,1.04,2.34,2.00,60,70,50,0,0,30,60,30,60,8.20,6.20,3.50,3.70,2.00,1.22,1.67,2.80,5.00,1.62,2.20,N/A
1729952100,Oct 26 2024 - 2:15pm,complete,13010,Rayo Vallecano,Deportivo Alavés,Adrián Cordero Vega,11,1.25,0.60,1.31,0.88,1,0,1,0,0,0,"80","",6,2,2,1,4,0,1,2,0,4,18,16,6,8,10,5,8,14,50,50,1.49,1.29,1.80,1.67,3.18,90,100,65,33,20,30,100,55,100,9.25,5.00,2.05,3.20,3.90,1.48,2.50,4.75,10.00,2.10,1.67,Estadio de Vallecas (Madrid)
1729960200,Oct 26 2024 - 4:30pm,complete,21506,UD Las Palmas,Girona FC,Alejandro Quintero González,11,0.60,1.00,1.06,0.82,1,0,1,1,1,0,"42","",3,5,4,0,5,1,1,3,0,6,13,9,4,4,7,2,12,14,43,57,1.40,1.17,1.23,0.96,2.50,60,90,30,20,10,30,90,40,80,11.00,3.40,3.10,3.40,2.25,1.30,1.91,3.40,6.50,1.75,2.00,Estadio de Gran Canaria (Las Palmas de Gran Canaria)
1729969200,Oct 26 2024 - 7:00pm,complete,78192,Real Madrid,FC Barcelona,José María Sánchez Martínez,11,3.00,2.50,2.50,2.25,0,4,4,0,0,0,"","54,56,77,84",10,3,2,0,5,0,0,2,1,4,10,16,5,8,4,7,15,17,41,59,1.96,1.83,1.19,1.75,3.87,62,100,80,45,45,52,70,74,92,11.07,4.37,2.05,3.80,3.20,1.15,1.50,2.21,3.75,1.44,2.63,Estadio Santiago Bernabéu (Madrid)
1730034000,Oct 27 2024 - 1:00pm,complete,11358,Leganés,Celta de Vigo,Mario Melero López,N/A,1.00,0.75,1.12,0.81,3,0,3,0,0,0,"59,78,82","",4,2,2,0,2,0,0,2,0,2,8,19,5,6,2,6,15,17,39,61,1.10,1.34,1.01,1.52,2.88,50,63,50,38,25,38,63,50,63,6.00,5.50,3.10,3.25,2.35,1.44,2.30,4.50,9.50,1.95,1.80,N/A
1730042100,Oct 27 2024 - 3:15pm,complete,12412,Getafe CF,Valencia CF,Guillermo Cuadra Fernández,N/A,1.40,0.20,1.12,0.69,1,1,2,1,0,1,"90","36",8,2,3,0,7,0,1,2,3,4,16,3,5,2,7,0,20,20,64,36,1.27,0.91,1.59,0.38,1.70,30,60,30,10,0,10,60,30,60,7.60,3.40,2.20,3.10,3.50,1.65,3.00,6.50,13.00,2.50,1.50,N/A
1730050200,Oct 27 2024 - 5:30pm,complete,52621,Real Betis,Atlético Madrid,N/A,N/A,2.00,1.80,1.88,1.63,1,0,1,1,1,0,"4","",3,10,3,0,2,0,0,3,1,1,25,11,4,4,17,4,8,4,42,58,1.79,0.97,1.97,1.09,2.10,60,70,30,10,0,20,50,20,90,10.00,3.80,3.00,3.40,2.35,1.44,2.30,4.50,9.50,1.95,1.80,N/A
1730059200,Oct 27 2024 - 8:00pm,complete,31729,Real Sociedad,CA Osasuna,Juan Luis Pulido Santana,11,0.80,0.50,1.44,0.88,0,2,2,2,0,2,"","23,34",14,4,3,0,4,0,0,3,2,2,20,11,10,5,8,4,7,14,75,25,1.42,0.76,2.39,1.09,2.55,55,88,55,25,0,10,68,55,88,9.75,4.65,1.75,3.60,5.00,1.40,2.20,4.20,8.50,2.05,1.70,N/A
1730145600,Oct 28 2024 - 8:00pm,complete,N/A,RCD Mallorca,Athletic Club Bilbao,Juan Martínez Munuera,N/A,1.60,1.50,1.41,1.50,0,0,0,0,0,0,"","",1,14,4,1,1,0,5,0,1,0,5,21,2,2,2,11,9,12,33,67,1.44,1.15,0.54,1.59,2.33,58,70,48,13,13,38,68,35,80,11.05,4.60,2.90,3.10,2.55,1.50,2.50,5.00,10.00,2.05,1.70,N/A
1730491200,Nov 01 2024 - 8:00pm,complete,17212,Deportivo Alavés,RCD Mallorca,Pablo González Fuertes,12,1.40,1.80,1.19,1.25,1,0,1,0,0,0,"76","",7,2,3,0,2,0,3,0,0,2,14,8,4,3,4,3,19,12,52,48,1.08,1.31,1.08,0.90,2.40,50,70,60,10,10,30,70,40,70,9.60,5.80,2.40,3.00,3.10,1.53,2.75,5.50,13.00,2.20,1.62,Estadio de Mendizorroza (Vitoria-Gasteiz)
1730552400,Nov 02 2024 - 1:00pm,complete,N/A,CA Osasuna,Real Valladolid,Víctor García Verdura,12,2.17,0.60,1.76,0.18,1,0,1,1,1,0,"19","",7,2,1,0,5,0,0,1,2,3,21,8,5,5,11,1,21,12,50,50,1.52,0.83,1.84,0.99,3.87,72,92,84,47,37,55,82,75,100,9.47,5.57,1.61,3.70,5.75,1.40,2.20,4.33,8.50,2.20,1.62,Estadio El Sadar (Pamplona (Iruñea))
1730560500,Nov 02 2024 - 3:15pm,complete,10830,Girona FC,Leganés,Mateo Busquets Ferrer,12,1.40,0.67,1.31,0.69,4,3,7,4,2,2,"21,31,62,73","25,41,77",6,1,3,0,4,0,0,3,1,3,16,10,7,6,4,3,17,15,55,45,1.33,0.76,1.51,1.17,2.30,54,72,39,29,10,20,65,45,72,7.40,4.57,1.65,3.75,5.25,1.40,2.05,4.00,8.50,2.10,1.67,Estadi Municipal de Montilivi (Girona)
1730638800,Nov 03 2024 - 1:00pm,complete,56610,Atlético Madrid,UD Las Palmas,Ricardo De Burgos Bengoetxea,12,2.20,0.60,2.35,0.88,2,0,2,1,1,0,"37,83","",9,1,1,0,1,0,0,1,0,1,16,2,4,2,8,0,13,13,57,43,1.74,1.29,1.58,0.38,2.90,60,90,70,30,10,20,70,70,90,10.00,6.20,1.25,6.00,10.00,1.19,1.61,2.65,4.75,2.10,1.67,Riyadh Air Metropolitano (Madrid)
1730646900,Nov 03 2024 - 3:15pm,complete,N/A,FC Barcelona,RCD Espanyol,José Luis Munuera Montero,12,3.00,0.20,2.35,0.71,3,1,4,3,3,0,"12,23,31","63",9,5,0,0,3,0,0,0,1,2,15,11,10,4,3,3,13,14,77,23,1.93,0.82,1.96,0.96,3.33,45,58,58,45,45,48,70,45,68,10.35,4.30,1.13,9.50,17.00,1.04,1.20,1.53,2.15,1.70,2.05,Estadi Olímpic Lluís Companys (Barcelona)
1730655000,Nov 03 2024 - 5:30pm,complete,37619,Sevilla FC,Real Sociedad,Alejandro Muñíz Ruiz,12,1.80,1.60,1.25,1.12,0,2,2,1,0,1,"","34,68",5,9,2,0,1,0,1,1,0,1,9,10,0,4,6,4,6,17,55,45,1.53,1.08,0.63,1.03,1.30,20,30,20,0,0,10,60,10,50,10.00,5.80,2.75,3.10,2.62,1.50,2.37,4.50,10.00,2.00,1.75,Estadio Ramón Sánchez Pizjuán (Sevilla)
1730664000,Nov 03 2024 - 8:00pm,complete,N/A,Athletic Club Bilbao,Real Betis,Javier Alberola Rojas,N/A,1.83,1.00,2.12,1.38,1,1,2,0,0,0,"68","52",6,2,0,0,0,0,0,0,0,0,18,8,9,5,7,1,9,8,49,51,1.26,1.36,1.94,0.96,2.05,54,64,27,17,9,27,62,29,72,7.60,5.10,1.84,3.67,4.33,1.35,2.00,3.75,7.50,1.95,1.80,N/A
1730750400,Nov 04 2024 - 8:00pm,complete,N/A,Celta de Vigo,Getafe CF,Jesús Gil Manzano,12,1.67,0.40,1.94,1.25,1,0,1,1,1,0,"7","",0,2,1,0,3,1,1,0,1,3,11,12,4,3,7,3,12,11,58,42,1.33,1.17,1.24,0.83,2.32,72,72,44,17,0,17,82,35,80,8.80,4.97,1.95,3.20,4.00,1.48,2.37,4.75,10.00,2.10,1.67,Estadio Abanca-Balaídos (Vigo)
1731096000,Nov 08 2024 - 8:00pm,complete,N/A,Rayo Vallecano,UD Las Palmas,Francisco José Hernández Maeso,13,1.60,0.50,1.31,0.88,1,3,4,1,0,1,"90'2","6,62,67",12,4,1,0,3,0,1,0,2,1,35,12,7,4,15,6,9,13,64,36,1.55,1.14,2.57,1.08,2.79,74,90,54,27,9,17,82,45,100,8.90,5.73,1.75,3.50,4.75,1.38,2.10,4.00,8.00,2.05,1.70,Estadio de Vallecas (Madrid)
1731157200,Nov 09 2024 - 1:00pm,complete,N/A,Real Madrid,CA Osasuna,Mario Melero López,13,2.50,1.00,2.50,0.88,4,0,4,2,2,0,"34,42,61,69","",11,3,0,0,2,0,0,0,0,2,19,3,9,0,4,2,9,16,68,32,1.83,0.83,1.99,0.30,2.95,37,90,54,45,17,19,57,62,80,9.17,4.77,1.20,6.50,15.00,1.15,1.48,2.19,3.75,2.10,1.67,Estadio Santiago Bernabéu (Madrid)
1731165300,Nov 09 2024 - 3:15pm,complete,N/A,Villarreal,Deportivo Alavés,Alejandro Quintero González,13,1.60,0.50,1.56,0.88,3,0,3,1,1,0,"38,81,90","",7,2,1,0,3,0,1,0,0,3,14,10,4,4,5,3,17,21,63,37,1.57,1.36,1.16,1.03,3.89,84,92,74,57,37,55,92,55,90,8.47,6.17,1.65,4.08,5.06,1.24,1.73,2.80,5.00,1.75,2.00,Estadio de la Cerámica (Villarreal)
1731182400,Nov 09 2024 - 8:00pm,complete,N/A,Leganés,Sevilla FC,Juan Luis Pulido Santana,13,1.40,1.00,1.12,1.00,1,0,1,0,0,0,"82","",0,6,2,0,1,1,1,1,0,2,9,14,5,3,3,7,7,10,43,57,1.08,1.18,1.03,1.14,2.32,44,72,45,17,9,25,52,55,64,7.77,4.13,2.88,3.20,2.55,1.52,2.50,5.00,11.00,2.10,1.67,Estadio Municipal de Butarque (Leganés)
1731243600,Nov 10 2024 - 1:00pm,complete,54015,Real Betis,Celta de Vigo,Miguel Ángel Ortiz Arias,N/A,2.17,0.60,1.88,0.81,2,2,4,2,1,1,"40,90'5","13,82",2,0,3,0,0,0,1,2,0,0,20,4,7,3,10,1,12,8,56,44,1.82,1.37,1.98,0.64,3.00,55,74,57,30,20,39,65,47,82,10.07,5.73,1.95,3.40,4.00,1.30,1.91,3.25,6.50,1.70,2.05,N/A
1731251700,Nov 10 2024 - 3:15pm,complete,N/A,RCD Mallorca,Atlético Madrid,José María Sánchez Martínez,N/A,1.50,1.50,1.41,1.63,0,1,1,0,0,0,"","61",7,2,1,0,3,0,0,1,1,2,14,10,7,3,5,4,10,16,53,47,1.29,0.99,1.57,0.92,1.50,42,42,17,9,0,9,59,9,59,9.66,3.84,3.30,3.10,2.38,1.53,2.63,5.50,11.00,2.20,1.62,N/A
1731259800,Nov 10 2024 - 5:30pm,complete,N/A,Getafe CF,Girona FC,Juan Martínez Munuera,13,1.33,0.83,1.12,0.82,0,1,1,1,0,1,"","42",5,2,3,0,3,0,1,2,3,0,10,5,2,3,3,0,25,16,47,53,1.32,1.14,0.95,0.55,1.67,42,75,9,0,0,0,67,25,75,9.67,4.50,2.45,3.20,3.00,1.52,2.63,5.00,11.00,2.10,1.67,Estadio Coliseum (Getafe)
1731259800,Nov 10 2024 - 5:30pm,complete,N/A,Real Valladolid,Athletic Club Bilbao,Adrián Cordero Vega,13,0.83,1.40,0.81,1.50,1,1,2,0,0,0,"79","90'4",5,5,4,0,4,0,1,3,2,2,7,18,4,2,2,11,12,12,35,65,1.18,1.24,0.84,1.49,2.14,55,65,55,10,10,30,47,45,65,10.87,5.60,5.12,3.47,1.77,1.37,2.20,4.00,8.00,2.00,1.75,Estadio Municipal José Zorrilla (Valladolid)
1731268800,Nov 10 2024 - 8:00pm,complete,N/A,Real Sociedad,FC Barcelona,Guillermo Cuadra Fernández,13,0.67,2.57,1.44,2.25,1,0,1,1,1,0,"33","",7,6,3,0,1,0,1,2,0,1,15,13,7,2,4,5,17,6,30,70,1.58,1.82,1.41,0.96,3.40,61,100,75,29,22,52,77,61,85,13.46,5.07,4.26,3.99,1.78,1.20,1.62,2.60,4.50,1.62,2.20,Reale Arena (Donostia-San Sebastián)
1732305600,Nov 22 2024 - 8:00pm,complete,N/A,Getafe CF,Real Valladolid,Pablo González Fuertes,14,1.14,0.50,1.12,0.18,2,0,2,0,0,0,"70,73","",3,2,3,0,2,0,1,2,0,2,13,7,6,4,4,3,15,15,56,44,1.27,0.86,1.48,0.97,2.56,47,70,42,25,17,25,70,49,70,8.07,5.96,1.67,3.40,6.00,1.57,2.75,6.00,13.00,2.63,1.44,Estadio Coliseum (Getafe)
1732366800,Nov 23 2024 - 1:00pm,complete,43975,Valencia CF,Real Betis,Ricardo De Burgos Bengoetxea,14,1.00,1.00,1.65,1.38,4,2,6,2,1,1,"8,50,53,56","14,66",2,4,4,0,2,0,1,3,0,2,12,8,6,4,2,4,10,16,49,51,1.31,1.29,1.22,1.07,2.04,55,74,29,10,10,39,47,45,64,11.93,5.37,3.10,3.00,2.50,1.48,2.50,4.75,10.00,2.00,1.75,Estadio de Mestalla (Valencia)
1732374900,Nov 23 2024 - 3:15pm,complete,58910,Atlético Madrid,Deportivo Alavés,Víctor García Verdura,14,2.33,0.43,2.35,0.88,2,1,3,1,0,1,"76,86","7",5,0,3,0,3,0,1,2,0,3,12,5,9,2,1,1,18,19,70,30,1.72,1.31,1.73,0.46,2.74,45,85,61,23,15,22,77,62,92,9.93,5.31,1.36,4.50,8.50,1.33,2.00,3.75,7.50,2.25,1.57,Riyadh Air Metropolitano (Madrid)
1732383000,Nov 23 2024 - 5:30pm,complete,N/A,UD Las Palmas,RCD Mallorca,Alejandro Muñíz Ruiz,N/A,1.00,1.50,1.06,1.25,2,3,5,0,0,0,"77,83","46,56,90'1",4,3,4,0,2,1,0,4,1,2,15,10,4,4,6,6,10,18,62,38,1.37,1.24,1.25,1.17,2.25,59,59,42,17,9,34,75,33,67,9.00,5.00,3.00,2.90,2.60,1.50,2.63,5.00,10.00,2.05,1.70,Estadio de Gran Canaria (Las Palmas de Gran Canaria)
1732383000,Nov 23 2024 - 5:30pm,complete,N/A,Girona FC,RCD Espanyol,Alejandro José Hernández Hernández,N/A,1.67,0.17,1.31,0.71,4,1,5,4,4,0,"4,16,21,27","55",6,3,0,0,3,0,0,0,1,2,13,10,6,2,5,3,4,19,76,24,1.36,0.85,1.49,0.81,3.00,50,59,59,50,33,42,67,42,67,8.50,5.33,1.70,3.80,5.00,1.32,1.91,3.50,6.50,1.95,1.80,Estadi Municipal de Montilivi (Girona)
1732392000,Nov 23 2024 - 8:00pm,complete,N/A,Celta de Vigo,FC Barcelona,César Soto Grado,N/A,1.86,2.25,1.94,2.25,2,2,4,1,0,1,"84,86","15,61",5,1,5,0,4,1,1,4,1,4,17,10,9,5,5,4,13,9,41,59,1.32,1.71,1.89,1.20,3.23,67,80,73,40,19,46,87,53,81,8.81,4.38,4.33,4.20,1.70,1.15,1.50,2.13,3.75,1.50,2.50,Estadio Abanca-Balaídos (Vigo)
1732453200,Nov 24 2024 - 1:00pm,complete,N/A,CA Osasuna,Villarreal,José Luis Munuera Montero,14,2.29,2.17,1.76,1.76,2,2,4,2,2,0,"8,21","67,90'3",0,8,6,0,5,0,1,5,4,1,6,18,4,8,1,7,12,13,41,59,1.57,1.44,0.84,1.99,2.84,77,86,62,15,15,47,93,38,85,9.69,5.33,2.70,3.40,2.60,1.28,1.80,3.10,6.00,1.62,2.20,Estadio El Sadar (Pamplona (Iruñea))
1732461300,Nov 24 2024 - 3:15pm,complete,N/A,Sevilla FC,Rayo Vallecano,Mateo Busquets Ferrer,14,1.50,1.33,1.25,1.18,1,0,1,1,1,0,"28","",8,3,2,0,5,1,1,1,5,1,12,10,4,2,6,4,14,14,52,48,1.38,1.06,1.17,0.75,1.84,42,59,42,0,0,17,50,25,75,10.66,6.17,2.30,3.20,3.30,1.45,2.38,4.75,10.00,2.00,1.75,Estadio Ramón Sánchez Pizjuán (Sevilla)
1732469400,Nov 24 2024 - 5:30pm,complete,N/A,Leganés,Real Madrid,Javier Alberola Rojas,14,1.67,1.80,1.12,1.88,0,3,3,1,0,1,"","43,66,85",2,4,2,0,0,0,0,2,0,0,5,17,0,10,4,3,17,11,32,68,1.07,1.56,0.45,2.00,1.94,49,75,27,0,0,0,39,55,84,7.37,3.43,7.00,4.50,1.45,1.28,1.80,3.20,6.00,2.00,1.75,Estadio Municipal de Butarque (Leganés)
1732478400,Nov 24 2024 - 8:00pm,complete,50719,Athletic Club Bilbao,Real Sociedad,Jesús Gil Manzano,14,1.71,1.83,2.12,1.12,1,0,1,1,1,0,"26","",4,4,3,0,4,0,1,2,1,3,13,7,5,2,3,4,18,9,40,60,1.36,1.07,1.27,0.78,1.63,36,44,15,15,7,15,61,15,60,9.62,3.81,2.23,2.99,3.79,1.52,2.40,5.00,11.00,2.10,1.67,San Mamés Barria (Bilbao)
1732910400,Nov 29 2024 - 8:00pm,complete,17717,RCD Mallorca,Valencia CF,Alejandro Quintero González,15,1.29,0.33,1.41,0.69,2,1,3,2,1,1,"45'3,81","32",3,6,1,0,1,0,0,1,0,1,10,8,4,2,4,6,9,14,48,52,1.33,0.82,1.01,0.94,1.66,31,48,32,9,0,9,63,24,62,9.50,4.33,2.05,2.97,4.53,1.57,2.75,6.00,13.00,2.38,1.53,Estadi Mallorca Son Moix (Palma de Mallorca)
1732971600,Nov 30 2024 - 1:00pm,complete,43921,FC Barcelona,UD Las Palmas,Adrián Cordero Vega,15,3.00,0.86,2.35,0.88,1,2,3,0,0,0,"61","49,67",7,0,0,0,0,0,0,0,0,0,28,6,9,4,7,1,7,11,70,30,1.94,1.13,2.23,0.75,3.75,66,90,76,52,27,55,93,49,90,10.77,4.49,1.17,8.00,12.00,1.07,1.25,1.65,2.50,1.70,2.05,Estadi Olímpic Lluís Companys (Barcelona)
1732979700,Nov 30 2024 - 3:15pm,complete,N/A,Deportivo Alavés,Leganés,Isidro Díaz de Mera Escuderos,N/A,1.67,0.57,1.19,0.69,1,1,2,0,0,0,"87","67",13,8,1,0,4,0,0,1,1,3,19,7,8,4,4,0,15,15,60,40,1.08,0.82,1.76,0.76,2.52,52,77,40,23,16,24,62,45,77,8.54,5.43,1.80,3.40,4.75,1.53,2.63,5.50,11.00,2.25,1.57,N/A
1732987800,Nov 30 2024 - 5:30pm,complete,23792,RCD Espanyol,Celta de Vigo,José María Sánchez Martínez,15,1.50,0.67,1.69,0.81,3,1,4,1,1,0,"40,53,87","83",2,5,2,0,2,0,0,2,2,0,10,17,6,3,3,8,13,7,21,79,1.12,1.25,1.16,1.34,3.42,67,83,75,42,25,67,83,50,83,8.00,5.33,3.20,3.40,2.20,1.32,2.00,3.40,6.50,1.75,2.00,RCDE Stadium (Cornella de Llobregat)
1732996800,Nov 30 2024 - 8:00pm,complete,23,Real Valladolid,Atlético Madrid,Guillermo Cuadra Fernández,15,0.86,1.71,0.81,1.63,0,5,5,3,0,3,"","26,35,37,52,90'2",3,5,1,0,2,0,1,0,1,1,10,14,2,10,5,2,6,11,45,55,1.13,0.98,0.83,1.77,1.71,50,50,29,7,0,7,43,29,64,8.28,5.00,5.75,3.80,1.60,1.36,2.10,3.75,7.50,2.05,1.70,Estadio Municipal José Zorrilla (Valladolid)
1733058000,Dec 01 2024 - 1:00pm,complete,N/A,Villarreal,Girona FC,Miguel Ángel Ortiz Arias,15,1.83,1.14,1.56,0.82,2,2,4,1,1,0,"23,46","66,90'7",1,5,2,0,6,0,1,1,2,4,14,14,5,7,6,3,8,13,36,64,1.51,1.05,1.21,1.61,3.10,56,86,49,34,17,25,93,48,77,9.88,5.10,1.86,3.81,4.03,1.22,1.65,2.80,5.00,1.62,2.20,Estadio de la Cerámica (Villarreal)
1733066100,Dec 01 2024 - 3:15pm,complete,N/A,Real Madrid,Getafe CF,Alejandro José Hernández Hernández,15,2.57,0.33,2.50,1.25,2,0,2,2,2,0,"30,38","",5,3,2,0,6,0,1,1,1,5,14,9,5,4,7,3,7,26,69,31,1.86,1.12,1.46,0.99,2.62,40,75,44,29,15,15,63,52,75,11.19,4.86,1.34,5.00,9.48,1.30,1.93,3.40,6.50,2.38,1.53,Estadio Santiago Bernabéu (Madrid)
1733074200,Dec 01 2024 - 5:30pm,complete,N/A,Rayo Vallecano,Athletic Club Bilbao,Mario Melero López,15,1.33,1.33,1.31,1.50,1,2,3,1,1,0,"14","65,78",1,7,3,0,0,0,0,3,0,0,8,13,5,8,3,4,14,8,47,53,1.72,1.28,1.14,1.61,2.59,75,83,50,25,9,25,67,50,92,12.50,5.00,2.89,3.05,2.69,1.47,2.30,4.75,10.00,2.00,1.75,Estadio de Vallecas (Madrid)
1733083200,Dec 01 2024 - 8:00pm,complete,28119,Real Sociedad,Real Betis,Francisco José Hernández Maeso,15,1.00,0.86,1.44,1.38,2,0,2,2,2,0,"14,31","",0,4,3,0,2,0,2,1,1,1,3,8,2,3,1,4,28,10,41,59,1.56,1.26,0.56,0.92,2.29,50,79,36,7,7,29,57,50,71,11.43,4.71,1.77,3.60,4.83,1.42,2.20,4.20,8.50,2.10,1.67,Reale Arena (Donostia-San Sebastián)
1733169600,Dec 02 2024 - 8:00pm,complete,31536,Sevilla FC,CA Osasuna,Juan Martínez Munuera,15,1.71,0.83,1.25,0.88,1,1,2,0,0,0,"72","69",5,1,1,0,1,0,0,1,0,1,13,8,6,4,5,2,11,15,65,35,1.35,0.74,1.54,0.88,2.27,31,70,40,25,0,24,85,32,69,8.71,5.93,2.14,3.32,3.60,1.38,2.10,4.00,8.00,1.95,1.80,Estadio Ramón Sánchez Pizjuán (Sevilla)
1733248800,Dec 03 2024 - 6:00pm,complete,N/A,RCD Mallorca,FC Barcelona,Jesús Gil Manzano,19,1.50,2.11,1.41,2.25,1,5,6,2,1,1,"43","12,56,74,79,84",2,5,4,0,3,0,1,3,2,1,7,21,2,10,2,7,13,13,40,60,1.29,1.65,0.69,2.03,2.64,53,64,57,28,17,35,70,40,71,10.52,4.55,5.25,3.60,1.70,1.19,1.80,2.89,5.25,1.75,2.00,Estadi Mallorca Son Moix (Palma de Mallorca)
1733342400,Dec 04 2024 - 8:00pm,complete,51364,Athletic Club Bilbao,Real Madrid,José María Sánchez Martínez,19,1.88,2.00,2.12,1.88,2,1,3,0,0,0,"53,80","78",5,2,3,0,3,0,0,3,0,3,10,11,4,6,1,2,21,9,37,63,1.35,1.64,0.95,1.17,2.29,65,82,29,13,7,13,71,46,88,9.25,3.58,3.40,3.40,2.15,1.28,1.80,3.10,6.00,1.67,2.10,San Mamés Barria (Bilbao)
1733515200,Dec 06 2024 - 8:00pm,complete,22861,Celta de Vigo,RCD Mallorca,Ricardo De Burgos Bengoetxea,16,1.75,1.71,1.94,1.25,2,0,2,1,1,0,"32,82","",3,3,1,0,0,1,1,0,0,1,14,10,6,5,7,3,9,12,50,50,1.39,1.23,1.55,1.21,2.59,66,66,60,26,7,20,66,47,87,7.20,5.24,1.85,3.25,4.50,1.53,2.45,5.00,11.00,2.20,1.62,Estadio Abanca-Balaídos (Vigo)
1733576400,Dec 07 2024 - 1:00pm,complete,21610,UD Las Palmas,Real Valladolid,Isidro Díaz de Mera Escuderos,16,0.86,0.43,1.06,0.18,2,1,3,2,1,1,"20,64","45",3,3,4,0,2,0,1,3,0,2,12,11,6,3,4,4,17,13,58,42,1.35,0.88,1.27,0.95,3.22,57,79,57,43,29,43,79,65,72,8.43,6.00,1.80,3.60,4.33,1.33,1.95,3.60,7.00,1.91,1.91,Estadio de Gran Canaria (Las Palmas de Gran Canaria)
1733584500,Dec 07 2024 - 3:15pm,complete,51749,Real Betis,FC Barcelona,Alejandro Muñíz Ruiz,16,2.00,2.20,1.88,2.25,2,2,4,1,0,1,"68,90'4","39,82",6,4,1,0,2,0,1,0,0,2,13,10,7,4,6,5,15,14,38,62,1.84,1.69,1.61,1.13,3.20,64,81,67,37,20,45,74,57,83,10.90,5.13,4.33,4.10,1.70,1.20,1.62,2.60,4.50,1.62,2.20,Estadio Benito Villamarín (Sevilla)
1733592600,Dec 07 2024 - 5:30pm,complete,40968,Valencia CF,Rayo Vallecano,José Luis Munuera Montero,N/A,1.33,1.14,1.65,1.18,0,1,1,1,0,1,"","7",9,4,2,0,2,0,0,2,0,2,15,7,7,2,6,4,5,12,61,39,1.29,1.01,1.90,0.66,2.29,55,63,47,17,17,41,48,40,62,12.50,6.47,2.20,3.00,3.50,1.50,2.63,5.50,11.00,2.10,1.67,N/A
1733601600,Dec 07 2024 - 8:00pm,complete,N/A,Girona FC,Real Madrid,Jesús Gil Manzano,N/A,1.86,1.71,1.31,1.88,0,3,3,1,0,1,"","36,55,62",6,3,3,0,2,0,0,3,1,1,11,11,5,8,5,1,6,7,42,58,1.38,1.57,1.32,1.40,3.00,64,86,57,29,22,29,72,57,86,9.43,3.71,4.60,3.90,1.70,1.22,1.67,2.75,5.00,1.67,2.10,Estadi Municipal de Montilivi (Girona)
1733662800,Dec 08 2024 - 1:00pm,complete,11312,Leganés,Real Sociedad,Pablo González Fuertes,N/A,1.43,1.57,1.12,1.12,0,3,3,1,0,1,"","14,78,90'2",5,3,2,0,2,0,0,2,1,1,12,17,3,6,6,3,12,15,56,44,0.98,1.03,1.02,1.32,1.36,7,36,22,0,0,0,43,29,50,7.28,3.86,3.90,3.00,2.05,1.57,2.75,6.00,13.00,2.38,1.53,N/A
1733670900,Dec 08 2024 - 3:15pm,complete,47203,Athletic Club Bilbao,Villarreal,Víctor García Verdura,16,2.00,2.00,2.12,1.76,2,0,2,1,1,0,"15,69","",3,3,2,0,1,0,0,2,1,0,13,12,5,2,6,7,15,10,42,58,1.30,1.52,1.38,0.92,2.60,77,84,52,18,6,40,84,38,82,8.76,5.90,2.05,3.60,3.30,1.28,1.80,3.10,6.00,1.70,2.05,San Mamés Barria (Bilbao)
1733679000,Dec 08 2024 - 5:30pm,complete,N/A,CA Osasuna,Deportivo Alavés,César Soto Grado,16,2.13,0.38,1.76,0.88,2,2,4,1,0,1,"54,61","1,68",8,3,5,0,3,0,3,2,2,1,17,7,9,4,5,2,13,14,60,40,1.47,1.20,1.97,0.83,3.13,69,82,69,32,25,44,88,57,94,8.13,5.63,2.05,3.30,3.60,1.44,2.25,4.50,9.50,2.00,1.75,Estadio El Sadar (Pamplona (Iruñea))
1733688000,Dec 08 2024 - 8:00pm,complete,60065,Atlético Madrid,Sevilla FC,Javier Alberola Rojas,16,2.43,0.86,2.35,1.00,4,3,7,3,1,2,"10,62,79,90'4","12,32,57",5,3,4,0,3,0,0,4,0,3,15,5,10,4,4,1,11,8,57,43,1.72,1.18,2.11,0.79,2.50,50,79,50,22,7,22,71,57,79,11.58,4.72,1.40,4.60,7.50,1.28,1.80,3.20,6.00,2.05,1.70,Riyadh Air Metropolitano (Madrid)
1733774400,Dec 09 2024 - 8:00pm,complete,N/A,Getafe CF,RCD Espanyol,Mateo Busquets Ferrer,16,1.38,0.14,1.12,0.71,1,0,1,1,1,0,"8","",3,3,3,0,6,0,2,1,1,5,16,10,7,2,7,5,14,15,41,59,1.30,0.84,1.63,0.86,2.19,48,60,29,29,22,22,54,27,67,8.09,5.24,1.80,3.10,5.75,1.60,3.00,6.50,15.00,2.63,1.44,Estadio Coliseum (Getafe)
1734120000,Dec 13 2024 - 8:00pm,complete,18449,Real Valladolid,Valencia CF,Miguel Ángel Ortiz Arias,17,0.75,0.29,0.81,0.69,1,0,1,1,1,0,"20","",1,7,4,1,3,0,0,5,1,2,3,15,2,3,1,4,10,10,33,67,1.10,0.84,0.48,1.25,2.21,47,67,54,14,7,21,62,46,67,8.36,5.02,3.34,3.12,2.42,1.48,2.50,4.75,10.00,2.05,1.70,Estadio Municipal José Zorrilla (Valladolid)
1734181200,Dec 14 2024 - 1:00pm,complete,N/A,RCD Espanyol,CA Osasuna,Adrián Cordero Vega,17,1.71,0.86,1.69,0.88,0,0,0,0,0,0,"","",5,4,3,0,1,0,1,2,1,0,10,8,4,0,4,6,13,13,42,58,1.12,0.76,1.11,0.63,2.79,57,86,57,36,7,43,79,50,79,7.42,4.72,2.82,3.17,2.76,1.42,2.30,4.20,8.50,1.95,1.80,RCDE Stadium (Cornella de Llobregat)
1734189300,Dec 14 2024 - 3:15pm,complete,15866,RCD Mallorca,Girona FC,Francisco José Hernández Maeso,17,1.33,1.13,1.41,0.82,2,1,3,2,1,1,"20,51","7",2,4,5,1,2,0,4,2,0,2,9,14,3,2,5,5,10,14,31,69,1.23,1.12,0.94,1.21,2.01,41,60,29,12,6,11,72,30,71,9.97,4.99,2.37,3.07,3.51,1.47,2.38,4.50,9.50,2.00,1.75,Estadi Mallorca Son Moix (Palma de Mallorca)
1734197400,Dec 14 2024 - 5:30pm,complete,N/A,Sevilla FC,Celta de Vigo,Jesús Gil Manzano,17,1.63,0.57,1.25,0.81,1,0,1,0,0,0,"65","",3,4,7,0,3,0,1,6,0,3,9,11,4,3,5,7,12,9,45,55,1.37,1.27,1.06,1.22,2.94,55,75,56,36,15,35,81,48,81,8.77,5.84,2.28,3.32,3.40,1.33,2.07,3.60,7.00,1.80,1.95,Estadio Ramón Sánchez Pizjuán (Sevilla)
1734206400,Dec 14 2024 - 8:00pm,complete,14168,Rayo Vallecano,Real Madrid,Juan Martínez Munuera,17,1.14,1.88,1.31,1.88,3,3,6,4,2,2,"4,36,64","39,45,56",4,3,4,0,2,0,3,1,0,2,15,14,6,7,5,5,18,8,34,66,1.64,1.55,1.46,1.71,2.61,75,93,54,15,0,0,75,66,100,10.09,3.92,5.90,3.98,1.62,1.25,1.85,2.95,5.50,1.80,1.95,Estadio de Vallecas (Madrid)
1734267600,Dec 15 2024 - 1:00pm,complete,60169,Atlético Madrid,Getafe CF,César Soto Grado,17,2.50,0.29,2.35,1.25,1,0,1,0,0,0,"69","",8,3,3,0,1,0,0,3,0,1,12,8,4,2,6,3,13,15,57,43,1.77,1.10,1.33,0.76,2.36,47,73,39,13,7,14,81,45,66,10.27,5.93,1.41,4.35,9.97,1.45,2.30,4.75,10.00,2.75,1.40,Riyadh Air Metropolitano (Madrid)
1734275700,Dec 15 2024 - 3:15pm,complete,N/A,Deportivo Alavés,Athletic Club Bilbao,José María Sánchez Martínez,17,1.57,1.57,1.19,1.50,1,1,2,1,0,1,"67","10",2,4,2,0,2,0,0,2,1,1,7,10,4,3,2,7,14,17,52,48,1.17,1.33,0.96,1.07,2.43,57,79,50,14,14,36,57,50,79,13.00,5.14,3.64,3.19,2.25,1.48,2.50,4.75,10.00,2.05,1.70,Estadio de Mendizorroza (Vitoria-Gasteiz)
1734283800,Dec 15 2024 - 5:30pm,complete,18757,Villarreal,Real Betis,Guillermo Cuadra Fernández,17,1.71,0.75,1.56,1.38,1,2,3,1,0,1,"55","32,47",5,5,5,0,4,1,2,3,3,2,19,11,5,5,10,3,19,10,62,38,1.46,1.22,1.88,1.08,3.27,68,88,56,42,21,41,75,61,75,8.07,4.70,1.81,3.93,4.37,1.22,1.67,2.80,5.00,1.62,2.20,Estadio de la Cerámica (Villarreal)
1734283800,Dec 15 2024 - 5:30pm,complete,30775,Real Sociedad,UD Las Palmas,Mario Melero López,17,1.25,1.13,1.44,0.88,0,0,0,0,0,0,"","",8,6,2,0,3,0,1,1,0,3,16,10,5,4,6,3,17,13,61,39,1.43,1.08,1.50,0.89,2.75,57,94,57,19,7,32,75,51,82,10.13,5.51,1.42,4.42,9.24,1.38,2.10,4.00,8.50,2.50,1.50,Reale Arena (Donostia-San Sebastián)
1734292800,Dec 15 2024 - 8:00pm,complete,N/A,FC Barcelona,Leganés,Alejandro Quintero González,17,2.50,0.63,2.35,0.69,0,1,1,1,0,1,"","4",8,2,0,0,2,0,0,0,0,2,21,7,5,5,11,1,5,13,80,20,1.98,0.81,2.10,0.85,3.32,71,86,54,38,23,40,67,57,86,10.55,3.63,1.14,8.55,16.56,1.09,1.33,1.85,3.00,2.00,1.75,Estadi Olímpic Lluís Companys (Barcelona)
1734553800,Dec 18 2024 - 8:30pm,complete,14000,Villarreal,Rayo Vallecano,Alejandro José Hernández Hernández,12,1.50,1.38,1.56,1.18,1,1,2,2,1,1,"45'1","20",7,7,4,1,3,0,2,3,1,2,15,20,6,4,5,8,10,15,45,55,1.52,0.97,1.58,1.53,2.82,63,69,63,32,13,26,69,50,69,9.51,5.88,1.70,3.90,4.60,1.18,1.70,2.85,4.55,1.70,2.05,Estadio de la Cerámica (Villarreal)
1734553800,Dec 18 2024 - 8:30pm,complete,18122,RCD Espanyol,Valencia CF,Pablo González Fuertes,13,1.63,0.25,1.69,0.69,1,1,2,1,1,0,"44","47",4,7,1,0,0,0,0,1,0,0,11,15,4,5,3,7,13,12,46,54,1.12,0.89,1.08,1.41,2.38,51,69,57,19,7,38,82,32,69,9.00,4.75,2.55,2.90,3.00,1.53,2.63,5.00,11.00,2.10,1.67,RCDE Stadium (Cornella de Llobregat)
1734724800,Dec 20 2024 - 8:00pm,complete,N/A,Girona FC,Real Valladolid,Pablo González Fuertes,18,1.63,0.38,1.31,0.18,3,0,3,2,2,0,"31,39,81","",9,1,3,0,1,0,1,2,1,0,-1,-1,-1,-1,-1,-1,-1,-1,-1,-1,1.37,0.89,0.00,0.00,3.50,50,82,75,44,32,50,82,63,82,8.25,5.50,1.45,4.75,6.00,1.26,1.80,3.10,6.00,2.00,1.75,Estadi Municipal de Montilivi (Girona)
1734786000,Dec 21 2024 - 1:00pm,complete,9747,Getafe CF,RCD Mallorca,José Luis Munuera Montero,18,1.56,1.50,1.12,1.25,0,1,1,0,0,0,"","53",3,0,4,0,3,0,2,2,1,2,19,10,6,3,10,5,19,13,55,45,1.33,1.23,1.79,0.89,1.86,42,60,25,7,7,7,53,30,72,7.72,5.19,2.25,2.75,4.00,1.83,3.50,7.50,17.00,2.63,1.44,Estadio Coliseum (Getafe)
1734794100,Dec 21 2024 - 3:15pm,complete,22956,Celta de Vigo,Real Sociedad,Mateo Busquets Ferrer,N/A,1.89,1.75,1.94,1.12,2,0,2,2,2,0,"40,45'1","",4,7,3,0,5,0,0,3,2,3,12,8,8,2,2,3,19,13,42,58,1.41,1.07,1.45,0.77,1.90,34,52,35,17,0,11,76,29,64,8.44,4.22,2.88,3.10,2.55,1.45,2.38,4.50,9.50,1.95,1.80,Estadio Abanca-Balaídos (Vigo)
1734802200,Dec 21 2024 - 5:30pm,complete,N/A,CA Osasuna,Athletic Club Bilbao,Alejandro Quintero González,18,2.00,1.50,1.76,1.50,1,2,3,2,1,1,"25","31,74",4,3,0,0,1,0,0,0,0,1,7,14,4,9,2,3,10,13,53,47,1.53,1.30,0.94,1.72,2.86,77,83,59,29,18,41,76,53,89,11.32,5.16,3.90,3.00,2.10,1.44,2.30,4.50,9.50,1.95,1.80,Estadio El Sadar (Pamplona (Iruñea))
1734811200,Dec 21 2024 - 8:00pm,complete,N/A,FC Barcelona,Atlético Madrid,Ricardo De Burgos Bengoetxea,18,2.14,1.88,2.35,1.63,1,2,3,1,1,0,"30","60,90'6",11,3,0,0,3,0,0,0,0,3,20,6,8,5,6,1,11,8,63,37,2.00,1.08,2.11,0.89,2.85,48,61,48,34,21,41,75,28,73,11.04,2.74,1.85,3.70,4.00,1.19,1.57,2.45,4.33,1.53,2.38,Estadi Olímpic Lluís Companys (Barcelona)
1734872400,Dec 22 2024 - 1:00pm,complete,N/A,Valencia CF,Deportivo Alavés,Javier Alberola Rojas,18,1.14,0.44,1.65,0.88,2,2,4,1,0,1,"70,90'8","7,88",5,4,2,0,1,0,0,2,1,0,9,12,4,4,4,5,20,15,62,38,1.38,1.16,1.17,1.07,2.97,62,80,61,31,26,45,80,55,79,10.71,6.25,2.20,3.00,3.60,1.50,2.63,5.00,11.00,2.05,1.70,Estadio de Mestalla (Valencia)
1734880500,Dec 22 2024 - 3:15pm,complete,N/A,Real Madrid,Sevilla FC,Isidro Díaz de Mera Escuderos,18,2.63,0.75,2.50,1.00,4,2,6,4,3,1,"10,20,34,53","35,85",6,6,1,0,2,0,0,1,1,1,17,11,9,6,4,4,5,14,59,41,1.81,1.13,1.77,1.37,3.26,44,88,57,44,25,44,63,63,82,11.63,4.38,1.33,5.00,9.00,1.18,1.53,2.20,4.00,1.80,1.95,Estadio Santiago Bernabéu (Madrid)
1734888600,Dec 22 2024 - 5:30pm,complete,N/A,Leganés,Villarreal,Alejandro Muñíz Ruiz,18,1.25,1.75,1.12,1.76,2,5,7,4,2,2,"6,33","16,45'2,65,90'2,90'8",1,5,1,2,2,0,0,3,0,2,6,19,4,10,1,6,17,15,36,64,0.99,1.44,0.72,2.00,2.38,44,82,57,7,0,25,69,51,82,6.75,5.13,3.90,3.40,2.00,1.33,2.00,3.60,7.00,1.80,1.95,Estadio Municipal de Butarque (Leganés)
1734888600,Dec 22 2024 - 5:30pm,complete,23743,UD Las Palmas,RCD Espanyol,César Soto Grado,18,1.13,0.13,1.06,0.71,1,0,1,0,0,0,"67","",2,2,4,0,2,0,2,2,1,1,11,10,5,3,6,4,9,16,58,42,1.34,0.84,1.33,0.89,2.82,63,63,50,44,32,44,76,32,63,8.51,6.00,1.75,3.70,4.50,1.36,2.10,3.75,7.50,1.95,1.80,Estadio de Gran Canaria (Las Palmas de Gran Canaria)
1734897600,Dec 22 2024 - 8:00pm,complete,53121,Real Betis,Rayo Vallecano,Víctor García Verdura,18,1.88,1.33,1.88,1.18,1,1,2,1,1,0,"37","51",5,5,0,0,4,0,0,0,2,2,16,11,6,5,6,4,9,14,56,44,1.81,1.03,1.55,1.21,2.03,54,60,42,13,0,24,54,36,66,11.11,5.25,1.80,3.50,4.75,1.41,2.20,4.33,9.00,2.05,1.70,Estadio Benito Villamarín (Sevilla)
1735934400,Jan 03 2025 - 8:00pm,complete,46420,Valencia CF,Real Madrid,César Soto Grado,12,1.13,1.78,1.65,1.88,1,2,3,1,1,0,"27","85,90'6",2,5,2,0,3,1,0,2,1,3,9,18,6,6,3,8,16,9,38,62,1.35,1.57,1.18,1.78,2.89,65,88,53,25,18,31,71,64,82,11.60,4.67,6.50,4.33,1.48,1.28,1.80,3.19,5.25,2.05,1.70,Estadio de Mestalla (Valencia)
1736539200,Jan 10 2025 - 8:00pm,complete,12955,Rayo Vallecano,Celta de Vigo,Guillermo Cuadra Fernández,19,1.13,0.50,1.31,0.81,2,1,3,2,1,1,"5,63","26",3,3,2,0,2,1,2,0,2,1,9,24,6,8,3,6,18,9,50,50,1.61,1.26,1.18,1.78,3.38,76,82,69,51,19,32,82,63,94,8.75,5.25,2.60,3.00,2.90,1.42,2.20,4.20,8.50,1.91,1.91,Estadio de Vallecas (Madrid)
1736600400,Jan 11 2025 - 1:00pm,complete,16454,Deportivo Alavés,Girona FC,Mateo Busquets Ferrer,19,1.50,1.00,1.19,0.82,0,1,1,0,0,0,"","90'1",6,3,1,0,4,0,0,1,2,2,12,4,3,2,7,2,16,11,43,57,1.15,1.13,1.24,0.79,2.24,47,77,36,12,7,18,76,36,77,10.92,5.41,2.63,3.20,2.75,1.40,2.00,4.00,8.00,1.75,2.00,Estadio de Mendizorroza (Vitoria-Gasteiz)
1736608500,Jan 11 2025 - 3:15pm,complete,21911,Real Valladolid,Real Betis,Adrián Cordero Vega,19,1.00,1.00,0.81,1.38,1,0,1,0,0,0,"58","",1,8,2,0,4,0,1,1,1,3,13,15,2,4,6,9,21,10,42,58,1.03,1.20,0.86,1.50,2.17,50,67,39,11,11,22,50,56,62,7.78,5.78,4.00,3.60,1.85,1.36,2.00,3.75,7.50,1.80,1.95,Estadio Municipal José Zorrilla (Valladolid)
1736616600,Jan 11 2025 - 5:30pm,complete,26606,RCD Espanyol,Leganés,Juan Martínez Munuera,19,1.56,0.89,1.69,0.69,1,1,2,2,1,1,"2","14",8,4,2,0,2,1,2,0,1,2,16,15,6,7,5,7,15,19,53,47,1.12,0.82,1.51,1.65,2.50,67,78,39,22,11,28,67,45,78,7.89,4.89,2.05,3.20,3.80,1.55,2.50,5.50,13.00,2.10,1.67,RCDE Stadium (Cornella de Llobregat)
1736625600,Jan 11 2025 - 8:00pm,complete,34297,Sevilla FC,Valencia CF,Francisco José Hernández Maeso,19,1.78,0.33,1.25,0.69,1,1,2,0,0,0,"90'3","61",10,1,1,0,2,0,0,1,1,1,16,6,6,2,6,3,16,8,54,46,1.34,0.95,1.47,0.70,1.95,39,62,33,6,0,17,78,22,73,9.89,5.56,2.10,3.10,3.70,1.50,2.50,4.33,9.50,2.10,1.67,Estadio Ramón Sánchez Pizjuán (Sevilla)
1736686800,Jan 12 2025 - 1:00pm,complete,N/A,UD Las Palmas,Getafe CF,Javier Alberola Rojas,19,1.33,0.25,1.06,1.25,1,2,3,0,0,0,"88","70,86",4,5,2,0,3,0,0,2,1,2,16,13,8,4,4,5,14,17,64,36,1.34,1.06,1.57,1.11,2.15,53,59,29,17,11,29,77,23,59,8.56,6.02,2.38,3.00,3.20,1.52,2.50,5.00,11.00,2.00,1.75,Estadio de Gran Canaria (Las Palmas de Gran Canaria)
1736694900,Jan 12 2025 - 3:15pm,complete,N/A,Atlético Madrid,CA Osasuna,Isidro Díaz de Mera Escuderos,19,2.56,0.88,2.35,0.88,1,0,1,0,0,0,"55","",4,0,2,0,0,0,1,1,0,0,10,7,6,2,3,4,8,14,51,49,1.72,0.74,1.18,0.84,2.52,41,77,47,30,6,18,65,59,76,9.21,4.69,1.38,4.75,8.00,1.25,2.00,3.00,5.50,2.38,1.53,Riyadh Air Metropolitano (Madrid)
1736798400,Jan 13 2025 - 8:00pm,complete,20855,Real Sociedad,Villarreal,César Soto Grado,19,1.22,1.89,1.44,1.76,1,0,1,0,0,0,"51","",3,7,4,0,2,0,0,4,0,2,7,22,4,6,3,10,17,6,57,43,1.44,1.50,1.12,1.82,2.61,56,89,50,11,6,45,84,39,73,11.44,5.67,1.95,3.40,3.90,1.35,2.00,3.75,7.50,1.80,1.95,Reale Arena (Donostia-San Sebastián)
1737144000,Jan 17 2025 - 8:00pm,complete,N/A,RCD Espanyol,Real Valladolid,Ricardo De Burgos Bengoetxea,20,1.50,0.33,1.69,0.18,2,1,3,1,1,0,"31,74","57",1,7,2,0,2,0,1,1,0,2,16,14,5,5,8,7,13,16,36,64,1.16,0.89,1.37,1.35,2.97,57,85,64,27,16,53,79,49,80,8.25,5.30,1.89,3.39,4.69,1.47,2.50,4.75,10.00,2.10,1.67,RCDE Stadium (Cornella de Llobregat)
1737205200,Jan 18 2025 - 1:00pm,complete,12040,Girona FC,Sevilla FC,Juan Martínez Munuera,20,1.78,0.67,1.31,1.00,1,2,3,1,1,0,"36","59,88",7,4,0,0,4,0,0,0,0,4,8,15,5,7,3,4,6,15,60,40,1.37,1.15,1.18,1.53,3.44,56,78,67,44,33,56,84,50,78,10.11,4.77,1.91,3.74,4.11,1.32,1.98,3.50,6.50,1.80,1.95,Estadi Municipal de Montilivi (Girona)
1737213300,Jan 18 2025 - 3:15pm,complete,12371,Leganés,Atlético Madrid,Mario Melero López,20,1.11,2.00,1.12,1.63,1,0,1,0,0,0,"49","",2,9,1,0,3,0,0,1,1,2,11,22,4,5,6,15,16,6,32,68,0.96,1.06,1.09,2.22,2.39,33,62,45,17,11,17,56,45,78,6.00,4.22,7.53,4.33,1.48,1.36,2.00,4.00,8.00,2.20,1.62,Estadio Municipal de Butarque (Leganés)
1737221400,Jan 18 2025 - 5:30pm,complete,N/A,Real Betis,Deportivo Alavés,Alejandro José Hernández Hernández,20,1.78,0.50,1.88,0.88,1,3,4,2,1,1,"28","11,80,84",2,3,4,1,5,0,2,3,1,4,13,13,4,6,5,4,12,24,50,50,1.78,1.15,1.15,1.39,2.87,69,84,62,31,10,26,79,57,95,8.99,4.90,1.76,3.82,4.85,1.38,2.10,4.00,8.00,2.00,1.75,Estadio Benito Villamarín (Sevilla)
1737230400,Jan 18 2025 - 8:00pm,complete,15134,Getafe CF,FC Barcelona,Pablo González Fuertes,20,1.40,2.09,1.12,2.25,1,1,2,2,1,1,"34","9",2,10,3,0,2,0,0,3,0,2,12,28,5,6,5,16,9,9,22,78,1.38,1.64,1.18,2.37,2.70,52,71,46,32,18,28,71,47,71,8.92,5.24,7.08,4.52,1.48,1.26,1.80,3.10,6.00,1.95,1.80,Estadio Coliseum (Getafe)
1737291600,Jan 19 2025 - 1:00pm,complete,22279,Celta de Vigo,Athletic Club Bilbao,Miguel Ángel Ortiz Arias,20,2.00,1.67,1.94,1.50,1,2,3,0,0,0,"74","62,71",3,4,1,1,0,0,0,2,0,0,4,15,2,7,2,5,14,6,59,41,1.41,1.34,0.68,1.51,2.58,69,85,53,21,6,37,79,42,85,9.16,4.52,2.75,3.08,2.77,1.45,2.38,4.50,9.50,1.95,1.80,Estadio Abanca-Balaídos (Vigo)
1737299700,Jan 19 2025 - 3:15pm,complete,74808,Real Madrid,UD Las Palmas,Alejandro Quintero González,20,2.67,1.11,2.50,0.88,4,1,5,4,3,1,"18,33,36,57","1",8,2,0,0,1,1,0,0,1,1,27,8,14,3,12,4,11,13,61,39,1.80,1.06,3.09,0.73,3.28,50,95,67,45,22,33,62,67,89,10.00,4.67,1.14,8.00,15.00,1.08,1.30,1.76,2.70,1.91,1.91,Estadio Santiago Bernabéu (Madrid)
1737307800,Jan 19 2025 - 5:30pm,complete,20770,CA Osasuna,Rayo Vallecano,Alejandro Muñíz Ruiz,20,1.80,1.30,1.76,1.18,1,1,2,1,0,1,"60","19",6,3,3,0,2,0,1,2,1,1,17,10,4,4,9,5,9,13,52,48,1.47,1.05,1.59,1.09,2.40,65,65,50,20,10,35,70,35,70,10.40,5.60,2.23,3.12,3.57,1.50,2.50,4.75,10.00,2.05,1.70,Estadio El Sadar (Pamplona (Iruñea))
1737316800,Jan 19 2025 - 8:00pm,complete,40791,Valencia CF,Real Sociedad,Víctor García Verdura,20,1.00,1.56,1.65,1.12,1,0,1,1,1,0,"26","",4,7,3,0,4,0,0,3,1,3,9,13,3,4,5,6,10,12,35,65,1.33,1.03,0.98,1.46,2.06,34,56,34,17,11,28,73,34,50,11.89,5.22,3.00,3.00,2.50,1.57,3.00,6.00,13.00,2.25,1.57,Estadio de Mestalla (Valencia)
1737403200,Jan 20 2025 - 8:00pm,complete,14852,Villarreal,RCD Mallorca,José Luis Munuera Montero,20,1.44,1.67,1.56,1.25,4,0,4,4,4,0,"20,24,26,28","",6,5,1,0,3,0,0,1,2,1,16,10,8,3,7,7,9,12,44,56,1.52,1.19,1.83,1.12,3.06,67,78,61,34,17,28,72,50,84,8.00,6.00,1.73,3.50,5.25,1.35,2.00,3.75,7.50,1.95,1.80,Estadio de la Cerámica (Villarreal)
1737748800,Jan 24 2025 - 8:00pm,complete,N/A,UD Las Palmas,CA Osasuna,Jesús Gil Manzano,21,1.20,0.78,1.06,0.88,1,1,2,0,0,0,"90'8","53",4,2,6,1,8,0,2,5,3,5,18,17,8,5,9,12,14,17,51,49,1.36,0.75,1.90,1.65,2.41,52,69,42,32,10,31,63,42,69,7.06,4.69,2.45,3.10,3.00,1.40,2.20,4.20,8.50,1.91,1.91,Estadio de Gran Canaria (Las Palmas de Gran Canaria)
1737810000,Jan 25 2025 - 1:00pm,complete,19452,RCD Mallorca,Real Betis,Javier Alberola Rojas,21,1.50,0.90,1.41,1.38,0,1,1,0,0,0,"","90'6",4,4,2,1,2,0,0,3,1,1,23,12,4,4,13,5,12,18,48,52,1.20,1.23,1.75,1.09,2.10,50,60,35,10,10,30,55,35,70,9.00,5.30,2.40,3.10,3.20,1.48,2.63,4.75,10.00,2.05,1.70,Estadi Mallorca Son Moix (Palma de Mallorca)
1737818100,Jan 25 2025 - 3:15pm,complete,63596,Atlético Madrid,Villarreal,José María Sánchez Martínez,21,2.60,1.70,2.35,1.76,1,1,2,1,0,1,"58","29",5,6,4,0,2,0,1,3,1,1,24,12,9,2,12,9,10,14,59,41,1.67,1.53,2.47,1.09,2.80,55,80,55,20,10,30,75,50,90,10.70,5.50,1.62,4.00,5.25,1.19,1.62,2.55,4.50,1.67,2.10,Riyadh Air Metropolitano (Madrid)
1737826200,Jan 25 2025 - 5:30pm,complete,33602,Sevilla FC,RCD Espanyol,Adrián Cordero Vega,21,1.70,0.11,1.25,0.71,1,1,2,1,0,1,"61","15",5,1,1,0,4,0,0,1,1,3,29,8,5,2,21,5,13,14,75,25,1.35,0.85,2.50,0.69,2.18,42,52,32,22,17,22,58,26,74,9.24,6.41,1.70,3.75,5.00,1.40,2.20,4.33,8.50,2.10,1.67,Estadio Ramón Sánchez Pizjuán (Sevilla)
1737835200,Jan 25 2025 - 8:00pm,complete,26025,Real Valladolid,Real Madrid,Mateo Busquets Ferrer,21,1.20,1.90,0.81,1.88,0,3,3,1,0,1,"","30,57,90'1",1,7,2,1,3,0,2,1,1,2,7,26,3,5,4,16,10,12,32,68,1.01,1.59,0.87,2.12,2.40,55,75,50,10,10,10,55,65,80,8.10,5.10,10.00,5.75,1.27,1.13,1.44,2.10,3.60,1.80,1.95,Estadio Municipal José Zorrilla (Valladolid)
1737896400,Jan 26 2025 - 1:00pm,complete,12405,Rayo Vallecano,Girona FC,Isidro Díaz de Mera Escuderos,21,1.33,1.20,1.31,0.82,2,1,3,0,0,0,"80,83","58",4,1,3,0,1,0,1,2,0,1,20,16,8,6,10,7,19,9,57,43,1.57,1.10,2.13,1.47,2.61,65,80,49,22,6,16,85,43,90,9.72,5.34,2.75,2.88,2.80,1.40,2.20,4.00,8.00,1.80,1.95,Estadio de Vallecas (Madrid)
1737904500,Jan 26 2025 - 3:15pm,complete,30004,Real Sociedad,Getafe CF,Guillermo Cuadra Fernández,21,1.40,0.56,1.44,1.25,0,3,3,0,0,0,"","72,74,85",5,2,3,0,6,0,1,2,2,4,19,15,5,5,9,9,11,15,57,43,1.41,1.06,1.57,1.54,1.84,37,63,26,0,0,21,64,26,58,10.81,5.81,1.75,3.40,5.00,1.65,3.20,7.00,15.00,2.75,1.40,Reale Arena (Donostia-San Sebastián)
1737912600,Jan 26 2025 - 5:30pm,complete,47612,Athletic Club Bilbao,Leganés,Alejandro José Hernández Hernández,21,2.10,0.90,2.12,0.69,0,0,0,0,0,0,"","",16,1,1,0,1,0,1,0,1,0,35,7,4,3,26,3,10,8,68,32,1.31,0.90,2.80,0.73,2.35,65,75,25,20,10,20,65,40,75,7.50,5.00,1.38,5.00,7.50,1.38,2.10,4.00,8.00,2.63,1.44,San Mamés Barria (Bilbao)
1737921600,Jan 26 2025 - 8:00pm,complete,45312,FC Barcelona,Valencia CF,César Soto Grado,21,1.88,0.40,2.35,0.69,7,1,8,5,5,0,"3,8,14,24,45'4,66,75","59",14,4,0,0,1,0,0,0,0,1,26,10,12,3,11,5,10,12,72,28,2.02,0.92,2.69,0.97,2.80,57,73,58,24,13,35,84,40,73,11.95,2.75,1.22,7.50,9.50,1.12,1.40,2.05,3.40,1.95,1.80,Estadi Olímpic Lluís Companys (Barcelona)
1738008000,Jan 27 2025 - 8:00pm,complete,13612,Deportivo Alavés,Celta de Vigo,Francisco José Hernández Maeso,21,1.33,0.44,1.19,0.81,1,1,2,1,1,0,"6","66",3,4,2,0,3,0,0,2,1,2,4,7,2,3,2,4,15,14,50,50,1.16,1.32,0.63,0.96,2.84,56,73,56,34,17,39,67,45,84,9.44,5.22,2.75,2.80,2.90,1.40,2.20,4.00,8.50,1.80,1.95,Estadio de Mendizorroza (Vitoria-Gasteiz)
1738353600,Jan 31 2025 - 8:00pm,complete,11432,Leganés,Rayo Vallecano,Alejandro Quintero González,22,1.30,1.27,1.12,1.18,0,1,1,0,0,0,"","78",2,9,2,1,4,0,2,1,0,4,8,24,2,4,4,16,7,19,33,67,0.97,1.05,0.73,1.99,2.02,38,58,39,5,5,14,48,39,68,7.21,5.10,3.00,3.00,2.50,1.53,2.63,5.00,11.00,2.10,1.67,Estadio Municipal de Butarque (Leganés)
1738414800,Feb 01 2025 - 1:00pm,complete,11730,Getafe CF,Sevilla FC,Ricardo De Burgos Bengoetxea,22,1.36,0.90,1.12,1.00,0,0,0,0,0,0,"","",6,5,4,0,6,0,3,1,2,4,8,17,2,2,5,12,15,12,45,55,1.36,1.19,0.85,1.29,2.38,53,68,30,20,15,30,68,39,68,8.91,5.24,2.40,3.00,3.20,1.57,2.75,5.50,12.00,2.25,1.57,Estadio Coliseum (Getafe)
1738422900,Feb 01 2025 - 3:15pm,complete,17032,Villarreal,Real Valladolid,Isidro Díaz de Mera Escuderos,22,1.60,0.30,1.56,0.18,5,1,6,1,1,0,"42,64,70,86,90'1","90'4",3,6,1,0,2,0,1,0,1,1,26,9,9,3,14,5,9,14,53,47,1.55,0.94,2.50,0.93,3.65,65,95,80,45,20,50,90,65,80,8.67,5.90,1.22,6.50,12.00,1.13,1.50,2.15,3.75,1.95,1.80,Estadio de la Cerámica (Villarreal)
1738431000,Feb 01 2025 - 5:30pm,complete,60710,Atlético Madrid,RCD Mallorca,Víctor García Verdura,22,2.45,1.50,2.35,1.25,2,0,2,1,1,0,"26,90'3","",10,4,2,0,3,0,0,2,0,3,21,14,6,2,12,9,9,14,53,47,1.74,1.19,1.99,1.12,2.48,43,67,48,19,10,15,57,43,86,9.30,5.44,1.40,4.50,8.50,1.40,2.05,4.33,9.00,2.50,1.50,Riyadh Air Metropolitano (Madrid)
1738440000,Feb 01 2025 - 8:00pm,complete,33669,RCD Espanyol,Real Madrid,Alejandro Muñíz Ruiz,22,1.64,2.00,1.69,1.88,1,0,1,0,0,0,"85","",1,8,2,0,0,0,0,2,0,0,7,26,3,8,3,14,14,3,24,76,1.18,1.63,0.75,2.62,2.73,69,91,60,14,9,27,78,59,87,9.19,4.36,9.30,5.35,1.32,1.19,1.65,2.55,4.50,2.00,1.75,RCDE Stadium (Cornella de Llobregat)
1738501200,Feb 02 2025 - 1:00pm,complete,42900,FC Barcelona,Deportivo Alavés,José Luis Munuera Montero,22,2.00,0.73,2.35,0.88,1,0,1,0,0,0,"61","",5,2,5,0,2,0,2,3,0,2,14,6,5,0,7,4,8,20,71,29,2.09,1.17,1.44,0.49,3.68,70,85,80,45,26,46,90,65,89,11.53,3.76,1.20,7.28,13.28,1.11,1.36,2.01,3.25,1.91,1.91,Estadi Olímpic Lluís Companys (Barcelona)
1738509300,Feb 02 2025 - 3:15pm,complete,42273,Valencia CF,Celta de Vigo,Pablo González Fuertes,22,1.20,0.50,1.65,0.81,2,1,3,1,1,0,"44,68","65",5,2,1,0,2,0,0,1,0,2,10,4,6,3,3,1,9,17,46,54,1.30,1.28,1.28,0.81,3.05,65,75,60,40,20,45,80,50,75,9.80,5.70,2.49,3.10,3.24,1.44,2.20,4.33,9.00,1.95,1.80,Estadio de Mestalla (Valencia)
1738517400,Feb 02 2025 - 5:30pm,complete,N/A,CA Osasuna,Real Sociedad,Miguel Ángel Ortiz Arias,22,1.73,1.40,1.76,1.12,2,1,3,1,1,0,"34,74","90'4",3,5,3,0,3,0,1,2,1,2,14,16,5,4,7,10,10,8,37,63,1.48,1.08,1.39,1.62,2.15,41,56,37,18,9,28,81,28,61,10.66,5.05,3.00,3.00,2.50,1.50,2.75,5.50,12.00,2.10,1.67,Estadio El Sadar (Pamplona (Iruñea))
1738526400,Feb 02 2025 - 8:00pm,complete,49292,Real Betis,Athletic Club Bilbao,Juan Martínez Munuera,22,1.60,1.80,1.88,1.50,2,2,4,3,2,1,"15,45'2","33,69",3,7,3,0,1,0,0,3,0,1,11,14,7,5,4,8,10,20,52,48,1.72,1.36,1.50,1.48,2.60,75,85,55,20,5,35,65,50,90,10.90,4.40,3.00,3.20,2.40,1.40,2.20,4.20,8.50,1.95,1.80,Estadio Benito Villamarín (Sevilla)
1738612800,Feb 03 2025 - 8:00pm,complete,10088,Girona FC,UD Las Palmas,Mario Melero López,22,1.60,1.00,1.31,0.88,2,1,3,1,1,0,"8,79","82",11,3,2,0,3,0,1,1,2,1,16,15,5,3,8,8,12,12,47,53,1.35,1.03,1.52,1.20,3.25,60,85,75,40,25,40,80,50,85,8.52,5.00,1.63,4.13,5.50,1.26,1.84,3.10,5.50,1.91,1.91,Estadi Municipal de Montilivi (Girona)
1738958400,Feb 07 2025 - 8:00pm,complete,12286,Rayo Vallecano,Real Valladolid,Jesús Gil Manzano,23,1.50,0.27,1.31,0.18,1,0,1,0,0,0,"71","",4,2,2,0,2,0,1,1,1,1,26,9,7,4,14,5,11,15,69,31,1.62,0.94,2.27,1.04,3.37,73,91,76,33,19,33,81,67,96,9.00,5.32,1.48,4.00,7.00,1.33,2.10,3.60,7.00,2.20,1.62,Estadio de Vallecas (Madrid)
1739019600,Feb 08 2025 - 1:00pm,complete,22651,Celta de Vigo,Real Betis,Mateo Busquets Ferrer,23,1.82,1.09,1.94,1.38,3,2,5,2,0,2,"63,65,87","10,22",4,7,3,0,5,0,0,3,1,4,15,13,7,6,8,7,11,11,55,45,1.34,1.22,1.79,1.60,2.37,55,73,41,18,5,27,64,45,78,7.64,5.00,2.25,3.30,3.20,1.40,2.10,4.00,8.00,1.91,1.91,Estadio Abanca-Balaídos (Vigo)
1739027700,Feb 08 2025 - 3:15pm,complete,48261,Athletic Club Bilbao,Girona FC,José María Sánchez Martínez,23,2.00,1.09,2.12,0.82,3,0,3,2,2,0,"42,45'1,79","",11,2,0,0,4,0,0,0,0,4,30,4,9,2,16,2,7,12,45,55,1.44,1.13,2.59,0.54,2.14,50,69,32,14,5,14,69,32,78,9.45,4.91,1.67,3.75,5.00,1.36,2.10,3.75,7.50,2.10,1.67,San Mamés Barria (Bilbao)
1739035800,Feb 08 2025 - 5:30pm,complete,N/A,UD Las Palmas,Villarreal,Francisco José Hernández Maeso,23,1.18,1.64,1.06,1.76,1,2,3,0,0,0,"84","53,66",6,5,6,0,3,0,2,4,2,1,21,10,5,5,11,2,12,12,57,43,1.41,1.49,0.00,0.00,2.78,73,82,50,23,14,41,78,41,82,9.18,6.09,4.33,4.00,1.80,1.20,1.66,2.65,4.75,1.63,2.25,Estadio de Gran Canaria (Las Palmas de Gran Canaria)
1739044800,Feb 08 2025 - 8:00pm,complete,N/A,Real Madrid,Atlético Madrid,César Soto Grado,23,2.70,1.80,2.50,1.63,1,1,2,1,0,1,"50","35",6,1,1,0,3,0,1,0,1,2,29,13,10,2,14,9,14,13,60,40,1.93,1.17,2.83,1.07,2.95,40,75,50,40,25,35,60,45,85,10.90,3.70,1.80,3.60,4.50,1.25,1.73,2.95,5.50,1.67,2.10,Estadio Santiago Bernabéu (Madrid)
1739106000,Feb 09 2025 - 1:00pm,complete,16236,Deportivo Alavés,Getafe CF,Isidro Díaz de Mera Escuderos,23,1.30,0.80,1.19,1.25,0,1,1,1,0,1,"","44",8,3,2,0,6,0,1,1,1,5,16,5,5,4,8,1,16,16,66,34,1.10,1.11,1.71,0.78,2.00,45,65,30,5,5,15,60,30,70,9.80,5.80,2.30,2.90,3.50,1.61,3.20,6.50,15.00,2.38,1.53,Estadio de Mendizorroza (Vitoria-Gasteiz)
1739114100,Feb 09 2025 - 3:15pm,complete,N/A,Valencia CF,Leganés,Guillermo Cuadra Fernández,23,1.36,0.91,1.65,0.69,2,0,2,2,2,0,"30,41","",9,3,1,0,1,0,1,0,1,0,22,14,5,5,14,8,14,9,44,56,1.30,0.88,1.77,1.49,2.46,64,73,37,23,14,27,69,50,64,9.45,5.28,1.80,3.10,5.50,1.53,2.63,5.00,11.00,2.25,1.57,Estadio de Mestalla (Valencia)
1739122200,Feb 09 2025 - 5:30pm,complete,N/A,Real Sociedad,RCD Espanyol,Javier Alberola Rojas,23,1.27,0.20,1.44,0.71,2,1,3,1,1,0,"1,84","53",6,0,1,0,2,0,0,1,1,1,18,6,4,2,10,3,11,17,70,30,1.42,0.83,1.71,0.60,2.25,39,62,38,20,15,29,58,28,67,9.75,5.93,1.57,3.90,5.75,1.42,2.20,4.33,9.00,2.25,1.57,Reale Arena (Donostia-San Sebastián)
1739131200,Feb 09 2025 - 8:00pm,complete,N/A,Sevilla FC,FC Barcelona,Alejandro José Hernández Hernández,23,1.64,2.00,1.25,2.25,1,4,5,2,1,1,"8","7,46,55,89",5,6,5,0,2,1,2,3,1,2,9,12,5,7,4,4,14,6,40,60,1.46,1.70,1.14,1.54,2.87,60,78,51,29,17,34,78,47,79,10.98,5.67,5.50,4.33,1.53,1.14,1.44,2.15,3.60,1.53,2.38,Estadio Ramón Sánchez Pizjuán (Sevilla)
1739217600,Feb 10 2025 - 8:00pm,complete,15378,RCD Mallorca,CA Osasuna,Adrián Cordero Vega,23,1.36,0.80,1.41,0.88,1,1,2,0,0,0,"81","90'4",7,11,1,0,4,0,0,1,1,3,13,22,3,5,8,15,7,11,46,54,1.25,0.84,1.14,2.04,2.01,43,58,33,20,5,24,53,34,72,7.32,5.23,2.00,3.00,4.33,1.55,2.75,5.50,13.00,2.25,1.57,Estadi Mallorca Son Moix (Palma de Mallorca)
1739563200,Feb 14 2025 - 8:00pm,complete,10354,Girona FC,Getafe CF,Alejandro Quintero González,24,1.73,1.00,1.31,1.25,1,2,3,1,0,1,"54","3,62",3,3,2,1,3,0,0,3,0,3,19,13,5,7,10,4,11,23,71,29,1.36,1.08,1.76,1.36,2.59,46,69,55,18,14,27,78,41,69,9.62,5.73,1.90,3.30,4.20,1.48,2.50,4.75,10.00,2.20,1.62,Estadi Municipal de Montilivi (Girona)
1739624400,Feb 15 2025 - 1:00pm,complete,10681,Leganés,Deportivo Alavés,Pablo González Fuertes,24,1.18,0.67,1.12,0.88,3,3,6,3,2,1,"10,37,88","25,50,68",3,2,4,1,5,0,0,5,3,2,9,20,4,8,5,9,18,15,42,58,0.95,1.12,1.06,1.91,2.72,43,69,60,26,13,21,60,61,91,5.27,5.27,3.15,2.89,2.63,1.50,2.75,5.50,12.00,2.10,1.67,Estadio Municipal de Butarque (Leganés)
1739632500,Feb 15 2025 - 3:15pm,complete,22390,CA Osasuna,Real Madrid,José Luis Munuera Montero,24,1.83,1.83,1.76,1.88,1,1,2,1,0,1,"58","15",6,2,3,0,1,1,0,3,1,1,13,23,5,6,7,12,16,7,46,54,1.47,1.72,1.54,1.96,2.92,71,88,63,21,13,25,80,63,96,10.00,4.50,5.75,3.90,1.57,1.20,1.67,2.65,4.75,1.70,2.05,Estadio El Sadar (Pamplona (Iruñea))
1739640600,Feb 15 2025 - 5:30pm,complete,64211,Atlético Madrid,Celta de Vigo,Juan Martínez Munuera,24,2.50,0.45,2.35,0.81,1,1,2,0,0,0,"81","68",2,7,3,1,5,0,1,3,1,4,11,14,4,5,6,7,8,18,33,67,1.76,1.24,1.10,1.63,2.93,58,79,58,31,13,27,75,53,92,9.51,5.31,1.42,4.50,7.00,1.28,1.80,3.10,6.00,2.10,1.67,Riyadh Air Metropolitano (Madrid)
1739649600,Feb 15 2025 - 8:00pm,complete,N/A,Villarreal,Valencia CF,Ricardo De Burgos Bengoetxea,24,1.73,0.36,1.56,0.69,1,1,2,1,1,0,"32","84",4,5,0,0,5,0,0,0,0,5,15,14,5,4,9,9,6,17,50,50,1.64,0.93,1.63,1.37,3.37,69,87,64,41,18,36,91,50,73,9.00,4.73,1.50,4.20,6.25,1.22,1.67,2.75,5.00,1.80,1.95,Estadio de la Cerámica (Villarreal)
1739710800,Feb 16 2025 - 1:00pm,complete,26645,RCD Espanyol,Athletic Club Bilbao,Guillermo Cuadra Fernández,24,1.75,1.73,1.69,1.50,1,1,2,0,0,0,"62","77",2,7,1,0,1,0,0,1,1,0,17,19,5,6,8,9,12,8,38,62,1.14,1.37,1.42,1.79,2.58,75,83,57,18,9,44,70,39,83,9.88,4.16,4.75,3.50,1.75,1.44,2.30,4.33,9.50,2.10,1.67,RCDE Stadium (Cornella de Llobregat)
1739718900,Feb 16 2025 - 3:15pm,complete,22123,Real Valladolid,Sevilla FC,Javier Alberola Rojas,24,1.09,0.91,0.81,1.00,0,4,4,2,0,2,"","5,45'1,67,84",3,2,4,0,2,0,0,4,1,1,11,12,3,7,5,5,11,10,52,48,1.00,1.20,0.94,1.47,2.55,50,64,50,23,18,27,59,55,69,8.55,6.00,3.90,3.40,1.95,1.40,2.20,4.20,8.50,1.95,1.80,Estadio Municipal José Zorrilla (Valladolid)
1739727000,Feb 16 2025 - 5:30pm,complete,18475,RCD Mallorca,UD Las Palmas,Miguel Ángel Ortiz Arias,24,1.33,0.91,1.41,0.88,3,1,4,3,3,0,"7,28,35","62",3,5,1,0,4,0,0,1,3,1,18,11,6,5,9,5,7,13,49,51,1.24,1.04,1.78,1.34,2.51,62,71,53,22,13,26,62,40,83,8.27,5.49,1.73,3.40,5.25,1.50,2.50,4.50,9.50,2.20,1.62,Estadi Mallorca Son Moix (Palma de Mallorca)
1739736000,Feb 16 2025 - 8:00pm,complete,48758,Real Betis,Real Sociedad,Jesús Gil Manzano,24,1.55,1.27,1.88,1.12,3,0,3,0,0,0,"51,64,69","",5,5,0,0,2,2,0,0,3,1,33,5,9,0,16,5,9,15,69,31,1.70,1.13,2.77,0.54,2.05,41,59,37,18,0,23,73,32,64,10.54,5.00,2.40,3.10,3.10,1.47,2.38,4.25,8.30,2.00,1.75,Estadio Benito Villamarín (Sevilla)
1739822400,Feb 17 2025 - 8:00pm,complete,45296,FC Barcelona,Rayo Vallecano,Mario Melero López,24,2.10,1.42,2.35,1.18,1,0,1,1,1,0,"28","",4,5,2,0,3,0,1,1,2,1,17,9,6,5,9,4,11,9,60,40,2.03,1.13,1.71,1.23,2.64,55,60,48,20,15,34,65,34,69,13.35,4.18,1.19,7.51,12.03,1.08,1.30,1.77,2.80,1.75,2.00,Estadi Olímpic Lluís Companys (Barcelona)
1740168000,Feb 21 2025 - 8:00pm,complete,22005,Celta de Vigo,CA Osasuna,José María Sánchez Martínez,25,1.92,0.82,1.94,0.88,1,0,1,0,0,0,"69","",5,4,1,0,0,0,1,0,0,0,13,23,6,2,7,17,11,13,46,54,1.38,0.95,1.48,1.73,2.46,56,78,43,30,4,26,64,53,78,6.85,5.06,1.85,3.60,4.10,1.33,2.00,3.60,7.00,1.91,1.91,Estadio Abanca-Balaídos (Vigo)
1740229200,Feb 22 2025 - 1:00pm,complete,17068,Deportivo Alavés,RCD Espanyol,Juan Luis Pulido Santana,25,1.18,0.18,1.19,0.71,0,1,1,0,0,0,"","86",7,0,2,0,2,0,1,1,1,1,17,11,5,3,9,7,13,17,62,38,1.16,0.81,1.64,1.09,2.28,50,60,36,23,18,23,64,27,73,9.00,5.45,1.83,3.25,5.00,1.50,2.63,5.50,11.00,2.25,1.57,Estadio de Mendizorroza (Vitoria-Gasteiz)
1740237300,Feb 22 2025 - 3:15pm,complete,13373,Rayo Vallecano,Villarreal,Víctor García Verdura,25,1.64,1.75,1.31,1.76,0,1,1,0,0,0,"","66",3,5,1,1,4,0,1,1,1,3,11,13,6,6,5,5,15,12,51,49,1.68,1.49,1.50,1.37,2.92,79,87,61,22,9,30,78,49,96,9.75,5.37,2.90,3.50,2.30,1.26,1.80,2.95,5.50,1.67,2.10,Estadio de Vallecas (Madrid)
1740245400,Feb 22 2025 - 5:30pm,complete,46297,Valencia CF,Atlético Madrid,Mateo Busquets Ferrer,25,1.50,1.73,1.65,1.63,0,3,3,2,0,2,"","12,30,86",7,0,1,0,3,0,1,0,2,1,22,16,3,4,16,8,18,16,49,51,1.34,1.16,1.98,1.47,2.38,52,65,39,22,13,30,74,34,70,10.49,4.76,4.20,3.40,1.91,1.42,2.20,4.33,8.50,2.00,1.75,Estadio de Mestalla (Valencia)
1740254400,Feb 22 2025 - 8:00pm,complete,N/A,UD Las Palmas,FC Barcelona,Adrián Cordero Vega,25,1.08,2.08,1.06,2.25,0,2,2,0,0,0,"","62,90'5",5,3,1,0,1,0,0,1,0,1,14,17,3,6,8,10,13,4,30,70,1.41,1.69,1.08,1.95,3.34,76,84,68,44,28,48,75,60,76,9.89,6.11,9.50,6.00,1.25,1.08,1.33,1.80,2.80,1.67,2.10,Estadio de Gran Canaria (Las Palmas de Gran Canaria)
1740315600,Feb 23 2025 - 1:00pm,complete,47715,Athletic Club Bilbao,Real Valladolid,César Soto Grado,25,2.08,0.25,2.12,0.18,7,1,8,4,4,0,"10,35,43,45'2,66,69,87","47",4,4,2,0,2,1,0,2,1,2,31,6,17,4,13,2,10,5,57,43,1.54,0.95,3.43,0.76,2.80,50,75,54,25,17,34,71,46,84,9.48,4.75,1.18,7.00,12.00,1.20,1.67,2.75,5.00,2.63,1.44,San Mamés Barria (Bilbao)
1740323700,Feb 23 2025 - 3:15pm,complete,74028,Real Madrid,Girona FC,Guillermo Cuadra Fernández,25,2.55,1.00,2.50,0.82,2,0,2,1,1,0,"41,83","",11,5,0,0,2,0,0,0,0,2,29,9,6,3,17,4,1,7,63,37,2.01,1.08,2.34,0.96,2.95,44,88,53,32,18,31,70,49,87,10.64,4.38,1.30,6.00,8.00,1.12,1.40,2.05,3.40,1.75,2.00,Estadio Santiago Bernabéu (Madrid)
1740331800,Feb 23 2025 - 5:30pm,complete,13964,Getafe CF,Real Betis,Javier Alberola Rojas,25,1.33,1.00,1.12,1.38,1,2,3,1,0,1,"82","18,77",2,5,2,1,0,1,0,3,0,1,13,15,5,7,6,7,17,20,49,51,1.32,1.25,1.40,1.62,1.79,42,59,17,9,9,21,50,34,63,8.41,5.58,2.50,3.25,2.80,1.50,2.63,5.00,11.00,2.20,1.62,Estadio Coliseum (Getafe)
1740340800,Feb 23 2025 - 8:00pm,complete,N/A,Real Sociedad,Leganés,Francisco José Hernández Maeso,25,1.42,0.83,1.44,0.69,3,0,3,1,1,0,"12,48,80","",3,3,3,0,3,0,0,3,1,2,13,10,6,3,7,6,13,13,56,44,1.44,0.93,1.53,1.02,2.13,46,75,30,9,4,25,58,42,63,9.58,5.00,1.53,3.75,7.50,1.48,2.50,5.00,10.00,2.50,1.50,Reale Arena (Donostia-San Sebastián)
1740427200,Feb 24 2025 - 8:00pm,complete,N/A,Sevilla FC,RCD Mallorca,Alejandro Muñíz Ruiz,25,1.50,1.36,1.25,1.25,1,1,2,1,1,0,"45'2","90'1",4,4,1,0,3,0,0,1,1,2,20,14,5,3,15,11,11,12,54,46,1.43,1.18,1.93,1.37,2.22,43,66,35,13,9,18,61,30,83,9.03,6.07,2.05,3.20,3.80,1.52,2.63,5.00,11.00,2.10,1.67,Estadio Ramón Sánchez Pizjuán (Sevilla)
1740772800,Feb 28 2025 - 8:00pm,complete,9756,Real Valladolid,UD Las Palmas,Ricardo De Burgos Bengoetxea,26,1.00,0.83,0.81,0.88,1,1,2,1,0,1,"63","22",13,4,2,0,1,1,0,2,2,0,25,5,8,4,15,1,11,8,65,35,0.99,1.07,2.56,0.90,2.67,54,75,63,30,13,25,63,54,80,6.92,6.17,3.00,3.20,2.40,1.40,2.20,4.20,8.50,1.95,1.80,Estadio Municipal José Zorrilla (Valladolid)
1740834000,Mar 01 2025 - 1:00pm,complete,N/A,Girona FC,Celta de Vigo,Miguel Ángel Ortiz Arias,26,1.58,0.50,1.31,0.81,2,2,4,2,1,1,"21,68","36,51",4,2,0,0,0,0,0,0,0,0,11,13,7,7,3,4,8,17,51,49,1.40,1.27,1.39,1.41,3.29,67,83,75,38,21,42,84,58,88,9.05,5.17,2.10,3.50,3.40,1.30,1.91,3.25,6.00,1.70,2.05,Estadi Municipal de Montilivi (Girona)
1740842100,Mar 01 2025 - 3:15pm,complete,N/A,Rayo Vallecano,Sevilla FC,Pablo González Fuertes,26,1.50,1.08,1.31,1.00,1,1,2,0,0,0,"55","81",6,6,1,0,0,0,0,1,0,0,25,13,9,6,12,5,14,9,64,36,1.67,1.22,2.35,1.38,2.96,67,75,58,34,17,34,71,54,88,9.58,5.33,2.20,3.25,3.30,1.42,2.10,4.33,9.00,1.91,1.91,Estadio de Vallecas (Madrid)
1740850200,Mar 01 2025 - 5:30pm,complete,19559,Real Betis,Real Madrid,Alejandro José Hernández Hernández,26,1.67,1.77,1.88,1.88,2,1,3,2,1,1,"34,54","10",9,2,3,0,4,0,0,3,1,3,26,14,4,3,15,7,17,12,42,58,1.79,1.74,1.83,1.23,2.72,65,88,56,21,4,21,68,60,96,9.87,4.25,4.50,3.90,1.70,1.18,1.53,2.35,4.00,1.53,2.38,Estadio Benito Villamarín (Sevilla)
1740859200,Mar 01 2025 - 8:00pm,complete,60823,Atlético Madrid,Athletic Club Bilbao,Jesús Gil Manzano,26,2.38,1.67,2.35,1.50,1,0,1,0,0,0,"66","",6,2,2,0,3,0,0,2,1,2,13,18,5,4,8,12,7,8,51,49,1.71,1.41,1.45,1.61,2.57,65,85,48,16,8,25,60,52,92,11.67,4.60,2.05,3.40,3.60,1.40,2.10,4.00,8.00,1.95,1.80,Riyadh Air Metropolitano (Madrid)
1740920400,Mar 02 2025 - 1:00pm,complete,N/A,Leganés,Getafe CF,Alejandro Muñíz Ruiz,26,1.17,1.17,1.12,1.25,1,0,1,0,0,0,"90'2","",2,6,1,0,1,0,0,1,0,1,7,13,2,0,5,10,15,15,59,41,0.96,1.10,0.81,1.00,2.25,34,58,42,9,9,13,55,46,71,6.08,6.16,3.20,2.70,2.60,1.70,3.40,7.00,15.00,2.50,1.50,Estadio Municipal de Butarque (Leganés)
1740928500,Mar 02 2025 - 3:15pm,complete,63208,FC Barcelona,Real Sociedad,Alejandro Quintero González,26,2.18,1.17,2.35,1.12,4,0,4,2,2,0,"25,29,56,60","",12,0,0,0,0,1,0,0,1,0,44,0,11,0,23,0,15,6,76,24,2.00,1.08,3.75,0.08,2.48,32,53,45,18,14,27,75,35,58,12.98,4.01,1.25,5.50,11.00,1.19,1.57,2.45,4.33,2.05,1.70,Estadi Olímpic Lluís Companys (Barcelona)
1740936600,Mar 02 2025 - 5:30pm,complete,7316,RCD Mallorca,Deportivo Alavés,César Soto Grado,26,1.46,0.69,1.41,0.88,1,1,2,1,1,0,"9","68",3,9,0,0,2,0,0,0,0,2,18,23,5,7,11,12,20,14,44,56,1.28,1.18,1.58,2.10,2.73,62,70,58,31,16,35,70,46,89,7.77,5.61,2.20,3.10,3.60,1.55,2.75,5.50,13.00,2.25,1.57,Estadi Mallorca Son Moix (Palma de Mallorca)
1740945600,Mar 02 2025 - 8:00pm,complete,5219,CA Osasuna,Valencia CF,Mario Melero López,26,1.77,0.42,1.76,0.69,3,3,6,5,3,2,"26,39,45","14,32,87",3,3,2,0,1,0,0,2,0,1,12,13,6,6,6,7,10,7,51,49,1.48,0.97,1.55,1.50,2.79,72,80,52,24,12,32,88,40,84,9.48,4.79,2.25,3.10,3.30,1.45,2.30,4.50,9.50,2.00,1.75,Estadio El Sadar (Pamplona (Iruñea))
1741438800,Mar 08 2025 - 1:00pm,complete,53870,Celta de Vigo,Leganés,Isidro Díaz de Mera Escuderos,27,2.00,0.77,1.94,0.69,2,1,3,3,2,1,"26,45'1","19",2,5,3,0,2,0,0,3,1,1,9,14,5,7,3,6,10,9,56,44,1.39,0.94,1.04,1.63,2.46,58,77,39,23,8,27,70,46,74,6.77,4.77,1.57,3.80,6.00,1.33,2.00,3.60,7.00,2.05,1.70,Estadio Abanca-Balaídos (Vigo)
1741446900,Mar 08 2025 - 3:15pm,complete,18153,Deportivo Alavés,Villarreal,Miguel Ángel Ortiz Arias,27,1.08,1.85,1.19,1.76,1,0,1,1,1,0,"11","",1,6,3,2,1,0,0,5,0,1,7,26,4,3,2,21,11,13,31,69,1.20,1.48,0.90,2.35,2.35,56,72,40,12,8,28,68,32,84,10.94,5.33,3.10,3.20,2.38,1.36,2.10,3.75,7.50,1.80,1.95,Estadio de Mendizorroza (Vitoria-Gasteiz)
1741455000,Mar 08 2025 - 5:30pm,complete,45882,Valencia CF,Real Valladolid,Juan Luis Pulido Santana,27,1.38,0.23,1.65,0.18,2,1,3,2,1,1,"7,58","40",5,4,1,0,3,0,0,1,1,2,21,13,5,5,13,7,11,10,62,38,1.39,0.93,1.95,1.35,3.23,54,81,66,31,23,46,81,58,77,10.37,5.23,1.36,4.50,9.00,1.42,2.10,4.50,9.50,2.50,1.50,Estadio de Mestalla (Valencia)
1741525200,Mar 09 2025 - 1:00pm,complete,12862,Getafe CF,Atlético Madrid,Guillermo Cuadra Fernández,27,1.23,1.83,1.12,1.63,2,1,3,0,0,0,"88,90'2","75",4,4,6,0,2,1,1,5,1,2,15,6,4,3,8,2,10,14,39,61,1.32,1.19,1.35,0.77,1.78,40,56,21,9,4,17,61,20,69,7.50,5.02,4.33,3.10,2.00,1.55,2.75,5.50,13.00,2.25,1.57,Estadio Coliseum (Getafe)
1741533300,Mar 09 2025 - 3:15pm,complete,74170,Real Madrid,Rayo Vallecano,Francisco José Hernández Maeso,27,2.58,1.31,2.50,1.18,2,1,3,3,2,1,"30,34","45'2",4,6,3,0,1,0,0,3,0,1,13,25,6,7,5,14,12,17,46,54,2.04,1.14,1.40,2.06,2.52,44,73,41,25,17,29,61,37,73,12.23,4.50,1.29,5.75,9.00,1.17,1.53,2.30,4.20,1.95,1.80,Estadio Santiago Bernabéu (Madrid)
1741541400,Mar 09 2025 - 5:30pm,complete,48203,Athletic Club Bilbao,RCD Mallorca,Alejandro José Hernández Hernández,27,2.15,1.33,2.12,1.25,1,1,2,0,0,0,"58","56",3,3,1,0,3,0,1,0,0,3,10,10,3,3,6,7,6,13,56,44,1.69,1.20,1.15,1.01,2.48,48,68,40,20,12,24,64,28,80,9.04,4.83,1.60,3.75,6.00,1.33,2.20,3.60,7.00,2.10,1.67,San Mamés Barria (Bilbao)
1741541400,Mar 09 2025 - 5:30pm,complete,49292,Real Betis,UD Las Palmas,José María Sánchez Martínez,27,1.77,0.85,1.88,0.88,1,0,1,0,0,0,"65","",11,1,2,0,7,1,1,1,3,5,18,10,7,2,8,7,12,14,67,33,1.79,1.06,1.95,0.91,2.93,73,89,66,35,8,35,73,46,92,9.00,5.31,1.42,4.75,7.00,1.26,1.73,3.00,5.50,1.95,1.80,Estadio Benito Villamarín (Sevilla)
1741550400,Mar 09 2025 - 8:00pm,complete,N/A,Real Sociedad,Sevilla FC,Víctor García Verdura,27,1.54,1.08,1.44,1.00,0,1,1,0,0,0,"","46",6,3,2,0,1,0,0,2,0,1,8,11,3,5,5,5,14,12,61,39,1.45,1.23,1.21,1.14,2.62,47,77,50,19,12,35,66,54,73,11.08,5.24,2.10,3.20,3.70,1.40,2.30,4.00,8.00,2.00,1.75,Reale Arena (Donostia-San Sebastián)
1741636800,Mar 10 2025 - 8:00pm,complete,23997,RCD Espanyol,Girona FC,Adrián Cordero Vega,27,1.69,0.92,1.69,0.82,1,1,2,0,0,0,"49","88",4,9,3,0,3,0,3,0,1,2,9,21,5,5,3,14,11,13,33,67,1.16,1.07,1.06,2.05,2.31,54,77,42,12,4,27,73,35,81,8.23,4.92,3.10,3.20,2.35,1.33,2.20,3.60,7.00,1.91,1.91,RCDE Stadium (Cornella de Llobregat)
1741982400,Mar 14 2025 - 8:00pm,complete,17566,UD Las Palmas,Deportivo Alavés,Mario Melero López,28,1.00,0.71,1.06,0.88,2,2,4,1,0,1,"90,90'5","7,63",4,5,5,0,4,0,1,4,2,2,17,11,8,4,7,6,10,22,61,39,1.38,1.24,1.90,1.13,2.96,70,82,59,33,18,34,70,59,89,7.98,6.30,2.80,3.00,2.62,1.50,2.63,5.00,9.50,2.10,1.67,Estadio de Gran Canaria (Las Palmas de Gran Canaria)
1742043600,Mar 15 2025 - 1:00pm,complete,17521,Real Valladolid,Celta de Vigo,Víctor García Verdura,28,1.00,0.54,0.81,0.81,0,1,1,0,0,0,"","83",3,4,3,0,3,0,0,3,1,2,6,16,3,2,3,9,9,15,39,61,1.11,1.28,0.73,1.22,2.73,58,74,58,31,12,31,66,58,81,7.61,5.77,4.80,3.75,1.70,1.30,1.91,3.35,6.50,1.91,1.91,Estadio Municipal José Zorrilla (Valladolid)
1742051700,Mar 15 2025 - 3:15pm,complete,18240,RCD Mallorca,RCD Espanyol,Alejandro Quintero González,28,1.43,0.42,1.41,0.71,2,1,3,0,0,0,"65,90'7","53",6,2,0,0,2,0,0,0,0,2,21,3,8,0,6,3,10,12,62,38,1.30,0.83,1.89,0.37,2.25,54,54,39,24,16,27,58,23,77,7.38,5.29,1.80,3.40,4.60,1.48,2.37,5.00,9.50,2.20,1.62,Estadi Mallorca Son Moix (Palma de Mallorca)
1742059800,Mar 15 2025 - 5:30pm,complete,20559,Villarreal,Real Madrid,Jesús Gil Manzano,28,1.67,1.64,1.56,1.88,1,2,3,3,1,2,"7","17,23",11,4,2,0,1,0,0,2,1,0,25,11,11,6,13,4,17,3,46,54,1.64,1.70,2.80,1.36,3.32,74,97,66,33,16,28,86,61,88,9.18,4.72,3.25,3.90,2.00,1.15,1.50,2.15,3.70,1.44,2.63,Estadio de la Cerámica (Villarreal)
1742068800,Mar 15 2025 - 8:00pm,complete,N/A,Girona FC,Valencia CF,José Luis Munuera Montero,28,1.54,0.46,1.31,0.69,1,1,2,0,0,0,"64","58",9,4,2,0,1,0,1,1,0,1,18,15,5,3,10,10,12,5,56,44,1.40,1.01,1.91,1.35,3.12,62,81,66,31,19,39,89,47,81,9.57,4.16,2.00,3.40,3.70,1.35,2.00,3.70,7.50,1.91,1.91,Estadi Municipal de Montilivi (Girona)
1742130000,Mar 16 2025 - 1:00pm,complete,N/A,Leganés,Real Betis,César Soto Grado,28,1.31,1.15,1.12,1.38,2,3,5,2,2,0,"29,44","64,78,82",3,7,2,0,1,0,1,1,1,0,11,22,5,7,6,15,16,5,35,65,0.95,1.28,1.28,2.22,2.42,39,62,42,15,15,23,46,54,81,6.69,5.23,3.90,3.30,2.00,1.40,2.10,4.00,8.00,1.95,1.80,Estadio Municipal de Butarque (Leganés)
1742138100,Mar 16 2025 - 3:15pm,complete,N/A,Sevilla FC,Athletic Club Bilbao,Juan Luis Pulido Santana,28,1.46,1.54,1.25,1.50,0,1,1,0,0,0,"","84",4,6,4,0,2,0,3,1,0,2,14,11,5,5,7,5,13,12,61,39,1.47,1.42,1.44,1.33,2.31,66,77,39,12,8,27,62,39,89,10.92,5.00,2.90,3.20,2.45,1.44,2.25,4.33,8.50,1.95,1.80,Estadio Ramón Sánchez Pizjuán (Sevilla)
1742146200,Mar 16 2025 - 5:30pm,complete,N/A,Rayo Vallecano,Real Sociedad,Alejandro Muñíz Ruiz,28,1.46,1.08,1.31,1.12,2,2,4,1,0,1,"58,72","20,80",4,4,3,0,2,0,1,2,1,1,11,9,6,5,3,1,16,9,55,45,1.72,1.00,1.33,1.07,2.19,43,62,43,16,4,15,66,43,73,9.77,5.15,2.50,3.00,3.00,1.55,2.75,5.50,10.00,2.20,1.62,Estadio de Vallecas (Madrid)
1742146200,Mar 16 2025 - 5:30pm,complete,19611,CA Osasuna,Getafe CF,Alejandro José Hernández Hernández,28,1.71,1.08,1.76,1.25,1,2,3,1,1,0,"45","55,71",3,2,2,0,3,1,2,0,2,2,15,10,5,5,7,3,19,15,62,38,1.48,1.10,1.46,1.07,2.53,62,70,48,18,11,26,78,37,78,8.99,5.95,2.30,2.87,3.50,1.67,3.20,6.50,11.00,2.38,1.53,Estadio El Sadar (Pamplona (Iruñea))
1742155200,Mar 16 2025 - 8:00pm,complete,67602,Atlético Madrid,FC Barcelona,Ricardo De Burgos Bengoetxea,28,2.43,2.14,2.35,2.25,2,4,6,1,1,0,"45,70","72,78,90'2,90'8",6,6,1,0,3,0,1,0,1,2,8,14,3,7,5,7,10,11,34,66,1.69,1.71,0.99,1.71,3.11,57,82,58,36,22,32,72,61,86,11.14,5.28,2.87,3.60,2.25,1.20,1.55,2.48,4.20,1.50,2.50,Riyadh Air Metropolitano (Madrid)
1743105600,Mar 27 2025 - 8:00pm,complete,65444,FC Barcelona,CA Osasuna,Mateo Busquets Ferrer,27,2.25,0.75,2.35,0.88,3,0,3,2,2,0,"11,21,77","",8,4,1,0,3,0,1,0,2,1,24,6,6,0,14,5,7,14,74,26,2.14,1.02,1.97,0.52,2.75,46,67,46,34,13,34,63,50,75,11.41,3.50,1.20,7.00,12.00,1.06,1.29,1.65,2.50,1.67,2.10,Estadi Olímpic Lluís Companys (Barcelona)
1743253200,Mar 29 2025 - 1:00pm,complete,28151,Real Sociedad,Real Valladolid,Adrián Cordero Vega,29,1.43,0.21,1.44,0.18,2,1,3,1,1,0,"23,68","90'3",3,6,2,0,3,0,0,2,0,3,16,13,3,6,10,7,20,10,55,45,1.43,0.96,1.38,1.62,2.89,43,79,61,18,15,36,68,54,82,9.98,5.36,1.33,4.50,11.00,1.31,2.00,3.56,6.90,2.50,1.50,Reale Arena (Donostia-San Sebastián)
1743261300,Mar 29 2025 - 3:15pm,complete,N/A,RCD Espanyol,Atlético Madrid,Javier Alberola Rojas,29,1.64,1.69,1.69,1.63,1,1,2,1,0,1,"71","38",4,3,2,0,1,0,1,1,0,1,11,18,2,3,7,11,12,14,39,61,1.15,1.16,0.99,1.40,2.30,59,71,41,15,8,30,63,33,82,7.76,4.59,6.25,3.90,1.55,1.36,2.10,3.85,8.00,2.20,1.62,RCDE Stadium (Cornella de Llobregat)
1743269400,Mar 29 2025 - 5:30pm,complete,N/A,Deportivo Alavés,Rayo Vallecano,José Luis Munuera Montero,29,1.23,1.21,1.19,1.18,0,2,2,1,0,1,"","2,58",8,5,3,0,5,0,1,2,3,2,14,14,5,6,8,6,14,12,56,44,1.18,1.20,1.71,1.47,1.75,44,52,26,4,4,18,60,19,60,11.06,5.55,2.25,2.90,3.60,1.51,2.75,5.25,10.00,2.20,1.62,Estadio de Mendizorroza (Vitoria-Gasteiz)
1743278400,Mar 29 2025 - 8:00pm,complete,73641,Real Madrid,Leganés,Pablo González Fuertes,29,2.62,0.71,2.50,0.69,3,2,5,3,1,2,"32,47,76","34,41",8,3,1,0,4,0,0,1,0,4,30,12,11,5,14,6,9,13,71,29,1.99,0.99,2.94,1.21,2.88,52,90,46,30,19,38,67,49,71,9.98,3.97,1.14,7.50,15.00,1.11,1.36,2.03,3.10,2.00,1.75,Estadio Santiago Bernabéu (Madrid)
1743336000,Mar 30 2025 - 12:00pm,complete,N/A,Getafe CF,Villarreal,Isidro Díaz de Mera Escuderos,29,1.36,1.71,1.12,1.76,1,2,3,3,1,2,"29","15,33",3,1,1,0,4,0,1,0,1,3,12,12,5,4,7,6,16,21,55,45,1.33,1.55,1.56,1.13,2.07,54,68,32,7,4,22,65,33,72,8.79,5.86,3.10,3.20,2.35,1.45,2.30,4.33,8.50,1.95,1.80,Estadio Coliseum (Getafe)
1743344100,Mar 30 2025 - 2:15pm,complete,N/A,FC Barcelona,Girona FC,Juan Luis Pulido Santana,29,2.31,0.93,2.35,0.82,4,1,5,1,1,0,"43,61,77,86","53",10,2,0,0,1,0,0,0,1,0,25,6,10,3,12,2,8,11,69,31,2.13,1.14,2.46,0.64,2.84,45,74,53,23,12,34,78,41,82,12.51,3.87,1.27,6.00,9.00,1.09,1.33,1.88,2.90,1.67,2.10,Estadi Olímpic Lluís Companys (Barcelona)
1743352200,Mar 30 2025 - 4:30pm,complete,N/A,Athletic Club Bilbao,CA Osasuna,Guillermo Cuadra Fernández,29,2.07,0.69,2.12,0.88,0,0,0,0,0,0,"","",3,4,1,0,1,0,1,0,1,0,13,8,6,3,6,4,12,12,62,38,1.65,0.98,1.71,0.93,2.33,48,70,34,22,7,26,55,41,78,8.81,4.39,1.50,4.00,6.50,1.30,2.00,3.45,7.00,2.05,1.70,San Mamés Barria (Bilbao)
1743352200,Mar 30 2025 - 4:30pm,complete,N/A,Valencia CF,RCD Mallorca,Francisco José Hernández Maeso,29,1.50,1.31,1.65,1.25,1,0,1,0,0,0,"50","",4,5,4,0,4,0,0,4,2,2,9,9,3,3,4,5,16,15,44,56,1.43,1.18,0.91,1.11,2.51,52,74,48,18,11,33,70,37,75,9.88,5.21,2.15,3.10,3.75,1.50,2.63,5.00,9.50,2.10,1.67,Estadio de Mestalla (Valencia)
1743361200,Mar 30 2025 - 7:00pm,complete,N/A,Real Betis,Sevilla FC,Mateo Busquets Ferrer,29,1.86,1.21,1.88,1.00,2,1,3,3,2,1,"25,45'3","17",2,2,3,0,3,0,1,2,1,2,14,10,4,3,8,4,10,22,56,44,1.80,1.23,1.41,0.83,2.79,61,75,54,33,11,40,64,50,86,10.64,4.79,1.94,3.42,4.19,1.33,2.05,3.55,7.00,1.80,1.95,Estadio Benito Villamarín (Sevilla)
1743447600,Mar 31 2025 - 7:00pm,complete,18549,Celta de Vigo,UD Las Palmas,Juan Martínez Munuera,29,2.07,0.79,1.94,0.88,1,1,2,1,1,0,"45'2","48",4,2,3,0,0,0,1,2,0,0,24,5,8,3,12,2,17,5,61,39,1.36,1.05,2.23,0.75,2.82,68,83,61,33,11,33,75,43,86,6.86,5.72,1.57,4.10,5.50,1.23,1.80,2.86,5.20,1.80,1.95,Estadio Abanca-Balaídos (Vigo)
1743793200,Apr 04 2025 - 7:00pm,complete,11905,Rayo Vallecano,RCD Espanyol,Alejandro José Hernández Hernández,30,1.43,0.38,1.31,0.71,0,4,4,2,0,2,"","12,16,72,90",8,4,2,0,2,0,1,1,0,2,20,17,6,8,11,8,8,10,70,30,1.69,0.80,2.00,1.83,2.63,67,67,52,30,15,19,59,44,89,7.48,5.35,1.70,3.70,5.00,1.42,2.30,4.33,9.00,2.20,1.62,Estadio de Vallecas (Madrid)
1743854400,Apr 05 2025 - 12:00pm,complete,11384,Girona FC,Deportivo Alavés,Alejandro Muñíz Ruiz,30,1.50,0.73,1.31,0.88,0,1,1,0,0,0,"","61",5,3,1,0,5,0,0,1,0,5,23,10,2,5,15,5,8,25,64,36,1.44,1.24,1.66,1.25,3.31,69,87,76,42,21,38,87,66,93,9.16,5.20,2.05,3.33,3.87,1.38,2.20,3.90,8.00,1.95,1.80,Estadi Municipal de Montilivi (Girona)
1743862500,Apr 05 2025 - 2:15pm,complete,75382,Real Madrid,Valencia CF,Guillermo Cuadra Fernández,30,2.64,0.50,2.50,0.69,1,2,3,1,0,1,"50","15,90'5",9,4,0,0,4,0,0,0,1,3,22,12,10,3,12,8,1,4,65,35,2.06,1.03,2.61,1.10,3.18,57,90,54,36,25,40,75,47,83,11.00,3.50,1.32,6.09,10.70,1.15,1.50,2.25,3.95,1.91,1.91,Estadio Santiago Bernabéu (Madrid)
1743870600,Apr 05 2025 - 4:30pm,complete,N/A,RCD Mallorca,Celta de Vigo,Ricardo De Burgos Bengoetxea,30,1.53,0.71,1.41,0.81,1,2,3,1,1,0,"17","53,72",4,2,3,0,0,0,2,1,0,0,8,13,3,5,5,6,9,11,44,56,1.34,1.28,0.93,1.36,2.64,66,70,52,28,11,35,62,42,87,8.23,4.84,2.63,3.10,2.80,1.44,2.30,4.33,8.50,1.91,1.91,Estadi Mallorca Son Moix (Palma de Mallorca)
1743879600,Apr 05 2025 - 7:00pm,complete,N/A,FC Barcelona,Real Betis,Jesús Gil Manzano,30,2.36,1.29,2.35,1.38,1,1,2,2,1,1,"7","17",9,3,2,0,1,0,0,2,1,0,19,8,6,3,8,4,16,12,74,26,2.15,1.35,1.96,0.74,3.07,54,71,57,32,25,43,72,54,79,12.78,3.64,1.41,5.61,7.80,1.10,1.36,2.00,3.10,1.57,2.25,Estadi Olímpic Lluís Companys (Barcelona)
1743940800,Apr 06 2025 - 12:00pm,complete,N/A,UD Las Palmas,Real Sociedad,Miguel Ángel Ortiz Arias,30,1.00,1.07,1.06,1.12,1,3,4,1,0,1,"60","5,56,68",5,4,0,0,2,0,0,0,1,1,17,15,6,9,8,5,8,10,52,48,1.42,1.01,1.72,1.72,2.29,43,65,43,22,7,22,64,47,65,9.36,6.07,3.20,3.10,2.30,1.45,2.38,4.50,9.00,2.00,1.75,Estadio de Gran Canaria (Las Palmas de Gran Canaria)
1743948900,Apr 06 2025 - 2:15pm,complete,34505,Sevilla FC,Atlético Madrid,César Soto Grado,30,1.36,1.64,1.25,1.63,1,2,3,2,1,1,"7","25,90'3",7,7,1,0,4,0,0,1,0,4,12,19,7,6,5,8,14,12,44,56,1.47,1.17,1.53,1.73,2.11,50,64,29,11,7,18,64,25,86,9.00,5.43,3.40,3.20,2.20,1.39,2.20,3.92,7.50,1.95,1.80,Estadio Ramón Sánchez Pizjuán (Sevilla)
1743957000,Apr 06 2025 - 4:30pm,complete,N/A,Real Valladolid,Getafe CF,Alejandro Quintero González,30,0.93,1.21,0.81,1.25,0,4,4,3,0,3,"","1,19,38,80",3,4,3,1,1,0,3,1,0,1,7,20,0,10,6,7,11,17,50,50,1.09,1.09,0.62,2.09,2.00,40,57,40,7,4,11,57,43,68,7.93,6.50,4.75,3.10,1.90,1.55,2.75,5.50,10.00,2.38,1.53,Estadio Municipal José Zorrilla (Valladolid)
1743966000,Apr 06 2025 - 7:00pm,complete,N/A,Villarreal,Athletic Club Bilbao,Mario Melero López,30,1.54,1.64,1.56,1.50,0,0,0,0,0,0,"","",6,5,0,1,1,0,0,1,1,0,15,18,5,3,8,9,9,13,57,43,1.73,1.41,1.52,1.32,3.14,78,90,64,34,15,41,75,49,81,10.66,4.47,2.31,3.54,3.34,1.30,1.87,3.10,6.00,1.70,2.05,Estadio de la Cerámica (Villarreal)
1744052400,Apr 07 2025 - 7:00pm,complete,N/A,Leganés,CA Osasuna,Víctor García Verdura,30,1.21,0.71,1.12,0.88,1,1,2,0,0,0,"87","49",4,8,3,0,3,0,0,3,1,2,17,16,8,7,6,8,18,14,56,44,0.97,0.98,1.72,1.67,2.29,33,61,40,21,11,21,43,50,79,5.79,4.79,2.70,3.10,2.75,1.44,2.30,4.33,8.50,1.95,1.80,Estadio Municipal de Butarque (Leganés)
1744398000,Apr 11 2025 - 7:00pm,complete,N/A,Valencia CF,Sevilla FC,José María Sánchez Martínez,31,1.60,1.13,1.65,1.00,1,0,1,1,1,0,"45'4","",3,3,3,0,2,0,0,3,0,2,10,16,7,6,2,7,10,18,52,48,1.39,1.20,1.42,1.48,2.77,57,73,53,27,17,47,74,47,70,10.86,5.00,2.35,3.10,3.30,1.45,2.30,4.33,9.00,1.95,1.80,Estadio de Mestalla (Valencia)
1744459200,Apr 12 2025 - 12:00pm,complete,N/A,Real Sociedad,RCD Mallorca,José Luis Munuera Montero,31,1.53,1.21,1.44,1.25,0,2,2,1,0,1,"","20,47",8,2,3,0,1,0,0,3,0,1,16,8,5,4,5,4,11,10,65,35,1.43,1.18,1.47,0.99,2.17,38,69,42,7,4,17,55,38,80,9.50,5.46,1.79,3.33,5.25,1.50,2.63,5.00,9.50,2.25,1.57,Reale Arena (Donostia-San Sebastián)
1744467300,Apr 12 2025 - 2:15pm,complete,N/A,Getafe CF,UD Las Palmas,Javier Alberola Rojas,31,1.27,0.80,1.12,0.88,1,3,4,1,1,0,"19","53,61,74",3,2,0,1,2,0,1,0,0,2,12,11,7,6,2,3,14,15,41,59,1.34,1.03,0.00,0.00,2.24,60,74,40,17,7,20,63,34,73,7.07,6.00,1.77,3.35,4.85,1.48,2.45,4.75,9.50,2.20,1.60,Estadio Coliseum (Getafe)
1744475400,Apr 12 2025 - 4:30pm,complete,N/A,Celta de Vigo,RCD Espanyol,Mateo Busquets Ferrer,31,2.00,0.57,1.94,0.71,0,2,2,1,0,1,"","28,63",13,5,2,0,2,0,1,1,1,1,22,6,7,4,10,2,14,10,65,35,1.42,0.87,2.13,0.79,2.62,59,69,52,32,14,31,69,38,80,6.31,5.26,1.62,3.70,6.00,1.33,2.00,3.55,7.00,1.95,1.80,Estadio Abanca-Balaídos (Vigo)
1744484400,Apr 12 2025 - 7:00pm,complete,N/A,Leganés,FC Barcelona,Francisco José Hernández Maeso,31,1.20,2.20,1.12,2.25,0,1,1,0,0,0,"","48",4,8,2,0,1,0,1,1,0,1,9,14,2,4,5,9,10,4,34,66,1.02,1.71,0.79,1.58,3.30,53,77,64,40,30,37,64,67,84,7.67,5.07,7.30,6.25,1.33,1.12,1.44,2.10,3.55,1.75,2.00,Estadio Municipal de Butarque (Leganés)
1744545600,Apr 13 2025 - 12:00pm,complete,20260,CA Osasuna,Girona FC,Pablo González Fuertes,31,1.60,0.87,1.76,0.82,2,1,3,1,1,0,"38,79","90'6",4,4,2,0,1,0,0,2,0,1,15,22,7,9,7,10,17,15,32,68,1.48,1.11,1.66,2.14,2.80,67,84,54,23,14,27,83,44,90,9.20,5.20,2.51,3.13,3.04,1.36,2.10,3.70,7.50,1.80,1.95,Estadio El Sadar (Pamplona (Iruñea))
1744553700,Apr 13 2025 - 2:15pm,complete,19438,Deportivo Alavés,Real Madrid,César Soto Grado,31,1.14,1.73,1.19,1.88,0,1,1,1,0,1,"","34",4,4,4,1,4,1,1,4,1,4,16,14,7,5,7,7,21,12,56,44,1.21,1.68,1.85,1.31,2.30,52,75,41,7,7,17,69,41,82,10.33,4.71,5.32,4.10,1.62,1.25,1.73,2.88,5.25,1.80,1.95,Estadio de Mendizorroza (Vitoria-Gasteiz)
1744561800,Apr 13 2025 - 4:30pm,complete,N/A,Real Betis,Villarreal,Juan Luis Pulido Santana,31,1.93,1.80,1.88,1.76,1,2,3,2,1,1,"3","26,48",5,5,0,0,4,0,0,0,2,2,34,10,6,3,19,6,4,13,68,32,1.78,1.52,2.61,1.03,2.67,67,80,57,20,4,40,74,37,84,10.27,5.26,2.29,3.62,3.00,1.25,1.73,2.75,5.00,1.57,2.25,Estadio Benito Villamarín (Sevilla)
1744570800,Apr 13 2025 - 7:00pm,complete,N/A,Athletic Club Bilbao,Rayo Vallecano,Adrián Cordero Vega,31,2.00,1.33,2.12,1.18,3,1,4,1,0,1,"58,80,90'4","37",7,1,4,0,3,0,2,2,0,3,19,13,5,3,9,9,12,7,54,46,1.65,1.22,1.61,1.19,2.04,50,60,30,10,7,24,60,23,63,10.54,4.94,1.66,3.59,5.88,1.40,2.20,4.20,8.50,2.10,1.67,San Mamés Barria (Bilbao)
1744657200,Apr 14 2025 - 7:00pm,complete,55936,Atlético Madrid,Real Valladolid,Isidro Díaz de Mera Escuderos,31,2.27,0.20,2.35,0.18,4,2,6,3,2,1,"25,27,71,79","21,56",5,1,1,0,1,0,0,1,0,1,30,7,10,4,14,3,11,8,54,46,1.64,1.01,2.72,0.83,3.14,54,80,60,27,20,27,70,60,93,9.93,5.40,1.14,8.00,19.00,1.15,1.50,2.10,3.65,2.50,1.50,Riyadh Air Metropolitano (Madrid)
1745002800,Apr 18 2025 - 7:00pm,complete,N/A,RCD Espanyol,Getafe CF,Ricardo De Burgos Bengoetxea,32,1.60,1.33,1.69,1.25,1,0,1,1,1,0,"39","",6,8,0,0,2,1,0,0,1,2,12,13,4,5,6,5,12,15,63,37,1.14,1.16,1.20,1.25,2.20,57,70,40,10,4,23,67,37,74,7.93,5.47,2.80,2.63,3.00,1.61,3.00,6.25,11.00,2.25,1.57,N/A
1745064000,Apr 19 2025 - 12:00pm,complete,11308,Rayo Vallecano,Valencia CF,Alejandro Quintero González,32,1.33,0.67,1.31,0.69,1,1,2,1,1,0,"45","75",5,2,3,0,1,0,1,2,0,1,12,12,5,4,7,7,18,13,57,43,1.71,1.04,1.64,1.16,2.84,70,80,54,27,10,24,74,50,90,9.20,4.53,2.30,3.00,3.40,1.48,2.38,4.50,9.00,2.00,1.75,N/A
1745072100,Apr 19 2025 - 2:15pm,complete,48589,FC Barcelona,Celta de Vigo,Mario Melero López,32,2.27,0.87,2.35,0.81,4,3,7,2,1,1,"12,65,68,90'8","15,52,62",4,1,2,0,2,0,0,2,0,2,21,12,7,9,12,2,10,13,72,28,2.14,1.28,2.31,1.43,3.30,63,77,67,40,20,47,80,54,83,11.60,3.60,1.30,5.75,8.00,1.09,1.36,1.93,3.00,1.62,2.20,N/A
1745080200,Apr 19 2025 - 4:30pm,complete,N/A,RCD Mallorca,Leganés,Alejandro Muñíz Ruiz,32,1.44,0.67,1.41,0.69,0,0,0,0,0,0,"","",4,4,2,0,1,0,1,1,0,1,13,20,0,3,11,14,17,15,55,45,1.31,1.00,0.97,1.57,2.33,62,72,39,17,10,29,62,39,71,7.95,4.72,1.85,3.10,5.00,1.50,2.63,5.00,9.50,2.20,1.62,N/A
1745089200,Apr 19 2025 - 7:00pm,complete,N/A,UD Las Palmas,Atlético Madrid,Víctor García Verdura,32,0.93,1.73,1.06,1.63,1,0,1,0,0,0,"90'3","",4,4,3,0,1,0,0,3,0,1,12,9,3,3,6,5,13,13,41,59,1.45,1.21,1.06,0.98,2.54,63,74,47,23,10,27,64,40,84,8.40,5.53,5.50,4.00,1.57,1.28,1.80,3.25,6.25,1.80,1.95,N/A
1745150400,Apr 20 2025 - 12:00pm,complete,N/A,Real Valladolid,CA Osasuna,Jesús Gil Manzano,32,0.87,0.73,0.81,0.88,2,3,5,2,0,2,"49,67","9,34,60",5,2,1,0,1,0,0,1,0,1,15,12,6,7,7,5,12,17,50,50,1.06,1.02,1.56,1.52,2.07,37,64,37,20,4,20,47,47,73,7.80,5.60,4.40,3.50,1.83,1.35,2.00,3.65,7.50,1.95,1.80,N/A
1745158500,Apr 20 2025 - 2:15pm,complete,N/A,Villarreal,Real Sociedad,Guillermo Cuadra Fernández,32,1.50,1.20,1.56,1.12,2,2,4,2,1,1,"7,60","19,49",10,4,4,0,1,0,1,3,0,1,24,5,5,5,16,0,12,12,58,42,1.71,1.05,2.18,0.92,2.79,50,73,56,35,11,28,83,45,59,10.02,5.17,1.70,3.75,4.80,1.30,1.91,3.40,6.50,1.91,1.91,N/A
1745166600,Apr 20 2025 - 4:30pm,complete,N/A,Sevilla FC,Deportivo Alavés,Miguel Ángel Ortiz Arias,32,1.27,0.88,1.25,0.88,1,1,2,2,1,1,"12","45'2",3,6,2,0,2,0,1,1,1,1,11,14,3,4,8,8,10,11,44,56,1.47,1.24,1.20,1.45,2.63,61,74,48,26,13,26,74,45,94,8.97,6.25,2.00,3.10,4.20,1.53,2.75,5.50,10.00,2.20,1.62,N/A
1745175600,Apr 20 2025 - 7:00pm,complete,N/A,Real Madrid,Athletic Club Bilbao,Juan Martínez Munuera,32,2.47,1.60,2.50,1.50,1,0,1,0,0,0,"90'3","",14,1,1,0,2,0,0,1,0,2,30,4,8,2,15,2,7,15,73,27,2.10,1.41,2.53,0.53,2.90,60,87,57,30,20,40,60,50,87,12.40,3.27,1.67,3.80,5.00,1.22,1.73,2.70,5.00,1.70,2.05,N/A
1745262000,Apr 21 2025 - 7:00pm,complete,12535,Girona FC,Real Betis,Alejandro José Hernández Hernández,32,1.40,1.27,1.31,1.38,1,3,4,3,0,3,"85","6,39,42",8,9,3,0,2,0,0,3,1,1,15,19,6,10,6,8,13,11,61,39,1.45,1.31,1.61,2.02,2.83,60,77,57,27,20,40,70,57,80,10.11,4.53,2.88,3.30,2.45,1.33,2.00,3.50,6.50,1.75,2.00,N/A
1745341200,Apr 22 2025 - 5:00pm,complete,42448,Valencia CF,RCD Espanyol,Juan Luis Pulido Santana,33,1.69,0.73,1.65,0.71,1,1,2,1,0,1,"57","40",6,4,2,0,1,0,2,0,1,0,22,9,8,4,9,5,7,7,67,33,1.39,0.87,2.21,1.12,2.52,49,65,49,26,17,36,71,36,72,9.00,5.30,1.70,3.50,5.25,1.35,2.10,3.70,7.50,1.95,1.80,N/A
1745350200,Apr 22 2025 - 7:30pm,complete,45602,FC Barcelona,RCD Mallorca,Miguel Ángel Ortiz Arias,33,2.31,1.33,2.35,1.25,1,0,1,0,0,0,"46","",13,2,0,0,1,0,0,0,1,0,54,5,14,0,27,5,10,7,78,22,2.15,1.16,4.09,0.47,2.95,48,71,51,29,19,35,71,39,81,11.40,3.93,1.21,6.94,10.80,1.14,1.44,2.10,3.70,1.95,1.80,N/A
1745427600,Apr 23 2025 - 5:00pm,complete,47,Athletic Club Bilbao,UD Las Palmas,Isidro Díaz de Mera Escuderos,33,2.06,0.94,2.12,0.88,1,0,1,1,1,0,"5","",3,3,1,0,3,0,1,0,1,2,16,12,5,3,9,8,13,9,49,51,1.65,1.03,1.48,1.18,2.72,66,79,51,32,13,25,69,41,85,8.51,5.06,1.30,5.50,9.00,1.20,1.60,2.60,4.75,2.00,1.75,N/A
1745427600,Apr 23 2025 - 5:00pm,complete,N/A,Celta de Vigo,Villarreal,Javier Alberola Rojas,33,1.88,1.88,1.94,1.76,3,0,3,1,1,0,"45,53,87","",6,3,2,0,1,1,1,1,1,1,26,5,10,2,12,3,16,10,61,39,1.47,1.49,2.67,0.71,2.66,66,81,53,19,6,38,81,35,81,8.82,5.38,2.37,3.40,2.87,1.25,1.75,2.85,5.25,1.62,2.20,N/A
1745436600,Apr 23 2025 - 7:30pm,complete,15184,Getafe CF,Real Madrid,José María Sánchez Martínez,33,1.19,1.81,1.12,1.88,0,1,1,1,0,1,"","21",4,4,3,0,1,0,0,3,0,1,25,17,7,8,14,7,15,7,37,63,1.34,1.65,2.15,1.70,2.19,57,76,41,6,3,16,66,44,72,8.19,5.12,4.33,3.60,1.80,1.30,1.91,3.35,6.50,1.91,1.91,N/A
1745436600,Apr 23 2025 - 7:30pm,complete,17049,Deportivo Alavés,Real Sociedad,Mateo Busquets Ferrer,33,1.07,1.19,1.19,1.12,1,0,1,0,0,0,"65","",6,6,4,0,5,0,1,3,1,4,13,7,2,0,9,7,17,17,37,63,1.26,1.05,1.08,0.71,1.97,29,55,32,16,4,16,71,32,62,10.49,5.43,2.37,3.00,3.25,1.50,2.63,5.00,9.50,2.10,1.67,N/A
1745514000,Apr 24 2025 - 5:00pm,complete,N/A,CA Osasuna,Sevilla FC,Adrián Cordero Vega,33,1.69,1.06,1.76,1.00,1,0,1,1,1,0,"25","",4,4,4,0,2,1,2,2,1,2,13,17,3,4,7,9,14,13,58,42,1.49,1.22,1.22,1.40,3.00,72,79,60,31,19,41,82,50,82,9.32,5.00,2.55,3.00,3.00,1.44,2.30,4.33,8.50,1.95,1.80,N/A
1745514000,Apr 24 2025 - 5:00pm,complete,N/A,Leganés,Girona FC,José Luis Munuera Montero,33,1.13,0.81,1.12,0.82,1,1,2,0,0,0,"90'2","54",4,5,4,1,2,0,2,3,0,2,11,11,2,4,6,5,16,18,32,68,1.01,1.17,0.80,1.14,2.47,41,69,44,16,13,16,57,50,88,6.81,5.00,2.50,3.20,2.90,1.40,2.20,4.20,8.00,1.91,1.91,N/A
1745523000,Apr 24 2025 - 7:30pm,complete,49410,Atlético Madrid,Rayo Vallecano,Pablo González Fuertes,33,2.31,1.25,2.35,1.18,3,0,3,2,2,0,"3,45,77","",6,3,0,0,2,0,0,0,0,2,12,13,6,6,5,6,8,15,42,58,1.71,1.22,1.37,1.58,2.31,50,66,38,16,10,16,63,38,75,10.94,5.56,1.65,3.91,5.68,1.35,2.00,3.70,7.50,2.10,1.67,N/A
1745523000,Apr 24 2025 - 7:30pm,complete,46458,Real Betis,Real Valladolid,Francisco José Hernández Maeso,33,1.81,0.19,1.88,0.18,5,1,6,2,1,1,"17,64,66,84,90","41",4,4,1,0,0,0,0,1,0,0,21,16,7,6,10,5,7,7,69,31,1.83,1.00,2.12,1.34,3.25,66,85,72,32,16,47,75,54,91,9.36,4.88,1.22,5.75,13.00,1.15,1.50,2.20,3.90,2.00,1.75,N/A
1745763300,Apr 27 2025 - 2:15pm,complete,17,Villarreal,RCD Espanyol,José Luis Munuera Montero,26,1.47,0.75,1.56,0.71,1,0,1,0,0,0,"52","",8,6,4,0,0,0,1,3,0,0,18,13,6,2,9,11,19,11,45,55,1.74,0.88,1.80,1.31,3.05,65,78,59,42,20,36,78,42,74,8.54,5.29,1.42,4.75,7.00,1.22,1.67,2.80,5.00,1.95,1.80,N/A
1746212400,May 02 2025 - 7:00pm,incomplete,N/A,Rayo Vallecano,Getafe CF,N/A,34,1.31,1.25,1.31,1.25,0,0,0,0,0,0,"","",-1,-1,-1,-1,-1,-1,-1,-1,-1,-1,-1,-1,-1,-1,-1,-1,-1,-1,-1,-1,1.71,1.17,0.00,0.00,2.41,57,69,47,19,3,16,69,44,82,9.12,5.75,2.37,3.02,3.58,1.61,3.00,0.00,0.00,2.38,1.53,Estadio de Vallecas (Madrid)
1746273600,May 03 2025 - 12:00pm,incomplete,N/A,Deportivo Alavés,Atlético Madrid,N/A,34,1.19,1.63,1.19,1.63,0,0,0,0,0,0,"","",-1,-1,-1,-1,-1,-1,-1,-1,-1,-1,-1,-1,-1,-1,-1,-1,-1,-1,-1,-1,1.25,1.20,0.00,0.00,1.97,41,57,29,10,6,19,63,19,79,9.62,5.25,0.00,0.00,0.00,0.00,0.00,0.00,0.00,0.00,0.00,Estadio de Mendizorroza (Vitoria-Gasteiz)
1746281700,May 03 2025 - 2:15pm,incomplete,N/A,Villarreal,CA Osasuna,N/A,34,1.56,0.88,1.56,0.88,0,0,0,0,0,0,"","",-1,-1,-1,-1,-1,-1,-1,-1,-1,-1,-1,-1,-1,-1,-1,-1,-1,-1,-1,-1,1.75,1.05,0.00,0.00,2.79,60,79,50,38,13,35,66,50,72,9.38,5.00,0.00,0.00,0.00,0.00,0.00,0.00,0.00,0.00,0.00,Estadio de la Cerámica (Villarreal)
1746289800,May 03 2025 - 4:30pm,incomplete,N/A,UD Las Palmas,Valencia CF,N/A,34,1.06,0.69,1.06,0.69,0,0,0,0,0,0,"","",-1,-1,-1,-1,-1,-1,-1,-1,-1,-1,-1,-1,-1,-1,-1,-1,-1,-1,-1,-1,1.42,1.04,0.00,0.00,2.72,69,78,47,25,13,25,69,47,81,8.56,5.19,0.00,0.00,0.00,0.00,0.00,0.00,0.00,0.00,0.00,Estadio de Gran Canaria (Las Palmas de Gran Canaria)
1746298800,May 03 2025 - 7:00pm,incomplete,N/A,Real Valladolid,FC Barcelona,N/A,34,0.81,2.25,0.81,2.25,0,0,0,0,0,0,"","",-1,-1,-1,-1,-1,-1,-1,-1,-1,-1,-1,-1,-1,-1,-1,-1,-1,-1,-1,-1,1.09,1.70,0.00,0.00,3.10,54,76,63,41,26,38,69,60,78,9.51,5.56,0.00,0.00,0.00,0.00,0.00,0.00,0.00,0.00,0.00,Estadio Municipal José Zorrilla (Valladolid)
1746360000,May 04 2025 - 12:00pm,incomplete,N/A,Real Madrid,Celta de Vigo,N/A,34,2.50,0.81,2.50,0.81,0,0,0,0,0,0,"","",-1,-1,-1,-1,-1,-1,-1,-1,-1,-1,-1,-1,-1,-1,-1,-1,-1,-1,-1,-1,2.12,1.29,0.00,0.00,3.38,63,88,66,44,25,44,72,60,91,10.63,3.88,0.00,0.00,0.00,0.00,0.00,0.00,0.00,0.00,0.00,Estadio Santiago Bernabéu (Madrid)
1746368100,May 04 2025 - 2:15pm,incomplete,N/A,Sevilla FC,Leganés,N/A,34,1.25,0.69,1.25,0.69,0,0,0,0,0,0,"","",-1,-1,-1,-1,-1,-1,-1,-1,-1,-1,-1,-1,-1,-1,-1,-1,-1,-1,-1,-1,1.45,1.04,0.00,0.00,2.19,56,72,28,13,10,28,66,35,69,8.63,5.38,0.00,0.00,0.00,0.00,0.00,0.00,0.00,0.00,0.00,Estadio Ramón Sánchez Pizjuán (Sevilla)
1746376200,May 04 2025 - 4:30pm,incomplete,-1,RCD Espanyol,Real Betis,N/A,34,1.69,1.38,1.69,1.38,0,0,0,0,0,0,"","",-1,-1,-1,-1,-1,-1,-1,-1,-1,-1,-1,-1,-1,-1,-1,-1,-1,-1,-1,-1,1.15,1.35,0.00,0.00,2.44,66,75,41,19,13,38,66,44,75,9.00,4.56,0.00,0.00,0.00,0.00,0.00,0.00,0.00,0.00,0.00,N/A
1746385200,May 04 2025 - 7:00pm,incomplete,N/A,Real Sociedad,Athletic Club Bilbao,N/A,34,1.44,1.50,1.44,1.50,0,0,0,0,0,0,"","",-1,-1,-1,-1,-1,-1,-1,-1,-1,-1,-1,-1,-1,-1,-1,-1,-1,-1,-1,-1,1.43,1.35,0.00,0.00,2.16,47,72,44,7,3,25,54,41,82,11.26,4.44,0.00,0.00,0.00,0.00,0.00,0.00,0.00,0.00,0.00,Reale Arena (Donostia-San Sebastián)
1746471600,May 05 2025 - 7:00pm,incomplete,N/A,Girona FC,RCD Mallorca,N/A,34,1.31,1.25,1.31,1.25,0,0,0,0,0,0,"","",-1,-1,-1,-1,-1,-1,-1,-1,-1,-1,-1,-1,-1,-1,-1,-1,-1,-1,-1,-1,1.47,1.12,0.00,0.00,2.66,51,72,53,26,13,29,66,41,88,9.11,4.75,0.00,0.00,0.00,0.00,0.00,0.00,0.00,0.00,0.00,Estadi Municipal de Montilivi (Girona)
1746817200,May 09 2025 - 7:00pm,incomplete,N/A,UD Las Palmas,Rayo Vallecano,N/A,35,1.06,1.18,1.06,1.18,0,0,0,0,0,0,"","",-1,-1,-1,-1,-1,-1,-1,-1,-1,-1,-1,-1,-1,-1,-1,-1,-1,-1,-1,-1,1.42,1.24,0.00,0.00,2.29,58,67,43,19,7,25,61,37,70,9.44,6.13,0.00,0.00,0.00,0.00,0.00,0.00,0.00,0.00,0.00,Estadio de Gran Canaria (Las Palmas de Gran Canaria)
1746878400,May 10 2025 - 12:00pm,incomplete,N/A,Valencia CF,Getafe CF,N/A,35,1.65,1.25,1.65,1.25,0,0,0,0,0,0,"","",-1,-1,-1,-1,-1,-1,-1,-1,-1,-1,-1,-1,-1,-1,-1,-1,-1,-1,-1,-1,1.44,1.17,0.00,0.00,2.24,46,64,43,12,6,27,76,33,64,10.18,5.78,0.00,0.00,0.00,0.00,0.00,0.00,0.00,0.00,0.00,Estadio de Mestalla (Valencia)
1746886500,May 10 2025 - 2:15pm,incomplete,N/A,Celta de Vigo,Sevilla FC,N/A,35,1.94,1.00,1.94,1.00,0,0,0,0,0,0,"","",-1,-1,-1,-1,-1,-1,-1,-1,-1,-1,-1,-1,-1,-1,-1,-1,-1,-1,-1,-1,1.54,1.23,0.00,0.00,2.68,56,74,50,27,12,35,77,44,74,8.70,4.94,0.00,0.00,0.00,0.00,0.00,0.00,0.00,0.00,0.00,Estadio Abanca-Balaídos (Vigo)
1746894600,May 10 2025 - 4:30pm,incomplete,N/A,Girona FC,Villarreal,N/A,35,1.31,1.76,1.31,1.76,0,0,0,0,0,0,"","",-1,-1,-1,-1,-1,-1,-1,-1,-1,-1,-1,-1,-1,-1,-1,-1,-1,-1,-1,-1,1.47,1.44,0.00,0.00,2.95,64,82,67,25,13,43,82,46,85,10.33,5.06,0.00,0.00,0.00,0.00,0.00,0.00,0.00,0.00,0.00,Estadi Municipal de Montilivi (Girona)
1746894600,May 10 2025 - 4:30pm,incomplete,N/A,RCD Mallorca,Real Valladolid,N/A,35,1.41,0.18,1.41,0.18,0,0,0,0,0,0,"","",-1,-1,-1,-1,-1,-1,-1,-1,-1,-1,-1,-1,-1,-1,-1,-1,-1,-1,-1,-1,1.29,1.02,0.00,0.00,3.00,62,74,62,27,21,39,68,50,85,8.46,4.71,0.00,0.00,0.00,0.00,0.00,0.00,0.00,0.00,0.00,Estadi Mallorca Son Moix (Palma de Mallorca)
1746903600,May 10 2025 - 7:00pm,incomplete,N/A,Atlético Madrid,Real Sociedad,N/A,35,2.35,1.12,2.35,1.12,0,0,0,0,0,0,"","",-1,-1,-1,-1,-1,-1,-1,-1,-1,-1,-1,-1,-1,-1,-1,-1,-1,-1,-1,-1,1.69,1.03,0.00,0.00,2.44,36,65,44,24,9,18,68,47,77,10.70,5.06,0.00,0.00,0.00,0.00,0.00,0.00,0.00,0.00,0.00,Estádio Cívitas Metropolitano (Madrid)
1746964800,May 11 2025 - 12:00pm,incomplete,-1,Leganés,RCD Espanyol,N/A,35,1.12,0.71,1.12,0.71,0,0,0,0,0,0,"","",-1,-1,-1,-1,-1,-1,-1,-1,-1,-1,-1,-1,-1,-1,-1,-1,-1,-1,-1,-1,0.99,0.91,0.00,0.00,2.44,41,59,41,24,18,21,47,44,85,5.77,5.18,0.00,0.00,0.00,0.00,0.00,0.00,0.00,0.00,0.00,Estadio Municipal de Butarque (Leganés)
1746972900,May 11 2025 - 2:15pm,incomplete,N/A,FC Barcelona,Real Madrid,N/A,35,2.35,1.88,2.35,1.88,0,0,0,0,0,0,"","",-1,-1,-1,-1,-1,-1,-1,-1,-1,-1,-1,-1,-1,-1,-1,-1,-1,-1,-1,-1,2.27,1.66,0.00,0.00,3.03,56,77,59,24,18,36,79,50,79,12.64,3.30,0.00,0.00,0.00,0.00,0.00,0.00,0.00,0.00,0.00,Estadi Olímpic Lluís Companys (Barcelona)
1746981000,May 11 2025 - 4:30pm,incomplete,N/A,Athletic Club Bilbao,Deportivo Alavés,N/A,35,2.12,0.88,2.12,0.88,0,0,0,0,0,0,"","",-1,-1,-1,-1,-1,-1,-1,-1,-1,-1,-1,-1,-1,-1,-1,-1,-1,-1,-1,-1,1.64,1.25,0.00,0.00,2.77,62,74,50,33,15,30,74,47,83,8.83,5.12,0.00,0.00,0.00,0.00,0.00,0.00,0.00,0.00,0.00,San Mamés Barria (Bilbao)
1746990000,May 11 2025 - 7:00pm,incomplete,N/A,Real Betis,CA Osasuna,N/A,35,1.88,0.88,1.88,0.88,0,0,0,0,0,0,"","",-1,-1,-1,-1,-1,-1,-1,-1,-1,-1,-1,-1,-1,-1,-1,-1,-1,-1,-1,-1,1.85,1.05,0.00,0.00,2.51,58,76,48,27,6,36,58,46,82,9.16,4.43,0.00,0.00,0.00,0.00,0.00,0.00,0.00,0.00,0.00,Estadio Benito Villamarín (Sevilla)
1747155600,May 13 2025 - 5:00pm,incomplete,N/A,Real Valladolid,Girona FC,N/A,36,0.81,0.82,0.81,0.82,0,0,0,0,0,0,"","",-1,-1,-1,-1,-1,-1,-1,-1,-1,-1,-1,-1,-1,-1,-1,-1,-1,-1,-1,-1,1.09,1.17,0.00,0.00,2.40,46,73,46,19,10,19,64,49,82,8.42,5.59,0.00,0.00,0.00,0.00,0.00,0.00,0.00,0.00,0.00,Estadio Municipal José Zorrilla (Valladolid)
1747159200,May 13 2025 - 6:00pm,incomplete,N/A,Real Sociedad,Celta de Vigo,N/A,36,1.44,0.81,1.44,0.81,0,0,0,0,0,0,"","",-1,-1,-1,-1,-1,-1,-1,-1,-1,-1,-1,-1,-1,-1,-1,-1,-1,-1,-1,-1,1.43,1.29,0.00,0.00,2.76,53,78,57,22,10,32,69,54,85,9.32,5.06,0.00,0.00,0.00,0.00,0.00,0.00,0.00,0.00,0.00,Reale Arena (Donostia-San Sebastián)
1747164600,May 13 2025 - 7:30pm,incomplete,N/A,Sevilla FC,UD Las Palmas,N/A,36,1.25,0.88,1.25,0.88,0,0,0,0,0,0,"","",-1,-1,-1,-1,-1,-1,-1,-1,-1,-1,-1,-1,-1,-1,-1,-1,-1,-1,-1,-1,1.45,1.04,0.00,0.00,2.44,64,76,42,21,9,25,73,33,85,8.50,6.00,0.00,0.00,0.00,0.00,0.00,0.00,0.00,0.00,0.00,Estadio Ramón Sánchez Pizjuán (Sevilla)
1747242000,May 14 2025 - 5:00pm,incomplete,N/A,Deportivo Alavés,Valencia CF,N/A,36,1.19,0.69,1.19,0.69,0,0,0,0,0,0,"","",-1,-1,-1,-1,-1,-1,-1,-1,-1,-1,-1,-1,-1,-1,-1,-1,-1,-1,-1,-1,1.25,1.04,0.00,0.00,2.25,50,66,32,13,10,19,72,29,75,9.81,5.00,0.00,0.00,0.00,0.00,0.00,0.00,0.00,0.00,0.00,Estadio de Mendizorroza (Vitoria-Gasteiz)
1747242000,May 14 2025 - 5:00pm,incomplete,N/A,Villarreal,Leganés,N/A,36,1.56,0.69,1.56,0.69,0,0,0,0,0,0,"","",-1,-1,-1,-1,-1,-1,-1,-1,-1,-1,-1,-1,-1,-1,-1,-1,-1,-1,-1,-1,1.75,1.04,0.00,0.00,2.88,66,82,50,35,16,38,76,47,63,9.00,5.13,0.00,0.00,0.00,0.00,0.00,0.00,0.00,0.00,0.00,Estadio de la Cerámica (Villarreal)
1747251000,May 14 2025 - 7:30pm,incomplete,N/A,Real Madrid,RCD Mallorca,N/A,36,2.50,1.25,2.50,1.25,0,0,0,0,0,0,"","",-1,-1,-1,-1,-1,-1,-1,-1,-1,-1,-1,-1,-1,-1,-1,-1,-1,-1,-1,-1,2.12,1.12,0.00,0.00,2.76,44,79,47,29,19,29,60,41,88,10.75,4.07,0.00,0.00,0.00,0.00,0.00,0.00,0.00,0.00,0.00,Estadio Santiago Bernabéu (Madrid)
1747328400,May 15 2025 - 5:00pm,incomplete,N/A,CA Osasuna,Atlético Madrid,N/A,36,1.76,1.63,1.76,1.63,0,0,0,0,0,0,"","",-1,-1,-1,-1,-1,-1,-1,-1,-1,-1,-1,-1,-1,-1,-1,-1,-1,-1,-1,-1,1.48,1.20,0.00,0.00,2.63,66,73,52,21,12,30,79,33,88,8.63,4.90,0.00,0.00,0.00,0.00,0.00,0.00,0.00,0.00,0.00,Estadio El Sadar (Pamplona (Iruñea))
1747328400,May 15 2025 - 5:00pm,incomplete,N/A,Rayo Vallecano,Real Betis,N/A,36,1.31,1.38,1.31,1.38,0,0,0,0,0,0,"","",-1,-1,-1,-1,-1,-1,-1,-1,-1,-1,-1,-1,-1,-1,-1,-1,-1,-1,-1,-1,1.71,1.35,0.00,0.00,2.72,69,78,50,28,13,32,66,53,88,9.81,4.94,0.00,0.00,0.00,0.00,0.00,0.00,0.00,0.00,0.00,Estadio de Vallecas (Madrid)
1747337400,May 15 2025 - 7:30pm,incomplete,N/A,Getafe CF,Athletic Club Bilbao,N/A,36,1.12,1.50,1.12,1.50,0,0,0,0,0,0,"","",-1,-1,-1,-1,-1,-1,-1,-1,-1,-1,-1,-1,-1,-1,-1,-1,-1,-1,-1,-1,1.39,1.35,0.00,0.00,1.95,55,64,34,10,3,22,52,34,71,8.95,4.70,0.00,0.00,0.00,0.00,0.00,0.00,0.00,0.00,0.00,Estadio Coliseum (Getafe)
1747337400,May 15 2025 - 7:30pm,incomplete,-1,RCD Espanyol,FC Barcelona,N/A,36,1.69,2.25,1.69,2.25,0,0,0,0,0,0,"","",-1,-1,-1,-1,-1,-1,-1,-1,-1,-1,-1,-1,-1,-1,-1,-1,-1,-1,-1,-1,1.15,1.70,0.00,0.00,3.03,69,82,57,35,22,41,75,54,78,9.63,4.56,0.00,0.00,0.00,0.00,0.00,0.00,0.00,0.00,0.00,N/A
1747519200,May 17 2025 - 10:00pm,incomplete,N/A,Atlético Madrid,Real Betis,N/A,37,2.35,1.38,2.35,1.38,0,0,0,0,0,0,"","",-1,-1,-1,-1,-1,-1,-1,-1,-1,-1,-1,-1,-1,-1,-1,-1,-1,-1,-1,-1,1.69,1.35,0.00,0.00,2.73,55,76,46,25,19,31,64,52,85,10.69,4.85,0.00,0.00,0.00,0.00,0.00,0.00,0.00,0.00,0.00,Estádio Cívitas Metropolitano (Madrid)
1747519200,May 17 2025 - 10:00pm,incomplete,N/A,FC Barcelona,Villarreal,N/A,37,2.35,1.76,2.35,1.76,0,0,0,0,0,0,"","",-1,-1,-1,-1,-1,-1,-1,-1,-1,-1,-1,-1,-1,-1,-1,-1,-1,-1,-1,-1,2.27,1.44,0.00,0.00,3.12,59,77,62,27,18,47,82,41,79,12.82,4.06,0.00,0.00,0.00,0.00,0.00,0.00,0.00,0.00,0.00,Estadi Olímpic Lluís Companys (Barcelona)
1747519200,May 17 2025 - 10:00pm,incomplete,N/A,Celta de Vigo,Rayo Vallecano,N/A,37,1.94,1.18,1.94,1.18,0,0,0,0,0,0,"","",-1,-1,-1,-1,-1,-1,-1,-1,-1,-1,-1,-1,-1,-1,-1,-1,-1,-1,-1,-1,1.54,1.24,0.00,0.00,2.27,53,71,44,15,3,27,74,30,71,9.17,5.35,0.00,0.00,0.00,0.00,0.00,0.00,0.00,0.00,0.00,Estadio Abanca-Balaídos (Vigo)
1747519200,May 17 2025 - 10:00pm,incomplete,N/A,Valencia CF,Athletic Club Bilbao,N/A,37,1.65,1.50,1.65,1.50,0,0,0,0,0,0,"","",-1,-1,-1,-1,-1,-1,-1,-1,-1,-1,-1,-1,-1,-1,-1,-1,-1,-1,-1,-1,1.44,1.35,0.00,0.00,2.33,58,70,46,16,9,36,63,37,77,11.25,4.35,0.00,0.00,0.00,0.00,0.00,0.00,0.00,0.00,0.00,Estadio de Mestalla (Valencia)
1747519200,May 17 2025 - 10:00pm,incomplete,N/A,RCD Mallorca,Getafe CF,N/A,37,1.41,1.25,1.41,1.25,0,0,0,0,0,0,"","",-1,-1,-1,-1,-1,-1,-1,-1,-1,-1,-1,-1,-1,-1,-1,-1,-1,-1,-1,-1,1.29,1.17,0.00,0.00,2.03,49,58,40,9,3,19,61,30,70,8.77,5.49,0.00,0.00,0.00,0.00,0.00,0.00,0.00,0.00,0.00,Estadi Mallorca Son Moix (Palma de Mallorca)
1747519200,May 17 2025 - 10:00pm,incomplete,N/A,Real Sociedad,Girona FC,N/A,37,1.44,0.82,1.44,0.82,0,0,0,0,0,0,"","",-1,-1,-1,-1,-1,-1,-1,-1,-1,-1,-1,-1,-1,-1,-1,-1,-1,-1,-1,-1,1.43,1.17,0.00,0.00,2.27,42,79,43,6,3,16,67,46,82,10.42,5.09,0.00,0.00,0.00,0.00,0.00,0.00,0.00,0.00,0.00,Reale Arena (Donostia-San Sebastián)
1747519200,May 17 2025 - 10:00pm,incomplete,N/A,Sevilla FC,Real Madrid,N/A,37,1.25,1.88,1.25,1.88,0,0,0,0,0,0,"","",-1,-1,-1,-1,-1,-1,-1,-1,-1,-1,-1,-1,-1,-1,-1,-1,-1,-1,-1,-1,1.45,1.66,0.00,0.00,2.30,58,76,39,6,6,22,73,39,82,9.73,5.18,0.00,0.00,0.00,0.00,0.00,0.00,0.00,0.00,0.00,Estadio Ramón Sánchez Pizjuán (Sevilla)
1747519200,May 17 2025 - 10:00pm,incomplete,N/A,Real Valladolid,Deportivo Alavés,N/A,37,0.81,0.88,0.81,0.88,0,0,0,0,0,0,"","",-1,-1,-1,-1,-1,-1,-1,-1,-1,-1,-1,-1,-1,-1,-1,-1,-1,-1,-1,-1,1.09,1.25,0.00,0.00,2.75,55,73,58,33,16,30,69,55,85,7.72,6.24,0.00,0.00,0.00,0.00,0.00,0.00,0.00,0.00,0.00,Estadio Municipal José Zorrilla (Valladolid)
1747519200,May 17 2025 - 10:00pm,incomplete,N/A,UD Las Palmas,Leganés,N/A,37,1.06,0.69,1.06,0.69,0,0,0,0,0,0,"","",-1,-1,-1,-1,-1,-1,-1,-1,-1,-1,-1,-1,-1,-1,-1,-1,-1,-1,-1,-1,1.42,1.04,0.00,0.00,2.50,63,75,41,25,13,28,60,50,69,7.81,5.57,0.00,0.00,0.00,0.00,0.00,0.00,0.00,0.00,0.00,Estadio de Gran Canaria (Las Palmas de Gran Canaria)
1747519200,May 17 2025 - 10:00pm,incomplete,-1,CA Osasuna,RCD Espanyol,N/A,37,1.76,0.71,1.76,0.71,0,0,0,0,0,0,"","",-1,-1,-1,-1,-1,-1,-1,-1,-1,-1,-1,-1,-1,-1,-1,-1,-1,-1,-1,-1,1.48,0.91,0.00,0.00,2.74,65,71,53,29,18,30,77,38,85,7.94,5.12,0.00,0.00,0.00,0.00,0.00,0.00,0.00,0.00,0.00,Estadio El Sadar (Pamplona (Iruñea))
1748124000,May 24 2025 - 10:00pm,incomplete,N/A,Athletic Club Bilbao,FC Barcelona,N/A,38,2.12,2.25,2.12,2.25,0,0,0,0,0,0,"","",-1,-1,-1,-1,-1,-1,-1,-1,-1,-1,-1,-1,-1,-1,-1,-1,-1,-1,-1,-1,1.64,1.70,0.00,0.00,3.11,61,77,55,40,25,37,73,52,76,10.62,4.44,0.00,0.00,0.00,0.00,0.00,0.00,0.00,0.00,0.00,San Mamés Barria (Bilbao)
1748124000,May 24 2025 - 10:00pm,incomplete,N/A,Real Betis,Valencia CF,N/A,38,1.88,0.69,1.88,0.69,0,0,0,0,0,0,"","",-1,-1,-1,-1,-1,-1,-1,-1,-1,-1,-1,-1,-1,-1,-1,-1,-1,-1,-1,-1,1.85,1.04,0.00,0.00,2.82,70,82,55,24,10,36,76,40,85,9.53,4.18,0.00,0.00,0.00,0.00,0.00,0.00,0.00,0.00,0.00,Estadio Benito Villamarín (Sevilla)
1748124000,May 24 2025 - 10:00pm,incomplete,N/A,Real Madrid,Real Sociedad,N/A,38,2.50,1.12,2.50,1.12,0,0,0,0,0,0,"","",-1,-1,-1,-1,-1,-1,-1,-1,-1,-1,-1,-1,-1,-1,-1,-1,-1,-1,-1,-1,2.12,1.03,0.00,0.00,2.72,37,74,52,34,16,31,70,49,74,12.20,4.09,0.00,0.00,0.00,0.00,0.00,0.00,0.00,0.00,0.00,Estadio Santiago Bernabéu (Madrid)
1748124000,May 24 2025 - 10:00pm,incomplete,N/A,Deportivo Alavés,CA Osasuna,N/A,38,1.19,0.88,1.19,0.88,0,0,0,0,0,0,"","",-1,-1,-1,-1,-1,-1,-1,-1,-1,-1,-1,-1,-1,-1,-1,-1,-1,-1,-1,-1,1.25,1.05,0.00,0.00,1.94,38,60,25,16,6,19,54,35,72,9.44,5.25,0.00,0.00,0.00,0.00,0.00,0.00,0.00,0.00,0.00,Estadio de Mendizorroza (Vitoria-Gasteiz)
1748124000,May 24 2025 - 10:00pm,incomplete,N/A,Leganés,Real Valladolid,N/A,38,1.12,0.18,1.12,0.18,0,0,0,0,0,0,"","",-1,-1,-1,-1,-1,-1,-1,-1,-1,-1,-1,-1,-1,-1,-1,-1,-1,-1,-1,-1,0.99,1.02,0.00,0.00,3.21,50,74,62,30,27,36,59,65,91,6.40,5.18,0.00,0.00,0.00,0.00,0.00,0.00,0.00,0.00,0.00,Estadio Municipal de Butarque (Leganés)
1748124000,May 24 2025 - 10:00pm,incomplete,N/A,Girona FC,Atlético Madrid,N/A,38,1.31,1.63,1.31,1.63,0,0,0,0,0,0,"","",-1,-1,-1,-1,-1,-1,-1,-1,-1,-1,-1,-1,-1,-1,-1,-1,-1,-1,-1,-1,1.47,1.20,0.00,0.00,2.69,57,72,57,26,13,35,72,38,88,9.61,4.37,0.00,0.00,0.00,0.00,0.00,0.00,0.00,0.00,0.00,Estadi Municipal de Montilivi (Girona)
1748124000,May 24 2025 - 10:00pm,incomplete,N/A,Getafe CF,Celta de Vigo,N/A,38,1.12,0.81,1.12,0.81,0,0,0,0,0,0,"","",-1,-1,-1,-1,-1,-1,-1,-1,-1,-1,-1,-1,-1,-1,-1,-1,-1,-1,-1,-1,1.39,1.29,0.00,0.00,2.55,61,70,47,25,10,28,67,46,74,7.01,5.32,0.00,0.00,0.00,0.00,0.00,0.00,0.00,0.00,0.00,Estadio Coliseum (Getafe)
1748124000,May 24 2025 - 10:00pm,incomplete,N/A,Rayo Vallecano,RCD Mallorca,N/A,38,1.31,1.25,1.31,1.25,0,0,0,0,0,0,"","",-1,-1,-1,-1,-1,-1,-1,-1,-1,-1,-1,-1,-1,-1,-1,-1,-1,-1,-1,-1,1.71,1.12,0.00,0.00,2.47,57,72,44,22,6,16,60,41,94,8.37,5.13,0.00,0.00,0.00,0.00,0.00,0.00,0.00,0.00,0.00,Estadio de Vallecas (Madrid)
1748124000,May 24 2025 - 10:00pm,incomplete,N/A,Villarreal,Sevilla FC,N/A,38,1.56,1.00,1.56,1.00,0,0,0,0,0,0,"","",-1,-1,-1,-1,-1,-1,-1,-1,-1,-1,-1,-1,-1,-1,-1,-1,-1,-1,-1,-1,1.75,1.23,0.00,0.00,3.08,64,77,58,40,19,43,80,49,67,10.16,5.28,0.00,0.00,0.00,0.00,0.00,0.00,0.00,0.00,0.00,Estadio de la Cerámica (Villarreal)
1748124000,May 24 2025 - 10:00pm,incomplete,-1,RCD Espanyol,UD Las Palmas,N/A,38,1.69,0.88,1.69,0.88,0,0,0,0,0,0,"","",-1,-1,-1,-1,-1,-1,-1,-1,-1,-1,-1,-1,-1,-1,-1,-1,-1,-1,-1,-1,1.15,1.04,0.00,0.00,2.54,70,79,49,24,9,28,73,40,82,7.37,5.12,0.00,0.00,0.00,0.00,0.00,0.00,0.00,0.00,0.00,N/A
1691775000,Aug 11 2023 - 5:30pm,complete,N/A,Almería,Rayo Vallecano,Javier Alberola Rojas,1,0.00,0.00,0.58,0.95,0,2,2,2,0,2,"","20,28",8,3,1,0,3,0,0,1,1,2,20,11,6,5,11,2,12,24,60,40,0.00,0.00,1.92,1.06,0.00,0,0,0,0,0,0,0,0,0,0.00,0.00,2.45,3.50,2.90,1.30,1.92,3.40,6.50,1.70,2.05,Power Horse Stadium – Estadio de los Juegos Mediterráneos (Almería)
1691784000,Aug 11 2023 - 8:00pm,complete,N/A,Sevilla FC,Valencia CF,José María Sánchez Martínez,1,0.00,0.00,1.21,1.00,1,2,3,0,0,0,"69","60,88",8,1,3,1,2,0,2,2,2,0,10,11,4,4,5,6,15,18,55,45,0.00,0.00,1.28,1.12,0.00,0,0,0,0,0,0,0,0,0,0.00,0.00,2.20,3.25,3.30,1.40,2.15,4.00,8.00,1.95,1.80,Estadio Ramón Sánchez Pizjuán (Sevilla)
1691852400,Aug 12 2023 - 3:00pm,complete,N/A,Real Sociedad,Girona FC,Francisco José Hernández Maeso,1,0.00,0.00,1.58,1.79,1,1,2,1,1,0,"5","72",4,1,2,0,5,0,1,1,2,3,17,7,3,2,11,2,17,8,48,52,0.00,0.00,1.38,0.62,0.00,0,0,0,0,0,0,0,0,0,0.00,0.00,1.60,3.70,4.90,1.27,1.86,3.10,5.65,1.95,1.80,Reale Arena (Donostia-San Sebastián)
1691861400,Aug 12 2023 - 5:30pm,complete,N/A,UD Las Palmas,RCD Mallorca,Víctor García Verdura,1,0.00,0.00,1.26,0.74,1,1,2,1,1,0,"29","70",3,6,3,0,2,0,1,2,1,1,6,13,3,3,1,8,11,22,69,31,0.00,0.00,0.69,1.10,0.00,0,0,0,0,0,0,0,0,0,0.00,0.00,2.51,3.00,2.69,1.62,2.55,5.20,12.50,2.10,1.63,Estadio de Gran Canaria (Las Palmas de Gran Canaria)
1691868600,Aug 12 2023 - 7:30pm,complete,N/A,Athletic Club Bilbao,Real Madrid,Jesús Gil Manzano,1,0.00,0.00,2.21,2.32,0,2,2,2,0,2,"","28,36",7,5,3,0,1,0,1,2,0,1,8,15,2,9,3,3,16,6,46,54,0.00,0.00,0.91,1.67,0.00,0,0,0,0,0,0,0,0,0,0.00,0.00,3.00,3.60,2.35,1.24,1.85,2.89,5.20,1.67,2.10,San Mamés Barria (Bilbao)
1691938800,Aug 13 2023 - 3:00pm,complete,N/A,Celta de Vigo,CA Osasuna,Pablo González Fuertes,1,0.00,0.00,1.26,1.16,0,2,2,1,0,1,"","24,74",7,2,1,0,1,0,1,0,0,1,13,12,2,6,7,5,12,14,52,48,0.00,0.00,1.03,1.35,0.00,0,0,0,0,0,0,0,0,0,0.00,0.00,2.05,3.20,3.90,1.45,2.30,4.50,9.50,2.00,1.75,Abanca-Balaídos (Vigo)
1691947800,Aug 13 2023 - 5:30pm,complete,17825,Villarreal,Real Betis,Miguel Ángel Ortiz Arias,1,0.00,0.00,1.37,1.21,1,2,3,1,0,1,"61","20,90'5",9,4,1,0,3,0,0,1,1,2,19,13,6,6,6,2,13,17,63,37,0.00,0.00,1.64,1.20,0.00,0,0,0,0,0,0,0,0,0,0.00,0.00,1.73,3.80,4.60,1.24,1.67,2.85,5.00,1.70,2.05,Estadio de la Cerámica (Villarreal)
1691955000,Aug 13 2023 - 7:30pm,complete,N/A,Getafe CF,FC Barcelona,César Soto Grado,1,0.00,0.00,1.53,2.05,0,0,0,0,0,0,"","",3,4,7,1,2,1,3,5,2,1,7,15,3,5,3,7,20,13,25,75,0.00,0.00,0.85,1.53,0.00,0,0,0,0,0,0,0,0,0,0.00,0.00,6.00,4.00,1.58,1.36,2.05,3.75,7.50,2.10,1.67,Coliseum Alfonso Pérez (Getafe)
1692034200,Aug 14 2023 - 5:30pm,complete,N/A,Cádiz,Deportivo Alavés,Isidro Díaz de Mera Escuderos,1,0.00,0.00,1.26,0.79,1,0,1,1,1,0,"7","",2,4,3,1,2,0,0,4,0,2,13,11,4,3,6,5,19,16,44,56,0.00,0.00,1.17,1.09,0.00,0,0,0,0,0,0,0,0,0,0.00,0.00,2.45,2.84,2.94,1.53,2.55,5.20,10.50,2.20,1.62,Estadio Nuevo Mirandilla (Cádiz)
1692041400,Aug 14 2023 - 7:30pm,complete,N/A,Atlético Madrid,Granada CF,Juan Luis Pulido Santana,1,0.00,0.00,2.58,0.16,3,1,4,1,1,0,"45'4,67,90'8","62",3,3,3,0,1,0,2,1,1,0,15,9,7,5,6,1,15,10,45,55,0.00,0.00,1.79,0.97,0.00,0,0,0,0,0,0,0,0,0,0.00,0.00,1.33,5.50,9.50,1.20,1.65,2.75,5.40,2.10,1.67,Estádio Cívitas Metropolitano (Madrid)
1692379800,Aug 18 2023 - 5:30pm,complete,N/A,RCD Mallorca,Villarreal,Javier Alberola Rojas,2,0.00,0.00,1.37,1.42,0,1,1,0,0,0,"","62",6,5,2,0,4,0,1,1,2,2,9,16,2,4,4,7,14,11,40,60,0.00,0.00,0.87,1.40,0.00,0,0,0,0,0,0,0,0,0,0.00,0.00,3.15,3.25,2.36,1.44,2.25,4.33,9.50,1.93,1.75,Estadi Mallorca Son Moix (Palma de Mallorca)
1692387000,Aug 18 2023 - 7:30pm,complete,N/A,Valencia CF,UD Las Palmas,Javier Iglesias Villanueva,2,0.00,0.00,1.58,0.84,1,0,1,0,0,0,"74","",6,4,0,0,0,0,0,0,0,0,10,8,5,2,2,4,12,5,39,61,0.00,0.00,1.07,0.77,0.00,0,0,0,0,0,0,0,0,0,0.00,0.00,1.76,3.55,5.00,1.40,2.30,4.40,10.00,2.12,1.68,Estadio de Mestalla (Valencia)
1692457200,Aug 19 2023 - 3:00pm,complete,N/A,Real Sociedad,Celta de Vigo,Miguel Ángel Ortiz Arias,2,1.00,0.00,1.58,0.89,1,1,2,1,1,0,"22","90'4",9,7,2,0,1,0,1,1,0,1,12,18,3,7,5,6,12,12,52,48,1.38,0.00,1.09,1.54,1.00,50,50,0,0,0,0,50,0,50,4.00,2.00,1.72,3.50,5.05,1.47,2.36,4.75,10.00,2.15,1.61,Reale Arena (Donostia-San Sebastián)
1692466200,Aug 19 2023 - 5:30pm,complete,N/A,Almería,Real Madrid,José María Sánchez Martínez,2,0.00,3.00,0.58,2.32,1,3,4,2,1,1,"3","19,60,73",4,5,1,0,0,0,0,1,0,0,21,26,9,10,8,11,11,12,44,56,1.92,1.67,2.04,2.43,2.00,0,100,0,0,0,100,100,0,0,13.00,2.00,7.32,4.90,1.40,1.20,1.63,2.45,5.00,1.87,1.90,Power Horse Stadium – Estadio de los Juegos Mediterráneos (Almería)
1692473400,Aug 19 2023 - 7:30pm,complete,N/A,CA Osasuna,Athletic Club Bilbao,José Luis Munuera Montero,2,0.00,0.00,1.21,1.37,0,2,2,2,0,2,"","11,20",5,3,1,1,4,1,0,2,1,4,20,9,8,3,5,4,9,14,62,38,0.00,0.00,1.95,0.92,0.00,0,0,0,0,0,0,0,0,0,0.00,0.00,2.80,3.05,2.70,1.44,2.36,4.33,8.00,2.00,1.78,Estadio El Sadar (Pamplona (Iruñea))
1692550800,Aug 20 2023 - 5:00pm,complete,11784,Girona FC,Getafe CF,Jorge Figueroa Vázquez,2,0.00,0.00,2.47,0.74,3,0,3,1,1,0,"12,55,65","",3,2,2,0,5,0,1,1,3,2,8,10,7,3,0,6,10,20,65,35,0.00,0.00,1.14,1.15,0.00,0,0,0,0,0,0,0,0,0,0.00,0.00,2.55,2.92,2.74,1.50,2.54,5.00,11.00,2.20,1.62,Estadi Municipal de Montilivi (Girona)
1692552600,Aug 20 2023 - 5:30pm,complete,N/A,FC Barcelona,Cádiz,Alejandro Muñíz Ruiz,2,0.00,0.00,2.42,0.47,2,0,2,0,0,0,"82,90'4","",10,2,4,0,3,0,3,1,2,1,25,11,11,2,6,7,10,22,75,25,0.00,0.00,2.46,0.93,0.00,0,0,0,0,0,0,0,0,0,0.00,0.00,1.19,5.58,12.25,1.17,1.57,2.35,4.60,2.20,1.62,Estadi Olímpic Lluís Companys (Barcelona)
1692559800,Aug 20 2023 - 7:30pm,complete,51782,Real Betis,Atlético Madrid,Ricardo De Burgos Bengoetxea,2,0.00,0.00,1.79,1.42,0,0,0,0,0,0,"","",2,7,2,0,1,0,1,1,1,0,15,6,0,2,9,2,10,9,53,47,0.00,0.00,0.94,0.77,0.00,0,0,0,0,0,0,0,0,0,0.00,0.00,3.70,3.55,2.04,1.38,2.10,4.00,8.00,1.95,1.80,Estadio Benito Villamarín (Sevilla)
1692637200,Aug 21 2023 - 5:00pm,complete,N/A,Deportivo Alavés,Sevilla FC,Guillermo Cuadra Fernández,2,0.00,0.00,1.63,0.95,4,3,7,4,2,2,"7,44,54,59","15,41,90'7",4,4,1,0,2,0,0,1,0,2,15,13,8,3,7,4,14,14,33,67,0.00,0.00,1.78,1.04,0.00,0,0,0,0,0,0,0,0,0,0.00,0.00,2.90,2.95,2.20,1.50,2.57,5.00,10.25,2.10,1.67,Estadio de Mendizorroza (Vitoria-Gasteiz)
1692646200,Aug 21 2023 - 7:30pm,complete,N/A,Granada CF,Rayo Vallecano,Pablo González Fuertes,2,0.00,3.00,0.95,0.95,0,2,2,0,0,0,"","75,79",5,6,2,1,1,0,1,2,0,1,15,18,8,10,5,6,14,12,49,51,0.00,1.06,1.74,2.01,1.00,0,50,0,0,0,50,50,0,0,3.00,3.00,2.62,2.98,2.62,1.45,2.30,4.50,9.50,2.00,1.75,Estadio Nuevo Los Cármenes (Granada)
1692984600,Aug 25 2023 - 5:30pm,complete,25335,UD Las Palmas,Real Sociedad,Guillermo Cuadra Fernández,3,1.00,0.00,1.26,1.58,0,0,0,0,0,0,"","",5,7,1,0,4,0,1,0,1,3,12,10,6,2,3,4,8,29,49,51,0.69,0.00,1.29,0.75,1.00,50,50,0,0,0,0,50,0,50,3.00,3.00,3.70,3.05,1.98,1.50,2.47,5.00,11.00,2.20,1.62,Estadio de Gran Canaria (Las Palmas de Gran Canaria)
1692991800,Aug 25 2023 - 7:30pm,complete,N/A,Celta de Vigo,Real Madrid,Isidro Díaz de Mera Escuderos,3,0.00,3.00,1.26,2.32,0,1,1,0,0,0,"","81",3,5,2,0,3,0,0,2,0,3,14,12,5,4,6,6,18,14,37,63,1.03,2.05,1.33,1.34,2.50,25,100,25,25,0,50,100,25,75,12.00,1.50,3.30,3.60,1.93,1.20,1.63,2.65,4.75,1.67,2.10,Abanca-Balaídos (Vigo)
1693069200,Aug 26 2023 - 5:00pm,complete,N/A,Cádiz,Almería,Víctor García Verdura,3,3.00,0.00,1.26,0.53,1,1,2,0,0,0,"59","90'5",7,3,0,1,4,1,0,1,2,3,13,6,4,3,5,2,16,22,52,48,1.17,0.00,1.15,0.73,0.50,0,0,0,0,0,0,50,0,0,2.00,5.00,2.25,3.30,3.25,1.32,1.93,3.60,7.00,1.80,1.95,Estadio Nuevo Mirandilla (Cádiz)
1693071000,Aug 26 2023 - 5:30pm,complete,N/A,Granada CF,RCD Mallorca,Francisco José Hernández Maeso,3,0.00,1.00,0.95,0.74,3,2,5,2,1,1,"12,46,70","38,87",5,3,2,0,7,0,2,0,3,4,11,11,5,6,3,4,10,27,53,47,1.74,1.10,1.09,1.26,2.00,50,100,0,0,0,0,50,50,100,11.00,6.00,2.60,3.00,3.00,1.53,2.57,5.50,12.00,2.10,1.67,Estadio Nuevo Los Cármenes (Granada)
1693078200,Aug 26 2023 - 7:30pm,complete,N/A,Sevilla FC,Girona FC,Jesús Gil Manzano,3,0.00,1.00,1.21,1.79,1,2,3,2,1,1,"45'2","16,56",6,6,2,0,1,0,0,2,1,0,22,9,5,4,13,5,11,19,51,49,1.28,0.62,2.02,0.96,2.50,100,100,50,0,0,0,50,50,100,9.00,10.00,2.10,3.45,3.50,1.32,1.77,3.40,6.50,1.75,2.00,Estadio Ramón Sánchez Pizjuán (Sevilla)
1693150200,Aug 27 2023 - 3:30pm,complete,N/A,Villarreal,FC Barcelona,Alejandro José Hernández Hernández,3,0.00,1.00,1.37,2.05,3,4,7,4,2,2,"26,40,50","12,15,68,71",2,6,3,0,3,0,1,2,2,1,14,22,7,12,3,4,13,13,39,61,1.64,1.53,1.35,2.23,1.50,50,50,50,0,0,0,50,50,50,13.00,5.00,3.66,3.95,2.05,1.19,1.46,2.55,5.00,1.57,2.25,Estadio de la Cerámica (Villarreal)
1693157400,Aug 27 2023 - 5:30pm,complete,N/A,Valencia CF,CA Osasuna,Juan Luis Pulido Santana,3,3.00,3.00,1.58,1.16,1,2,3,1,0,1,"80","24,90'5",6,3,3,0,4,0,2,1,1,3,17,9,5,3,10,3,11,14,65,35,1.07,1.35,1.83,0.87,1.50,0,50,0,0,0,0,50,0,100,8.00,1.00,2.08,3.56,3.94,1.36,2.05,3.80,7.50,1.95,1.80,Estadio de Mestalla (Valencia)
1693164600,Aug 27 2023 - 7:30pm,complete,N/A,Athletic Club Bilbao,Real Betis,César Soto Grado,3,0.00,3.00,2.21,1.21,4,2,6,5,3,2,"30,45,45'7,84","2,10",5,3,4,0,2,0,0,4,1,1,15,10,7,5,5,3,20,9,47,53,0.91,1.20,1.65,1.07,2.50,50,100,50,0,0,50,100,50,50,11.00,6.00,1.80,3.50,4.50,1.32,1.95,3.50,6.50,1.80,1.95,San Mamés Barria (Bilbao)
1693243800,Aug 28 2023 - 5:30pm,complete,N/A,Getafe CF,Deportivo Alavés,Juan Martínez Munuera,3,1.00,0.00,1.53,0.79,1,0,1,0,0,0,"84","",4,5,1,0,2,0,0,1,0,2,17,17,5,3,9,9,14,13,44,56,0.85,1.09,1.63,1.29,0.50,0,0,0,0,0,0,50,0,0,7.00,10.00,2.15,3.10,3.73,1.65,2.90,5.70,10.50,2.38,1.53,Coliseum Alfonso Pérez (Getafe)
1693251000,Aug 28 2023 - 7:30pm,complete,N/A,Rayo Vallecano,Atlético Madrid,José Luis Munuera Montero,3,0.00,1.00,1.05,1.42,0,7,7,3,0,3,"","2,16,36,73,79,84,86",8,3,4,0,3,0,1,3,0,3,14,19,4,11,8,4,17,12,59,41,0.00,0.77,1.53,1.83,0.00,0,0,0,0,0,0,0,0,0,7.00,1.00,4.20,3.70,1.88,1.36,2.00,3.75,7.00,1.95,1.80,Estadio de Vallecas (Madrid)
1693589400,Sep 01 2023 - 5:30pm,complete,N/A,Cádiz,Villarreal,Juan Luis Pulido Santana,4,2.00,3.00,1.26,1.42,3,1,4,3,2,1,"18,30,50","10",7,3,5,0,4,1,2,3,2,3,19,9,5,4,6,3,21,15,42,58,1.16,1.40,1.42,0.99,1.25,25,25,0,0,0,0,25,25,75,9.50,7.50,3.05,3.58,2.26,1.28,1.76,3.20,6.00,1.67,2.10,Estadio Nuevo Mirandilla (Cádiz)
1693598400,Sep 01 2023 - 8:00pm,complete,N/A,Almería,Celta de Vigo,Ricardo De Burgos Bengoetxea,4,0.00,1.00,0.58,0.89,2,3,5,2,0,2,"54,68","24,33,87",6,5,1,0,1,0,1,0,0,1,17,15,6,9,8,4,10,9,63,37,1.98,1.54,1.69,1.91,2.50,75,100,25,25,0,50,100,25,75,13.00,2.00,2.41,3.48,2.87,1.30,1.81,3.20,6.00,1.70,2.05,Power Horse Stadium – Estadio de los Juegos Mediterráneos (Almería)
1693656000,Sep 02 2023 - 12:00pm,complete,N/A,Real Sociedad,Granada CF,Javier Iglesias Villanueva,4,1.00,0.00,1.58,0.16,5,3,8,3,2,1,"9,44,59,67,76","35,83,90'9",2,5,1,0,5,0,0,1,2,3,16,9,7,6,7,1,15,16,63,37,1.24,0.97,1.74,1.09,3.00,100,100,50,50,0,0,100,50,100,9.50,3.00,1.38,4.07,6.38,1.26,1.70,3.10,6.00,2.05,1.70,Reale Arena (Donostia-San Sebastián)
1693664100,Sep 02 2023 - 2:15pm,complete,66747,Real Madrid,Getafe CF,Mario Melero López,4,0.00,0.00,2.68,0.74,2,1,3,1,0,1,"47,90'5","11",11,1,2,0,6,0,1,1,1,5,27,7,13,3,9,2,13,16,69,31,0.00,1.15,2.89,0.73,1.50,0,50,50,0,0,0,50,50,50,2.00,5.00,1.25,5.40,8.75,1.28,1.65,3.20,6.00,2.25,1.57,Estadio Santiago Bernabéu (Madrid)
1693672200,Sep 02 2023 - 4:30pm,complete,16641,Deportivo Alavés,Valencia CF,Pablo González Fuertes,4,3.00,3.00,1.63,1.00,1,0,1,1,1,0,"6","",1,2,4,0,2,0,2,2,1,1,8,10,2,5,4,3,19,8,41,59,1.78,1.12,0.86,1.15,5.00,100,100,100,50,50,50,50,100,100,5.00,3.00,3.46,3.04,2.52,1.55,2.75,5.50,12.00,2.10,1.67,Estadio de Mendizorroza (Vitoria-Gasteiz)
1693681200,Sep 02 2023 - 7:00pm,complete,N/A,Real Betis,Rayo Vallecano,Alejandro Muñíz Ruiz,4,1.00,3.00,1.79,0.95,1,0,1,0,0,0,"53","",2,3,3,0,5,0,2,1,1,4,15,16,6,7,7,4,22,20,57,43,0.94,1.54,1.55,1.44,1.00,0,50,0,0,0,25,25,25,25,6.50,4.00,1.99,3.73,4.10,1.35,2.06,3.75,7.50,1.91,1.91,Estadio Benito Villamarín (Sevilla)
1693742400,Sep 03 2023 - 12:00pm,complete,N/A,Girona FC,UD Las Palmas,Mateo Busquets Ferrer,4,3.00,0.00,2.47,0.84,1,0,1,0,0,0,"88","",3,5,3,0,3,0,1,2,2,1,12,11,7,6,4,1,14,8,46,54,1.14,0.77,1.45,1.11,2.00,0,50,50,0,0,0,50,50,100,7.00,2.00,1.62,3.65,4.80,1.34,2.10,3.64,6.90,2.14,1.68,Estadi Municipal de Montilivi (Girona)
1693750500,Sep 03 2023 - 2:15pm,complete,17043,RCD Mallorca,Athletic Club Bilbao,Jorge Figueroa Vázquez,4,0.00,3.00,1.37,1.37,0,0,0,0,0,0,"","",3,5,0,0,1,0,0,0,1,0,9,12,3,4,2,4,12,17,33,67,0.87,0.92,0.70,1.17,1.50,0,50,0,0,0,50,50,0,50,9.00,7.00,3.30,2.90,2.40,1.51,2.45,4.75,9.00,2.05,1.70,Estadi Mallorca Son Moix (Palma de Mallorca)
1693767600,Sep 03 2023 - 7:00pm,complete,N/A,CA Osasuna,FC Barcelona,Miguel Ángel Ortiz Arias,4,0.00,2.00,1.21,2.05,1,2,3,1,0,1,"76","45'1,86",8,5,1,1,3,0,1,1,1,2,12,10,4,5,2,3,5,15,30,70,1.95,1.88,1.16,1.24,2.75,25,75,25,25,25,75,75,25,25,10.00,6.50,4.75,3.85,1.65,1.25,1.80,2.80,4.90,1.80,1.95,Estadio El Sadar (Pamplona (Iruñea))
1694804400,Sep 15 2023 - 7:00pm,complete,N/A,Rayo Vallecano,Deportivo Alavés,Víctor García Verdura,5,0.00,0.00,1.05,0.79,2,0,2,1,1,0,"43,82","",5,3,2,0,3,0,1,1,2,1,21,11,12,3,6,5,15,14,52,48,1.53,1.19,2.27,1.02,4.00,0,50,50,50,50,50,75,50,75,12.50,6.00,1.95,3.10,4.40,1.53,2.55,5.50,12.00,2.25,1.57,Estadio de Vallecas (Madrid)
1694865600,Sep 16 2023 - 12:00pm,complete,N/A,Athletic Club Bilbao,Cádiz,Guillermo Cuadra Fernández,5,1.50,0.00,2.21,0.47,3,0,3,0,0,0,"66,68,90'1","",5,4,1,0,4,0,1,0,0,4,21,6,10,5,9,0,11,20,66,34,1.28,0.93,2.42,0.81,3.00,25,100,25,25,25,50,50,50,75,8.00,6.50,1.56,4.10,6.40,1.35,2.02,3.75,7.50,2.05,1.70,San Mamés Barria (Bilbao)
1694873700,Sep 16 2023 - 2:15pm,complete,N/A,Valencia CF,Atlético Madrid,Jesús Gil Manzano,5,1.50,2.00,1.58,1.42,3,0,3,2,2,0,"5,34,54","",5,8,1,0,5,0,0,1,3,2,13,12,9,4,1,4,15,17,36,64,1.45,1.30,1.50,1.30,2.75,25,50,50,25,25,25,50,50,75,11.00,3.50,3.80,3.40,2.08,1.36,2.01,3.75,7.50,1.91,1.91,Estadio de Mestalla (Valencia)
1694881800,Sep 16 2023 - 4:30pm,complete,18693,Celta de Vigo,RCD Mallorca,José Luis Munuera Montero,5,0.00,0.50,1.26,0.74,0,1,1,0,0,0,"","85",10,1,1,0,3,0,1,0,1,2,17,8,5,5,9,3,9,15,61,39,1.18,1.18,1.71,1.06,2.50,50,75,25,25,25,25,75,25,100,9.50,6.00,2.05,3.15,4.10,1.47,2.48,5.00,11.00,2.20,1.62,Abanca-Balaídos (Vigo)
1694890800,Sep 16 2023 - 7:00pm,complete,N/A,FC Barcelona,Real Betis,José María Sánchez Martínez,5,3.00,1.50,2.42,1.21,5,0,5,2,2,0,"25,32,62,66,81","",9,5,1,0,2,0,0,1,0,2,19,12,11,3,6,8,9,10,66,34,2.46,1.14,2.24,1.22,3.25,50,100,50,25,25,25,50,75,100,13.50,6.50,1.37,5.25,7.50,1.18,1.58,2.27,4.33,1.80,1.95,Estadi Olímpic Lluís Companys (Barcelona)
1694952000,Sep 17 2023 - 12:00pm,complete,9808,Getafe CF,CA Osasuna,Alejandro José Hernández Hernández,5,2.00,3.00,1.53,1.16,3,2,5,2,1,1,"36,51,86","45,57",6,3,6,1,2,0,2,5,1,1,12,10,7,4,2,5,15,11,45,55,1.24,1.11,1.36,1.11,1.50,25,50,25,0,0,0,50,25,75,6.00,7.00,2.55,2.88,3.10,1.61,2.66,5.50,12.50,2.25,1.57,Coliseum Alfonso Pérez (Getafe)
1694960100,Sep 17 2023 - 2:15pm,complete,N/A,Villarreal,Almería,Francisco José Hernández Maeso,5,0.00,1.00,1.37,0.53,2,1,3,2,1,1,"45'5,90'4","44",6,6,2,0,3,0,1,1,0,3,11,18,5,8,2,8,15,6,63,37,1.50,0.73,1.27,1.80,3.50,100,100,50,25,25,25,50,100,100,8.50,7.00,1.46,4.50,6.40,1.19,1.57,2.30,4.50,1.70,2.05,Estadio de la Cerámica (Villarreal)
1694968200,Sep 17 2023 - 4:30pm,complete,N/A,Sevilla FC,UD Las Palmas,Juan Martínez Munuera,5,0.00,0.00,1.21,0.84,1,0,1,0,0,0,"71","",7,3,3,0,5,0,2,1,1,4,27,15,10,3,10,8,13,12,44,56,1.65,0.94,2.50,1.24,2.00,50,50,50,0,0,25,25,25,100,11.50,5.00,1.61,3.75,5.50,1.31,1.91,3.25,6.25,2.00,1.75,Estadio Ramón Sánchez Pizjuán (Sevilla)
1694977200,Sep 17 2023 - 7:00pm,complete,N/A,Real Madrid,Real Sociedad,César Soto Grado,5,3.00,1.00,2.68,1.58,2,1,3,1,0,1,"46,60","5",4,3,3,0,2,0,1,2,0,2,19,16,9,6,5,6,11,14,51,49,2.89,0.75,1.97,1.42,1.50,50,50,50,0,0,0,50,50,50,18.00,6.00,1.65,4.00,5.30,1.28,1.84,3.10,6.00,1.91,1.91,Estadio Santiago Bernabéu (Madrid)
1695063600,Sep 18 2023 - 7:00pm,complete,N/A,Granada CF,Girona FC,Isidro Díaz de Mera Escuderos,5,1.50,2.00,0.95,1.79,2,4,6,3,0,3,"63,85","22,31,34,89",4,5,3,0,3,0,2,1,0,3,13,14,6,8,5,2,12,19,42,58,1.42,0.79,1.34,1.53,3.00,75,100,50,25,25,50,75,50,100,8.50,6.00,2.80,3.25,2.40,1.31,2.08,3.30,6.50,1.80,1.95,Estadio Nuevo Los Cármenes (Granada)
1695409200,Sep 22 2023 - 7:00pm,complete,19421,Deportivo Alavés,Athletic Club Bilbao,Alejandro Muñíz Ruiz,6,3.00,2.00,1.63,1.37,0,2,2,1,0,1,"","18,76",3,4,2,0,2,0,1,1,2,0,16,12,6,4,6,6,12,11,43,57,1.32,1.04,1.50,1.28,2.50,25,50,25,25,25,50,75,25,25,6.50,5.50,3.70,3.00,2.20,1.50,2.50,5.00,11.00,2.10,1.67,Estadio de Mendizorroza (Vitoria-Gasteiz)
1695470400,Sep 23 2023 - 12:00pm,complete,N/A,Girona FC,RCD Mallorca,Pablo González Fuertes,6,3.00,1.33,2.47,0.74,5,3,8,5,4,1,"26,33,37,45,57","4,88,90'5",6,5,1,0,5,0,0,1,4,1,25,16,11,6,10,5,10,10,56,44,1.29,1.14,2.53,1.41,2.34,34,59,42,17,17,17,59,42,100,6.33,6.50,1.92,3.38,4.30,1.50,2.35,4.75,10.00,2.20,1.62,Estadi Municipal de Montilivi (Girona)
1695478500,Sep 23 2023 - 2:15pm,complete,19670,CA Osasuna,Sevilla FC,Javier Iglesias Villanueva,6,0.00,0.00,1.21,0.95,0,0,0,0,0,0,"","",7,4,2,0,3,0,0,2,0,3,17,17,3,5,7,10,12,6,44,56,1.56,1.04,1.29,1.75,4.75,75,100,75,50,50,75,100,75,75,10.50,5.00,2.43,3.10,2.68,1.38,2.10,4.20,8.50,1.95,1.80,Estadio El Sadar (Pamplona (Iruñea))
1695486600,Sep 23 2023 - 4:30pm,complete,N/A,FC Barcelona,Celta de Vigo,Mario Melero López,6,3.00,2.00,2.42,0.89,3,2,5,1,0,1,"81,85,89","19,76",2,3,2,0,1,0,2,0,1,0,16,14,7,8,6,4,9,10,74,26,2.35,1.72,1.77,1.56,3.50,50,100,50,50,50,50,75,75,100,15.50,3.50,1.25,6.00,12.00,1.17,1.57,2.38,3.80,1.80,1.95,Estadi Olímpic Lluís Companys (Barcelona)
1695495600,Sep 23 2023 - 7:00pm,complete,N/A,Almería,Valencia CF,Mateo Busquets Ferrer,6,0.00,1.50,0.58,1.00,2,2,4,1,0,1,"59,69","14,63",7,3,4,0,2,0,0,4,0,2,18,8,11,6,5,1,13,10,61,39,1.88,1.14,2.08,1.07,2.84,59,75,59,34,17,50,75,59,59,7.50,3.00,2.90,3.50,2.38,1.30,1.93,3.65,7.50,1.75,2.00,Power Horse Stadium – Estadio de los Juegos Mediterráneos (Almería)
1695556800,Sep 24 2023 - 12:00pm,complete,N/A,Real Sociedad,Getafe CF,Juan Luis Pulido Santana,6,1.67,0.00,1.58,0.74,4,3,7,3,1,2,"2,61,66,88","39,45'5,90'2",2,1,3,0,2,0,3,0,1,1,11,11,7,8,2,3,16,24,61,39,1.40,0.94,1.31,1.47,3.50,75,100,67,17,17,17,100,67,100,6.50,7.17,1.63,3.60,6.20,1.50,2.51,4.20,8.00,2.50,1.50,Reale Arena (Donostia-San Sebastián)
1695564900,Sep 24 2023 - 2:15pm,complete,N/A,Rayo Vallecano,Villarreal,Jorge Figueroa Vázquez,6,1.50,1.50,1.05,1.42,1,1,2,2,1,1,"16","15",2,8,2,0,2,1,1,1,0,3,12,15,7,7,3,6,17,15,41,59,1.90,1.19,1.46,1.62,3.50,25,75,50,50,25,50,75,25,100,10.50,8.00,2.70,3.55,2.55,1.25,1.77,2.95,5.50,1.62,2.20,Estadio de Vallecas (Madrid)
1695573000,Sep 24 2023 - 4:30pm,complete,N/A,Real Betis,Cádiz,Miguel Ángel Ortiz Arias,6,2.00,0.00,1.79,0.47,1,1,2,1,0,1,"60","41",11,8,2,0,3,0,1,1,1,2,22,6,8,2,11,3,9,14,63,37,1.24,0.87,2.25,0.78,1.50,0,50,25,0,0,0,0,50,75,5.00,6.00,1.83,3.60,4.40,1.38,2.15,3.63,8.00,1.95,1.80,Estadio Benito Villamarín (Sevilla)
1695573000,Sep 24 2023 - 4:30pm,complete,24848,UD Las Palmas,Granada CF,Ricardo De Burgos Bengoetxea,6,1.00,0.00,1.26,0.16,1,0,1,0,0,0,"90'2","",6,7,5,1,4,0,3,3,1,3,11,3,4,2,6,1,14,20,58,42,0.99,1.03,1.12,0.64,3.50,75,75,50,50,25,25,75,50,75,8.00,5.00,2.05,3.40,3.80,1.35,2.05,3.70,7.30,1.87,1.94,Estadio de Gran Canaria (Las Palmas de Gran Canaria)
1695582000,Sep 24 2023 - 7:00pm,complete,N/A,Atlético Madrid,Real Madrid,Javier Alberola Rojas,6,3.00,3.00,2.58,2.32,3,1,4,3,2,1,"4,18,46","35",6,11,1,0,3,0,1,0,1,2,11,21,5,6,3,8,17,11,36,64,1.79,1.81,1.27,1.92,3.17,67,84,67,67,0,34,84,67,84,8.00,4.33,2.70,3.40,2.60,1.33,2.00,3.60,7.00,1.75,2.00,Estádio Cívitas Metropolitano (Madrid)
1695747600,Sep 26 2023 - 5:00pm,complete,N/A,Sevilla FC,Almería,Guillermo Cuadra Fernández,7,1.00,0.50,1.21,0.53,5,1,6,3,3,0,"7,8,38,51,90'2","71",9,4,3,0,2,0,0,3,0,2,19,11,10,2,4,7,11,16,46,54,1.93,1.26,1.96,0.94,2.42,84,84,59,0,0,42,42,42,100,11.50,7.33,1.50,4.50,6.50,1.20,1.66,2.65,4.75,1.75,2.00,Estadio Ramón Sánchez Pizjuán (Sevilla)
1695756600,Sep 26 2023 - 7:30pm,complete,19938,RCD Mallorca,FC Barcelona,Alejandro Muñíz Ruiz,7,0.50,2.33,1.37,2.05,2,2,4,3,2,1,"8,45'3","41,75",7,2,4,1,1,0,0,5,1,0,11,12,6,6,2,5,19,7,30,70,0.79,1.67,1.11,1.47,1.92,34,34,34,17,17,17,34,34,59,9.50,4.33,5.50,4.00,1.66,1.28,1.85,3.10,6.00,1.95,1.80,Estadi Mallorca Son Moix (Palma de Mallorca)
1695834000,Sep 27 2023 - 5:00pm,complete,N/A,Athletic Club Bilbao,Getafe CF,Isidro Díaz de Mera Escuderos,7,2.00,0.00,2.21,0.74,2,2,4,1,1,0,"6,62","51,83",5,4,5,1,6,0,2,4,1,5,10,14,5,6,2,4,12,16,49,51,1.66,1.12,1.05,1.49,4.00,50,100,84,33,33,50,84,67,84,7.00,7.00,1.67,3.50,5.50,1.42,2.30,4.33,9.50,2.38,1.53,San Mamés Barria (Bilbao)
1695834000,Sep 27 2023 - 5:00pm,complete,N/A,Villarreal,Girona FC,José María Sánchez Martínez,7,1.00,2.33,1.37,1.79,1,2,3,0,0,0,"49","56,61",5,6,3,0,2,0,1,2,0,2,15,18,4,6,6,9,10,11,53,47,1.42,1.03,1.39,1.72,4.00,100,100,84,33,33,67,100,50,100,9.67,5.00,1.91,3.60,3.75,1.19,1.60,2.35,4.10,1.50,2.50,Estadio de la Cerámica (Villarreal)
1695834000,Sep 27 2023 - 5:00pm,complete,N/A,Real Madrid,UD Las Palmas,José Luis Munuera Montero,7,3.00,0.00,2.68,0.84,2,0,2,1,1,0,"45'3,54","",7,2,0,0,1,0,0,0,0,1,22,17,10,3,3,8,9,8,48,52,2.43,1.04,2.03,1.22,2.00,50,50,50,0,0,0,50,50,100,11.50,5.17,1.29,6.00,8.00,1.14,1.45,2.10,3.40,1.91,1.91,Estadio Santiago Bernabéu (Madrid)
1695843000,Sep 27 2023 - 7:30pm,complete,N/A,Cádiz,Rayo Vallecano,Francisco José Hernández Maeso,7,2.33,2.00,1.26,0.95,0,0,0,0,0,0,"","",1,2,5,0,6,1,2,3,3,4,11,10,4,5,6,5,14,11,52,48,1.25,1.51,1.31,1.22,2.00,34,67,17,17,0,33,50,33,67,9.33,7.00,2.63,3.00,2.88,1.44,2.25,4.50,9.50,1.95,1.80,Estadio Nuevo Mirandilla (Cádiz)
1695843000,Sep 27 2023 - 7:30pm,complete,N/A,Valencia CF,Real Sociedad,Alejandro José Hernández Hernández,7,2.00,0.50,1.58,1.58,0,1,1,1,0,1,"","32",0,2,3,1,7,0,3,1,3,4,10,3,3,2,4,1,14,17,37,63,1.47,1.09,0.89,0.61,1.92,42,59,59,0,0,17,59,42,75,10.67,4.33,2.63,3.00,2.88,1.44,2.30,4.20,8.75,2.00,1.75,Estadio de Mestalla (Valencia)
1695920400,Sep 28 2023 - 5:00pm,complete,18936,Granada CF,Real Betis,Víctor García Verdura,7,1.00,1.00,0.95,1.21,1,1,2,0,0,0,"67","51",5,7,2,0,1,0,1,1,0,1,21,14,8,4,8,6,15,11,39,61,1.39,1.16,1.91,1.32,4.50,67,100,84,67,67,67,84,84,100,8.67,5.33,3.15,3.45,2.35,1.32,2.02,3.40,6.50,1.70,2.05,Estadio Nuevo Los Cármenes (Granada)
1695920400,Sep 28 2023 - 5:00pm,complete,N/A,Celta de Vigo,Deportivo Alavés,César Soto Grado,7,0.00,0.00,1.26,0.79,1,1,2,1,1,0,"35","73",2,8,5,1,3,0,1,5,0,3,9,22,0,12,5,7,9,12,46,54,1.36,1.13,0.61,2.40,1.33,0,33,0,0,0,0,50,0,84,10.67,3.66,1.78,3.55,5.30,1.50,2.35,4.75,10.00,2.20,1.62,Abanca-Balaídos (Vigo)
1695929400,Sep 28 2023 - 7:30pm,complete,N/A,CA Osasuna,Atlético Madrid,Juan Martínez Munuera,7,0.33,1.33,1.21,1.42,0,2,2,1,0,1,"","20,81",7,2,3,1,1,1,0,4,0,2,14,6,3,4,8,2,14,5,54,46,1.47,1.30,1.52,0.86,2.50,17,67,50,17,17,50,67,33,50,12.67,5.67,3.45,3.60,2.16,1.36,2.02,3.75,7.50,1.91,1.91,Estadio El Sadar (Pamplona (Iruñea))
1696014000,Sep 29 2023 - 7:00pm,complete,N/A,FC Barcelona,Sevilla FC,Miguel Ángel Ortiz Arias,8,3.00,0.50,2.42,0.95,1,0,1,0,0,0,"76","",13,3,2,0,3,0,1,1,0,3,20,13,6,4,5,8,11,15,59,41,2.16,1.39,1.56,1.40,3.75,42,75,59,59,59,42,59,75,75,11.00,4.83,1.39,5.30,7.40,1.17,1.55,2.30,4.00,1.77,1.93,Estadi Olímpic Lluís Companys (Barcelona)
1696075200,Sep 30 2023 - 12:00pm,complete,11255,Getafe CF,Villarreal,Mateo Busquets Ferrer,8,2.33,1.33,1.53,1.42,0,0,0,0,0,0,"","",6,4,2,0,4,1,1,1,2,3,23,4,10,0,11,3,19,11,65,35,1.28,1.33,2.55,0.39,2.17,50,50,33,33,17,50,50,17,67,9.66,10.00,2.68,3.05,2.34,1.36,2.00,3.70,7.50,1.80,1.88,Coliseum Alfonso Pérez (Getafe)
1696083300,Sep 30 2023 - 2:15pm,complete,N/A,Rayo Vallecano,RCD Mallorca,Mario Melero López,8,1.33,1.00,1.05,0.74,2,2,4,2,1,1,"4,90'12","44,59",5,0,2,0,5,0,1,1,0,5,20,10,6,5,9,3,11,21,61,39,1.75,1.21,1.73,1.08,3.84,54,88,42,42,42,59,88,42,84,8.75,6.92,1.95,2.98,3.55,1.47,2.33,4.75,9.50,2.05,1.75,Estadio de Vallecas (Madrid)
1696091400,Sep 30 2023 - 4:30pm,complete,N/A,Girona FC,Real Madrid,Juan Luis Pulido Santana,8,3.00,2.25,2.47,2.32,0,3,3,2,0,2,"","17,21,71",1,4,2,0,2,1,0,2,0,3,14,15,4,8,8,3,15,15,52,48,1.70,1.84,1.50,1.48,3.38,42,71,59,42,17,54,71,46,88,10.50,3.75,3.30,3.45,1.97,1.20,1.58,2.35,4.75,1.58,2.35,Estadi Municipal de Montilivi (Girona)
1696100400,Sep 30 2023 - 7:00pm,complete,38229,Real Sociedad,Athletic Club Bilbao,Jesús Gil Manzano,8,2.00,2.33,1.58,1.37,3,0,3,1,1,0,"30,48,66","",5,7,2,0,2,0,1,1,2,0,10,19,6,4,1,10,22,12,51,49,1.38,1.12,1.09,1.49,3.04,50,84,25,25,25,42,84,25,67,8.25,4.67,1.74,3.40,4.30,1.45,2.06,4.75,10.00,2.00,1.78,Reale Arena (Donostia-San Sebastián)
1696161600,Oct 01 2023 - 12:00pm,complete,N/A,Almería,Granada CF,Pablo González Fuertes,8,0.25,0.00,0.58,0.16,3,3,6,3,3,0,"41,44,45'1","66,70,86",1,5,2,0,1,0,0,2,0,1,19,21,7,5,9,11,18,14,49,51,1.93,0.90,1.81,1.66,4.04,71,84,71,71,29,54,84,71,88,11.25,5.08,2.00,3.60,3.50,1.22,1.77,2.85,5.50,1.67,2.10,Power Horse Stadium – Estadio de los Juegos Mediterráneos (Almería)
1696169700,Oct 01 2023 - 2:15pm,complete,N/A,Deportivo Alavés,CA Osasuna,Jorge Figueroa Vázquez,8,2.00,2.00,1.63,1.16,0,2,2,1,0,1,"","36,90",4,2,2,1,3,0,0,3,1,2,18,11,4,4,6,5,14,14,46,54,1.38,1.11,1.29,1.11,3.33,50,84,50,33,33,33,100,50,84,5.34,4.66,2.55,3.05,2.88,1.53,2.50,4.60,9.00,2.05,1.70,Estadio de Mendizorroza (Vitoria-Gasteiz)
1696186800,Oct 01 2023 - 7:00pm,complete,53421,Atlético Madrid,Cádiz,Javier Iglesias Villanueva,8,3.00,0.33,2.58,0.47,3,2,5,3,1,2,"32,46,66","12,27",5,3,1,0,3,0,1,0,1,2,19,9,10,5,7,3,5,9,70,30,1.53,0.84,2.27,1.14,3.17,67,100,67,50,0,25,67,59,100,9.17,5.33,1.38,4.80,8.19,1.20,1.73,2.70,5.00,2.05,1.70,Estádio Cívitas Metropolitano (Madrid)
1696186800,Oct 01 2023 - 7:00pm,complete,50163,Real Betis,Valencia CF,Ricardo De Burgos Bengoetxea,8,1.67,1.33,1.79,1.00,3,0,3,1,1,0,"41,52,85","",5,3,2,0,2,0,1,1,2,0,18,10,9,3,4,7,10,12,56,44,1.58,1.11,1.88,1.11,1.84,50,50,34,17,0,0,50,34,67,7.00,4.33,2.25,3.25,3.30,1.36,2.14,3.70,7.25,1.91,1.91,Estadio Benito Villamarín (Sevilla)
1696273200,Oct 02 2023 - 7:00pm,complete,22472,UD Las Palmas,Celta de Vigo,Javier Alberola Rojas,8,1.67,1.33,1.26,0.89,2,1,3,0,0,0,"84,90'7","67",4,5,2,0,1,0,0,2,0,1,19,12,6,4,5,5,14,12,73,27,1.03,1.67,1.61,1.03,2.50,67,67,34,34,34,17,67,34,84,9.67,4.33,2.55,3.20,2.94,1.40,2.25,4.00,9.00,1.95,1.80,Estadio de Gran Canaria (Las Palmas de Gran Canaria)
1696618800,Oct 06 2023 - 7:00pm,complete,43677,Athletic Club Bilbao,Almería,Víctor García Verdura,9,1.75,0.33,2.21,0.53,3,0,3,1,1,0,"10,63,81","",6,2,2,0,0,0,0,2,0,0,24,5,10,2,13,1,11,9,60,40,1.51,1.15,2.59,0.49,3.71,75,100,71,42,29,59,71,59,88,9.83,7.08,1.36,5.25,8.00,1.20,1.53,2.60,4.50,1.80,1.95,San Mamés Barria (Bilbao)
1696680000,Oct 07 2023 - 12:00pm,complete,N/A,Cádiz,Girona FC,Juan Martínez Munuera,9,2.00,2.50,1.26,1.79,0,1,1,0,0,0,"","59",5,5,1,1,3,0,2,0,2,1,9,21,3,6,5,8,12,13,25,75,1.26,1.21,1.03,1.95,2.63,75,75,50,25,13,38,63,38,75,8.75,7.00,3.25,3.45,2.25,1.33,2.03,3.60,7.00,1.75,2.00,Estadio Nuevo Mirandilla (Cádiz)
1696688100,Oct 07 2023 - 2:15pm,complete,N/A,Real Madrid,CA Osasuna,Guillermo Cuadra Fernández,9,3.00,2.25,2.68,1.16,4,0,4,1,1,0,"9,54,65,70","",5,4,2,0,2,0,1,1,0,2,20,8,10,2,7,3,10,6,67,33,2.30,1.11,2.18,0.69,2.84,59,100,59,13,13,13,100,59,100,9.83,4.17,1.33,5.70,8.90,1.18,1.51,2.30,4.33,1.95,1.80,Estadio Santiago Bernabéu (Madrid)
1696696200,Oct 07 2023 - 4:30pm,complete,N/A,RCD Mallorca,Valencia CF,Francisco José Hernández Maeso,9,0.67,1.00,1.37,1.00,1,1,2,2,1,1,"5","45'3",3,6,2,0,1,0,2,0,0,1,10,12,6,4,2,3,15,11,48,52,0.90,1.11,1.24,1.09,2.21,42,54,54,29,0,17,54,38,71,7.58,4.67,2.38,3.20,3.10,1.49,2.38,5.00,11.00,2.10,1.67,Estadi Mallorca Son Moix (Palma de Mallorca)
1696705200,Oct 07 2023 - 7:00pm,complete,35817,Sevilla FC,Rayo Vallecano,Isidro Díaz de Mera Escuderos,9,1.50,1.75,1.21,0.95,2,2,4,2,0,2,"50,90'6","21,26",12,2,5,0,2,0,2,3,0,2,23,8,7,5,11,2,14,19,64,36,1.94,1.43,2.17,0.99,2.25,38,63,38,13,13,38,38,38,75,11.00,7.50,1.80,3.60,4.33,1.35,2.04,3.75,7.50,1.95,1.80,Estadio Ramón Sánchez Pizjuán (Sevilla)
1696766400,Oct 08 2023 - 12:00pm,complete,N/A,Villarreal,UD Las Palmas,Alejandro Muñíz Ruiz,9,0.75,0.00,1.37,0.84,1,2,3,1,0,1,"90'2","45'2,51",7,2,4,0,4,0,1,3,0,4,10,10,5,6,4,4,14,8,50,50,1.41,1.08,1.25,1.31,2.63,50,63,50,13,13,25,50,38,100,9.00,4.50,1.62,4.00,5.50,1.25,1.78,2.80,5.25,1.75,2.00,Estadio de la Cerámica (Villarreal)
1696774500,Oct 08 2023 - 2:15pm,complete,N/A,Atlético Madrid,Real Sociedad,José Luis Munuera Montero,9,3.00,1.33,2.58,1.58,2,1,3,1,1,0,"22,89","73",1,4,3,0,3,0,0,3,1,2,15,14,6,5,6,6,9,12,37,63,1.78,0.93,1.33,1.40,2.83,67,67,67,50,17,34,84,50,67,8.67,6.00,1.90,3.50,4.20,1.33,2.10,3.50,7.00,1.95,1.80,Estádio Cívitas Metropolitano (Madrid)
1696782600,Oct 08 2023 - 4:30pm,complete,N/A,Celta de Vigo,Getafe CF,José María Sánchez Martínez,9,0.25,0.25,1.26,0.74,2,2,4,4,2,2,"24,42","2,33",13,1,1,0,8,1,0,1,7,2,28,4,12,3,7,1,13,18,74,26,1.17,1.21,2.59,0.62,2.88,50,75,50,25,13,13,75,50,100,7.50,7.25,2.02,3.20,4.04,1.47,2.48,5.00,11.00,2.20,1.62,Abanca-Balaídos (Vigo)
1696782600,Oct 08 2023 - 4:30pm,complete,N/A,Deportivo Alavés,Real Betis,Alejandro José Hernández Hernández,9,1.50,1.00,1.63,1.21,1,1,2,2,1,1,"35","32",5,3,3,0,3,1,0,3,1,3,16,7,6,3,8,3,11,10,39,61,1.36,1.20,1.66,0.97,3.50,50,88,50,38,38,38,88,50,88,7.75,4.75,2.79,3.20,2.60,1.46,2.33,4.55,9.30,2.00,1.75,Estadio de Mendizorroza (Vitoria-Gasteiz)
1696791600,Oct 08 2023 - 7:00pm,complete,N/A,Granada CF,FC Barcelona,César Soto Grado,9,1.00,2.00,0.95,2.05,2,2,4,3,2,1,"1,29","45'1,85",1,11,5,0,1,0,0,5,0,1,8,23,3,11,4,8,12,6,19,81,1.52,1.62,0.82,2.54,3.63,75,88,63,50,38,50,63,75,88,9.00,5.50,6.65,5.40,1.39,1.14,1.43,2.25,3.60,1.67,2.10,Estadio Nuevo Los Cármenes (Granada)
1697828400,Oct 20 2023 - 7:00pm,complete,N/A,CA Osasuna,Granada CF,Mateo Busquets Ferrer,10,0.25,0.25,1.21,0.16,2,0,2,1,1,0,"11,59","",1,7,3,0,4,1,0,3,1,4,13,14,7,4,3,5,21,13,56,44,1.48,1.09,1.51,1.11,3.25,50,75,50,38,25,38,75,50,75,11.75,6.00,1.88,3.50,4.10,1.32,1.93,3.50,6.50,1.91,1.91,Estadio El Sadar (Pamplona (Iruñea))
1697889600,Oct 21 2023 - 12:00pm,complete,31279,Real Sociedad,RCD Mallorca,Jorge Figueroa Vázquez,10,2.20,1.00,1.58,0.74,1,0,1,0,0,0,"64","",2,5,3,0,3,0,0,3,3,0,15,20,7,8,6,7,15,15,56,44,1.32,1.18,1.67,1.77,4.20,80,90,60,50,40,50,90,60,100,7.40,6.40,1.50,3.70,7.50,1.48,2.38,5.00,10.00,2.50,1.50,Reale Arena (Donostia-San Sebastián)
1697897700,Oct 21 2023 - 2:15pm,complete,N/A,Getafe CF,Real Betis,César Soto Grado,10,2.00,1.00,1.53,1.21,1,1,2,2,1,1,"17","1",4,8,5,0,2,0,3,2,2,0,15,14,5,4,4,6,17,11,45,55,1.60,1.16,1.19,1.28,2.55,53,63,43,33,33,43,53,43,65,9.15,7.35,2.45,2.90,3.00,1.47,2.43,4.75,10.00,2.00,1.75,Estadio Coliseum (Getafe)
1697905800,Oct 21 2023 - 4:30pm,complete,N/A,Sevilla FC,Real Madrid,Ricardo De Burgos Bengoetxea,10,1.40,2.40,1.21,2.32,1,1,2,0,0,0,"74","78",4,6,5,0,2,0,0,5,0,2,18,15,8,6,8,5,11,7,49,51,1.98,1.77,1.98,1.32,3.10,60,80,70,40,10,70,70,40,90,14.40,5.80,3.35,3.55,2.10,1.22,1.70,2.80,5.00,1.62,2.20,Estadio Ramón Sánchez Pizjuán (Sevilla)
1697914800,Oct 21 2023 - 7:00pm,complete,N/A,Celta de Vigo,Atlético Madrid,Guillermo Cuadra Fernández,10,0.40,1.75,1.26,1.42,0,3,3,1,0,1,"","29,64,70",7,5,3,1,2,0,2,2,0,2,17,13,4,8,9,1,10,10,36,64,1.45,1.19,1.45,1.52,2.50,20,68,35,23,13,35,68,13,78,12.00,4.95,3.20,3.25,2.25,1.33,2.05,3.60,7.00,1.80,1.95,Abanca-Balaídos (Vigo)
1697976000,Oct 22 2023 - 12:00pm,complete,N/A,UD Las Palmas,Rayo Vallecano,Javier Iglesias Villanueva,10,2.00,1.60,1.26,0.95,0,1,1,0,0,0,"","90'2",10,5,4,0,2,1,1,3,0,3,14,13,7,5,4,7,13,8,61,39,1.18,1.34,1.66,1.35,1.65,35,55,23,10,0,20,33,33,68,7.70,6.80,2.63,3.00,2.70,1.39,2.25,3.90,8.00,1.95,1.80,Estadio de Gran Canaria (Las Palmas de Gran Canaria)
1697984100,Oct 22 2023 - 2:15pm,complete,N/A,Girona FC,Almería,Miguel Ángel Ortiz Arias,10,2.25,0.25,2.47,0.53,5,2,7,5,3,2,"37,39,43,71,85","2,24",9,6,1,0,2,0,1,0,1,1,20,10,9,6,6,3,12,16,67,33,1.65,0.99,2.01,1.19,3.63,50,88,75,25,25,50,75,63,100,7.00,4.50,1.47,4.50,5.50,1.17,1.60,2.13,3.80,1.67,2.10,Estadi Municipal de Montilivi (Girona)
1697992200,Oct 22 2023 - 4:30pm,complete,N/A,Villarreal,Deportivo Alavés,Jesús Gil Manzano,10,0.60,0.25,1.37,0.79,1,1,2,0,0,0,"65","48",9,3,4,0,3,0,3,1,3,0,13,17,4,8,4,5,14,10,69,31,1.38,1.45,1.27,1.65,2.65,63,75,50,10,10,20,78,40,88,10.80,5.10,1.57,3.67,5.10,1.30,1.95,3.40,6.50,1.91,1.91,Estadio de la Cerámica (Villarreal)
1698001200,Oct 22 2023 - 7:00pm,complete,N/A,FC Barcelona,Athletic Club Bilbao,Juan Martínez Munuera,10,3.00,1.75,2.42,1.37,1,0,1,0,0,0,"80","",4,7,3,0,3,0,2,1,1,2,13,11,8,4,4,5,11,17,62,38,2.01,1.21,1.61,1.15,2.50,13,75,38,25,25,25,63,50,75,13.25,4.75,1.42,4.40,5.70,1.22,1.60,2.80,5.00,1.75,2.00,Estadi Olímpic Lluís Companys (Barcelona)
1698087600,Oct 23 2023 - 7:00pm,complete,N/A,Valencia CF,Cádiz,Pablo González Fuertes,10,1.50,0.25,1.58,0.47,2,0,2,2,2,0,"4,26","",4,5,0,0,3,1,0,0,1,3,13,7,5,5,5,1,15,14,62,38,1.32,0.91,1.37,1.02,2.50,38,75,50,13,13,25,63,50,88,8.50,5.25,1.71,3.60,5.30,1.40,2.25,4.20,8.50,2.10,1.67,Estadio de Mestalla (Valencia)
1698433200,Oct 27 2023 - 7:00pm,complete,12671,Girona FC,Celta de Vigo,Isidro Díaz de Mera Escuderos,11,2.40,1.00,2.47,0.89,1,0,1,0,0,0,"90'1","",10,1,3,0,2,0,1,2,0,2,13,5,3,3,7,0,15,11,66,34,1.73,1.51,1.21,0.76,4.08,70,90,78,45,45,43,78,68,100,9.40,2.80,1.85,3.40,4.33,1.25,1.95,2.90,5.50,1.67,2.10,Estadi Municipal de Montilivi (Girona)
1698494400,Oct 28 2023 - 12:00pm,complete,N/A,Almería,UD Las Palmas,Francisco José Hernández Maeso,11,0.40,0.60,0.58,0.84,1,2,3,1,0,1,"73","23,90'4",3,2,3,0,1,0,3,0,1,0,11,11,5,4,3,5,15,19,40,60,1.91,1.13,1.15,1.14,2.90,50,70,50,40,20,40,70,50,90,8.40,4.40,2.31,3.55,3.05,1.32,1.99,3.40,6.50,1.75,2.00,Power Horse Stadium – Estadio de los Juegos Mediterráneos (Almería)
1698502500,Oct 28 2023 - 2:15pm,complete,N/A,FC Barcelona,Real Madrid,Jesús Gil Manzano,11,3.00,2.17,2.42,2.32,1,2,3,1,1,0,"6","68,90'2",6,3,2,0,1,0,2,0,0,1,16,14,4,5,7,4,15,16,52,48,1.93,1.69,1.24,1.33,2.74,35,72,45,37,20,44,54,47,92,13.60,4.57,2.28,3.80,2.95,1.19,1.60,2.35,4.33,1.50,2.50,Estadi Olímpic Lluís Companys (Barcelona)
1698510600,Oct 28 2023 - 4:30pm,complete,15310,RCD Mallorca,Getafe CF,Pablo González Fuertes,11,0.75,0.40,1.37,0.74,0,0,0,0,0,0,"","",7,3,0,0,1,0,0,0,0,1,16,9,5,0,7,4,8,24,59,41,0.98,1.09,1.62,0.49,2.98,65,75,63,43,10,45,75,40,65,6.55,8.10,2.21,3.05,3.70,1.53,2.60,6.00,13.00,2.25,1.57,Estadi Mallorca Son Moix (Palma de Mallorca)
1698519600,Oct 28 2023 - 7:00pm,complete,18886,Cádiz,Sevilla FC,César Soto Grado,11,1.60,0.33,1.26,0.95,2,2,4,3,2,1,"8,28","37,60",2,4,6,0,4,0,5,1,2,2,12,21,6,11,3,7,15,17,35,65,1.22,1.40,1.24,2.44,2.14,37,37,27,27,17,27,37,27,64,8.07,6.67,2.95,3.25,2.49,1.36,1.93,3.75,7.50,1.80,1.95,Estadio Nuevo Mirandilla (Cádiz)
1698584400,Oct 29 2023 - 1:00pm,complete,49123,Real Betis,CA Osasuna,José María Sánchez Martínez,11,2.00,1.80,1.79,1.16,2,1,3,1,1,0,"45'1,90'4","85",6,3,3,0,4,0,0,3,0,4,-1,-1,-1,-1,-1,-1,10,24,50,50,1.66,1.03,0.00,0.00,2.35,33,75,43,20,10,10,75,43,88,7.80,4.65,1.97,3.45,3.95,1.40,2.10,4.00,8.00,1.95,1.80,Estadio Benito Villamarín (Sevilla)
1698592500,Oct 29 2023 - 3:15pm,complete,N/A,Rayo Vallecano,Real Sociedad,Mateo Busquets Ferrer,11,1.25,1.00,1.05,1.58,2,2,4,2,1,1,"31,90'1","41,66",4,5,3,0,2,0,1,2,0,2,17,16,8,4,5,8,16,16,55,45,1.75,1.05,1.72,1.38,2.75,50,75,50,25,13,38,88,50,63,9.00,6.50,3.10,3.00,2.40,1.47,2.30,4.75,10.00,2.00,1.75,Estadio de Vallecas (Madrid)
1698600600,Oct 29 2023 - 5:30pm,complete,N/A,Athletic Club Bilbao,Valencia CF,Jorge Figueroa Vázquez,11,2.00,1.00,2.21,1.00,2,2,4,1,1,0,"32,90'7","62,68",10,4,3,0,1,0,1,2,0,1,13,12,8,6,4,3,13,11,58,42,1.73,1.11,1.74,1.30,3.10,50,90,70,30,10,30,80,60,70,8.60,5.20,1.67,3.65,5.00,1.38,2.05,4.00,8.00,2.05,1.70,San Mamés Barria (Bilbao)
1698609600,Oct 29 2023 - 8:00pm,complete,N/A,Atlético Madrid,Deportivo Alavés,Alejandro Muñíz Ruiz,11,3.00,0.40,2.58,0.79,2,1,3,2,2,0,"26,45'1","90'6",4,4,3,0,2,0,0,3,0,2,12,9,8,2,3,4,8,9,64,36,1.67,1.49,1.60,0.87,2.80,70,80,50,38,13,25,80,48,90,8.35,4.60,1.30,5.00,9.50,1.26,1.75,3.10,6.00,2.10,1.67,Estádio Cívitas Metropolitano (Madrid)
1698696000,Oct 30 2023 - 8:00pm,complete,N/A,Granada CF,Villarreal,Javier Iglesias Villanueva,11,1.00,1.25,0.95,1.42,2,3,5,5,2,3,"29,34","18,23,28",4,1,0,0,4,0,0,0,0,4,19,7,9,6,9,0,12,12,50,50,1.38,1.10,2.16,1.03,2.78,65,75,43,43,20,55,55,40,75,9.00,7.95,3.05,3.25,2.14,1.19,1.67,2.61,4.65,1.57,2.25,Estadio Nuevo Los Cármenes (Granada)
1699041600,Nov 03 2023 - 8:00pm,complete,N/A,UD Las Palmas,Atlético Madrid,Mario Melero López,12,1.60,2.00,1.26,1.42,2,1,3,0,0,0,"51,75","83",3,4,0,0,3,0,0,0,0,3,10,14,4,6,3,3,12,9,49,51,1.27,1.26,1.03,1.21,2.20,20,60,40,10,10,20,50,30,80,10.60,5.80,5.50,3.90,1.67,1.30,2.00,3.30,6.50,1.91,1.91,Estadio de Gran Canaria (Las Palmas de Gran Canaria)
1699102800,Nov 04 2023 - 1:00pm,complete,N/A,CA Osasuna,Girona FC,José Luis Munuera Montero,12,0.80,2.60,1.21,1.79,2,4,6,2,1,1,"25,55","16,71,80,90",2,7,5,0,3,0,2,3,0,3,16,12,4,5,7,6,14,13,50,50,1.49,1.36,1.39,1.36,2.40,50,80,40,10,10,30,70,30,80,10.20,6.00,2.45,3.28,2.95,1.33,2.01,3.60,7.00,1.75,2.00,Estadio El Sadar (Pamplona (Iruñea))
1699110900,Nov 04 2023 - 3:15pm,complete,50909,Real Betis,RCD Mallorca,Miguel Ángel Ortiz Arias,12,2.20,0.83,1.79,0.74,2,0,2,1,1,0,"7,65","",6,1,1,0,3,1,1,0,4,0,23,9,4,2,13,6,14,16,57,43,1.66,1.28,1.68,0.81,2.65,54,64,45,25,17,25,64,45,90,8.53,6.57,1.98,3.40,4.20,1.45,2.35,4.50,9.50,2.05,1.70,Estadio Benito Villamarín (Sevilla)
1699119000,Nov 04 2023 - 5:30pm,complete,N/A,Celta de Vigo,Sevilla FC,Alejandro José Hernández Hernández,12,0.33,0.50,1.26,0.95,1,1,2,1,1,0,"22","84",4,6,1,1,5,0,1,1,2,3,16,14,4,6,8,5,12,11,39,61,1.45,1.66,1.31,1.59,2.59,42,59,42,34,13,34,59,21,79,10.75,5.67,2.20,3.60,3.30,1.32,1.98,3.40,6.50,1.75,2.00,Abanca-Balaídos (Vigo)
1699128000,Nov 04 2023 - 8:00pm,complete,N/A,Real Sociedad,FC Barcelona,Javier Alberola Rojas,12,2.33,1.80,1.58,2.05,0,1,1,0,0,0,"","90'2",8,3,3,0,3,0,0,3,0,3,14,14,7,5,5,5,16,9,50,50,1.38,1.80,1.74,1.27,3.72,74,82,65,47,27,47,82,45,90,9.60,4.57,3.10,3.50,2.30,1.30,1.98,3.40,6.50,1.75,2.00,Reale Arena (Donostia-San Sebastián)
1699189200,Nov 05 2023 - 1:00pm,complete,N/A,Deportivo Alavés,Almería,Juan Luis Pulido Santana,12,1.40,0.20,1.63,0.53,1,0,1,0,0,0,"79","",12,6,2,0,3,0,1,1,1,2,24,10,4,4,14,5,14,11,56,44,1.42,1.03,1.99,1.07,3.50,60,90,50,30,30,50,90,50,80,7.60,5.20,1.89,3.76,4.53,1.31,1.99,3.30,6.50,1.91,1.91,Estadio de Mendizorroza (Vitoria-Gasteiz)
1699197300,Nov 05 2023 - 3:15pm,complete,N/A,Valencia CF,Granada CF,Víctor García Verdura,12,1.80,0.20,1.58,0.16,1,0,1,1,1,0,"45'7","",0,4,3,0,5,0,0,3,3,2,12,7,3,2,6,2,11,8,51,49,1.33,1.09,1.17,0.97,3.10,40,70,50,30,20,40,80,40,80,9.60,5.00,1.55,4.20,5.75,1.28,1.83,3.15,5.50,1.91,1.91,Estadio de Mestalla (Valencia)
1699205400,Nov 05 2023 - 5:30pm,complete,N/A,Villarreal,Athletic Club Bilbao,Guillermo Cuadra Fernández,12,0.67,1.40,1.37,1.37,2,3,5,3,0,3,"86,87","2,22,30",9,3,4,0,4,0,1,3,2,2,18,18,7,8,7,6,11,19,58,42,1.36,1.20,1.72,1.75,2.55,50,80,52,9,9,27,64,52,80,11.53,5.43,2.55,3.40,2.70,1.26,1.85,2.99,5.65,1.70,2.05,Estadio de la Cerámica (Villarreal)
1699214400,Nov 05 2023 - 8:00pm,complete,70220,Real Madrid,Rayo Vallecano,Juan Martínez Munuera,12,3.00,1.83,2.68,0.95,0,0,0,0,0,0,"","",11,1,3,0,5,0,0,3,1,4,23,5,6,0,12,2,12,15,63,37,2.27,1.34,2.16,0.26,2.34,34,75,46,21,0,17,67,54,84,10.25,5.42,1.29,5.75,9.50,1.17,1.47,2.35,4.00,1.95,1.80,Estadio Santiago Bernabéu (Madrid)
1699300800,Nov 06 2023 - 8:00pm,complete,9853,Getafe CF,Cádiz,Ricardo De Burgos Bengoetxea,12,1.80,0.20,1.53,0.47,1,0,1,0,0,0,"76","",6,3,6,1,1,0,3,4,1,0,14,7,4,3,4,4,17,12,45,55,1.52,0.93,1.09,0.93,2.20,40,70,30,20,20,40,50,40,60,9.00,8.40,1.95,3.20,4.65,1.56,2.75,5.50,13.00,2.25,1.57,Estadio Coliseum (Getafe)
1699646400,Nov 10 2023 - 8:00pm,complete,44435,Athletic Club Bilbao,Celta de Vigo,Juan Luis Pulido Santana,13,1.83,0.80,2.21,0.89,4,3,7,4,2,2,"37,45'5,52,90'8","25,41,66",7,2,2,0,2,0,0,2,1,1,22,14,13,6,4,6,13,11,58,42,1.73,1.36,2.46,1.31,3.44,65,90,72,45,29,27,72,64,92,10.53,4.53,1.55,3.95,5.45,1.30,1.86,3.40,6.50,2.00,1.75,San Mamés Barria (Bilbao)
1699707600,Nov 11 2023 - 1:00pm,complete,13177,Rayo Vallecano,Girona FC,Pablo González Fuertes,13,1.20,2.67,1.05,1.79,1,2,3,2,1,1,"5","42,65",8,3,1,0,2,0,1,0,1,1,23,20,10,8,10,7,12,11,46,54,1.74,1.36,2.42,1.92,3.65,72,92,64,47,27,65,84,55,90,9.80,5.43,2.85,3.30,2.09,1.28,1.72,3.10,6.00,1.62,2.20,Estadio de Vallecas (Madrid)
1699715700,Nov 11 2023 - 3:15pm,complete,N/A,Almería,Real Sociedad,Isidro Díaz de Mera Escuderos,13,0.33,1.00,0.58,1.58,1,3,4,0,0,0,"76","62,90'1,90'5",5,5,3,0,2,0,1,2,2,0,8,19,3,7,4,8,16,16,47,53,1.78,1.11,0.81,1.71,3.10,72,80,72,44,17,44,90,72,72,9.03,5.60,4.09,3.57,1.84,1.26,1.75,3.10,5.50,1.80,1.95,Power Horse Stadium – Estadio de los Juegos Mediterráneos (Almería)
1699723800,Nov 11 2023 - 5:30pm,complete,N/A,Granada CF,Getafe CF,Alejandro Muñíz Ruiz,13,0.83,0.50,0.95,0.74,1,1,2,2,1,1,"45'4","2",3,5,4,0,2,0,1,3,1,1,13,11,7,7,4,3,14,10,58,42,1.51,0.99,1.37,1.47,3.75,75,92,75,59,34,50,75,67,75,6.00,7.50,2.49,3.25,3.05,1.45,2.27,4.50,9.50,1.95,1.80,Estadio Nuevo Los Cármenes (Granada)
1699723800,Nov 11 2023 - 5:30pm,complete,N/A,CA Osasuna,UD Las Palmas,Jorge Figueroa Vázquez,13,0.67,1.00,1.21,0.84,1,1,2,0,0,0,"73","70",8,3,1,0,1,0,0,1,0,1,12,7,4,2,5,3,22,12,46,54,1.47,1.13,1.34,0.59,2.17,33,67,33,9,9,17,67,33,84,8.00,5.83,1.86,3.55,4.50,1.44,2.29,4.50,9.50,2.05,1.70,Estadio El Sadar (Pamplona (Iruñea))
1699732800,Nov 11 2023 - 8:00pm,complete,72475,Real Madrid,Valencia CF,José María Sánchez Martínez,13,2.60,1.00,2.68,1.00,5,1,6,2,2,0,"3,42,49,50,84","88",4,4,1,0,3,0,0,1,1,2,17,11,8,5,6,3,8,26,56,44,2.25,1.14,1.77,1.16,2.62,54,82,64,27,0,9,82,64,74,10.77,3.67,1.40,5.10,7.50,1.22,1.54,2.80,5.00,1.95,1.80,Estadio Santiago Bernabéu (Madrid)
1699802100,Nov 12 2023 - 3:15pm,complete,38183,FC Barcelona,Deportivo Alavés,Mateo Busquets Ferrer,13,2.50,0.33,2.42,0.79,2,1,3,1,0,1,"53,78","1",2,1,2,0,1,0,0,2,0,1,12,9,7,2,5,6,11,10,72,28,1.81,1.39,1.92,0.79,2.33,42,67,34,17,17,17,59,42,92,11.83,4.83,1.15,6.40,12.00,1.14,1.55,2.20,4.10,2.05,1.70,Estadi Olímpic Lluís Companys (Barcelona)
1699810200,Nov 12 2023 - 5:30pm,complete,42222,Sevilla FC,Real Betis,Jesús Gil Manzano,13,1.33,1.00,1.21,1.21,1,1,2,0,0,0,"79","72",9,5,1,0,1,0,1,0,1,0,14,15,5,7,7,5,20,14,61,39,1.98,1.18,1.58,1.54,3.25,83,92,59,33,25,59,67,59,84,12.67,6.33,2.05,3.30,3.20,1.30,2.00,3.40,6.50,1.75,2.00,Estadio Ramón Sánchez Pizjuán (Sevilla)
1699819200,Nov 12 2023 - 8:00pm,complete,N/A,Atlético Madrid,Villarreal,Francisco José Hernández Maeso,13,3.00,1.60,2.58,1.42,3,1,4,2,1,1,"45'1,80,85","20",6,3,0,0,2,0,0,0,1,1,26,12,11,8,10,3,10,7,50,50,1.65,1.09,2.72,1.41,3.10,80,80,70,50,20,60,80,30,70,8.00,6.80,1.38,4.60,6.00,1.15,1.53,2.20,3.95,1.80,1.95,Estádio Cívitas Metropolitano (Madrid)
1700856000,Nov 24 2023 - 8:00pm,complete,N/A,Deportivo Alavés,Granada CF,Javier Alberola Rojas,14,1.67,0.17,1.63,0.16,3,1,4,2,2,0,"11,38,55","86",6,2,1,0,3,0,1,0,1,2,10,13,6,6,2,2,9,13,43,57,1.51,1.07,1.23,1.29,3.09,42,67,34,34,25,33,83,34,75,10.00,6.34,1.75,3.60,5.00,1.36,2.00,3.75,7.50,1.95,1.80,Estadio de Mendizorroza (Vitoria-Gasteiz)
1700917200,Nov 25 2023 - 1:00pm,complete,N/A,Rayo Vallecano,FC Barcelona,José Luis Munuera Montero,14,1.00,2.00,1.05,2.05,1,1,2,1,1,0,"39","82",1,4,3,0,4,0,0,3,1,3,12,16,5,5,3,6,27,13,33,67,1.85,1.71,1.03,1.50,3.42,67,84,67,50,17,67,84,42,83,10.50,4.83,4.40,3.60,1.68,1.22,1.73,2.80,5.00,1.75,2.00,Estadio de Vallecas (Madrid)
1700925300,Nov 25 2023 - 3:15pm,complete,N/A,Valencia CF,Celta de Vigo,César Soto Grado,14,2.00,0.67,1.58,0.89,0,0,0,0,0,0,"","",5,7,3,0,2,0,0,3,0,2,9,14,0,2,7,3,10,5,55,45,1.30,1.35,0.77,0.82,2.83,50,67,50,25,25,33,75,42,75,7.33,3.16,2.16,3.42,3.46,1.38,2.14,4.00,8.00,1.91,1.91,Estadio de Mestalla (Valencia)
1700933400,Nov 25 2023 - 5:30pm,complete,N/A,Getafe CF,Almería,Alejandro José Hernández Hernández,14,2.00,0.17,1.53,0.53,2,1,3,3,2,1,"33,45","7",3,6,2,0,4,0,2,0,0,4,20,14,6,5,9,5,12,8,54,46,1.45,1.04,1.81,1.29,2.59,50,58,42,25,25,42,50,42,75,9.33,7.67,1.86,3.54,4.32,1.33,2.09,3.60,7.00,1.95,1.80,Estadio Coliseum (Getafe)
1700942400,Nov 25 2023 - 8:00pm,complete,N/A,Atlético Madrid,RCD Mallorca,Juan Martínez Munuera,14,3.00,0.71,2.58,0.74,1,0,1,0,0,0,"64","",7,3,0,0,0,0,0,0,0,0,21,9,4,2,11,5,8,19,68,32,1.83,1.21,1.73,0.79,3.56,79,86,72,55,23,55,86,55,100,7.17,5.97,1.41,4.42,8.50,1.30,1.95,3.40,6.50,2.20,1.62,Estádio Cívitas Metropolitano (Madrid)
1701003600,Nov 26 2023 - 1:00pm,complete,16389,Villarreal,CA Osasuna,Ricardo De Burgos Bengoetxea,14,0.57,1.50,1.37,1.16,3,1,4,0,0,0,"57,71,80","78",2,4,0,0,0,0,0,0,0,0,11,16,4,8,5,5,9,14,45,55,1.41,1.03,1.07,1.87,3.44,75,100,77,31,23,30,86,77,100,9.54,5.67,1.76,3.86,4.69,1.28,1.80,3.20,6.00,1.70,2.05,Estadio de la Cerámica (Villarreal)
1701011700,Nov 26 2023 - 3:15pm,complete,33879,Real Sociedad,Sevilla FC,Miguel Ángel Ortiz Arias,14,2.00,0.60,1.58,0.95,2,1,3,2,2,0,"4,22","60",4,4,2,0,1,2,1,1,0,3,12,9,9,3,3,4,21,9,49,51,1.43,1.64,1.68,0.96,3.12,59,66,42,35,25,35,66,32,90,8.77,5.69,1.83,3.60,4.75,1.35,2.10,3.75,7.50,1.95,1.80,Reale Arena (Donostia-San Sebastián)
1701019800,Nov 26 2023 - 5:30pm,complete,20335,Cádiz,Real Madrid,Guillermo Cuadra Fernández,14,1.50,2.29,1.26,2.32,0,3,3,1,0,1,"","14,64,74",4,4,3,0,3,0,0,3,2,1,14,16,5,6,5,4,17,16,39,61,1.22,1.64,1.31,1.44,2.36,54,68,45,31,0,45,61,30,77,9.57,6.33,7.00,4.75,1.47,1.24,1.62,2.31,5.50,1.91,1.91,Estadio Nuevo Mirandilla (Cádiz)
1701028800,Nov 26 2023 - 8:00pm,complete,48132,Real Betis,UD Las Palmas,Víctor García Verdura,14,2.33,1.00,1.79,0.84,1,0,1,1,1,0,"19","",7,6,1,0,2,0,0,1,1,1,13,16,7,5,4,9,7,12,39,61,1.66,1.05,1.49,1.70,1.85,38,62,31,0,0,0,55,38,92,8.33,4.31,1.76,3.75,5.00,1.35,1.98,3.75,7.50,2.00,1.75,Estadio Benito Villamarín (Sevilla)
1701115200,Nov 27 2023 - 8:00pm,complete,N/A,Girona FC,Athletic Club Bilbao,Mario Melero López,14,2.50,1.67,2.47,1.37,1,1,2,0,0,0,"55","67",2,6,1,0,1,0,0,1,0,1,14,14,3,7,9,2,7,17,60,40,1.64,1.29,1.25,1.40,3.00,25,67,50,25,25,42,67,42,84,10.16,4.83,2.45,3.10,2.69,1.20,1.82,2.75,5.30,1.53,2.38,Estadi Municipal de Montilivi (Girona)
1701288000,Nov 29 2023 - 8:00pm,complete,N/A,RCD Mallorca,Cádiz,Javier Iglesias Villanueva,13,0.80,0.17,1.37,0.47,1,1,2,2,1,1,"45'1","12",7,0,2,0,3,0,0,2,0,3,17,7,4,4,7,3,14,18,68,32,1.11,0.93,1.49,0.86,1.95,37,62,27,19,9,37,45,25,62,9.37,5.17,1.83,3.30,4.40,1.55,2.42,4.82,9.90,2.20,1.65,Estadi Mallorca Son Moix (Palma de Mallorca)
1701460800,Dec 01 2023 - 8:00pm,complete,N/A,UD Las Palmas,Getafe CF,Mateo Busquets Ferrer,15,1.83,0.57,1.26,0.74,2,0,2,1,1,0,"43,90'2","",4,4,0,0,5,1,0,0,1,5,12,13,7,5,1,6,10,10,71,29,1.23,1.06,1.21,1.30,2.48,61,68,52,22,7,22,52,45,70,7.60,7.10,2.46,3.02,3.37,1.57,2.55,4.80,12.00,2.20,1.62,Estadio de Gran Canaria (Las Palmas de Gran Canaria)
1701522000,Dec 02 2023 - 1:00pm,complete,N/A,Girona FC,Valencia CF,Javier Iglesias Villanueva,15,2.29,0.86,2.47,1.00,2,1,3,0,0,0,"82,88","56",3,2,3,0,3,0,2,1,0,3,10,10,6,4,0,3,9,6,76,24,1.58,1.14,1.48,0.85,3.43,57,79,64,36,22,36,72,64,86,8.15,3.72,1.77,3.85,4.60,1.25,1.84,2.85,5.55,1.80,1.95,Estadi Municipal de Montilivi (Girona)
1701530100,Dec 02 2023 - 3:15pm,complete,44689,Athletic Club Bilbao,Rayo Vallecano,Francisco José Hernández Maeso,15,2.00,1.71,2.21,0.95,4,0,4,1,1,0,"23,47,64,68","",7,2,1,0,2,0,1,0,1,1,10,12,5,4,4,7,17,11,50,50,1.83,1.19,1.25,1.20,2.79,36,72,50,36,15,36,58,50,72,9.57,7.00,1.55,3.87,4.90,1.26,1.84,3.10,5.50,1.80,1.95,San Mamés Barria (Bilbao)
1701538200,Dec 02 2023 - 5:30pm,complete,N/A,Real Madrid,Granada CF,Pablo González Fuertes,15,2.67,0.14,2.68,0.16,2,0,2,1,1,0,"26,57","",6,0,2,0,1,0,2,0,0,1,12,3,5,0,4,3,8,11,71,29,2.17,1.10,1.39,0.30,3.36,54,77,62,45,23,30,85,62,85,11.71,5.40,1.09,7.80,16.00,1.10,1.38,1.96,3.10,2.05,1.70,Estadio Santiago Bernabéu (Madrid)
1701547200,Dec 02 2023 - 8:00pm,complete,N/A,CA Osasuna,Real Sociedad,Juan Luis Pulido Santana,15,0.71,1.33,1.21,1.58,1,1,2,2,1,1,"2","41",1,8,3,0,3,0,0,3,0,3,10,18,4,6,5,5,14,10,28,72,1.45,1.21,1.15,1.66,2.47,55,77,48,24,7,23,69,55,69,9.76,6.47,3.11,2.97,2.23,1.45,2.45,4.50,8.50,2.05,1.70,Estadio El Sadar (Pamplona (Iruñea))
1701608400,Dec 03 2023 - 1:00pm,complete,15090,RCD Mallorca,Deportivo Alavés,Jorge Figueroa Vázquez,15,0.83,0.29,1.37,0.79,0,0,0,0,0,0,"","",5,4,4,0,2,0,2,2,1,1,8,8,4,5,2,0,16,15,63,37,1.17,1.30,1.13,0.96,1.75,54,61,23,9,0,32,61,15,60,9.50,4.29,2.20,3.34,3.83,1.58,2.55,5.00,10.00,2.20,1.62,Estadi Mallorca Son Moix (Palma de Mallorca)
1701616500,Dec 03 2023 - 3:15pm,complete,N/A,Almería,Real Betis,Alejandro Muñíz Ruiz,15,0.29,1.00,0.58,1.21,0,0,0,0,0,0,"","",4,6,0,0,3,1,0,0,1,3,21,7,9,3,9,3,12,8,62,38,1.64,1.23,2.24,0.77,3.57,86,100,65,50,29,57,79,72,79,9.86,4.43,3.40,3.40,2.15,1.22,1.80,2.75,4.75,1.62,2.20,Power Horse Stadium – Estadio de los Juegos Mediterráneos (Almería)
1701624600,Dec 03 2023 - 5:30pm,complete,N/A,Sevilla FC,Villarreal,Isidro Díaz de Mera Escuderos,15,1.29,1.33,1.21,1.42,1,1,2,0,0,0,"75","77",8,4,3,0,3,0,1,2,1,2,19,7,5,6,9,1,5,15,57,43,1.93,1.14,1.69,0.97,2.84,77,77,54,40,16,55,55,44,75,11.86,7.60,1.95,3.60,3.60,1.20,1.67,2.65,4.75,1.57,2.25,Estadio Ramón Sánchez Pizjuán (Sevilla)
1701633600,Dec 03 2023 - 8:00pm,complete,N/A,FC Barcelona,Atlético Madrid,José María Sánchez Martínez,15,2.57,1.67,2.42,1.42,1,0,1,1,1,0,"28","",7,2,5,0,4,0,0,5,3,1,14,11,3,5,7,3,15,12,59,41,1.83,1.25,1.35,1.14,2.93,30,77,62,23,23,24,62,61,92,11.40,4.96,1.87,3.70,4.00,1.22,1.67,2.88,5.00,1.67,2.10,Estadi Olímpic Lluís Companys (Barcelona)
1701720000,Dec 04 2023 - 8:00pm,complete,N/A,Celta de Vigo,Cádiz,Jesús Gil Manzano,15,0.43,0.29,1.26,0.47,1,1,2,1,0,1,"57","16",12,1,1,0,6,1,0,1,4,3,27,3,8,2,10,1,12,17,68,32,1.43,0.92,2.53,0.51,2.29,43,79,29,14,7,29,64,29,79,10.14,5.71,1.77,3.67,4.34,1.27,1.97,3.30,6.50,2.00,1.75,Abanca-Balaídos (Vigo)
1702065600,Dec 08 2023 - 8:00pm,complete,N/A,Getafe CF,Valencia CF,Guillermo Cuadra Fernández,16,2.14,0.75,1.53,1.00,1,0,1,0,0,0,"87","",7,0,2,1,3,2,0,3,2,3,9,4,7,0,1,4,15,14,68,32,1.50,1.11,1.51,0.35,2.48,59,66,52,26,14,34,59,45,59,7.70,6.71,2.50,3.00,3.10,1.53,2.67,5.50,12.00,2.20,1.62,Estadio Coliseum (Getafe)
1702126800,Dec 09 2023 - 1:00pm,complete,15971,Deportivo Alavés,UD Las Palmas,José Luis Munuera Montero,16,1.86,0.88,1.63,0.84,0,1,1,1,0,1,"","31",12,3,3,0,4,0,0,3,2,2,20,10,6,3,8,6,14,16,40,60,1.47,1.13,1.74,1.11,2.23,41,61,27,15,7,22,68,34,80,8.38,4.56,1.91,3.10,4.33,1.55,2.40,5.00,10.00,2.10,1.67,Estadio de Mendizorroza (Vitoria-Gasteiz)
1702134900,Dec 09 2023 - 3:15pm,complete,52756,Real Betis,Real Madrid,César Soto Grado,16,2.43,2.38,1.79,2.32,1,1,2,0,0,0,"66","53",7,6,2,0,1,0,0,2,0,1,16,14,7,3,5,7,14,8,37,63,1.63,1.62,1.56,1.23,2.23,40,73,46,13,0,25,73,40,80,10.95,4.13,4.80,4.15,1.70,1.25,1.73,3.00,5.50,1.70,2.05,Estadio Benito Villamarín (Sevilla)
1702143000,Dec 09 2023 - 5:30pm,complete,19334,Villarreal,Real Sociedad,Mario Melero López,16,0.88,1.29,1.37,1.58,0,3,3,3,0,3,"","38,41,45'4",5,3,2,0,1,0,1,1,0,1,21,17,5,6,4,6,11,19,50,50,1.37,1.28,1.33,1.45,3.09,86,86,73,34,13,34,67,73,79,10.99,5.92,3.12,3.52,2.23,1.32,1.87,3.40,6.50,1.75,2.00,Estadio de la Cerámica (Villarreal)
1702152000,Dec 09 2023 - 8:00pm,complete,N/A,RCD Mallorca,Sevilla FC,Javier Alberola Rojas,16,0.86,0.50,1.37,0.95,1,0,1,1,1,0,"11","",4,12,2,0,2,0,0,2,1,1,8,20,4,6,2,10,15,6,33,67,1.17,1.53,0.87,1.83,2.06,55,55,32,24,9,47,55,9,56,9.60,5.96,2.48,3.20,2.96,1.45,2.35,4.50,9.50,1.95,1.80,Estadi Mallorca Son Moix (Palma de Mallorca)
1702213200,Dec 10 2023 - 1:00pm,complete,N/A,Atlético Madrid,Almería,Ricardo De Burgos Bengoetxea,16,3.00,0.14,2.58,0.53,2,1,3,2,2,0,"17,22","62",3,15,1,0,0,0,0,1,0,0,14,21,5,7,7,6,4,6,57,43,1.82,1.07,1.41,1.77,3.50,79,86,79,43,22,57,79,57,93,9.28,4.28,1.22,6.75,13.00,1.11,1.32,1.96,3.20,1.80,1.95,Estádio Cívitas Metropolitano (Madrid)
1702229400,Dec 10 2023 - 5:30pm,complete,N/A,Cádiz,CA Osasuna,Juan Martínez Munuera,16,1.29,1.29,1.26,1.16,1,1,2,1,1,0,"19","70",2,4,1,0,2,0,0,1,1,1,13,15,6,6,4,3,15,16,42,58,1.23,1.17,1.32,1.34,2.72,50,79,57,36,7,22,72,50,86,7.00,6.43,2.74,3.10,2.63,1.48,2.38,4.75,10.00,2.00,1.75,Estadio Nuevo Mirandilla (Cádiz)
1702238400,Dec 10 2023 - 8:00pm,complete,42848,FC Barcelona,Girona FC,Isidro Díaz de Mera Escuderos,16,2.63,2.71,2.42,1.79,2,4,6,3,1,2,"19,90'2","12,40,80,90'5",8,3,1,0,2,0,0,1,0,2,32,16,12,8,11,6,7,10,53,47,1.77,1.44,2.83,1.75,3.03,62,75,61,27,27,35,67,53,94,11.34,5.34,1.57,4.42,4.84,1.15,1.44,2.38,3.75,1.62,2.20,Estadi Olímpic Lluís Companys (Barcelona)
1702324800,Dec 11 2023 - 8:00pm,complete,N/A,Granada CF,Athletic Club Bilbao,Miguel Ángel Ortiz Arias,16,0.86,1.57,0.95,1.37,1,1,2,1,0,1,"55","6",1,8,0,0,2,0,0,0,0,2,9,20,5,5,3,12,6,9,48,52,1.49,1.31,1.10,1.95,2.93,58,86,43,36,29,50,64,50,71,8.86,5.43,4.33,3.86,1.73,1.24,1.68,2.90,5.50,1.70,2.05,Estadio Nuevo Los Cármenes (Granada)
1702324800,Dec 11 2023 - 8:00pm,complete,11796,Rayo Vallecano,Celta de Vigo,Víctor García Verdura,16,1.00,0.71,1.05,0.89,0,0,0,0,0,0,"","",8,1,3,0,0,0,0,3,0,0,19,5,5,3,8,2,12,8,63,37,1.74,1.27,1.60,0.77,3.36,71,86,57,43,29,50,79,50,86,9.00,3.86,2.20,3.25,3.25,1.35,2.02,3.75,7.50,1.80,1.95,Estadio de Vallecas (Madrid)
1702670400,Dec 15 2023 - 8:00pm,complete,8334,CA Osasuna,Rayo Vallecano,Javier Iglesias Villanueva,17,0.75,1.50,1.21,0.95,1,0,1,0,0,0,"90'5","",9,1,2,0,3,0,0,2,1,2,11,11,5,4,5,5,20,13,61,39,1.41,1.19,1.36,1.07,2.07,32,69,25,19,7,32,57,38,63,7.88,6.76,2.05,3.20,3.90,1.44,2.25,4.50,9.50,2.00,1.75,Estadio El Sadar (Pamplona (Iruñea))
1702731600,Dec 16 2023 - 1:00pm,complete,N/A,Celta de Vigo,Granada CF,José María Sánchez Martínez,17,0.50,0.13,1.26,0.16,1,0,1,1,1,0,"20","",7,1,6,1,2,0,2,5,0,2,12,8,5,3,6,3,21,17,40,60,1.57,1.00,1.32,0.83,2.82,50,75,38,32,13,26,82,32,88,11.38,5.63,1.53,4.20,5.50,1.24,1.72,2.90,5.50,1.75,2.00,Abanca-Balaídos (Vigo)
1702739700,Dec 16 2023 - 3:15pm,complete,48781,Athletic Club Bilbao,Atlético Madrid,Jesús Gil Manzano,17,2.13,1.43,2.21,1.42,2,0,2,0,0,0,"51,64","",3,7,0,0,1,0,0,0,0,1,17,8,8,4,6,2,5,9,39,61,1.76,1.23,1.81,0.92,3.42,32,86,73,39,20,34,80,59,80,10.93,5.74,2.50,3.30,2.80,1.30,1.87,3.25,6.50,1.75,2.00,San Mamés Barria (Bilbao)
1702747800,Dec 16 2023 - 5:30pm,complete,30005,Sevilla FC,Getafe CF,Juan Luis Pulido Santana,17,1.25,0.50,1.21,0.74,0,3,3,2,0,2,"","5,37,80",4,2,3,0,3,0,1,2,2,1,13,15,5,8,4,5,17,18,57,43,1.90,1.09,1.27,1.69,3.01,76,88,57,32,13,38,63,63,82,10.51,8.13,1.70,3.60,5.50,1.40,2.10,4.20,8.50,2.00,1.75,Estadio Ramón Sánchez Pizjuán (Sevilla)
1702756800,Dec 16 2023 - 8:00pm,complete,46492,Valencia CF,FC Barcelona,Miguel Ángel Ortiz Arias,17,1.86,1.86,1.58,2.05,1,1,2,0,0,0,"70","55",4,6,1,0,2,0,0,1,0,2,12,17,5,9,4,4,9,11,36,64,1.23,1.68,1.17,1.86,2.29,43,57,43,22,7,36,71,22,65,8.71,4.71,4.20,3.70,1.83,1.28,1.70,3.10,6.00,1.91,1.91,Estadio de Mestalla (Valencia)
1702818000,Dec 17 2023 - 1:00pm,complete,N/A,Almería,RCD Mallorca,Pablo González Fuertes,17,0.38,0.63,0.58,0.74,0,0,0,0,0,0,"","",4,4,3,0,1,0,0,3,0,1,8,21,2,3,2,11,11,10,52,48,1.72,1.16,0.62,1.43,3.25,63,76,57,51,25,44,69,57,88,7.75,5.51,2.60,3.30,2.80,1.36,2.12,3.75,7.50,1.91,1.91,Power Horse Stadium – Estadio de los Juegos Mediterráneos (Almería)
1702826100,Dec 17 2023 - 3:15pm,complete,N/A,Real Sociedad,Real Betis,Mateo Busquets Ferrer,17,2.13,1.00,1.58,1.21,0,0,0,0,0,0,"","",2,7,3,0,4,0,0,3,1,3,13,13,5,4,5,5,12,12,57,43,1.46,1.17,1.37,1.14,3.07,69,82,44,25,25,44,69,44,82,9.63,4.88,1.67,3.75,5.50,1.33,2.10,3.60,7.00,1.95,1.80,Reale Arena (Donostia-San Sebastián)
1702834200,Dec 17 2023 - 5:30pm,complete,N/A,UD Las Palmas,Cádiz,Alejandro Muñíz Ruiz,17,2.00,0.38,1.26,0.47,1,1,2,1,1,0,"7","83",4,6,1,0,3,0,0,1,3,0,8,15,3,6,5,6,9,10,64,36,1.23,0.87,1.04,1.43,2.05,47,73,27,7,7,19,46,34,81,8.25,6.04,1.93,3.30,4.40,1.45,2.50,4.75,10.00,2.10,1.67,Estadio de Gran Canaria (Las Palmas de Gran Canaria)
1702843200,Dec 17 2023 - 8:00pm,complete,70500,Real Madrid,Villarreal,Jorge Figueroa Vázquez,17,2.71,1.29,2.68,1.42,4,1,5,2,2,0,"25,37,64,68","54",14,0,2,0,3,0,0,2,0,3,23,4,10,2,5,1,16,12,60,40,2.06,1.12,2.15,0.50,2.72,57,79,50,36,14,36,72,43,72,10.86,5.86,1.22,7.00,12.00,1.10,1.30,1.91,3.10,1.67,2.10,Estadio Santiago Bernabéu (Madrid)
1702929600,Dec 18 2023 - 8:00pm,complete,11812,Girona FC,Deportivo Alavés,Francisco José Hernández Maeso,17,2.38,0.38,2.47,0.79,3,0,3,2,2,0,"23,42,59","",3,2,0,0,1,0,0,0,1,0,10,13,5,3,3,9,9,6,63,37,1.57,1.26,1.35,1.21,2.63,50,69,44,13,13,26,57,44,88,8.63,4.25,1.61,3.80,5.20,1.24,1.73,2.90,5.50,1.80,1.95,Estadi Municipal de Montilivi (Girona)
1703008800,Dec 19 2023 - 6:00pm,complete,N/A,Rayo Vallecano,Valencia CF,Javier Alberola Rojas,18,1.00,0.67,1.05,1.00,0,1,1,0,0,0,"","61",7,1,1,0,5,1,0,1,1,5,8,10,2,4,4,3,16,18,59,41,1.72,1.02,0.85,0.96,3.00,65,83,59,36,12,43,78,53,77,7.91,4.94,2.15,3.25,3.60,1.32,2.40,3.80,7.50,1.91,1.91,Estadio de Vallecas (Madrid)
1703017800,Dec 19 2023 - 8:30pm,complete,N/A,Atlético Madrid,Getafe CF,José Luis Munuera Montero,18,3.00,0.78,2.58,0.74,3,3,6,1,1,0,"44,63,69","53,87,90'3",1,12,2,1,3,0,2,1,0,3,9,30,5,10,2,14,4,12,41,59,1.77,1.16,0.98,2.70,3.25,72,89,78,42,12,54,89,47,84,6.94,6.06,1.34,5.00,9.50,1.28,1.89,3.30,6.50,2.25,1.57,Estádio Cívitas Metropolitano (Madrid)
1703017800,Dec 19 2023 - 8:30pm,complete,N/A,Granada CF,Sevilla FC,Mateo Busquets Ferrer,18,0.88,0.43,0.95,0.95,0,3,3,2,0,2,"","23,32,49",6,4,2,0,1,0,1,1,0,1,13,13,4,6,5,5,10,17,51,49,1.44,1.57,1.30,1.40,3.04,73,79,47,40,26,53,73,32,73,8.79,5.93,2.75,3.50,2.45,1.28,1.80,3.10,6.00,1.67,2.10,Estadio Nuevo Los Cármenes (Granada)
1703095200,Dec 20 2023 - 6:00pm,complete,N/A,FC Barcelona,Almería,Guillermo Cuadra Fernández,18,2.33,0.13,2.42,0.53,3,2,5,2,1,1,"33,60,83","41,71",12,0,3,0,3,0,2,1,1,2,31,11,12,6,14,4,15,9,65,35,1.89,1.16,2.91,1.23,3.25,60,78,66,29,29,43,71,59,89,12.78,4.82,1.13,9.00,18.00,1.07,1.30,1.70,2.70,1.80,1.95,Estadi Olímpic Lluís Companys (Barcelona)
1703104200,Dec 20 2023 - 8:30pm,complete,N/A,Athletic Club Bilbao,UD Las Palmas,Juan Martínez Munuera,18,2.22,1.11,2.21,0.84,1,0,1,0,0,0,"90'4","",5,2,1,0,3,0,0,1,1,2,20,6,11,2,7,2,12,8,51,49,1.76,1.13,2.34,0.95,2.78,39,72,50,28,11,17,67,56,84,9.44,4.89,1.33,5.00,10.00,1.25,1.70,3.00,5.50,2.05,1.70,San Mamés Barria (Bilbao)
1703104200,Dec 20 2023 - 8:30pm,complete,N/A,Villarreal,Celta de Vigo,César Soto Grado,18,0.78,0.75,1.37,0.89,3,2,5,2,2,0,"13,40,48","52,57",4,7,2,0,4,0,0,2,0,4,13,16,9,6,3,5,16,14,48,52,1.37,1.21,1.78,1.55,3.28,76,82,70,36,30,35,59,64,82,9.88,3.81,2.40,3.50,2.88,1.22,1.90,2.70,5.00,1.62,2.20,Estadio de la Cerámica (Villarreal)
1703181600,Dec 21 2023 - 6:00pm,complete,N/A,Real Betis,Girona FC,Ricardo De Burgos Bengoetxea,18,2.25,2.75,1.79,1.79,1,1,2,1,0,1,"88","39",7,6,2,0,2,0,2,0,1,1,22,13,5,5,7,4,5,9,47,53,1.62,1.48,1.54,1.31,2.75,63,76,50,19,19,32,69,44,88,10.25,4.63,2.90,3.60,2.38,1.24,1.70,2.82,5.20,1.62,2.20,Estadio Benito Villamarín (Sevilla)
1703181600,Dec 21 2023 - 6:00pm,complete,N/A,Cádiz,Real Sociedad,Javier Iglesias Villanueva,18,1.25,1.50,1.26,1.58,0,0,0,0,0,0,"","",7,5,3,0,1,0,1,2,0,1,11,9,3,2,7,3,16,13,40,60,1.24,1.30,1.16,0.85,2.32,57,69,51,25,0,32,69,38,63,8.38,6.75,5.00,3.40,1.80,1.40,2.55,4.20,8.50,2.00,1.75,Estadio Nuevo Mirandilla (Cádiz)
1703190600,Dec 21 2023 - 8:30pm,complete,N/A,RCD Mallorca,CA Osasuna,Mario Melero López,18,1.13,1.25,1.37,1.16,3,2,5,2,1,1,"12,53,62","7,90'1",6,0,3,0,1,0,1,2,0,1,16,13,9,8,4,2,11,13,42,58,1.13,1.19,1.83,1.56,2.19,51,69,38,26,7,26,69,32,63,8.38,4.50,2.25,3.00,3.80,1.50,2.57,5.00,11.00,2.10,1.67,Estadi Mallorca Son Moix (Palma de Mallorca)
1703190600,Dec 21 2023 - 8:30pm,complete,N/A,Deportivo Alavés,Real Madrid,Isidro Díaz de Mera Escuderos,18,1.63,2.22,1.63,2.32,0,1,1,0,0,0,"","90'2",3,3,3,0,1,1,1,2,0,2,10,10,3,5,2,3,15,13,40,60,1.51,1.57,0.84,1.24,2.59,47,76,41,24,7,41,78,41,76,11.32,4.50,6.00,3.95,1.62,1.24,1.74,2.90,5.50,1.80,1.95,Estadio de Mendizorroza (Vitoria-Gasteiz)
1703344500,Dec 23 2023 - 3:15pm,complete,N/A,Atlético Madrid,Sevilla FC,César Soto Grado,4,2.78,0.75,2.58,0.95,1,0,1,0,0,0,"46","",6,5,7,1,3,0,2,6,1,2,13,9,5,3,3,3,7,12,50,50,1.68,1.55,1.28,0.95,3.15,70,76,70,41,18,53,82,35,88,9.13,4.80,1.53,4.30,6.00,1.23,1.71,2.95,5.80,1.95,1.80,Estádio Cívitas Metropolitano (Madrid)
1704211200,Jan 02 2024 - 4:00pm,complete,N/A,Getafe CF,Rayo Vallecano,Jorge Figueroa Vázquez,19,2.25,1.33,1.53,0.95,0,2,2,1,0,1,"","45'1,47",2,3,5,3,3,0,3,5,2,1,6,14,0,9,4,3,15,17,38,62,1.50,1.18,0.52,1.74,1.65,25,41,24,18,7,30,36,23,59,7.66,8.19,2.35,3.05,3.32,1.50,2.57,5.00,11.00,2.10,1.67,Estádio Cívitas Metropolitano (Madrid)
1704219300,Jan 02 2024 - 6:15pm,complete,N/A,Real Sociedad,Deportivo Alavés,Víctor García Verdura,19,2.00,0.33,1.58,0.79,1,1,2,0,0,0,"90'6","76",6,4,5,1,4,0,2,4,0,4,17,8,7,3,6,1,9,18,53,47,1.45,1.25,1.74,0.75,2.45,50,67,39,11,11,28,67,28,84,8.00,4.44,1.54,3.95,6.56,1.44,2.29,4.00,8.25,2.25,1.57,Reale Arena (Donostia-San Sebastián)
1704227400,Jan 02 2024 - 8:30pm,complete,N/A,Valencia CF,Villarreal,Jesús Gil Manzano,19,1.75,1.13,1.58,1.42,3,1,4,2,2,0,"4,27,57","73",4,3,2,0,5,0,0,2,1,4,13,9,9,5,3,3,12,13,45,55,1.22,1.04,1.75,1.15,2.26,50,63,38,25,13,44,63,32,57,7.25,5.76,2.05,3.50,3.60,1.30,2.00,3.25,6.50,1.70,2.05,Estadio de Mestalla (Valencia)
1704297600,Jan 03 2024 - 4:00pm,complete,17732,Granada CF,Cádiz,Juan Luis Pulido Santana,19,0.78,0.44,0.95,0.47,2,0,2,1,1,0,"22,70","",5,6,3,0,4,1,0,3,3,2,16,16,9,3,6,6,15,15,56,44,1.42,0.93,1.83,1.14,2.89,67,95,39,28,22,50,73,39,78,7.34,6.11,2.30,3.35,3.30,1.40,2.10,4.20,8.50,1.95,1.80,Estadio Nuevo Los Cármenes (Granada)
1704305700,Jan 03 2024 - 6:15pm,complete,21105,Celta de Vigo,Real Betis,Miguel Ángel Ortiz Arias,19,0.78,1.00,1.26,1.21,2,1,3,2,1,1,"16,90'6","6",8,7,0,1,2,0,0,1,1,1,20,15,7,4,8,4,8,13,40,60,1.54,1.17,1.72,1.09,2.22,56,73,28,17,11,28,67,28,67,12.55,5.78,2.38,3.45,3.05,1.33,1.95,3.60,7.00,1.75,2.00,Abanca-Balaídos (Vigo)
1704305700,Jan 03 2024 - 6:15pm,complete,72394,Real Madrid,RCD Mallorca,Alejandro Muñíz Ruiz,19,2.75,0.67,2.68,0.74,1,0,1,0,0,0,"78","",5,4,2,0,3,0,2,0,1,2,18,9,6,2,7,5,5,13,67,33,2.07,1.19,1.82,0.84,2.90,47,72,48,36,24,29,72,48,89,10.86,5.21,1.19,7.00,18.00,1.20,1.60,2.38,5.00,2.25,1.57,Estadio Santiago Bernabéu (Madrid)
1704313800,Jan 03 2024 - 8:30pm,complete,13804,Girona FC,Atlético Madrid,Alejandro José Hernández Hernández,19,2.44,1.25,2.47,1.42,4,3,7,5,3,2,"2,26,39,90'1","14,44,54",7,8,0,0,1,0,0,0,0,1,18,20,10,13,5,5,9,12,51,49,1.55,1.19,2.08,2.45,3.04,29,77,59,18,18,35,60,53,88,9.19,4.41,2.65,3.40,2.55,1.22,1.61,2.70,5.00,1.53,2.38,Estadi Municipal de Montilivi (Girona)
1704384000,Jan 04 2024 - 4:00pm,complete,N/A,CA Osasuna,Almería,César Soto Grado,19,1.00,0.11,1.21,0.53,1,0,1,1,1,0,"27","",5,4,1,0,2,0,0,1,1,1,15,7,3,2,10,3,14,6,52,48,1.41,1.17,1.34,0.68,2.95,61,84,50,22,22,50,73,45,78,10.66,5.44,1.60,3.90,4.45,1.28,1.87,3.20,6.00,1.91,1.91,Estadio El Sadar (Pamplona (Iruñea))
1704392100,Jan 04 2024 - 6:15pm,complete,N/A,Sevilla FC,Athletic Club Bilbao,José María Sánchez Martínez,19,1.11,1.50,1.21,1.37,0,2,2,1,0,1,"","30,76",5,4,3,0,1,0,1,2,0,1,12,16,3,7,7,6,10,14,61,39,1.83,1.39,1.32,1.67,2.51,58,82,41,18,12,35,54,53,88,12.82,5.83,2.97,3.25,2.17,1.33,1.99,3.60,7.00,1.75,2.00,Estadio Ramón Sánchez Pizjuán (Sevilla)
1704400200,Jan 04 2024 - 8:30pm,complete,N/A,UD Las Palmas,FC Barcelona,Pablo González Fuertes,19,1.88,1.75,1.26,2.05,1,2,3,1,1,0,"12","55,90'3",5,10,5,1,2,0,0,6,1,1,13,16,4,6,4,4,13,7,45,55,1.20,1.70,0.93,1.46,2.32,63,69,38,19,7,19,51,32,88,10.01,4.76,6.00,4.33,1.57,1.22,1.70,2.80,5.00,1.80,1.95,Estadio de Gran Canaria (Las Palmas de Gran Canaria)
1705089600,Jan 12 2024 - 8:00pm,complete,N/A,Sevilla FC,Deportivo Alavés,Alejandro José Hernández Hernández,20,1.00,0.40,1.21,0.79,2,3,5,2,0,2,"70,82","26,40,90",5,4,4,0,3,0,0,4,1,2,21,17,5,9,13,3,10,13,68,32,1.78,1.20,2.11,1.66,2.35,60,80,40,10,5,30,55,45,90,11.00,5.60,1.75,3.60,4.60,1.45,2.05,4.50,9.50,2.05,1.70,Estadio Ramón Sánchez Pizjuán (Sevilla)
1705150800,Jan 13 2024 - 1:00pm,complete,N/A,UD Las Palmas,Villarreal,Javier Iglesias Villanueva,20,1.67,1.00,1.26,1.42,3,0,3,1,1,0,"8,51,63","",4,6,4,0,3,0,4,0,3,0,9,18,4,4,2,10,12,8,56,44,1.17,1.05,0.84,1.55,2.45,67,73,45,28,11,34,56,39,78,8.33,6.67,2.37,3.15,2.79,1.30,1.84,3.20,6.00,1.75,2.00,Estadio de Gran Canaria (Las Palmas de Gran Canaria)
1705158900,Jan 13 2024 - 3:15pm,complete,N/A,RCD Mallorca,Celta de Vigo,Víctor García Verdura,20,1.33,0.67,1.37,0.89,1,1,2,2,1,1,"43","10",10,1,4,0,1,0,2,2,0,1,18,7,7,3,8,3,17,16,56,44,1.21,1.25,1.97,0.82,2.39,56,56,39,33,28,39,56,34,56,9.55,3.89,2.38,3.15,3.20,1.50,2.45,4.80,10.50,2.10,1.67,Estadi Mallorca Son Moix (Palma de Mallorca)
1705167000,Jan 13 2024 - 5:30pm,complete,N/A,Athletic Club Bilbao,Real Sociedad,José Luis Munuera Montero,20,2.30,1.44,2.21,1.58,2,1,3,2,2,0,"30,42","88",5,5,1,0,4,0,0,1,0,4,11,10,4,2,1,5,16,21,49,51,1.82,1.25,0.97,0.80,2.91,48,79,63,36,10,32,69,57,67,10.67,5.18,2.16,3.35,3.45,1.40,2.15,3.70,7.50,1.95,1.80,San Mamés Barria (Bilbao)
1705176000,Jan 13 2024 - 8:00pm,complete,N/A,Real Betis,Granada CF,Guillermo Cuadra Fernández,20,2.11,0.11,1.79,0.16,1,0,1,0,0,0,"76","",13,1,3,0,4,0,0,3,3,1,26,8,7,4,6,1,12,17,57,43,1.61,0.98,1.83,0.74,2.50,44,67,33,22,11,17,78,39,78,9.67,5.11,1.58,4.30,5.40,1.27,1.67,3.06,5.25,1.80,1.95,Estadio Benito Villamarín (Sevilla)
1705237200,Jan 14 2024 - 1:00pm,complete,12111,Almería,Girona FC,Mateo Busquets Ferrer,20,0.44,2.56,0.58,1.79,0,0,0,0,0,0,"","",4,3,4,0,4,1,1,3,1,4,21,6,4,2,9,1,13,8,45,55,1.60,1.46,1.50,0.66,3.34,78,84,67,45,28,50,73,56,84,9.34,4.56,4.60,4.45,1.67,1.17,1.43,2.20,3.80,1.53,2.38,Power Horse Stadium – Estadio de los Juegos Mediterráneos (Almería)
1705245300,Jan 14 2024 - 3:15pm,complete,18622,Cádiz,Valencia CF,Isidro Díaz de Mera Escuderos,20,1.22,0.90,1.26,1.00,1,4,5,2,1,1,"21","8,52,90'4,90'8",3,1,4,0,2,0,1,3,0,2,11,10,3,6,6,2,15,15,57,43,1.24,1.02,1.08,1.17,2.35,52,63,47,26,5,21,58,41,74,6.71,6.57,2.85,3.09,2.94,1.50,2.48,4.75,10.00,2.05,1.70,Estadio Nuevo Mirandilla (Cádiz)
1705694400,Jan 19 2024 - 8:00pm,complete,N/A,Deportivo Alavés,Cádiz,Alejandro Muñíz Ruiz,21,1.44,0.40,1.63,0.47,1,0,1,0,0,0,"51","",4,4,0,0,4,0,0,0,1,3,14,10,4,2,6,6,15,17,48,52,1.43,0.95,1.40,0.89,2.32,42,73,21,16,11,32,74,26,74,9.36,6.46,1.80,3.40,4.75,1.48,2.40,5.00,10.00,2.25,1.57,Estadio de Mendizorroza (Vitoria-Gasteiz)
1705755600,Jan 20 2024 - 1:00pm,complete,N/A,Rayo Vallecano,UD Las Palmas,Mario Melero López,21,0.89,1.00,1.05,0.84,0,2,2,1,0,1,"","35,83",12,0,3,1,1,0,1,3,0,1,17,11,4,6,10,3,19,8,43,57,1.62,1.11,1.70,1.21,2.19,43,59,32,17,6,28,64,32,79,8.53,4.73,1.90,3.35,4.40,1.44,2.25,4.50,9.50,2.05,1.70,Estadio de Vallecas (Madrid)
1705763700,Jan 20 2024 - 3:15pm,complete,16479,Villarreal,RCD Mallorca,Miguel Ángel Ortiz Arias,21,1.00,0.60,1.37,0.74,1,1,2,1,1,0,"45'1","90'1",4,6,2,1,2,0,1,2,1,1,19,9,6,3,6,2,13,13,51,49,1.41,1.15,1.59,0.92,3.15,65,75,60,35,25,40,60,55,90,9.00,5.80,2.11,3.60,3.50,1.33,1.96,3.75,7.50,1.91,1.91,Estadio de la Cerámica (Villarreal)
1705771800,Jan 20 2024 - 5:30pm,complete,N/A,Valencia CF,Athletic Club Bilbao,Juan Luis Pulido Santana,21,1.89,1.67,1.58,1.37,1,0,1,0,0,0,"61","",4,2,0,0,3,0,0,0,0,3,7,7,2,4,4,2,10,11,39,61,1.28,1.42,0.82,1.02,2.00,33,67,28,11,6,28,67,33,67,9.00,4.22,3.60,3.60,2.07,1.40,1.96,4.00,8.00,1.95,1.80,Estadio de Mestalla (Valencia)
1705780800,Jan 20 2024 - 8:00pm,complete,N/A,Celta de Vigo,Real Sociedad,Jorge Figueroa Vázquez,21,1.00,1.30,1.26,1.58,0,1,1,1,0,1,"","11",6,3,1,0,2,0,1,0,1,1,7,7,3,3,3,2,15,18,48,52,1.56,1.20,0.98,0.78,2.20,55,70,45,15,0,30,75,25,65,12.00,5.80,3.00,3.30,2.50,1.55,2.25,5.00,10.00,2.05,1.70,Abanca-Balaídos (Vigo)
1705842000,Jan 21 2024 - 1:00pm,complete,N/A,CA Osasuna,Getafe CF,José María Sánchez Martínez,21,1.20,0.80,1.21,0.74,3,2,5,2,2,0,"9,31,80","64,68",1,4,5,0,4,0,2,3,1,3,14,11,8,8,5,0,14,14,42,58,1.40,1.31,1.64,1.38,2.75,50,80,45,25,15,35,80,40,65,8.80,7.20,2.18,3.12,3.64,1.50,2.47,5.00,10.00,2.20,1.62,Estadio El Sadar (Pamplona (Iruñea))
1705850100,Jan 21 2024 - 3:15pm,complete,72044,Real Madrid,Almería,Francisco José Hernández Maeso,21,2.78,0.10,2.68,0.53,3,2,5,2,0,2,"57,67,90'9","1,43",6,3,3,0,5,0,0,3,0,5,19,12,7,4,8,4,8,18,73,27,2.04,1.12,2.15,0.97,3.15,57,79,63,32,26,41,79,53,85,12.64,4.29,1.18,8.30,14.00,1.08,1.23,1.70,2.61,1.91,1.91,Estadio Santiago Bernabéu (Madrid)
1705858200,Jan 21 2024 - 5:30pm,complete,N/A,Real Betis,FC Barcelona,Jesús Gil Manzano,21,2.20,1.89,1.79,2.05,2,4,6,1,0,1,"56,59","21,48,90,90'2",3,4,1,0,2,0,0,1,0,2,15,12,6,5,6,5,12,12,36,64,1.64,1.68,1.52,1.29,2.30,59,69,38,17,6,17,64,37,85,12.27,4.66,4.10,3.90,1.85,1.22,1.62,2.63,4.50,1.67,2.10,Estadio Benito Villamarín (Sevilla)
1705867200,Jan 21 2024 - 8:00pm,complete,N/A,Girona FC,Sevilla FC,Pablo González Fuertes,21,2.50,0.67,2.47,0.95,5,1,6,4,3,1,"13,15,19,56,89","10",4,5,0,0,2,0,0,0,0,2,13,10,9,4,3,3,6,9,55,45,1.60,1.48,1.66,1.13,3.12,47,68,57,26,21,47,64,36,89,9.81,4.71,1.66,4.30,4.90,1.21,1.63,2.61,4.68,1.67,2.10,Estadi Municipal de Montilivi (Girona)
1705953600,Jan 22 2024 - 8:00pm,complete,N/A,Granada CF,Atlético Madrid,Juan Martínez Munuera,21,1.00,1.11,0.95,1.42,0,1,1,0,0,0,"","54",6,2,2,0,2,0,0,2,0,2,19,11,3,6,10,4,10,14,53,47,1.47,1.33,1.47,1.35,3.21,46,89,53,31,26,47,74,48,79,9.01,4.94,4.50,3.85,1.70,1.27,1.75,3.10,5.90,1.75,2.00,Estadio Nuevo Los Cármenes (Granada)
1706299200,Jan 26 2024 - 8:00pm,complete,N/A,Almería,Deportivo Alavés,Miguel Ángel Ortiz Arias,22,0.50,0.64,0.58,0.79,0,3,3,1,0,1,"","10,52,88",11,3,1,0,2,0,1,0,1,1,21,12,9,4,10,4,17,13,64,36,1.59,1.24,2.28,1.01,2.49,58,72,48,30,15,34,62,48,71,8.42,4.56,2.49,3.10,2.70,1.40,2.08,4.00,8.00,1.91,1.91,Power Horse Stadium (Almería)
1706360400,Jan 27 2024 - 1:00pm,complete,32528,Real Sociedad,Rayo Vallecano,Alejandro José Hernández Hernández,22,1.90,1.50,1.58,0.95,0,0,0,0,0,0,"","",2,2,2,0,4,0,0,2,2,2,8,6,4,0,4,3,17,16,52,48,1.48,1.23,1.03,0.53,2.30,35,60,30,20,10,25,50,35,80,7.20,6.30,1.65,3.70,6.00,1.42,2.12,4.33,9.50,2.20,1.62,Reale Arena (Donostia-San Sebastián)
1706368500,Jan 27 2024 - 3:15pm,complete,32037,UD Las Palmas,Real Madrid,César Soto Grado,22,1.80,2.30,1.26,2.32,1,2,3,0,0,0,"53","65,84",1,6,3,0,3,0,0,3,1,2,8,14,3,6,4,5,14,10,53,47,1.14,1.54,0.84,1.54,2.25,50,75,45,10,0,20,55,45,90,10.00,4.90,4.61,3.99,1.58,1.20,1.67,2.25,5.00,1.91,1.91,Estadio de Gran Canaria (Las Palmas de Gran Canaria)
1706376600,Jan 27 2024 - 5:30pm,complete,46229,FC Barcelona,Villarreal,José Luis Munuera Montero,22,2.40,0.90,2.42,1.42,3,5,8,1,0,1,"60,68,71","41,54,84,90'9,90'12",10,0,3,0,4,0,1,2,1,3,24,11,11,7,6,0,8,13,71,29,1.99,1.10,2.52,1.12,3.10,60,75,60,45,30,45,70,60,80,11.00,6.40,1.25,6.00,9.00,1.09,1.39,1.96,3.00,1.57,2.25,Estadi Olímpic Lluís Companys (Barcelona)
1706385600,Jan 27 2024 - 8:00pm,complete,20051,RCD Mallorca,Real Betis,Javier Iglesias Villanueva,22,1.30,0.90,1.37,1.21,0,1,1,1,0,1,"","45'1",5,4,2,0,1,0,0,2,0,1,15,9,2,3,10,2,13,6,53,47,1.28,1.16,1.28,0.91,2.10,60,65,30,20,15,50,60,25,45,11.30,5.20,2.40,3.10,3.00,1.50,1.96,5.00,10.00,2.05,1.70,Estadi Mallorca Son Moix (Palma de Mallorca)
1706446800,Jan 28 2024 - 1:00pm,complete,N/A,Celta de Vigo,Girona FC,Mario Melero López,22,0.91,2.40,1.26,1.79,0,1,1,1,0,1,"","20",5,7,1,0,1,0,0,1,0,1,12,16,6,7,4,5,11,10,39,61,1.51,1.38,1.35,1.60,2.60,63,72,44,20,15,34,76,25,82,11.68,5.63,2.75,3.50,2.50,1.24,1.68,2.83,5.25,1.62,2.20,Abanca-Balaídos (Vigo)
1706454900,Jan 28 2024 - 3:15pm,complete,18839,Cádiz,Athletic Club Bilbao,Mateo Busquets Ferrer,22,1.10,1.50,1.26,1.37,0,0,0,0,0,0,"","",6,8,4,0,2,0,0,4,2,0,10,10,3,0,6,5,13,15,42,58,1.22,1.38,1.08,0.66,2.10,40,65,30,20,10,25,60,30,75,8.90,6.10,5.25,3.75,1.62,1.38,2.05,3.90,7.80,2.05,1.70,Estadio Nuevo Mirandilla (Cádiz)
1706463000,Jan 28 2024 - 5:30pm,complete,N/A,Sevilla FC,CA Osasuna,Guillermo Cuadra Fernández,22,0.91,1.11,1.21,1.16,1,1,2,1,1,0,"24","55",2,4,3,1,0,0,1,3,0,0,11,12,6,5,4,5,17,13,44,56,1.81,1.24,1.35,1.35,3.17,70,96,61,36,20,34,72,66,100,9.78,5.47,1.95,3.45,3.75,1.40,2.15,4.00,8.00,1.95,1.80,Estadio Ramón Sánchez Pizjuán (Sevilla)
1706472000,Jan 28 2024 - 8:00pm,complete,N/A,Atlético Madrid,Valencia CF,Ricardo De Burgos Bengoetxea,22,2.80,1.09,2.58,1.00,2,0,2,1,1,0,"45'5,57","",3,6,2,0,0,0,0,2,0,0,13,11,9,4,3,4,8,9,55,45,1.64,1.03,1.74,1.04,3.20,72,77,72,43,19,39,72,57,91,6.65,5.22,1.50,4.33,6.00,1.25,1.80,2.95,5.50,1.95,1.80,Estádio Cívitas Metropolitano (Madrid)
1706558400,Jan 29 2024 - 8:00pm,complete,N/A,Getafe CF,Granada CF,Víctor García Verdura,22,2.00,0.10,1.53,0.16,2,0,2,2,2,0,"21,36","",4,3,2,0,1,0,1,1,0,1,8,17,5,4,0,8,16,12,39,61,1.39,0.96,0.93,1.37,2.34,37,52,31,26,16,32,62,26,68,8.06,8.42,1.83,3.45,4.70,1.44,2.15,4.50,9.50,2.10,1.67,Estadio Coliseum (Getafe)
1706724000,Jan 31 2024 - 6:00pm,complete,N/A,FC Barcelona,CA Osasuna,Jorge Figueroa Vázquez,20,2.18,1.10,2.42,1.16,1,0,1,0,0,0,"63","",6,6,1,0,1,1,0,1,1,1,17,11,5,2,6,7,9,12,68,32,2.04,1.25,1.44,0.96,3.42,63,87,62,43,33,24,82,67,96,10.45,4.45,1.25,5.25,9.21,1.15,1.57,2.35,4.10,1.95,1.80,Estadi Olímpic Lluís Companys (Barcelona)
1706731200,Jan 31 2024 - 8:00pm,complete,47003,Atlético Madrid,Rayo Vallecano,César Soto Grado,20,2.82,1.45,2.58,0.95,2,1,3,2,1,1,"35,90","42",5,6,0,0,3,0,0,0,1,2,9,11,4,3,2,3,10,12,54,46,1.65,1.17,0.93,0.81,2.41,41,64,46,32,9,32,59,36,82,6.82,5.91,1.32,4.80,7.40,1.22,1.66,2.80,5.00,1.91,1.91,Estádio Cívitas Metropolitano (Madrid)
1706817600,Feb 01 2024 - 8:00pm,complete,N/A,Getafe CF,Real Madrid,Ricardo De Burgos Bengoetxea,20,2.10,2.36,1.53,2.32,0,2,2,1,0,1,"","14,56",2,6,1,0,2,0,1,0,1,1,11,18,3,10,7,5,17,5,42,58,1.34,1.54,1.13,1.95,2.13,43,66,38,14,5,38,53,33,71,9.77,7.08,5.53,3.94,1.58,1.30,1.88,3.30,6.50,2.00,1.75,Estadio Coliseum (Getafe)
1706904000,Feb 02 2024 - 8:00pm,complete,N/A,Athletic Club Bilbao,RCD Mallorca,Jorge Figueroa Vázquez,23,2.36,0.64,2.21,0.74,4,0,4,2,2,0,"3,16,62,89","",6,2,0,0,1,0,0,0,0,1,14,7,7,3,3,4,17,16,62,38,1.74,1.13,1.52,0.79,3.00,45,73,50,36,18,32,64,46,91,9.36,5.45,1.50,3.90,7.25,1.36,2.15,3.74,7.20,2.25,1.57,San Mamés Barria (Bilbao)
1706965200,Feb 03 2024 - 1:00pm,complete,N/A,Valencia CF,Almería,Alejandro Muñíz Ruiz,23,2.00,0.09,1.58,0.53,2,1,3,2,2,0,"14,23","50",0,6,4,0,5,1,2,2,0,6,8,16,3,6,2,4,15,13,49,51,1.23,1.10,0.85,1.29,2.68,52,66,52,23,18,47,71,43,71,8.80,4.34,1.67,3.75,5.25,1.30,1.95,3.40,6.50,1.95,1.80,Estadio de Mestalla (Valencia)
1706973300,Feb 03 2024 - 3:15pm,complete,N/A,Granada CF,UD Las Palmas,Mateo Busquets Ferrer,23,0.91,1.18,0.95,0.84,1,1,2,1,1,0,"43","68",2,9,4,1,3,1,5,0,2,2,4,17,2,7,1,8,6,15,22,78,1.47,1.12,0.50,1.99,2.37,46,68,32,18,14,28,64,32,82,7.00,4.72,2.35,3.39,3.39,1.42,2.25,4.33,9.00,1.95,1.73,Estadio Nuevo Los Cármenes (Granada)
1706981400,Feb 03 2024 - 5:30pm,complete,19480,Deportivo Alavés,FC Barcelona,Juan Martínez Munuera,23,1.60,2.00,1.63,2.05,1,3,4,1,0,1,"51","22,49,63",13,5,2,0,1,1,1,1,0,2,14,9,3,6,9,1,17,10,36,64,1.43,1.64,1.37,1.16,2.70,55,65,40,30,15,30,70,35,80,10.90,4.80,6.26,4.32,1.60,1.28,1.83,3.10,6.00,1.80,1.95,Estadio de Mendizorroza (Vitoria-Gasteiz)
1706990400,Feb 03 2024 - 8:00pm,complete,13755,Girona FC,Real Sociedad,Jesús Gil Manzano,23,2.55,1.45,2.47,1.58,0,0,0,0,0,0,"","",3,4,2,0,3,0,0,2,2,1,12,12,4,3,3,5,8,20,48,52,1.61,1.17,1.01,1.03,3.09,55,73,64,27,18,46,69,50,73,9.19,4.27,2.39,3.74,3.03,1.29,2.02,3.25,6.50,1.80,1.95,Estadi Municipal de Montilivi (Girona)
1707051600,Feb 04 2024 - 1:00pm,complete,N/A,Villarreal,Cádiz,Pablo González Fuertes,23,1.00,0.36,1.37,0.47,0,0,0,0,0,0,"","",13,2,3,0,1,0,0,3,0,1,21,9,5,3,11,5,14,15,59,41,1.42,0.95,1.93,0.99,2.91,68,91,50,23,18,36,69,50,87,9.46,6.55,1.65,4.00,5.50,1.28,1.80,3.10,6.00,1.80,1.95,Estadio de la Cerámica (Villarreal)
1707059700,Feb 04 2024 - 3:15pm,complete,20030,CA Osasuna,Celta de Vigo,Javier Alberola Rojas,23,1.36,0.70,1.21,0.89,0,3,3,2,0,2,"","24,25,90",9,1,2,0,0,0,1,1,0,0,19,7,2,6,12,1,10,8,70,30,1.42,1.21,1.76,0.99,2.68,58,72,39,29,29,38,67,43,67,8.81,4.50,2.30,3.20,3.20,1.48,2.30,4.75,10.00,2.05,1.70,Estadio El Sadar (Pamplona (Iruñea))
1707067800,Feb 04 2024 - 5:30pm,complete,N/A,Real Betis,Getafe CF,Juan Luis Pulido Santana,23,2.00,0.73,1.79,0.74,1,1,2,2,1,1,"35","8",3,5,7,0,4,0,4,3,1,3,10,12,4,3,3,4,10,19,55,45,1.62,1.32,1.12,1.03,2.82,55,78,50,27,18,23,78,46,78,9.82,6.36,1.83,3.50,4.40,1.44,2.27,4.50,9.50,2.05,1.70,Estadio Benito Villamarín (Sevilla)
1707076800,Feb 04 2024 - 8:00pm,complete,76732,Real Madrid,Atlético Madrid,José María Sánchez Martínez,23,2.80,1.30,2.68,1.42,1,1,2,1,1,0,"20","90'3",2,8,0,0,4,0,0,0,2,2,18,12,5,6,7,3,7,15,54,46,2.05,1.33,1.72,1.35,3.00,35,75,55,30,25,30,70,55,85,12.10,4.40,1.78,3.80,4.20,1.22,1.65,2.75,5.00,1.67,2.10,Estadio Santiago Bernabéu (Madrid)
1707163200,Feb 05 2024 - 8:00pm,complete,N/A,Rayo Vallecano,Sevilla FC,Francisco José Hernández Maeso,23,0.80,0.60,1.05,0.95,1,2,3,3,1,2,"29","19,45",6,0,2,0,3,0,0,2,2,1,23,11,6,7,9,4,8,10,67,33,1.63,1.45,1.88,1.38,2.75,50,70,45,30,15,50,75,25,80,11.10,5.50,2.15,3.30,3.50,1.40,2.30,4.20,8.50,1.95,1.80,Estadio de Vallecas (Madrid)
1707508800,Feb 09 2024 - 8:00pm,complete,N/A,Cádiz,Real Betis,Ricardo De Burgos Bengoetxea,24,1.09,1.09,1.26,1.21,0,2,2,1,0,1,"","6,46",5,3,1,0,1,0,0,1,0,1,15,15,6,6,4,6,10,9,53,47,1.21,1.14,1.47,1.45,2.18,55,64,36,23,14,36,60,32,60,9.54,6.28,3.40,3.35,2.28,1.53,2.16,4.33,9.00,1.95,1.80,Estadio Nuevo Mirandilla (Cádiz)
1707570000,Feb 10 2024 - 1:00pm,complete,N/A,Deportivo Alavés,Villarreal,Mario Melero López,24,1.45,1.09,1.63,1.42,1,1,2,2,1,1,"25","42",10,9,0,0,2,0,0,0,1,1,18,14,5,5,8,4,7,11,50,50,1.42,1.10,1.57,1.27,2.91,55,69,46,41,18,41,73,41,73,9.45,6.18,2.38,3.40,2.88,1.33,1.93,3.60,7.00,1.80,1.95,Estadio de Mendizorroza (Vitoria-Gasteiz)
1707578100,Feb 10 2024 - 3:15pm,complete,32905,Real Sociedad,CA Osasuna,Isidro Díaz de Mera Escuderos,24,1.82,1.00,1.58,1.16,0,1,1,0,0,0,"","49",7,4,0,0,0,0,0,0,0,0,22,11,4,3,8,1,8,8,68,32,1.44,1.22,1.64,0.68,2.82,60,78,46,27,18,23,69,46,91,7.36,4.64,1.90,3.20,4.75,1.60,1.95,5.50,11.00,2.25,1.57,Reale Arena (Donostia-San Sebastián)
1707586200,Feb 10 2024 - 5:30pm,complete,N/A,Real Madrid,Girona FC,Juan Martínez Munuera,24,2.64,2.45,2.68,1.79,4,0,4,2,2,0,"6,35,54,61","",0,2,1,0,2,0,0,1,1,1,17,6,7,0,9,4,9,11,53,47,2.02,1.40,1.83,0.68,3.00,64,78,55,32,27,36,78,46,87,11.55,4.55,1.40,5.25,7.00,1.15,1.64,2.00,3.75,1.62,2.20,Estadio Santiago Bernabéu (Madrid)
1707595200,Feb 10 2024 - 8:00pm,complete,N/A,UD Las Palmas,Valencia CF,Guillermo Cuadra Fernández,24,1.64,1.00,1.26,1.00,2,0,2,0,0,0,"89,90'5","",5,0,2,0,0,0,0,2,0,0,9,8,4,2,3,6,10,12,73,27,1.11,1.03,1.27,0.81,2.51,57,74,52,17,9,13,56,52,87,7.20,5.40,2.63,3.00,3.00,1.53,2.35,4.50,10.50,2.05,1.70,Estadio de Gran Canaria (Las Palmas de Gran Canaria)
1707656400,Feb 11 2024 - 1:00pm,complete,N/A,Getafe CF,Celta de Vigo,Alejandro José Hernández Hernández,24,1.91,0.91,1.53,0.89,3,2,5,2,2,0,"41,45'2,89","71,85",0,4,1,0,2,0,0,1,0,2,12,10,5,5,4,3,15,12,48,52,1.32,1.19,1.22,1.16,2.37,46,64,37,23,23,41,60,27,64,7.91,5.91,2.30,3.05,3.60,1.52,2.01,4.97,10.25,2.10,1.67,Estadio Coliseum (Getafe)
1707664500,Feb 11 2024 - 3:15pm,complete,N/A,RCD Mallorca,Rayo Vallecano,José Luis Munuera Montero,24,1.18,1.33,1.37,0.95,2,1,3,0,0,0,"48,90'1","76",5,1,4,0,0,0,3,1,0,0,9,12,6,5,2,5,17,11,49,51,1.28,1.14,1.21,1.27,1.66,31,48,22,18,5,35,53,17,47,8.73,5.95,2.30,3.00,3.40,1.50,2.74,5.50,13.00,2.20,1.62,Estadi Mallorca Son Moix (Palma de Mallorca)
1707672600,Feb 11 2024 - 5:30pm,complete,N/A,Sevilla FC,Atlético Madrid,Javier Iglesias Villanueva,24,0.92,1.27,1.21,1.42,1,0,1,1,1,0,"15","",2,7,2,0,1,0,0,2,1,0,11,17,7,6,2,7,10,6,40,60,1.77,1.34,1.38,1.71,2.87,51,83,48,22,18,35,61,52,91,11.67,6.05,3.75,3.40,2.00,1.28,1.76,3.10,6.00,1.70,2.05,Estadio Ramón Sánchez Pizjuán (Sevilla)
1707681600,Feb 11 2024 - 8:00pm,complete,N/A,FC Barcelona,Granada CF,Miguel Ángel Ortiz Arias,24,2.25,0.09,2.42,0.16,3,3,6,2,1,1,"14,63,80","43,60,66",6,2,1,0,3,0,0,1,1,2,12,12,7,6,4,2,13,9,66,34,1.99,1.00,1.65,1.12,3.17,43,66,47,39,30,31,75,52,83,10.87,5.42,1.25,6.50,9.00,1.12,1.63,2.10,3.40,1.91,1.91,Estadi Olímpic Lluís Companys (Barcelona)
1707768000,Feb 12 2024 - 8:00pm,complete,N/A,Almería,Athletic Club Bilbao,Víctor García Verdura,24,0.45,1.45,0.58,1.37,0,0,0,0,0,0,"","",4,10,3,1,1,0,2,2,0,1,11,13,5,5,3,4,17,15,39,61,1.65,1.31,1.05,1.41,2.32,41,69,41,27,14,27,60,46,69,10.36,4.45,4.30,3.85,1.80,1.26,1.78,3.10,5.50,1.80,1.95,Power Horse Stadium (Almería)
1708113600,Feb 16 2024 - 8:00pm,complete,N/A,Villarreal,Getafe CF,Javier Alberola Rojas,25,1.00,0.75,1.37,0.74,1,1,2,1,0,1,"56","24",8,3,0,0,1,0,0,0,1,0,21,12,8,3,5,5,14,10,56,44,1.47,1.29,1.66,0.98,3.38,75,92,71,38,25,46,80,59,75,9.92,7.00,2.11,3.54,3.29,1.30,1.86,3.30,6.25,1.80,1.95,Estadio de la Cerámica (Villarreal)
1708174800,Feb 17 2024 - 1:00pm,complete,N/A,Atlético Madrid,UD Las Palmas,Jorge Figueroa Vázquez,25,2.83,1.17,2.58,0.84,5,0,5,2,2,0,"15,20,47,62,87","",3,5,2,0,2,0,2,0,1,1,14,12,8,3,5,6,24,10,35,65,1.59,1.20,1.70,0.99,2.46,54,67,46,21,9,25,71,34,92,7.59,4.67,1.50,4.20,6.50,1.22,1.91,2.95,5.50,1.95,1.80,Estádio Cívitas Metropolitano (Madrid)
1708182900,Feb 17 2024 - 3:15pm,complete,N/A,CA Osasuna,Cádiz,Francisco José Hernández Maeso,25,1.25,0.42,1.21,0.47,2,0,2,0,0,0,"63,90'1","",5,4,4,0,2,0,2,2,2,0,12,6,5,2,7,3,12,5,56,44,1.45,0.95,1.63,0.70,2.21,42,75,25,13,13,34,67,29,71,8.92,6.59,1.56,3.55,5.65,1.50,2.20,4.50,9.00,2.25,1.57,Estadio El Sadar (Pamplona (Iruñea))
1708191000,Feb 17 2024 - 5:30pm,complete,N/A,Celta de Vigo,FC Barcelona,Juan Luis Pulido Santana,25,0.83,2.09,1.26,2.05,1,2,3,1,0,1,"47","45,90'7",2,5,2,0,4,0,1,1,1,3,14,15,5,5,4,4,11,13,34,66,1.50,1.59,1.28,1.31,2.60,62,70,45,27,9,22,78,32,79,12.45,5.03,3.70,3.70,1.90,1.17,1.67,2.55,4.60,1.62,2.20,Abanca-Balaídos (Vigo)
1708200000,Feb 17 2024 - 8:00pm,complete,N/A,Valencia CF,Sevilla FC,César Soto Grado,25,2.09,0.82,1.58,0.95,0,0,0,0,0,0,"","",7,2,0,0,1,0,0,0,0,1,15,2,5,2,6,0,5,8,53,47,1.20,1.44,1.44,0.48,2.37,46,60,46,18,9,46,69,23,69,8.09,4.91,2.05,3.25,3.50,1.38,2.11,3.90,7.85,1.95,1.80,Estadio de Mestalla (Valencia)
1708261200,Feb 18 2024 - 1:00pm,complete,N/A,Rayo Vallecano,Real Madrid,Alejandro Muñíz Ruiz,25,0.73,2.42,1.05,2.32,1,1,2,2,1,1,"27","3",4,10,4,0,2,1,2,2,0,3,9,12,4,5,1,4,17,7,40,60,1.65,1.57,0.89,1.49,2.62,53,83,48,22,5,44,70,39,83,11.33,4.62,4.60,3.80,1.68,1.27,1.84,3.07,5.80,1.80,1.95,Estadio de Vallecas (Madrid)
1708269300,Feb 18 2024 - 3:15pm,complete,N/A,Granada CF,Almería,Jesús Gil Manzano,25,0.92,0.08,0.95,0.53,1,1,2,1,0,1,"75","9",10,4,2,0,3,0,1,1,0,3,20,15,8,4,8,6,15,22,59,41,1.39,1.12,1.87,1.24,3.25,71,88,59,33,29,59,79,42,83,9.00,5.75,1.93,3.25,3.25,1.27,1.88,3.30,5.80,1.75,2.00,Estadio Nuevo Los Cármenes (Granada)
1708277400,Feb 18 2024 - 5:30pm,complete,18153,RCD Mallorca,Real Sociedad,Pablo González Fuertes,25,1.33,1.42,1.37,1.58,1,2,3,2,1,1,"4","38,90'3",3,9,8,2,5,0,4,6,1,4,5,20,2,6,2,9,17,20,32,68,1.28,1.15,0.62,1.91,1.88,50,54,38,17,4,38,63,25,38,10.17,5.41,3.25,2.57,2.29,1.69,3.10,6.50,11.00,2.50,1.50,Estadi Mallorca Son Moix (Palma de Mallorca)
1708286400,Feb 18 2024 - 8:00pm,complete,N/A,Real Betis,Deportivo Alavés,Mateo Busquets Ferrer,25,1.92,0.83,1.79,0.79,0,0,0,0,0,0,"","",6,8,5,0,2,0,2,3,1,1,15,14,3,5,6,7,13,8,62,38,1.58,1.22,1.27,1.39,2.17,50,71,34,8,8,17,67,38,79,9.75,4.75,2.01,3.00,3.30,1.40,2.20,3.75,7.50,1.95,1.80,Estadio Benito Villamarín (Sevilla)
1708372800,Feb 19 2024 - 8:00pm,complete,46220,Athletic Club Bilbao,Girona FC,José María Sánchez Martínez,25,2.42,2.25,2.21,1.79,3,2,5,1,1,0,"2,56,60","49,75",3,4,1,0,2,0,1,0,2,0,15,13,8,7,4,5,16,15,31,69,1.73,1.34,1.66,1.51,3.33,55,84,67,42,21,46,75,55,88,10.42,4.75,1.93,3.62,3.71,1.22,1.76,2.72,4.98,1.62,2.20,San Mamés Barria (Bilbao)
1708718400,Feb 23 2024 - 8:00pm,complete,N/A,Real Sociedad,Villarreal,Javier Iglesias Villanueva,26,1.67,1.08,1.58,1.42,1,3,4,1,0,1,"86","17,47,90'5",13,2,3,0,4,0,0,3,0,4,22,7,9,5,10,2,15,14,70,30,1.46,1.12,2.42,0.96,2.92,63,71,46,34,21,42,63,42,75,8.25,6.25,1.85,3.20,3.95,1.31,2.00,3.40,6.45,1.95,1.80,Reale Arena (Donostia-San Sebastián)
1708787700,Feb 24 2024 - 3:15pm,complete,N/A,FC Barcelona,Getafe CF,Alejandro Muñíz Ruiz,26,2.15,0.77,2.42,0.74,4,0,4,1,1,0,"20,53,61,90'1","",5,8,1,0,4,0,1,0,1,3,18,11,10,5,4,4,15,15,68,32,1.96,1.27,1.91,1.20,3.47,62,81,62,42,35,39,81,58,81,10.93,6.39,1.29,5.36,8.42,1.20,1.54,2.60,4.75,1.91,1.91,Estadi Olímpic Lluís Companys (Barcelona)
1708795800,Feb 24 2024 - 5:30pm,complete,N/A,Deportivo Alavés,RCD Mallorca,Víctor García Verdura,26,1.42,0.58,1.63,0.74,1,1,2,0,0,0,"76","88",3,3,0,0,2,0,0,0,0,2,10,18,2,9,6,5,9,16,52,48,1.44,1.10,0.93,1.87,2.46,42,58,29,29,13,33,67,29,80,9.75,5.08,1.90,3.20,4.60,1.54,2.65,6.25,11.00,2.50,1.50,Estadio de Mendizorroza (Vitoria-Gasteiz)
1708804800,Feb 24 2024 - 8:00pm,complete,14472,Almería,Atlético Madrid,Javier Alberola Rojas,26,0.50,1.17,0.58,1.42,2,2,4,2,1,1,"27,64","2,57",2,7,1,0,1,0,0,1,1,0,10,19,5,10,3,5,13,12,40,60,1.60,1.37,1.13,2.09,2.63,38,67,50,30,17,29,63,50,67,10.33,4.67,4.30,3.95,1.77,1.22,1.68,2.80,5.00,1.70,2.05,Power Horse Stadium (Almería)
1708866000,Feb 25 2024 - 1:00pm,complete,N/A,Cádiz,Celta de Vigo,Miguel Ángel Ortiz Arias,26,1.00,0.83,1.26,0.89,2,2,4,1,0,1,"66,90'10","11,58",9,1,2,0,3,0,0,2,2,1,20,8,7,4,9,2,11,20,66,34,1.23,1.18,2.04,0.84,2.59,55,67,46,34,25,38,63,38,71,7.92,4.92,3.10,3.00,2.55,1.53,2.65,5.50,11.00,2.10,1.67,Estadio Nuevo Mirandilla (Cádiz)
1708874100,Feb 25 2024 - 3:15pm,complete,N/A,Real Betis,Athletic Club Bilbao,Guillermo Cuadra Fernández,26,1.85,1.42,1.79,1.37,3,1,4,3,2,1,"13,38,67","45'7",5,3,1,0,5,1,1,0,4,2,14,4,6,2,6,1,14,12,58,42,1.55,1.32,1.42,0.60,1.80,36,60,20,8,8,13,56,28,68,11.58,4.87,2.88,3.30,2.50,1.40,2.07,4.00,8.00,1.91,1.91,Estadio Benito Villamarín (Sevilla)
1708882200,Feb 25 2024 - 5:30pm,complete,N/A,UD Las Palmas,CA Osasuna,José Luis Munuera Montero,26,1.75,1.17,1.26,1.16,1,1,2,0,0,0,"52","49",6,7,2,0,1,0,0,2,1,0,10,7,4,3,4,4,8,17,72,28,1.13,1.17,1.06,0.94,2.46,54,79,46,17,9,9,59,50,96,7.75,4.50,2.35,3.05,3.35,1.50,2.45,4.60,9.75,2.05,1.70,Estadio de Gran Canaria (Las Palmas de Gran Canaria)
1708891200,Feb 25 2024 - 8:00pm,complete,74969,Real Madrid,Sevilla FC,Isidro Díaz de Mera Escuderos,26,2.67,0.83,2.68,0.95,1,0,1,0,0,0,"81","",7,2,1,0,3,0,1,0,0,3,17,5,7,2,5,3,13,9,64,36,2.01,1.36,1.95,0.65,2.83,50,71,54,34,21,42,75,38,80,10.67,4.58,1.30,5.80,9.50,1.17,1.55,2.40,3.80,1.91,1.91,Estadio Santiago Bernabéu (Madrid)
1708977600,Feb 26 2024 - 8:00pm,complete,N/A,Girona FC,Rayo Vallecano,Ricardo De Burgos Bengoetxea,26,2.42,1.23,2.47,0.95,3,0,3,0,0,0,"52,90'1,90'5","",2,2,3,0,4,1,0,3,0,5,15,8,9,2,4,4,13,16,55,45,1.56,1.15,1.85,0.78,2.72,37,65,49,24,17,37,48,45,81,7.35,4.73,1.60,4.00,5.00,1.22,1.66,2.75,4.75,1.75,2.00,Estadi Municipal de Montilivi (Girona)
1709323200,Mar 01 2024 - 8:00pm,complete,N/A,Celta de Vigo,Almería,José María Sánchez Martínez,27,0.77,0.15,1.26,0.53,1,0,1,0,0,0,"73","",7,0,1,0,2,1,0,1,0,3,16,4,7,0,3,4,9,11,66,34,1.48,1.13,1.69,0.42,2.69,62,74,50,20,16,39,85,31,77,11.62,5.54,1.73,3.70,4.50,1.30,1.79,3.30,6.50,1.91,1.91,Abanca-Balaídos (Vigo)
1709384400,Mar 02 2024 - 1:00pm,complete,N/A,Sevilla FC,Real Sociedad,Mateo Busquets Ferrer,27,1.08,1.54,1.21,1.58,3,2,5,3,2,1,"11,13,66","45'5,90'2",2,5,1,0,2,0,0,1,0,2,13,14,6,5,5,5,9,15,39,61,1.74,1.21,1.41,1.36,2.43,62,74,50,19,8,38,66,43,69,11.08,6.38,2.60,2.90,2.90,1.50,2.51,5.50,11.00,2.10,1.67,Estadio Ramón Sánchez Pizjuán (Sevilla)
1709392500,Mar 02 2024 - 3:15pm,complete,N/A,Rayo Vallecano,Cádiz,Javier Alberola Rojas,27,0.75,0.38,1.05,0.47,1,1,2,0,0,0,"78","90'1",4,9,1,0,1,0,1,0,0,1,11,17,6,6,3,6,13,18,53,47,1.59,0.93,1.34,1.55,2.34,48,80,29,17,8,41,69,28,72,9.52,6.12,1.80,3.35,4.98,1.50,2.57,5.50,11.00,2.25,1.57,Estadio de Vallecas (Madrid)
1709400600,Mar 02 2024 - 5:30pm,complete,N/A,Getafe CF,UD Las Palmas,Pablo González Fuertes,27,2.00,1.08,1.53,0.84,3,3,6,4,3,1,"11,14,45","35,50,57",4,4,4,0,1,0,2,2,0,1,17,15,6,6,5,7,28,9,27,73,1.32,1.18,1.32,1.49,1.96,32,56,24,13,13,25,60,24,72,7.46,6.71,2.05,3.15,4.00,1.50,2.46,5.00,11.00,2.10,1.67,Estadio Coliseum (Getafe)
1709409600,Mar 02 2024 - 8:00pm,complete,47427,Valencia CF,Real Madrid,Jesús Gil Manzano,27,2.00,2.31,1.58,2.32,2,2,4,3,2,1,"27,30","45'5,76",2,2,2,0,3,1,1,1,0,4,13,11,6,6,4,5,19,12,29,71,1.22,1.57,1.29,1.55,2.11,44,68,40,12,0,36,60,36,72,9.44,3.98,5.50,3.80,1.62,1.30,1.95,3.40,6.50,1.95,1.80,Estadio de Mestalla (Valencia)
1709470800,Mar 03 2024 - 1:00pm,complete,15896,Villarreal,Granada CF,Juan Luis Pulido Santana,27,1.00,0.17,1.37,0.16,5,1,6,3,3,0,"7,19,32,47,66","90'1",6,4,1,0,2,0,0,1,1,1,17,10,11,4,3,4,12,12,48,52,1.48,1.01,1.94,1.15,3.20,64,80,56,37,24,40,76,52,80,9.71,5.46,1.73,4.15,4.60,1.20,1.65,2.60,4.50,1.67,2.10,Estadio de la Cerámica (Villarreal)
1709478900,Mar 03 2024 - 3:15pm,complete,N/A,Atlético Madrid,Real Betis,César Soto Grado,27,2.85,1.25,2.58,1.21,2,1,3,2,2,0,"8,44","62",4,6,1,0,2,0,1,0,0,2,18,13,13,7,4,4,9,12,43,57,1.60,1.16,2.25,1.55,2.86,64,80,55,32,20,48,76,40,79,9.25,4.57,1.57,4.30,5.75,1.24,1.70,2.90,5.50,1.80,1.95,Estádio Cívitas Metropolitano (Madrid)
1709487000,Mar 03 2024 - 5:30pm,complete,N/A,RCD Mallorca,Girona FC,Francisco José Hernández Maeso,27,1.23,2.08,1.37,1.79,1,0,1,1,1,0,"33","",8,5,5,0,0,0,1,4,0,0,17,17,3,5,7,7,19,9,41,59,1.23,1.35,1.05,1.45,2.54,62,66,47,27,20,46,70,31,62,9.92,5.85,3.20,3.30,2.30,1.40,2.05,4.00,8.00,1.91,1.91,Estadi Mallorca Son Moix (Palma de Mallorca)
1709496000,Mar 03 2024 - 8:00pm,complete,N/A,Athletic Club Bilbao,FC Barcelona,Alejandro José Hernández Hernández,27,2.46,2.17,2.21,2.05,0,0,0,0,0,0,"","",4,4,3,0,3,0,0,3,1,2,9,10,3,3,4,4,15,13,40,60,1.72,1.57,1.12,0.89,3.47,65,88,72,48,20,32,76,64,92,11.11,4.58,2.75,3.50,2.50,1.24,1.70,2.85,5.00,1.62,2.20,San Mamés Barria (Bilbao)
1709582400,Mar 04 2024 - 8:00pm,complete,N/A,CA Osasuna,Deportivo Alavés,Jorge Figueroa Vázquez,27,1.38,0.85,1.21,0.79,1,0,1,0,0,0,"76","",5,5,2,0,1,0,2,0,0,1,16,11,5,5,5,3,15,13,55,45,1.46,1.24,1.37,1.08,2.23,42,73,35,12,12,31,66,38,73,9.31,5.31,2.36,3.13,3.24,1.54,2.50,5.00,11.00,2.10,1.67,Estadio El Sadar (Pamplona (Iruñea))
1709928000,Mar 08 2024 - 8:00pm,complete,N/A,FC Barcelona,RCD Mallorca,Javier Iglesias Villanueva,28,2.21,0.62,2.42,0.74,1,0,1,0,0,0,"73","",4,1,1,0,1,0,0,1,0,1,21,10,7,4,3,5,10,13,61,39,1.96,1.16,1.55,1.18,3.09,48,67,48,41,29,30,63,55,93,10.45,5.13,1.33,5.00,9.50,1.26,1.67,3.10,6.00,1.95,1.80,Estadi Olímpic Lluís Companys (Barcelona)
1709989200,Mar 09 2024 - 1:00pm,complete,37961,Valencia CF,Getafe CF,Juan Luis Pulido Santana,28,1.92,0.71,1.58,0.74,1,0,1,1,1,0,"40","",5,5,2,0,3,0,0,2,1,2,11,16,4,6,4,6,5,13,52,48,1.22,1.27,1.24,1.56,2.64,51,74,51,29,11,41,78,37,67,7.55,5.84,1.95,3.20,4.40,1.55,2.54,5.50,11.00,2.25,1.57,Estadio de Mestalla (Valencia)
1709997300,Mar 09 2024 - 3:15pm,complete,N/A,Cádiz,Atlético Madrid,Pablo González Fuertes,28,1.00,1.15,1.26,1.42,2,0,2,1,1,0,"24,64","",3,1,4,0,5,0,1,3,1,4,9,9,4,5,2,3,23,15,41,59,1.29,1.42,1.02,1.28,2.46,39,66,42,27,12,27,66,39,73,10.00,5.69,5.00,3.70,1.73,1.38,2.15,4.00,8.00,2.00,1.75,Estadio Nuevo Mirandilla (Cádiz)
1710005400,Mar 09 2024 - 5:30pm,complete,N/A,Granada CF,Real Sociedad,Juan Martínez Munuera,28,0.92,1.43,0.95,1.58,2,3,5,3,2,1,"21,45'3","33,80,85",4,6,1,0,2,0,1,0,1,1,14,12,7,9,4,2,18,17,36,64,1.42,1.22,1.44,1.71,2.61,63,78,48,26,15,45,74,34,68,9.24,5.62,3.93,3.42,1.88,1.42,2.24,4.33,9.00,2.00,1.75,Estadio Nuevo Los Cármenes (Granada)
1710014400,Mar 09 2024 - 8:00pm,complete,N/A,Girona FC,CA Osasuna,Mateo Busquets Ferrer,28,2.46,1.15,2.47,1.16,2,0,2,1,1,0,"13,86","",5,7,3,0,3,0,1,2,1,2,12,8,7,2,2,5,11,16,60,40,1.58,1.15,1.34,0.87,3.20,54,81,58,31,23,31,62,58,96,7.85,3.31,1.61,4.15,4.60,1.22,1.66,2.80,5.00,1.75,2.00,Estadi Municipal de Montilivi (Girona)
1710075600,Mar 10 2024 - 1:00pm,complete,N/A,Deportivo Alavés,Rayo Vallecano,José Luis Munuera Montero,28,1.38,1.14,1.63,0.95,1,0,1,1,1,0,"44","",7,5,2,0,2,0,1,1,2,0,13,10,5,4,6,3,11,8,33,67,1.40,1.12,1.37,1.13,2.09,34,60,30,19,4,26,53,34,70,8.94,5.28,2.14,3.15,3.75,1.52,2.43,4.50,10.50,2.10,1.67,Estadio de Mendizorroza (Vitoria-Gasteiz)
1710083700,Mar 10 2024 - 3:15pm,complete,N/A,UD Las Palmas,Athletic Club Bilbao,Miguel Ángel Ortiz Arias,28,1.69,1.31,1.26,1.37,0,2,2,1,0,1,"","31,65",10,3,3,0,3,0,0,3,0,3,15,9,3,4,2,2,7,15,71,29,1.12,1.27,0.95,0.90,1.97,43,70,31,8,4,12,46,39,81,10.00,5.23,3.60,3.05,1.91,1.40,2.13,4.20,8.50,1.95,1.80,Estadio de Gran Canaria (Las Palmas de Gran Canaria)
1710091800,Mar 10 2024 - 5:30pm,complete,N/A,Real Madrid,Celta de Vigo,Mario Melero López,28,2.69,0.85,2.68,0.89,4,0,4,1,1,0,"21,79,88,90'4","",12,1,2,0,3,0,1,1,1,2,26,12,14,2,8,3,9,13,64,36,2.00,1.16,2.86,0.71,3.08,58,77,58,42,31,39,73,54,85,9.77,3.23,1.28,6.00,9.34,1.16,1.51,2.14,3.70,1.95,1.80,Estadio Santiago Bernabéu (Madrid)
1710100800,Mar 10 2024 - 8:00pm,complete,N/A,Real Betis,Villarreal,Alejandro José Hernández Hernández,28,1.93,1.23,1.79,1.42,2,3,5,3,2,1,"30,45'2","40,48,67",11,4,2,1,3,1,0,3,1,3,14,7,5,5,5,0,5,8,54,46,1.54,1.10,1.41,0.94,2.73,64,75,46,34,15,34,71,42,70,9.62,6.27,2.00,3.65,3.56,1.23,1.71,2.86,4.80,1.67,2.10,Estadio Benito Villamarín (Sevilla)
1710187200,Mar 11 2024 - 8:00pm,complete,N/A,Almería,Sevilla FC,Ricardo De Burgos Bengoetxea,28,0.54,0.77,0.58,0.95,2,2,4,1,1,0,"38,90'5","81,86",1,8,2,0,1,0,0,2,1,0,15,20,5,7,8,8,6,9,44,56,1.56,1.31,1.38,1.82,2.58,50,62,54,35,15,42,62,39,66,9.08,5.00,2.63,3.29,2.63,1.32,1.83,3.40,6.50,1.75,2.00,Power Horse Stadium (Almería)
1710532800,Mar 15 2024 - 8:00pm,complete,N/A,Real Sociedad,Cádiz,César Soto Grado,29,1.54,0.43,1.58,0.47,2,0,2,1,1,0,"28,68","",8,2,3,0,1,0,2,1,0,1,15,14,7,3,4,5,14,7,63,37,1.53,0.98,1.62,0.92,2.31,49,71,26,15,11,22,52,37,82,9.15,5.90,2.62,1.88,5.13,1.44,2.29,4.75,10.00,2.63,1.44,Reale Arena (Donostia-San Sebastián)
1710594000,Mar 16 2024 - 1:00pm,complete,N/A,RCD Mallorca,Granada CF,Ricardo De Burgos Bengoetxea,29,1.36,0.15,1.37,0.16,1,0,1,0,0,0,"85","",10,2,2,0,0,0,2,0,0,0,19,10,9,4,7,2,11,11,52,48,1.21,1.02,2.02,0.87,2.59,48,60,38,30,19,45,75,30,57,9.02,6.28,1.78,3.20,4.40,1.49,2.38,4.33,9.00,2.20,1.62,Estadi Mallorca Son Moix (Palma de Mallorca)
1710602100,Mar 16 2024 - 3:15pm,complete,N/A,CA Osasuna,Real Madrid,Juan Martínez Munuera,29,1.50,2.21,1.21,2.32,2,4,6,3,1,2,"7,90'1","4,18,61,64",5,7,3,0,2,0,1,2,1,1,11,19,5,11,4,5,16,9,37,63,1.46,1.57,1.25,2.17,2.43,47,79,40,18,7,40,64,40,79,10.64,5.36,5.50,4.00,1.50,1.28,1.75,3.18,5.25,1.91,1.91,Estadio El Sadar (Pamplona (Iruñea))
1710610200,Mar 16 2024 - 5:30pm,complete,N/A,Getafe CF,Girona FC,José Luis Munuera Montero,29,1.92,1.93,1.53,1.79,1,0,1,1,1,0,"34","",2,5,4,0,4,0,1,3,3,1,12,14,4,4,5,9,16,13,41,59,1.32,1.36,1.13,1.46,2.69,51,67,44,30,26,45,71,33,71,8.42,6.66,2.88,3.40,2.40,1.30,1.92,3.40,6.50,1.70,2.05,Estadio Coliseum (Getafe)
1710619200,Mar 16 2024 - 8:00pm,complete,N/A,Athletic Club Bilbao,Deportivo Alavés,Alejandro Muñíz Ruiz,29,2.36,0.79,2.21,0.79,2,0,2,2,2,0,"32,37","",5,4,2,0,3,0,0,2,0,3,17,8,5,4,6,2,7,13,60,40,1.68,1.23,1.48,0.85,2.72,43,75,54,29,14,29,64,50,83,9.71,4.28,1.55,3.90,6.50,1.40,2.15,4.33,8.50,2.20,1.62,San Mamés Barria (Bilbao)
1710680400,Mar 17 2024 - 1:00pm,complete,N/A,Sevilla FC,Celta de Vigo,Francisco José Hernández Maeso,29,1.21,0.79,1.21,0.89,1,2,3,1,1,0,"18","72,78",3,8,4,0,0,0,2,2,0,0,12,19,5,6,6,5,14,7,35,65,1.72,1.13,1.41,1.55,3.11,68,83,57,40,29,43,68,57,86,9.22,4.85,2.00,3.40,4.00,1.33,2.10,3.75,7.50,1.80,1.95,Estadio Ramón Sánchez Pizjuán (Sevilla)
1710688500,Mar 17 2024 - 3:15pm,complete,N/A,UD Las Palmas,Almería,Víctor García Verdura,29,1.57,0.14,1.26,0.53,0,1,1,1,0,1,"","14",11,3,2,0,2,0,1,1,1,1,22,4,7,3,9,0,10,17,65,35,1.11,1.08,2.01,0.62,2.64,61,79,50,15,15,29,61,47,90,9.64,5.78,1.91,3.50,4.00,1.32,1.97,3.50,6.50,1.80,1.95,Estadio de Gran Canaria (Las Palmas de Gran Canaria)
1710688500,Mar 17 2024 - 3:15pm,complete,N/A,Villarreal,Valencia CF,Jorge Figueroa Vázquez,29,1.14,0.92,1.37,1.00,1,0,1,0,0,0,"54","",5,2,5,0,1,0,3,2,1,0,15,15,8,8,5,5,12,12,53,47,1.51,1.01,1.69,1.77,3.14,70,85,63,34,22,33,67,63,86,8.90,4.74,2.00,3.50,3.60,1.33,1.88,3.60,7.00,1.80,1.95,Estadio de la Cerámica (Villarreal)
1710696600,Mar 17 2024 - 5:30pm,complete,N/A,Rayo Vallecano,Real Betis,Juan Luis Pulido Santana,29,0.77,1.15,1.05,1.21,2,0,2,1,1,0,"40,78","",4,8,4,0,4,0,2,2,2,2,9,12,5,2,1,3,22,16,38,62,1.57,1.19,0.94,0.92,2.50,62,81,38,19,12,50,73,31,66,10.92,4.84,2.20,3.25,3.25,1.40,2.15,4.20,8.50,1.95,1.80,Estadio de Vallecas (Madrid)
1710705600,Mar 17 2024 - 8:00pm,complete,N/A,Atlético Madrid,FC Barcelona,José María Sánchez Martínez,29,2.86,2.08,2.58,2.05,0,3,3,1,0,1,"","38,47,65",7,3,3,1,1,0,0,4,1,0,14,10,4,6,7,3,15,7,41,59,1.64,1.52,1.27,1.22,3.18,74,82,71,41,18,40,78,49,93,9.38,4.69,2.40,3.75,2.70,1.22,1.62,2.31,5.00,1.57,2.25,Estádio Cívitas Metropolitano (Madrid)
1711742400,Mar 29 2024 - 8:00pm,complete,N/A,Cádiz,Granada CF,Guillermo Cuadra Fernández,30,1.14,0.14,1.26,0.16,1,0,1,0,0,0,"51","",5,2,2,0,4,0,0,2,2,2,14,11,6,3,6,4,14,14,59,41,1.27,1.01,1.60,0.87,2.68,43,64,40,36,18,32,72,36,75,7.79,6.14,2.04,3.35,3.85,1.42,2.15,4.33,9.00,1.95,1.80,Estadio Nuevo Mirandilla (Cádiz)
1711803600,Mar 30 2024 - 1:00pm,complete,N/A,Getafe CF,Sevilla FC,Javier Iglesias Villanueva,30,2.00,0.79,1.53,0.95,0,1,1,1,0,1,"","5",6,3,4,0,5,0,1,3,2,3,19,11,6,4,7,5,10,15,67,33,1.30,1.35,1.70,1.04,2.39,43,57,40,25,18,43,64,21,64,8.29,6.92,2.44,3.15,3.15,1.42,2.20,4.05,7.80,1.95,1.80,Estadio Coliseum (Getafe)
1711811700,Mar 30 2024 - 3:15pm,complete,N/A,Almería,CA Osasuna,Pablo González Fuertes,30,0.57,1.07,0.58,1.16,0,3,3,2,0,2,"","2,9,61",6,1,3,0,2,0,0,3,2,0,13,8,6,5,5,3,12,14,52,48,1.55,1.13,1.41,1.10,2.75,57,79,54,40,14,25,68,57,82,8.36,3.93,3.10,3.20,2.45,1.38,2.07,3.74,7.20,1.91,1.91,Power Horse Stadium (Almería)
1711819800,Mar 30 2024 - 5:30pm,complete,N/A,Valencia CF,RCD Mallorca,Miguel Ángel Ortiz Arias,30,2.00,0.57,1.58,0.74,0,0,0,0,0,0,"","",3,3,0,0,2,0,0,0,1,1,15,12,6,4,5,3,8,11,53,47,1.22,1.16,1.47,1.08,2.15,40,54,33,22,7,33,57,29,75,6.85,4.58,1.88,3.15,3.95,1.54,2.67,5.90,15.00,2.50,1.50,Estadio de Mestalla (Valencia)
1711828800,Mar 30 2024 - 8:00pm,complete,46788,FC Barcelona,UD Las Palmas,Mateo Busquets Ferrer,30,2.27,1.07,2.42,0.84,1,0,1,0,0,0,"59","",6,1,5,0,1,1,0,5,2,0,15,9,3,0,10,5,12,11,69,31,1.93,1.20,1.46,0.46,2.84,42,62,45,31,27,21,66,52,90,10.50,4.49,1.25,5.55,8.40,1.10,1.42,2.26,3.34,1.80,1.95,Estadi Olímpic Lluís Companys (Barcelona)
1711886400,Mar 31 2024 - 12:00pm,complete,N/A,Celta de Vigo,Rayo Vallecano,Alejandro José Hernández Hernández,30,0.93,1.07,1.26,0.95,0,0,0,0,0,0,"","",3,2,3,0,3,0,0,3,2,1,15,9,2,3,8,5,12,16,60,40,1.49,1.12,1.21,1.01,1.87,32,55,31,10,0,17,60,24,69,9.57,5.70,2.05,3.40,3.60,1.40,2.12,3.92,7.50,1.95,1.80,Abanca-Balaídos (Vigo)
1711894500,Mar 31 2024 - 2:15pm,complete,N/A,Girona FC,Real Betis,Jesús Gil Manzano,30,2.50,1.07,2.47,1.21,3,2,5,2,1,1,"36,65,90'2","45'4,76",5,4,3,0,4,0,1,2,2,2,11,8,6,5,1,2,14,16,57,43,1.56,1.17,1.17,1.10,2.93,50,79,50,22,22,43,64,43,79,9.79,4.21,1.67,4.20,4.50,1.22,1.61,2.75,5.00,1.67,2.10,Estadi Municipal de Montilivi (Girona)
1711902600,Mar 31 2024 - 4:30pm,complete,N/A,Deportivo Alavés,Real Sociedad,Francisco José Hernández Maeso,30,1.50,1.53,1.63,1.58,0,1,1,0,0,0,"","59",3,8,2,0,2,0,0,2,0,2,4,13,0,4,4,6,8,18,41,59,1.40,1.25,0.48,1.33,2.34,52,62,41,24,10,38,72,35,59,11.14,4.80,3.35,2.99,2.45,1.50,2.55,4.80,9.70,2.10,1.67,Estadio de Mendizorroza (Vitoria-Gasteiz)
1711911600,Mar 31 2024 - 7:00pm,complete,N/A,Real Madrid,Athletic Club Bilbao,Javier Alberola Rojas,30,2.71,1.43,2.68,1.37,2,0,2,1,1,0,"8,73","",4,7,2,0,1,0,0,2,0,1,10,8,5,4,3,3,9,13,58,42,2.06,1.24,1.14,1.08,2.43,36,72,39,29,14,25,68,39,82,11.92,4.28,1.60,4.25,5.50,1.21,1.71,2.88,4.85,1.80,1.95,Estadio Santiago Bernabéu (Madrid)
1711998000,Apr 01 2024 - 7:00pm,complete,N/A,Villarreal,Atlético Madrid,Mario Melero López,30,1.27,1.07,1.37,1.42,1,2,3,1,0,1,"50","9,87",3,3,3,0,3,0,1,2,1,2,12,15,3,9,9,5,15,22,52,48,1.53,1.41,1.38,1.81,2.99,55,79,55,27,21,35,69,52,83,11.34,5.03,3.28,3.72,2.01,1.19,1.57,2.40,4.80,1.53,2.38,Estadio de la Cerámica (Villarreal)
1712253600,Apr 04 2024 - 6:00pm,complete,15107,Granada CF,Valencia CF,Alejandro José Hernández Hernández,26,0.86,0.86,0.95,1.00,0,1,1,0,0,0,"","77",5,4,3,0,1,0,0,3,0,1,14,8,4,3,7,4,21,14,57,43,1.42,1.07,1.38,0.83,2.89,61,82,47,33,22,36,68,47,86,6.86,4.86,3.75,3.15,2.17,1.42,2.30,4.20,8.50,1.95,1.80,Estadio Nuevo Los Cármenes (Granada)
1712948400,Apr 12 2024 - 7:00pm,complete,N/A,Real Betis,Celta de Vigo,Juan Martínez Munuera,31,1.80,0.93,1.79,0.89,2,1,3,0,0,0,"53,83","90'1",6,5,1,0,0,0,1,0,0,0,16,13,4,6,6,6,7,12,47,53,1.53,1.15,1.35,1.61,2.77,60,74,50,34,23,30,70,47,77,9.87,4.06,2.15,3.30,3.30,1.33,1.95,3.60,7.00,1.75,2.00,Estadio Benito Villamarín (Sevilla)
1713009600,Apr 13 2024 - 12:00pm,complete,N/A,Atlético Madrid,Girona FC,Ricardo De Burgos Bengoetxea,31,2.67,1.80,2.58,1.79,3,1,4,3,2,1,"34,45'6,50","4",2,0,3,0,2,0,2,1,1,1,18,13,5,6,6,7,17,14,42,58,1.62,1.36,1.42,1.59,3.13,64,77,67,37,24,47,84,44,87,8.80,4.80,1.86,3.80,3.75,1.22,1.62,2.70,5.00,1.57,2.25,Estádio Cívitas Metropolitano (Madrid)
1713017700,Apr 13 2024 - 2:15pm,complete,N/A,Rayo Vallecano,Getafe CF,Jorge Figueroa Vázquez,31,0.93,0.67,1.05,0.74,0,0,0,0,0,0,"","",3,0,4,0,6,0,2,2,2,4,13,8,3,0,7,6,17,20,64,36,1.52,1.29,1.32,0.56,2.89,59,87,48,31,14,45,86,38,69,9.57,6.57,2.04,3.15,3.90,1.53,2.45,5.00,11.00,2.10,1.67,Estadio de Vallecas (Madrid)
1713025800,Apr 13 2024 - 4:30pm,complete,23244,RCD Mallorca,Real Madrid,José María Sánchez Martínez,31,1.47,2.27,1.37,2.32,0,1,1,0,0,0,"","48",4,2,2,0,1,0,1,1,0,1,7,17,3,10,3,3,18,7,43,57,1.27,1.61,0.86,1.85,2.27,54,67,40,20,7,44,64,30,64,11.46,5.67,5.00,3.60,1.78,1.36,2.05,3.75,7.50,1.95,1.80,Estadi Mallorca Son Moix (Palma de Mallorca)
1713034800,Apr 13 2024 - 7:00pm,complete,19607,Cádiz,FC Barcelona,Juan Luis Pulido Santana,31,1.27,2.14,1.26,2.05,0,1,1,1,0,1,"","37",8,4,3,0,3,0,1,2,2,1,15,13,4,3,5,8,18,15,38,62,1.29,1.50,1.22,1.18,2.54,56,70,49,32,11,21,66,42,80,9.67,5.83,5.20,3.90,1.58,1.33,1.95,3.60,7.00,1.80,1.95,Estadio Nuevo Mirandilla (Cádiz)
1713096000,Apr 14 2024 - 12:00pm,complete,N/A,UD Las Palmas,Sevilla FC,Alejandro Muñíz Ruiz,31,1.47,0.93,1.26,0.95,0,2,2,1,0,1,"","43,90'3",6,2,3,1,3,0,4,0,0,3,6,11,3,4,1,7,8,13,62,38,1.17,1.32,0.76,1.21,2.24,47,63,40,14,7,20,57,34,77,9.80,5.54,2.70,3.25,2.70,1.40,2.10,4.00,8.00,1.91,1.91,Estadio de Gran Canaria (Las Palmas de Gran Canaria)
1713104100,Apr 14 2024 - 2:15pm,complete,N/A,Granada CF,Deportivo Alavés,Víctor García Verdura,31,0.80,0.73,0.95,0.79,2,0,2,2,2,0,"9,38","",1,5,3,0,2,0,2,1,2,0,10,10,4,4,3,3,16,11,38,62,1.42,1.20,1.04,1.12,2.47,54,77,37,20,17,37,67,33,80,8.53,4.87,3.40,3.20,2.25,1.42,2.25,4.33,8.50,1.95,1.80,Estadio Nuevo Los Cármenes (Granada)
1713112200,Apr 14 2024 - 4:30pm,complete,N/A,Athletic Club Bilbao,Villarreal,Guillermo Cuadra Fernández,31,2.40,1.36,2.21,1.42,1,1,2,0,0,0,"66","90'5",3,1,3,0,2,1,2,1,2,1,14,12,7,3,5,4,13,13,52,48,1.66,1.09,1.79,0.96,3.42,60,87,66,52,25,49,76,59,76,9.24,5.86,1.54,4.38,5.27,1.18,1.64,2.60,4.90,1.70,2.05,San Mamés Barria (Bilbao)
1713121200,Apr 14 2024 - 7:00pm,complete,N/A,Real Sociedad,Almería,Isidro Díaz de Mera Escuderos,31,1.64,0.33,1.58,0.53,2,2,4,2,1,1,"32,59","30,88",5,1,2,1,2,0,0,3,1,1,18,8,5,4,11,2,14,8,50,50,1.54,1.05,1.79,0.80,2.82,59,69,48,24,21,37,69,38,83,9.82,5.57,1.37,4.67,7.44,1.21,1.74,2.85,5.50,2.05,1.70,Reale Arena (Donostia-San Sebastián)
1713207600,Apr 15 2024 - 7:00pm,complete,N/A,CA Osasuna,Valencia CF,José Luis Munuera Montero,31,1.40,1.00,1.21,1.00,0,1,1,1,0,1,"","18",4,1,0,0,2,0,0,0,0,2,15,5,3,4,9,1,10,10,65,35,1.44,1.05,1.61,0.78,2.57,44,70,40,24,17,30,60,47,80,7.80,5.13,2.20,3.10,3.60,1.53,2.57,5.50,11.00,2.20,1.62,Estadio El Sadar (Pamplona (Iruñea))
1713553200,Apr 19 2024 - 7:00pm,complete,N/A,Athletic Club Bilbao,Granada CF,Javier Iglesias Villanueva,32,2.31,0.13,2.21,0.16,1,1,2,2,1,1,"24","6",11,4,4,0,2,0,3,1,0,2,18,6,7,0,5,4,10,11,67,33,1.67,1.00,1.88,0.46,3.16,42,74,52,42,23,39,71,52,81,8.58,4.93,1.28,5.25,12.00,1.20,1.61,2.70,4.75,2.20,1.62,San Mamés Barria (Bilbao)
1713614400,Apr 20 2024 - 12:00pm,complete,21256,Celta de Vigo,UD Las Palmas,Francisco José Hernández Maeso,32,0.93,1.00,1.26,0.84,4,1,5,3,2,1,"37,39,71,76","11",8,4,1,0,0,0,0,1,0,0,22,10,14,5,5,2,7,7,32,68,1.48,1.15,2.43,1.15,1.97,37,53,27,10,7,13,67,23,77,9.80,4.87,1.94,3.50,4.00,1.35,2.01,3.75,7.50,1.95,1.80,Abanca-Balaídos (Vigo)
1713622500,Apr 20 2024 - 2:15pm,complete,N/A,Rayo Vallecano,CA Osasuna,Mario Melero López,32,0.93,1.20,1.05,1.16,2,1,3,1,0,1,"80,84","29",5,1,4,0,1,0,1,3,0,1,18,7,7,3,5,4,8,14,64,36,1.51,1.13,1.70,0.84,2.57,53,84,40,24,10,34,73,37,84,9.00,4.47,2.20,3.20,3.55,1.53,2.45,4.85,9.50,2.05,1.70,Estadio de Vallecas (Madrid)
1713630600,Apr 20 2024 - 4:30pm,complete,N/A,Valencia CF,Real Betis,Mateo Busquets Ferrer,32,1.93,1.00,1.58,1.21,1,2,3,1,0,1,"66","19,77",7,6,2,0,3,0,1,1,1,2,11,13,6,7,3,3,19,9,54,46,1.24,1.17,1.46,1.32,2.13,47,64,37,17,10,40,67,27,60,9.00,4.27,2.59,3.18,2.93,1.44,2.20,4.50,9.50,1.95,1.80,Estadio de Mestalla (Valencia)
1713639600,Apr 20 2024 - 7:00pm,complete,N/A,Girona FC,Cádiz,Javier Alberola Rojas,32,2.53,0.40,2.47,0.47,4,1,5,2,2,0,"9,22,71,82","81",2,4,1,0,2,0,1,0,1,1,12,13,6,6,5,4,11,14,57,43,1.54,0.97,1.58,1.32,2.80,44,80,40,20,20,34,57,47,87,8.33,5.00,1.43,4.80,7.40,1.22,1.65,2.80,5.00,1.95,1.80,Estadi Municipal de Montilivi (Girona)
1713700800,Apr 21 2024 - 12:00pm,complete,12228,Getafe CF,Real Sociedad,Víctor García Verdura,32,1.87,1.63,1.53,1.58,1,1,2,2,1,1,"29","13",0,4,0,0,2,0,0,0,1,1,8,8,5,4,2,3,12,20,40,60,1.33,1.26,1.05,0.92,2.26,45,58,42,23,17,42,68,29,55,9.06,7.01,3.50,3.20,2.20,1.53,2.56,4.90,9.80,2.20,1.62,Estadio Coliseum (Getafe)
1713708900,Apr 21 2024 - 2:15pm,complete,N/A,Almería,Villarreal,Miguel Ángel Ortiz Arias,32,0.53,1.33,0.58,1.42,1,2,3,2,1,1,"30","25,90'2",5,2,2,1,4,0,0,3,0,4,25,12,6,4,13,7,10,15,57,43,1.54,1.08,1.96,1.21,3.10,67,80,64,50,20,47,70,60,70,8.20,5.93,2.80,3.60,2.35,1.20,1.60,2.30,4.50,1.57,2.25,Power Horse Stadium (Almería)
1713717000,Apr 21 2024 - 4:30pm,complete,N/A,Deportivo Alavés,Atlético Madrid,Jesús Gil Manzano,32,1.40,1.20,1.63,1.42,2,0,2,1,1,0,"15,90'2","",1,11,5,0,3,0,3,2,1,2,9,16,4,5,3,5,19,13,31,69,1.34,1.44,1.00,1.40,2.43,37,63,34,20,10,27,70,37,74,10.93,4.46,3.95,3.45,1.97,1.39,2.07,4.00,8.05,1.95,1.80,Estadio de Mendizorroza (Vitoria-Gasteiz)
1713726000,Apr 21 2024 - 7:00pm,complete,N/A,Real Madrid,FC Barcelona,César Soto Grado,32,2.73,2.20,2.68,2.05,3,2,5,2,1,1,"18,73,90'1","6,69",2,8,3,0,2,0,1,2,0,2,16,16,9,7,4,7,12,10,47,53,2.00,1.48,1.77,1.77,2.90,54,77,57,37,17,24,77,53,87,11.60,4.26,1.70,4.10,4.50,1.17,1.49,2.33,4.12,1.53,2.38,Estadio Santiago Bernabéu (Madrid)
1713812400,Apr 22 2024 - 7:00pm,complete,35203,Sevilla FC,RCD Mallorca,Alejandro José Hernández Hernández,32,1.13,0.60,1.21,0.74,2,1,3,0,0,0,"61,75","90'5",4,4,0,0,2,0,0,0,1,1,12,10,5,7,6,1,10,8,54,46,1.70,1.16,1.24,1.27,2.60,57,70,40,27,17,34,57,47,90,8.86,6.00,1.94,3.20,4.46,1.55,2.47,5.00,10.50,2.20,1.62,Estadio Ramón Sánchez Pizjuán (Sevilla)
1714158000,Apr 26 2024 - 7:00pm,complete,N/A,Real Sociedad,Real Madrid,José Luis Munuera Montero,33,1.60,2.31,1.58,2.32,0,1,1,1,0,1,"","29",11,3,3,0,4,0,1,2,1,3,11,6,4,4,4,0,12,11,56,44,1.55,1.62,1.35,0.69,2.68,55,74,45,26,10,36,62,42,88,10.58,4.98,2.63,3.20,2.70,1.38,2.05,4.00,8.00,1.80,1.95,Reale Arena (Donostia-San Sebastián)
1714219200,Apr 27 2024 - 12:00pm,complete,N/A,UD Las Palmas,Girona FC,Jorge Figueroa Vázquez,33,1.38,1.69,1.26,1.79,0,2,2,1,0,1,"","26,57",4,2,1,0,3,0,1,0,2,1,11,8,6,4,3,3,7,8,61,39,1.14,1.38,1.35,0.92,2.50,54,72,44,19,13,22,66,41,82,9.69,5.31,3.20,3.30,2.20,1.22,1.73,2.70,4.75,1.62,2.20,Estadio de Gran Canaria (Las Palmas de Gran Canaria)
1714227300,Apr 27 2024 - 2:15pm,complete,N/A,Almería,Getafe CF,Guillermo Cuadra Fernández,33,0.50,0.69,0.58,0.74,1,3,4,2,1,1,"41","27,48,61",9,2,4,1,4,0,1,4,1,3,22,9,12,6,7,2,16,25,55,45,1.57,1.24,2.33,1.10,2.91,56,78,63,41,16,41,79,50,66,8.44,6.38,2.63,3.40,2.50,1.33,2.12,3.48,6.65,1.80,1.95,Power Horse Stadium (Almería)
1714235400,Apr 27 2024 - 4:30pm,complete,N/A,Deportivo Alavés,Celta de Vigo,Juan Luis Pulido Santana,33,1.50,0.88,1.63,0.89,3,0,3,0,0,0,"48,54,86","",8,3,3,0,3,0,2,1,1,2,17,5,9,0,6,4,11,5,36,64,1.31,1.18,2.03,0.61,2.69,54,69,44,32,19,32,69,44,75,9.38,3.57,1.69,3.25,4.77,1.53,2.30,4.75,10.00,2.00,1.75,Estadio de Mendizorroza (Vitoria-Gasteiz)
1714244400,Apr 27 2024 - 7:00pm,complete,64612,Atlético Madrid,Athletic Club Bilbao,Juan Martínez Munuera,33,2.69,1.33,2.58,1.37,3,1,4,2,1,1,"15,52,80","45",3,5,3,0,2,0,1,2,0,2,9,8,4,2,3,5,11,13,42,58,1.61,1.23,1.02,1.02,2.63,48,78,51,29,13,38,74,32,87,9.46,4.78,1.22,6.56,7.17,1.32,1.85,3.50,6.50,1.80,1.95,Estádio Cívitas Metropolitano (Madrid)
1714305600,Apr 28 2024 - 12:00pm,complete,N/A,Cádiz,RCD Mallorca,Isidro Díaz de Mera Escuderos,33,1.19,0.56,1.26,0.74,1,1,2,1,0,1,"59","12",3,1,3,0,2,0,2,1,1,1,12,11,4,3,5,4,15,18,58,42,1.29,1.16,1.24,0.88,2.16,41,56,31,25,10,22,54,32,79,7.94,6.00,2.61,2.87,3.21,1.60,2.66,5.80,15.00,2.38,1.53,Estadio Nuevo Mirandilla (Cádiz)
1714313700,Apr 28 2024 - 2:15pm,complete,N/A,Granada CF,CA Osasuna,Alejandro Muñíz Ruiz,33,0.94,1.13,0.95,1.16,3,0,3,1,1,0,"29,48,90'4","",0,6,4,0,0,0,4,0,0,0,13,12,5,3,5,6,15,2,37,63,1.40,1.11,1.23,1.23,2.82,60,88,44,28,19,35,75,41,91,7.63,4.38,2.62,3.10,2.95,1.42,2.15,4.33,8.50,1.95,1.80,Estadio Nuevo Los Cármenes (Granada)
1714321800,Apr 28 2024 - 4:30pm,complete,N/A,Villarreal,Rayo Vallecano,Pablo González Fuertes,33,1.19,1.06,1.37,0.95,3,0,3,1,1,0,"18,69,74","",3,6,2,0,1,0,0,2,0,1,16,21,8,5,3,10,15,10,45,55,1.52,1.12,1.53,1.65,2.47,50,69,50,22,13,29,54,47,76,8.94,5.81,1.70,3.40,4.00,1.26,1.83,3.10,5.50,1.75,2.00,Estadio de la Cerámica (Villarreal)
1714330800,Apr 28 2024 - 7:00pm,complete,N/A,Real Betis,Sevilla FC,José María Sánchez Martínez,33,1.88,1.06,1.79,0.95,1,1,2,1,1,0,"38","56",4,6,3,0,5,0,2,1,1,4,16,11,6,2,7,7,9,19,51,49,1.52,1.32,1.54,0.96,2.38,50,63,41,22,13,29,66,29,72,10.50,5.32,1.89,3.15,3.50,1.33,2.01,3.50,7.00,1.91,1.91,Estadio Benito Villamarín (Sevilla)
1714417200,Apr 29 2024 - 7:00pm,complete,30167,FC Barcelona,Valencia CF,Ricardo De Burgos Bengoetxea,33,2.31,1.13,2.42,1.00,4,2,6,3,1,2,"22,49,82,90'3","27,38",15,1,1,0,0,1,1,0,1,0,28,6,14,4,4,1,12,5,70,30,1.90,1.03,2.67,0.69,2.91,44,63,50,35,26,22,60,57,88,9.38,4.50,1.16,6.25,11.54,1.20,1.61,2.56,4.55,1.95,1.80,Estadi Olímpic Lluís Companys (Barcelona)
1714762800,May 03 2024 - 7:00pm,complete,12149,Getafe CF,Athletic Club Bilbao,Jesús Gil Manzano,34,1.81,1.25,1.53,1.37,0,2,2,1,0,1,"","27,51",10,6,0,0,1,2,0,0,0,3,35,8,10,3,13,3,6,8,64,36,1.31,1.22,2.64,0.76,2.07,35,63,25,19,13,35,66,22,63,9.00,6.38,3.50,3.40,2.18,1.45,2.35,4.75,10.00,2.00,1.75,Estadio Coliseum (Getafe)
1714824000,May 04 2024 - 12:00pm,complete,29330,Real Sociedad,UD Las Palmas,Miguel Ángel Ortiz Arias,34,1.50,0.94,1.58,0.84,2,0,2,2,2,0,"33,45'1","",7,2,2,0,1,0,2,0,0,1,10,8,5,2,3,3,14,11,52,48,1.54,1.15,1.13,0.66,2.44,44,60,35,22,16,22,63,38,85,9.07,4.94,1.40,4.40,9.00,1.30,1.87,3.30,6.30,2.20,1.62,Reale Arena (Donostia-San Sebastián)
1714832100,May 04 2024 - 2:15pm,complete,N/A,Real Madrid,Cádiz,Javier Iglesias Villanueva,34,2.75,0.38,2.68,0.47,3,0,3,0,0,0,"51,68,90'3","",7,4,0,0,1,0,0,0,1,0,21,8,11,3,5,4,6,13,71,29,1.99,0.99,2.46,0.84,2.63,44,81,38,29,19,28,69,47,88,10.19,4.94,1.30,5.20,11.00,1.21,1.60,2.38,4.75,2.05,1.70,Estadio Santiago Bernabéu (Madrid)
1714840200,May 04 2024 - 4:30pm,complete,N/A,Girona FC,FC Barcelona,Alejandro José Hernández Hernández,34,2.56,2.06,2.47,2.05,4,2,6,3,1,2,"4,65,67,75","3,45'1",5,4,0,0,3,0,0,0,3,0,11,17,8,8,1,5,10,8,40,60,1.54,1.49,1.39,1.78,3.35,60,78,66,38,29,38,69,60,88,9.50,4.25,2.85,3.75,2.23,1.13,1.39,2.12,3.40,1.40,2.75,Estadi Municipal de Montilivi (Girona)
1714849200,May 04 2024 - 7:00pm,complete,20518,RCD Mallorca,Atlético Madrid,Javier Alberola Rojas,34,1.38,1.13,1.37,1.42,0,1,1,1,0,1,"","5",6,2,2,0,0,0,0,2,0,0,8,10,5,5,3,4,12,7,59,41,1.24,1.44,1.21,1.09,2.19,38,60,35,16,10,32,66,29,63,11.12,5.75,3.55,3.30,2.10,1.44,2.23,4.33,8.50,2.00,1.75,Estadi Mallorca Son Moix (Palma de Mallorca)
1714910400,May 05 2024 - 12:00pm,complete,N/A,CA Osasuna,Real Betis,Víctor García Verdura,34,1.31,1.13,1.21,1.21,0,2,2,2,0,2,"","41,45'3",8,5,2,1,2,0,3,0,1,1,13,11,3,5,7,4,13,14,41,59,1.45,1.18,1.22,1.25,2.50,51,75,38,19,19,41,72,38,69,10.51,5.38,3.06,3.30,2.35,1.38,2.11,3.80,7.50,1.91,1.91,Estadio El Sadar (Pamplona (Iruñea))
1714918500,May 05 2024 - 2:15pm,complete,N/A,Celta de Vigo,Villarreal,César Soto Grado,34,1.06,1.44,1.26,1.42,3,2,5,3,2,1,"22,39,82","12,65",2,1,4,0,0,1,2,2,1,0,24,12,8,4,12,4,10,4,54,46,1.53,1.09,2.23,1.03,2.69,63,72,47,32,16,38,75,38,72,9.94,6.13,2.30,3.60,2.92,1.22,1.63,2.70,5.00,1.53,2.38,Abanca-Balaídos (Vigo)
1714926600,May 05 2024 - 4:30pm,complete,N/A,Valencia CF,Deportivo Alavés,Mario Melero López,34,1.81,0.69,1.58,0.79,0,1,1,0,0,0,"","68",5,7,1,0,3,0,0,1,2,1,14,15,2,5,7,4,9,17,57,43,1.25,1.20,1.16,1.24,1.91,38,60,35,10,3,31,63,28,63,8.07,3.94,2.06,3.00,3.85,1.53,2.65,5.50,11.00,2.20,1.62,Estadio de Mestalla (Valencia)
1714935600,May 05 2024 - 7:00pm,complete,N/A,Rayo Vallecano,Almería,Francisco José Hernández Maeso,34,1.06,0.38,1.05,0.53,0,1,1,1,0,1,"","30",9,2,3,0,2,0,1,2,0,2,28,8,11,3,12,4,17,12,68,32,1.52,1.03,2.94,0.79,2.79,63,78,51,25,16,50,78,38,75,9.69,5.69,1.58,3.90,5.20,1.28,1.88,3.10,6.00,1.91,1.91,Estadio de Vallecas (Madrid)
1714935600,May 05 2024 - 7:00pm,complete,32858,Sevilla FC,Granada CF,Mateo Busquets Ferrer,34,1.25,0.19,1.21,0.16,3,0,3,1,1,0,"11,51,80","",5,4,2,0,2,0,0,2,1,1,12,9,6,4,4,3,15,14,60,40,1.67,0.97,1.39,0.99,2.97,60,76,47,32,22,41,69,51,85,8.88,5.81,1.52,4.10,5.60,1.29,1.75,3.18,6.05,1.91,1.91,Estadio Ramón Sánchez Pizjuán (Sevilla)
1715367600,May 10 2024 - 7:00pm,complete,17906,Deportivo Alavés,Girona FC,José Luis Munuera Montero,35,1.59,1.76,1.63,1.79,2,2,4,3,1,2,"12,90'9","4,44",5,3,3,0,2,0,0,3,0,2,15,16,9,6,6,5,12,6,35,65,1.36,1.35,2.03,1.54,2.56,47,65,39,27,15,33,74,32,74,9.94,4.71,3.30,3.50,2.10,1.28,1.88,3.20,6.00,1.70,2.05,Estadio de Mendizorroza (Vitoria-Gasteiz)
1715428800,May 11 2024 - 12:00pm,complete,N/A,RCD Mallorca,UD Las Palmas,Juan Martínez Munuera,35,1.29,0.88,1.37,0.84,1,0,1,1,1,0,"29","",2,2,6,0,2,0,2,4,0,2,8,8,3,2,2,5,17,10,44,56,1.24,1.12,0.78,0.88,1.97,38,50,27,15,12,30,62,24,62,9.17,5.30,1.62,3.60,6.50,1.50,2.63,4.90,10.00,2.38,1.53,Estadi Mallorca Son Moix (Palma de Mallorca)
1715436900,May 11 2024 - 2:15pm,complete,N/A,Villarreal,Sevilla FC,Isidro Díaz de Mera Escuderos,35,1.29,1.06,1.37,0.95,3,2,5,3,1,2,"30,84,90'7","26,44",10,1,3,0,5,0,0,3,1,4,26,9,8,5,11,2,12,14,59,41,1.52,1.30,2.38,1.02,2.83,62,74,56,27,18,35,71,42,80,10.23,5.53,1.87,3.90,3.90,1.19,1.57,2.50,4.50,1.53,2.38,Estadio de la Cerámica (Villarreal)
1715445000,May 11 2024 - 4:30pm,complete,N/A,Granada CF,Real Madrid,Pablo González Fuertes,35,1.06,2.35,0.95,2.32,0,4,4,2,0,2,"","38,45'2,49,58",8,5,2,0,0,0,2,0,0,0,13,14,2,8,5,1,10,11,42,58,1.39,1.57,1.01,1.46,2.74,56,82,44,27,15,44,71,38,82,9.12,5.12,5.85,4.60,1.41,1.20,1.50,2.31,4.75,1.75,2.00,Estadio Nuevo Los Cármenes (Granada)
1715454000,May 11 2024 - 7:00pm,complete,N/A,Athletic Club Bilbao,CA Osasuna,José María Sánchez Martínez,35,2.24,1.06,2.21,1.16,2,2,4,1,0,1,"58,90'6","40,47",8,6,2,0,4,0,2,0,1,3,16,14,7,4,3,5,9,13,67,33,1.68,1.12,1.78,1.10,2.97,50,88,56,33,15,30,74,56,88,9.30,3.89,1.33,4.45,8.00,1.30,1.87,3.25,6.25,2.05,1.70,San Mamés Barria (Bilbao)
1715515200,May 12 2024 - 12:00pm,complete,N/A,Cádiz,Getafe CF,Ricardo De Burgos Bengoetxea,35,1.18,0.82,1.26,0.74,1,0,1,1,1,0,"35","",6,2,5,0,2,0,1,4,1,1,14,11,7,5,6,5,21,13,45,55,1.29,1.23,1.70,1.24,2.53,50,71,44,33,12,30,77,36,68,8.30,7.41,1.95,3.25,4.00,1.50,2.45,5.00,11.00,2.10,1.67,Estadio Nuevo Mirandilla (Cádiz)
1715523300,May 12 2024 - 2:15pm,complete,N/A,Atlético Madrid,Celta de Vigo,Jorge Figueroa Vázquez,35,2.71,0.82,2.58,0.89,1,0,1,0,0,0,"84","",4,7,1,0,1,0,0,1,1,0,22,7,9,3,6,3,8,8,56,44,1.57,1.15,1.99,0.97,3.33,68,85,77,44,24,47,77,56,91,7.71,3.88,1.40,5.00,7.00,1.18,1.55,2.50,4.33,1.80,1.95,Estádio Cívitas Metropolitano (Madrid)
1715531400,May 12 2024 - 4:30pm,complete,N/A,Valencia CF,Rayo Vallecano,Juan Luis Pulido Santana,35,1.71,1.00,1.58,0.95,0,0,0,0,0,0,"","",6,3,1,0,2,0,0,1,1,1,14,14,6,3,3,7,10,16,50,50,1.25,1.15,1.35,1.19,1.76,27,50,35,12,0,24,50,30,62,7.00,4.77,2.04,3.19,4.00,1.50,2.45,5.00,10.00,2.05,1.70,Estadio de Mestalla (Valencia)
1715540400,May 12 2024 - 7:00pm,complete,N/A,Real Betis,Almería,Alejandro Muñíz Ruiz,35,1.82,0.53,1.79,0.53,3,2,5,3,2,1,"8,28,64","45'1,66",3,5,0,0,2,0,0,0,1,1,15,15,8,8,2,6,9,10,47,53,1.52,1.02,1.55,1.72,2.65,62,71,47,24,18,36,74,38,76,10.30,5.35,1.45,4.80,6.45,1.12,1.50,2.38,3.60,1.80,1.95,Estadio Benito Villamarín (Sevilla)
1715626800,May 13 2024 - 7:00pm,complete,N/A,FC Barcelona,Real Sociedad,Guillermo Cuadra Fernández,35,2.35,1.59,2.42,1.58,2,0,2,1,1,0,"40,90'3","",6,2,2,0,3,0,0,2,0,3,16,12,6,4,5,5,11,11,57,43,1.95,1.24,1.37,1.03,2.91,53,65,56,36,27,38,68,50,74,12.41,5.00,1.77,3.40,4.10,1.27,1.98,3.15,5.80,1.80,1.95,Estadi Olímpic Lluís Companys (Barcelona)
1715707800,May 14 2024 - 5:30pm,complete,N/A,CA Osasuna,RCD Mallorca,Francisco José Hernández Maeso,36,1.24,0.59,1.21,0.74,1,1,2,1,1,0,"14","65",2,4,0,0,1,0,0,0,1,0,11,11,5,5,5,4,12,11,52,48,1.44,1.15,1.35,1.22,2.35,41,65,29,21,15,33,59,35,77,8.35,5.47,2.48,2.65,2.84,1.57,2.80,6.00,13.00,2.20,1.62,Estadio El Sadar (Pamplona (Iruñea))
1715715000,May 14 2024 - 7:30pm,complete,N/A,Real Madrid,Deportivo Alavés,Mateo Busquets Ferrer,36,2.76,0.82,2.68,0.79,5,0,5,3,3,0,"10,27,45'1,70,81","",4,1,1,0,1,0,0,1,0,1,23,19,12,11,5,5,6,12,72,28,2.01,1.20,2.43,2.04,2.50,38,74,44,24,15,29,68,44,83,10.64,4.00,1.14,5.80,12.00,1.20,1.53,2.15,4.75,2.00,1.75,Estadio Santiago Bernabéu (Madrid)
1715716800,May 14 2024 - 8:00pm,complete,11440,Girona FC,Villarreal,José María Sánchez Martínez,36,2.59,1.35,2.47,1.42,0,1,1,0,0,0,"","59",5,1,1,0,4,1,1,0,2,3,23,12,6,4,15,5,3,14,66,34,1.53,1.09,2.40,1.05,3.65,68,85,68,47,35,56,71,62,85,7.58,5.30,1.63,4.00,3.70,1.10,1.35,1.93,3.00,1.40,2.75,Estadi Municipal de Montilivi (Girona)
1715794200,May 15 2024 - 5:30pm,complete,N/A,Sevilla FC,Cádiz,Miguel Ángel Ortiz Arias,36,1.35,0.35,1.21,0.47,0,1,1,0,0,0,"","90'6",1,9,6,0,2,0,0,6,0,2,15,20,4,8,8,8,13,11,56,44,1.65,0.99,1.41,1.93,2.59,56,85,42,18,15,30,59,53,88,9.53,6.00,1.86,3.40,4.05,1.36,2.05,3.78,7.50,1.95,1.80,Estadio Ramón Sánchez Pizjuán (Sevilla)
1715794200,May 15 2024 - 5:30pm,complete,N/A,Rayo Vallecano,Granada CF,Isidro Díaz de Mera Escuderos,36,1.00,0.18,1.05,0.16,2,1,3,1,1,0,"23,80","89",6,6,4,1,3,0,2,3,1,2,19,11,10,2,5,4,13,17,31,69,1.61,0.97,1.94,0.88,2.68,47,71,38,27,15,41,76,35,71,8.88,5.47,1.72,3.65,4.50,1.39,2.10,4.02,8.05,2.05,1.70,Estadio de Vallecas (Madrid)
1715803200,May 15 2024 - 8:00pm,complete,N/A,Celta de Vigo,Athletic Club Bilbao,Víctor García Verdura,36,1.18,1.35,1.26,1.37,2,1,3,1,0,1,"68,71","23",2,3,2,0,0,0,0,2,0,0,11,8,5,3,3,3,15,15,53,47,1.58,1.19,1.28,0.84,2.09,38,65,30,18,9,24,71,24,74,11.59,5.00,3.10,3.35,2.12,1.33,2.01,3.60,7.00,1.75,2.00,Abanca-Balaídos (Vigo)
1715803200,May 15 2024 - 8:00pm,complete,N/A,Getafe CF,Atlético Madrid,Mario Melero López,36,1.71,1.24,1.53,1.42,0,3,3,2,0,2,"","27,42,51",6,3,4,0,3,0,1,3,1,2,9,8,4,4,2,2,14,8,45,55,1.39,1.42,1.02,0.89,2.36,32,65,33,18,15,33,74,30,65,9.18,6.12,3.80,3.35,1.92,1.36,2.05,3.75,7.45,1.95,1.80,Estadio Coliseum (Getafe)
1715880600,May 16 2024 - 5:30pm,complete,N/A,UD Las Palmas,Real Betis,Javier Iglesias Villanueva,36,1.29,1.24,1.26,1.21,2,2,4,2,1,1,"27,64","21,49",4,8,2,0,1,0,1,1,1,0,17,7,10,5,4,0,11,13,57,43,1.16,1.18,1.93,0.89,2.27,50,79,35,9,9,24,65,38,77,10.70,5.30,4.00,3.50,1.91,1.32,1.95,3.50,6.50,1.80,1.95,Estadio de Gran Canaria (Las Palmas de Gran Canaria)
1715887800,May 16 2024 - 7:30pm,complete,N/A,Almería,FC Barcelona,Javier Alberola Rojas,36,0.47,1.94,0.58,2.05,0,2,2,1,0,1,"","14,67",4,7,0,0,1,0,0,0,0,1,13,17,4,8,7,7,9,10,35,65,1.61,1.51,1.12,1.92,3.03,65,76,68,44,18,38,74,59,77,10.12,4.94,5.50,4.80,1.50,1.11,1.36,1.85,3.10,1.53,2.38,Power Horse Stadium (Almería)
1715889600,May 16 2024 - 8:00pm,complete,25067,Real Sociedad,Valencia CF,César Soto Grado,36,1.59,1.06,1.58,1.00,1,0,1,1,1,0,"3","",3,3,0,0,2,0,0,0,1,1,11,8,6,4,4,3,11,14,59,41,1.52,1.01,1.48,1.14,2.62,47,65,41,27,15,27,62,44,79,8.12,4.83,1.60,3.70,6.00,1.40,2.15,4.33,8.50,2.20,1.62,Reale Arena (Donostia-San Sebastián)
1716058800,May 18 2024 - 7:00pm,complete,18709,Deportivo Alavés,Getafe CF,Jorge Figueroa Vázquez,37,1.56,0.78,1.63,0.74,1,0,1,1,1,0,"12","",2,1,5,0,6,1,2,3,3,4,12,14,3,5,7,6,15,29,48,52,1.39,1.23,1.16,1.24,2.61,48,70,42,31,12,34,78,36,67,9.34,6.22,2.22,3.00,3.75,1.50,2.52,4.75,11.00,2.20,1.67,Estadio de Mendizorroza (Vitoria-Gasteiz)
1716138000,May 19 2024 - 5:00pm,complete,44717,Athletic Club Bilbao,Sevilla FC,Juan Luis Pulido Santana,37,2.17,1.00,2.21,0.95,2,0,2,2,2,0,"17,19","",8,3,1,0,1,0,1,0,1,0,20,10,7,5,9,5,13,4,53,47,1.69,1.28,1.96,1.25,2.89,50,75,53,36,17,39,72,42,75,10.00,5.33,1.67,3.90,4.80,1.28,1.75,3.13,5.95,1.80,2.00,San Mamés Barria (Bilbao)
1716138000,May 19 2024 - 5:00pm,complete,58401,Atlético Madrid,CA Osasuna,Pablo González Fuertes,37,2.72,1.06,2.58,1.16,1,4,5,1,0,1,"55","26,52,64,88",7,5,2,0,2,0,1,1,0,2,18,20,4,7,12,9,11,9,57,43,1.59,1.12,1.68,1.77,3.06,62,86,67,36,14,37,81,50,100,7.78,4.06,1.29,6.00,9.00,1.24,1.67,2.84,5.20,2.00,1.78,Estádio Cívitas Metropolitano (Madrid)
1716138000,May 19 2024 - 5:00pm,complete,N/A,FC Barcelona,Rayo Vallecano,Jesús Gil Manzano,37,2.39,1.00,2.42,0.95,3,0,3,1,1,0,"3,72,75","",7,5,4,0,2,0,3,1,1,1,19,21,7,5,8,12,10,9,72,28,1.92,1.15,1.80,1.60,2.53,31,59,45,28,20,23,53,47,78,10.34,5.28,1.25,6.00,10.00,1.17,1.47,2.25,3.90,1.89,1.95,Estadi Olímpic Lluís Companys (Barcelona)
1716138000,May 19 2024 - 5:00pm,complete,N/A,Real Betis,Real Sociedad,Juan Martínez Munuera,37,1.89,1.50,1.79,1.58,0,2,2,2,0,2,"","5,42",6,2,3,0,4,0,0,3,0,4,26,8,11,4,9,3,15,18,68,32,1.52,1.23,2.47,0.89,2.39,59,70,45,22,14,33,70,36,67,10.83,5.11,2.60,3.10,2.80,1.42,2.31,4.00,8.00,1.91,1.85,Estadio Benito Villamarín (Sevilla)
1716138000,May 19 2024 - 5:00pm,complete,N/A,Cádiz,UD Las Palmas,César Soto Grado,37,1.28,0.83,1.26,0.84,0,0,0,0,0,0,"","",5,3,3,1,1,0,1,3,0,1,12,12,4,2,7,8,13,13,49,51,1.31,1.11,1.38,1.12,2.08,36,56,28,20,12,20,67,28,73,8.00,5.56,1.91,3.30,4.33,1.42,2.31,4.00,8.00,2.10,1.70,Estadio Nuevo Mirandilla (Cádiz)
1716138000,May 19 2024 - 5:00pm,complete,N/A,RCD Mallorca,Almería,Ricardo De Burgos Bengoetxea,37,1.39,0.50,1.37,0.53,2,2,4,2,1,1,"29,83","41,66",12,2,2,0,3,0,2,0,1,2,38,10,9,4,21,4,9,9,51,49,1.21,1.06,3.02,0.95,2.36,53,56,42,22,17,45,72,28,59,9.83,6.11,1.65,3.70,5.50,1.34,2.05,3.64,7.00,2.10,1.67,Estadi Mallorca Son Moix (Palma de Mallorca)
1716138000,May 19 2024 - 5:00pm,complete,N/A,Granada CF,Celta de Vigo,Javier Alberola Rojas,37,1.00,0.78,0.95,0.89,1,2,3,0,0,0,"86","61,63",10,2,2,0,1,0,0,2,0,1,14,10,4,6,8,3,12,11,49,51,1.37,1.14,1.40,1.43,3.03,59,84,56,36,25,42,70,50,83,8.00,4.17,2.70,3.40,2.50,1.25,1.87,2.95,5.50,1.62,2.15,Estadio Nuevo Los Cármenes (Granada)
1716138000,May 19 2024 - 5:00pm,complete,N/A,Valencia CF,Girona FC,Guillermo Cuadra Fernández,37,1.67,1.72,1.58,1.79,1,3,4,1,0,1,"84","33,58,67",5,4,2,0,0,0,1,1,0,0,23,22,7,5,14,13,7,6,36,64,1.25,1.36,2.19,1.79,2.34,47,58,45,25,11,36,70,28,67,8.12,4.11,2.60,3.50,2.60,1.21,1.61,2.80,5.40,1.57,2.25,Estadio de Mestalla (Valencia)
1716138000,May 19 2024 - 5:00pm,complete,N/A,Villarreal,Real Madrid,Alejandro José Hernández Hernández,37,1.39,2.39,1.37,2.32,4,4,8,5,1,4,"39,48,52,56","14,30,40,45'2",3,3,2,0,2,0,1,1,0,2,29,16,8,8,14,6,15,12,42,58,1.56,1.56,2.45,1.78,3.00,64,84,61,31,17,42,70,56,86,11.28,4.84,3.50,4.00,1.91,1.09,1.44,1.95,3.28,1.40,2.75,Estadio de la Cerámica (Villarreal)
1716577200,May 24 2024 - 7:00pm,complete,N/A,Girona FC,Granada CF,Alejandro Muñíz Ruiz,38,2.44,0.17,2.47,0.16,7,0,7,3,3,0,"30,33,44,54,75,78,90","",4,2,3,0,4,1,2,1,3,2,19,13,10,3,7,8,7,10,70,30,1.58,0.96,2.24,1.10,3.34,47,73,56,36,31,45,70,53,86,7.77,4.33,1.24,5.80,7.90,1.07,1.28,1.80,2.60,1.69,2.19,Estadi Municipal de Montilivi (Girona)
1716638400,May 25 2024 - 12:00pm,complete,N/A,CA Osasuna,Villarreal,Mario Melero López,38,1.22,1.44,1.21,1.42,1,1,2,1,1,0,"30","57",6,4,4,0,3,0,1,3,2,1,16,14,7,4,6,8,13,6,43,57,1.44,1.09,1.67,1.34,2.86,59,78,45,34,23,48,72,45,73,8.28,6.39,2.65,3.44,2.48,1.17,1.62,2.30,4.33,1.52,2.46,Estadio El Sadar (Pamplona (Iruñea))
1716646500,May 25 2024 - 2:15pm,complete,30736,Real Sociedad,Atlético Madrid,José María Sánchez Martínez,38,1.67,1.33,1.58,1.42,0,2,2,1,0,1,"","9,90'4",8,4,3,0,4,1,1,2,2,3,22,14,5,5,10,6,19,15,60,40,1.51,1.39,1.80,1.24,2.53,36,67,39,20,11,28,73,36,75,10.56,4.94,2.28,3.26,3.09,1.29,1.98,3.20,5.75,1.76,2.11,Reale Arena (Donostia-San Sebastián)
1716654600,May 25 2024 - 4:30pm,complete,N/A,Almería,Cádiz,Mateo Busquets Ferrer,38,0.44,0.50,0.58,0.47,6,1,7,1,0,1,"48,52,57,65,71,86","30",1,4,2,0,2,0,1,1,1,1,32,14,13,5,15,8,4,9,46,54,1.59,1.04,2.97,1.49,2.50,48,78,45,28,11,33,61,48,78,9.11,5.22,2.10,3.50,3.25,1.25,1.77,3.00,5.50,1.70,2.19,Power Horse Stadium (Almería)
1716654600,May 25 2024 - 4:30pm,complete,N/A,Rayo Vallecano,Athletic Club Bilbao,José Luis Munuera Montero,38,1.11,1.28,1.05,1.37,0,1,1,0,0,0,"","67",8,2,1,0,1,0,0,1,1,0,25,11,5,2,14,6,4,12,63,37,1.62,1.17,2.04,0.81,2.23,45,75,34,17,6,31,73,31,73,10.83,5.33,2.70,3.30,2.55,1.30,1.70,2.37,6.50,1.81,2.04,Estadio de Vallecas (Madrid)
1716663600,May 25 2024 - 7:00pm,complete,N/A,Real Madrid,Real Betis,Isidro Díaz de Mera Escuderos,38,2.78,1.22,2.68,1.21,0,0,0,0,0,0,"","",4,5,2,0,1,0,1,1,0,1,17,13,6,4,8,8,8,9,59,41,2.04,1.17,1.81,1.31,2.89,50,83,53,33,23,42,78,50,81,11.67,4.17,1.33,6.00,7.50,1.11,1.34,1.93,3.26,1.61,2.25,Estadio Santiago Bernabéu (Madrid)
1716724800,May 26 2024 - 12:00pm,complete,9545,Getafe CF,RCD Mallorca,Víctor García Verdura,38,1.61,0.61,1.53,0.74,1,2,3,0,0,0,"48","90,90'3",3,4,0,0,2,0,0,0,1,1,21,12,7,5,10,5,8,12,51,49,1.37,1.15,1.83,1.24,2.23,42,61,28,20,14,33,61,25,73,7.28,6.28,2.30,3.20,3.20,1.40,2.20,4.00,8.00,2.01,1.83,Estadio Coliseum (Getafe)
1716732900,May 26 2024 - 2:15pm,complete,21878,Celta de Vigo,Valencia CF,Miguel Ángel Ortiz Arias,38,1.28,1.00,1.26,1.00,2,2,4,1,0,1,"49,62","5,60",2,2,0,0,0,0,0,0,0,0,11,18,5,2,5,12,17,16,54,46,1.56,1.02,1.28,1.40,2.42,47,61,42,23,14,22,70,39,75,8.44,4.61,1.87,3.60,4.12,1.29,1.87,3.20,6.00,1.79,1.98,Abanca-Balaídos (Vigo)
1716732900,May 26 2024 - 2:15pm,complete,N/A,UD Las Palmas,Deportivo Alavés,Francisco José Hernández Maeso,38,1.28,0.78,1.26,0.79,1,1,2,0,0,0,"71","50",2,6,2,0,1,0,0,2,1,0,12,20,5,5,5,11,14,11,66,34,1.20,1.25,1.31,1.55,2.11,39,73,33,9,6,20,59,39,81,9.45,4.89,2.40,3.40,2.91,1.36,2.03,3.75,7.00,1.86,1.98,Estadio de Gran Canaria (Las Palmas de Gran Canaria)
1716750000,May 26 2024 - 7:00pm,complete,N/A,Sevilla FC,FC Barcelona,Javier Iglesias Villanueva,38,1.28,2.00,1.21,2.05,1,2,3,2,1,1,"31","15,59",6,5,2,0,1,0,1,1,0,1,17,13,7,7,9,5,9,9,39,61,1.64,1.53,1.83,1.67,2.97,67,81,59,31,20,31,70,59,89,10.61,5.61,3.36,3.49,1.84,1.15,1.48,2.20,3.75,1.49,2.54,Estadio Ramón Sánchez Pizjuán (Sevilla)
1660330800,Aug 12 2022 - 7:00pm,complete,N/A,CA Osasuna,Sevilla FC,Carlos Del Cerro Grande,1,0.00,0.00,1.79,1.21,2,1,3,2,1,1,"9,74","11",5,2,5,0,3,0,1,4,0,3,17,12,6,5,7,5,16,9,34,66,0.00,0.00,1.45,1.20,0.00,0,0,0,0,0,0,0,0,0,0.00,0.00,3.27,3.08,2.13,1.47,2.30,4.75,10.00,2.00,1.75,Estadio El Sadar (Pamplona (Iruñea))
1660402800,Aug 13 2022 - 3:00pm,complete,18859,Celta de Vigo,RCD Espanyol,Miguel Ángel Ortiz Arias,1,0.00,0.00,1.42,0.95,2,2,4,1,1,0,"45'2,63","72,90'8",3,3,5,0,2,0,2,3,0,2,9,15,4,3,5,12,17,15,60,40,0.00,0.00,1.09,1.42,0.00,0,0,0,0,0,0,0,0,0,0.00,0.00,1.88,3.70,4.04,1.33,1.98,3.60,7.00,1.80,1.95,Abanca-Balaídos (Vigo)
1660410000,Aug 13 2022 - 5:00pm,complete,N/A,Real Valladolid,Villarreal,Mario Melero López,1,0.00,0.00,1.47,1.32,0,3,3,0,0,0,"","49,81,90",4,5,1,0,0,0,0,1,0,0,13,15,7,5,6,7,6,10,52,48,0.00,0.00,1.67,1.48,0.00,0,0,0,0,0,0,0,0,0,0.00,0.00,3.80,3.65,1.95,1.32,1.91,3.50,6.50,1.75,2.00,Estadio Municipal José Zorrilla (Valladolid)
1660417200,Aug 13 2022 - 7:00pm,complete,N/A,FC Barcelona,Rayo Vallecano,Alejandro José Hernández Hernández,1,0.00,0.00,2.53,0.89,0,0,0,0,0,0,"","",8,0,2,1,6,0,1,2,2,4,29,6,7,3,17,3,16,14,68,32,0.00,0.00,2.46,0.77,0.00,0,0,0,0,0,0,0,0,0,0.00,0.00,1.20,7.00,13.55,1.15,1.46,2.28,3.75,2.10,1.67,Spotify Camp Nou (Barcelona)
1660491000,Aug 14 2022 - 3:30pm,complete,16570,Cádiz,Real Sociedad,Isidro Díaz de Mera Escuderos,1,0.00,0.00,1.42,1.74,0,1,1,1,0,1,"","24",3,6,4,0,2,0,2,2,0,2,11,20,3,8,6,8,9,20,40,60,0.00,0.00,1.10,1.98,0.00,0,0,0,0,0,0,0,0,0,0.00,0.00,3.15,3.28,2.54,1.45,2.30,4.50,9.50,2.00,1.75,Estadio Nuevo Mirandilla (Cádiz)
1660498200,Aug 14 2022 - 5:30pm,complete,39359,Valencia CF,Girona FC,Jorge Figueroa Vázquez,1,0.00,0.00,1.53,0.84,1,0,1,1,1,0,"45'1","",4,4,2,1,3,0,0,3,3,0,20,7,4,2,13,4,18,14,46,54,0.00,0.00,1.68,0.88,0.00,0,0,0,0,0,0,0,0,0,0.00,0.00,1.86,3.82,4.60,1.35,1.95,3.75,7.50,1.95,1.80,Estadio de Mestalla (Valencia)
1660507200,Aug 14 2022 - 8:00pm,complete,N/A,Almería,Real Madrid,Juan Martínez Munuera,1,0.00,0.00,1.74,1.79,1,2,3,1,1,0,"6","61,75",2,15,3,0,1,0,1,2,1,0,12,39,7,16,4,14,11,4,33,67,0.00,0.00,1.31,3.66,0.00,0,0,0,0,0,0,0,0,0,0.00,0.00,7.20,4.60,1.35,1.18,1.48,2.15,4.33,1.75,2.00,Power Horse Stadium – Estadio de los Juegos Mediterráneos (Almería)
1660577400,Aug 15 2022 - 3:30pm,complete,N/A,Athletic Club Bilbao,RCD Mallorca,Javier Iglesias Villanueva,1,0.00,0.00,1.42,0.79,0,0,0,0,0,0,"","",7,2,0,0,6,0,0,0,3,3,29,7,7,3,17,4,1,0,64,36,0.00,0.00,2.62,0.83,0.00,0,0,0,0,0,0,0,0,0,0.00,0.00,1.61,3.60,5.80,1.40,2.15,4.00,8.50,2.10,1.67,San Mamés Barria (Bilbao)
1660584600,Aug 15 2022 - 5:30pm,complete,12235,Getafe CF,Atlético Madrid,José María Sánchez Martínez,1,0.00,0.00,1.42,1.84,0,3,3,1,0,1,"","15,59,75",3,6,2,0,1,0,1,1,0,1,12,14,2,7,9,7,14,19,42,58,0.00,0.00,1.13,1.64,0.00,0,0,0,0,0,0,0,0,0,0.00,0.00,4.50,3.20,1.91,1.62,2.45,5.50,11.00,2.25,1.57,Coliseum Alfonso Pérez (Getafe)
1660591800,Aug 15 2022 - 7:30pm,complete,50622,Real Betis,Elche CF,Guillermo Cuadra Fernández,1,0.00,0.00,1.68,0.53,3,0,3,2,2,0,"28,39,60","",8,4,3,0,6,1,2,1,4,3,22,6,10,2,9,3,10,18,72,28,0.00,0.00,2.21,0.62,0.00,0,0,0,0,0,0,0,0,0,0.00,0.00,1.44,4.25,7.00,1.26,1.73,3.10,6.00,1.95,1.80,Estadio Benito Villamarín (Sevilla)
1660932000,Aug 19 2022 - 6:00pm,complete,16031,RCD Espanyol,Rayo Vallecano,Jorge Figueroa Vázquez,2,0.00,1.00,1.00,0.89,0,2,2,1,0,1,"","40,59",9,2,2,1,4,1,3,0,4,1,16,10,2,4,12,5,12,17,54,46,0.00,0.77,1.51,1.08,0.00,0,0,0,0,0,0,0,0,0,0.00,6.00,2.45,3.05,2.74,1.40,2.30,4.20,8.50,1.95,1.77,RCDE Stadium (Cornella de Llobregat)
1660939200,Aug 19 2022 - 8:00pm,complete,33991,Sevilla FC,Real Valladolid,Juan Luis Pulido Santana,2,0.00,0.00,1.37,0.63,1,1,2,0,0,0,"86","80",12,2,3,1,2,1,0,4,0,3,26,7,3,4,19,3,20,10,61,39,0.00,0.00,2.23,0.89,0.00,0,0,0,0,0,0,0,0,0,0.00,0.00,1.56,3.90,5.00,1.30,1.93,3.40,6.50,1.98,1.73,Estadio Ramón Sánchez Pizjuán (Sevilla)
1661009400,Aug 20 2022 - 3:30pm,complete,N/A,CA Osasuna,Cádiz,Antonio Miguel Mateu Lahoz,2,3.00,0.00,1.79,0.79,2,0,2,1,1,0,"37,79","",2,2,2,0,4,1,1,1,1,4,22,15,5,3,13,8,11,13,56,44,1.45,0.00,1.94,1.09,1.50,50,50,50,0,0,50,50,0,50,5.00,5.00,2.05,3.20,4.00,1.45,2.30,4.75,10.00,2.10,1.65,Estadio El Sadar (Pamplona (Iruñea))
1661016600,Aug 20 2022 - 5:30pm,complete,N/A,RCD Mallorca,Real Betis,Pablo González Fuertes,2,0.00,0.00,1.84,1.47,1,2,3,1,0,1,"56","9,73",5,2,7,0,8,0,1,6,2,6,14,10,5,4,8,5,22,17,47,53,0.00,0.00,1.45,1.17,0.00,0,0,0,0,0,0,0,0,0,0.00,0.00,2.90,3.20,2.50,1.40,2.15,4.00,8.00,1.88,1.82,Visit Mallorca Estadi (Palma de Mallorca)
1661025600,Aug 20 2022 - 8:00pm,complete,15681,Celta de Vigo,Real Madrid,Jesús Gil Manzano,2,1.00,3.00,1.42,1.79,1,4,5,3,1,2,"23","14,42,56,66",2,2,2,0,2,0,1,1,0,2,20,20,3,7,13,10,12,8,51,49,1.09,3.66,1.65,1.85,3.50,100,100,100,50,0,0,100,100,100,18.00,6.00,4.25,3.80,1.80,1.20,1.61,2.70,4.75,1.63,2.15,Abanca-Balaídos (Vigo)
1661095800,Aug 21 2022 - 3:30pm,complete,N/A,Athletic Club Bilbao,Valencia CF,César Soto Grado,2,1.00,0.00,1.42,0.68,1,0,1,1,1,0,"43","",6,3,5,0,2,0,1,4,1,1,19,11,5,2,11,9,11,15,37,63,2.62,0.00,1.65,1.35,0.00,0,0,0,0,0,0,0,0,0,7.00,0.00,1.52,3.95,5.20,1.33,1.97,3.60,7.50,1.95,1.80,San Mamés Barria (Bilbao)
1661103000,Aug 21 2022 - 5:30pm,complete,N/A,Atlético Madrid,Villarreal,Ricardo De Burgos Bengoetxea,2,0.00,3.00,2.21,1.32,0,2,2,0,0,0,"","73,90'7",5,6,2,1,3,0,0,3,0,3,17,25,8,7,8,12,8,11,50,50,0.00,1.48,1.96,1.91,1.50,0,50,50,0,0,0,0,50,50,5.00,0.00,1.83,3.30,3.95,1.36,1.95,3.75,7.50,1.91,1.91,Estádio Cívitas Metropolitano (Madrid)
1661112000,Aug 21 2022 - 8:00pm,complete,36201,Real Sociedad,FC Barcelona,José Luis Munuera Montero,2,0.00,0.00,2.00,2.11,1,4,5,2,1,1,"6","1,66,68,79",3,6,2,0,1,0,2,0,0,1,13,21,7,8,5,8,15,9,41,59,0.00,0.00,1.54,1.86,0.00,0,0,0,0,0,0,0,0,0,0.00,0.00,2.75,3.20,2.36,1.26,1.78,3.00,5.50,1.62,2.20,Reale Arena (Donostia-San Sebastián)
1661191200,Aug 22 2022 - 6:00pm,complete,23361,Elche CF,Almería,Isidro Díaz de Mera Escuderos,2,0.00,0.00,0.79,0.42,1,1,2,2,1,1,"30","23",6,5,1,0,4,1,0,1,1,4,18,17,2,8,13,5,12,16,55,45,0.00,0.00,1.51,1.62,0.00,0,0,0,0,0,0,0,0,0,0.00,0.00,2.19,3.28,3.47,1.40,2.18,4.00,8.00,1.91,1.91,Estadio Manuel Martínez Valero (Elche)
1661198400,Aug 22 2022 - 8:00pm,complete,10460,Girona FC,Getafe CF,Alejandro Muñíz Ruiz,2,0.00,0.00,1.74,0.79,3,1,4,1,1,0,"42,47,64","73",5,2,2,0,6,1,1,1,1,6,16,10,7,5,8,4,16,18,67,33,0.00,0.00,1.70,1.13,0.00,0,0,0,0,0,0,0,0,0,0.00,0.00,2.73,3.00,2.85,1.48,2.65,6.00,13.00,2.25,1.57,Estadi Municipal de Montilivi (Girona)
1661536800,Aug 26 2022 - 6:00pm,complete,11329,Girona FC,Celta de Vigo,Carlos Del Cerro Grande,3,3.00,0.00,1.74,0.84,0,1,1,0,0,0,"","49",2,4,2,0,1,0,2,0,0,1,12,11,4,7,6,3,16,13,54,46,1.70,0.00,1.47,1.64,2.00,50,50,50,50,0,0,50,50,50,5.00,2.00,2.75,3.10,2.41,1.44,2.25,4.33,9.50,1.95,1.80,Estadi Municipal de Montilivi (Girona)
1661544000,Aug 26 2022 - 8:00pm,complete,52580,Real Betis,CA Osasuna,Juan Martínez Munuera,3,3.00,0.00,1.68,1.00,1,0,1,1,1,0,"34","",2,4,0,1,3,0,0,1,1,2,11,12,2,4,7,8,9,21,55,45,2.21,0.00,1.16,1.53,1.50,0,50,50,0,0,50,50,0,50,8.00,3.00,1.71,3.60,4.20,1.33,1.96,3.60,7.00,1.80,1.95,Estadio Benito Villamarín (Sevilla)
1661614200,Aug 27 2022 - 3:30pm,complete,22656,Elche CF,Real Sociedad,Javier Iglesias Villanueva,3,1.00,3.00,0.79,1.74,0,1,1,1,0,1,"","20",4,6,3,0,3,0,2,1,1,2,13,12,5,4,7,7,14,18,45,55,1.51,1.98,1.66,1.35,1.50,50,50,0,0,0,50,100,0,0,12.00,3.00,4.40,3.50,1.86,1.42,2.10,4.33,9.00,2.00,1.75,Estadio Manuel Martínez Valero (Elche)
1661621400,Aug 27 2022 - 5:30pm,complete,10944,Rayo Vallecano,RCD Mallorca,José María Sánchez Martínez,3,0.00,1.00,1.68,0.79,0,2,2,1,0,1,"","13,64",7,3,1,0,3,0,0,1,0,3,22,13,0,6,16,5,11,18,65,35,0.00,0.83,1.56,1.28,0.00,0,0,0,0,0,0,0,0,0,2.00,6.00,1.95,3.35,4.10,1.44,2.30,4.50,9.50,2.00,1.75,Estadio de Vallecas (Madrid)
1661630400,Aug 27 2022 - 8:00pm,complete,13788,Almería,Sevilla FC,Jesús Gil Manzano,3,0.00,0.00,1.74,1.21,2,1,3,2,1,1,"42,55","30",5,2,5,0,8,0,1,4,3,5,15,15,6,7,8,8,18,11,32,68,1.31,1.20,1.50,1.89,3.00,100,100,100,0,0,50,100,50,100,4.00,6.00,3.65,3.20,2.15,1.45,2.30,4.50,9.50,2.00,1.75,Power Horse Stadium – Estadio de los Juegos Mediterráneos (Almería)
1661700600,Aug 28 2022 - 3:30pm,complete,9815,Getafe CF,Villarreal,Jorge Figueroa Vázquez,3,0.00,3.00,1.42,1.32,0,0,0,0,0,0,"","",1,4,1,0,5,0,1,0,2,3,10,12,3,7,6,5,11,19,35,65,1.13,1.69,0.87,1.56,2.75,0,100,75,0,0,0,50,100,100,8.50,3.50,3.25,3.10,2.25,1.45,2.20,4.50,9.50,2.05,1.70,Coliseum Alfonso Pérez (Getafe)
1661707800,Aug 28 2022 - 5:30pm,complete,83972,FC Barcelona,Real Valladolid,Ricardo De Burgos Bengoetxea,3,1.00,1.00,2.53,0.63,4,0,4,2,2,0,"24,43,65,90'2","",14,4,1,0,2,0,1,0,0,2,32,9,9,3,16,5,9,8,68,32,2.46,0.89,2.91,0.85,1.00,50,50,0,0,0,0,0,50,50,10.00,7.00,1.18,7.00,11.00,1.11,1.40,1.93,3.25,2.20,1.62,Spotify Camp Nou (Barcelona)
1661716800,Aug 28 2022 - 8:00pm,complete,25778,RCD Espanyol,Real Madrid,Mario Melero López,3,0.00,3.00,1.00,1.79,1,3,4,2,1,1,"43","12,88,90'10",7,7,0,1,0,0,0,1,0,0,19,27,4,9,11,13,15,12,36,64,1.51,2.76,1.54,2.41,3.00,50,100,50,25,25,25,100,50,100,17.50,5.50,5.00,4.75,1.50,1.19,1.55,2.55,4.50,1.80,1.95,RCDE Stadium (Cornella de Llobregat)
1661796000,Aug 29 2022 - 6:00pm,complete,17029,Cádiz,Athletic Club Bilbao,Miguel Ángel Ortiz Arias,3,0.00,0.00,1.42,1.26,0,4,4,1,0,1,"","24,56,78,90'3",0,6,2,0,1,0,1,1,1,0,12,23,4,12,6,11,18,4,37,63,1.10,0.00,1.20,2.80,0.50,0,0,0,0,0,0,50,0,0,3.00,4.00,3.50,3.20,2.15,1.47,2.20,5.00,10.00,2.10,1.67,Estadio Nuevo Mirandilla (Cádiz)
1661803200,Aug 29 2022 - 8:00pm,complete,43910,Valencia CF,Atlético Madrid,Guillermo Cuadra Fernández,3,3.00,3.00,1.53,1.84,0,1,1,0,0,0,"","66",6,2,4,0,3,0,2,2,2,1,15,17,4,11,10,5,15,17,71,29,1.68,1.64,1.74,1.93,2.00,0,50,50,0,0,0,100,50,50,10.00,5.00,4.00,3.50,1.91,1.42,2.10,4.33,9.00,1.95,1.80,Estadio de Mestalla (Valencia)
1662145200,Sep 02 2022 - 7:00pm,complete,14510,Celta de Vigo,Cádiz,Juan Luis Pulido Santana,4,0.50,0.00,1.42,0.79,3,0,3,0,0,0,"56,62,75","",2,2,1,0,2,0,0,1,1,1,11,8,6,0,4,7,13,23,58,42,1.37,1.09,1.29,0.74,3.25,50,100,50,50,25,25,100,50,100,4.50,8.50,1.72,3.60,5.00,1.40,2.12,4.20,8.50,2.10,1.66,Abanca-Balaídos (Vigo)
1662206400,Sep 03 2022 - 12:00pm,complete,13390,RCD Mallorca,Girona FC,Isidro Díaz de Mera Escuderos,4,0.00,0.00,1.84,0.84,1,1,2,0,0,0,"87","90'2",6,3,4,0,2,0,2,2,1,1,12,12,6,5,6,7,23,9,52,48,1.45,0.88,1.47,1.33,2.00,50,50,50,0,0,0,100,50,50,9.00,10.00,2.10,3.20,3.50,1.45,2.45,4.50,9.50,2.05,1.70,Visit Mallorca Estadi (Palma de Mallorca)
1662214500,Sep 03 2022 - 2:15pm,complete,58579,Real Madrid,Real Betis,José María Sánchez Martínez,4,0.00,3.00,2.32,1.47,2,1,3,2,1,1,"9,65","17",9,2,0,0,1,0,0,0,1,0,28,12,6,5,16,5,8,12,50,50,0.00,1.17,2.24,1.16,1.50,50,50,50,0,0,0,50,50,50,2.00,8.00,1.43,4.95,7.00,1.16,1.59,2.38,3.75,1.67,2.10,Estadio Santiago Bernabéu (Madrid)
1662222600,Sep 03 2022 - 4:30pm,complete,35366,Real Sociedad,Atlético Madrid,César Soto Grado,4,0.00,3.00,2.00,1.84,1,1,2,1,0,1,"55","5",7,6,5,0,4,0,2,3,3,1,14,23,8,10,5,9,18,13,55,45,1.54,1.79,1.70,2.07,3.50,50,75,75,50,50,50,75,75,100,7.00,4.00,2.91,3.20,2.60,1.42,2.30,4.33,8.50,1.95,1.80,Reale Arena (Donostia-San Sebastián)
1662231600,Sep 03 2022 - 7:00pm,complete,40233,Sevilla FC,FC Barcelona,Antonio Miguel Mateu Lahoz,4,1.00,3.00,1.37,2.11,0,3,3,2,0,2,"","21,36,50",4,4,2,0,4,0,1,1,2,2,21,20,7,7,10,12,15,14,46,54,2.23,1.86,1.87,1.94,3.50,100,100,50,50,50,50,50,100,100,18.00,6.00,3.60,3.40,2.08,1.25,1.84,3.00,5.50,1.70,2.05,Estadio Ramón Sánchez Pizjuán (Sevilla)
1662292800,Sep 04 2022 - 12:00pm,complete,18745,CA Osasuna,Rayo Vallecano,Alejandro Muñíz Ruiz,4,3.00,2.00,1.79,0.89,2,1,3,0,0,0,"54,90","75",4,0,2,0,2,0,1,1,0,2,20,7,8,4,9,2,14,16,46,54,1.69,0.93,1.91,0.93,1.75,25,75,25,0,0,25,75,0,75,4.50,9.00,2.08,3.03,3.87,1.44,2.30,4.33,9.50,2.00,1.75,Estadio El Sadar (Pamplona (Iruñea))
1662300900,Sep 04 2022 - 2:15pm,complete,41574,Athletic Club Bilbao,RCD Espanyol,Juan Martínez Munuera,4,2.00,1.00,1.42,0.95,0,1,1,0,0,0,"","83",4,2,3,0,2,0,0,3,1,1,21,13,4,4,14,7,12,12,67,33,2.14,1.42,2.03,1.21,2.25,50,50,50,50,0,0,75,50,50,9.50,4.50,1.48,4.18,6.44,1.35,2.07,3.75,7.50,2.05,1.70,San Mamés Barria (Bilbao)
1662309000,Sep 04 2022 - 4:30pm,complete,13915,Villarreal,Elche CF,Miguel Ángel Ortiz Arias,4,0.00,0.00,2.05,0.53,4,0,4,2,2,0,"26,36,89,90'3","",6,4,1,0,3,0,1,0,1,2,22,8,11,0,8,7,10,9,53,47,0.00,0.62,2.19,0.75,1.50,0,50,50,0,0,50,50,0,50,4.00,8.00,1.40,4.40,8.50,1.26,1.83,3.10,6.00,2.10,1.67,Estadio Ciudad de Valencia (Valencia)
1662318000,Sep 04 2022 - 7:00pm,complete,38725,Valencia CF,Getafe CF,José Luis Munuera Montero,4,1.50,0.00,1.53,0.79,5,1,6,3,3,0,"7,14,16,65,68","78",9,1,2,1,5,1,1,2,2,4,32,9,10,5,16,3,11,22,70,30,1.71,1.13,2.72,1.09,2.50,50,50,50,50,0,0,75,50,75,7.00,12.00,2.10,3.00,3.80,1.50,2.60,5.00,11.00,2.10,1.67,Estadio de Mestalla (Valencia)
1662404400,Sep 05 2022 - 7:00pm,complete,20260,Real Valladolid,Almería,Pablo González Fuertes,4,0.00,1.00,1.47,0.42,1,0,1,0,0,0,"90'3","",2,8,1,0,6,0,0,1,2,4,8,6,3,0,5,3,11,19,52,48,1.67,1.62,0.87,0.34,2.50,50,100,50,0,0,50,50,50,50,9.00,7.00,2.25,3.25,3.20,1.36,2.10,3.75,7.50,1.80,1.95,Estadio Municipal José Zorrilla (Valladolid)
1662750000,Sep 09 2022 - 7:00pm,complete,10053,Girona FC,Real Valladolid,César Soto Grado,5,1.50,0.50,1.74,0.63,2,1,3,2,1,1,"21,88","38",3,12,0,0,2,0,0,0,1,1,15,20,6,5,9,9,11,15,45,55,1.59,0.87,1.61,1.64,2.75,50,75,50,50,0,25,50,75,100,6.50,5.00,2.16,3.07,3.23,1.44,2.30,4.50,9.50,1.95,1.80,Estadi Municipal de Montilivi (Girona)
1662811200,Sep 10 2022 - 12:00pm,complete,12085,Rayo Vallecano,Valencia CF,Jesús Gil Manzano,5,0.00,0.00,1.68,0.68,2,1,3,1,1,0,"5,52","90'3",7,7,5,0,2,0,2,3,0,2,18,20,8,5,8,12,22,11,46,54,1.56,1.35,2.04,1.70,1.50,0,50,0,0,0,0,100,0,50,10.00,3.00,2.25,3.33,3.12,1.40,2.23,4.00,8.00,1.91,1.91,Estadio de Vallecas (Madrid)
1662819300,Sep 10 2022 - 2:15pm,complete,20135,RCD Espanyol,Sevilla FC,Guillermo Cuadra Fernández,5,0.00,0.00,1.00,1.21,2,3,5,4,1,3,"45'4,62","1,26,45",9,3,3,0,4,1,2,1,2,3,25,14,5,7,16,4,11,14,59,41,1.52,1.54,2.19,1.35,3.00,75,100,75,25,0,75,100,25,100,10.00,8.50,3.10,3.35,2.37,1.40,2.15,4.20,8.50,1.91,1.91,RCDE Stadium (Cornella de Llobregat)
1662827400,Sep 10 2022 - 4:30pm,complete,19530,Cádiz,FC Barcelona,Carlos Del Cerro Grande,5,0.00,3.00,1.42,2.11,0,4,4,0,0,0,"","55,65,86,90'2",5,6,0,0,3,0,0,0,1,2,7,20,2,9,5,9,12,13,30,70,1.15,1.90,0.87,2.27,3.25,25,75,75,50,25,50,100,50,75,6.50,5.50,11.00,6.00,1.28,1.18,1.60,2.43,4.20,2.00,1.75,Estadio Nuevo Mirandilla (Cádiz)
1662836400,Sep 10 2022 - 7:00pm,complete,52342,Atlético Madrid,Celta de Vigo,Alejandro José Hernández Hernández,5,0.00,3.00,2.21,0.84,4,1,5,1,1,0,"9,50,66,82","71",4,7,2,0,3,0,1,1,1,2,14,18,7,3,7,13,11,6,46,54,1.96,1.64,1.61,1.57,1.50,0,50,0,0,0,0,0,50,100,9.00,5.00,1.58,4.10,6.10,1.35,1.94,3.75,7.50,2.00,1.75,Estádio Cívitas Metropolitano (Madrid)
1662897600,Sep 11 2022 - 12:00pm,complete,54816,Real Madrid,RCD Mallorca,Jorge Figueroa Vázquez,5,3.00,2.00,2.32,0.79,4,1,5,2,1,1,"45'3,72,89,90'3","35",4,3,3,0,5,0,2,1,3,2,29,7,8,3,15,3,7,15,68,32,2.24,1.06,2.67,0.73,2.00,50,75,50,0,0,50,75,0,75,11.50,4.50,1.31,6.35,10.50,1.12,1.46,2.25,3.75,1.91,1.91,Estadio Santiago Bernabéu (Madrid)
1662905700,Sep 11 2022 - 2:15pm,complete,24176,Elche CF,Athletic Club Bilbao,Mario Melero López,5,0.50,3.00,0.79,1.26,1,4,5,4,0,4,"59","9,14,22,44",5,5,3,0,0,0,2,1,0,0,12,20,3,10,6,8,15,9,47,53,1.59,2.80,1.06,2.18,2.75,25,75,50,50,0,25,100,50,50,11.00,3.00,4.00,3.50,2.08,1.40,2.25,4.20,8.50,2.00,1.75,Estadio Manuel Martínez Valero (Elche)
1662913800,Sep 11 2022 - 4:30pm,complete,11112,Getafe CF,Real Sociedad,Juan Luis Pulido Santana,5,0.50,3.00,1.42,1.74,2,1,3,1,1,0,"45'5,48","50",3,7,4,0,1,0,1,3,0,1,10,17,4,6,5,9,9,16,33,67,1.00,1.66,1.07,1.68,1.25,0,25,25,0,0,0,75,25,25,8.00,4.00,4.06,3.34,2.12,1.53,2.45,5.00,11.00,2.10,1.67,Coliseum Alfonso Pérez (Getafe)
1662922800,Sep 11 2022 - 7:00pm,complete,53276,Real Betis,Villarreal,Ricardo De Burgos Bengoetxea,5,3.00,2.33,1.68,1.32,1,0,1,0,0,0,"61","",9,8,1,0,1,0,0,1,1,0,18,21,7,6,7,8,11,14,47,53,1.69,1.65,1.68,1.59,1.84,0,59,42,0,0,25,50,34,59,10.00,5.17,2.90,3.50,2.45,1.30,1.92,3.20,6.00,1.67,2.10,Estadio Benito Villamarín (Sevilla)
1663009200,Sep 12 2022 - 7:00pm,complete,12397,Almería,CA Osasuna,Javier Iglesias Villanueva,5,1.50,0.00,1.74,1.00,0,1,1,1,0,1,"","28",5,10,0,0,2,0,0,0,1,1,9,19,3,6,5,10,4,9,61,39,1.40,1.53,1.04,1.74,2.00,50,50,50,0,0,25,100,25,50,7.50,7.00,2.70,3.25,2.76,1.40,2.15,4.20,8.50,1.95,1.80,Power Horse Stadium – Estadio de los Juegos Mediterráneos (Almería)
1663354800,Sep 16 2022 - 7:00pm,complete,20295,Real Valladolid,Cádiz,José María Sánchez Martínez,6,1.50,0.00,1.47,0.79,0,1,1,0,0,0,"","90'2",8,2,1,0,4,0,1,0,1,3,23,9,6,3,14,6,12,19,58,42,1.27,0.91,2.16,1.00,2.25,0,75,50,0,0,0,25,50,100,5.00,4.50,2.15,3.50,3.25,1.40,2.15,4.00,8.00,1.95,1.80,Estadio Municipal José Zorrilla (Valladolid)
1663416000,Sep 17 2022 - 12:00pm,complete,12687,RCD Mallorca,Almería,Juan Martínez Munuera,6,0.50,0.50,1.84,0.42,1,0,1,1,1,0,"25","",5,2,3,0,6,0,1,2,1,5,7,13,3,3,3,8,15,14,45,55,1.46,0.98,0.78,1.26,2.00,75,75,25,0,0,25,50,50,75,12.00,11.50,2.15,3.15,2.90,1.40,2.30,4.20,8.50,1.95,1.80,Visit Mallorca Estadi (Palma de Mallorca)
1663424100,Sep 17 2022 - 2:15pm,complete,85073,FC Barcelona,Elche CF,Alejandro Muñíz Ruiz,6,2.00,0.00,2.53,0.53,3,0,3,2,2,0,"34,41,48","",6,0,2,0,2,1,1,1,2,1,30,2,11,2,16,0,11,9,77,23,2.69,0.68,3.38,0.33,2.75,0,75,75,50,0,75,75,50,75,15.00,7.50,1.11,10.50,21.00,1.08,1.27,1.84,2.60,2.25,1.57,Spotify Camp Nou (Barcelona)
1663432200,Sep 17 2022 - 4:30pm,complete,40965,Valencia CF,Celta de Vigo,Pablo González Fuertes,6,2.00,1.50,1.53,0.84,3,0,3,1,1,0,"37,82,90'3","",5,4,3,0,2,1,1,2,0,3,15,8,6,3,6,5,18,23,66,34,2.05,1.61,1.51,0.94,2.84,42,42,42,42,42,17,59,42,84,11.83,5.67,2.40,3.35,3.05,1.40,2.30,4.20,8.50,1.91,1.91,Estadio de Mestalla (Valencia)
1663441200,Sep 17 2022 - 7:00pm,complete,43484,Athletic Club Bilbao,Rayo Vallecano,Antonio Miguel Mateu Lahoz,6,1.33,1.33,1.42,0.89,3,2,5,4,3,1,"14,28,33","5,80",2,7,1,0,2,0,1,0,1,1,19,16,11,6,6,8,13,13,39,61,2.10,0.93,2.12,1.69,1.17,17,34,17,0,0,0,33,17,50,6.34,7.00,1.56,4.25,6.00,1.35,2.00,3.72,6.25,2.05,1.70,San Mamés Barria (Bilbao)
1663502400,Sep 18 2022 - 12:00pm,complete,N/A,CA Osasuna,Getafe CF,Isidro Díaz de Mera Escuderos,6,3.00,0.00,1.79,0.79,0,2,2,1,0,1,"","30,76",8,1,7,1,2,1,2,6,1,2,15,12,5,5,7,5,15,15,56,44,1.76,1.11,1.60,1.18,3.84,84,100,84,50,25,42,84,67,100,5.17,10.00,1.92,3.20,4.26,1.53,2.55,5.00,11.00,2.25,1.57,Estadio El Sadar (Pamplona (Iruñea))
1663510500,Sep 18 2022 - 2:15pm,complete,N/A,Villarreal,Sevilla FC,Alejandro José Hernández Hernández,6,3.00,1.00,2.05,1.21,1,1,2,1,0,1,"51","8",6,4,1,0,5,0,1,0,3,2,20,16,6,2,11,11,15,12,46,54,2.19,1.48,1.90,1.24,3.84,50,100,100,67,17,100,100,50,100,8.33,6.33,1.84,3.45,4.26,1.30,2.00,3.30,6.50,1.80,1.95,Estadio Ciudad de Valencia (Valencia)
1663518600,Sep 18 2022 - 4:30pm,complete,N/A,Real Betis,Girona FC,Miguel Ángel Ortiz Arias,6,3.00,0.50,1.68,0.84,2,1,3,2,1,1,"15,71","7",2,4,0,0,3,0,0,0,1,2,12,12,4,6,6,4,9,8,44,56,1.68,1.11,1.21,1.43,1.59,25,42,17,0,0,17,59,25,59,9.83,4.50,1.61,3.63,4.80,1.33,2.07,3.60,7.00,1.95,1.80,Estadio Benito Villamarín (Sevilla)
1663518600,Sep 18 2022 - 4:30pm,complete,31,Real Sociedad,RCD Espanyol,Carlos Del Cerro Grande,6,0.50,2.00,2.00,0.95,2,1,3,3,2,1,"17,29","19",4,2,3,0,0,0,0,3,0,0,14,15,7,5,7,9,18,8,63,37,1.62,1.31,1.73,1.50,3.00,75,75,50,50,25,25,75,50,100,7.50,5.50,1.55,3.77,5.00,1.32,1.98,3.50,7.00,1.95,1.80,Reale Arena (Donostia-San Sebastián)
1663527600,Sep 18 2022 - 7:00pm,complete,66881,Atlético Madrid,Real Madrid,José Luis Munuera Montero,6,1.50,3.00,2.21,1.79,1,2,3,2,0,2,"83","18,36",8,1,3,1,2,0,1,3,1,1,18,7,5,3,9,3,15,16,53,47,1.78,2.64,1.57,0.70,3.75,75,100,75,59,42,34,75,100,100,12.50,4.00,2.55,3.35,2.40,1.30,1.93,3.30,6.50,1.70,2.05,Estádio Cívitas Metropolitano (Madrid)
1664564400,Sep 30 2022 - 7:00pm,complete,42110,Athletic Club Bilbao,Almería,Juan Luis Pulido Santana,7,1.75,0.33,1.42,0.42,4,0,4,2,2,0,"10,17,62,84","",11,2,1,0,3,0,1,0,1,2,26,13,8,4,13,6,17,8,59,41,2.11,1.07,2.35,1.07,1.54,29,29,13,13,13,29,59,0,42,9.75,8.25,1.44,4.25,8.00,1.25,1.87,3.00,5.50,1.95,1.80,San Mamés Barria (Bilbao)
1664625600,Oct 01 2022 - 12:00pm,complete,15516,Cádiz,Villarreal,Javier Iglesias Villanueva,7,0.00,1.75,1.42,1.32,0,0,0,0,0,0,"","",6,5,2,1,3,0,1,2,2,1,11,18,3,6,8,10,13,8,40,60,1.06,1.63,1.17,1.83,2.25,0,59,46,34,0,0,34,59,71,8.42,4.25,5.50,3.80,1.65,1.33,1.89,3.48,6.25,1.95,1.80,Estadio Nuevo Mirandilla (Cádiz)
1664633700,Oct 01 2022 - 2:15pm,complete,10958,Getafe CF,Real Valladolid,Alejandro Muñíz Ruiz,7,1.33,0.33,1.42,0.63,2,3,5,4,2,2,"29,31","20,37,48",4,2,2,0,5,0,1,1,2,3,16,16,6,7,8,7,23,13,44,56,1.02,1.13,1.65,1.65,2.50,50,84,67,17,0,34,67,67,84,8.33,5.00,2.40,3.00,3.20,1.50,2.25,4.40,9.50,2.05,1.70,Coliseum Alfonso Pérez (Getafe)
1664641800,Oct 01 2022 - 4:30pm,complete,N/A,Sevilla FC,Atlético Madrid,Ricardo De Burgos Bengoetxea,7,0.50,2.33,1.37,1.84,0,2,2,1,0,1,"","29,57",5,7,3,0,2,0,2,1,1,1,15,24,4,7,10,14,9,12,61,39,2.05,1.88,1.64,2.10,2.25,42,84,42,0,0,25,59,42,100,12.67,6.17,3.24,3.32,2.27,1.43,2.30,4.10,8.50,1.95,1.80,Estadio Ramón Sánchez Pizjuán (Sevilla)
1664650800,Oct 01 2022 - 7:00pm,complete,N/A,RCD Mallorca,FC Barcelona,Jesús Gil Manzano,7,1.33,3.00,1.84,2.11,0,1,1,1,0,1,"","20",5,5,2,0,4,0,1,1,3,1,18,14,3,4,12,8,9,13,28,72,1.23,2.02,1.39,1.42,3.00,50,84,67,34,17,34,67,67,84,10.66,7.34,7.34,4.97,1.40,1.20,1.60,2.61,4.33,1.95,1.80,Visit Mallorca Estadi (Palma de Mallorca)
1664712000,Oct 02 2022 - 12:00pm,complete,19766,RCD Espanyol,Valencia CF,Valentín Pizarro Gómez,7,0.00,0.00,1.00,0.68,2,2,4,0,0,0,"56,83","53,90'6",6,4,2,1,1,1,0,3,0,2,11,15,6,5,5,9,16,15,38,62,1.75,1.52,1.39,1.61,2.84,59,75,59,34,17,34,100,42,75,13.33,5.00,2.55,3.30,2.75,1.34,2.00,3.53,6.50,1.75,2.00,RCDE Stadium (Cornella de Llobregat)
1664720100,Oct 02 2022 - 2:15pm,complete,N/A,Celta de Vigo,Real Betis,César Soto Grado,7,1.33,1.50,1.42,1.47,1,0,1,1,1,0,"9","",5,3,4,0,3,1,3,1,2,2,13,13,6,6,6,5,26,3,46,54,1.34,1.16,1.51,1.42,3.50,84,100,100,34,17,42,84,75,100,4.33,7.17,2.50,3.40,2.75,1.32,1.95,3.52,6.25,1.75,2.00,Abanca-Balaídos (Vigo)
1664728200,Oct 02 2022 - 4:30pm,complete,N/A,Girona FC,Real Sociedad,Mario Melero López,7,2.00,2.00,1.74,1.74,3,5,8,4,2,2,"23,27,48","8,42,66,71,85",2,2,3,0,1,0,0,3,0,1,18,14,8,8,8,5,9,19,40,60,1.59,1.67,1.82,1.65,2.17,50,50,50,17,0,17,84,33,67,9.66,3.33,3.25,3.20,2.38,1.40,2.23,4.20,8.50,1.95,1.80,Estadi Municipal de Montilivi (Girona)
1664737200,Oct 02 2022 - 7:00pm,complete,N/A,Real Madrid,CA Osasuna,Guillermo Cuadra Fernández,7,3.00,1.50,2.32,1.00,1,1,2,1,1,0,"42","50",10,2,1,0,2,1,1,0,0,3,32,9,7,3,18,6,9,13,64,36,2.46,1.64,2.70,0.97,2.50,50,50,50,25,25,50,100,25,50,13.50,4.00,1.35,5.50,9.00,1.18,1.57,2.43,4.33,1.95,1.80,Estadio Santiago Bernabéu (Madrid)
1664823600,Oct 03 2022 - 7:00pm,complete,11662,Rayo Vallecano,Elche CF,Jorge Figueroa Vázquez,7,1.50,0.00,1.68,0.53,2,1,3,2,1,1,"40,90'5","32",13,3,1,0,8,0,1,0,1,7,20,7,8,3,9,3,5,19,72,28,1.80,0.57,2.19,0.82,2.92,25,100,75,17,0,50,100,42,100,9.67,8.00,1.85,3.50,4.25,1.36,2.06,3.75,7.50,2.00,1.75,Estadio de Vallecas (Madrid)
1665169200,Oct 07 2022 - 7:00pm,complete,20260,CA Osasuna,Valencia CF,Miguel Ángel Ortiz Arias,8,2.25,0.33,1.79,0.68,1,2,3,1,0,1,"90'3","28,54",7,5,3,2,5,1,0,5,1,5,12,17,4,9,7,7,11,19,45,55,1.72,1.55,1.24,1.93,2.59,59,84,59,17,0,13,71,46,84,9.42,6.83,2.16,3.20,3.30,1.40,2.06,4.20,8.50,1.95,1.80,Estadio El Sadar (Pamplona (Iruñea))
1665230400,Oct 08 2022 - 12:00pm,complete,10783,Almería,Rayo Vallecano,Pablo González Fuertes,8,1.00,1.00,1.74,0.89,3,1,4,3,3,0,"8,17,39","81",7,6,3,1,2,0,0,4,1,1,10,14,4,6,6,8,22,12,37,63,1.28,1.12,1.16,1.64,2.42,59,71,59,13,13,29,75,29,71,6.25,6.42,2.73,3.35,2.60,1.42,2.19,3.70,7.50,1.91,1.91,Power Horse Stadium – Estadio de los Juegos Mediterráneos (Almería)
1665238500,Oct 08 2022 - 2:15pm,complete,54069,Atlético Madrid,Girona FC,Juan Martínez Munuera,8,1.00,0.33,2.21,0.84,2,1,3,1,1,0,"5,48","66",8,3,3,0,1,0,1,2,0,1,13,13,7,5,6,7,12,13,45,55,1.71,1.21,1.51,1.53,2.67,67,84,50,17,17,33,67,50,84,9.34,6.00,1.51,4.20,6.68,1.30,1.91,3.36,6.25,2.05,1.70,Estádio Cívitas Metropolitano (Madrid)
1665246600,Oct 08 2022 - 4:30pm,complete,36502,Sevilla FC,Athletic Club Bilbao,Jesús Gil Manzano,8,0.33,3.00,1.37,1.26,1,1,2,1,1,0,"4","73",5,7,4,0,0,1,2,2,0,1,12,27,5,5,5,16,19,14,46,54,1.91,2.49,1.23,2.13,3.42,42,100,67,50,25,42,84,42,100,12.50,3.83,2.55,3.05,2.65,1.40,2.15,4.00,8.00,1.95,1.80,Estadio Ramón Sánchez Pizjuán (Sevilla)
1665255600,Oct 08 2022 - 7:00pm,complete,14502,Getafe CF,Real Madrid,Antonio Miguel Mateu Lahoz,8,1.00,3.00,1.42,1.79,0,1,1,1,0,1,"","3",4,4,0,0,0,0,0,0,0,0,13,25,3,6,7,15,10,5,34,66,1.18,2.15,0.99,2.16,3.25,75,88,88,38,25,50,88,63,88,9.00,3.50,5.80,4.10,1.46,1.26,1.75,3.10,6.00,1.95,1.80,Coliseum Alfonso Pérez (Getafe)
1665316800,Oct 09 2022 - 12:00pm,complete,N/A,Real Valladolid,Real Betis,Carlos Del Cerro Grande,8,1.00,1.00,1.47,1.47,0,0,0,0,0,0,"","",3,1,1,0,1,1,0,1,1,1,16,6,4,2,10,3,12,16,59,41,1.57,1.25,1.57,0.76,2.00,34,50,50,0,0,17,50,33,84,7.00,5.67,3.46,3.48,2.27,1.33,2.01,3.60,7.00,1.80,1.95,Estadio Municipal José Zorrilla (Valladolid)
1665324900,Oct 09 2022 - 2:15pm,complete,16572,Cádiz,RCD Espanyol,Alejandro José Hernández Hernández,8,0.25,1.33,1.42,0.95,2,2,4,1,1,0,"41,78","51,67",8,3,4,0,4,0,2,2,1,3,11,10,5,7,5,3,13,12,53,47,1.08,1.38,1.36,1.41,2.46,34,59,59,42,0,17,59,42,59,5.83,3.83,2.86,3.36,2.71,1.44,2.38,4.50,9.50,1.95,1.80,Estadio Nuevo Mirandilla (Cádiz)
1665333000,Oct 09 2022 - 4:30pm,complete,N/A,Real Sociedad,Villarreal,César Soto Grado,8,1.33,1.60,2.00,1.32,1,0,1,1,1,0,"33","",9,3,5,0,3,0,0,5,1,2,22,8,6,2,11,4,21,18,60,40,1.66,1.67,1.83,0.75,2.27,50,70,44,17,17,34,50,37,64,10.27,5.73,2.60,3.20,2.75,1.35,2.00,3.75,7.50,1.80,1.95,Reale Arena (Donostia-San Sebastián)
1665342000,Oct 09 2022 - 7:00pm,complete,N/A,FC Barcelona,Celta de Vigo,José Luis Munuera Montero,8,2.33,1.00,2.53,0.84,1,0,1,1,1,0,"17","",6,3,2,0,4,0,0,2,0,4,13,23,6,5,6,14,16,9,58,42,2.92,1.39,1.67,1.84,2.67,17,67,67,33,17,34,67,50,84,14.33,4.67,1.25,6.00,10.50,1.18,1.55,2.30,4.20,1.95,1.80,Spotify Camp Nou (Barcelona)
1665430200,Oct 10 2022 - 7:30pm,complete,12000,Elche CF,RCD Mallorca,Valentín Pizarro Gómez,8,0.33,1.33,0.79,0.79,1,1,2,1,1,0,"15","71",5,7,4,1,5,1,1,4,0,6,8,14,3,4,5,8,12,17,42,58,1.41,0.95,0.90,1.37,2.50,50,67,33,33,33,50,84,17,50,7.67,7.00,2.60,2.95,2.60,1.53,2.30,5.00,10.00,2.10,1.67,Estadio Manuel Martínez Valero (Elche)
1665774000,Oct 14 2022 - 7:00pm,complete,N/A,Rayo Vallecano,Getafe CF,Mario Melero López,9,2.00,1.00,1.68,0.79,0,0,0,0,0,0,"","",4,1,2,0,3,0,0,2,2,1,23,8,5,4,11,3,13,17,65,35,1.93,1.13,1.79,0.87,3.34,67,100,67,34,17,33,100,50,100,10.33,8.00,2.00,3.30,4.20,1.50,2.50,5.00,11.00,2.20,1.62,Estadio de Vallecas (Madrid)
1665835200,Oct 15 2022 - 12:00pm,complete,9927,Girona FC,Cádiz,Ricardo De Burgos Bengoetxea,9,1.50,1.00,1.74,0.79,1,1,2,0,0,0,"90'12","46",6,2,5,0,4,0,1,4,2,2,28,12,9,4,16,7,16,9,65,35,1.65,0.94,2.80,1.07,3.00,38,71,54,25,13,25,54,42,100,5.00,5.42,1.86,3.05,3.70,1.45,2.20,4.20,8.75,2.05,1.70,Estadi Municipal de Montilivi (Girona)
1665843300,Oct 15 2022 - 2:15pm,complete,N/A,Valencia CF,Elche CF,Juan Luis Pulido Santana,9,2.25,0.00,1.53,0.53,2,2,4,3,2,1,"41,45'7","29,65",6,1,3,0,6,0,2,1,2,4,24,9,8,6,13,3,14,19,61,39,1.91,0.63,2.46,1.11,3.00,25,75,75,25,13,63,88,38,88,8.75,9.25,1.42,4.00,6.00,1.28,1.76,3.12,5.50,2.00,1.75,Estadio de Mestalla (Valencia)
1665851400,Oct 15 2022 - 4:30pm,complete,15300,RCD Mallorca,Sevilla FC,Javier Iglesias Villanueva,9,1.00,1.00,1.84,1.21,0,1,1,0,0,0,"","53",1,3,2,0,3,0,1,1,3,0,12,5,5,2,6,3,17,15,43,57,1.27,1.42,1.36,0.68,2.50,75,75,50,13,13,38,88,25,75,8.00,9.25,2.50,2.80,2.65,1.48,2.25,4.75,10.00,2.00,1.75,Visit Mallorca Estadi (Palma de Mallorca)
1665860400,Oct 15 2022 - 7:00pm,complete,N/A,Athletic Club Bilbao,Atlético Madrid,Jorge Figueroa Vázquez,9,2.00,2.50,1.42,1.84,0,1,1,0,0,0,"","47",6,1,0,0,6,0,0,0,1,5,15,6,3,3,11,3,14,17,61,39,2.15,1.94,1.75,0.81,2.10,23,58,33,20,10,20,68,23,80,11.25,4.50,2.38,3.12,3.09,1.40,2.30,4.00,8.00,1.91,1.91,San Mamés Barria (Bilbao)
1665921600,Oct 16 2022 - 12:00pm,complete,N/A,Celta de Vigo,Real Sociedad,Guillermo Cuadra Fernández,9,1.75,2.25,1.42,1.74,1,2,3,2,1,1,"39","30,54",1,6,5,1,7,0,1,5,3,4,16,10,4,7,8,2,14,17,54,46,1.38,1.66,1.43,1.25,3.25,50,63,63,38,25,25,88,63,63,8.25,4.75,2.40,3.10,3.00,1.43,2.20,3.80,7.75,1.91,1.91,Abanca-Balaídos (Vigo)
1665929700,Oct 16 2022 - 2:15pm,complete,N/A,Real Madrid,FC Barcelona,José María Sánchez Martínez,9,2.33,3.00,2.32,2.11,3,1,4,2,2,0,"12,35,90'1","83",2,3,2,0,2,0,1,1,0,2,11,21,6,5,4,14,11,14,43,57,2.54,1.87,1.32,1.95,3.29,63,88,71,42,29,59,88,42,88,12.92,4.33,2.30,3.60,2.87,1.18,1.57,2.51,4.00,1.50,2.50,Estadio Santiago Bernabéu (Madrid)
1665937800,Oct 16 2022 - 4:30pm,complete,N/A,RCD Espanyol,Real Valladolid,Antonio Miguel Mateu Lahoz,9,0.25,1.00,1.00,0.63,1,0,1,0,0,0,"78","",6,4,1,0,4,0,0,1,2,2,19,16,3,3,13,12,13,11,49,51,1.66,1.26,1.57,1.37,3.63,75,100,75,63,25,63,75,50,100,12.75,6.50,2.05,3.40,3.40,1.33,2.05,3.60,7.00,1.80,1.95,RCDE Stadium (Cornella de Llobregat)
1665946800,Oct 16 2022 - 7:00pm,complete,46112,Real Betis,Almería,Alejandro Muñíz Ruiz,9,3.00,0.25,1.68,0.42,3,1,4,1,1,0,"23,66,71","52",9,3,1,0,1,0,0,1,1,0,21,16,8,6,10,7,6,7,55,45,1.57,1.07,2.05,1.49,2.00,25,50,38,13,0,50,75,13,63,9.50,6.75,1.53,4.00,5.75,1.28,1.90,3.10,6.00,1.91,1.91,Estadio Benito Villamarín (Sevilla)
1666033200,Oct 17 2022 - 7:00pm,complete,N/A,Villarreal,CA Osasuna,Pablo González Fuertes,9,2.00,1.33,2.05,1.00,2,0,2,1,1,0,"42,52","",8,4,2,0,6,0,0,2,1,5,14,20,9,4,3,11,14,23,58,42,2.05,1.42,1.78,1.39,2.17,42,67,25,25,0,25,100,25,67,11.33,4.00,1.49,4.68,7.13,1.29,1.89,3.21,5.40,1.95,1.80,Estadio Ciudad de Valencia (Valencia)
1666112400,Oct 18 2022 - 5:00pm,complete,N/A,Sevilla FC,Valencia CF,César Soto Grado,10,0.50,1.00,1.37,0.68,1,1,2,1,0,1,"86","6",11,6,4,1,6,0,0,5,0,6,21,17,7,7,13,8,11,26,64,36,1.74,1.65,2.27,1.66,2.50,63,88,50,13,0,13,75,50,88,11.25,6.75,2.29,3.54,3.34,1.36,2.10,3.75,7.50,1.85,1.83,Estadio Ramón Sánchez Pizjuán (Sevilla)
1666116000,Oct 18 2022 - 6:00pm,complete,11395,Getafe CF,Athletic Club Bilbao,José Luis Munuera Montero,10,0.80,2.33,1.42,1.26,2,2,4,2,1,1,"27,76","2,62",7,4,6,0,4,0,5,1,1,3,14,18,5,5,5,10,14,11,41,59,1.14,2.37,1.25,1.76,3.04,54,80,64,44,27,27,90,37,80,9.00,2.80,4.48,3.58,1.94,1.44,2.30,4.50,9.50,2.00,1.70,Coliseum Alfonso Pérez (Getafe)
1666119600,Oct 18 2022 - 7:00pm,complete,46803,Atlético Madrid,Rayo Vallecano,Javier Iglesias Villanueva,10,1.50,0.80,2.21,0.89,1,1,2,1,1,0,"20","90'2",3,4,3,0,0,0,0,3,0,0,14,15,6,5,7,10,11,11,53,47,1.66,1.22,1.58,1.64,3.03,68,90,68,33,23,33,68,48,90,9.25,6.65,1.58,4.24,6.70,1.36,2.05,3.75,8.00,2.10,1.63,Estádio Cívitas Metropolitano (Madrid)
1666198800,Oct 19 2022 - 5:00pm,complete,N/A,Cádiz,Real Betis,Antonio Miguel Mateu Lahoz,10,0.40,1.00,1.42,1.47,0,0,0,0,0,0,"","",4,9,1,0,1,1,0,1,0,2,17,15,4,4,12,9,15,7,40,60,1.14,1.13,1.60,1.48,2.18,35,55,55,30,0,13,68,43,55,6.40,7.05,3.60,3.25,2.05,1.43,2.38,3.37,8.75,2.00,1.75,Estadio Nuevo Mirandilla (Cádiz)
1666198800,Oct 19 2022 - 5:00pm,complete,16547,Real Valladolid,Celta de Vigo,Valentín Pizarro Gómez,10,1.00,0.75,1.47,0.84,4,1,5,2,1,1,"32,62,74,79","43",3,7,1,0,1,0,0,1,1,0,10,29,7,7,2,17,12,11,38,62,1.57,1.50,1.28,2.37,1.88,13,38,38,13,13,0,38,38,75,8.75,4.00,2.80,3.13,2.50,1.32,2.30,3.55,6.50,1.75,2.00,Estadio Municipal José Zorrilla (Valladolid)
1666202400,Oct 19 2022 - 6:00pm,complete,27085,Real Sociedad,RCD Mallorca,Miguel Ángel Ortiz Arias,10,1.75,1.25,2.00,0.79,1,0,1,1,1,0,"4","",10,7,1,0,2,0,0,1,0,2,18,19,9,5,7,10,18,9,52,48,1.70,1.06,1.96,1.58,2.50,63,75,38,25,25,38,88,25,63,9.50,9.00,1.50,3.90,6.50,1.30,2.20,3.42,6.25,2.00,1.75,Reale Arena (Donostia-San Sebastián)
1666206000,Oct 19 2022 - 7:00pm,complete,N/A,Elche CF,Real Madrid,Jesús Gil Manzano,10,0.50,3.00,0.79,1.79,0,3,3,1,0,1,"","11,75,89",8,2,1,0,1,0,0,1,0,1,14,17,4,10,7,4,14,10,38,62,1.29,2.16,1.18,2.01,2.85,78,78,53,33,23,55,100,30,65,10.80,4.25,9.00,5.50,1.29,1.17,1.55,2.30,3.80,1.80,1.95,Estadio Manuel Martínez Valero (Elche)
1666285200,Oct 20 2022 - 5:00pm,complete,N/A,Almería,Girona FC,Guillermo Cuadra Fernández,10,1.50,0.25,1.74,0.84,3,2,5,3,3,0,"13,17,38","47,83",4,5,1,0,3,0,0,1,2,1,15,19,8,6,6,10,14,14,34,66,1.25,1.29,1.59,1.82,2.50,75,75,63,13,0,38,88,38,75,8.25,5.25,2.49,3.23,2.95,1.40,2.17,4.20,8.50,1.95,1.80,Power Horse Stadium – Estadio de los Juegos Mediterráneos (Almería)
1666288800,Oct 20 2022 - 6:00pm,complete,17832,CA Osasuna,RCD Espanyol,Mario Melero López,10,1.80,1.25,1.79,0.95,1,0,1,0,0,0,"55","",9,2,1,0,2,0,1,0,0,2,18,8,6,5,11,3,17,15,65,35,1.63,1.38,2.15,1.04,2.80,68,88,68,25,0,23,78,45,88,7.70,7.00,1.91,3.52,4.12,1.38,2.04,4.00,8.00,1.95,1.80,Estadio El Sadar (Pamplona (Iruñea))
1666292400,Oct 20 2022 - 7:00pm,complete,N/A,FC Barcelona,Villarreal,Carlos Del Cerro Grande,10,2.50,1.33,2.53,1.32,3,0,3,3,3,0,"31,35,38","",8,0,0,0,1,0,0,0,0,1,19,6,6,2,10,4,18,11,70,30,2.60,1.52,2.01,0.70,1.59,0,42,34,13,0,25,46,29,50,13.67,4.50,1.49,4.63,6.10,1.18,1.57,2.45,4.33,1.70,2.05,Spotify Camp Nou (Barcelona)
1666440000,Oct 22 2022 - 12:00pm,complete,N/A,Rayo Vallecano,Cádiz,Alejandro Muñíz Ruiz,11,1.75,1.00,1.68,0.79,5,1,6,2,2,0,"44,45'2,63,79,89","82",10,1,1,1,3,2,1,1,2,3,32,4,13,2,15,2,13,12,62,38,1.89,0.97,3.17,0.47,2.00,38,75,38,0,0,13,50,38,88,9.75,6.00,1.80,3.76,5.15,1.40,2.20,4.20,8.50,2.05,1.68,Estadio de Vallecas (Madrid)
1666448100,Oct 22 2022 - 2:15pm,complete,21175,Real Valladolid,Real Sociedad,Jorge Figueroa Vázquez,11,1.40,2.40,1.47,1.74,1,0,1,1,1,0,"16","",4,10,2,0,3,0,1,1,1,2,12,28,4,5,7,19,19,14,25,75,1.51,1.58,1.13,2.25,2.60,40,50,50,20,20,30,60,40,70,9.40,3.80,3.58,3.60,2.17,1.33,2.03,3.60,7.00,1.78,1.90,Estadio Municipal José Zorrilla (Valladolid)
1666456200,Oct 22 2022 - 4:30pm,complete,N/A,Valencia CF,RCD Mallorca,José María Sánchez Martínez,11,2.00,1.00,1.53,0.79,1,2,3,0,0,0,"52","66,83",5,3,3,0,5,0,0,3,1,4,16,12,5,6,9,5,14,18,68,32,2.02,1.16,1.81,1.32,2.50,40,60,40,30,20,30,80,30,70,10.40,8.00,1.75,3.65,5.25,1.42,2.23,4.33,9.00,2.05,1.68,Estadio de Mestalla (Valencia)
1666465200,Oct 22 2022 - 7:00pm,complete,N/A,Real Madrid,Sevilla FC,Alejandro José Hernández Hernández,11,2.50,1.40,2.32,1.21,3,1,4,1,1,0,"5,79,81","54",4,3,1,0,4,0,1,0,2,2,18,12,6,3,11,7,9,12,56,44,2.23,1.27,1.86,1.06,3.15,90,90,68,35,23,68,90,25,100,9.05,6.30,1.51,3.82,7.15,1.19,1.60,2.43,4.50,1.78,1.90,Estadio Santiago Bernabéu (Madrid)
1666526400,Oct 23 2022 - 12:00pm,complete,N/A,RCD Espanyol,Elche CF,José Luis Munuera Montero,11,0.80,0.20,1.00,0.53,2,2,4,2,1,1,"24,67","11,82",5,3,2,0,3,0,1,1,1,2,19,13,6,5,9,5,13,10,41,59,1.64,0.73,1.66,1.24,3.30,50,90,80,50,10,70,80,30,100,9.80,8.60,1.75,3.75,4.50,1.30,1.90,3.38,6.25,1.80,1.95,RCDE Stadium (Cornella de Llobregat)
1666534500,Oct 23 2022 - 2:15pm,complete,N/A,Real Betis,Atlético Madrid,Jesús Gil Manzano,11,3.00,2.60,1.68,1.84,1,2,3,0,0,0,"84","54,71",7,4,2,0,3,0,0,2,1,2,20,13,6,5,13,5,10,17,55,45,1.66,1.71,1.94,1.26,2.10,30,60,40,10,0,20,70,20,90,10.40,4.60,3.00,3.25,2.40,1.38,2.20,3.50,7.75,1.91,1.91,Estadio Benito Villamarín (Sevilla)
1666542600,Oct 23 2022 - 4:30pm,complete,10032,Girona FC,CA Osasuna,Juan Luis Pulido Santana,11,1.40,1.00,1.74,1.00,1,1,2,2,1,1,"45'1","37",3,5,2,0,3,0,0,2,1,2,13,13,4,5,8,7,11,11,50,50,1.88,1.41,1.30,1.50,2.55,53,65,30,20,10,20,80,30,75,8.60,6.15,2.55,3.00,2.80,1.45,2.22,4.50,9.50,1.95,1.80,Estadi Municipal de Montilivi (Girona)
1666542600,Oct 23 2022 - 4:30pm,complete,N/A,Villarreal,Almería,Ricardo De Burgos Bengoetxea,11,2.33,0.20,2.05,0.42,2,1,3,1,0,1,"56,90'4","31",10,4,3,2,1,0,1,4,0,1,18,19,7,5,7,11,7,8,52,48,1.96,1.16,1.77,1.65,2.54,37,80,37,37,0,37,90,37,80,10.67,5.73,1.33,5.00,7.50,1.24,1.68,2.95,5.50,2.00,1.75,Estadio Ciudad de Valencia (Valencia)
1666551600,Oct 23 2022 - 7:00pm,complete,84817,FC Barcelona,Athletic Club Bilbao,Juan Martínez Munuera,11,2.60,2.00,2.53,1.26,4,0,4,3,3,0,"12,18,22,73","",1,2,2,0,2,0,0,2,1,1,9,9,7,2,2,4,7,13,66,34,2.49,2.22,1.34,0.76,2.98,38,80,68,48,13,55,90,35,70,13.90,3.35,1.44,4.50,6.00,1.20,1.62,2.70,4.75,1.70,2.05,Spotify Camp Nou (Barcelona)
1666638000,Oct 24 2022 - 7:00pm,complete,9774,Celta de Vigo,Getafe CF,Pablo González Fuertes,11,1.40,1.00,1.42,0.79,1,1,2,1,0,1,"89","43",10,0,1,0,1,0,1,0,0,1,22,5,8,2,12,3,10,13,72,28,1.39,1.07,2.43,0.61,3.10,55,78,65,45,23,33,78,55,78,3.85,8.80,1.85,3.60,4.50,1.42,2.25,4.33,9.00,2.05,1.70,Abanca-Balaídos (Vigo)
1666983600,Oct 28 2022 - 7:00pm,complete,N/A,RCD Mallorca,RCD Espanyol,Isidro Díaz de Mera Escuderos,12,0.80,1.00,1.84,0.95,1,1,2,0,0,0,"48","70",4,4,4,1,1,0,1,4,0,1,16,9,6,3,8,5,15,9,52,48,1.29,1.32,1.69,1.00,2.10,50,50,40,20,0,10,60,40,70,6.80,5.60,2.25,3.15,2.75,1.43,2.30,4.20,8.75,2.05,1.70,Visit Mallorca Estadi (Palma de Mallorca)
1667044800,Oct 29 2022 - 12:00pm,complete,N/A,Almería,Celta de Vigo,Carlos Del Cerro Grande,12,1.80,0.60,1.74,0.84,3,1,4,1,0,1,"52,60,90'6","25",6,4,4,0,0,1,2,2,1,0,26,12,6,5,15,5,10,7,62,38,1.32,1.67,2.10,1.13,3.10,60,70,70,40,30,40,90,50,80,9.60,5.20,3.30,3.30,2.20,1.36,2.15,3.75,7.50,1.91,1.91,Power Horse Stadium – Estadio de los Juegos Mediterráneos (Almería)
1667052900,Oct 29 2022 - 2:15pm,complete,N/A,Cádiz,Atlético Madrid,José María Sánchez Martínez,12,0.50,2.67,1.42,1.84,3,2,5,1,1,0,"1,81,90'9","85,89",5,3,2,0,4,0,0,2,0,4,12,19,8,9,3,9,15,12,41,59,1.22,1.63,1.51,2.16,2.09,25,59,42,25,0,0,50,42,75,8.66,5.67,5.00,3.75,1.67,1.40,2.09,4.33,8.50,2.10,1.67,Estadio Nuevo Mirandilla (Cádiz)
1667061000,Oct 29 2022 - 4:30pm,complete,N/A,Sevilla FC,Rayo Vallecano,Antonio Miguel Mateu Lahoz,12,0.60,0.83,1.37,0.89,0,1,1,0,0,0,"","61",6,6,6,0,1,0,0,6,0,1,15,20,4,7,9,9,9,20,62,38,1.85,1.29,1.59,1.72,2.44,64,92,35,17,9,27,74,19,92,10.57,6.83,1.78,1.44,3.57,1.40,2.10,4.00,8.50,1.95,1.80,Estadio Ramón Sánchez Pizjuán (Sevilla)
1667070000,Oct 29 2022 - 7:00pm,complete,46007,Valencia CF,FC Barcelona,Ricardo De Burgos Bengoetxea,12,1.67,2.40,1.53,2.11,0,1,1,0,0,0,"","90'3",3,10,4,0,5,0,0,4,2,3,5,19,4,4,1,11,13,7,33,67,1.99,1.89,0.83,1.70,3.20,45,74,74,47,19,47,74,55,82,10.63,6.13,4.65,4.20,1.53,1.20,1.62,2.60,4.50,1.67,2.10,Estadio de Mestalla (Valencia)
1667134800,Oct 30 2022 - 1:00pm,complete,N/A,CA Osasuna,Real Valladolid,Guillermo Cuadra Fernández,12,2.00,0.80,1.79,0.63,2,0,2,2,2,0,"13,19","",1,8,1,0,3,0,0,1,3,0,22,9,12,4,10,5,14,16,48,52,1.71,1.28,2.73,1.19,2.67,55,82,55,20,10,39,64,37,100,10.63,7.73,1.94,3.50,4.20,1.38,2.07,4.00,8.00,1.95,1.80,Estadio El Sadar (Pamplona (Iruñea))
1667142900,Oct 30 2022 - 3:15pm,complete,N/A,Real Madrid,Girona FC,Mario Melero López,12,2.60,0.20,2.32,0.84,1,1,2,0,0,0,"70","80",7,1,2,1,3,0,0,3,0,3,24,9,7,3,13,6,16,8,58,42,2.16,1.40,2.41,0.98,3.20,90,90,70,40,20,50,90,60,90,9.60,3.80,1.25,6.70,11.00,1.13,1.44,2.10,3.50,1.95,1.80,Estadio Santiago Bernabéu (Madrid)
1667151000,Oct 30 2022 - 5:30pm,complete,46081,Athletic Club Bilbao,Villarreal,Miguel Ángel Ortiz Arias,12,1.67,1.14,1.42,1.32,1,0,1,0,0,0,"59","",6,2,2,0,1,0,1,1,0,1,22,7,8,4,13,3,12,10,43,57,2.09,1.40,2.41,1.03,1.72,9,38,31,17,9,24,40,23,55,10.43,3.96,2.11,3.50,3.60,1.30,1.86,3.30,6.50,1.75,2.00,San Mamés Barria (Bilbao)
1667160000,Oct 30 2022 - 8:00pm,complete,N/A,Real Sociedad,Real Betis,Javier Iglesias Villanueva,12,2.00,1.00,2.00,1.47,0,2,2,0,0,0,"","86,90'3",5,3,4,0,4,0,1,3,0,4,15,13,8,5,7,5,22,16,58,42,1.75,1.20,1.92,1.15,1.90,50,50,40,10,10,30,80,20,40,10.00,7.00,2.15,3.40,3.60,1.33,1.96,3.60,7.00,1.80,1.95,Reale Arena (Donostia-San Sebastián)
1667246400,Oct 31 2022 - 8:00pm,complete,19588,Elche CF,Getafe CF,César Soto Grado,12,0.40,1.00,0.79,0.79,0,1,1,0,0,0,"","54",6,2,0,0,2,1,0,0,0,3,13,10,6,4,7,5,12,11,59,41,1.26,0.98,1.65,1.12,2.70,60,80,40,30,20,30,90,30,70,6.60,7.00,2.82,2.98,2.44,1.53,2.38,5.00,11.00,2.05,1.70,Estadio Manuel Martínez Valero (Elche)
1667592000,Nov 04 2022 - 8:00pm,complete,N/A,Girona FC,Athletic Club Bilbao,Valentín Pizarro Gómez,13,1.33,1.60,1.74,1.26,2,1,3,0,0,0,"67,75","78",7,1,1,0,1,0,0,1,1,0,24,13,11,8,12,4,11,11,42,58,1.78,1.93,2.50,1.75,3.57,72,92,65,57,19,55,84,45,92,8.30,4.13,3.85,3.45,1.91,1.31,2.00,3.40,6.35,1.80,1.95,Estadi Municipal de Montilivi (Girona)
1667653200,Nov 05 2022 - 1:00pm,complete,10554,Getafe CF,Cádiz,Alejandro José Hernández Hernández,13,0.83,0.80,1.42,0.79,0,0,0,0,0,0,"","",5,5,5,2,1,1,3,4,1,1,21,17,2,5,13,10,15,16,53,47,1.16,0.87,1.48,1.57,2.74,45,74,54,27,19,27,62,55,84,5.47,6.70,2.00,3.05,3.70,1.50,2.70,5.50,11.00,2.25,1.57,Coliseum Alfonso Pérez (Getafe)
1667661300,Nov 05 2022 - 3:15pm,complete,N/A,Real Valladolid,Elche CF,Ricardo De Burgos Bengoetxea,13,1.67,0.33,1.47,0.53,2,1,3,1,1,0,"40,46","63",8,4,2,0,0,0,1,1,0,0,18,5,12,3,6,2,9,10,51,49,1.45,0.81,2.37,0.85,2.67,34,67,67,34,9,59,67,33,84,6.50,6.50,1.72,3.50,4.30,1.33,2.01,3.60,7.00,1.80,1.95,Estadio Municipal José Zorrilla (Valladolid)
1667669400,Nov 05 2022 - 5:30pm,complete,N/A,Celta de Vigo,CA Osasuna,Jorge Figueroa Vázquez,13,1.33,1.00,1.42,1.00,1,2,3,3,1,2,"19","8,28",2,3,1,0,5,0,0,1,4,1,14,9,6,5,8,4,12,19,62,38,1.57,1.43,1.67,1.16,2.30,54,72,34,17,9,27,92,25,62,8.83,6.93,2.00,3.42,3.82,1.46,2.16,4.50,9.50,2.00,1.75,Abanca-Balaídos (Vigo)
1667678400,Nov 05 2022 - 8:00pm,complete,N/A,FC Barcelona,Almería,Pablo González Fuertes,13,2.67,0.17,2.53,0.42,2,0,2,0,0,0,"48,62","",9,1,2,0,1,0,2,0,1,0,28,5,13,2,15,3,14,13,70,30,2.29,1.24,3.40,0.53,2.50,25,67,59,33,0,50,83,34,59,11.17,5.50,1.08,11.50,26.00,1.08,1.33,1.80,2.80,2.20,1.62,Spotify Camp Nou (Barcelona)
1667739600,Nov 06 2022 - 1:00pm,complete,50007,Atlético Madrid,RCD Espanyol,Juan Luis Pulido Santana,13,1.40,1.00,2.21,0.95,1,1,2,0,0,0,"78","62",12,2,3,0,5,1,0,3,2,4,28,7,9,2,14,4,13,10,67,33,1.64,1.26,2.43,0.59,2.75,74,84,55,27,10,19,65,55,92,8.27,5.03,1.50,4.02,6.58,1.32,2.00,2.00,7.50,2.20,1.62,Estádio Cívitas Metropolitano (Madrid)
1667747700,Nov 06 2022 - 3:15pm,complete,32773,Real Sociedad,Valencia CF,José Luis Munuera Montero,13,1.67,1.00,2.00,0.68,1,1,2,2,1,1,"10","25",1,11,2,1,0,0,2,1,0,0,13,19,5,4,6,11,11,12,27,73,1.78,1.65,1.29,1.88,2.47,65,74,47,19,9,17,82,47,65,11.33,7.13,1.98,3.35,4.20,1.37,2.20,3.70,7.50,1.95,1.80,Reale Arena (Donostia-San Sebastián)
1667755800,Nov 06 2022 - 5:30pm,complete,N/A,Villarreal,RCD Mallorca,Alejandro Muñíz Ruiz,13,2.50,1.33,2.05,0.79,0,2,2,1,0,1,"","32,75",5,2,4,0,6,0,0,4,1,5,14,8,3,6,9,2,17,16,71,29,1.91,1.19,1.45,1.11,2.46,50,84,42,21,9,21,84,42,84,11.67,7.17,1.53,3.75,5.60,1.36,2.20,3.77,7.40,2.10,1.67,Estadio Ciudad de Valencia (Valencia)
1667764800,Nov 06 2022 - 8:00pm,complete,N/A,Real Betis,Sevilla FC,José María Sánchez Martínez,13,2.50,1.17,1.68,1.21,1,1,2,1,1,0,"43","81",1,4,4,2,5,1,2,4,2,4,10,22,5,5,5,17,6,20,37,63,1.71,1.24,1.18,2.20,2.75,67,75,67,25,9,42,75,25,92,9.00,6.17,2.10,3.20,3.20,1.36,2.25,3.77,7.55,1.80,1.95,Estadio Benito Villamarín (Sevilla)
1667851200,Nov 07 2022 - 8:00pm,complete,14216,Rayo Vallecano,Real Madrid,Juan Martínez Munuera,13,2.00,3.00,1.68,1.79,3,2,5,4,2,2,"5,44,67","37,41",4,5,4,0,5,0,1,3,1,4,19,20,9,3,8,15,22,11,45,55,2.15,2.13,2.11,1.58,2.99,64,82,72,27,19,45,90,54,82,13.37,3.40,4.90,3.95,1.55,1.24,1.61,2.90,5.50,1.80,1.95,Estadio de Vallecas (Madrid)
1667930400,Nov 08 2022 - 6:00pm,complete,N/A,Elche CF,Girona FC,Pablo González Fuertes,14,0.33,0.33,0.79,0.84,1,2,3,2,1,1,"16","39,66",2,5,3,0,2,0,1,2,1,1,15,31,5,6,8,18,16,9,45,55,1.33,1.33,1.41,2.30,2.50,67,75,42,17,17,33,75,42,75,9.00,4.83,2.84,3.40,2.66,1.32,2.01,3.50,7.00,1.80,1.95,Estadio Manuel Martínez Valero (Elche)
1667934000,Nov 08 2022 - 7:00pm,complete,N/A,Athletic Club Bilbao,Real Valladolid,Isidro Díaz de Mera Escuderos,14,1.86,0.67,1.42,0.63,3,0,3,1,1,0,"19,51,78","",10,2,3,0,1,0,1,2,1,0,25,10,8,0,13,9,20,6,43,57,2.13,1.26,2.14,0.83,2.35,32,56,40,31,16,48,55,24,77,11.33,5.04,1.38,5.23,9.16,1.26,1.75,3.10,6.00,1.95,1.80,San Mamés Barria (Bilbao)
1667939400,Nov 08 2022 - 8:30pm,complete,N/A,CA Osasuna,FC Barcelona,Jesús Gil Manzano,14,2.14,2.50,1.79,2.11,1,2,3,1,1,0,"6","48,85",3,6,4,0,3,2,1,3,4,1,20,13,4,5,12,6,15,6,47,53,1.86,1.86,1.63,1.31,2.65,38,77,55,25,9,40,69,40,85,10.81,7.03,5.41,4.29,1.65,1.20,1.61,2.60,4.75,1.75,2.00,Estadio El Sadar (Pamplona (Iruñea))
1668016800,Nov 09 2022 - 6:00pm,complete,11454,Almería,Getafe CF,Alejandro Muñíz Ruiz,14,2.00,1.33,1.74,0.79,1,0,1,1,1,0,"26","",7,6,7,1,4,0,2,6,2,2,13,14,4,4,6,9,17,8,55,45,1.45,1.00,1.13,1.36,2.92,67,75,58,42,17,34,84,42,83,6.00,6.83,2.23,3.30,3.40,1.43,2.25,4.20,8.50,1.95,1.80,Power Horse Stadium – Estadio de los Juegos Mediterráneos (Almería)
1668016800,Nov 09 2022 - 6:00pm,complete,34814,Sevilla FC,Real Sociedad,Carlos Del Cerro Grande,14,0.50,2.00,1.37,1.74,1,2,3,3,1,2,"44","20,36",2,1,2,2,2,0,4,0,1,1,8,20,4,10,3,8,9,12,32,68,1.80,1.69,0.98,2.31,2.42,50,67,34,9,9,25,84,25,75,13.34,7.16,2.60,3.30,2.80,1.40,2.21,3.80,8.00,1.91,1.91,Estadio Ramón Sánchez Pizjuán (Sevilla)
1668020400,Nov 09 2022 - 7:00pm,complete,N/A,RCD Espanyol,Villarreal,Javier Iglesias Villanueva,14,0.83,1.00,1.00,1.32,0,1,1,0,0,0,"","64",4,7,1,0,3,0,0,1,1,2,19,13,7,5,9,6,11,6,45,55,1.64,1.36,1.83,1.36,2.36,34,61,46,34,9,32,46,38,75,11.13,4.80,2.90,3.40,2.43,1.30,1.97,3.20,6.00,1.70,2.05,RCDE Stadium (Cornella de Llobregat)
1668025800,Nov 09 2022 - 8:30pm,complete,N/A,RCD Mallorca,Atlético Madrid,Mario Melero López,14,0.83,2.29,1.84,1.84,1,0,1,1,1,0,"16","",2,5,5,0,3,0,2,3,2,1,14,26,3,6,6,12,14,17,37,63,1.36,1.71,1.04,1.96,2.05,47,61,30,7,7,0,54,47,84,8.47,7.29,3.80,3.20,2.11,1.50,2.18,4.20,8.00,1.95,1.80,Visit Mallorca Estadi (Palma de Mallorca)
1668103200,Nov 10 2022 - 6:00pm,complete,12419,Rayo Vallecano,Celta de Vigo,José Luis Munuera Montero,14,2.17,0.50,1.68,0.84,0,0,0,0,0,0,"","",5,3,7,0,1,0,4,3,0,1,13,13,4,4,7,8,19,16,58,42,2.14,1.58,1.45,1.31,3.17,59,75,67,42,33,34,83,50,83,12.33,5.17,1.72,1.72,2.24,1.40,2.11,4.20,8.50,1.95,1.80,Estadio de Vallecas (Madrid)
1668106800,Nov 10 2022 - 7:00pm,complete,36010,Valencia CF,Real Betis,Miguel Ángel Ortiz Arias,14,1.43,1.33,1.53,1.47,3,0,3,0,0,0,"63,81,90'3","",5,5,1,0,2,1,1,0,0,3,16,7,9,2,7,3,12,9,62,38,1.82,1.19,1.98,0.64,2.11,38,54,45,15,7,23,54,38,68,8.76,7.26,1.74,1.75,2.15,1.36,2.08,3.75,7.50,1.80,1.95,Estadio de Mestalla (Valencia)
1668112200,Nov 10 2022 - 8:30pm,complete,53190,Real Madrid,Cádiz,César Soto Grado,14,2.33,0.83,2.32,0.79,2,1,3,1,1,0,"40,70","81",7,1,3,0,3,0,3,0,2,1,22,11,6,5,13,4,12,16,67,33,2.20,0.99,2.17,1.06,2.83,67,84,50,34,17,34,58,59,92,8.33,5.50,1.14,8.00,19.00,1.12,1.41,2.09,3.40,2.25,1.57,Estadio Santiago Bernabéu (Madrid)
1672329600,Dec 29 2022 - 4:00pm,complete,11451,Girona FC,Rayo Vallecano,Jorge Figueroa Vázquez,15,1.57,1.14,1.74,0.89,2,2,4,2,1,1,"34,75","2,62",2,4,3,0,2,0,1,2,0,2,23,14,10,5,11,7,14,14,60,40,1.89,1.35,2.43,1.33,2.86,72,79,50,29,14,36,57,36,86,7.57,4.71,2.40,3.30,3.10,1.38,2.07,3.80,7.50,1.91,1.91,Estadi Municipal de Montilivi (Girona)
1672337700,Dec 29 2022 - 6:15pm,complete,53565,Real Betis,Athletic Club Bilbao,Alejandro José Hernández Hernández,15,2.29,1.33,1.68,1.26,0,0,0,0,0,0,"","",2,6,1,1,4,0,0,2,0,4,10,18,6,0,4,12,8,17,53,47,1.63,1.90,1.41,1.13,3.05,62,86,70,41,9,40,77,40,93,9.60,4.10,2.70,3.35,2.70,1.35,2.01,3.60,7.00,1.80,1.95,Estadio Benito Villamarín (Sevilla)
1672345800,Dec 29 2022 - 8:30pm,complete,48119,Atlético Madrid,Elche CF,Guillermo Cuadra Fernández,15,1.33,0.29,2.21,0.53,2,0,2,0,0,0,"56,74","",3,5,2,1,3,2,0,3,1,4,18,6,5,2,11,4,14,20,62,38,1.77,0.82,1.63,0.71,3.13,70,100,75,30,9,52,84,55,100,9.38,7.74,1.18,6.00,13.00,1.25,1.66,2.88,5.25,2.38,1.53,Estádio Cívitas Metropolitano (Madrid)
1672416000,Dec 30 2022 - 4:00pm,complete,N/A,Getafe CF,RCD Mallorca,Javier Alberola Rojas,15,0.86,1.57,1.42,0.79,2,0,2,0,0,0,"51,78","",4,2,0,0,1,0,0,0,1,0,12,3,4,0,5,3,10,19,56,44,1.21,1.18,1.17,0.38,2.22,43,64,43,22,14,22,71,36,64,7.72,8.15,2.80,2.75,3.05,1.65,2.47,6.00,12.00,2.38,1.53,Coliseum Alfonso Pérez (Getafe)
1672424100,Dec 30 2022 - 6:15pm,complete,N/A,Celta de Vigo,Sevilla FC,Ricardo De Burgos Bengoetxea,15,1.14,1.14,1.42,1.21,1,1,2,1,1,0,"33","54",5,6,2,0,3,1,1,1,2,2,21,6,6,4,10,2,11,13,44,56,1.58,1.37,1.73,1.10,2.93,79,86,64,29,14,43,86,29,86,6.57,8.00,2.20,3.35,3.35,1.38,2.15,4.20,8.00,1.95,1.80,Abanca-Balaídos (Vigo)
1672424100,Dec 30 2022 - 6:15pm,complete,N/A,Cádiz,Almería,Juan Martínez Munuera,15,0.86,0.14,1.42,0.42,1,1,2,1,0,1,"83","40",3,2,2,0,0,0,1,1,0,0,15,21,8,9,6,7,7,14,49,51,1.26,1.14,1.77,2.05,2.50,36,64,50,43,7,15,64,57,64,8.00,5.86,2.35,3.15,3.20,1.40,2.25,4.20,8.50,1.95,1.80,Estadio Nuevo Mirandilla (Cádiz)
1672432200,Dec 30 2022 - 8:30pm,complete,N/A,Real Valladolid,Real Madrid,José Luis Munuera Montero,15,1.86,2.57,1.47,1.79,0,2,2,0,0,0,"","83,89",5,9,2,1,0,0,0,3,0,0,20,22,5,9,10,11,7,9,39,61,1.58,2.05,1.46,2.40,2.72,50,65,65,29,22,36,72,50,79,9.71,2.86,5.98,4.31,1.49,1.18,1.58,2.35,4.33,1.70,2.05,Estadio Municipal José Zorrilla (Valladolid)
1672491600,Dec 31 2022 - 1:00pm,complete,88095,FC Barcelona,RCD Espanyol,Antonio Miguel Mateu Lahoz,15,2.71,1.00,2.53,0.95,1,1,2,1,1,0,"7","73",10,2,7,1,6,1,2,6,2,5,24,7,8,2,13,3,11,15,77,23,2.45,1.17,2.29,0.64,2.43,36,71,50,29,0,36,57,43,72,10.00,4.28,1.28,4.90,9.00,1.12,1.44,2.20,3.40,1.80,1.95,Spotify Camp Nou (Barcelona)
1672499700,Dec 31 2022 - 3:15pm,complete,N/A,Real Sociedad,CA Osasuna,Valentín Pizarro Gómez,15,1.57,1.33,2.00,1.00,2,0,2,1,1,0,"22,64","",3,2,1,0,1,0,0,1,0,1,11,14,3,4,7,7,10,15,51,49,1.71,1.38,1.20,1.29,2.06,54,69,23,7,7,38,93,15,38,10.24,7.26,1.95,3.40,4.33,1.42,2.35,4.33,9.00,2.00,1.75,Reale Arena (Donostia-San Sebastián)
1672499700,Dec 31 2022 - 3:15pm,complete,N/A,Villarreal,Valencia CF,José María Sánchez Martínez,15,2.00,1.00,2.05,0.68,2,1,3,2,1,1,"45,88","21",5,2,1,0,4,0,0,1,1,3,15,19,9,3,6,11,12,16,53,47,1.82,1.69,1.94,1.45,2.55,62,92,45,19,0,19,92,45,84,13.00,5.97,1.95,3.50,4.00,1.33,1.92,3.60,7.00,1.80,1.95,Estadio de la Cerámica (Villarreal)
1673026200,Jan 06 2023 - 5:30pm,complete,20121,Elche CF,Celta de Vigo,Miguel Ángel Ortiz Arias,16,0.29,0.57,0.79,0.84,0,1,1,1,0,1,"","5",8,4,3,1,1,0,0,4,1,0,16,17,6,8,8,6,15,15,56,44,1.34,1.54,1.67,1.64,2.57,50,64,50,29,22,29,79,36,71,9.71,4.72,3.90,3.30,2.00,1.40,2.23,4.20,8.50,1.95,1.80,Estadio Manuel Martínez Valero (Elche)
1673035200,Jan 06 2023 - 8:00pm,complete,39703,Valencia CF,Cádiz,Pablo González Fuertes,16,1.63,0.71,1.53,0.79,0,1,1,1,0,1,"","9",13,2,5,0,6,0,1,4,2,4,17,7,3,3,11,4,14,21,74,26,1.84,1.00,1.63,0.76,2.59,41,67,53,20,14,20,47,54,87,7.52,6.84,1.62,3.80,5.50,1.32,1.95,3.50,7.00,2.00,1.75,Estadio de Mestalla (Valencia)
1673104500,Jan 07 2023 - 3:15pm,complete,21088,Villarreal,Real Madrid,César Soto Grado,16,2.17,2.63,2.05,1.79,2,1,3,0,0,0,"47,63","60",6,5,4,0,1,0,1,3,0,1,19,17,6,5,12,10,13,6,49,51,1.84,2.10,1.95,1.73,2.96,57,94,63,28,13,42,94,48,94,12.30,3.88,3.10,3.70,2.10,1.19,1.68,2.50,4.50,1.53,2.38,Estadio de la Cerámica (Villarreal)
1673112600,Jan 07 2023 - 5:30pm,complete,N/A,RCD Mallorca,Real Valladolid,Valentín Pizarro Gómez,16,1.14,0.57,1.84,0.63,1,0,1,0,0,0,"90'4","",6,2,2,0,3,0,1,1,0,3,13,13,5,2,8,8,14,17,42,58,1.31,1.20,1.56,1.03,2.22,43,65,36,15,7,29,64,43,72,8.86,7.14,1.91,3.30,4.10,1.45,2.50,4.50,9.50,2.05,1.70,Visit Mallorca Estadi (Palma de Mallorca)
1673121600,Jan 07 2023 - 8:00pm,complete,N/A,RCD Espanyol,Girona FC,Carlos Del Cerro Grande,16,0.71,0.71,1.00,0.84,2,2,4,1,0,1,"51,76","32,85",5,2,3,0,2,0,2,1,1,1,13,14,6,7,6,6,13,16,44,56,1.67,1.47,1.54,1.62,2.86,72,79,57,36,14,43,64,50,93,10.14,4.86,2.20,3.30,3.10,1.33,2.10,3.60,7.00,1.80,1.95,RCDE Stadium (Cornella de Llobregat)
1673182800,Jan 08 2023 - 1:00pm,complete,N/A,Almería,Real Sociedad,Javier Alberola Rojas,16,2.14,2.14,1.74,1.74,0,2,2,0,0,0,"","47,52",4,2,1,0,0,0,0,1,0,0,7,13,2,9,5,4,13,14,44,56,1.40,1.78,0.78,1.82,2.93,64,64,64,29,14,43,100,36,57,10.57,6.28,3.75,3.37,2.05,1.36,2.07,3.75,7.50,1.95,1.80,Power Horse Stadium – Estadio de los Juegos Mediterráneos (Almería)
1673190900,Jan 08 2023 - 3:15pm,complete,N/A,Rayo Vallecano,Real Betis,Isidro Díaz de Mera Escuderos,16,2.00,1.14,1.68,1.47,1,2,3,3,1,2,"20","7,40",5,7,3,0,2,0,0,3,0,2,17,18,4,3,10,12,10,16,62,38,2.04,1.11,1.66,1.34,2.21,43,64,50,15,15,29,57,36,64,10.71,7.00,2.20,2.98,2.95,1.42,2.17,4.33,9.00,1.95,1.80,Estadio de Vallecas (Madrid)
1673199000,Jan 08 2023 - 5:30pm,complete,N/A,Sevilla FC,Getafe CF,Juan Martínez Munuera,16,0.43,1.14,1.37,0.79,2,1,3,1,1,0,"36,80","87",3,4,3,0,3,0,1,2,1,2,15,15,6,3,8,10,13,16,58,42,1.69,1.05,1.64,1.29,2.22,50,72,29,15,7,22,71,22,79,8.29,8.57,1.60,3.20,5.20,1.50,2.33,5.00,11.00,2.25,1.57,Estadio Ramón Sánchez Pizjuán (Sevilla)
1673208000,Jan 08 2023 - 8:00pm,complete,63493,Atlético Madrid,FC Barcelona,José Luis Munuera Montero,16,1.57,2.57,2.21,2.11,0,1,1,1,0,1,"","22",7,4,2,1,3,1,0,3,0,4,28,17,4,4,16,8,8,16,41,59,1.75,1.78,2.01,1.28,2.86,57,86,57,29,14,29,64,64,93,11.85,6.71,2.92,3.25,2.09,1.30,1.78,3.40,6.50,1.70,2.05,Estádio Cívitas Metropolitano (Madrid)
1673294400,Jan 09 2023 - 8:00pm,complete,39216,Athletic Club Bilbao,CA Osasuna,Mario Melero López,16,2.00,1.14,1.42,1.00,0,0,0,0,0,0,"","",14,1,0,0,1,0,0,0,0,1,19,5,4,2,10,0,8,13,60,40,2.13,1.37,1.61,0.43,1.93,28,55,26,13,7,27,75,13,59,10.79,5.31,1.66,3.82,5.25,1.38,2.05,4.00,8.00,2.05,1.70,San Mamés Barria (Bilbao)
1673640000,Jan 13 2023 - 8:00pm,complete,N/A,Celta de Vigo,Villarreal,Javier Alberola Rojas,17,1.13,1.22,1.42,1.32,1,1,2,1,0,1,"68","15",13,3,0,0,2,0,0,0,1,1,26,6,8,3,13,2,11,8,51,49,1.60,1.36,2.37,0.82,2.11,38,61,43,13,7,25,55,30,66,8.19,5.10,2.74,3.40,2.63,1.36,2.25,3.75,7.50,1.80,1.95,Abanca-Balaídos (Vigo)
1673701200,Jan 14 2023 - 1:00pm,complete,N/A,Real Valladolid,Rayo Vallecano,Mario Melero López,17,1.63,1.13,1.47,0.89,0,1,1,0,0,0,"","65",4,8,2,0,2,0,2,0,0,2,13,16,3,6,7,9,17,18,45,55,1.56,1.35,1.04,1.67,2.32,44,63,44,26,13,26,51,38,82,8.26,4.13,2.81,3.21,2.72,1.38,2.25,3.75,8.00,1.91,1.91,Estadio Municipal José Zorrilla (Valladolid)
1673709300,Jan 14 2023 - 3:15pm,complete,12035,Girona FC,Sevilla FC,Valentín Pizarro Gómez,17,1.50,1.13,1.74,1.21,2,1,3,1,0,1,"46,88","13",5,1,3,0,1,0,2,1,1,0,17,10,7,2,7,8,11,7,46,54,1.95,1.34,1.63,1.09,3.07,88,88,57,32,13,44,76,38,94,7.13,7.13,2.36,3.10,2.80,1.33,2.10,3.60,7.00,1.80,1.95,Estadi Municipal de Montilivi (Girona)
1673717400,Jan 14 2023 - 5:30pm,complete,N/A,CA Osasuna,RCD Mallorca,César Soto Grado,17,1.88,1.38,1.79,0.79,1,0,1,0,0,0,"47","",3,1,2,0,3,0,0,2,1,2,16,9,4,3,10,4,15,19,62,38,1.83,1.08,1.50,0.92,2.26,44,82,38,7,7,19,69,38,82,8.51,8.26,2.05,3.05,4.10,1.55,2.43,5.42,11.00,2.20,1.62,Estadio El Sadar (Pamplona (Iruñea))
1673726400,Jan 14 2023 - 8:00pm,complete,38216,Real Sociedad,Athletic Club Bilbao,Guillermo Cuadra Fernández,17,1.75,1.29,2.00,1.26,3,1,4,3,2,1,"25,37,62","40",4,2,5,0,1,1,1,4,1,1,15,8,6,3,6,4,20,15,58,42,1.65,1.79,1.43,0.99,2.70,54,81,48,35,14,41,80,34,68,9.68,5.13,2.55,3.20,2.80,1.50,2.30,4.53,9.42,2.00,1.75,Reale Arena (Donostia-San Sebastián)
1673787600,Jan 15 2023 - 1:00pm,complete,N/A,Getafe CF,RCD Espanyol,Jorge Figueroa Vázquez,17,1.13,1.00,1.42,0.95,1,2,3,2,1,1,"7","6,62",5,1,2,0,3,0,1,1,2,1,13,12,3,5,10,6,20,13,62,38,1.20,1.10,1.35,1.34,2.32,57,69,44,25,7,19,57,50,76,6.38,6.01,2.18,3.14,3.47,1.50,2.63,5.00,11.00,2.10,1.67,Coliseum Alfonso Pérez (Getafe)
1673795700,Jan 15 2023 - 3:15pm,complete,N/A,Almería,Atlético Madrid,José María Sánchez Martínez,17,1.88,2.00,1.74,1.84,1,1,2,2,1,1,"37","18",3,4,4,0,3,1,1,3,1,3,17,12,4,7,13,5,14,12,55,45,1.33,1.74,1.72,1.43,2.57,51,69,51,26,13,19,76,44,82,9.25,6.50,4.50,3.80,1.75,1.30,1.88,3.25,6.00,1.91,1.91,Power Horse Stadium – Estadio de los Juegos Mediterráneos (Almería)
1673899200,Jan 16 2023 - 8:00pm,complete,N/A,Cádiz,Elche CF,Carlos Del Cerro Grande,17,0.88,0.25,1.42,0.53,1,1,2,1,1,0,"7","81",3,6,3,0,2,0,0,3,1,1,19,14,4,7,12,6,11,21,50,50,1.32,0.80,1.55,1.64,2.88,44,82,69,44,7,38,76,50,82,7.25,7.13,1.94,3.35,3.98,1.37,2.12,4.30,8.00,2.00,1.75,Estadio Nuevo Mirandilla (Cádiz)
1674244800,Jan 20 2023 - 8:00pm,complete,12253,RCD Mallorca,Celta de Vigo,Juan Luis Pulido Santana,18,1.38,0.88,1.84,0.84,1,0,1,0,0,0,"59","",4,6,3,0,2,0,1,2,0,2,10,15,4,4,5,7,15,11,42,58,1.34,1.56,1.14,1.26,2.00,38,44,32,19,13,7,63,44,63,8.75,6.01,2.64,2.68,2.64,1.55,2.50,5.00,11.00,2.10,1.67,Visit Mallorca Estadi (Palma de Mallorca)
1674306000,Jan 21 2023 - 1:00pm,complete,12874,Rayo Vallecano,Real Sociedad,Antonio Miguel Mateu Lahoz,18,1.75,2.25,1.68,1.74,0,2,2,2,0,2,"","15,36",3,4,0,0,0,0,0,0,0,0,19,13,3,7,12,5,11,11,54,46,1.99,1.79,1.59,1.43,2.75,57,69,57,19,19,44,82,32,57,11.88,5.63,3.01,3.05,2.23,1.47,2.33,4.75,10.00,2.00,1.75,Estadio de Vallecas (Madrid)
1674314100,Jan 21 2023 - 3:15pm,complete,20811,RCD Espanyol,Real Betis,Pablo González Fuertes,18,0.75,1.38,1.00,1.47,1,0,1,1,1,0,"43","",7,4,3,0,2,0,1,2,1,1,9,15,3,5,6,10,18,8,30,70,1.65,1.14,1.09,1.86,2.51,51,69,57,32,7,32,57,44,75,10.38,6.00,2.65,3.10,2.45,1.38,2.20,3.75,8.00,1.91,1.91,RCDE Stadium (Cornella de Llobregat)
1674322200,Jan 21 2023 - 5:30pm,complete,53253,Atlético Madrid,Real Valladolid,Ricardo De Burgos Bengoetxea,18,1.38,0.50,2.21,0.63,3,0,3,3,3,0,"18,23,28","",4,1,1,0,1,0,1,0,1,0,21,11,8,2,9,6,12,7,47,53,1.79,1.18,1.96,1.12,2.57,51,82,44,19,13,32,63,51,88,10.75,6.25,1.34,4.93,8.77,1.28,1.81,3.20,6.00,2.10,1.67,Estádio Cívitas Metropolitano (Madrid)
1674331200,Jan 21 2023 - 8:00pm,complete,N/A,Sevilla FC,Cádiz,Alejandro José Hernández Hernández,18,0.75,1.00,1.37,0.79,1,0,1,0,0,0,"89","",8,1,1,0,3,1,1,0,2,2,21,5,11,2,9,3,15,14,75,25,1.68,0.97,2.77,0.55,2.25,51,76,38,7,7,19,63,38,82,8.13,8.38,1.65,3.85,5.18,1.36,1.99,3.75,7.50,2.05,1.70,Estadio Ramón Sánchez Pizjuán (Sevilla)
1674392400,Jan 22 2023 - 1:00pm,complete,15129,Villarreal,Girona FC,Carlos Del Cerro Grande,18,2.29,0.75,2.05,0.84,1,0,1,0,0,0,"90'11","",3,2,5,0,4,1,4,1,3,2,21,11,10,3,10,7,21,15,70,30,1.85,1.49,2.53,1.01,2.80,73,94,60,20,7,34,81,53,94,9.95,5.09,1.65,3.70,4.45,1.25,1.77,2.80,5.25,1.75,2.00,Estadio de la Cerámica (Villarreal)
1674400500,Jan 22 2023 - 3:15pm,complete,N/A,Elche CF,CA Osasuna,Alejandro Muñíz Ruiz,18,0.25,1.13,0.79,1.00,1,1,2,1,0,1,"67","20",7,2,2,0,1,0,2,0,0,1,18,10,5,5,10,5,19,9,42,58,1.38,1.25,1.60,1.33,1.94,44,63,26,7,7,32,88,7,51,9.38,5.88,3.40,3.30,2.08,1.40,2.25,4.30,9.00,1.95,1.80,Estadio Manuel Martínez Valero (Elche)
1674408600,Jan 22 2023 - 5:30pm,complete,N/A,FC Barcelona,Getafe CF,Javier Iglesias Villanueva,18,2.50,1.00,2.53,0.79,1,0,1,1,1,0,"35","",4,2,1,0,2,0,0,1,1,1,11,10,6,5,4,5,11,6,68,32,2.43,1.08,1.64,1.18,2.38,32,69,44,25,7,32,75,32,69,9.88,6.38,1.17,6.50,13.50,1.20,1.61,2.25,4.33,2.65,1.48,Spotify Camp Nou (Barcelona)
1674417600,Jan 22 2023 - 8:00pm,complete,N/A,Athletic Club Bilbao,Real Madrid,José María Sánchez Martínez,18,1.89,2.33,1.42,1.79,0,2,2,1,0,1,"","24,90",12,2,3,0,2,0,0,3,0,2,22,14,4,6,15,5,17,10,50,50,2.08,2.05,2.07,1.33,2.50,39,61,56,28,17,33,61,45,78,12.89,3.00,2.87,3.50,2.25,1.27,1.96,3.05,5.80,1.67,2.10,San Mamés Barria (Bilbao)
1674504000,Jan 23 2023 - 8:00pm,complete,N/A,Valencia CF,Almería,Jesús Gil Manzano,18,1.44,0.25,1.53,0.42,2,2,4,0,0,0,"48,65","54,74",6,2,2,0,1,0,1,1,0,1,18,10,5,4,7,3,8,8,57,43,1.82,1.25,1.34,0.81,2.47,42,66,47,24,6,24,66,47,77,9.60,6.33,1.60,3.90,5.25,1.29,1.80,3.00,5.50,1.91,1.91,Estadio de Mestalla (Valencia)
1674849600,Jan 27 2023 - 8:00pm,complete,11269,Almería,RCD Espanyol,Javier Iglesias Villanueva,19,1.78,1.22,1.74,0.95,3,1,4,1,1,0,"21,61,77","90'3",2,2,3,0,3,0,1,2,1,2,21,9,7,5,11,3,16,6,57,43,1.37,1.13,1.84,1.08,2.61,73,78,50,28,6,33,73,44,78,7.11,6.44,2.35,2.60,3.10,1.35,1.98,3.60,7.50,1.80,1.95,Power Horse Stadium – Estadio de los Juegos Mediterráneos (Almería)
1674910800,Jan 28 2023 - 1:00pm,complete,16117,Cádiz,RCD Mallorca,Ricardo De Burgos Bengoetxea,19,0.89,1.22,1.42,0.79,2,0,2,2,2,0,"10,38","",6,2,2,0,2,0,0,2,1,1,12,11,5,4,6,7,13,12,42,58,1.35,1.06,1.32,1.25,2.22,39,67,33,28,11,6,62,39,73,7.44,6.66,2.63,3.15,2.85,1.60,2.90,5.50,11.00,2.25,1.57,Estadio Nuevo Mirandilla (Cádiz)
1674918900,Jan 28 2023 - 3:15pm,complete,13402,Girona FC,FC Barcelona,Alejandro Muñíz Ruiz,19,1.67,2.63,1.74,2.11,0,1,1,0,0,0,"","61",4,2,2,0,3,0,1,1,2,1,13,11,4,4,8,5,10,15,40,60,1.92,1.72,1.29,1.33,3.04,64,76,65,36,12,41,71,59,82,9.39,6.08,5.96,4.14,1.51,1.22,1.75,2.75,5.00,1.75,2.00,Estadi Municipal de Montilivi (Girona)
1674927000,Jan 28 2023 - 5:30pm,complete,35567,Sevilla FC,Elche CF,César Soto Grado,19,1.00,0.33,1.37,0.53,3,0,3,3,3,0,"29,43,45'4","",5,2,1,0,3,1,0,1,2,2,26,9,10,2,13,5,7,8,81,19,1.80,0.90,2.77,0.79,2.61,56,89,56,17,0,45,78,33,95,9.55,8.44,1.50,4.64,7.50,1.32,1.87,3.50,7.00,2.05,1.70,Estadio Ramón Sánchez Pizjuán (Sevilla)
1674936000,Jan 28 2023 - 8:00pm,complete,N/A,Getafe CF,Real Betis,Guillermo Cuadra Fernández,19,1.00,1.22,1.42,1.47,0,1,1,0,0,0,"","86",6,1,4,0,2,0,0,4,0,2,9,18,2,4,5,12,25,12,38,62,1.22,1.22,0.84,1.58,2.06,39,62,50,11,6,28,62,39,56,8.00,6.11,3.22,3.08,2.63,1.62,2.50,5.00,11.00,2.10,1.67,Coliseum Alfonso Pérez (Getafe)
1674997200,Jan 29 2023 - 1:00pm,complete,N/A,Real Valladolid,Valencia CF,Jorge Figueroa Vázquez,19,1.44,0.86,1.47,0.68,1,0,1,0,0,0,"90","",4,7,3,0,1,0,1,2,1,0,15,21,7,3,7,13,14,15,53,47,1.51,1.66,1.63,1.51,2.23,54,65,45,13,6,20,60,44,75,9.99,4.96,3.11,3.25,2.35,1.38,2.01,4.00,9.00,1.80,1.95,Estadio Municipal José Zorrilla (Valladolid)
1675005300,Jan 29 2023 - 3:15pm,complete,20902,CA Osasuna,Atlético Madrid,Javier Alberola Rojas,19,2.00,1.89,1.79,1.84,0,1,1,0,0,0,"","74",5,4,1,0,0,0,0,1,0,0,17,17,6,5,10,10,13,7,52,48,1.79,1.71,1.86,1.55,2.22,44,73,39,6,6,17,67,33,84,8.89,7.00,3.42,3.25,2.20,1.42,2.21,4.33,8.50,1.95,1.80,Estadio El Sadar (Pamplona (Iruñea))
1675013400,Jan 29 2023 - 5:30pm,complete,N/A,Celta de Vigo,Athletic Club Bilbao,Isidro Díaz de Mera Escuderos,19,1.11,1.13,1.42,1.26,1,0,1,0,0,0,"71","",2,5,2,0,2,0,1,1,0,2,16,8,5,2,7,5,17,19,49,51,1.69,1.69,1.39,0.88,3.02,71,89,66,43,12,42,82,36,83,8.91,4.69,2.84,3.15,2.72,1.45,2.30,4.50,9.50,2.00,1.75,Abanca-Balaídos (Vigo)
1675022400,Jan 29 2023 - 8:00pm,complete,58129,Real Madrid,Real Sociedad,Mario Melero López,19,2.43,2.33,2.32,1.74,0,0,0,0,0,0,"","",10,3,1,0,4,0,1,0,1,3,26,14,8,5,13,7,8,19,61,39,2.19,1.75,2.55,1.36,2.98,72,84,58,27,13,44,88,52,72,11.03,3.97,1.78,4.00,4.40,1.30,1.92,3.30,6.50,1.80,1.95,Estadio Santiago Bernabéu (Madrid)
1675108800,Jan 30 2023 - 8:00pm,complete,N/A,Villarreal,Rayo Vallecano,Juan Luis Pulido Santana,19,2.38,1.33,2.05,0.89,0,1,1,0,0,0,"","70",5,4,2,0,3,0,0,2,1,2,17,11,5,4,11,7,11,18,62,38,1.94,1.39,1.68,1.22,2.47,53,78,47,23,6,29,66,30,95,10.24,5.44,1.61,3.67,4.70,1.30,1.92,3.40,6.50,1.95,1.80,Estadio de la Cerámica (Villarreal)
1675281600,Feb 01 2023 - 8:00pm,complete,48181,Real Betis,FC Barcelona,Ricardo De Burgos Bengoetxea,17,2.13,2.67,1.68,2.11,1,2,3,0,0,0,"85","65,80",1,6,3,1,0,0,0,4,0,0,7,17,3,6,3,8,17,10,36,64,1.61,1.67,0.79,1.83,2.35,42,60,53,23,6,29,65,35,77,10.11,6.17,4.50,4.10,1.72,1.25,1.82,2.95,5.50,1.80,1.95,Estadio Benito Villamarín (Sevilla)
1675368000,Feb 02 2023 - 8:00pm,complete,51926,Real Madrid,Valencia CF,Javier Alberola Rojas,17,2.25,0.75,2.32,0.68,2,0,2,0,0,0,"52,54","",6,6,3,0,1,1,2,1,0,2,26,6,8,0,12,5,12,17,71,29,2.24,1.64,2.39,0.54,2.63,82,82,57,26,7,32,75,51,82,12.26,4.75,1.35,5.50,9.00,1.19,1.58,2.60,4.50,1.75,2.00,Estadio Santiago Bernabéu (Madrid)
1675454400,Feb 03 2023 - 8:00pm,complete,42916,Athletic Club Bilbao,Cádiz,Valentín Pizarro Gómez,20,1.70,0.89,1.42,0.79,4,1,5,4,3,1,"10,35,44,75","25",0,3,1,1,1,0,1,1,0,1,18,19,10,5,6,11,14,12,42,58,2.08,0.92,2.00,1.69,1.96,22,48,32,16,11,16,47,32,74,9.80,5.80,1.36,4.15,7.00,1.33,1.82,3.60,7.00,2.20,1.62,San Mamés Barria (Bilbao)
1675515600,Feb 04 2023 - 1:00pm,complete,22438,RCD Espanyol,CA Osasuna,Jesús Gil Manzano,20,1.00,1.11,1.00,1.00,1,1,2,1,0,1,"59","45",4,3,2,1,4,1,3,0,3,2,9,12,6,5,3,6,9,17,41,59,1.59,1.26,1.30,1.36,2.28,50,67,34,28,6,28,78,22,67,10.11,5.45,2.50,3.05,3.10,1.70,2.55,5.00,11.00,2.05,1.70,RCDE Stadium (Cornella de Llobregat)
1675523700,Feb 04 2023 - 3:15pm,complete,18421,Elche CF,Villarreal,José Luis Munuera Montero,20,0.33,1.20,0.79,1.32,3,1,4,3,2,1,"3,45'3,52","22",6,10,4,0,2,0,3,1,0,2,20,19,8,3,10,11,19,8,28,72,1.40,1.30,2.03,1.52,1.81,33,54,27,6,6,22,60,16,64,9.97,4.87,4.60,3.90,1.74,1.30,1.82,3.30,6.50,1.91,1.91,Estadio Manuel Martínez Valero (Elche)
1675531800,Feb 04 2023 - 5:30pm,complete,56079,Atlético Madrid,Getafe CF,Antonio Miguel Mateu Lahoz,20,1.56,0.89,2.21,0.79,1,1,2,0,0,0,"60","83",8,0,3,0,5,0,0,3,3,2,20,12,7,2,9,9,11,18,63,37,1.80,1.09,2.07,1.02,2.39,50,73,39,17,11,17,73,45,73,8.11,6.67,1.44,4.00,9.00,1.47,2.32,4.75,10.00,2.75,1.40,Estádio Cívitas Metropolitano (Madrid)
1675540800,Feb 04 2023 - 8:00pm,complete,N/A,Real Betis,Celta de Vigo,Carlos Del Cerro Grande,20,1.89,0.78,1.68,0.84,3,4,7,4,2,2,"9,23,84","6,42,56,69",5,5,2,1,3,0,0,3,0,3,15,10,7,7,7,3,11,13,55,45,1.51,1.52,1.79,1.43,2.28,45,56,50,22,11,17,62,39,73,9.23,4.89,2.30,3.10,3.30,1.50,2.40,4.75,10.00,2.05,1.70,Estadio Benito Villamarín (Sevilla)
1675602000,Feb 05 2023 - 1:00pm,complete,N/A,RCD Mallorca,Real Madrid,Alejandro José Hernández Hernández,20,1.56,2.40,1.84,1.79,1,0,1,1,1,0,"13","",1,12,5,0,5,0,0,5,2,3,8,26,3,2,4,18,29,14,26,74,1.32,1.98,0.78,1.94,2.27,47,62,41,15,10,20,62,47,79,9.42,5.18,5.51,3.51,1.66,1.38,1.86,4.00,8.00,2.00,1.75,Visit Mallorca Estadi (Palma de Mallorca)
1675610100,Feb 05 2023 - 3:15pm,complete,N/A,Girona FC,Valencia CF,Javier Iglesias Villanueva,20,1.50,0.67,1.74,0.68,1,0,1,0,0,0,"63","",8,4,1,0,4,0,0,1,0,4,23,12,7,5,15,5,11,10,52,48,1.86,1.52,2.29,1.37,2.72,74,79,52,21,5,31,64,52,84,9.57,5.30,2.25,3.20,3.20,1.36,1.95,3.40,6.50,1.75,2.00,Estadi Municipal de Montilivi (Girona)
1675618200,Feb 05 2023 - 5:30pm,complete,N/A,Real Sociedad,Real Valladolid,Pablo González Fuertes,20,1.89,0.44,2.00,0.63,0,1,1,0,0,0,"","73",0,4,4,0,5,0,2,2,4,1,19,8,5,5,11,3,17,14,55,45,1.62,1.17,1.65,1.15,2.56,45,78,45,22,11,50,78,28,67,9.22,6.11,1.40,4.33,8.50,1.33,1.91,3.40,6.50,2.20,1.62,Reale Arena (Donostia-San Sebastián)
1675627200,Feb 05 2023 - 8:00pm,complete,77987,FC Barcelona,Sevilla FC,José María Sánchez Martínez,20,2.56,1.00,2.53,1.21,3,0,3,0,0,0,"58,70,79","",8,3,0,0,2,0,0,0,1,1,20,3,7,2,10,1,8,10,65,35,2.34,1.31,2.06,0.52,2.50,50,78,50,22,6,39,84,22,78,10.44,6.77,1.33,5.00,9.50,1.20,1.57,2.65,4.75,2.00,1.75,Spotify Camp Nou (Barcelona)
1675713600,Feb 06 2023 - 8:00pm,complete,11783,Rayo Vallecano,Almería,César Soto Grado,20,1.56,0.33,1.68,0.42,2,0,2,0,0,0,"54,63","",3,7,3,0,3,0,2,1,3,0,17,19,12,7,5,10,16,9,49,51,1.95,1.20,2.16,1.98,2.62,56,78,50,28,11,39,73,39,67,9.66,5.67,1.68,3.55,4.50,1.33,1.99,3.40,6.50,1.95,1.80,Estadio de Vallecas (Madrid)
1676059200,Feb 10 2023 - 8:00pm,complete,N/A,Cádiz,Girona FC,Juan Luis Pulido Santana,21,1.10,0.67,1.42,0.84,2,0,2,2,2,0,"6,34","",5,6,4,0,4,0,2,2,1,3,18,12,3,2,10,7,17,11,43,57,1.34,1.43,1.32,0.99,2.54,59,74,48,31,11,22,69,48,75,7.52,5.07,2.55,2.95,2.50,1.40,2.15,4.20,8.50,1.91,1.91,Estadio Nuevo Mirandilla (Cádiz)
1676128500,Feb 11 2023 - 3:15pm,complete,N/A,Almería,Real Betis,Javier Alberola Rojas,21,1.90,1.40,1.74,1.47,2,3,5,3,1,2,"27,62","6,42,70",8,2,2,0,3,0,2,0,0,3,20,17,12,10,7,5,12,10,52,48,1.42,1.26,2.40,1.92,2.30,50,65,50,20,5,30,70,40,60,8.20,6.50,2.67,3.28,2.33,1.33,2.02,3.60,7.00,1.80,1.95,Power Horse Stadium – Estadio de los Juegos Mediterráneos (Almería)
1676136600,Feb 11 2023 - 5:30pm,complete,N/A,Sevilla FC,RCD Mallorca,Javier Iglesias Villanueva,21,1.20,1.10,1.37,0.79,2,0,2,2,2,0,"28,40","",8,2,4,0,2,0,0,4,1,1,22,7,6,0,11,7,9,14,65,35,1.90,1.08,2.12,0.66,2.10,40,75,30,5,5,25,65,25,75,9.30,7.70,1.95,3.10,4.70,1.53,2.63,5.50,12.00,2.38,1.53,Estadio Ramón Sánchez Pizjuán (Sevilla)
1676145600,Feb 11 2023 - 8:00pm,complete,N/A,Valencia CF,Athletic Club Bilbao,César Soto Grado,21,1.40,1.00,1.53,1.26,1,2,3,2,1,1,"17","30,72",7,1,2,0,2,0,1,1,1,1,20,10,9,4,10,4,11,17,49,51,1.77,1.60,2.28,1.16,2.85,48,69,64,43,11,32,59,42,85,10.42,5.31,3.00,3.30,2.45,1.40,2.01,4.20,8.50,1.95,1.80,Estadio de Mestalla (Valencia)
1676206800,Feb 12 2023 - 1:00pm,complete,N/A,Getafe CF,Rayo Vallecano,Isidro Díaz de Mera Escuderos,21,0.90,1.50,1.42,0.89,1,1,2,1,0,1,"77","38",5,6,3,1,4,0,1,3,3,1,16,21,4,5,9,12,21,19,42,58,1.18,1.37,1.35,1.74,2.25,45,60,45,25,10,30,55,30,80,8.30,5.40,2.90,2.80,2.83,1.57,2.94,6.50,13.00,2.38,1.53,Coliseum Alfonso Pérez (Getafe)
1676214900,Feb 12 2023 - 3:15pm,complete,15842,Celta de Vigo,Atlético Madrid,Jorge Figueroa Vázquez,21,1.30,2.00,1.42,1.84,0,1,1,0,0,0,"","89",7,5,2,0,2,1,2,0,1,2,17,13,3,4,12,7,10,13,47,53,1.66,1.69,1.56,1.38,2.35,55,70,40,15,10,20,70,30,80,8.70,5.50,3.57,3.10,2.21,1.50,2.43,4.75,10.00,2.05,1.70,Abanca-Balaídos (Vigo)
1676223000,Feb 12 2023 - 5:30pm,complete,N/A,Real Valladolid,CA Osasuna,Guillermo Cuadra Fernández,21,1.60,1.10,1.47,1.00,0,0,0,0,0,0,"","",10,4,1,0,3,0,1,0,1,2,20,17,4,6,14,10,13,16,50,50,1.52,1.27,1.87,1.79,1.75,35,55,20,5,5,15,60,20,65,8.10,4.90,2.65,3.26,2.71,1.50,2.18,5.00,10.00,2.05,1.70,Estadio Municipal José Zorrilla (Valladolid)
1676232000,Feb 12 2023 - 8:00pm,complete,N/A,Villarreal,FC Barcelona,Alejandro José Hernández Hernández,21,2.11,2.70,2.05,2.11,0,1,1,1,0,1,"","18",6,2,4,0,4,0,1,3,1,3,14,9,3,5,10,3,22,18,53,47,1.91,1.69,1.39,1.15,2.47,42,69,52,21,5,26,64,42,90,11.20,6.19,3.94,3.80,1.86,1.24,1.72,2.90,5.50,1.70,2.05,Estadio de la Cerámica (Villarreal)
1676318400,Feb 13 2023 - 8:00pm,complete,N/A,RCD Espanyol,Real Sociedad,Alejandro Muñíz Ruiz,21,1.00,2.20,1.00,1.74,2,3,5,1,0,1,"74,87","23,51,63",4,3,3,1,1,0,1,3,0,1,6,9,4,5,1,2,9,17,44,56,1.56,1.71,0.66,0.91,2.60,50,65,45,30,10,35,75,35,65,10.90,4.90,3.46,3.06,2.30,1.50,2.16,4.75,10.00,2.05,1.70,RCDE Stadium (Cornella de Llobregat)
1676491200,Feb 15 2023 - 8:00pm,complete,N/A,Real Madrid,Elche CF,Ricardo De Burgos Bengoetxea,21,2.33,0.30,2.32,0.53,4,0,4,3,3,0,"8,31,45'1,80","",6,4,1,0,3,0,0,1,1,2,31,9,14,0,13,8,5,13,72,28,2.26,0.89,3.27,0.70,2.94,64,95,68,32,6,52,79,54,90,9.76,6.39,1.18,6.50,17.00,1.17,1.47,2.25,3.80,2.20,1.62,Estadio Santiago Bernabéu (Madrid)
1676664000,Feb 17 2023 - 8:00pm,complete,8879,Girona FC,Almería,Valentín Pizarro Gómez,22,1.64,0.30,1.74,0.42,6,2,8,4,4,0,"8,34,36,43,77,79","66,81",1,7,1,0,1,0,0,1,0,1,15,17,9,5,5,7,10,8,51,49,1.90,1.28,1.79,1.43,2.71,62,77,48,29,5,28,58,58,86,7.87,4.98,1.85,3.86,4.60,1.27,1.87,3.30,5.80,1.80,1.95,Estadi Municipal de Montilivi (Girona)
1676725200,Feb 18 2023 - 1:00pm,complete,N/A,Real Sociedad,Celta de Vigo,Miguel Ángel Ortiz Arias,22,1.70,1.00,2.00,0.84,1,1,2,1,1,0,"5","90'3",3,7,3,0,4,1,0,3,0,5,10,19,4,5,6,8,14,12,55,45,1.62,1.51,1.15,1.57,2.55,45,60,40,30,20,30,75,35,65,9.30,5.60,1.80,3.45,4.80,1.42,2.55,4.30,9.00,2.10,1.67,Reale Arena (Donostia-San Sebastián)
1676733300,Feb 18 2023 - 3:15pm,complete,N/A,Real Betis,Real Valladolid,Antonio Miguel Mateu Lahoz,22,1.70,0.70,1.68,0.63,2,1,3,3,2,1,"2,45'4","30",4,6,3,0,5,0,1,2,1,4,17,18,11,4,3,9,18,15,47,53,1.54,1.17,1.96,1.48,2.60,45,70,55,20,10,40,60,35,80,8.70,5.90,1.63,3.85,5.60,1.28,1.98,2.10,6.30,1.95,1.80,Estadio Benito Villamarín (Sevilla)
1676741400,Feb 18 2023 - 5:30pm,complete,N/A,RCD Mallorca,Villarreal,José María Sánchez Martínez,22,1.70,1.09,1.84,1.32,4,2,6,3,2,1,"20,45,56,63","43,50",4,4,5,0,0,1,2,3,1,0,13,9,6,5,4,3,19,8,45,55,1.27,1.32,1.27,1.07,1.52,24,38,19,5,0,9,43,24,62,8.72,6.08,3.20,3.00,2.55,1.56,2.55,5.00,11.00,2.20,1.62,Visit Mallorca Estadi (Palma de Mallorca)
1676750400,Feb 18 2023 - 8:00pm,complete,N/A,CA Osasuna,Real Madrid,José Luis Munuera Montero,22,1.80,2.18,1.79,1.79,0,2,2,0,0,0,"","78,90'2",5,5,3,0,2,0,3,0,1,1,12,12,5,7,6,2,17,7,47,53,1.80,1.98,1.51,1.43,2.51,48,76,52,14,9,28,71,43,86,10.52,5.13,4.38,3.72,1.80,1.30,1.91,3.25,6.00,1.80,1.95,Estadio El Sadar (Pamplona (Iruñea))
1676811600,Feb 19 2023 - 1:00pm,complete,18963,Elche CF,RCD Espanyol,Carlos Del Cerro Grande,22,0.60,1.10,0.79,0.95,0,1,1,0,0,0,"","90'2",10,5,1,1,3,0,0,2,2,1,16,7,6,4,6,2,11,12,46,54,1.47,1.12,1.54,1.04,2.50,70,75,45,25,5,30,75,30,80,8.00,5.90,2.90,3.20,2.60,1.44,2.30,4.33,9.50,1.95,1.80,Estadio Manuel Martínez Valero (Elche)
1676819700,Feb 19 2023 - 3:15pm,complete,N/A,Rayo Vallecano,Sevilla FC,Jesús Gil Manzano,22,1.70,0.90,1.68,1.21,1,1,2,1,0,1,"65","29",7,3,4,0,1,0,1,3,0,1,19,8,6,3,7,3,11,5,57,43,1.97,1.23,1.66,0.85,2.70,65,85,55,20,15,40,75,30,80,9.20,7.10,2.39,3.20,3.20,1.87,2.37,4.75,10.00,2.00,1.75,Estadio de Vallecas (Madrid)
1676827800,Feb 19 2023 - 5:30pm,complete,61617,Atlético Madrid,Athletic Club Bilbao,Juan Martínez Munuera,22,1.50,1.20,2.21,1.26,1,0,1,0,0,0,"73","",6,5,2,0,3,0,2,0,1,2,18,9,6,3,7,2,7,13,57,43,1.83,1.55,1.71,0.83,2.75,60,85,55,30,10,35,65,45,85,10.10,5.10,2.00,3.25,3.45,1.45,2.38,4.50,9.50,2.00,1.75,Estádio Cívitas Metropolitano (Madrid)
1676836800,Feb 19 2023 - 8:00pm,complete,N/A,FC Barcelona,Cádiz,Pablo González Fuertes,22,2.60,0.80,2.53,0.79,2,0,2,2,2,0,"43,45'1","",5,6,2,0,3,0,0,2,1,2,17,15,6,5,9,8,15,18,65,35,2.32,1.00,1.78,1.43,2.35,25,65,45,20,10,30,60,35,70,9.50,5.80,1.16,7.70,12.00,1.16,1.37,2.43,3.70,2.38,1.53,Spotify Camp Nou (Barcelona)
1676923200,Feb 20 2023 - 8:00pm,complete,N/A,Getafe CF,Valencia CF,Mario Melero López,22,0.91,0.60,1.42,0.68,1,0,1,0,0,0,"82","",4,5,6,0,1,0,2,4,0,1,16,9,7,4,4,3,11,8,46,54,1.20,1.50,1.58,1.00,2.19,53,67,43,14,5,24,62,38,77,9.77,6.10,2.85,3.00,2.88,1.55,2.53,5.80,14.00,2.25,1.57,Coliseum Alfonso Pérez (Getafe)
1677268800,Feb 24 2023 - 8:00pm,complete,N/A,Elche CF,Real Betis,Javier Iglesias Villanueva,23,0.55,1.55,0.79,1.47,2,3,5,2,2,0,"7,9","65,68,90'5",3,3,3,3,1,0,2,4,1,0,6,24,3,9,3,12,5,4,37,63,1.47,1.32,0.83,2.37,2.14,46,60,41,14,9,32,69,23,64,9.64,5.91,3.05,3.05,2.10,1.36,2.00,3.75,7.50,1.95,1.80,Estadio Manuel Martínez Valero (Elche)
1677330000,Feb 25 2023 - 1:00pm,complete,N/A,RCD Espanyol,RCD Mallorca,Javier Alberola Rojas,23,0.91,1.00,1.00,0.79,2,1,3,2,1,1,"22,51","41",0,4,2,0,2,0,0,2,0,2,11,17,4,6,6,9,15,17,40,60,1.48,1.04,1.07,1.72,2.50,46,73,37,32,14,27,69,36,78,9.09,6.55,2.45,2.88,3.00,1.62,2.49,6.00,13.00,2.38,1.53,RCDE Stadium (Cornella de Llobregat)
1677338100,Feb 25 2023 - 3:15pm,complete,N/A,Cádiz,Rayo Vallecano,Alejandro Muñíz Ruiz,23,1.27,1.45,1.42,0.89,1,0,1,0,0,0,"74","",4,6,3,0,3,1,0,3,0,4,7,16,4,3,2,10,0,1,42,58,1.34,1.40,1.00,1.41,2.32,46,69,36,32,9,23,64,27,73,8.63,5.19,2.80,2.90,2.55,1.55,2.40,5.00,10.00,2.05,1.70,Estadio Nuevo Mirandilla (Cádiz)
1677346200,Feb 25 2023 - 5:30pm,complete,N/A,Real Madrid,Atlético Madrid,Jesús Gil Manzano,23,2.40,2.09,2.32,1.84,1,1,2,0,0,0,"85","78",7,4,3,0,3,1,1,2,2,2,21,10,8,3,12,5,10,8,62,38,2.36,1.66,2.38,1.08,2.45,53,73,44,25,10,25,63,44,86,10.77,4.89,1.75,3.50,4.33,1.33,2.10,3.60,7.00,1.91,1.91,Estadio Santiago Bernabéu (Madrid)
1677355200,Feb 25 2023 - 8:00pm,complete,N/A,Valencia CF,Real Sociedad,Alejandro José Hernández Hernández,23,1.27,2.27,1.53,1.74,1,0,1,1,1,0,"40","",7,8,6,0,3,0,2,4,2,1,12,17,5,4,5,9,13,12,37,63,1.82,1.63,1.32,1.55,2.69,45,64,55,23,14,32,69,41,64,10.82,5.27,3.10,3.15,2.45,1.42,2.24,4.33,9.00,1.95,1.80,Estadio de Mestalla (Valencia)
1677416400,Feb 26 2023 - 1:00pm,complete,N/A,Athletic Club Bilbao,Girona FC,Isidro Díaz de Mera Escuderos,23,1.82,0.60,1.42,0.84,2,3,5,4,1,3,"35,89","4,19,45'1",11,3,5,0,5,0,2,3,3,2,24,10,6,7,15,3,17,8,60,40,2.07,1.39,2.42,1.30,2.35,44,63,43,24,14,34,63,34,77,10.59,4.62,1.62,3.70,5.00,1.35,1.95,3.65,7.20,2.00,1.75,San Mamés Barria (Bilbao)
1677424500,Feb 26 2023 - 3:15pm,complete,N/A,Celta de Vigo,Real Valladolid,Ricardo De Burgos Bengoetxea,23,1.18,0.64,1.42,0.63,3,0,3,2,2,0,"17,32,64","",5,4,1,0,3,1,0,1,2,2,23,9,6,5,13,3,6,5,53,47,1.65,1.20,1.99,1.08,2.50,50,73,50,18,9,41,69,27,78,9.00,5.63,1.75,3.50,4.50,1.38,2.25,4.00,8.00,2.05,1.70,Abanca-Balaídos (Vigo)
1677432600,Feb 26 2023 - 5:30pm,complete,N/A,Almería,FC Barcelona,Miguel Ángel Ortiz Arias,23,1.73,2.73,1.74,2.11,1,0,1,1,1,0,"24","",4,7,3,0,3,0,0,3,1,2,9,17,5,3,3,11,14,11,28,72,1.51,1.64,1.08,1.72,2.77,55,69,60,36,14,36,78,50,73,9.73,6.54,8.00,4.50,1.40,1.19,1.53,2.55,4.50,1.80,1.95,Power Horse Stadium – Estadio de los Juegos Mediterráneos (Almería)
1677441600,Feb 26 2023 - 8:00pm,complete,N/A,Sevilla FC,CA Osasuna,Juan Luis Pulido Santana,23,1.36,1.09,1.37,1.00,2,3,5,1,0,1,"63,78","18,67,85",10,2,4,1,2,0,1,4,1,1,23,15,7,7,14,8,10,15,67,33,1.92,1.32,2.33,1.66,1.87,45,73,23,0,0,27,78,9,59,9.91,6.82,1.91,3.20,4.33,1.45,2.35,4.45,9.05,2.05,1.70,Estadio Ramón Sánchez Pizjuán (Sevilla)
1677528000,Feb 27 2023 - 8:00pm,complete,N/A,Villarreal,Getafe CF,Jorge Figueroa Vázquez,23,1.90,0.90,2.05,0.79,2,1,3,2,1,1,"44,52","9",6,5,0,0,1,0,0,0,0,1,12,12,5,3,6,6,9,13,64,36,1.86,1.08,1.62,1.14,2.20,45,65,35,15,5,15,70,35,80,7.90,6.80,1.60,3.60,6.00,1.42,2.21,4.33,9.50,2.20,1.62,Estadio de la Cerámica (Villarreal)
1677873600,Mar 03 2023 - 8:00pm,complete,28733,Real Sociedad,Cádiz,Antonio Miguel Mateu Lahoz,24,1.64,0.73,2.00,0.79,0,0,0,0,0,0,"","",3,0,0,0,1,0,0,0,0,1,15,7,4,3,6,4,18,18,72,28,1.58,1.04,1.40,0.85,2.32,46,69,32,18,14,32,69,27,69,6.90,7.00,1.43,3.95,6.50,1.38,2.15,3.80,8.00,2.38,1.53,Reale Arena (Donostia-San Sebastián)
1677934800,Mar 04 2023 - 1:00pm,complete,N/A,Getafe CF,Girona FC,Juan Martínez Munuera,24,1.08,0.82,1.42,0.84,3,2,5,3,3,0,"2,14,43","54,80",3,3,5,0,4,0,1,4,2,2,9,4,6,4,3,0,24,11,39,61,1.23,1.38,1.12,0.58,2.45,58,70,49,22,13,35,66,39,79,7.70,6.25,2.80,3.00,2.80,1.53,2.48,4.70,9.00,2.10,1.67,Coliseum Alfonso Pérez (Getafe)
1677942900,Mar 04 2023 - 3:15pm,complete,13311,Almería,Villarreal,Pablo González Fuertes,24,1.83,1.00,1.74,1.32,0,2,2,0,0,0,"","76,88",2,10,3,0,4,0,1,2,0,4,9,20,0,8,7,10,10,10,28,72,1.47,1.30,0.66,2.25,2.46,46,63,46,30,13,34,67,38,67,9.50,5.34,3.35,3.60,2.10,1.22,1.67,2.85,5.00,1.62,2.20,Power Horse Stadium – Estadio de los Juegos Mediterráneos (Almería)
1677951000,Mar 04 2023 - 5:30pm,complete,14065,RCD Mallorca,Elche CF,José Luis Munuera Montero,24,1.82,0.27,1.84,0.53,0,1,1,0,0,0,"","88",6,7,3,0,3,0,0,3,2,1,15,16,4,7,5,4,17,14,56,44,1.27,0.87,1.30,1.47,2.50,41,68,50,23,5,41,73,36,78,7.18,8.36,1.70,3.40,6.00,1.56,2.51,4.80,11.00,2.63,1.44,Visit Mallorca Estadi (Palma de Mallorca)
1677960000,Mar 04 2023 - 8:00pm,complete,57737,Atlético Madrid,Sevilla FC,Guillermo Cuadra Fernández,24,1.64,0.91,2.21,1.21,6,1,7,3,2,1,"23,26,53,69,76,90'2","39",7,3,1,0,3,1,1,0,1,3,22,10,8,3,9,7,12,11,47,53,1.82,1.20,1.96,1.14,2.55,69,87,46,14,9,23,69,41,91,9.27,6.82,1.70,3.65,5.25,1.37,2.15,4.00,8.00,2.05,1.70,Estádio Cívitas Metropolitano (Madrid)
1678021200,Mar 05 2023 - 1:00pm,complete,N/A,Real Valladolid,RCD Espanyol,Valentín Pizarro Gómez,24,1.55,1.27,1.47,0.95,2,1,3,1,1,0,"25,62","87",9,6,3,0,2,0,3,0,1,1,16,13,6,3,7,6,0,1,44,56,1.55,1.12,1.58,1.16,2.05,46,55,36,18,5,14,41,41,82,7.55,4.82,2.29,3.09,3.24,1.42,2.19,4.22,8.55,1.95,1.80,Estadio Municipal José Zorrilla (Valladolid)
1678029300,Mar 05 2023 - 3:15pm,complete,89664,FC Barcelona,Valencia CF,Javier Alberola Rojas,24,2.64,0.55,2.53,0.68,1,0,1,1,1,0,"15","",5,2,0,1,0,0,0,1,0,0,14,14,5,2,4,8,11,13,53,47,2.27,1.46,1.13,1.10,2.18,32,69,41,14,0,32,64,32,69,12.63,5.00,1.32,5.45,7.93,1.24,1.52,2.87,5.30,1.95,1.80,Spotify Camp Nou (Barcelona)
1678037400,Mar 05 2023 - 5:30pm,complete,N/A,Rayo Vallecano,Athletic Club Bilbao,Mario Melero López,24,1.64,1.09,1.68,1.26,0,0,0,0,0,0,"","",7,9,1,0,0,1,1,0,0,1,19,17,3,4,10,9,9,17,55,45,1.94,1.49,1.42,1.43,2.69,55,78,55,32,14,45,69,27,78,10.18,5.18,2.95,3.20,2.55,1.45,2.38,4.50,9.50,1.95,1.80,Estadio de Vallecas (Madrid)
1678046400,Mar 05 2023 - 8:00pm,complete,52212,Real Betis,Real Madrid,César Soto Grado,24,1.82,2.25,1.68,1.79,0,0,0,0,0,0,"","",5,3,3,0,4,0,1,2,1,3,10,19,5,6,4,11,12,13,38,62,1.58,1.93,1.23,2.19,2.78,57,78,61,22,13,35,70,47,78,10.30,4.66,4.35,3.85,1.83,1.25,1.88,2.95,5.50,1.80,1.95,Estadio Benito Villamarín (Sevilla)
1678132800,Mar 06 2023 - 8:00pm,complete,N/A,CA Osasuna,Celta de Vigo,José María Sánchez Martínez,24,1.64,1.00,1.79,0.84,0,0,0,0,0,0,"","",6,4,0,0,2,0,0,0,1,1,14,8,7,0,5,7,12,12,64,36,1.77,1.52,1.75,0.94,2.41,41,64,41,18,14,18,64,41,82,9.64,5.81,2.64,3.15,2.88,1.50,2.40,5.10,11.50,2.00,1.75,Estadio El Sadar (Pamplona (Iruñea))
1678478400,Mar 10 2023 - 8:00pm,complete,18414,Cádiz,Getafe CF,Alejandro José Hernández Hernández,25,1.42,0.82,1.42,0.79,2,2,4,1,1,0,"39,82","61,90'16",2,6,4,1,4,1,0,5,2,3,15,21,5,10,8,6,13,16,52,48,1.31,1.09,1.57,2.12,2.26,44,66,35,26,9,18,70,35,66,6.51,6.13,2.45,2.80,3.10,1.67,2.70,6.00,13.00,2.25,1.57,Estadio Nuevo Mirandilla (Cádiz)
1678539600,Mar 11 2023 - 1:00pm,complete,N/A,Real Madrid,RCD Espanyol,Jorge Figueroa Vázquez,25,2.27,1.17,2.32,0.95,3,1,4,3,2,1,"22,39,90'3","8",7,4,3,0,2,0,1,2,1,1,31,14,9,4,15,7,12,17,71,29,2.36,1.12,2.75,1.09,2.66,74,83,53,31,5,27,61,57,92,9.38,4.91,1.25,6.25,12.00,1.19,1.60,2.40,4.50,2.20,1.62,Estadio Santiago Bernabéu (Madrid)
1678547700,Mar 11 2023 - 3:15pm,complete,10536,Elche CF,Real Valladolid,Isidro Díaz de Mera Escuderos,25,0.50,0.58,0.79,0.63,1,1,2,1,0,1,"90'6","4",10,3,4,0,4,2,1,3,0,6,25,6,11,2,9,4,18,8,55,45,1.42,1.19,2.54,0.74,2.54,46,71,50,21,13,50,75,21,75,10.08,6.50,2.75,3.30,2.60,1.35,2.10,3.75,6.50,1.80,1.95,Estadio Manuel Martínez Valero (Elche)
1678555800,Mar 11 2023 - 5:30pm,complete,14451,Celta de Vigo,Rayo Vallecano,Juan Luis Pulido Santana,25,1.33,1.33,1.42,0.89,3,0,3,0,0,0,"51,52,85","",3,7,2,0,3,0,1,1,2,1,16,13,7,4,5,8,13,11,43,57,1.68,1.40,1.48,1.40,2.34,54,67,42,21,8,29,63,21,88,9.17,5.08,2.13,3.20,3.75,1.47,2.45,4.75,10.00,2.05,1.70,Abanca-Balaídos (Vigo)
1678564800,Mar 11 2023 - 8:00pm,complete,N/A,Valencia CF,CA Osasuna,Javier Iglesias Villanueva,25,1.42,1.25,1.53,1.00,1,0,1,0,0,0,"74","",12,3,2,0,5,0,0,2,3,2,11,11,6,0,4,9,8,19,54,46,1.78,1.35,1.53,0.86,2.21,46,63,38,17,8,21,71,25,63,9.83,6.33,2.05,3.10,3.90,1.45,2.35,4.50,10.00,2.00,1.75,Estadio de Mestalla (Valencia)
1678626000,Mar 12 2023 - 1:00pm,complete,N/A,RCD Mallorca,Real Sociedad,Juan Martínez Munuera,25,1.67,2.08,1.84,1.74,1,1,2,1,0,1,"50","3",3,2,2,0,2,1,1,1,1,2,9,9,3,3,5,2,19,20,37,63,1.27,1.63,0.88,0.82,2.13,38,46,30,13,13,21,67,33,55,8.91,6.17,3.35,2.77,2.13,1.54,2.81,6.00,13.00,2.38,1.53,Visit Mallorca Estadi (Palma de Mallorca)
1678634100,Mar 12 2023 - 3:15pm,complete,37843,Sevilla FC,Almería,Ricardo De Burgos Bengoetxea,25,1.25,0.27,1.37,0.42,2,1,3,2,1,1,"45'2,73","2",6,4,5,0,4,0,2,3,1,3,28,14,6,6,15,5,8,11,56,44,1.95,1.30,2.30,1.28,2.71,53,83,44,22,9,30,70,45,79,10.49,6.56,1.55,3.70,4.70,1.30,1.77,3.30,6.50,1.80,1.95,Estadio Ramón Sánchez Pizjuán (Sevilla)
1678642200,Mar 12 2023 - 5:30pm,complete,N/A,Villarreal,Real Betis,Miguel Ángel Ortiz Arias,25,2.00,1.67,2.05,1.47,1,1,2,1,0,1,"55","38",2,4,3,0,2,0,1,2,1,1,16,7,5,4,6,1,8,11,57,43,1.84,1.40,1.46,0.87,2.26,44,66,48,13,9,30,66,35,75,9.50,5.73,1.95,3.40,3.30,1.30,1.90,3.40,6.50,1.75,2.00,Estadio de la Cerámica (Villarreal)
1678651200,Mar 12 2023 - 8:00pm,complete,N/A,Athletic Club Bilbao,FC Barcelona,Jesús Gil Manzano,25,1.67,2.50,1.42,2.11,0,1,1,1,0,1,"","45'1",5,3,2,0,1,0,1,1,0,1,24,13,6,3,12,8,13,7,37,63,2.10,1.65,1.92,1.26,2.33,29,50,46,29,17,29,63,30,71,12.50,5.41,3.20,3.20,2.08,1.40,2.10,4.00,8.00,1.91,1.91,San Mamés Barria (Bilbao)
1678737600,Mar 13 2023 - 8:00pm,complete,N/A,Girona FC,Atlético Madrid,Mario Melero López,25,1.75,2.00,1.74,1.84,0,1,1,0,0,0,"","90'1",1,3,2,0,3,0,0,2,0,3,9,23,5,4,3,15,6,12,50,50,1.89,1.61,1.11,1.87,2.67,59,67,42,21,13,25,54,46,88,8.25,5.33,3.50,3.30,2.20,1.40,2.30,4.00,8.00,1.95,1.80,Estadi Municipal de Montilivi (Girona)
1679083200,Mar 17 2023 - 8:00pm,complete,N/A,Real Valladolid,Athletic Club Bilbao,Javier Alberola Rojas,26,1.67,1.08,1.47,1.26,1,3,4,1,0,1,"74","30,57,78",2,9,2,0,2,0,1,1,1,1,19,18,4,8,12,9,9,14,48,52,1.55,1.48,1.55,2.07,2.17,38,55,46,25,8,25,46,34,79,9.75,4.00,3.25,3.30,2.05,1.39,2.15,3.98,8.00,1.95,1.80,Estadio Municipal José Zorrilla (Valladolid)
1679144400,Mar 18 2023 - 1:00pm,complete,N/A,Almería,Cádiz,Carlos Del Cerro Grande,26,1.69,0.75,1.74,0.79,1,1,2,0,0,0,"90'6","49",5,2,1,0,4,0,1,0,1,3,17,12,5,5,11,6,12,12,67,33,1.41,1.02,1.86,1.29,2.51,48,68,44,28,16,32,68,44,68,6.79,6.57,2.10,3.35,3.60,1.33,2.07,3.80,7.50,1.91,1.91,Power Horse Stadium – Estadio de los Juegos Mediterráneos (Almería)
1679152500,Mar 18 2023 - 3:15pm,complete,12263,Rayo Vallecano,Girona FC,Pablo González Fuertes,26,1.58,0.75,1.68,0.84,2,2,4,3,2,1,"23,34","29,52",3,5,2,0,2,0,2,0,1,1,16,13,4,5,8,6,15,16,48,52,1.90,1.31,1.35,1.40,2.67,63,79,50,25,21,46,71,38,71,9.67,5.91,2.10,3.40,3.65,1.33,2.12,3.60,7.50,1.95,1.80,Estadio de Vallecas (Madrid)
1679160600,Mar 18 2023 - 5:30pm,complete,26231,RCD Espanyol,Celta de Vigo,Guillermo Cuadra Fernández,26,1.08,1.00,1.00,0.84,1,3,4,2,0,2,"86","26,45,82",4,1,2,0,2,0,2,0,0,2,12,9,4,5,3,2,10,6,56,44,1.45,1.47,1.12,0.98,2.75,55,63,50,42,21,25,71,42,80,10.33,5.09,2.80,2.95,2.55,1.42,2.30,4.30,7.50,2.00,1.75,RCDE Stadium (Cornella de Llobregat)
1679169600,Mar 18 2023 - 8:00pm,complete,N/A,Atlético Madrid,Valencia CF,José Luis Munuera Montero,26,1.75,0.50,2.21,0.68,3,0,3,1,1,0,"23,49,67","",4,2,2,0,0,0,2,0,0,0,15,10,7,2,7,5,12,9,56,44,1.83,1.43,1.69,0.89,2.38,54,71,38,13,9,21,58,46,79,11.42,5.42,1.60,3.65,6.00,1.42,2.01,4.35,9.50,2.20,1.62,Estádio Cívitas Metropolitano (Madrid)
1679230800,Mar 19 2023 - 1:00pm,complete,50402,Real Betis,RCD Mallorca,Valentín Pizarro Gómez,26,1.75,0.92,1.68,0.79,1,0,1,0,0,0,"48","",4,4,1,0,2,0,0,1,1,1,11,6,4,2,2,3,8,15,61,39,1.55,1.10,1.08,0.78,2.29,46,71,42,13,8,33,63,29,67,7.75,6.59,1.71,3.10,4.50,1.47,2.35,4.60,9.75,2.20,1.62,Estadio Benito Villamarín (Sevilla)
1679238900,Mar 19 2023 - 3:15pm,complete,N/A,CA Osasuna,Villarreal,Alejandro Muñíz Ruiz,26,1.58,1.15,1.79,1.32,0,3,3,1,0,1,"","14,85,90'3",7,1,3,0,2,0,1,2,0,2,11,13,3,7,6,3,15,7,55,45,1.77,1.38,1.41,1.33,1.96,28,61,32,8,4,20,44,32,76,9.98,5.39,3.10,3.30,2.45,1.40,2.25,4.00,8.25,1.95,1.80,Estadio El Sadar (Pamplona (Iruñea))
1679238900,Mar 19 2023 - 3:15pm,complete,N/A,Real Sociedad,Elche CF,José María Sánchez Martínez,26,1.58,0.50,2.00,0.53,2,0,2,0,0,0,"48,90","",5,3,2,0,1,0,1,1,0,1,18,5,5,4,8,1,16,16,61,39,1.57,0.92,1.67,0.84,2.54,46,80,50,25,4,50,79,25,75,7.91,7.33,1.33,5.00,11.00,1.29,1.88,3.10,6.00,2.20,1.62,Reale Arena (Donostia-San Sebastián)
1679247000,Mar 19 2023 - 5:30pm,complete,N/A,Getafe CF,Sevilla FC,Antonio Miguel Mateu Lahoz,26,1.23,0.83,1.42,1.21,2,0,2,0,0,0,"50,90'5","",4,1,4,0,2,0,1,3,1,1,16,12,5,5,7,6,21,9,37,63,1.22,1.19,1.40,1.26,2.70,65,77,52,24,16,32,73,36,89,7.23,7.30,3.10,2.90,2.50,1.54,2.55,5.00,11.00,2.10,1.67,Coliseum Alfonso Pérez (Getafe)
1679256000,Mar 19 2023 - 8:00pm,complete,95745,FC Barcelona,Real Madrid,Ricardo De Burgos Bengoetxea,26,2.67,2.15,2.53,1.79,2,1,3,2,1,1,"45,90'2","9",8,1,4,0,3,0,1,3,1,2,21,15,8,4,10,8,12,13,54,46,2.17,1.95,2.22,1.38,2.40,27,72,48,20,8,37,72,40,64,12.54,4.00,2.10,3.60,3.15,1.26,1.83,2.87,5.25,1.67,2.10,Spotify Camp Nou (Barcelona)
1680289200,Mar 31 2023 - 7:00pm,complete,N/A,RCD Mallorca,CA Osasuna,Isidro Díaz de Mera Escuderos,27,1.62,1.15,1.84,1.00,0,0,0,0,0,0,"","",2,3,7,1,3,0,3,5,1,2,14,14,0,2,10,9,19,17,42,58,1.24,1.31,0.93,1.15,1.77,42,50,15,8,8,12,66,20,62,7.46,6.92,2.42,3.05,3.64,1.60,2.75,5.50,10.00,2.50,1.50,Visit Mallorca Estadi (Palma de Mallorca)
1680350400,Apr 01 2023 - 12:00pm,complete,12841,Girona FC,RCD Espanyol,Miguel Ángel Ortiz Arias,27,1.62,1.08,1.74,0.95,2,1,3,0,0,0,"53,88","74",5,2,4,1,2,1,2,3,0,3,15,6,5,2,5,2,12,12,63,37,1.83,1.12,1.40,0.65,2.89,73,73,54,31,8,31,58,50,92,6.69,5.00,1.91,3.30,4.20,1.36,2.05,3.80,8.00,1.91,1.91,Estadi Municipal de Montilivi (Girona)
1680358500,Apr 01 2023 - 2:15pm,complete,N/A,Athletic Club Bilbao,Getafe CF,Javier Iglesias Villanueva,27,1.54,0.83,1.42,0.79,0,0,0,0,0,0,"","",13,3,0,0,0,0,0,0,0,0,18,10,4,2,8,6,10,9,64,36,2.08,1.18,1.59,0.89,2.33,41,57,40,28,16,24,69,29,72,9.73,5.75,1.57,3.60,6.50,1.48,2.45,5.10,12.00,2.50,1.50,San Mamés Barria (Bilbao)
1680366600,Apr 01 2023 - 4:30pm,complete,19181,Cádiz,Sevilla FC,César Soto Grado,27,1.38,0.77,1.42,1.21,0,2,2,0,0,0,"","51,74",8,4,3,0,4,0,1,2,1,3,15,12,4,6,7,4,9,14,50,50,1.33,1.20,1.39,1.36,2.69,58,81,46,31,12,23,73,38,81,7.07,6.62,3.00,3.00,2.50,1.47,2.35,4.75,10.00,2.00,1.75,Estadio Nuevo Mirandilla (Cádiz)
1680375600,Apr 01 2023 - 7:00pm,complete,28142,Elche CF,FC Barcelona,Carlos Del Cerro Grande,27,0.54,2.54,0.79,2.11,0,4,4,1,0,1,"","20,56,66,70",11,3,0,0,3,0,0,0,0,3,16,13,3,7,6,3,11,11,41,59,1.51,1.62,1.13,1.34,2.35,47,58,42,23,12,31,77,27,70,11.07,6.38,9.00,5.00,1.33,1.21,1.67,2.55,4.50,2.00,1.75,Estadio Manuel Martínez Valero (Elche)
1680436800,Apr 02 2023 - 12:00pm,complete,N/A,Celta de Vigo,Almería,Alejandro José Hernández Hernández,27,1.46,0.25,1.42,0.42,2,2,4,4,2,2,"10,42","7,32",4,1,3,0,5,0,1,2,1,4,31,11,6,4,16,5,13,12,57,43,1.66,1.29,2.18,1.00,2.77,56,80,52,24,8,32,68,45,84,8.54,5.06,1.62,4.10,5.40,1.26,1.82,2.95,5.80,1.91,1.91,Abanca-Balaídos (Vigo)
1680444900,Apr 02 2023 - 2:15pm,complete,N/A,Real Madrid,Real Valladolid,Juan Luis Pulido Santana,27,2.33,0.62,2.32,0.63,6,0,6,4,4,0,"22,29,32,36,73,90'1","",9,1,0,0,1,0,0,0,0,1,31,13,18,3,8,6,16,12,60,40,2.39,1.16,3.32,1.04,2.73,57,85,56,29,8,48,68,41,85,10.73,5.54,1.20,7.00,13.00,1.10,1.45,2.10,3.10,1.95,1.80,Estadio Santiago Bernabéu (Madrid)
1680453000,Apr 02 2023 - 4:30pm,complete,N/A,Villarreal,Real Sociedad,Jesús Gil Manzano,27,1.92,2.00,2.05,1.74,2,0,2,0,0,0,"77,81","",4,4,4,1,3,0,1,4,1,2,17,17,5,4,7,7,12,19,52,48,1.81,1.57,1.32,1.31,2.36,48,69,40,12,8,28,80,28,69,10.29,5.13,2.40,3.30,3.15,1.38,2.15,4.00,8.50,1.91,1.91,Estadio de la Cerámica (Villarreal)
1680462000,Apr 02 2023 - 7:00pm,complete,N/A,Atlético Madrid,Real Betis,Juan Martínez Munuera,27,1.85,1.62,2.21,1.47,1,0,1,0,0,0,"86","",5,1,1,0,2,0,1,0,0,2,16,7,8,3,6,4,20,11,54,46,1.82,1.36,2.10,0.95,2.50,50,74,46,15,15,27,62,50,74,9.62,5.61,1.61,3.95,6.25,1.32,2.00,3.45,7.00,2.00,1.75,Estádio Cívitas Metropolitano (Madrid)
1680548400,Apr 03 2023 - 7:00pm,complete,N/A,Valencia CF,Rayo Vallecano,Jorge Figueroa Vázquez,27,1.54,1.23,1.53,0.89,1,1,2,1,0,1,"82","9",13,3,2,0,3,0,2,0,1,2,19,8,5,3,9,5,15,15,61,39,1.76,1.40,1.84,1.06,2.35,42,58,46,23,8,23,50,31,85,11.39,6.00,2.17,3.20,3.80,1.44,2.45,4.20,8.75,2.00,1.75,Estadio de Mestalla (Valencia)
1680894000,Apr 07 2023 - 7:00pm,complete,N/A,Sevilla FC,Celta de Vigo,Valentín Pizarro Gómez,28,1.38,1.15,1.37,0.84,2,2,4,1,1,0,"43,81","89,90'3",8,3,5,2,2,0,3,4,2,0,8,10,3,5,4,4,11,9,30,70,1.98,1.43,1.01,1.31,2.54,50,70,46,23,16,31,73,35,73,11.08,6.38,2.08,3.50,3.60,1.40,2.30,4.20,8.50,1.95,1.80,Estadio Ramón Sánchez Pizjuán (Sevilla)
1680955200,Apr 08 2023 - 12:00pm,complete,16925,CA Osasuna,Elche CF,Pablo González Fuertes,28,1.46,0.46,1.79,0.53,2,1,3,1,0,1,"71,84","44",9,2,1,0,3,0,0,1,1,2,27,11,7,3,17,6,15,7,62,38,1.74,0.91,2.55,1.01,2.46,35,81,54,16,0,39,66,38,89,8.54,7.08,1.75,3.40,5.00,1.80,2.20,4.30,9.50,2.10,1.67,Estadio El Sadar (Pamplona (Iruñea))
1680963300,Apr 08 2023 - 2:15pm,complete,24903,RCD Espanyol,Athletic Club Bilbao,José Luis Munuera Montero,28,1.00,1.23,1.00,1.26,1,2,3,1,0,1,"90","22,75",8,7,5,1,4,0,1,5,3,1,12,15,3,7,9,7,4,6,49,51,1.42,1.53,1.17,1.74,2.89,62,73,62,50,12,38,70,39,89,10.15,4.77,3.60,3.10,2.15,1.45,2.30,4.15,7.90,2.00,1.75,RCDE Stadium (Cornella de Llobregat)
1680971400,Apr 08 2023 - 4:30pm,complete,27606,Real Sociedad,Getafe CF,Mario Melero López,28,1.69,0.85,2.00,0.79,2,0,2,1,1,0,"45'2,60","",3,2,2,0,1,0,1,1,1,0,12,7,7,5,4,1,11,9,62,38,1.57,1.15,1.45,0.99,2.16,50,66,31,19,8,23,69,31,66,6.92,6.38,1.61,3.40,6.50,1.50,2.38,5.40,13.00,2.50,1.50,Reale Arena (Donostia-San Sebastián)
1680980400,Apr 08 2023 - 7:00pm,complete,57887,Real Madrid,Villarreal,Javier Alberola Rojas,28,2.38,1.29,2.32,1.32,2,3,5,2,1,1,"16,48","39,70,80",6,7,0,0,3,0,0,0,2,1,23,21,6,10,13,10,8,19,49,51,2.46,1.37,2.01,2.36,2.61,45,75,49,30,11,34,56,49,82,11.63,4.14,1.50,4.50,6.50,1.20,1.62,2.26,4.75,1.70,2.05,Estadio Santiago Bernabéu (Madrid)
1681041600,Apr 09 2023 - 12:00pm,complete,N/A,Real Valladolid,RCD Mallorca,Alejandro Muñíz Ruiz,28,1.54,0.85,1.47,0.79,3,3,6,1,1,0,"33,68,86","53,58,90'4",1,2,3,0,5,0,1,2,2,3,11,15,7,7,4,4,13,20,63,37,1.55,1.07,1.43,1.37,1.96,31,58,31,12,8,20,50,35,73,8.31,5.39,2.43,3.96,2.25,1.54,2.94,5.25,11.00,2.25,1.57,Estadio Municipal José Zorrilla (Valladolid)
1681049700,Apr 09 2023 - 2:15pm,complete,N/A,Real Betis,Cádiz,Guillermo Cuadra Fernández,28,1.85,0.77,1.68,0.79,0,2,2,0,0,0,"","53,59",5,6,3,2,3,0,2,3,2,1,11,25,3,6,6,14,18,16,47,53,1.52,1.04,1.05,2.03,2.27,46,62,43,15,12,27,50,35,69,6.77,6.23,1.72,4.00,5.00,1.36,2.15,3.73,7.35,2.05,1.70,Estadio Benito Villamarín (Sevilla)
1681057800,Apr 09 2023 - 4:30pm,complete,N/A,Almería,Valencia CF,José María Sánchez Martínez,28,1.64,0.46,1.74,0.68,2,1,3,0,0,0,"49,58","61",3,7,3,0,2,0,3,0,1,1,11,12,5,5,3,5,11,11,40,60,1.44,1.38,1.12,1.63,2.44,55,71,44,22,7,26,71,48,74,9.49,5.46,2.95,3.30,2.50,1.38,2.15,4.10,9.00,1.91,1.91,Power Horse Stadium – Estadio de los Juegos Mediterráneos (Almería)
1681066800,Apr 09 2023 - 7:00pm,complete,N/A,Rayo Vallecano,Atlético Madrid,Ricardo De Burgos Bengoetxea,28,1.54,2.08,1.68,1.84,1,2,3,2,0,2,"85","22,24",8,2,0,1,0,0,0,1,0,0,18,16,4,4,12,11,8,7,51,49,1.86,1.63,1.70,1.52,2.19,46,66,35,16,12,27,58,27,74,10.15,6.00,4.00,3.40,2.05,1.40,2.35,4.30,7.50,2.05,1.70,Estadio de Vallecas (Madrid)
1681153200,Apr 10 2023 - 7:00pm,complete,N/A,FC Barcelona,Girona FC,Antonio Miguel Mateu Lahoz,28,2.69,0.77,2.53,0.84,0,0,0,0,0,0,"","",12,2,0,0,2,0,0,0,1,1,19,6,4,0,11,5,14,14,59,41,2.18,1.32,1.82,0.51,2.66,46,77,54,27,12,50,77,35,70,10.62,5.23,1.30,5.75,10.50,1.17,1.60,2.35,4.40,1.95,1.80,Spotify Camp Nou (Barcelona)
1681498800,Apr 14 2023 - 7:00pm,complete,12726,Rayo Vallecano,CA Osasuna,José Luis Munuera Montero,29,1.43,1.14,1.68,1.00,2,1,3,2,2,0,"40,43","66",2,3,2,0,3,0,0,2,0,3,18,10,5,5,8,4,18,16,46,54,1.85,1.30,1.64,1.26,2.07,50,68,32,14,11,32,71,14,57,9.57,5.85,1.99,3.21,4.50,1.44,2.32,4.33,9.00,2.05,1.70,Estadio de Vallecas (Madrid)
1681560000,Apr 15 2023 - 12:00pm,complete,14876,Villarreal,Real Valladolid,Javier Iglesias Villanueva,29,2.00,0.57,2.05,0.63,1,2,3,2,0,2,"74","2,34",8,5,1,0,6,0,1,0,1,5,29,15,8,8,17,7,9,18,70,30,1.77,1.15,2.93,1.75,2.51,41,78,48,15,7,40,70,30,86,9.47,6.28,1.39,5.00,7.38,1.22,1.60,2.60,4.75,1.95,1.80,Estadio de la Cerámica (Villarreal)
1681568100,Apr 15 2023 - 2:15pm,complete,49287,Athletic Club Bilbao,Real Sociedad,César Soto Grado,29,1.50,1.86,1.42,1.74,2,0,2,1,1,0,"33,70","",5,2,5,0,2,0,2,3,0,2,16,16,6,5,8,9,4,4,51,49,2.05,1.55,1.70,1.56,2.25,32,54,36,22,18,29,68,25,57,12.21,4.36,2.25,3.15,3.41,1.47,2.46,4.80,11.00,2.05,1.70,San Mamés Barria (Bilbao)
1681576200,Apr 15 2023 - 4:30pm,complete,N/A,Real Betis,RCD Espanyol,Alejandro José Hernández Hernández,29,1.71,1.00,1.68,0.95,3,1,4,2,2,0,"27,34,69","48",4,13,2,0,2,0,2,0,1,1,16,14,9,5,5,6,9,13,52,48,1.48,1.08,1.82,1.44,2.50,65,72,54,22,4,25,54,43,82,7.43,6.07,1.81,3.55,4.53,1.33,2.12,3.80,7.00,1.95,1.80,Estadio Benito Villamarín (Sevilla)
1681585200,Apr 15 2023 - 7:00pm,complete,19833,Cádiz,Real Madrid,Jesús Gil Manzano,29,1.29,2.00,1.42,1.79,0,2,2,0,0,0,"","72,76",2,9,1,0,0,0,1,0,0,0,13,36,4,12,7,12,11,7,31,69,1.34,1.91,1.21,3.08,2.50,43,75,47,29,11,25,68,47,72,9.64,4.86,7.00,4.75,1.45,1.25,1.78,3.00,6.00,1.91,1.91,Estadio Nuevo Mirandilla (Cádiz)
1681646400,Apr 16 2023 - 12:00pm,complete,11114,Girona FC,Elche CF,Jorge Figueroa Vázquez,29,1.71,0.43,1.74,0.53,2,0,2,1,1,0,"45,70","",3,4,3,0,3,1,2,1,1,3,14,12,6,6,7,6,9,14,49,51,1.80,0.92,1.48,1.52,3.04,57,82,64,29,7,47,65,50,93,7.29,6.29,1.58,4.20,6.00,1.29,1.85,3.00,5.50,1.95,1.80,Estadi Municipal de Montilivi (Girona)
1681654500,Apr 16 2023 - 2:15pm,complete,N/A,Getafe CF,FC Barcelona,Juan Luis Pulido Santana,29,1.36,2.57,1.42,2.11,0,0,0,0,0,0,"","",1,5,2,0,1,0,1,1,1,0,6,16,2,4,3,7,13,12,33,67,1.23,1.60,0.65,1.37,2.33,36,57,47,25,11,25,64,43,72,8.93,6.57,6.50,4.20,1.55,1.36,2.00,3.82,7.20,2.20,1.62,Coliseum Alfonso Pérez (Getafe)
1681662600,Apr 16 2023 - 4:30pm,complete,N/A,Atlético Madrid,Almería,Isidro Díaz de Mera Escuderos,29,1.93,0.31,2.21,0.42,2,1,3,3,2,1,"5,43","37",9,2,3,0,3,0,0,3,1,2,20,3,8,0,10,3,7,8,64,36,1.84,1.27,2.35,0.39,2.86,56,82,49,26,11,30,63,56,82,9.69,5.49,1.30,5.25,11.00,1.16,1.57,2.35,4.10,2.10,1.67,Estádio Cívitas Metropolitano (Madrid)
1681671600,Apr 16 2023 - 7:00pm,complete,N/A,Valencia CF,Sevilla FC,Carlos Del Cerro Grande,29,1.50,0.93,1.53,1.21,0,2,2,0,0,0,"","55,75",6,2,1,1,4,0,0,2,1,3,16,9,4,3,11,5,10,17,60,40,1.76,1.21,1.71,1.19,2.68,57,75,50,21,11,25,64,40,90,10.21,6.93,2.10,3.20,3.70,1.43,2.20,4.30,8.75,1.95,1.80,Estadio de Mestalla (Valencia)
1681758000,Apr 17 2023 - 7:00pm,complete,N/A,Celta de Vigo,RCD Mallorca,Miguel Ángel Ortiz Arias,29,1.43,0.86,1.42,0.79,0,1,1,1,0,1,"","21",7,5,1,1,1,0,1,1,0,1,13,9,4,3,3,6,10,19,73,27,1.70,1.09,1.49,1.09,2.47,47,75,43,18,11,33,68,29,75,7.71,6.00,1.92,3.25,4.75,1.55,2.55,4.75,9.00,2.38,1.53,Abanca-Balaídos (Vigo)
1682103600,Apr 21 2023 - 7:00pm,complete,28512,RCD Espanyol,Cádiz,Juan Martínez Munuera,30,0.93,0.93,1.00,0.79,0,0,0,0,0,0,"","",6,3,4,0,2,0,3,1,1,1,18,11,7,2,9,9,8,22,57,43,1.40,1.11,1.86,1.16,2.61,54,72,47,32,14,29,61,47,82,8.07,6.29,1.95,3.20,4.20,1.44,2.30,4.50,9.50,2.05,1.68,RCDE Stadium (Cornella de Llobregat)
1682164800,Apr 22 2023 - 12:00pm,complete,N/A,CA Osasuna,Real Betis,Javier Alberola Rojas,30,1.57,1.50,1.79,1.47,3,2,5,4,3,1,"6,11,41","16,70",5,13,2,0,0,0,1,1,0,0,11,22,6,7,3,7,17,12,38,62,1.80,1.33,1.33,1.92,2.11,40,64,43,7,7,22,57,40,75,8.65,5.79,2.62,3.00,2.87,1.44,2.40,4.33,8.00,1.95,1.75,Estadio El Sadar (Pamplona (Iruñea))
1682172900,Apr 22 2023 - 2:15pm,complete,13271,Almería,Athletic Club Bilbao,Valentín Pizarro Gómez,30,1.73,1.36,1.74,1.26,1,2,3,1,0,1,"90'2","9,56",3,4,2,0,4,0,0,2,1,3,13,15,5,4,5,9,8,20,52,48,1.42,1.54,1.41,1.47,2.76,62,76,59,38,10,35,69,48,80,9.40,5.29,4.20,3.50,1.83,1.30,1.83,3.25,5.50,1.75,1.93,Power Horse Stadium – Estadio de los Juegos Mediterráneos (Almería)
1682181000,Apr 22 2023 - 4:30pm,complete,32054,Real Sociedad,Rayo Vallecano,Alejandro Muñíz Ruiz,30,1.79,1.21,2.00,0.89,2,1,3,0,0,0,"59,81","57",3,3,1,0,2,0,0,1,0,2,8,8,2,3,4,3,18,19,61,39,1.57,1.38,0.89,0.83,2.14,47,68,29,18,7,25,61,21,79,8.79,5.72,1.67,3.40,5.80,1.44,2.30,4.50,9.50,2.20,1.65,Reale Arena (Donostia-San Sebastián)
1682181000,Apr 22 2023 - 4:30pm,complete,21033,Real Valladolid,Girona FC,Mario Melero López,30,1.50,0.79,1.47,0.84,1,0,1,1,1,0,"24","",5,7,1,0,1,0,0,1,1,0,16,13,7,7,4,4,14,9,39,61,1.54,1.26,1.46,1.61,2.54,54,65,50,29,18,29,57,47,79,8.22,4.86,2.35,3.30,3.00,1.30,1.87,2.05,6.50,1.74,2.04,Estadio Municipal José Zorrilla (Valladolid)
1682190000,Apr 22 2023 - 7:00pm,complete,60386,Real Madrid,Celta de Vigo,Antonio Miguel Mateu Lahoz,30,2.21,1.14,2.32,0.84,2,0,2,1,1,0,"42,48","",8,3,1,0,2,0,1,0,1,1,18,13,6,3,9,7,10,10,66,34,2.43,1.42,1.88,1.11,3.00,61,75,57,47,21,36,71,57,82,11.14,4.07,1.36,4.75,8.00,1.19,1.57,2.33,4.50,1.85,1.83,Estadio Santiago Bernabéu (Madrid)
1682251200,Apr 23 2023 - 12:00pm,complete,22129,Elche CF,Valencia CF,Guillermo Cuadra Fernández,30,0.50,0.43,0.79,0.68,0,2,2,2,0,2,"","19,42",11,6,3,0,1,0,0,3,1,0,8,6,2,4,5,2,12,6,66,34,1.48,1.40,1.05,0.97,2.36,54,68,43,18,7,25,72,32,79,11.57,5.43,4.10,3.45,1.85,1.38,2.10,3.92,7.80,2.00,1.78,Estadio Manuel Martínez Valero (Elche)
1682259300,Apr 23 2023 - 2:15pm,complete,80965,FC Barcelona,Atlético Madrid,José María Sánchez Martínez,30,2.57,2.14,2.53,1.84,1,0,1,1,1,0,"44","",3,3,4,0,8,0,1,3,0,8,14,12,5,5,9,7,15,16,62,38,2.15,1.63,1.72,1.37,2.04,29,61,36,11,4,29,61,25,68,11.43,5.07,1.91,3.35,3.90,1.40,2.05,4.00,8.00,1.95,1.80,Spotify Camp Nou (Barcelona)
1682267400,Apr 23 2023 - 4:30pm,complete,N/A,RCD Mallorca,Getafe CF,Pablo González Fuertes,30,1.57,0.79,1.84,0.79,3,1,4,1,0,1,"56,64,90'5","23",2,2,2,0,3,0,0,2,1,2,9,4,5,2,4,1,15,18,49,51,1.22,1.14,1.18,0.52,1.93,43,50,25,14,7,11,61,33,68,6.36,7.35,2.04,2.88,4.34,1.65,3.11,6.90,14.00,2.55,1.50,Visit Mallorca Estadi (Palma de Mallorca)
1682276400,Apr 23 2023 - 7:00pm,complete,N/A,Sevilla FC,Villarreal,Ricardo De Burgos Bengoetxea,30,1.36,1.40,1.37,1.32,2,1,3,1,1,0,"34,90'4","55",5,3,1,0,2,0,0,1,0,2,18,18,5,6,10,10,13,10,38,62,1.91,1.44,1.62,1.69,2.42,42,73,45,17,10,32,63,35,76,11.64,6.62,2.48,3.33,2.77,1.32,1.96,3.43,6.70,1.75,1.95,Estadio Ramón Sánchez Pizjuán (Sevilla)
1682443800,Apr 25 2023 - 5:30pm,complete,N/A,Cádiz,CA Osasuna,Carlos Del Cerro Grande,31,1.20,1.07,1.42,1.00,0,1,1,0,0,0,"","62",11,2,0,0,1,1,0,0,0,2,21,7,5,5,10,2,8,15,56,44,1.33,1.29,1.80,1.00,2.03,40,67,27,20,7,17,67,27,60,7.67,5.86,2.14,3.02,3.32,1.45,2.55,4.50,9.50,2.10,1.67,Estadio Nuevo Mirandilla (Cádiz)
1682443800,Apr 25 2023 - 5:30pm,complete,13306,Girona FC,Real Madrid,Javier Iglesias Villanueva,31,1.80,2.07,1.74,1.79,4,2,6,3,2,1,"12,24,46,62","34,85",3,8,1,0,2,0,1,0,1,1,14,19,6,4,5,6,7,6,29,71,1.78,1.99,1.33,1.55,2.84,57,77,53,24,13,33,60,53,87,9.27,4.27,4.64,3.85,1.60,1.21,1.67,2.64,4.77,1.75,2.00,Estadi Municipal de Montilivi (Girona)
1682452800,Apr 25 2023 - 8:00pm,complete,N/A,Real Betis,Real Sociedad,Juan Martínez Munuera,31,1.80,1.73,1.68,1.74,0,0,0,0,0,0,"","",2,4,1,0,3,0,0,1,1,2,11,11,2,4,7,4,13,23,58,42,1.50,1.55,1.03,1.22,2.44,47,67,43,17,10,30,67,37,63,8.93,5.40,3.14,3.26,2.28,1.41,2.25,4.13,8.35,1.95,1.80,Estadio Benito Villamarín (Sevilla)
1682530200,Apr 26 2023 - 5:30pm,complete,N/A,Atlético Madrid,RCD Mallorca,Juan Luis Pulido Santana,31,2.00,1.00,2.21,0.79,3,1,4,2,1,1,"45'2,47,77","20",5,8,0,0,0,0,0,0,0,0,25,7,10,3,10,1,10,9,68,32,1.88,1.09,2.57,0.85,2.44,43,74,37,13,13,27,64,40,74,9.47,6.07,1.40,4.84,10.50,1.42,2.34,4.50,9.50,2.63,1.44,Estádio Cívitas Metropolitano (Madrid)
1682530200,Apr 26 2023 - 5:30pm,complete,10260,Getafe CF,Almería,Javier Alberola Rojas,31,1.33,0.29,1.42,0.42,1,2,3,1,0,1,"71","7,58",4,6,2,1,2,0,2,1,1,1,22,24,10,12,9,8,15,9,46,54,1.19,1.21,2.41,2.44,2.60,52,73,49,28,10,35,62,45,72,7.50,6.26,2.03,3.52,4.18,1.38,2.22,4.30,9.50,2.00,1.75,Coliseum Alfonso Pérez (Getafe)
1682539200,Apr 26 2023 - 8:00pm,complete,N/A,Celta de Vigo,Elche CF,Isidro Díaz de Mera Escuderos,31,1.33,0.40,1.42,0.53,1,0,1,0,0,0,"90","",10,6,0,0,0,0,0,0,0,0,20,16,11,4,7,9,9,12,49,51,1.68,0.96,2.36,1.37,2.70,47,83,60,24,4,43,77,34,83,8.20,6.33,1.48,4.74,7.70,1.28,1.77,3.20,6.00,2.10,1.67,Abanca-Balaídos (Vigo)
1682539200,Apr 26 2023 - 8:00pm,complete,N/A,Rayo Vallecano,FC Barcelona,Jesús Gil Manzano,31,1.53,2.47,1.68,2.11,2,1,3,1,1,0,"19,53","83",3,9,1,0,4,0,0,1,3,1,11,15,8,7,3,6,10,14,40,60,1.83,1.58,1.56,1.64,2.37,44,64,50,24,10,37,70,30,64,10.67,5.67,4.90,3.98,1.78,1.30,1.83,3.40,6.50,1.80,1.95,Estadio de Vallecas (Madrid)
1682616600,Apr 27 2023 - 5:30pm,complete,N/A,Valencia CF,Real Valladolid,José Luis Munuera Montero,31,1.40,0.73,1.53,0.63,2,1,3,1,0,1,"60,90'3","6",6,2,0,0,4,0,0,0,0,4,20,10,7,3,9,4,16,17,49,51,1.76,1.19,1.96,0.85,2.60,40,70,54,20,10,40,63,34,80,11.13,6.66,1.70,3.58,4.20,1.30,1.88,3.40,6.50,1.80,1.95,Estadio de Mestalla (Valencia)
1682616600,Apr 27 2023 - 5:30pm,complete,16134,Villarreal,RCD Espanyol,César Soto Grado,31,1.86,0.93,2.05,0.95,4,2,6,1,0,1,"53,63,80,90'2","45,73",9,2,2,0,4,1,1,1,1,4,32,15,14,5,10,5,14,10,65,35,1.85,1.11,3.05,1.21,2.51,65,80,52,20,0,28,66,41,93,9.24,5.72,1.53,3.87,5.10,1.28,1.81,3.10,6.00,1.80,1.95,Estadio de la Cerámica (Villarreal)
1682625600,Apr 27 2023 - 8:00pm,complete,N/A,Athletic Club Bilbao,Sevilla FC,Alejandro José Hernández Hernández,31,1.60,1.07,1.42,1.21,0,1,1,0,0,0,"","90'2",8,2,3,0,3,0,0,3,2,1,9,7,3,2,5,3,8,10,55,45,2.03,1.21,1.08,0.84,2.47,44,70,40,24,17,27,64,30,84,10.40,5.93,1.82,3.15,4.15,1.36,2.05,3.75,7.50,1.95,1.80,San Mamés Barria (Bilbao)
1682708400,Apr 28 2023 - 7:00pm,complete,21570,CA Osasuna,Real Sociedad,Valentín Pizarro Gómez,32,1.67,1.69,1.79,1.74,0,2,2,1,0,1,"","6,90",4,2,3,0,1,0,0,3,0,1,14,13,2,8,8,4,12,15,51,49,1.77,1.53,1.29,1.63,2.26,39,68,39,10,10,23,68,36,69,9.65,5.31,3.64,3.30,2.28,1.45,2.25,4.50,9.50,1.98,1.72,Estadio El Sadar (Pamplona (Iruñea))
1682777700,Apr 29 2023 - 2:15pm,complete,N/A,Elche CF,Rayo Vallecano,Mario Melero López,32,0.47,1.13,0.79,0.89,4,0,4,1,1,0,"45'1,52,53,72","",3,8,1,0,2,1,1,0,2,1,21,19,10,4,11,13,13,16,51,49,1.45,1.34,2.26,1.70,2.40,53,70,40,24,10,30,67,24,83,11.20,5.73,4.75,3.60,1.73,1.38,2.08,4.00,8.00,2.00,1.68,Estadio Manuel Martínez Valero (Elche)
1682785800,Apr 29 2023 - 4:30pm,complete,58036,Real Madrid,Almería,Guillermo Cuadra Fernández,32,2.27,0.47,2.32,0.42,4,2,6,4,3,1,"5,17,42,47","45'1,61",7,0,2,0,2,0,1,1,0,2,16,10,9,4,4,5,12,16,68,32,2.39,1.29,2.07,1.03,3.14,67,90,60,40,14,44,73,57,83,10.53,4.54,1.14,8.50,21.00,1.11,1.30,1.73,3.20,1.93,1.75,Estadio Santiago Bernabéu (Madrid)
1682794800,Apr 29 2023 - 7:00pm,complete,N/A,FC Barcelona,Real Betis,Carlos Del Cerro Grande,32,2.60,1.40,2.53,1.47,4,0,4,3,3,0,"14,36,39,82","",10,0,0,0,1,1,0,0,2,0,16,5,7,2,8,3,10,9,67,33,2.12,1.37,1.96,0.57,2.17,30,60,44,17,10,37,67,27,57,11.13,4.87,1.28,5.25,11.00,1.20,1.61,2.75,5.00,2.10,1.65,Spotify Camp Nou (Barcelona)
1682856000,Apr 30 2023 - 12:00pm,complete,N/A,Cádiz,Valencia CF,Ricardo De Burgos Bengoetxea,32,1.13,0.60,1.42,0.68,2,1,3,1,1,0,"39,46","51",5,6,6,0,2,0,0,6,0,2,9,17,5,5,4,8,14,10,40,60,1.36,1.37,1.20,1.77,2.19,39,68,36,19,3,17,58,42,71,9.82,4.89,3.20,3.15,2.12,1.42,2.14,4.33,9.00,1.93,1.77,Estadio Nuevo Mirandilla (Cádiz)
1682864100,Apr 30 2023 - 2:15pm,complete,16123,Villarreal,Celta de Vigo,Pablo González Fuertes,32,1.93,1.07,2.05,0.84,3,1,4,3,2,1,"2,12,70","29",4,9,1,0,4,0,1,0,2,2,10,15,4,6,4,3,8,10,52,48,1.93,1.40,1.06,1.47,2.60,50,70,47,27,14,24,73,40,83,10.26,5.06,1.87,3.55,3.55,1.28,1.79,3.10,6.00,1.73,1.95,Estadio de la Cerámica (Villarreal)
1682872200,Apr 30 2023 - 4:30pm,complete,26953,RCD Espanyol,Getafe CF,José María Sánchez Martínez,32,0.93,0.73,1.00,0.79,1,0,1,1,1,0,"38","",6,3,4,0,5,0,2,2,1,4,20,10,10,3,8,6,12,23,57,43,1.43,1.10,2.14,1.12,2.60,60,70,50,37,10,23,73,44,80,8.07,6.13,2.30,2.90,3.40,1.53,2.50,5.00,10.00,2.20,1.58,RCDE Stadium (Cornella de Llobregat)
1682881200,Apr 30 2023 - 7:00pm,complete,23321,Real Valladolid,Atlético Madrid,Antonio Miguel Mateu Lahoz,32,1.60,2.00,1.47,1.84,2,5,7,4,1,3,"42,74","20,24,38,86,90'3",9,1,2,0,1,0,2,0,1,0,22,12,8,7,12,4,14,8,58,42,1.54,1.61,2.33,1.41,2.03,37,50,34,14,10,10,50,37,77,8.73,5.20,5.00,3.80,1.67,1.25,1.75,2.95,5.50,1.78,1.90,Estadio Municipal José Zorrilla (Valladolid)
1682960400,May 01 2023 - 5:00pm,complete,N/A,RCD Mallorca,Athletic Club Bilbao,Jorge Figueroa Vázquez,32,1.67,1.47,1.84,1.26,1,1,2,0,0,0,"58","90'6",5,7,4,1,2,0,3,2,1,1,10,17,3,7,2,1,17,8,30,70,1.22,1.54,0.74,1.54,2.27,50,57,44,27,7,20,60,37,77,8.60,6.40,3.30,2.90,2.30,1.57,2.75,5.50,12.00,2.20,1.62,Visit Mallorca Estadi (Palma de Mallorca)
1682967600,May 01 2023 - 7:00pm,complete,35560,Sevilla FC,Girona FC,Alejandro Muñíz Ruiz,32,1.47,0.73,1.37,0.84,0,2,2,1,0,1,"","23,55",6,1,1,0,1,0,1,0,0,1,24,10,6,4,15,4,14,11,64,36,1.89,1.29,2.36,0.96,2.67,64,80,53,23,14,40,77,37,77,10.20,6.87,1.80,3.60,4.20,1.32,1.89,3.50,6.50,1.80,1.95,Estadio Ramón Sánchez Pizjuán (Sevilla)
1683048600,May 02 2023 - 5:30pm,complete,N/A,FC Barcelona,CA Osasuna,Javier Iglesias Villanueva,33,2.63,1.19,2.53,1.00,1,0,1,0,0,0,"85","",11,0,0,0,0,1,0,0,1,0,28,9,6,3,18,5,7,10,76,24,2.11,1.28,2.72,0.89,1.91,29,60,32,13,3,32,72,13,53,10.62,5.19,1.22,6.14,11.34,1.22,1.72,2.35,5.00,2.36,1.56,Spotify Camp Nou (Barcelona)
1683048600,May 02 2023 - 5:30pm,complete,N/A,Almería,Elche CF,Alejandro José Hernández Hernández,33,1.63,0.38,1.74,0.53,2,1,3,1,1,0,"22,52","90",7,13,2,0,2,0,0,2,1,1,12,22,5,3,7,15,8,9,46,54,1.42,0.99,1.35,1.75,2.78,54,85,60,28,7,41,75,51,85,8.01,6.69,1.89,3.51,4.06,1.22,2.03,2.70,5.00,1.70,2.15,Power Horse Stadium – Estadio de los Juegos Mediterráneos (Almería)
1683057600,May 02 2023 - 8:00pm,complete,N/A,Real Sociedad,Real Madrid,Juan Luis Pulido Santana,33,1.87,1.94,2.00,1.79,2,0,2,0,0,0,"47,85","",2,6,1,0,4,1,1,0,0,5,12,14,5,6,5,5,17,9,53,47,1.52,1.96,1.32,1.32,2.47,49,77,42,19,13,33,68,42,74,9.83,4.68,3.82,3.48,1.97,1.32,1.98,3.40,6.50,1.75,2.05,Reale Arena (Donostia-San Sebastián)
1683135000,May 03 2023 - 5:30pm,complete,43634,Valencia CF,Villarreal,Jesús Gil Manzano,33,1.50,1.31,1.53,1.32,1,1,2,0,0,0,"72","62",6,6,4,0,2,0,4,0,1,1,15,13,4,6,9,6,14,13,33,67,1.77,1.45,1.41,1.58,2.38,38,63,47,19,10,22,53,44,78,11.94,5.25,3.10,3.40,2.25,1.28,1.75,3.20,6.00,1.65,2.10,Estadio de Mestalla (Valencia)
1683144000,May 03 2023 - 8:00pm,complete,42023,Atlético Madrid,Cádiz,César Soto Grado,33,2.06,0.93,2.21,0.79,5,1,6,2,2,0,"2,27,49,57,73","72",5,2,3,0,2,0,3,0,2,0,20,4,9,3,9,1,12,9,56,44,1.92,1.12,2.28,0.69,2.38,45,71,39,16,13,26,52,48,74,8.66,5.77,1.30,5.25,12.00,1.24,1.67,2.90,5.50,2.20,1.58,Estádio Cívitas Metropolitano (Madrid)
1683144000,May 03 2023 - 8:00pm,complete,N/A,Getafe CF,Celta de Vigo,Guillermo Cuadra Fernández,33,1.25,1.00,1.42,0.84,1,0,1,1,1,0,"3","",1,5,7,0,4,1,3,4,2,3,16,8,5,2,10,5,21,14,42,58,1.27,1.41,1.53,0.88,2.47,47,63,47,32,16,25,66,44,75,8.57,5.82,2.60,2.90,3.00,1.53,2.50,5.50,12.00,2.15,1.60,Coliseum Alfonso Pérez (Getafe)
1683221400,May 04 2023 - 5:30pm,complete,11767,Girona FC,RCD Mallorca,Juan Martínez Munuera,33,1.88,0.94,1.74,0.79,2,1,3,1,1,0,"45'2,84","80",9,5,4,0,0,0,1,3,0,0,21,12,8,5,11,5,9,13,62,38,1.75,1.08,2.22,1.21,2.78,54,72,44,25,16,35,63,44,82,7.31,5.56,1.92,3.43,4.18,1.44,2.26,4.33,9.00,2.05,1.68,Estadi Municipal de Montilivi (Girona)
1683221400,May 04 2023 - 5:30pm,complete,35391,Sevilla FC,RCD Espanyol,Javier Alberola Rojas,33,1.38,0.88,1.37,0.95,3,2,5,3,1,2,"22,69,88","29,43",9,0,1,0,2,0,1,0,0,2,23,9,8,5,11,4,15,11,64,36,1.92,1.11,2.23,1.18,2.75,69,85,57,26,6,28,72,44,88,9.94,7.01,1.76,3.67,4.83,1.34,2.05,3.50,7.00,1.88,1.80,Estadio Ramón Sánchez Pizjuán (Sevilla)
1683230400,May 04 2023 - 8:00pm,complete,43116,Athletic Club Bilbao,Real Betis,Miguel Ángel Ortiz Arias,33,1.50,1.31,1.42,1.47,0,1,1,1,0,1,"","6",13,2,1,1,3,0,0,2,1,2,28,14,7,3,15,9,13,7,63,37,1.97,1.32,2.50,1.24,2.22,32,54,41,25,19,32,60,22,69,11.25,4.82,1.68,3.85,5.15,1.30,1.91,3.30,6.00,1.95,1.86,San Mamés Barria (Bilbao)
1683230400,May 04 2023 - 8:00pm,complete,11171,Rayo Vallecano,Real Valladolid,Isidro Díaz de Mera Escuderos,33,1.63,0.69,1.68,0.63,2,1,3,0,0,0,"48,80","84",3,4,0,0,0,0,0,0,0,0,23,11,8,6,10,3,18,15,52,48,1.82,1.17,2.06,1.22,2.69,54,81,60,19,13,53,75,28,75,9.57,6.12,1.72,3.65,5.15,1.31,1.93,3.30,6.50,1.90,1.91,Estadio de Vallecas (Madrid)
1683918000,May 12 2023 - 7:00pm,complete,N/A,RCD Mallorca,Cádiz,José María Sánchez Martínez,34,1.63,0.88,1.84,0.79,1,0,1,1,1,0,"16","",3,7,5,0,4,0,1,4,1,3,12,23,4,5,6,12,16,14,43,57,1.19,1.09,1.22,1.79,2.03,41,54,25,16,13,16,47,41,69,6.31,7.38,2.17,3.00,3.95,1.57,2.82,6.00,13.00,2.38,1.53,Visit Mallorca Estadi (Palma de Mallorca)
1683979200,May 13 2023 - 12:00pm,complete,30027,Real Sociedad,Girona FC,Jorge Figueroa Vázquez,34,1.94,0.88,2.00,0.84,2,2,4,4,2,2,"5,24","37,45'3",7,4,5,0,2,1,2,3,0,3,19,14,7,7,10,7,22,13,51,49,1.51,1.27,2.06,1.53,2.41,54,75,38,22,13,35,69,35,72,7.56,5.38,1.64,3.45,4.30,1.32,1.92,3.50,7.00,1.95,1.80,Reale Arena (Donostia-San Sebastián)
1683987300,May 13 2023 - 2:15pm,complete,19747,CA Osasuna,Almería,Antonio Miguel Mateu Lahoz,34,1.56,0.44,1.79,0.42,3,1,4,0,0,0,"46,51,81","90'2",4,1,0,0,0,0,0,0,0,0,24,11,9,4,10,5,7,7,56,44,1.74,1.27,2.38,1.14,2.75,54,82,54,22,10,32,69,47,82,8.69,5.69,1.90,3.25,3.35,1.30,1.83,3.40,6.50,1.75,2.00,Estadio El Sadar (Pamplona (Iruñea))
1683995400,May 13 2023 - 4:30pm,complete,16871,Villarreal,Athletic Club Bilbao,Carlos Del Cerro Grande,34,2.00,1.44,2.05,1.26,5,1,6,3,2,1,"24,37,50,61,90","45'3",7,5,4,0,3,0,3,1,0,3,21,13,14,6,5,6,11,13,57,43,1.88,1.54,2.47,1.52,2.66,60,78,57,29,6,31,69,38,91,10.81,5.01,2.10,3.50,3.50,1.30,1.83,3.25,6.50,1.70,2.05,Estadio de la Cerámica (Villarreal)
1684004400,May 13 2023 - 7:00pm,complete,N/A,Real Madrid,Getafe CF,Juan Martínez Munuera,34,2.31,0.69,2.32,0.79,1,0,1,0,0,0,"70","",1,3,1,0,4,0,1,0,1,3,27,12,7,3,12,7,5,23,77,23,2.37,1.10,2.13,0.98,2.82,60,79,51,38,16,32,75,51,82,9.31,5.00,1.57,4.00,6.00,1.28,2.00,3.10,6.00,2.00,1.75,Estadio Santiago Bernabéu (Madrid)
1684065600,May 14 2023 - 12:00pm,complete,N/A,Celta de Vigo,Valencia CF,César Soto Grado,34,1.44,0.56,1.42,0.68,1,2,3,1,0,1,"60","8,88",5,4,3,0,4,1,2,1,1,4,12,16,7,6,4,7,12,19,64,36,1.73,1.40,1.62,1.51,2.32,50,69,47,13,3,25,66,35,75,10.25,4.50,2.26,3.30,3.40,1.38,2.05,3.92,7.85,1.95,1.80,Abanca-Balaídos (Vigo)
1684073700,May 14 2023 - 2:15pm,complete,N/A,Elche CF,Atlético Madrid,Alejandro Muñíz Ruiz,34,0.63,2.06,0.79,1.84,1,0,1,1,1,0,"41","",3,5,2,0,0,0,2,0,0,0,17,19,5,5,11,9,16,4,50,50,1.50,1.60,1.76,1.56,2.44,47,66,38,22,13,29,72,28,78,10.31,6.07,8.00,5.20,1.38,1.20,1.58,2.70,5.00,1.95,1.80,Estadio Manuel Martínez Valero (Elche)
1684081800,May 14 2023 - 4:30pm,complete,N/A,Real Valladolid,Sevilla FC,Miguel Ángel Ortiz Arias,34,1.50,1.19,1.47,1.21,0,3,3,0,0,0,"","50,78,90'3",8,3,2,0,1,0,1,1,0,1,35,26,7,9,21,12,9,16,55,45,1.59,1.19,2.67,2.22,2.60,51,69,44,22,16,19,57,47,88,7.94,5.63,2.62,2.95,2.58,1.30,1.89,3.20,6.00,1.75,2.00,Estadio Municipal José Zorrilla (Valladolid)
1684090800,May 14 2023 - 7:00pm,complete,N/A,RCD Espanyol,FC Barcelona,Ricardo De Burgos Bengoetxea,34,1.06,2.31,1.00,2.11,2,4,6,3,0,3,"73,90'2","11,20,40,53",4,3,1,0,3,0,1,0,2,1,17,22,8,6,7,12,12,9,30,70,1.48,1.59,1.75,1.89,2.50,47,60,53,35,10,25,72,44,72,10.69,6.06,4.40,3.73,1.63,1.25,1.82,2.95,5.50,1.75,2.00,RCDE Stadium (Cornella de Llobregat)
1684177200,May 15 2023 - 7:00pm,complete,48143,Real Betis,Rayo Vallecano,Juan Luis Pulido Santana,34,1.75,1.06,1.68,0.89,3,1,4,2,2,0,"5,44,90'6","52",6,5,3,0,2,1,1,2,1,2,15,21,6,5,5,11,11,9,49,51,1.48,1.37,1.54,1.62,2.35,50,66,47,22,6,25,50,35,82,9.01,5.69,1.93,3.50,4.10,1.35,2.05,3.60,7.50,1.91,1.91,Estadio Benito Villamarín (Sevilla)
1684522800,May 19 2023 - 7:00pm,complete,N/A,Cádiz,Real Valladolid,Juan Martínez Munuera,35,1.24,0.65,1.42,0.63,2,0,2,0,0,0,"69,76","",4,3,4,0,4,1,0,4,1,4,12,8,5,4,7,3,18,18,47,53,1.35,1.17,1.40,1.05,2.56,41,77,50,24,9,33,65,41,77,8.59,6.11,2.22,3.48,3.60,1.38,2.15,4.00,8.00,1.91,1.91,Estadio Nuevo Mirandilla (Cádiz)
1684584000,May 20 2023 - 12:00pm,complete,N/A,Girona FC,Villarreal,Valentín Pizarro Gómez,35,1.94,1.29,1.74,1.32,1,2,3,2,1,1,"24","9,90'4",3,1,2,0,1,0,0,2,1,0,16,17,5,6,7,7,16,11,45,55,1.78,1.46,1.49,1.50,2.77,53,71,50,24,15,30,53,53,85,9.00,4.70,2.75,3.60,2.35,1.20,1.67,2.65,4.75,1.57,2.25,Estadi Municipal de Montilivi (Girona)
1684592100,May 20 2023 - 2:15pm,complete,N/A,Athletic Club Bilbao,Celta de Vigo,Mario Melero López,35,1.41,0.94,1.42,0.84,2,1,3,1,1,0,"5,54","50",8,5,4,0,1,0,2,2,0,1,11,11,4,4,5,5,17,12,48,52,2.00,1.38,1.20,1.06,2.30,33,50,38,33,18,24,68,27,68,12.47,4.83,1.67,3.75,5.00,1.33,2.00,3.60,7.00,1.95,1.80,San Mamés Barria (Bilbao)
1684600200,May 20 2023 - 4:30pm,complete,N/A,Almería,RCD Mallorca,Carlos Del Cerro Grande,35,1.71,0.88,1.74,0.79,3,0,3,2,2,0,"12,42,58","",4,6,1,0,2,0,1,0,0,2,19,11,4,5,9,5,11,15,54,46,1.42,1.09,1.38,1.25,2.59,56,77,47,24,12,29,74,50,74,8.18,5.94,2.30,3.20,3.10,1.36,2.15,3.75,7.00,1.91,1.91,Power Horse Stadium – Estadio de los Juegos Mediterráneos (Almería)
1684600200,May 20 2023 - 4:30pm,complete,N/A,Getafe CF,Elche CF,Javier Iglesias Villanueva,35,1.35,0.35,1.42,0.53,1,1,2,2,1,1,"8","45'1",5,6,3,0,1,0,1,2,0,1,11,18,6,6,4,9,19,11,38,62,1.29,1.03,1.40,1.74,2.44,41,74,53,21,6,36,68,41,83,7.94,7.24,1.44,4.00,7.50,1.40,2.15,4.20,8.50,2.25,1.57,Coliseum Alfonso Pérez (Getafe)
1684609200,May 20 2023 - 7:00pm,complete,N/A,FC Barcelona,Real Sociedad,Javier Alberola Rojas,35,2.65,1.76,2.53,1.74,1,2,3,1,0,1,"90","5,72",8,2,4,0,4,0,0,4,2,2,19,17,5,7,9,7,8,16,68,32,2.15,1.53,1.69,1.54,2.15,24,62,35,15,6,33,74,24,53,11.77,4.29,1.60,4.00,5.00,1.30,1.94,3.40,6.50,1.80,1.95,Spotify Camp Nou (Barcelona)
1684670400,May 21 2023 - 12:00pm,complete,N/A,Rayo Vallecano,RCD Espanyol,Alejandro José Hernández Hernández,35,1.71,0.82,1.68,0.95,1,2,3,2,1,1,"42","23,59",4,4,2,0,2,0,1,1,1,1,19,12,6,7,10,4,8,11,64,36,1.83,1.12,2.03,1.39,2.83,74,82,62,30,12,38,68,44,83,8.77,5.47,2.01,3.36,3.86,1.33,2.15,3.50,7.00,1.80,1.95,Estadio de Vallecas (Madrid)
1684678500,May 21 2023 - 2:15pm,complete,N/A,Atlético Madrid,CA Osasuna,Pablo González Fuertes,35,2.12,1.12,2.21,1.00,3,0,3,1,1,0,"44,62,82","",8,10,0,0,2,0,0,0,1,1,22,15,8,3,10,9,6,11,54,46,1.94,1.25,2.00,1.35,2.30,50,68,36,15,12,27,65,33,71,9.18,5.53,1.40,4.75,8.00,1.26,1.78,3.10,6.00,2.10,1.67,Estádio Cívitas Metropolitano (Madrid)
1684686600,May 21 2023 - 4:30pm,complete,N/A,Valencia CF,Real Madrid,Ricardo De Burgos Bengoetxea,35,1.47,1.82,1.53,1.79,1,0,1,1,1,0,"33","",2,9,4,0,2,1,0,4,0,3,16,15,7,6,5,8,13,4,27,73,1.75,1.92,1.52,1.93,2.59,47,74,50,21,12,27,59,53,82,12.65,5.06,3.03,3.49,2.21,1.28,1.85,3.10,5.50,1.62,2.20,Estadio de Mestalla (Valencia)
1684695600,May 21 2023 - 7:00pm,complete,N/A,Sevilla FC,Real Betis,Jesús Gil Manzano,35,1.47,1.41,1.37,1.47,0,0,0,0,0,0,"","",4,3,2,0,2,1,2,0,1,2,13,9,5,0,7,6,14,11,54,46,1.94,1.32,1.52,0.63,2.53,50,74,50,21,15,35,74,32,74,10.30,6.36,2.30,3.35,3.00,1.34,1.95,3.62,7.15,1.80,1.95,Estadio Ramón Sánchez Pizjuán (Sevilla)
1684863000,May 23 2023 - 5:30pm,complete,N/A,Celta de Vigo,Girona FC,Antonio Miguel Mateu Lahoz,36,1.35,0.88,1.42,0.84,1,1,2,1,1,0,"42","59",9,3,0,0,0,0,0,0,0,0,23,14,8,5,10,7,13,13,40,60,1.72,1.28,2.02,1.41,2.62,59,74,53,27,12,38,74,32,74,8.59,4.95,1.94,3.60,3.82,1.30,1.78,3.30,6.50,1.75,2.00,Abanca-Balaídos (Vigo)
1684863000,May 23 2023 - 5:30pm,complete,N/A,Real Sociedad,Almería,Pablo González Fuertes,36,1.88,0.41,2.00,0.42,1,0,1,1,1,0,"45'4","",10,2,0,0,1,1,0,0,1,1,22,5,5,3,14,2,20,8,72,28,1.54,1.27,2.10,0.67,2.77,59,82,47,30,9,35,68,44,71,7.59,5.47,1.47,4.50,6.56,1.24,1.63,2.83,5.20,1.80,1.95,Reale Arena (Donostia-San Sebastián)
1684872000,May 23 2023 - 8:00pm,complete,N/A,Real Valladolid,FC Barcelona,César Soto Grado,36,1.41,2.35,1.47,2.11,3,1,4,2,2,0,"2,22,73","84",2,6,1,0,1,0,1,0,0,1,12,23,6,8,4,11,13,9,31,69,1.65,1.60,1.29,2.14,2.47,35,53,50,27,15,18,59,50,71,10.18,4.94,4.95,4.25,1.51,1.19,1.53,2.65,5.00,1.57,2.25,Estadio Municipal José Zorrilla (Valladolid)
1684949400,May 24 2023 - 5:30pm,complete,13263,Elche CF,Sevilla FC,Isidro Díaz de Mera Escuderos,36,0.76,1.29,0.79,1.21,1,1,2,2,1,1,"25","10",9,5,1,0,4,1,0,1,1,4,26,10,8,4,13,6,12,10,72,28,1.52,1.25,2.46,1.19,2.65,53,80,44,24,12,30,74,36,86,9.23,6.41,3.80,3.60,1.91,1.70,1.86,3.10,6.00,1.80,1.95,Estadio Manuel Martínez Valero (Elche)
1684949400,May 24 2023 - 5:30pm,complete,N/A,Villarreal,Cádiz,Juan Luis Pulido Santana,36,2.06,0.82,2.05,0.79,2,0,2,2,2,0,"20,45'2","",7,6,1,0,2,0,0,1,1,1,17,20,8,9,6,8,14,8,65,35,1.91,1.13,1.87,2.11,2.50,47,71,41,21,15,30,62,38,80,8.64,6.00,1.45,4.50,6.50,1.20,1.61,2.63,4.65,1.75,2.00,Estadio de la Cerámica (Villarreal)
1684949400,May 24 2023 - 5:30pm,complete,N/A,Real Madrid,Rayo Vallecano,Jesús Gil Manzano,36,2.35,1.00,2.32,0.89,2,1,3,1,1,0,"31,89","84",5,2,1,0,3,0,0,1,1,2,18,18,6,7,9,8,11,14,61,39,2.36,1.38,1.81,1.89,2.86,59,80,53,38,15,36,62,47,94,11.12,4.53,1.36,5.00,8.00,1.19,1.67,2.24,4.55,1.70,2.05,Estadio Santiago Bernabéu (Madrid)
1684958400,May 24 2023 - 8:00pm,complete,N/A,Real Betis,Getafe CF,Ricardo De Burgos Bengoetxea,36,1.82,0.65,1.68,0.79,0,1,1,0,0,0,"","68",2,5,2,1,5,0,1,2,2,3,13,14,6,4,7,8,8,12,71,29,1.48,1.09,1.58,1.32,2.30,50,62,44,24,6,24,62,38,71,7.00,6.23,1.91,3.25,4.33,1.45,2.25,4.75,10.00,2.00,1.75,Estadio Benito Villamarín (Sevilla)
1684958400,May 24 2023 - 8:00pm,complete,N/A,RCD Espanyol,Atlético Madrid,Mario Melero López,36,1.00,1.94,1.00,1.84,3,3,6,2,0,2,"64,76,79","21,44,46",16,1,2,0,3,0,0,2,0,3,40,21,14,8,16,10,6,9,45,55,1.49,1.59,3.53,1.93,2.56,53,62,44,30,15,27,68,38,79,9.35,5.88,4.00,3.75,1.83,1.26,1.73,3.00,5.50,1.67,2.10,RCDE Stadium (Cornella de Llobregat)
1685035800,May 25 2023 - 5:30pm,complete,14631,RCD Mallorca,Valencia CF,Alejandro José Hernández Hernández,36,1.71,0.71,1.84,0.68,1,0,1,0,0,0,"64","",2,4,4,0,2,0,3,1,0,2,6,23,4,6,1,11,15,12,40,60,1.19,1.40,0.86,1.92,2.00,47,56,33,9,3,12,59,41,71,8.88,6.65,2.74,3.00,2.84,1.51,2.80,5.50,12.00,2.20,1.62,Visit Mallorca Estadi (Palma de Mallorca)
1685043000,May 25 2023 - 7:30pm,complete,19830,CA Osasuna,Athletic Club Bilbao,Alejandro Muñíz Ruiz,36,1.65,1.35,1.79,1.26,2,0,2,0,0,0,"50,77","",3,6,3,0,3,0,1,2,1,2,12,11,4,6,5,5,17,13,48,52,1.78,1.54,1.14,1.52,2.62,53,76,56,27,9,27,62,44,88,10.12,5.12,3.45,3.35,2.17,1.33,2.01,3.30,6.50,1.80,1.95,Estadio El Sadar (Pamplona (Iruñea))
1685206800,May 27 2023 - 5:00pm,complete,N/A,Sevilla FC,Real Madrid,César Soto Grado,37,1.44,1.72,1.37,1.79,1,2,3,2,1,1,"3","29,69",1,1,2,1,4,0,0,3,1,3,14,10,2,4,10,5,23,10,33,67,1.92,1.92,1.19,1.25,2.62,50,81,50,20,14,33,73,45,78,12.33,5.78,2.90,3.50,2.45,1.17,1.60,2.40,4.30,1.50,2.50,Estadio Ramón Sánchez Pizjuán (Sevilla)
1685293200,May 28 2023 - 5:00pm,complete,N/A,Athletic Club Bilbao,Elche CF,Valentín Pizarro Gómez,37,1.50,0.39,1.42,0.53,0,1,1,0,0,0,"","90'2",19,3,1,0,1,0,1,0,0,1,44,9,12,3,21,5,7,10,64,36,1.95,1.07,3.59,0.89,2.36,33,67,47,22,9,36,70,28,78,12.11,5.83,1.25,5.75,13.00,1.20,1.60,2.65,4.75,2.05,1.75,San Mamés Barria (Bilbao)
1685293200,May 28 2023 - 5:00pm,complete,N/A,Atlético Madrid,Real Sociedad,Juan Luis Pulido Santana,37,2.17,1.83,2.21,1.74,2,1,3,1,1,0,"37,73","88",6,4,2,0,2,0,0,2,1,1,17,13,7,6,7,5,8,10,50,50,1.94,1.53,1.66,1.39,2.61,48,75,45,17,14,28,73,47,70,10.28,4.77,1.95,3.70,3.60,1.20,1.60,2.45,4.33,1.55,2.25,Estádio Cívitas Metropolitano (Madrid)
1685293200,May 28 2023 - 5:00pm,complete,88775,FC Barcelona,RCD Mallorca,Jorge Figueroa Vázquez,37,2.50,0.83,2.53,0.79,3,0,3,2,2,0,"1,24,70","",14,3,0,0,0,1,0,0,1,0,37,6,10,2,19,2,4,9,78,22,2.12,1.10,3.50,0.50,2.25,28,67,42,17,6,36,72,28,64,11.34,5.06,1.50,4.33,6.50,1.20,1.60,2.45,4.20,1.80,1.95,Spotify Camp Nou (Barcelona)
1685293200,May 28 2023 - 5:00pm,complete,N/A,Getafe CF,CA Osasuna,Antonio Miguel Mateu Lahoz,37,1.33,1.06,1.42,1.00,2,1,3,2,1,1,"39,90","2",1,1,3,0,1,0,1,2,1,0,19,12,7,3,10,8,11,6,50,50,1.29,1.26,1.90,1.13,1.92,42,59,31,12,9,23,64,25,64,7.33,6.56,2.45,3.20,2.90,1.40,2.00,4.00,8.00,1.95,1.85,Coliseum Alfonso Pérez (Getafe)
1685293200,May 28 2023 - 5:00pm,complete,N/A,Cádiz,Celta de Vigo,Ricardo De Burgos Bengoetxea,37,1.33,0.89,1.42,0.84,1,0,1,0,0,0,"53","",3,3,9,0,6,0,3,6,2,4,18,12,5,6,10,4,16,10,49,51,1.35,1.36,1.70,1.37,2.48,42,67,42,34,12,17,67,47,72,9.34,5.33,2.80,3.30,2.55,1.32,1.91,3.40,6.50,1.72,1.98,Estadio Nuevo Mirandilla (Cádiz)
1685293200,May 28 2023 - 5:00pm,complete,N/A,Rayo Vallecano,Villarreal,Javier Iglesias Villanueva,37,1.61,1.39,1.68,1.32,2,1,3,0,0,0,"56,63","83",4,6,3,0,5,0,0,3,1,4,21,10,7,3,13,5,9,9,31,69,1.84,1.46,2.03,1.10,2.47,53,75,53,17,11,39,61,36,75,10.16,4.61,3.40,3.40,2.10,1.24,1.80,2.85,5.00,1.60,2.35,Estadio de Vallecas (Madrid)
1685293200,May 28 2023 - 5:00pm,complete,N/A,Almería,Real Valladolid,Javier Alberola Rojas,37,1.78,0.61,1.74,0.63,0,0,0,0,0,0,"","",2,4,0,0,4,0,0,0,0,4,31,13,8,3,17,6,11,16,49,51,1.41,1.16,2.52,1.15,2.81,56,83,61,23,11,42,73,50,81,8.33,6.28,2.05,3.50,3.60,1.26,1.80,1.91,5.50,1.70,2.00,Power Horse Stadium – Estadio de los Juegos Mediterráneos (Almería)
1685293200,May 28 2023 - 5:00pm,complete,N/A,Girona FC,Real Betis,Isidro Díaz de Mera Escuderos,37,1.83,1.39,1.74,1.47,1,2,3,1,1,0,"36","47,77",8,5,0,0,1,0,0,0,0,1,11,21,4,8,6,11,14,12,54,46,1.76,1.28,1.35,2.06,2.72,56,67,53,25,17,36,61,42,78,7.61,5.11,2.60,3.20,2.75,1.30,2.00,3.36,6.25,1.77,1.90,Estadi Municipal de Montilivi (Girona)
1685293200,May 28 2023 - 5:00pm,complete,44141,Valencia CF,RCD Espanyol,Jesús Gil Manzano,37,1.56,0.94,1.53,0.95,2,2,4,2,1,1,"38,90'3","40,50",10,3,0,0,4,0,0,0,2,2,28,12,6,7,15,3,12,12,54,46,1.74,1.13,2.37,1.36,2.70,64,72,56,28,9,25,62,50,86,10.00,6.06,1.80,3.60,4.60,1.30,1.91,3.25,6.00,1.81,1.95,Estadio de Mestalla (Valencia)
1685896200,Jun 04 2023 - 4:30pm,complete,N/A,RCD Mallorca,Rayo Vallecano,Antonio Miguel Mateu Lahoz,38,1.78,0.94,1.84,0.89,3,0,3,0,0,0,"50,71,90'3","",2,6,0,0,0,0,0,0,0,0,9,24,5,5,4,12,15,15,47,53,1.17,1.41,1.14,1.92,2.11,48,56,34,20,6,14,53,36,81,8.17,7.06,3.25,3.20,2.30,1.36,2.05,3.75,7.50,1.91,1.91,Visit Mallorca Estadi (Palma de Mallorca)
1685896200,Jun 04 2023 - 4:30pm,complete,N/A,Real Sociedad,Sevilla FC,Carlos Del Cerro Grande,38,1.94,1.28,2.00,1.21,2,1,3,1,1,0,"27,73","77",5,2,0,0,1,0,0,0,1,0,18,11,7,5,7,4,11,15,55,45,1.57,1.24,1.73,1.15,2.45,53,81,36,17,9,28,64,36,78,7.56,6.39,2.15,3.50,3.20,1.25,1.93,3.20,5.70,1.80,1.95,Reale Arena (Donostia-San Sebastián)
1685896200,Jun 04 2023 - 4:30pm,complete,N/A,Real Madrid,Athletic Club Bilbao,Isidro Díaz de Mera Escuderos,38,2.39,1.28,2.32,1.26,1,1,2,0,0,0,"72","49",5,6,2,0,2,0,0,2,0,2,10,16,3,10,4,2,8,12,64,36,2.33,1.54,1.12,1.89,3.03,64,84,61,42,17,39,67,56,92,11.45,4.05,1.95,3.70,3.60,1.21,1.58,2.64,4.60,1.57,2.25,Estadio Santiago Bernabéu (Madrid)
1685896200,Jun 04 2023 - 4:30pm,complete,N/A,Villarreal,Atlético Madrid,Ricardo De Burgos Bengoetxea,38,2.11,1.89,2.05,1.84,2,2,4,2,1,1,"9,90'2","18,56",12,1,3,0,2,1,2,1,0,3,23,10,8,4,12,2,10,12,66,34,1.91,1.61,2.48,0.80,2.59,50,70,42,20,14,31,70,33,84,9.61,5.61,2.75,3.60,2.40,1.19,1.74,2.49,4.45,1.50,2.50,Estadio de la Cerámica (Villarreal)
1685896200,Jun 04 2023 - 4:30pm,complete,N/A,CA Osasuna,Girona FC,Miguel Ángel Ortiz Arias,38,1.72,0.89,1.79,0.84,2,1,3,0,0,0,"52,55","75",5,2,1,0,5,0,0,1,1,4,15,12,8,7,5,3,13,8,37,63,1.74,1.29,1.81,1.52,2.53,53,78,47,22,12,31,67,39,81,8.50,5.28,2.20,3.30,3.30,1.29,1.97,3.20,5.75,1.75,2.00,Estadio El Sadar (Pamplona (Iruñea))
1685905200,Jun 04 2023 - 7:00pm,complete,N/A,Real Betis,Valencia CF,Javier Alberola Rojas,38,1.72,0.67,1.68,0.68,1,1,2,1,1,0,"1","71",4,4,3,0,0,1,0,3,0,1,9,12,4,4,3,5,11,11,61,39,1.49,1.43,0.98,1.25,2.25,50,64,47,14,3,25,56,42,75,9.39,5.38,2.90,3.25,2.45,1.20,2.03,2.63,4.60,1.57,2.25,Estadio Benito Villamarín (Sevilla)
1685905200,Jun 04 2023 - 7:00pm,complete,N/A,Celta de Vigo,FC Barcelona,Juan Luis Pulido Santana,38,1.33,2.22,1.42,2.11,2,1,3,1,1,0,"42,65","79",2,4,2,0,2,0,0,2,0,2,13,10,10,3,3,5,13,9,28,72,1.74,1.63,1.74,1.01,2.50,48,64,53,25,9,28,72,39,73,10.28,5.05,2.90,3.60,2.30,1.25,1.63,2.62,4.75,1.62,2.20,Abanca-Balaídos (Vigo)
1685905200,Jun 04 2023 - 7:00pm,complete,25517,Real Valladolid,Getafe CF,José Luis Munuera Montero,38,1.50,0.78,1.47,0.79,0,0,0,0,0,0,"","",6,1,1,0,3,0,1,0,2,1,16,5,0,2,13,2,9,25,80,20,1.63,1.11,1.36,0.63,2.34,42,56,42,25,12,14,59,45,75,7.73,5.27,2.15,3.30,3.40,1.39,2.19,4.00,8.00,1.95,1.80,Estadio Municipal José Zorrilla (Valladolid)
1685905200,Jun 04 2023 - 7:00pm,complete,54087,Elche CF,Cádiz,Jesús Gil Manzano,38,0.78,0.78,0.79,0.79,1,1,2,1,0,1,"71","10",7,4,4,0,3,0,1,3,1,2,13,15,6,4,5,7,18,8,67,33,1.57,1.19,1.47,1.18,2.34,42,67,34,23,14,34,70,31,64,9.44,5.94,2.62,3.25,2.70,1.25,1.87,3.00,5.50,1.67,2.10,Estadio Manuel Martínez Valero (Elche)
1685905200,Jun 04 2023 - 7:00pm,complete,N/A,RCD Espanyol,Almería,César Soto Grado,38,1.00,0.39,1.00,0.42,3,3,6,2,1,1,"13,49,73","10,58,87",7,5,2,0,4,0,2,0,2,2,13,13,9,5,3,5,11,12,64,36,1.61,1.23,1.81,1.34,3.14,67,78,61,45,17,39,75,53,78,9.39,5.50,3.00,3.50,2.30,1.14,1.51,2.20,3.75,1.44,2.63,RCDE Stadium (Cornella de Llobregat)
1628881200,Aug 13 2021 - 7:00pm,complete,9868,Valencia CF,Getafe CF,Jesús Gil Manzano,1,0.00,0.00,1.37,0.58,1,0,1,1,1,0,"11","",1,9,6,1,2,1,2,5,2,1,5,24,3,4,2,20,25,16,26,74,0.00,0.00,0.74,2.30,0.00,0,0,0,0,0,0,0,0,0,0.00,0.00,2.60,3.20,2.70,1.44,2.30,4.85,10.25,2.30,1.67,Estadio de Mestalla (Valencia)
1628962200,Aug 14 2021 - 5:30pm,complete,6279,RCD Mallorca,Real Betis,Antonio Miguel Mateu Lahoz,1,0.00,0.00,1.42,1.74,1,1,2,1,1,0,"25","59",3,3,1,0,3,0,0,1,1,2,7,11,3,2,4,9,11,20,34,66,0.00,0.00,0.88,1.22,0.00,0,0,0,0,0,0,0,0,0,0.00,0.00,3.15,3.20,2.45,1.41,2.10,3.50,6.75,1.87,2.00,Iberostar Estadi (Palma de Mallorca)
1628962200,Aug 14 2021 - 5:30pm,complete,6941,Cádiz,Levante UD,Santiago Jaime Latre,1,0.00,0.00,0.95,0.68,1,1,2,1,0,1,"90'7","39",2,4,1,0,5,0,1,0,1,4,9,13,4,3,5,10,12,16,43,57,0.00,0.00,1.13,1.32,0.00,0,0,0,0,0,0,0,0,0,0.00,0.00,3.25,3.30,2.35,1.44,2.20,3.80,7.25,2.00,1.91,Estadio Nuevo Mirandilla (Cádiz)
1628971200,Aug 14 2021 - 8:00pm,complete,N/A,CA Osasuna,RCD Espanyol,Miguel Ángel Ortiz Arias,1,0.00,0.00,1.16,0.47,0,0,0,0,0,0,"","",4,6,3,0,3,0,1,2,1,2,15,12,2,2,13,10,17,12,53,47,0.00,0.00,1.63,1.15,0.00,0,0,0,0,0,0,0,0,0,0.00,0.00,2.65,3.15,2.95,1.48,2.35,4.15,8.25,2.10,1.80,Estadio El Sadar (Pamplona (Iruñea))
1628971200,Aug 14 2021 - 8:00pm,complete,3968,Deportivo Alavés,Real Madrid,César Soto Grado,1,0.00,0.00,1.32,2.21,1,4,5,0,0,0,"65","48,56,62,90'2",0,4,1,0,2,0,1,0,0,2,12,22,5,9,7,13,14,8,41,59,0.00,0.00,1.38,2.43,0.00,0,0,0,0,0,0,0,0,0,0.00,0.00,6.00,4.25,1.59,1.30,1.83,3.00,5.75,1.91,1.95,Estadio de Mendizorroza (Vitoria-Gasteiz)
1629041400,Aug 15 2021 - 3:30pm,complete,5401,Celta de Vigo,Atlético Madrid,José Luis Munuera Montero,1,0.00,0.00,1.32,1.58,1,2,3,1,0,1,"59","23,64",2,5,4,1,5,1,0,5,1,5,10,14,3,4,7,10,11,8,53,47,0.00,0.00,1.19,1.42,0.00,0,0,0,0,0,0,0,0,0,0.00,0.00,4.00,3.30,2.10,1.45,2.25,3.90,7.75,2.05,1.83,Abanca-Balaídos (Vigo)
1629050400,Aug 15 2021 - 6:00pm,complete,20384,FC Barcelona,Real Sociedad,Alejandro José Hernández Hernández,1,0.00,0.00,2.00,1.42,4,2,6,2,2,0,"19,45'2,59,90'1","82,85",5,3,2,0,4,0,0,2,1,3,15,11,10,4,5,7,11,17,62,38,0.00,0.00,1.99,1.21,0.00,0,0,0,0,0,0,0,0,0,0.00,0.00,1.42,5.28,7.33,1.26,1.55,2.30,4.70,1.74,2.20,Camp Nou (Barcelona)
1629058500,Aug 15 2021 - 8:15pm,complete,13962,Sevilla FC,Rayo Vallecano,Isidro Díaz de Mera Escuderos,1,0.00,0.00,2.21,0.68,3,0,3,1,1,0,"19,55,79","",4,0,1,0,0,1,1,0,1,0,22,5,11,4,11,1,13,8,75,25,0.00,0.00,2.61,0.78,0.00,0,0,0,0,0,0,0,0,0,0.00,0.00,1.39,4.65,10.00,1.39,2.10,3.75,7.50,2.50,1.56,Estadio Ramón Sánchez Pizjuán (Sevilla)
1629136800,Aug 16 2021 - 6:00pm,complete,7837,Villarreal,Granada CF,Pablo González Fuertes,1,0.00,0.00,1.89,0.84,0,0,0,0,0,0,"","",6,2,4,1,1,0,2,3,0,1,16,7,4,2,12,5,20,20,61,39,0.00,0.00,1.64,0.81,0.00,0,0,0,0,0,0,0,0,0,0.00,0.00,1.47,4.33,6.00,1.33,1.77,3.10,6.00,2.00,1.87,Estadio de la Cerámica (Villarreal)
1629144000,Aug 16 2021 - 8:00pm,complete,9145,Elche CF,Athletic Club Bilbao,Adrián Cordero Vega,1,0.00,0.00,1.42,1.11,0,0,0,0,0,0,"","",6,8,2,0,2,0,1,1,1,1,13,10,5,5,8,5,13,19,50,50,0.00,0.00,1.38,1.35,0.00,0,0,0,0,0,0,0,0,0,0.00,0.00,3.80,3.15,2.25,1.59,2.60,4.75,10.00,2.30,1.67,Estadio Manuel Martínez Valero (Elche)
1629486000,Aug 20 2021 - 7:00pm,complete,N/A,Real Betis,Cádiz,Valentín Pizarro Gómez,2,0.00,0.00,1.68,1.11,1,1,2,2,1,1,"22","11",4,5,4,0,0,0,1,3,0,0,17,10,7,5,10,5,9,9,74,26,0.00,0.00,2.19,1.26,0.00,0,0,0,0,0,0,0,0,0,0.00,0.00,1.51,4.40,7.00,1.34,1.91,3.25,6.25,2.05,1.83,Estadio Benito Villamarín (Sevilla)
1629558000,Aug 21 2021 - 3:00pm,complete,N/A,Deportivo Alavés,RCD Mallorca,Alejandro Muñíz Ruiz,2,0.00,0.00,1.32,0.63,0,1,1,0,0,0,"","80",1,8,2,1,3,0,2,1,0,3,10,14,3,4,7,10,14,16,47,53,1.38,0.00,1.33,1.52,2.50,50,50,50,50,50,0,0,50,50,0.00,1.00,2.21,3.11,2.80,1.42,2.28,4.65,9.75,2.25,1.67,Estadio de Mendizorroza (Vitoria-Gasteiz)
1629567000,Aug 21 2021 - 5:30pm,complete,N/A,Granada CF,Valencia CF,Carlos Del Cerro Grande,2,0.00,0.00,1.16,1.16,1,1,2,1,1,0,"16","88",2,6,4,0,2,0,2,2,0,2,9,19,3,7,6,12,14,14,46,54,0.00,0.00,1.05,1.97,0.00,0,0,0,0,0,0,0,0,0,0.00,0.00,2.60,3.25,2.95,1.45,2.25,3.90,7.75,2.00,1.87,Estadio Nuevo Los Cármenes (Granada)
1629567000,Aug 21 2021 - 5:30pm,complete,N/A,RCD Espanyol,Villarreal,Jorge Figueroa Vázquez,2,0.00,0.00,1.74,1.21,0,0,0,0,0,0,"","",9,7,3,0,4,0,1,2,3,1,17,14,7,4,10,10,11,10,40,60,0.00,0.00,1.83,1.54,0.00,0,0,0,0,0,0,0,0,0,0.00,0.00,3.10,3.35,2.45,1.44,2.20,3.80,7.25,1.95,1.91,RCDE Stadium (Cornella de Llobregat)
1629576000,Aug 21 2021 - 8:00pm,complete,9394,Athletic Club Bilbao,FC Barcelona,Juan Martínez Munuera,2,0.00,0.00,1.79,1.84,1,1,2,0,0,0,"50","75",13,2,1,0,2,1,1,0,1,2,18,12,7,6,11,6,15,9,33,67,0.00,0.00,2.01,1.55,0.00,0,0,0,0,0,0,0,0,0,0.00,0.00,4.29,3.82,1.87,1.28,1.77,3.10,5.00,1.74,2.15,San Mamés Barria (Bilbao)
1629644400,Aug 22 2021 - 3:00pm,complete,7652,Real Sociedad,Rayo Vallecano,Santiago Jaime Latre,2,0.00,0.00,1.84,0.68,1,0,1,0,0,0,"68","",5,4,3,0,4,0,0,3,1,3,16,11,9,2,7,9,21,15,61,39,0.00,0.78,2.06,1.08,1.50,0,50,50,0,0,0,50,50,50,0.00,2.00,1.50,4.33,6.60,1.32,1.86,3.40,5.75,2.10,1.80,Reale Arena (Donostia-San Sebastián)
1629653400,Aug 22 2021 - 5:30pm,complete,24926,Atlético Madrid,Elche CF,Ricardo De Burgos Bengoetxea,2,0.00,0.00,2.16,0.79,1,0,1,1,1,0,"39","",2,1,2,0,2,0,0,2,0,2,9,5,5,3,4,2,12,9,42,58,0.00,0.00,1.20,0.77,0.00,0,0,0,0,0,0,0,0,0,0.00,0.00,1.27,6.00,14.00,1.34,1.91,3.35,6.75,2.75,1.49,Estadio Wanda Metropolitano (Madrid)
1629662400,Aug 22 2021 - 8:00pm,complete,9838,Levante UD,Real Madrid,Guillermo Cuadra Fernández,2,0.00,3.00,1.16,2.21,3,3,6,1,0,1,"46,57,79","5,73,85",4,6,3,1,2,0,2,2,0,2,9,22,5,6,4,16,14,6,39,61,0.00,2.43,1.11,2.31,2.50,50,50,50,50,50,0,0,50,50,4.00,2.00,5.25,4.30,1.65,1.25,1.67,2.60,4.45,1.77,2.15,Estadio Ciudad de Valencia (Valencia)
1629741600,Aug 23 2021 - 6:00pm,complete,4810,Getafe CF,Sevilla FC,José María Sánchez Martínez,2,0.00,0.00,1.47,1.47,0,1,1,0,0,0,"","90'3",5,4,3,0,2,0,2,1,1,1,13,10,0,5,13,5,17,14,39,61,0.00,0.00,1.23,1.23,0.00,0,0,0,0,0,0,0,0,0,0.00,0.00,3.25,3.10,2.35,1.45,2.35,5.25,10.50,2.35,1.65,Coliseum Alfonso Pérez (Getafe)
1629748800,Aug 23 2021 - 8:00pm,complete,7189,CA Osasuna,Celta de Vigo,Javier Alberola Rojas,2,1.00,0.00,1.16,1.11,0,0,0,0,0,0,"","",1,2,4,0,3,0,1,3,0,3,17,5,8,0,9,5,14,6,46,54,1.63,0.00,2.06,0.61,0.00,0,0,0,0,0,0,0,0,0,4.00,3.00,2.75,3.20,2.85,1.44,2.20,3.80,7.50,2.00,1.91,Estadio El Sadar (Pamplona (Iruñea))
1630087200,Aug 27 2021 - 6:00pm,complete,7529,RCD Mallorca,RCD Espanyol,Isidro Díaz de Mera Escuderos,3,1.00,1.00,1.42,0.47,1,0,1,1,1,0,"27","",3,2,4,0,3,1,2,2,1,3,12,9,8,4,4,5,16,17,47,53,0.88,1.15,1.63,1.09,1.00,50,50,0,0,0,0,50,0,50,9.00,4.00,2.60,3.05,3.10,1.51,2.35,4.10,9.50,2.10,1.80,Iberostar Estadi (Palma de Mallorca)
1630095300,Aug 27 2021 - 8:15pm,complete,11000,Valencia CF,Deportivo Alavés,Miguel Ángel Ortiz Arias,3,3.00,0.00,1.37,0.32,3,0,3,2,2,0,"3,45'3,60","",4,4,1,0,4,0,0,1,2,2,10,10,5,4,5,6,16,15,49,51,0.74,0.00,1.22,1.21,0.50,0,0,0,0,0,0,50,0,0,1.00,8.00,1.98,3.58,4.28,1.40,2.20,3.95,8.00,2.20,1.71,Estadio de Mestalla (Valencia)
1630162800,Aug 28 2021 - 3:00pm,complete,5492,Celta de Vigo,Athletic Club Bilbao,Antonio Miguel Mateu Lahoz,3,0.00,1.00,1.32,1.11,0,1,1,1,0,1,"","34",5,4,2,0,1,0,0,2,0,1,16,8,0,3,16,5,12,9,62,38,1.19,1.35,1.44,1.03,1.50,50,50,50,0,0,0,50,50,50,10.00,7.00,2.30,3.01,2.95,1.40,2.16,3.75,7.25,2.00,1.91,Abanca-Balaídos (Vigo)
1630171800,Aug 28 2021 - 5:30pm,complete,7758,Real Sociedad,Levante UD,José Luis Munuera Montero,3,3.00,1.00,1.84,0.68,1,0,1,1,1,0,"42","",2,2,1,0,1,0,0,1,1,0,6,5,4,0,2,5,16,11,52,48,2.06,1.32,0.96,0.52,1.50,50,50,0,0,0,0,50,0,100,9.00,8.00,1.54,4.55,6.00,1.26,1.71,2.70,4.70,1.83,2.05,Reale Arena (Donostia-San Sebastián)
1630171800,Aug 28 2021 - 5:30pm,complete,10385,Elche CF,Sevilla FC,Valentín Pizarro Gómez,3,1.00,3.00,1.42,1.47,1,1,2,2,1,1,"11","40",5,3,2,0,0,0,2,0,0,0,8,14,5,5,3,9,7,9,29,71,1.38,1.23,0.99,1.71,0.50,0,0,0,0,0,0,0,0,50,10.00,4.00,4.95,3.40,1.87,1.49,2.35,4.30,8.75,2.20,1.71,Estadio Manuel Martínez Valero (Elche)
1630180800,Aug 28 2021 - 8:00pm,complete,22590,Real Betis,Real Madrid,Alejandro José Hernández Hernández,3,1.00,2.00,1.68,2.21,0,1,1,0,0,0,"","61",3,7,5,0,3,0,4,1,1,2,13,17,8,6,5,11,15,12,51,49,2.19,2.37,1.72,1.97,3.75,100,100,50,50,50,50,75,50,50,9.00,6.00,3.85,3.75,2.00,1.24,1.65,2.55,4.75,1.65,2.35,Estadio Benito Villamarín (Sevilla)
1630249200,Aug 29 2021 - 3:00pm,complete,26543,FC Barcelona,Getafe CF,Pablo González Fuertes,3,3.00,0.00,2.00,0.58,2,1,3,3,2,1,"2,30","18",3,2,3,0,1,0,1,2,1,0,10,9,6,5,4,4,16,22,67,33,1.99,2.30,1.32,1.10,3.50,50,50,50,50,50,50,100,50,50,14.00,5.00,1.30,4.88,7.85,1.30,1.67,2.65,5.50,2.05,1.83,Camp Nou (Barcelona)
1630258200,Aug 29 2021 - 5:30pm,complete,7452,Cádiz,CA Osasuna,Adrián Cordero Vega,3,1.00,0.00,0.95,1.32,2,3,5,1,1,0,"16,66","60,90'1,90'5",4,11,4,0,0,0,2,2,0,0,8,15,4,5,4,10,7,5,27,73,1.13,0.00,1.00,2.06,1.00,50,50,0,0,0,0,50,0,50,2.00,1.00,3.45,2.90,2.50,1.62,2.65,4.80,10.00,2.25,1.69,Estadio Nuevo Mirandilla (Cádiz)
1630258200,Aug 29 2021 - 5:30pm,complete,583,Rayo Vallecano,Granada CF,Jesús Gil Manzano,3,0.00,1.00,1.53,0.84,4,0,4,3,3,0,"3,23,43,58","",5,6,1,0,4,0,1,0,3,1,20,10,7,3,13,7,19,13,47,53,0.00,0.81,2.14,1.15,0.00,0,0,0,0,0,0,0,0,0,2.00,1.00,2.35,3.10,3.45,1.51,2.40,4.60,8.75,2.10,1.80,Estadio de Vallecas (Madrid)
1630267200,Aug 29 2021 - 8:00pm,complete,26840,Atlético Madrid,Villarreal,César Soto Grado,3,3.00,1.00,2.16,1.21,2,2,4,0,0,0,"56,90'5","52,74",16,0,5,0,2,0,2,3,0,2,25,4,5,3,20,1,11,8,49,51,1.20,1.54,2.61,0.66,0.50,0,0,0,0,0,0,50,0,0,9.00,6.00,1.60,3.25,5.10,1.33,2.15,3.80,8.50,2.10,1.80,Estadio Wanda Metropolitano (Madrid)
1631377800,Sep 11 2021 - 4:30pm,complete,N/A,Levante UD,Rayo Vallecano,Javier Alberola Rojas,4,1.00,0.00,1.16,0.68,1,1,2,1,1,0,"39","90'2",2,5,3,0,4,0,2,1,2,2,10,23,4,7,6,16,16,15,45,55,1.11,0.93,1.21,2.27,4.00,50,75,75,50,50,0,75,75,100,6.00,8.00,2.20,3.35,3.60,1.43,2.20,3.65,7.25,2.00,1.91,Estadio Ciudad de Valencia (Valencia)
1631386800,Sep 11 2021 - 7:00pm,complete,N/A,Athletic Club Bilbao,RCD Mallorca,Jorge Figueroa Vázquez,4,1.00,3.00,1.79,0.63,2,0,2,0,0,0,"68,74","",7,2,1,0,2,0,0,1,0,2,20,9,7,3,13,6,7,12,48,52,2.01,1.52,2.14,1.14,1.50,50,50,0,0,0,0,0,50,100,21.00,4.00,1.80,3.45,5.50,1.53,2.45,4.60,9.50,2.35,1.65,San Mamés Barria (Bilbao)
1631448000,Sep 12 2021 - 12:00pm,complete,15321,RCD Espanyol,Atlético Madrid,Juan Martínez Munuera,4,1.00,3.00,1.74,1.58,1,2,3,1,1,0,"40","79,90'9",6,3,1,0,4,0,0,1,1,3,11,15,4,5,7,10,9,12,42,58,1.83,1.42,1.28,1.90,1.50,50,50,50,0,0,0,50,50,50,14.00,10.00,4.75,3.50,1.87,1.51,2.40,4.40,9.50,2.30,1.67,RCDE Stadium (Cornella de Llobregat)
1631456100,Sep 12 2021 - 2:15pm,complete,15321,CA Osasuna,Valencia CF,Ricardo De Burgos Bengoetxea,4,1.00,1.00,1.16,1.16,1,4,5,2,1,1,"8","26,50,55,73",4,4,4,0,2,0,1,3,1,1,12,12,5,6,7,6,22,14,57,43,1.84,1.97,1.42,1.45,1.00,50,50,0,0,0,0,50,0,50,8.50,5.50,2.25,3.20,3.65,1.48,2.30,4.25,8.25,2.05,1.80,Estadio El Sadar (Pamplona (Iruñea))
1631464200,Sep 12 2021 - 4:30pm,complete,11826,Cádiz,Real Sociedad,Alejandro Muñíz Ruiz,4,0.50,0.00,0.95,1.42,0,2,2,0,0,0,"","71,84",2,8,3,1,0,0,2,2,0,0,8,18,2,5,6,13,7,10,22,78,1.06,1.21,0.75,2.07,4.75,100,100,75,75,75,50,100,75,100,6.00,6.50,5.00,3.75,1.77,1.37,2.10,3.55,7.00,2.05,1.83,Estadio Nuevo Mirandilla (Cádiz)
1631473200,Sep 12 2021 - 7:00pm,complete,19874,Real Madrid,Celta de Vigo,José María Sánchez Martínez,4,0.00,1.00,2.32,1.11,5,2,7,3,1,2,"24,46,55,72,87","4,31",7,3,2,0,3,0,1,1,1,2,16,12,10,6,6,6,9,15,60,40,0.00,0.61,2.25,1.72,0.00,0,0,0,0,0,0,0,0,0,2.00,3.00,1.42,5.25,7.75,1.21,1.56,2.30,3.90,1.80,2.10,Estadio Santiago Bernabéu (Madrid)
1631556000,Sep 13 2021 - 6:00pm,complete,6856,Getafe CF,Elche CF,Mario Melero López,4,0.00,0.00,1.47,0.79,0,1,1,0,0,0,"","69",8,2,2,0,4,0,0,2,2,2,10,10,2,4,8,6,5,16,56,44,1.23,0.77,1.10,1.10,1.00,0,0,0,0,0,0,50,0,50,6.00,5.00,2.00,3.05,4.85,1.71,2.95,6.00,13.00,2.65,1.53,Coliseum Alfonso Pérez (Getafe)
1631563200,Sep 13 2021 - 8:00pm,complete,10201,Granada CF,Real Betis,Guillermo Cuadra Fernández,4,1.00,1.00,1.16,1.74,1,2,3,1,0,1,"66","45'2,89",6,8,1,0,2,0,0,1,2,0,12,19,3,9,9,10,8,15,43,57,1.05,1.22,1.24,2.17,2.00,100,100,0,0,0,0,100,0,100,5.00,7.00,3.30,3.30,2.35,1.41,2.15,3.65,7.00,1.83,2.05,Estadio Nuevo Los Cármenes (Granada)
1631905200,Sep 17 2021 - 7:00pm,complete,N/A,Celta de Vigo,Cádiz,Isidro Díaz de Mera Escuderos,5,0.00,1.00,1.32,1.11,1,2,3,2,0,2,"64","38,43",7,1,3,0,3,0,0,3,0,3,13,8,4,4,9,4,7,9,78,22,1.31,1.26,1.56,1.04,2.00,75,75,25,0,0,50,100,25,25,8.50,3.50,1.50,4.40,7.25,1.34,1.95,3.30,6.25,2.15,1.77,Abanca-Balaídos (Vigo)
1631966400,Sep 18 2021 - 12:00pm,complete,N/A,Rayo Vallecano,Getafe CF,Adrián Cordero Vega,5,3.00,0.00,1.53,0.58,3,0,3,1,1,0,"9,78,81","",5,3,6,0,7,0,3,3,4,3,12,14,7,4,5,10,20,15,50,50,2.14,1.70,1.60,1.47,3.00,25,75,75,50,0,75,100,0,50,10.50,3.00,2.65,2.90,3.15,1.69,2.80,5.50,11.00,2.40,1.62,Estadio de Vallecas (Madrid)
1631974500,Sep 18 2021 - 2:15pm,complete,N/A,Atlético Madrid,Athletic Club Bilbao,Jesús Gil Manzano,5,2.00,2.00,2.16,1.11,0,0,0,0,0,0,"","",5,5,5,1,2,0,1,5,1,1,14,8,2,0,12,8,9,15,55,45,1.91,1.19,1.49,0.80,1.50,25,25,25,25,0,0,50,25,25,15.00,5.00,1.69,3.50,6.25,1.50,2.45,4.50,9.25,2.45,1.61,Estadio Wanda Metropolitano (Madrid)
1631982600,Sep 18 2021 - 4:30pm,complete,N/A,Elche CF,Levante UD,Miguel Ángel Ortiz Arias,5,1.00,0.50,1.42,0.68,1,1,2,1,1,0,"33","55",4,7,2,0,2,0,1,1,0,2,8,12,3,7,5,5,10,12,54,46,1.18,0.92,1.07,1.54,1.25,50,50,0,0,0,25,75,0,25,8.50,5.00,2.55,3.10,2.75,1.36,2.10,4.50,9.25,2.15,1.74,Estadio Manuel Martínez Valero (Elche)
1631991600,Sep 18 2021 - 7:00pm,complete,N/A,Deportivo Alavés,CA Osasuna,Alejandro José Hernández Hernández,5,0.00,3.00,1.32,1.32,0,2,2,2,0,2,"","22,29",2,8,4,0,3,0,3,1,1,2,9,13,4,6,5,7,8,11,56,44,1.35,2.06,1.19,1.59,4.00,75,75,75,75,75,0,50,75,100,11.50,2.00,2.95,3.00,2.50,1.48,2.45,4.65,11.00,2.25,1.69,Estadio de Mendizorroza (Vitoria-Gasteiz)
1632052800,Sep 19 2021 - 12:00pm,complete,9168,RCD Mallorca,Villarreal,Carlos Del Cerro Grande,5,2.00,1.00,1.42,1.21,0,0,0,0,0,0,"","",3,1,2,0,3,0,1,1,0,3,14,12,4,3,10,9,7,14,34,66,1.25,1.10,1.33,1.32,1.75,50,50,25,25,0,0,50,25,50,6.50,5.50,3.50,3.35,2.25,1.44,2.20,3.80,7.75,2.00,1.87,Iberostar Estadi (Palma de Mallorca)
1632060900,Sep 19 2021 - 2:15pm,complete,23757,Real Sociedad,Sevilla FC,Antonio Miguel Mateu Lahoz,5,3.00,2.00,1.84,1.47,0,0,0,0,0,0,"","",5,6,2,0,3,0,0,2,2,1,11,12,5,5,6,7,17,11,47,53,1.51,1.47,1.39,1.39,1.25,25,25,0,0,0,25,50,0,50,7.00,3.00,2.29,3.34,3.18,1.36,2.18,4.00,7.75,2.05,1.83,Reale Arena (Donostia-San Sebastián)
1632069000,Sep 19 2021 - 4:30pm,complete,30189,Real Betis,RCD Espanyol,César Soto Grado,5,0.50,0.50,1.68,0.47,2,2,4,3,2,1,"41,45'4","16,90'7",10,4,4,1,4,0,1,4,1,3,25,10,8,5,17,5,13,11,60,40,1.96,1.12,2.68,1.20,1.00,25,25,0,0,0,25,50,0,25,7.50,8.50,2.05,3.40,3.95,1.42,2.15,3.65,7.25,2.00,1.87,Estadio Benito Villamarín (Sevilla)
1632078000,Sep 19 2021 - 7:00pm,complete,26689,Valencia CF,Real Madrid,Pablo González Fuertes,5,3.00,2.33,1.37,2.21,1,2,3,0,0,0,"66","86,88",2,5,1,0,5,0,1,0,1,4,13,18,5,10,8,8,11,14,39,61,0.98,2.24,1.58,2.23,3.00,34,59,59,34,34,25,67,34,75,8.17,6.83,4.00,3.75,1.95,1.31,1.83,2.95,5.50,1.80,2.05,Estadio de Mestalla (Valencia)
1632164400,Sep 20 2021 - 7:00pm,complete,27097,FC Barcelona,Granada CF,Santiago Jaime Latre,5,3.00,0.50,2.00,0.84,1,1,2,1,0,1,"90","2",12,4,3,0,6,0,0,3,1,5,18,6,7,4,11,2,14,16,77,23,1.66,0.98,2.42,0.82,3.25,50,75,75,50,25,75,75,25,50,8.00,5.00,1.20,5.40,9.00,1.17,1.49,2.15,4.25,2.10,1.80,Camp Nou (Barcelona)
1632245400,Sep 21 2021 - 5:30pm,complete,8950,Getafe CF,Atlético Madrid,Guillermo Cuadra Fernández,6,0.00,3.00,1.47,1.58,1,2,3,1,1,0,"45","78,90'1",2,5,4,1,5,0,0,5,1,4,9,14,4,5,5,9,14,11,32,68,1.16,1.66,1.05,1.69,2.00,50,50,50,0,0,0,50,50,100,10.50,8.00,6.25,3.60,1.69,1.62,2.80,5.75,13.00,2.70,1.50,Coliseum Alfonso Pérez (Getafe)
1632254400,Sep 21 2021 - 8:00pm,complete,16236,Athletic Club Bilbao,Rayo Vallecano,José Luis Munuera Montero,6,2.00,0.33,1.79,0.68,1,2,3,2,1,1,"33","5,90'6",2,1,3,0,3,0,1,2,2,1,9,8,3,4,6,4,15,16,47,53,2.08,1.38,1.13,1.08,2.00,42,84,17,0,0,0,34,67,100,13.00,4.33,1.77,3.60,5.50,1.47,2.30,4.10,8.25,2.25,1.69,San Mamés Barria (Bilbao)
1632254400,Sep 21 2021 - 8:00pm,complete,11989,Levante UD,Celta de Vigo,Jorge Figueroa Vázquez,6,1.00,0.50,1.16,1.11,0,2,2,0,0,0,"","66,85",2,4,3,0,2,0,1,2,1,1,6,4,2,4,4,0,16,12,45,55,1.16,1.17,0.88,0.80,3.75,75,75,50,50,50,25,75,50,75,5.50,7.00,3.00,3.30,2.50,1.39,2.05,3.40,6.50,1.80,2.10,Estadio Ciudad de Valencia (Valencia)
1632331800,Sep 22 2021 - 5:30pm,complete,N/A,RCD Espanyol,Deportivo Alavés,Mario Melero López,6,0.50,0.00,1.74,0.32,1,0,1,0,0,0,"54","",4,8,2,0,1,0,0,2,0,1,13,11,5,3,8,8,14,17,53,47,1.55,1.21,1.45,1.27,2.25,25,75,75,0,0,50,75,25,75,11.50,6.00,1.87,3.50,4.75,1.50,2.40,4.25,8.75,2.25,1.71,RCDE Stadium (Cornella de Llobregat)
1632331800,Sep 22 2021 - 5:30pm,complete,23654,Sevilla FC,Valencia CF,José María Sánchez Martínez,6,3.00,2.00,2.21,1.16,3,1,4,4,3,1,"3,15,22","31",1,4,5,0,3,0,3,2,2,1,13,10,6,5,7,5,25,21,58,42,2.61,1.71,1.48,1.18,3.25,50,100,75,25,25,25,100,75,100,9.00,3.00,1.67,3.95,5.75,1.34,2.00,3.30,6.50,2.00,1.87,Estadio Ramón Sánchez Pizjuán (Sevilla)
1632340800,Sep 22 2021 - 8:00pm,complete,N/A,Real Madrid,RCD Mallorca,Javier Alberola Rojas,6,3.00,1.50,2.32,0.63,6,1,7,4,3,1,"3,24,29,55,78,84","25",3,2,2,0,1,0,0,2,0,1,21,19,13,6,8,13,15,7,59,41,2.25,1.33,2.66,1.87,4.25,50,75,50,50,50,50,50,75,100,12.00,4.50,1.25,7.00,13.00,1.17,1.48,2.15,3.60,1.87,1.95,Estadio Santiago Bernabéu (Madrid)
1632340800,Sep 22 2021 - 8:00pm,complete,8234,Villarreal,Elche CF,Alejandro Muñíz Ruiz,6,1.00,1.50,1.89,0.79,4,1,5,3,2,1,"5,39,60,90'4","19",8,7,1,0,2,0,1,0,1,1,14,10,9,3,5,7,17,9,60,40,1.64,0.94,2.04,1.12,0.50,0,0,0,0,0,0,25,0,25,7.50,8.00,1.48,4.40,7.75,1.38,2.05,3.60,7.00,2.25,1.67,Estadio de la Cerámica (Villarreal)
1632418200,Sep 23 2021 - 5:30pm,complete,9552,Granada CF,Real Sociedad,Valentín Pizarro Gómez,6,0.50,1.50,1.16,1.42,2,3,5,1,1,0,"9,70","52,60,82",4,7,5,0,1,0,2,3,0,1,9,19,3,11,6,8,11,16,38,62,1.15,1.64,0.99,2.37,3.25,75,100,50,25,25,25,75,75,100,9.50,4.50,4.25,3.35,2.00,1.44,2.20,3.85,7.50,2.05,1.83,Estadio Nuevo Los Cármenes (Granada)
1632418200,Sep 23 2021 - 5:30pm,complete,13758,CA Osasuna,Real Betis,Juan Martínez Munuera,6,0.67,2.00,1.16,1.74,1,3,4,2,1,1,"39","21,80,90'3",4,7,2,0,0,0,1,1,0,0,11,17,4,10,7,7,21,10,48,52,1.70,1.69,1.45,2.10,2.09,67,67,42,17,17,17,67,42,67,8.50,6.17,2.45,3.20,3.15,1.42,2.10,3.60,7.00,1.91,2.00,Estadio El Sadar (Pamplona (Iruñea))
1632427200,Sep 23 2021 - 8:00pm,complete,12179,Cádiz,FC Barcelona,Carlos Del Cerro Grande,6,0.33,1.00,0.95,1.84,0,0,0,0,0,0,"","",4,5,3,0,3,1,0,3,0,4,13,6,3,3,10,3,15,9,32,68,0.96,1.55,1.51,1.04,2.50,84,100,17,17,17,0,34,84,100,4.67,7.00,6.00,4.30,1.57,1.25,1.74,2.80,5.50,1.83,2.00,Estadio Nuevo Mirandilla (Cádiz)
1632571200,Sep 25 2021 - 12:00pm,complete,N/A,Deportivo Alavés,Atlético Madrid,Antonio Miguel Mateu Lahoz,7,0.00,3.00,1.32,1.58,1,0,1,1,1,0,"4","",3,8,2,0,3,0,2,0,1,2,8,14,2,0,6,14,17,12,29,71,1.30,1.67,0.80,1.42,2.84,67,84,67,17,17,17,67,67,84,5.33,8.00,6.75,3.90,1.61,1.45,2.25,4.10,8.25,2.40,1.62,Estadio de Mendizorroza (Vitoria-Gasteiz)
1632579300,Sep 25 2021 - 2:15pm,complete,N/A,Valencia CF,Athletic Club Bilbao,Alejandro José Hernández Hernández,7,2.00,1.67,1.37,1.11,1,1,2,0,0,0,"90'5","69",4,5,4,1,2,0,1,4,0,2,14,14,6,7,8,7,16,17,52,48,1.18,1.06,1.69,1.73,1.33,17,34,34,0,0,17,50,17,34,8.00,5.00,2.55,3.25,3.00,1.45,2.25,3.90,7.75,2.00,1.87,Estadio de Mestalla (Valencia)
1632587400,Sep 25 2021 - 4:30pm,complete,N/A,Sevilla FC,RCD Espanyol,Pablo González Fuertes,7,3.00,0.67,2.21,0.47,2,0,2,1,1,0,"13,87","",4,8,3,1,0,0,0,4,0,0,13,14,6,5,7,9,11,10,54,46,2.05,1.15,1.62,1.76,2.59,42,67,67,42,0,42,84,25,42,6.50,7.00,1.73,3.60,5.00,1.36,2.09,4.00,8.00,2.25,1.69,Estadio Ramón Sánchez Pizjuán (Sevilla)
1632596400,Sep 25 2021 - 7:00pm,complete,23985,Real Madrid,Villarreal,Jesús Gil Manzano,7,3.00,1.00,2.32,1.21,0,0,0,0,0,0,"","",6,3,1,0,2,0,1,0,0,2,14,9,0,3,14,6,10,13,49,51,2.45,1.17,1.39,1.04,4.17,67,67,67,67,50,50,50,67,67,7.67,5.00,1.50,4.70,6.00,1.25,1.60,1.53,4.50,1.83,2.05,Estadio Santiago Bernabéu (Madrid)
1632657600,Sep 26 2021 - 12:00pm,complete,N/A,RCD Mallorca,CA Osasuna,Miguel Ángel Ortiz Arias,7,1.67,3.00,1.42,1.32,2,3,5,3,2,1,"11,45'4","9,58,88",5,5,2,0,3,0,1,1,1,2,17,12,8,7,9,5,7,16,56,44,1.28,1.82,2.02,1.59,2.25,42,67,25,25,25,25,84,25,42,12.50,3.83,2.90,3.15,2.75,1.54,2.45,4.35,8.75,2.15,1.74,Iberostar Estadi (Palma de Mallorca)
1632665700,Sep 26 2021 - 2:15pm,complete,N/A,FC Barcelona,Levante UD,Isidro Díaz de Mera Escuderos,7,2.33,0.67,2.00,0.68,3,0,3,2,2,0,"7,14,90'1","",11,1,1,0,3,0,1,0,1,2,21,7,13,3,8,4,11,15,70,30,1.91,1.13,2.81,0.89,2.67,84,84,34,17,17,34,100,17,67,11.00,5.34,1.37,5.50,8.75,1.17,1.48,2.15,3.60,1.77,2.15,Camp Nou (Barcelona)
1632673800,Sep 26 2021 - 4:30pm,complete,23941,Real Sociedad,Elche CF,Adrián Cordero Vega,7,2.33,1.00,1.84,0.79,1,0,1,0,0,0,"81","",6,1,1,0,3,0,0,1,0,3,18,6,4,3,14,3,11,16,64,36,1.47,1.00,1.82,0.72,1.50,17,17,17,17,17,17,50,17,50,7.33,4.67,1.40,4.75,9.25,1.39,2.05,3.60,7.00,2.40,1.62,Reale Arena (Donostia-San Sebastián)
1632673800,Sep 26 2021 - 4:30pm,complete,N/A,Rayo Vallecano,Cádiz,Ricardo De Burgos Bengoetxea,7,3.00,2.00,1.53,1.11,3,1,4,3,2,1,"9,44,87","23",4,3,2,0,4,0,0,2,1,3,14,7,7,3,7,4,13,12,59,41,1.87,1.15,1.69,0.98,3.00,50,100,75,25,0,75,100,25,75,8.00,5.00,1.62,3.90,6.25,1.38,2.10,3.65,7.25,2.20,1.74,Estadio de Vallecas (Madrid)
1632682800,Sep 26 2021 - 7:00pm,complete,N/A,Real Betis,Getafe CF,Santiago Jaime Latre,7,0.67,0.00,1.68,0.58,2,0,2,1,1,0,"14,55","",3,3,1,0,3,0,0,1,1,2,22,9,6,4,16,5,13,18,51,49,2.20,1.62,2.15,1.11,2.33,50,67,50,17,0,50,84,17,50,10.34,8.67,1.91,3.60,4.35,1.47,2.30,4.15,8.50,2.20,1.71,Estadio Benito Villamarín (Sevilla)
1632769200,Sep 27 2021 - 7:00pm,complete,6375,Celta de Vigo,Granada CF,César Soto Grado,7,0.00,0.67,1.32,0.84,1,0,1,0,0,0,"90'4","",5,3,2,0,7,0,1,1,0,7,16,8,6,5,10,3,11,12,73,27,1.40,0.93,2.01,0.99,2.17,50,67,50,17,0,33,84,17,67,8.67,7.00,1.69,3.90,5.50,1.32,1.91,3.15,6.00,1.95,1.91,Abanca-Balaídos (Vigo)
1633114800,Oct 01 2021 - 7:00pm,complete,N/A,Athletic Club Bilbao,Deportivo Alavés,Carlos Del Cerro Grande,8,1.33,0.00,1.79,0.32,1,0,1,1,1,0,"44","",13,9,3,0,2,0,2,1,1,1,16,17,6,6,10,11,16,12,56,44,1.76,1.24,1.82,1.77,2.17,34,75,42,0,0,42,42,34,100,13.33,4.17,1.53,4.00,7.00,1.35,2.38,4.33,9.50,2.25,1.65,San Mamés Barria (Bilbao)
1633176000,Oct 02 2021 - 12:00pm,complete,19238,CA Osasuna,Rayo Vallecano,Mario Melero López,8,0.50,1.00,1.16,0.68,1,0,1,0,0,0,"90'1","",6,3,3,0,3,0,1,2,3,0,8,8,4,0,4,8,6,3,51,49,1.64,1.30,1.18,0.77,2.25,50,63,50,25,13,38,63,38,75,5.75,6.50,2.20,3.30,3.40,1.40,2.15,4.00,8.00,1.85,1.92,Estadio El Sadar (Pamplona (Iruñea))
1633184100,Oct 02 2021 - 2:15pm,complete,N/A,RCD Mallorca,Levante UD,Alejandro Muñíz Ruiz,8,1.25,0.50,1.42,0.68,1,0,1,0,0,0,"75","",8,3,4,0,4,0,1,3,2,2,10,8,8,3,2,5,18,25,53,47,1.46,1.07,1.51,0.94,2.00,50,63,25,13,13,25,88,13,63,7.00,5.00,2.15,3.40,3.50,1.38,2.20,4.00,8.00,1.88,1.90,Iberostar Estadi (Palma de Mallorca)
1633192200,Oct 02 2021 - 4:30pm,complete,N/A,Cádiz,Valencia CF,Valentín Pizarro Gómez,8,0.50,1.33,0.95,1.16,0,0,0,0,0,0,"","",1,3,3,0,4,0,1,2,1,3,4,17,3,5,1,12,16,11,32,68,1.10,1.53,0.69,1.94,2.96,75,88,46,46,29,34,75,42,71,7.67,5.33,3.45,3.03,2.06,1.38,2.38,4.50,9.50,2.00,1.78,Estadio Nuevo Mirandilla (Cádiz)
1633201200,Oct 02 2021 - 7:00pm,complete,N/A,Atlético Madrid,FC Barcelona,César Soto Grado,8,1.67,1.00,2.16,1.84,2,0,2,2,2,0,"23,44","",2,6,2,0,1,0,1,1,1,0,7,10,4,3,3,7,13,9,29,71,1.77,1.29,0.92,1.36,1.34,42,42,17,17,0,0,17,42,42,11.17,8.33,2.03,3.23,3.28,1.32,1.98,3.20,7.00,1.80,1.98,Estadio Wanda Metropolitano (Madrid)
1633262400,Oct 03 2021 - 12:00pm,complete,11299,Elche CF,Celta de Vigo,José Luis Munuera Montero,8,1.00,1.33,1.42,1.11,1,0,1,0,0,0,"49","",7,4,4,0,3,0,1,3,0,3,14,10,5,3,9,7,14,18,45,55,1.15,1.05,1.55,1.18,2.17,50,67,17,17,17,33,50,34,50,8.00,4.67,3.47,3.23,1.97,1.38,2.12,4.33,9.50,1.98,1.83,Estadio Manuel Martínez Valero (Elche)
1633270500,Oct 03 2021 - 2:15pm,complete,23377,RCD Espanyol,Real Madrid,Guillermo Cuadra Fernández,8,1.33,2.50,1.74,2.21,2,1,3,1,1,0,"17,60","71",2,8,2,0,1,0,1,1,1,0,9,21,5,7,4,14,13,13,35,65,1.52,2.24,1.16,2.38,2.54,54,54,54,25,25,0,29,54,84,11.83,5.00,5.30,4.20,1.60,1.24,1.67,2.90,5.00,1.72,2.10,RCDE Stadium (Cornella de Llobregat)
1633278600,Oct 03 2021 - 4:30pm,complete,N/A,Getafe CF,Real Sociedad,Jorge Figueroa Vázquez,8,0.00,2.00,1.47,1.42,1,1,2,1,1,0,"40","68",2,5,4,0,2,0,1,3,1,1,11,12,3,6,8,6,14,12,38,62,1.12,1.88,1.15,1.58,3.00,50,67,50,34,34,17,50,67,100,11.00,5.34,3.60,3.20,2.20,1.53,2.27,5.50,11.00,2.15,1.68,Coliseum Alfonso Pérez (Getafe)
1633278600,Oct 03 2021 - 4:30pm,complete,16719,Villarreal,Real Betis,José María Sánchez Martínez,8,2.00,2.33,1.89,1.74,2,0,2,1,1,0,"45'1,69","",4,6,2,0,4,0,0,2,2,2,12,11,5,4,7,7,15,12,58,42,1.84,1.83,1.53,1.29,2.75,75,75,59,42,25,42,75,59,75,13.00,4.67,2.13,3.60,3.30,1.28,1.80,3.10,6.00,1.70,2.10,Estadio de la Cerámica (Villarreal)
1633287600,Oct 03 2021 - 7:00pm,complete,15000,Granada CF,Sevilla FC,Javier Alberola Rojas,8,0.33,1.67,1.16,1.47,1,0,1,1,1,0,"25","",2,6,3,0,3,1,1,2,0,4,7,16,4,5,3,11,13,11,32,68,1.09,1.44,0.92,1.77,2.17,67,67,34,17,17,17,67,34,67,8.33,5.00,4.40,3.50,1.86,1.33,1.91,4.20,8.50,2.05,1.75,Estadio Nuevo Los Cármenes (Granada)
1634401800,Oct 16 2021 - 4:30pm,complete,14551,Levante UD,Getafe CF,Mario Melero López,9,0.67,0.00,1.16,0.58,0,0,0,0,0,0,"","",3,11,3,0,3,0,1,2,1,2,6,9,3,3,3,6,14,8,53,47,1.07,1.50,0.96,1.23,2.79,46,88,42,17,17,13,84,46,75,6.92,7.17,2.55,3.25,2.95,1.50,2.50,4.75,10.00,2.05,1.70,Estadio Ciudad de Valencia (Valencia)
1634410800,Oct 16 2021 - 7:00pm,complete,30831,Real Sociedad,RCD Mallorca,Pablo González Fuertes,9,2.50,1.00,1.84,0.63,1,0,1,0,0,0,"90","",2,6,2,1,3,0,3,0,2,1,9,6,4,3,5,3,13,23,50,50,1.56,1.51,1.27,1.01,2.04,17,34,17,17,17,17,29,34,75,8.50,3.75,1.45,4.60,7.50,1.30,1.88,3.25,6.50,2.05,1.70,Reale Arena (Donostia-San Sebastián)
1634472000,Oct 17 2021 - 12:00pm,complete,6899,Rayo Vallecano,Elche CF,Santiago Jaime Latre,9,3.00,0.75,1.53,0.79,2,1,3,2,1,1,"26,65","14",6,2,2,0,2,0,0,2,1,1,13,9,5,3,8,6,16,11,53,47,1.81,0.93,1.61,1.03,2.84,29,63,63,46,13,46,75,29,88,7.42,5.75,1.75,3.74,5.17,1.40,2.38,4.33,9.50,2.05,1.70,Estadio de Vallecas (Madrid)
1634480100,Oct 17 2021 - 2:15pm,complete,10774,Celta de Vigo,Sevilla FC,Ricardo De Burgos Bengoetxea,9,0.75,1.25,1.32,1.47,0,1,1,0,0,0,"","54",5,4,2,0,3,0,1,1,2,1,15,8,6,3,9,5,14,10,46,54,1.55,1.53,1.64,0.89,1.50,38,38,25,0,0,25,63,13,50,9.50,5.25,3.28,3.31,2.18,1.38,1.94,4.00,8.00,1.91,1.91,Abanca-Balaídos (Vigo)
1634488200,Oct 17 2021 - 4:30pm,complete,14831,Villarreal,CA Osasuna,Adrián Cordero Vega,9,2.33,3.00,1.89,1.32,1,2,3,1,0,1,"55","26,87",4,4,1,0,5,0,1,0,1,4,13,7,6,3,7,4,8,13,73,27,1.74,1.74,1.89,0.89,3.17,50,84,50,50,50,50,84,50,67,14.00,4.67,1.72,3.93,5.06,1.33,1.89,3.50,6.50,1.91,1.91,Estadio de la Cerámica (Villarreal)
1634497200,Oct 17 2021 - 7:00pm,complete,47317,FC Barcelona,Valencia CF,Jesús Gil Manzano,9,2.50,1.25,2.00,1.16,3,1,4,3,2,1,"13,41,85","5",9,3,2,0,3,0,2,0,1,2,13,11,6,3,7,8,15,10,61,39,2.14,1.63,1.68,1.21,3.13,75,88,63,38,25,63,88,25,63,12.00,5.00,1.26,5.62,9.22,1.22,1.60,2.50,5.00,1.80,1.95,Camp Nou (Barcelona)
1634576400,Oct 18 2021 - 5:00pm,complete,10227,Deportivo Alavés,Real Betis,Miguel Ángel Ortiz Arias,9,0.75,1.75,1.32,1.74,0,1,1,0,0,0,"","89",7,7,1,0,1,0,0,1,1,0,13,19,4,5,9,14,8,11,36,64,1.18,1.70,1.48,2.01,2.50,50,75,38,25,13,25,75,38,75,7.50,4.75,3.60,3.40,2.10,1.36,2.20,3.75,7.50,1.91,1.91,Estadio de Mendizorroza (Vitoria-Gasteiz)
1634583600,Oct 18 2021 - 7:00pm,complete,15678,RCD Espanyol,Cádiz,Antonio Miguel Mateu Lahoz,9,1.75,1.33,1.74,1.11,2,0,2,1,1,0,"45'1,65","",7,9,1,0,0,0,0,1,0,0,14,13,8,3,6,10,5,10,54,46,1.43,1.09,1.73,1.49,2.38,75,75,59,17,0,50,75,25,71,8.25,4.33,1.65,3.70,5.75,1.36,2.38,4.50,10.00,2.10,1.67,RCDE Stadium (Cornella de Llobregat)
1634929200,Oct 22 2021 - 7:00pm,complete,N/A,CA Osasuna,Granada CF,Alejandro Muñíz Ruiz,10,1.00,0.50,1.16,0.84,1,1,2,1,1,0,"45","90",4,1,1,1,3,0,1,1,1,2,17,10,6,4,11,6,15,11,42,58,1.55,0.94,1.90,1.21,1.88,33,45,33,33,10,33,45,20,68,7.55,7.70,1.84,3.65,4.50,1.38,2.12,4.00,8.00,1.95,1.80,Estadio El Sadar (Pamplona (Iruñea))
1634990400,Oct 23 2021 - 12:00pm,complete,N/A,Valencia CF,RCD Mallorca,Carlos Del Cerro Grande,10,1.75,0.75,1.37,0.63,2,2,4,2,0,2,"90'3,90'8","32,38",5,0,5,0,4,2,2,3,1,5,21,11,7,6,14,5,7,9,73,27,1.31,1.38,2.44,1.27,2.50,38,63,38,13,13,25,38,50,88,7.25,6.00,1.76,3.80,4.60,1.35,2.10,3.75,7.50,2.00,1.75,Estadio de Mestalla (Valencia)
1634998500,Oct 23 2021 - 2:15pm,complete,N/A,Cádiz,Deportivo Alavés,Javier Alberola Rojas,10,0.60,0.00,0.95,0.32,0,2,2,1,0,1,"","6,90'1",14,3,0,0,2,0,0,0,1,1,24,9,4,5,20,4,10,14,61,39,1.02,1.42,2.37,1.12,1.74,20,47,27,10,10,17,54,20,64,9.60,5.33,2.55,3.05,3.10,1.57,2.50,5.50,13.00,2.10,1.67,Estadio Nuevo Mirandilla (Cádiz)
1635006600,Oct 23 2021 - 4:30pm,complete,N/A,Elche CF,RCD Espanyol,Jorge Figueroa Vázquez,10,1.50,0.50,1.42,0.47,2,2,4,1,1,0,"23,84","51,52",3,7,3,0,1,0,1,2,0,1,15,21,10,8,5,13,14,10,58,42,1.25,1.30,2.05,2.18,1.50,38,50,13,13,0,25,63,0,50,10.50,5.50,2.76,3.20,2.94,1.53,2.38,5.00,11.00,2.10,1.67,Estadio Manuel Martínez Valero (Elche)
1635015600,Oct 23 2021 - 7:00pm,complete,38698,Athletic Club Bilbao,Villarreal,Guillermo Cuadra Fernández,10,1.75,1.00,1.79,1.21,2,1,3,2,1,1,"14,77","32",9,2,0,0,3,0,0,0,0,3,15,13,8,4,7,9,6,11,52,48,1.78,1.14,2.00,1.36,1.50,38,50,25,13,0,13,25,38,50,11.50,4.75,2.59,3.34,3.03,1.36,2.20,4.33,8.50,1.95,1.80,San Mamés Barria (Bilbao)
1635076800,Oct 24 2021 - 12:00pm,complete,N/A,Sevilla FC,Levante UD,Valentín Pizarro Gómez,10,3.00,0.40,2.21,0.68,5,3,8,4,3,1,"8,24,38,50,64","33,55,61",10,3,1,0,2,0,0,1,0,2,19,13,8,7,11,6,12,8,61,39,1.91,1.04,2.25,1.53,2.40,37,80,44,17,0,27,90,17,74,6.40,6.33,1.44,4.33,6.50,1.30,1.90,3.00,6.50,2.00,1.75,Estadio Ramón Sánchez Pizjuán (Sevilla)
1635084900,Oct 24 2021 - 2:15pm,complete,N/A,FC Barcelona,Real Madrid,José María Sánchez Martínez,10,2.60,2.00,2.00,2.21,1,2,3,1,0,1,"90'7","32,90'4",7,4,1,0,1,0,0,1,0,1,12,14,3,6,9,8,16,14,52,48,2.04,2.27,1.58,1.52,3.60,80,90,80,40,30,40,70,50,90,14.00,4.80,2.80,3.50,2.38,1.19,1.54,2.60,4.50,1.50,2.50,Camp Nou (Barcelona)
1635093000,Oct 24 2021 - 4:30pm,complete,N/A,Real Betis,Rayo Vallecano,Ricardo De Burgos Bengoetxea,10,1.25,0.80,1.68,0.68,3,2,5,3,2,1,"22,24,75","45'1,65",4,4,1,0,2,0,1,0,1,1,14,13,6,4,8,9,9,11,46,54,2.18,1.20,1.59,1.42,2.13,45,68,33,13,0,35,68,10,88,7.60,7.20,1.90,3.72,4.08,1.28,1.93,3.40,6.00,1.75,2.00,Estadio Benito Villamarín (Sevilla)
1635102000,Oct 24 2021 - 7:00pm,complete,50032,Atlético Madrid,Real Sociedad,José Luis Munuera Montero,10,2.00,1.75,2.16,1.42,2,2,4,1,0,1,"61,77","7,48",4,3,1,0,3,0,1,0,1,2,18,9,5,5,13,4,15,13,56,44,1.56,1.81,2.06,1.08,2.75,50,75,38,38,25,25,63,50,63,12.00,5.50,1.82,3.68,4.66,1.36,2.09,4.33,9.00,2.10,1.67,Estadio Wanda Metropolitano (Madrid)
1635188400,Oct 25 2021 - 7:00pm,complete,N/A,Getafe CF,Celta de Vigo,Juan Martínez Munuera,10,0.25,1.00,1.47,1.11,0,3,3,0,0,0,"","55,58,73",2,7,2,2,2,0,0,4,1,1,12,17,3,9,9,8,10,11,34,66,1.13,1.08,1.19,2.04,2.13,38,50,25,13,13,13,38,38,88,7.50,6.50,2.64,3.30,2.99,1.50,2.55,5.00,11.00,2.10,1.67,Coliseum Alfonso Pérez (Getafe)
1635267600,Oct 26 2021 - 5:00pm,complete,N/A,Deportivo Alavés,Elche CF,Jesús Gil Manzano,11,0.60,0.60,1.32,0.79,1,0,1,0,0,0,"47","",4,7,1,0,1,0,1,0,1,0,16,6,6,3,10,3,15,11,38,62,1.24,0.95,1.67,0.97,2.10,30,40,30,20,20,30,50,20,70,5.20,4.80,2.25,3.10,3.50,1.53,2.37,5.50,11.00,2.10,1.67,Estadio de Mendizorroza (Vitoria-Gasteiz)
1635274800,Oct 26 2021 - 7:00pm,complete,16196,RCD Espanyol,Athletic Club Bilbao,Miguel Ángel Ortiz Arias,11,2.00,1.50,1.74,1.11,1,1,2,1,1,0,"33","52",8,12,1,1,2,0,0,2,0,2,15,25,4,5,11,20,7,12,46,54,1.49,1.23,1.62,2.46,1.28,33,43,20,0,0,0,43,33,53,11.10,3.55,2.80,3.10,2.62,1.40,2.20,4.75,10.00,2.00,1.75,RCDE Stadium (Cornella de Llobregat)
1635276600,Oct 26 2021 - 7:30pm,complete,12190,Villarreal,Cádiz,Alejandro José Hernández Hernández,11,1.75,1.00,1.89,1.11,3,3,6,3,1,2,"43,80,90'5","14,45'1,52",8,2,3,0,6,0,2,1,2,4,15,12,9,5,6,7,12,10,77,23,1.77,1.19,2.33,1.30,2.63,63,88,50,25,13,50,88,25,75,10.00,4.00,1.33,5.00,10.00,1.28,1.70,3.30,6.00,2.10,1.67,Estadio de la Cerámica (Villarreal)
1635354000,Oct 27 2021 - 5:00pm,complete,15125,RCD Mallorca,Sevilla FC,Santiago Jaime Latre,11,1.60,1.60,1.42,1.47,1,1,2,1,1,0,"22","73",4,2,4,1,6,0,0,5,1,5,13,11,5,4,8,7,15,14,30,70,1.47,1.40,1.49,1.30,1.40,30,30,10,10,10,20,50,10,50,9.00,5.00,4.75,3.40,1.80,1.33,2.20,4.20,8.50,2.05,1.70,Visit Mallorca Estadi (Palma de Mallorca)
1635354000,Oct 27 2021 - 5:00pm,complete,N/A,Rayo Vallecano,FC Barcelona,Antonio Miguel Mateu Lahoz,11,3.00,0.67,1.53,1.84,1,0,1,1,1,0,"30","",3,7,2,0,2,0,1,1,0,2,14,18,5,4,9,14,17,11,31,69,1.76,1.32,1.45,1.85,2.42,42,84,50,25,0,54,67,29,67,9.33,5.75,4.33,4.33,1.68,1.18,1.53,2.90,4.33,1.62,2.20,Estadio de Vallecas (Madrid)
1635357600,Oct 27 2021 - 6:00pm,complete,43123,Real Betis,Valencia CF,Isidro Díaz de Mera Escuderos,11,1.60,1.00,1.68,1.16,4,1,5,3,2,1,"14,30,61,68","39",4,7,2,0,5,0,1,1,1,4,15,12,9,5,6,7,15,19,61,39,2.06,1.55,1.87,1.31,2.90,70,80,50,50,20,60,80,20,70,8.80,6.20,1.95,3.50,3.80,1.30,1.90,3.60,7.00,1.95,1.80,Estadio Benito Villamarín (Sevilla)
1635363000,Oct 27 2021 - 7:30pm,complete,35619,Real Madrid,CA Osasuna,César Soto Grado,11,2.33,3.00,2.32,1.32,0,0,0,0,0,0,"","",11,3,1,0,1,0,1,0,1,0,21,8,7,0,14,8,13,10,75,25,2.10,1.53,2.67,0.73,4.21,71,84,71,59,59,59,84,71,71,12.33,4.42,1.36,5.00,8.25,1.19,1.60,2.50,4.75,1.91,1.91,Estadio Santiago Bernabéu (Madrid)
1635440400,Oct 28 2021 - 5:00pm,complete,N/A,Celta de Vigo,Real Sociedad,Mario Melero López,11,0.60,1.60,1.32,1.42,0,2,2,0,0,0,"","54,79",7,6,1,0,0,0,1,0,0,0,14,12,6,5,8,7,13,9,57,43,1.57,1.66,1.77,1.33,2.80,60,70,50,30,20,20,70,50,90,10.00,4.80,2.62,3.05,2.38,1.32,1.95,3.60,7.00,1.80,1.95,Abanca-Balaídos (Vigo)
1635444000,Oct 28 2021 - 6:00pm,complete,13651,Granada CF,Getafe CF,Adrián Cordero Vega,11,1.00,0.20,1.16,0.58,1,1,2,1,0,1,"90'7","36",5,0,1,0,4,0,1,0,0,4,20,7,6,4,14,3,10,13,77,23,1.05,1.44,2.13,0.87,2.28,48,68,45,13,13,10,90,35,58,9.10,6.65,2.33,2.70,3.05,1.45,2.70,5.50,12.00,2.20,1.62,Estadio Nuevo Los Cármenes (Granada)
1635449400,Oct 28 2021 - 7:30pm,complete,N/A,Levante UD,Atlético Madrid,Pablo González Fuertes,11,0.75,2.25,1.16,1.58,2,2,4,2,1,1,"37,90","12,76",5,2,2,1,5,0,1,2,2,3,12,8,4,4,8,4,14,12,35,65,1.04,1.61,1.29,1.09,2.50,63,75,50,13,13,0,75,63,75,8.00,8.25,5.40,3.40,1.54,1.33,2.10,3.75,7.50,2.05,1.70,Estadio Ciudad de Valencia (Valencia)
1635595200,Oct 30 2021 - 12:00pm,complete,N/A,Elche CF,Real Madrid,Ricardo De Burgos Bengoetxea,12,1.40,2.17,1.42,2.21,1,2,3,1,0,1,"86","22,73",5,4,1,1,0,0,1,1,0,0,14,18,5,6,9,12,10,12,44,56,1.41,2.14,1.69,1.95,2.65,72,72,52,27,17,10,55,52,80,10.67,4.93,7.09,4.50,1.43,1.20,1.75,2.75,4.70,1.80,1.90,Estadio Manuel Martínez Valero (Elche)
1635603300,Oct 30 2021 - 2:15pm,complete,N/A,Sevilla FC,CA Osasuna,Carlos Del Cerro Grande,12,3.00,2.60,2.21,1.32,2,0,2,1,1,0,"40,60","",4,5,2,0,2,0,0,2,0,2,19,12,6,4,13,8,18,10,64,36,1.99,1.37,1.92,1.29,3.63,55,90,68,45,33,45,90,55,68,10.95,5.15,1.60,3.85,5.75,1.32,2.10,3.60,7.00,2.10,1.65,Estadio Ramón Sánchez Pizjuán (Sevilla)
1635611400,Oct 30 2021 - 4:30pm,complete,31487,Valencia CF,Villarreal,José Luis Munuera Montero,12,1.60,0.80,1.37,1.21,2,0,2,1,1,0,"43,77","",7,6,2,0,4,0,0,2,0,4,10,12,3,2,7,10,19,16,25,75,1.53,1.18,1.10,1.52,2.00,50,60,50,20,0,30,40,40,60,5.80,6.80,2.96,3.52,2.45,1.28,1.94,3.40,6.30,1.67,2.05,Estadio de Mestalla (Valencia)
1635620400,Oct 30 2021 - 7:00pm,complete,37278,FC Barcelona,Deportivo Alavés,Jorge Figueroa Vázquez,12,2.17,0.75,2.00,0.32,1,1,2,0,0,0,"49","52",9,0,0,0,2,0,0,0,1,1,17,4,6,3,11,1,11,9,79,21,1.97,1.34,2.27,0.55,2.63,42,75,54,17,9,46,88,17,79,13.83,4.25,1.27,6.00,11.50,1.12,1.51,2.25,3.60,1.85,1.85,Camp Nou (Barcelona)
1635685200,Oct 31 2021 - 1:00pm,complete,N/A,Cádiz,RCD Mallorca,Valentín Pizarro Gómez,12,0.50,0.80,0.95,0.63,1,1,2,1,0,1,"90'3","29",6,5,3,0,6,1,1,2,2,5,14,12,3,6,11,6,13,15,44,56,1.24,1.36,1.44,1.39,2.42,37,64,29,29,19,20,45,47,84,8.10,5.50,2.80,3.05,2.75,1.53,2.65,5.00,11.00,2.05,1.67,Estadio Nuevo Mirandilla (Cádiz)
1635693300,Oct 31 2021 - 3:15pm,complete,N/A,Atlético Madrid,Real Betis,Javier Alberola Rojas,12,1.80,2.00,2.16,1.74,3,0,3,1,1,0,"26,63,80","",13,0,0,0,0,0,0,0,0,0,21,9,12,2,9,7,11,15,47,53,1.66,1.76,2.45,0.97,2.30,50,70,40,30,0,20,70,40,70,12.00,5.20,1.53,4.00,7.00,1.32,1.98,3.40,7.00,2.00,1.70,Estadio Wanda Metropolitano (Madrid)
1635701400,Oct 31 2021 - 5:30pm,complete,4721,Getafe CF,RCD Espanyol,Alejandro Muñíz Ruiz,12,0.20,0.60,1.47,0.47,2,1,3,2,1,1,"31,56","38",6,11,7,0,4,0,2,5,1,3,12,11,5,5,7,6,19,12,44,56,1.14,1.47,1.35,1.31,2.10,40,60,40,20,0,10,60,30,80,9.20,6.80,2.38,3.00,3.40,1.53,2.65,5.00,12.00,2.15,1.62,Coliseum Alfonso Pérez (Getafe)
1635710400,Oct 31 2021 - 8:00pm,complete,37066,Real Sociedad,Athletic Club Bilbao,Juan Martínez Munuera,12,2.60,1.40,1.84,1.11,1,1,2,0,0,0,"58","90'1",2,7,4,0,2,1,0,4,0,3,8,14,4,7,4,7,22,11,54,46,1.50,1.47,1.09,1.69,0.90,20,20,0,0,0,0,30,10,50,10.80,3.80,2.05,3.20,4.00,1.37,2.15,4.00,8.00,1.85,1.85,Reale Arena (Donostia-San Sebastián)
1635787800,Nov 01 2021 - 5:30pm,complete,9580,Rayo Vallecano,Celta de Vigo,Adrián Cordero Vega,12,3.00,1.40,1.53,1.11,0,0,0,0,0,0,"","",4,7,2,0,5,0,0,2,1,4,12,11,7,5,5,6,12,14,53,47,1.70,1.27,1.56,1.30,2.80,30,70,60,30,10,40,60,40,80,8.60,5.20,2.30,3.30,3.20,1.33,2.00,3.60,7.00,1.80,1.95,Estadio de Vallecas (Madrid)
1635796800,Nov 01 2021 - 8:00pm,complete,N/A,Levante UD,Granada CF,José María Sánchez Martínez,12,0.80,0.60,1.16,0.84,0,3,3,2,0,2,"","7,38,69",3,5,4,0,2,0,1,3,1,1,15,11,4,7,11,4,14,12,48,52,1.09,1.00,1.57,1.42,2.30,50,70,30,30,10,20,60,30,80,6.40,7.60,2.00,3.40,3.80,1.36,2.00,3.75,7.50,1.91,1.91,Estadio Ciudad de Valencia (Valencia)
1636142400,Nov 05 2021 - 8:00pm,complete,N/A,Athletic Club Bilbao,Cádiz,Santiago Jaime Latre,13,2.00,1.00,1.79,1.11,0,1,1,1,0,1,"","6",5,1,3,0,1,0,1,2,0,1,12,6,6,5,6,1,14,18,70,30,1.82,1.21,1.75,0.99,2.80,70,90,50,20,10,60,80,30,80,12.80,4.20,1.43,4.40,8.00,1.35,2.10,3.75,7.50,2.25,1.57,San Mamés Barria (Bilbao)
1636203600,Nov 06 2021 - 1:00pm,complete,N/A,RCD Espanyol,Granada CF,Isidro Díaz de Mera Escuderos,13,1.83,1.00,1.74,0.84,2,0,2,2,2,0,"30,42","",5,3,1,0,1,0,0,1,0,1,20,18,8,6,12,12,13,7,43,57,1.51,1.07,2.12,1.98,1.92,42,67,33,9,0,17,67,17,83,9.50,5.83,1.82,3.40,4.80,1.44,2.12,4.50,9.50,2.10,1.67,RCDE Stadium (Cornella de Llobregat)
1636211700,Nov 06 2021 - 3:15pm,complete,13146,Celta de Vigo,FC Barcelona,Alejandro José Hernández Hernández,13,0.50,0.50,1.32,1.84,3,3,6,3,0,3,"52,74,90'6","5,18,34",3,1,3,0,6,0,1,2,2,4,16,11,5,7,11,4,21,12,53,47,1.60,1.45,1.73,1.52,1.54,29,50,17,0,0,21,50,29,54,10.17,5.25,3.60,3.40,2.00,1.24,1.72,2.85,5.00,1.62,2.20,Abanca-Balaídos (Vigo)
1636219800,Nov 06 2021 - 5:30pm,complete,12176,Deportivo Alavés,Levante UD,Adrián Cordero Vega,13,1.00,0.33,1.32,0.68,2,1,3,1,0,1,"77,90'1","13",1,3,3,0,3,0,1,2,0,3,13,14,4,8,9,6,20,18,61,39,1.31,1.12,1.46,1.65,2.33,34,50,25,17,17,25,58,17,75,6.16,4.83,2.70,3.10,2.63,1.47,2.40,4.50,10.00,2.00,1.75,Estadio de Mendizorroza (Vitoria-Gasteiz)
1636228800,Nov 06 2021 - 8:00pm,complete,N/A,Real Madrid,Rayo Vallecano,Pablo González Fuertes,13,2.00,0.67,2.32,0.68,2,1,3,2,2,0,"14,38","76",4,5,1,0,2,0,1,0,1,1,16,19,8,7,8,12,8,10,55,45,2.24,1.23,1.96,2.14,3.00,50,59,50,34,34,42,59,42,75,9.58,4.50,1.40,5.00,6.50,1.16,1.50,2.25,4.00,1.75,2.00,Estadio Santiago Bernabéu (Madrid)
1636290000,Nov 07 2021 - 1:00pm,complete,13504,Villarreal,Getafe CF,Jesús Gil Manzano,13,1.60,0.33,1.89,0.58,1,0,1,1,1,0,"10","",6,4,1,0,2,0,0,1,1,1,13,6,6,3,7,3,14,13,67,33,1.88,1.35,1.66,0.85,2.52,47,74,47,20,20,29,82,39,65,10.67,5.90,1.46,4.10,7.00,1.40,2.20,4.33,9.00,2.20,1.62,Estadio de la Cerámica (Villarreal)
1636298100,Nov 07 2021 - 3:15pm,complete,37472,Valencia CF,Atlético Madrid,César Soto Grado,13,1.83,2.00,1.37,1.58,3,3,6,1,0,1,"50,90'2,90'6","35,58,60",9,0,2,0,2,0,0,2,0,2,12,14,6,8,6,6,12,18,48,52,1.46,1.50,1.62,1.78,2.65,65,82,65,19,0,27,84,65,82,8.43,8.47,4.48,3.34,1.94,1.40,2.25,4.00,8.00,1.95,1.80,Estadio de Mestalla (Valencia)
1636306200,Nov 07 2021 - 5:30pm,complete,N/A,RCD Mallorca,Elche CF,Mario Melero López,13,1.50,0.50,1.42,0.79,2,2,4,0,0,0,"72,90'5","68,75",3,3,2,0,3,0,1,1,2,1,21,8,8,3,13,5,12,21,52,48,1.47,0.95,2.30,0.92,1.92,42,42,25,17,17,25,59,17,75,7.66,5.50,1.97,3.20,4.60,1.53,2.43,5.00,11.00,2.10,1.67,Visit Mallorca Estadi (Palma de Mallorca)
1636306200,Nov 07 2021 - 5:30pm,complete,21741,CA Osasuna,Real Sociedad,Miguel Ángel Ortiz Arias,13,1.00,1.83,1.16,1.42,0,2,2,0,0,0,"","72,82",5,2,0,0,2,0,0,0,1,1,8,10,4,4,4,6,12,13,43,57,1.61,1.60,1.07,1.23,2.75,59,75,42,42,25,25,59,58,84,9.16,4.84,3.19,3.24,2.38,1.40,2.14,4.20,8.50,1.95,1.80,Estadio El Sadar (Pamplona (Iruñea))
1636315200,Nov 07 2021 - 8:00pm,complete,50534,Real Betis,Sevilla FC,Antonio Miguel Mateu Lahoz,13,1.83,1.50,1.68,1.47,0,2,2,0,0,0,"","55,81",2,1,2,1,1,0,2,1,1,0,10,15,3,4,7,11,13,14,26,74,2.03,1.38,0.98,1.70,2.17,50,58,25,25,17,42,67,17,67,8.84,6.17,3.26,3.26,2.34,1.36,2.17,3.75,7.50,1.80,1.95,Estadio Benito Villamarín (Sevilla)
1637352000,Nov 19 2021 - 8:00pm,complete,15230,Levante UD,Athletic Club Bilbao,José Luis Munuera Montero,14,0.67,1.33,1.16,1.11,0,0,0,0,0,0,"","",6,3,2,0,1,0,1,1,1,0,8,6,3,3,5,3,16,7,49,51,1.17,1.51,1.22,0.95,2.00,50,67,25,17,9,17,50,42,67,10.00,5.50,3.20,3.30,2.36,1.40,2.05,4.00,8.00,1.95,1.80,Estadio Ciudad de Valencia (Valencia)
1637413200,Nov 20 2021 - 1:00pm,complete,N/A,Celta de Vigo,Villarreal,Javier Alberola Rojas,14,0.57,0.67,1.32,1.21,1,1,2,1,0,1,"72","27",3,5,1,0,1,0,1,0,1,0,11,16,4,7,7,9,14,17,57,43,1.62,1.24,1.33,1.91,1.97,38,54,38,16,7,23,45,30,68,8.03,5.57,3.20,3.40,2.36,1.33,1.91,3.60,7.00,1.75,2.00,Abanca-Balaídos (Vigo)
1637421300,Nov 20 2021 - 3:15pm,complete,N/A,Sevilla FC,Deportivo Alavés,Alejandro Muñíz Ruiz,14,3.00,0.80,2.21,0.32,2,2,4,3,1,2,"38,90'2","5,45'7",5,2,4,0,4,0,1,3,1,3,15,8,7,4,8,4,14,17,68,32,1.98,1.18,1.98,0.96,2.80,30,80,40,20,10,30,80,30,80,9.40,4.80,1.43,4.20,9.40,1.33,1.95,3.75,7.50,2.20,1.62,Estadio Ramón Sánchez Pizjuán (Sevilla)
1637429400,Nov 20 2021 - 5:30pm,complete,N/A,Atlético Madrid,CA Osasuna,José María Sánchez Martínez,14,2.00,2.17,2.16,1.32,1,0,1,0,0,0,"87","",7,4,2,0,2,0,1,1,0,2,12,6,3,4,9,2,7,8,61,39,1.79,1.36,1.69,0.93,2.58,42,75,50,33,17,25,75,50,59,13.00,5.00,1.39,4.70,9.40,1.36,1.97,4.00,8.00,2.25,1.57,Estadio Wanda Metropolitano (Madrid)
1637438400,Nov 20 2021 - 8:00pm,complete,74418,FC Barcelona,RCD Espanyol,Carlos Del Cerro Grande,14,2.00,0.50,2.00,0.47,1,0,1,0,0,0,"48","",4,4,4,0,2,0,0,4,0,2,11,12,7,3,4,9,17,9,65,35,2.01,1.45,1.79,1.15,2.81,68,84,61,31,7,45,85,30,77,14.33,4.54,1.35,5.25,9.10,1.19,1.60,2.55,4.50,1.91,1.91,Camp Nou (Barcelona)
1637499600,Nov 21 2021 - 1:00pm,complete,N/A,Getafe CF,Cádiz,Ricardo De Burgos Bengoetxea,14,0.67,1.33,1.47,1.11,4,0,4,1,1,0,"7,60,81,90'4","",3,7,2,0,4,0,0,2,0,4,19,13,10,4,9,9,14,7,47,53,1.18,1.18,2.14,1.44,2.59,59,75,50,17,9,42,75,25,84,7.67,7.00,1.70,3.54,4.98,1.53,2.46,6.00,13.00,2.38,1.53,Coliseum Alfonso Pérez (Getafe)
1637507700,Nov 21 2021 - 3:15pm,complete,17460,Granada CF,Real Madrid,Juan Martínez Munuera,14,1.00,2.29,1.16,2.21,1,4,5,3,1,2,"34","19,25,56,76",8,6,1,1,1,0,0,2,0,1,12,21,4,10,8,11,10,7,32,68,1.27,2.11,1.29,2.58,3.02,83,83,63,25,25,0,79,63,90,9.23,4.80,7.19,4.68,1.40,1.20,1.57,2.55,4.50,1.75,2.00,Estadio Nuevo Los Cármenes (Granada)
1637515800,Nov 21 2021 - 5:30pm,complete,N/A,Elche CF,Real Betis,Valentín Pizarro Gómez,14,1.17,1.67,1.42,1.74,0,3,3,3,0,3,"","12,24,27",10,1,1,0,2,1,0,1,1,2,15,12,5,6,10,6,12,14,58,42,1.45,1.63,1.71,1.31,2.25,59,75,42,17,0,17,75,42,84,10.17,4.17,3.62,3.27,2.06,1.33,1.95,3.60,7.00,1.80,1.95,Estadio Manuel Martínez Valero (Elche)
1637524800,Nov 21 2021 - 8:00pm,complete,28635,Real Sociedad,Valencia CF,Mario Melero López,14,2.33,0.83,1.84,1.16,0,0,0,0,0,0,"","",2,4,4,1,7,0,0,5,0,7,11,8,3,5,8,3,11,16,62,38,1.43,1.51,1.24,1.21,2.17,50,50,34,34,17,34,50,25,67,8.17,5.50,1.82,3.58,4.18,1.32,1.95,3.50,7.00,1.95,1.80,Reale Arena (Donostia-San Sebastián)
1637611200,Nov 22 2021 - 8:00pm,complete,N/A,Rayo Vallecano,RCD Mallorca,Jorge Figueroa Vázquez,14,2.67,0.83,1.53,0.63,3,1,4,2,2,0,"16,20,63","89",6,4,3,0,2,0,0,3,1,1,17,13,8,6,9,7,14,17,53,47,1.67,1.37,1.90,1.55,2.67,42,67,50,33,9,42,67,34,84,8.33,6.17,1.76,3.15,3.85,1.38,2.10,4.00,8.00,2.00,1.75,Estadio de Vallecas (Madrid)
1637956800,Nov 26 2021 - 8:00pm,complete,N/A,Athletic Club Bilbao,Granada CF,Adrián Cordero Vega,15,1.67,0.86,1.79,0.84,2,2,4,3,1,2,"10,76","25,34",8,3,1,1,2,0,0,2,1,1,19,9,9,4,10,5,12,9,63,37,1.81,1.20,2.53,1.00,2.00,40,69,31,7,0,38,69,17,69,11.60,5.26,1.70,3.50,5.50,1.36,2.15,4.00,8.00,2.10,1.67,San Mamés Barria (Bilbao)
1638018000,Nov 27 2021 - 1:00pm,complete,N/A,Deportivo Alavés,Celta de Vigo,Pablo González Fuertes,15,1.29,1.33,1.32,1.11,1,2,3,2,1,1,"21","11,70",5,3,3,0,2,0,2,1,0,2,13,10,7,6,6,4,12,15,42,58,1.33,1.28,1.58,1.37,2.09,23,47,31,16,16,16,30,40,69,7.07,5.14,2.95,3.10,2.50,1.45,2.30,4.50,9.50,1.95,1.80,Estadio de Mendizorroza (Vitoria-Gasteiz)
1638026100,Nov 27 2021 - 3:15pm,complete,N/A,Valencia CF,Rayo Vallecano,Alejandro José Hernández Hernández,15,1.71,0.57,1.37,0.68,1,1,2,1,1,0,"19","64",3,9,6,0,5,0,3,3,1,4,8,12,4,4,4,8,18,16,42,58,1.48,1.36,1.07,1.42,2.79,57,79,57,22,14,36,71,43,93,7.71,6.29,2.10,3.13,3.67,1.40,2.25,4.00,8.00,1.95,1.80,Estadio de Mestalla (Valencia)
1638034200,Nov 27 2021 - 5:30pm,complete,N/A,RCD Mallorca,Getafe CF,Santiago Jaime Latre,15,1.43,0.29,1.42,0.58,0,0,0,0,0,0,"","",2,0,3,0,0,0,0,3,0,0,12,12,2,0,10,12,8,19,53,47,1.59,1.27,1.23,0.97,1.93,43,57,29,15,7,14,72,22,57,8.71,6.29,2.56,2.86,3.05,1.51,2.75,5.50,13.00,2.25,1.57,Visit Mallorca Estadi (Palma de Mallorca)
1638043200,Nov 27 2021 - 8:00pm,complete,19050,Villarreal,FC Barcelona,César Soto Grado,15,1.83,0.60,1.89,1.84,1,3,4,0,0,0,"76","48,88,90'4",4,4,2,0,2,0,1,1,2,0,15,13,3,7,12,6,19,14,50,50,1.85,1.46,1.54,1.55,2.52,45,64,35,27,27,37,72,45,54,10.20,5.57,2.65,3.53,2.45,1.25,1.65,2.90,5.50,1.67,2.10,Estadio de la Cerámica (Villarreal)
1638104400,Nov 28 2021 - 1:00pm,complete,45012,Real Betis,Levante UD,Miguel Ángel Ortiz Arias,15,1.57,0.29,1.68,0.68,3,1,4,1,0,1,"54,63,78","7",5,8,2,0,3,0,1,1,2,1,28,8,9,3,19,5,16,9,60,40,1.88,1.20,2.83,1.03,2.93,57,79,43,29,22,43,79,36,86,7.58,6.00,1.60,4.20,5.25,1.24,1.96,2.90,5.50,1.75,2.00,Estadio Benito Villamarín (Sevilla)
1638112500,Nov 28 2021 - 3:15pm,complete,N/A,RCD Espanyol,Real Sociedad,Antonio Miguel Mateu Lahoz,15,2.00,2.00,1.74,1.42,1,0,1,0,0,0,"77","",2,9,1,0,1,0,0,1,1,0,9,11,2,6,7,5,15,7,40,60,1.60,1.55,0.93,1.61,2.58,50,86,36,22,15,14,64,58,86,10.72,3.57,3.25,3.25,2.20,1.38,2.00,3.75,8.00,1.91,1.91,RCDE Stadium (Cornella de Llobregat)
1638120600,Nov 28 2021 - 5:30pm,complete,N/A,Cádiz,Atlético Madrid,Jesús Gil Manzano,15,0.57,1.83,0.95,1.58,1,4,5,0,0,0,"86","56,70,76,86",4,8,2,0,0,0,1,1,0,0,10,18,2,7,8,11,13,11,37,63,1.27,1.55,1.19,2.04,2.60,63,77,49,24,16,9,79,56,77,8.54,6.90,8.00,3.90,1.44,1.40,2.00,4.00,8.00,2.20,1.62,Estadio Nuevo Mirandilla (Cádiz)
1638129600,Nov 28 2021 - 8:00pm,complete,N/A,Real Madrid,Sevilla FC,José María Sánchez Martínez,15,2.20,1.71,2.32,1.47,2,1,3,2,1,1,"32,87","12",0,4,3,0,3,0,0,3,1,2,9,10,4,5,5,5,10,9,53,47,2.19,1.43,1.09,1.12,2.35,45,52,30,20,20,37,52,27,59,9.91,4.11,1.80,3.85,4.00,1.28,1.75,3.20,6.00,1.80,1.95,Estadio Santiago Bernabéu (Madrid)
1638216000,Nov 29 2021 - 8:00pm,complete,16485,CA Osasuna,Elche CF,Isidro Díaz de Mera Escuderos,15,0.86,0.57,1.16,0.79,1,1,2,2,1,1,"7","19",5,4,1,0,3,0,0,1,1,2,18,10,5,5,13,5,16,12,50,50,1.53,0.95,1.92,1.17,2.15,43,50,36,29,14,29,43,36,79,7.29,5.14,1.81,3.30,3.69,1.47,2.38,4.75,10.00,2.20,1.62,Estadio El Sadar (Pamplona (Iruñea))
1638388800,Dec 01 2021 - 8:00pm,complete,N/A,Real Madrid,Athletic Club Bilbao,Isidro Díaz de Mera Escuderos,9,2.33,1.29,2.32,1.11,1,0,1,1,1,0,"40","",7,6,2,0,3,0,0,2,2,1,16,16,7,4,9,12,12,13,62,38,2.00,1.43,2.12,1.91,2.17,55,55,34,17,17,34,48,31,55,11.46,3.53,1.44,4.75,6.75,1.23,1.71,2.74,4.98,1.89,1.87,Estadio Santiago Bernabéu (Madrid)
1638561600,Dec 03 2021 - 8:00pm,complete,13511,Granada CF,Deportivo Alavés,Javier Alberola Rojas,16,0.83,0.83,1.16,0.32,2,1,3,1,1,0,"14,86","81",3,5,2,0,2,0,1,1,1,1,9,16,3,4,6,12,17,15,44,56,1.27,1.15,1.10,1.59,2.59,58,75,42,25,17,25,84,34,83,8.83,5.33,2.18,3.15,3.43,1.47,2.35,4.50,9.50,2.05,1.70,Estadio Nuevo Los Cármenes (Granada)
1638622800,Dec 04 2021 - 1:00pm,complete,30865,Sevilla FC,Villarreal,Carlos Del Cerro Grande,16,2.67,0.71,2.21,1.21,1,0,1,1,1,0,"16","",5,8,2,0,2,0,1,1,0,2,10,17,5,4,5,13,9,10,45,55,1.98,1.34,1.30,1.76,2.70,47,79,48,32,9,32,72,24,70,8.10,5.54,1.95,3.50,3.80,1.33,2.17,3.75,7.50,1.93,1.78,Estadio Ramón Sánchez Pizjuán (Sevilla)
1638630900,Dec 04 2021 - 3:15pm,complete,N/A,FC Barcelona,Real Betis,Pablo González Fuertes,16,2.13,1.86,2.00,1.74,0,1,1,0,0,0,"","79",6,1,1,0,2,0,1,0,1,1,14,10,4,4,10,6,13,6,63,37,1.98,1.58,1.76,1.18,2.79,59,87,60,20,7,40,81,41,87,12.07,4.00,1.50,4.40,5.75,1.18,1.57,2.30,4.20,1.68,2.05,Camp Nou (Barcelona)
1638639000,Dec 04 2021 - 5:30pm,complete,51009,Atlético Madrid,RCD Mallorca,Juan Martínez Munuera,16,2.14,0.71,2.16,0.63,1,2,3,0,0,0,"68","80,90'1",8,5,2,0,5,0,0,2,2,3,10,7,4,4,6,3,13,16,59,41,1.78,1.39,1.36,1.06,2.57,43,64,43,36,7,29,57,50,79,10.86,6.00,1.28,5.00,10.00,1.30,1.95,3.50,7.00,2.50,1.47,Estadio Wanda Metropolitano (Madrid)
1638648000,Dec 04 2021 - 8:00pm,complete,35765,Real Sociedad,Real Madrid,Jesús Gil Manzano,16,2.14,2.38,1.84,2.21,0,2,2,0,0,0,"","47,57",5,5,2,0,0,0,1,1,0,0,11,13,0,9,11,4,12,8,51,49,1.40,2.17,1.10,1.81,2.25,51,51,44,19,19,7,39,51,79,8.93,4.74,3.10,3.35,2.20,1.30,1.80,3.30,6.50,1.68,2.05,Reale Arena (Donostia-San Sebastián)
1638709200,Dec 05 2021 - 1:00pm,complete,N/A,Rayo Vallecano,RCD Espanyol,José Luis Munuera Montero,16,2.71,0.43,1.53,0.47,1,0,1,0,0,0,"54","",6,3,3,0,3,1,1,2,1,3,10,11,2,4,8,7,18,11,50,50,1.71,1.40,1.32,1.24,2.43,43,64,57,36,0,43,79,22,71,10.71,5.28,2.10,3.25,3.75,1.40,2.15,4.20,8.50,1.90,1.80,Estadio de Vallecas (Madrid)
1638717300,Dec 05 2021 - 3:15pm,complete,N/A,Elche CF,Cádiz,Alejandro Muñíz Ruiz,16,1.00,1.14,1.42,1.11,3,1,4,1,1,0,"13,75,90'3","90'1",3,3,7,0,3,0,4,3,0,3,10,16,4,5,6,11,16,15,57,43,1.49,1.21,1.23,1.67,2.64,57,79,50,29,7,43,86,29,64,9.71,4.86,2.05,3.10,4.20,1.50,2.55,5.50,11.00,2.20,1.60,Estadio Manuel Martínez Valero (Elche)
1638725400,Dec 05 2021 - 5:30pm,complete,N/A,Levante UD,CA Osasuna,Valentín Pizarro Gómez,16,0.71,1.86,1.16,1.32,0,0,0,0,0,0,"","",7,2,2,0,3,0,2,0,0,3,12,12,4,2,8,10,12,16,58,42,1.18,1.30,1.43,1.20,2.50,43,71,43,29,22,29,64,43,71,9.28,5.58,2.45,3.20,3.00,1.40,2.15,4.00,8.00,1.90,1.80,Estadio Ciudad de Valencia (Valencia)
1638734400,Dec 05 2021 - 8:00pm,complete,N/A,Celta de Vigo,Valencia CF,Ricardo De Burgos Bengoetxea,16,0.63,0.86,1.32,1.16,1,2,3,2,1,1,"11","19,53",6,4,3,0,2,0,2,1,1,1,13,10,7,7,6,3,10,22,67,33,1.58,1.47,1.80,1.39,2.62,61,67,48,35,21,41,67,34,73,9.06,6.09,2.25,3.25,3.25,1.33,2.05,3.60,7.00,1.83,1.87,Abanca-Balaídos (Vigo)
1638820800,Dec 06 2021 - 8:00pm,complete,9176,Getafe CF,Athletic Club Bilbao,Jorge Figueroa Vázquez,16,1.00,1.13,1.47,1.11,0,0,0,0,0,0,"","",5,3,2,0,1,0,1,1,0,1,16,12,6,5,10,7,14,14,45,55,1.31,1.49,1.67,1.45,1.72,41,55,29,7,0,7,48,34,69,10.25,6.29,3.05,2.90,2.50,1.62,2.90,6.00,13.00,2.25,1.57,Coliseum Alfonso Pérez (Getafe)
1639166400,Dec 10 2021 - 8:00pm,complete,10655,RCD Mallorca,Celta de Vigo,Isidro Díaz de Mera Escuderos,17,1.38,1.57,1.42,1.11,0,0,0,0,0,0,"","",7,4,3,0,2,0,1,2,1,1,12,14,2,6,10,8,14,11,48,52,1.55,1.29,1.25,1.52,2.09,40,54,34,20,14,21,40,34,67,8.17,5.86,3.05,3.26,2.62,1.47,2.30,4.25,8.75,1.95,1.80,Visit Mallorca Estadi (Palma de Mallorca)
1639227600,Dec 11 2021 - 1:00pm,complete,15193,RCD Espanyol,Levante UD,Adrián Cordero Vega,17,2.13,0.25,1.74,0.68,4,3,7,3,1,2,"6,49,60,76","11,26,57",4,2,4,0,4,1,2,2,0,5,17,13,10,6,7,7,9,15,52,48,1.51,1.18,2.04,1.47,2.38,51,69,38,13,7,19,76,32,82,9.26,4.63,2.07,3.30,3.90,1.37,2.05,3.70,7.50,1.95,1.80,RCDE Stadium (Cornella de Llobregat)
1639235700,Dec 11 2021 - 3:15pm,complete,10065,Deportivo Alavés,Getafe CF,César Soto Grado,17,1.13,0.38,1.32,0.58,1,1,2,1,0,1,"86","20",1,1,3,1,4,0,1,3,2,2,10,13,2,4,8,9,18,15,65,35,1.36,1.24,1.17,1.28,1.82,32,50,32,7,7,19,63,19,57,6.88,5.13,2.25,2.75,3.00,1.62,2.86,5.50,12.00,2.25,1.57,Estadio de Mendizorroza (Vitoria-Gasteiz)
1639243800,Dec 11 2021 - 5:30pm,complete,N/A,Valencia CF,Elche CF,Santiago Jaime Latre,17,1.63,0.63,1.37,0.79,2,1,3,1,1,0,"23,86","75",8,1,3,0,2,0,1,2,1,1,22,10,8,6,14,4,15,12,41,59,1.43,0.98,2.39,1.30,2.57,57,69,44,25,13,32,63,38,82,7.76,6.25,1.66,3.30,4.25,1.39,2.12,3.95,8.25,2.05,1.70,Estadio de Mestalla (Valencia)
1639252800,Dec 11 2021 - 8:00pm,complete,N/A,Athletic Club Bilbao,Sevilla FC,Alejandro José Hernández Hernández,17,1.57,1.50,1.79,1.47,0,1,1,1,0,1,"","38",9,2,4,0,3,0,0,4,0,3,14,7,2,2,12,5,17,10,55,45,1.91,1.39,1.44,0.73,1.90,48,61,28,7,0,34,61,21,67,11.89,4.75,2.45,2.85,2.60,1.50,2.45,4.45,9.00,2.00,1.75,San Mamés Barria (Bilbao)
1639314000,Dec 12 2021 - 1:00pm,complete,13133,Villarreal,Rayo Vallecano,Mario Melero López,17,1.57,0.63,1.89,0.68,2,0,2,2,2,0,"32,36","",5,6,1,0,3,0,1,0,2,1,17,20,9,8,8,12,16,14,52,48,1.80,1.37,2.02,2.19,2.75,60,73,54,28,21,34,73,41,86,9.59,5.27,1.70,3.80,5.00,1.31,1.99,3.35,6.50,1.91,1.91,Estadio de la Cerámica (Villarreal)
1639322100,Dec 12 2021 - 3:15pm,complete,21427,CA Osasuna,FC Barcelona,Juan Martínez Munuera,17,0.88,1.00,1.16,1.84,2,2,4,2,1,1,"14,86","12,49",6,5,5,0,4,0,2,3,0,4,7,10,4,3,3,7,16,16,38,62,1.58,1.48,0.99,1.19,2.25,50,65,29,29,15,36,50,44,57,8.30,5.67,3.90,3.50,2.00,1.33,1.84,3.40,6.50,1.80,1.95,Estadio El Sadar (Pamplona (Iruñea))
1639330200,Dec 12 2021 - 5:30pm,complete,52158,Real Betis,Real Sociedad,José María Sánchez Martínez,17,1.75,1.75,1.68,1.42,4,0,4,1,1,0,"14,57,66,79","",4,7,3,0,1,0,1,2,0,1,11,16,6,6,5,10,12,10,48,52,2.00,1.56,1.39,1.79,3.07,57,88,44,44,25,32,63,63,94,9.76,4.63,2.29,3.40,3.30,1.36,1.92,3.55,7.25,1.80,1.95,Estadio Benito Villamarín (Sevilla)
1639339200,Dec 12 2021 - 8:00pm,complete,51024,Real Madrid,Atlético Madrid,Antonio Miguel Mateu Lahoz,17,2.43,2.00,2.32,1.58,2,0,2,1,1,0,"16,57","",3,6,2,0,3,0,1,1,1,2,8,10,4,7,4,3,17,15,61,39,2.02,1.62,1.03,1.57,3.29,72,72,72,36,29,36,79,58,72,9.86,5.42,2.09,3.60,3.60,1.32,2.01,3.35,6.50,1.80,1.95,Estadio Santiago Bernabéu (Madrid)
1639425600,Dec 13 2021 - 8:00pm,complete,N/A,Cádiz,Granada CF,Miguel Ángel Ortiz Arias,17,0.50,0.88,0.95,0.84,1,1,2,1,1,0,"32","88",8,1,4,1,0,0,1,4,0,0,15,16,5,6,10,10,14,10,34,66,1.26,1.17,1.52,1.85,2.25,44,75,32,25,13,25,63,19,75,8.01,5.75,2.63,3.20,3.04,1.45,2.25,4.15,8.75,1.95,1.80,Estadio Nuevo Mirandilla (Cádiz)
1639771200,Dec 17 2021 - 8:00pm,complete,N/A,Celta de Vigo,RCD Espanyol,Valentín Pizarro Gómez,18,0.56,0.38,1.32,0.47,3,1,4,1,1,0,"3,47,82","90'2",3,3,2,0,1,0,0,2,0,1,13,7,6,4,7,3,13,5,52,48,1.61,1.38,1.66,1.08,2.22,47,59,41,18,6,29,65,23,82,10.41,5.44,1.90,3.50,4.00,1.40,2.11,4.20,8.50,1.95,1.75,Abanca-Balaídos (Vigo)
1639832400,Dec 18 2021 - 1:00pm,complete,N/A,Rayo Vallecano,Deportivo Alavés,Antonio Miguel Mateu Lahoz,18,2.75,0.71,1.53,0.32,2,0,2,2,2,0,"19,26","",5,5,1,0,2,0,1,0,1,1,21,8,7,5,14,3,12,19,62,38,1.66,1.21,2.31,1.19,2.40,41,67,53,26,0,40,73,27,81,9.31,5.06,1.80,3.50,4.60,1.40,2.20,4.20,8.50,2.05,1.68,Estadio de Vallecas (Madrid)
1639840500,Dec 18 2021 - 3:15pm,complete,N/A,Real Sociedad,Villarreal,Jorge Figueroa Vázquez,18,1.88,0.63,1.84,1.21,1,3,4,2,1,1,"32","38,68,90'6",5,5,2,1,3,0,1,2,2,1,11,17,5,7,6,10,9,15,39,61,1.37,1.39,1.34,1.99,1.25,26,38,13,7,0,7,32,19,57,7.63,5.38,2.09,3.15,3.25,1.40,2.12,4.00,8.00,1.90,1.80,Reale Arena (Donostia-San Sebastián)
1639848600,Dec 18 2021 - 5:30pm,complete,N/A,FC Barcelona,Elche CF,Javier Alberola Rojas,18,1.89,0.56,2.00,0.79,3,2,5,2,2,0,"16,19,85","62,63",5,0,1,0,3,0,0,1,0,3,21,7,9,4,12,3,13,17,73,27,1.96,1.01,2.52,0.83,2.56,62,67,50,22,11,39,62,33,84,10.44,4.33,1.25,5.40,8.60,1.20,1.56,2.40,4.75,1.93,1.78,Camp Nou (Barcelona)
1639857600,Dec 18 2021 - 8:00pm,complete,33241,Sevilla FC,Atlético Madrid,Ricardo De Burgos Bengoetxea,18,2.71,1.75,2.21,1.58,2,1,3,2,1,1,"7,88","33",4,7,3,0,1,0,0,3,0,1,7,17,4,4,3,13,15,14,55,45,1.88,1.61,1.10,1.75,3.41,59,87,66,41,20,28,94,52,80,9.34,6.34,2.49,3.00,2.75,1.50,2.55,5.00,11.00,2.05,1.68,Estadio Ramón Sánchez Pizjuán (Sevilla)
1639918800,Dec 19 2021 - 1:00pm,complete,13014,Granada CF,RCD Mallorca,Alejandro Muñíz Ruiz,18,1.14,1.00,1.16,0.63,4,1,5,2,1,1,"20,61,90'1,90'6","24",4,2,3,0,2,0,2,1,0,2,16,10,9,5,7,5,12,15,46,54,1.25,1.35,1.87,1.27,3.00,75,81,54,34,21,26,75,60,93,8.29,6.34,2.50,3.00,3.10,1.47,2.45,4.75,10.00,2.00,1.71,Estadio Nuevo Los Cármenes (Granada)
1639926900,Dec 19 2021 - 3:15pm,complete,38002,Athletic Club Bilbao,Real Betis,Jesús Gil Manzano,18,1.38,2.00,1.79,1.74,3,2,5,2,1,1,"2,72,89","6,52",5,6,1,0,3,0,0,1,0,3,10,16,6,8,4,8,7,12,44,56,1.85,1.53,1.51,2.01,2.26,44,69,44,13,0,32,75,32,76,12.38,4.25,2.01,3.63,3.98,1.38,1.99,4.00,8.00,1.93,1.77,San Mamés Barria (Bilbao)
1639935000,Dec 19 2021 - 5:30pm,complete,8126,Getafe CF,CA Osasuna,José Luis Munuera Montero,18,1.00,1.75,1.47,1.32,1,0,1,0,0,0,"90'3","",4,3,3,0,1,0,2,1,0,1,19,12,5,4,14,8,14,8,49,51,1.36,1.28,1.92,1.45,2.19,38,63,44,19,13,19,57,38,76,9.38,6.38,2.44,3.03,3.18,1.53,2.90,6.50,15.00,2.37,1.52,Coliseum Alfonso Pérez (Getafe)
1639944000,Dec 19 2021 - 8:00pm,complete,38818,Real Madrid,Cádiz,Santiago Jaime Latre,18,2.50,1.00,2.32,1.11,0,0,0,0,0,0,"","",13,2,1,0,1,0,1,0,0,1,38,6,10,0,28,6,9,10,82,18,1.89,1.27,3.94,0.50,3.07,57,76,57,38,19,50,88,32,69,9.01,4.38,1.17,8.69,19.36,1.14,1.40,1.95,3.75,2.20,1.60,Estadio Santiago Bernabéu (Madrid)
1640030400,Dec 20 2021 - 8:00pm,complete,N/A,Levante UD,Valencia CF,Pablo González Fuertes,18,0.75,1.13,1.16,1.16,3,4,7,3,2,1,"21,24,90'1","44,50,72,85",6,4,3,1,4,1,1,3,1,4,17,15,9,8,8,7,21,11,51,49,1.21,1.46,1.95,1.76,2.51,57,69,51,38,19,44,63,32,63,8.38,6.63,2.90,3.25,2.55,1.35,2.21,3.60,7.00,1.80,1.95,Estadio Ciudad de Valencia (Valencia)
1640109600,Dec 21 2021 - 6:00pm,complete,N/A,Villarreal,Deportivo Alavés,Valentín Pizarro Gómez,4,1.75,0.63,1.89,0.32,5,2,7,3,2,1,"18,27,76,79,88","44,65",6,2,0,0,2,0,0,0,1,1,25,6,12,4,13,2,16,14,62,38,1.83,1.21,2.70,0.87,2.57,44,75,44,26,13,38,75,38,69,10.13,4.38,1.48,4.20,6.75,1.41,1.90,3.40,7.25,1.95,1.75,Estadio de la Cerámica (Villarreal)
1640118600,Dec 21 2021 - 8:30pm,complete,N/A,Sevilla FC,FC Barcelona,Carlos Del Cerro Grande,4,2.75,1.00,2.21,1.84,1,1,2,2,1,1,"32","45",4,9,2,1,3,0,1,2,1,2,7,22,3,7,4,15,15,13,41,59,1.78,1.44,0.86,2.45,3.05,54,80,53,41,14,47,79,41,66,8.92,6.04,2.65,3.37,2.54,1.29,1.85,2.60,5.00,1.55,2.30,Estadio Ramón Sánchez Pizjuán (Sevilla)
1640196000,Dec 22 2021 - 6:00pm,complete,13034,Granada CF,Atlético Madrid,Alejandro José Hernández Hernández,9,1.38,1.56,1.16,1.58,2,1,3,2,1,1,"17,61","2",2,7,4,0,1,0,0,4,1,0,7,18,5,5,2,13,17,7,40,60,1.32,1.63,1.09,1.99,3.29,83,89,71,36,30,24,95,65,89,9.14,6.08,5.65,3.82,1.64,1.36,2.10,3.75,7.00,2.15,1.67,Estadio Nuevo Los Cármenes (Granada)
1640205000,Dec 22 2021 - 8:30pm,complete,42722,Athletic Club Bilbao,Real Madrid,César Soto Grado,21,1.56,2.44,1.79,2.21,1,2,3,3,1,2,"10","4,7",7,0,2,0,2,0,1,1,1,1,15,13,4,8,11,5,17,7,40,60,1.82,2.13,1.81,1.86,2.94,67,78,61,28,22,28,67,61,84,13.33,3.78,2.92,3.35,2.44,1.33,1.99,3.60,7.50,1.83,1.87,San Mamés Barria (Bilbao)
1640963700,Dec 31 2021 - 3:15pm,complete,N/A,Valencia CF,RCD Espanyol,José María Sánchez Martínez,19,1.78,0.33,1.37,0.47,1,2,3,0,0,0,"51","83,88",7,5,6,1,3,0,2,5,1,2,12,16,2,5,10,11,19,14,37,63,1.54,1.35,1.24,1.64,2.56,56,73,50,28,6,22,73,39,84,10.11,6.45,1.70,3.45,4.35,1.33,2.00,3.60,7.00,2.00,1.75,Estadio de Mestalla (Valencia)
1641128400,Jan 02 2022 - 1:00pm,complete,N/A,Getafe CF,Real Madrid,Mario Melero López,19,1.22,2.50,1.47,2.21,1,0,1,1,1,0,"9","",2,9,3,0,2,0,0,3,1,1,7,16,4,4,3,12,20,8,26,74,1.42,2.10,0.97,1.77,2.70,57,73,62,21,15,16,52,57,90,9.01,5.59,6.80,4.34,1.57,1.35,1.99,3.75,7.50,2.00,1.75,Coliseum Alfonso Pérez (Getafe)
1641136500,Jan 02 2022 - 3:15pm,complete,N/A,Atlético Madrid,Rayo Vallecano,Jorge Figueroa Vázquez,19,1.88,0.56,2.16,0.68,2,0,2,1,1,0,"28,53","",8,2,3,0,0,0,1,2,0,0,16,4,5,0,11,4,14,12,50,50,1.72,1.46,1.73,0.50,2.35,47,71,47,18,6,29,64,36,76,11.24,5.61,1.39,5.05,11.75,1.30,1.89,3.50,7.00,2.25,1.57,Estadio Wanda Metropolitano (Madrid)
1641136500,Jan 02 2022 - 3:15pm,complete,N/A,Elche CF,Granada CF,Adrián Cordero Vega,19,1.25,0.89,1.42,0.84,0,0,0,0,0,0,"","",6,3,3,1,3,0,3,1,2,1,18,10,2,6,16,4,18,15,48,52,1.46,1.25,1.75,1.30,2.30,54,77,42,24,0,35,77,19,71,8.49,5.77,2.50,3.25,3.02,1.45,2.36,4.50,9.50,2.00,1.75,Estadio Manuel Martínez Valero (Elche)
1641144600,Jan 02 2022 - 5:30pm,complete,N/A,Deportivo Alavés,Real Sociedad,Carlos Del Cerro Grande,19,1.11,1.56,1.32,1.42,1,1,2,1,0,1,"58","14",2,3,3,0,3,0,0,3,0,3,20,11,6,6,14,5,22,10,35,65,1.34,1.58,2.06,1.42,2.61,44,73,39,28,17,17,56,50,89,8.23,4.00,3.42,3.18,2.32,1.47,2.36,4.75,10.00,1.91,1.91,Estadio de Mendizorroza (Vitoria-Gasteiz)
1641144600,Jan 02 2022 - 5:30pm,complete,N/A,Real Betis,Celta de Vigo,César Soto Grado,19,1.89,1.50,1.68,1.11,0,2,2,2,0,2,"","36,45'2",3,3,1,0,2,0,0,1,1,1,17,8,8,6,9,2,15,11,54,46,1.93,1.32,2.24,1.23,2.61,41,70,47,35,18,35,52,47,76,8.58,5.75,1.78,3.88,4.55,1.26,1.80,3.10,5.50,1.80,1.95,Estadio Benito Villamarín (Sevilla)
1641153600,Jan 02 2022 - 8:00pm,complete,14654,RCD Mallorca,FC Barcelona,Antonio Miguel Mateu Lahoz,19,1.33,1.00,1.42,1.84,0,1,1,1,0,1,"","44",4,3,5,0,2,0,0,5,0,2,14,15,4,5,10,10,22,25,35,65,1.51,1.56,1.40,1.66,2.15,54,60,30,30,12,31,54,36,53,9.10,6.25,5.75,4.21,1.60,1.32,1.85,3.40,6.50,1.75,2.00,Visit Mallorca Estadi (Palma de Mallorca)
1641232800,Jan 03 2022 - 6:00pm,complete,N/A,Villarreal,Levante UD,Alejandro José Hernández Hernández,19,1.89,0.22,1.89,0.68,5,0,5,3,3,0,"8,13,37,74,79","",6,5,3,0,2,0,1,2,1,1,18,9,8,4,10,5,12,9,58,42,1.93,1.21,2.06,1.11,3.39,62,78,56,39,28,39,84,50,78,9.34,5.00,1.44,4.90,7.00,1.19,1.60,2.38,4.50,1.91,1.91,Estadio de la Cerámica (Villarreal)
1641240000,Jan 03 2022 - 8:00pm,complete,N/A,CA Osasuna,Athletic Club Bilbao,Miguel Ángel Ortiz Arias,19,0.89,1.11,1.16,1.11,1,3,4,3,1,2,"10","16,25,68",4,5,4,1,2,0,0,5,0,2,15,19,5,7,10,12,11,7,57,43,1.51,1.49,1.72,1.99,1.56,45,50,17,17,6,22,45,33,50,10.22,4.67,2.90,3.00,2.62,1.50,2.55,5.00,11.00,2.05,1.70,Estadio El Sadar (Pamplona (Iruñea))
1641240900,Jan 03 2022 - 8:15pm,complete,14342,Cádiz,Sevilla FC,Javier Alberola Rojas,19,0.56,1.67,0.95,1.47,0,1,1,0,0,0,"","58",2,8,0,0,1,0,0,0,0,1,9,16,3,5,6,11,5,10,25,75,1.29,1.31,1.00,2.01,1.83,45,61,17,11,11,11,56,22,67,8.56,5.56,5.50,3.40,1.70,1.45,2.30,4.50,9.50,2.05,1.70,Estadio Nuevo Mirandilla (Cádiz)
1641646800,Jan 08 2022 - 1:00pm,complete,N/A,Levante UD,RCD Mallorca,Jorge Figueroa Vázquez,20,0.67,0.89,1.16,0.63,2,0,2,0,0,0,"47,90'7","",5,5,3,1,1,0,0,4,1,0,17,16,9,10,8,6,20,11,43,57,1.29,1.34,1.99,2.03,2.95,56,73,50,39,22,39,56,56,84,8.00,6.66,2.15,3.25,3.05,1.38,2.05,4.00,8.00,1.88,1.82,Estadio Ciudad de Valencia (Valencia)
1641654900,Jan 08 2022 - 3:15pm,complete,27938,Real Sociedad,Celta de Vigo,Guillermo Cuadra Fernández,20,1.67,1.67,1.84,1.11,1,0,1,1,1,0,"13","",6,4,3,0,3,0,1,2,1,2,14,7,5,2,9,5,10,18,41,59,1.36,1.31,1.52,0.88,1.67,22,45,22,11,6,22,28,33,62,7.89,5.56,1.86,3.50,4.41,1.40,2.16,4.20,8.50,2.05,1.68,Reale Arena (Donostia-San Sebastián)
1641663000,Jan 08 2022 - 5:30pm,complete,14442,Granada CF,FC Barcelona,Pablo González Fuertes,20,1.56,1.22,1.16,1.84,1,1,2,0,0,0,"89","57",3,2,2,0,4,1,1,1,1,4,15,15,5,3,10,12,9,21,35,65,1.30,1.57,1.56,1.50,2.83,73,78,50,33,22,39,84,50,67,8.67,6.00,4.79,3.85,1.72,1.24,1.72,2.90,5.50,1.65,2.10,Estadio Nuevo Los Cármenes (Granada)
1641672000,Jan 08 2022 - 8:00pm,complete,N/A,Real Madrid,Valencia CF,Alejandro José Hernández Hernández,20,2.33,1.33,2.32,1.16,4,1,5,1,1,0,"43,52,61,88","76",3,8,3,0,3,0,2,1,0,3,24,12,8,7,16,5,15,24,67,33,2.12,1.49,2.48,1.55,2.95,61,67,56,39,28,56,73,28,62,10.33,5.34,1.37,4.95,8.47,1.18,1.55,2.45,4.33,1.83,1.87,Estadio Santiago Bernabéu (Madrid)
1641733200,Jan 09 2022 - 1:00pm,complete,N/A,Rayo Vallecano,Real Betis,Alejandro Muñíz Ruiz,20,2.78,1.78,1.53,1.74,1,1,2,1,0,1,"70","45'2",6,4,1,0,3,1,0,1,3,1,16,10,7,6,9,4,18,13,58,42,1.73,1.58,1.98,1.44,2.56,39,73,56,28,6,45,78,33,78,9.22,4.55,2.50,3.50,2.75,1.30,1.84,3.25,6.50,1.67,2.10,Estadio de Vallecas (Madrid)
1641741300,Jan 09 2022 - 3:15pm,complete,N/A,Sevilla FC,Getafe CF,Juan Martínez Munuera,20,2.56,0.44,2.21,0.58,1,0,1,1,1,0,"22","",5,2,1,0,3,0,1,0,1,2,14,6,4,4,10,2,8,20,67,33,1.68,1.24,1.47,0.88,2.39,45,73,39,17,6,34,89,17,56,8.23,5.89,1.52,4.24,8.30,1.52,2.40,5.00,11.00,2.50,1.50,Estadio Ramón Sánchez Pizjuán (Sevilla)
1641749400,Jan 09 2022 - 5:30pm,complete,14103,Deportivo Alavés,Athletic Club Bilbao,Santiago Jaime Latre,20,1.10,1.30,1.32,1.11,0,0,0,0,0,0,"","",7,5,2,0,0,0,1,1,0,0,12,12,2,3,10,9,15,11,42,58,1.41,1.54,1.28,1.41,1.65,45,50,20,10,5,15,50,20,60,8.40,4.40,3.82,3.38,2.18,1.50,2.45,4.75,10.00,2.05,1.70,Estadio de Mendizorroza (Vitoria-Gasteiz)
1641749400,Jan 09 2022 - 5:30pm,complete,N/A,CA Osasuna,Cádiz,Ricardo De Burgos Bengoetxea,20,0.80,1.00,1.16,1.11,2,0,2,1,1,0,"38,48","",5,7,2,0,2,0,0,2,0,2,15,7,6,2,9,5,13,13,60,40,1.53,1.19,1.85,0.81,2.65,58,74,48,42,11,47,75,37,69,7.97,5.44,1.73,3.88,5.55,1.47,2.25,4.75,10.00,2.20,1.62,Estadio El Sadar (Pamplona (Iruñea))
1641758400,Jan 09 2022 - 8:00pm,complete,N/A,Villarreal,Atlético Madrid,Javier Alberola Rojas,20,2.00,1.40,1.89,1.58,2,2,4,2,1,1,"29,58","10,67",7,3,0,0,1,1,0,0,0,2,15,8,6,6,9,2,13,8,60,40,1.94,1.66,1.80,1.23,3.40,65,85,70,40,30,40,85,60,80,10.80,5.00,2.95,3.32,2.66,1.38,2.20,4.00,8.00,1.80,1.95,Estadio de la Cerámica (Villarreal)
1641844800,Jan 10 2022 - 8:00pm,complete,11670,RCD Espanyol,Elche CF,Jesús Gil Manzano,20,2.22,0.50,1.74,0.79,1,2,3,3,1,2,"45'3","6,14",13,0,4,0,6,0,2,2,2,4,10,4,5,3,5,1,13,19,54,46,1.57,0.99,1.75,0.80,2.47,52,64,42,21,16,31,64,37,79,8.02,4.50,1.82,3.30,4.00,1.42,2.30,4.33,9.50,2.00,1.75,RCDE Stadium (Cornella de Llobregat)
1642338000,Jan 16 2022 - 1:00pm,complete,12433,Elche CF,Villarreal,Valentín Pizarro Gómez,21,1.22,0.89,1.42,1.21,1,0,1,0,0,0,"78","",3,8,4,0,3,0,1,3,0,3,6,7,3,2,3,5,12,15,49,51,1.49,1.46,0.77,0.84,1.95,50,62,39,22,0,22,62,28,56,9.55,5.78,4.33,3.40,1.83,1.30,1.80,3.40,6.50,1.80,1.98,Estadio Manuel Martínez Valero (Elche)
1642532400,Jan 18 2022 - 7:00pm,complete,38753,Real Betis,Deportivo Alavés,José María Sánchez Martínez,21,1.70,0.56,1.68,0.32,4,0,4,3,3,0,"11,29,41,54","",8,3,2,0,0,0,0,2,0,0,20,10,6,3,14,7,14,14,61,39,1.96,1.17,1.98,1.14,2.94,47,84,47,36,16,47,79,42,79,8.42,5.13,1.50,4.25,6.50,1.30,1.85,3.30,6.50,2.00,1.73,Estadio Benito Villamarín (Sevilla)
1642537800,Jan 18 2022 - 8:30pm,complete,10755,Cádiz,RCD Espanyol,Alejandro Muñíz Ruiz,21,0.50,0.60,0.95,0.47,2,2,4,1,0,1,"54,90'1","10,90'6",3,2,5,0,1,0,0,5,0,1,11,15,8,8,3,7,14,9,47,53,1.26,1.38,1.53,1.81,2.20,50,65,35,25,10,10,55,30,80,10.00,5.30,3.25,3.10,2.35,1.50,2.45,5.00,10.00,2.10,1.67,Estadio Nuevo Mirandilla (Cádiz)
1642615200,Jan 19 2022 - 6:00pm,complete,N/A,Celta de Vigo,CA Osasuna,Adrián Cordero Vega,21,0.80,1.56,1.32,1.32,2,0,2,2,2,0,"29,38","",0,5,1,0,2,0,1,0,0,2,6,11,4,0,2,11,14,11,47,53,1.61,1.30,0.90,1.18,2.36,47,63,42,21,16,26,63,37,79,9.60,4.62,1.83,3.50,4.58,1.40,2.26,4.20,8.50,2.00,1.80,Abanca-Balaídos (Vigo)
1642624200,Jan 19 2022 - 8:30pm,complete,26049,Valencia CF,Sevilla FC,César Soto Grado,21,1.60,1.80,1.37,1.47,1,1,2,2,1,1,"44","7",4,4,2,1,3,0,1,2,2,1,12,13,4,5,8,8,22,14,32,68,1.51,1.38,1.49,1.46,2.15,50,65,35,10,5,20,60,35,75,9.00,6.60,3.00,3.17,2.49,1.42,2.16,4.20,8.50,1.91,1.80,Estadio de Mestalla (Valencia)
1642701600,Jan 20 2022 - 6:00pm,complete,N/A,Getafe CF,Granada CF,Isidro Díaz de Mera Escuderos,21,1.40,0.90,1.47,0.84,4,2,6,2,1,1,"10,48,63,87","13,78",4,8,3,0,4,0,1,2,1,3,12,8,5,4,7,4,15,10,50,50,1.38,1.25,1.48,1.02,1.95,35,60,35,15,0,25,60,15,75,7.00,6.70,2.15,2.95,3.90,1.52,2.51,5.00,11.00,2.20,1.62,Coliseum Alfonso Pérez (Getafe)
1642795200,Jan 21 2022 - 8:00pm,complete,N/A,RCD Espanyol,Real Betis,Javier Alberola Rojas,22,2.00,1.70,1.74,1.74,1,4,5,3,1,2,"14","31,36,53,76",6,5,2,1,4,0,0,3,2,2,12,16,5,9,7,7,15,12,38,62,1.59,1.57,1.38,2.16,2.50,50,75,45,15,10,30,75,35,80,10.30,4.60,2.77,3.23,2.30,1.30,1.90,3.40,6.50,1.70,2.05,RCDE Stadium (Cornella de Llobregat)
1642856400,Jan 22 2022 - 1:00pm,complete,N/A,Levante UD,Cádiz,César Soto Grado,22,0.90,0.90,1.16,1.11,0,2,2,1,0,1,"","34,73",8,2,4,0,6,0,0,4,1,5,16,7,8,4,8,3,1,0,66,34,1.36,1.15,2.11,0.81,2.70,45,75,45,35,15,35,70,40,70,8.30,5.80,1.76,3.40,3.78,1.38,2.10,4.00,8.00,2.00,1.71,Estadio Ciudad de Valencia (Valencia)
1642864500,Jan 22 2022 - 3:15pm,complete,N/A,Villarreal,RCD Mallorca,Miguel Ángel Ortiz Arias,22,1.91,0.80,1.89,0.63,3,0,3,2,2,0,"12,34,87","",10,6,1,0,1,1,1,0,0,2,13,9,8,3,5,6,13,12,56,44,1.93,1.41,1.80,1.13,3.33,58,81,57,48,28,48,66,67,87,9.72,4.93,1.47,4.40,6.75,1.28,1.87,3.25,6.50,2.05,1.68,Estadio de la Cerámica (Villarreal)
1642872600,Jan 22 2022 - 5:30pm,complete,30059,Sevilla FC,Celta de Vigo,José María Sánchez Martínez,22,2.60,1.50,2.21,1.11,2,2,4,2,0,2,"71,74","37,40",7,0,1,0,4,0,0,1,2,2,17,6,6,4,11,2,11,16,65,35,1.66,1.27,1.99,0.83,2.45,35,65,40,20,10,40,70,25,55,8.70,5.40,1.61,4.00,5.25,1.38,2.25,4.00,8.00,2.00,1.71,Estadio Ramón Sánchez Pizjuán (Sevilla)
1642881600,Jan 22 2022 - 8:00pm,complete,N/A,Atlético Madrid,Valencia CF,Isidro Díaz de Mera Escuderos,22,2.00,1.20,2.16,1.16,3,2,5,2,0,2,"64,90,90'3","25,44",5,4,6,0,6,0,2,4,3,3,19,8,8,4,11,4,13,22,65,35,1.72,1.50,2.22,1.03,2.86,57,74,57,41,20,36,68,42,69,11.92,6.16,1.41,4.20,9.50,1.33,1.95,3.60,7.00,2.15,1.62,Estadio Wanda Metropolitano (Madrid)
1642942800,Jan 23 2022 - 1:00pm,complete,12471,Granada CF,CA Osasuna,Santiago Jaime Latre,22,1.50,1.40,1.16,1.32,0,2,2,0,0,0,"","64,89",4,3,0,0,2,0,0,0,1,1,7,18,4,9,3,9,12,15,55,45,1.32,1.29,0.99,2.21,2.60,60,75,45,25,25,30,75,45,75,8.90,5.00,2.36,2.97,2.70,1.40,2.19,4.00,7.50,1.91,1.80,Estadio Nuevo Los Cármenes (Granada)
1642950900,Jan 23 2022 - 3:15pm,complete,39746,Real Madrid,Elche CF,Ricardo De Burgos Bengoetxea,22,2.40,0.73,2.32,0.79,2,2,4,1,0,1,"82,90'2","42,76",10,3,3,0,1,0,0,3,0,1,24,4,10,3,14,1,11,14,65,35,2.16,0.98,2.96,0.64,2.72,57,62,53,29,24,43,67,33,67,8.25,4.62,1.13,8.03,19.56,1.14,1.48,2.30,3.40,2.20,1.62,Estadio Santiago Bernabéu (Madrid)
1642959000,Jan 23 2022 - 5:30pm,complete,27638,Real Sociedad,Getafe CF,José Luis Munuera Montero,22,1.80,0.40,1.84,0.58,0,0,0,0,0,0,"","",7,2,1,0,1,0,0,1,0,1,10,11,2,4,8,7,17,13,70,30,1.38,1.20,1.16,1.17,1.40,25,40,15,5,0,10,55,20,50,7.50,5.90,1.62,3.39,6.70,1.44,2.40,4.33,8.00,2.30,1.57,Reale Arena (Donostia-San Sebastián)
1642959000,Jan 23 2022 - 5:30pm,complete,9034,Rayo Vallecano,Athletic Club Bilbao,Adrián Cordero Vega,22,2.60,1.27,1.53,1.11,0,1,1,1,0,1,"","30",9,7,1,0,6,0,0,1,1,5,31,11,4,5,27,6,8,20,67,33,1.75,1.52,2.86,1.32,1.75,38,53,30,20,0,30,58,19,53,10.73,4.03,2.81,2.67,3.08,1.50,2.38,4.50,9.00,2.05,1.70,Estadio de Vallecas (Madrid)
1642968000,Jan 23 2022 - 8:00pm,complete,14056,Deportivo Alavés,FC Barcelona,Jorge Figueroa Vázquez,22,1.09,1.20,1.32,1.84,0,1,1,0,0,0,"","87",1,10,0,0,0,0,0,0,0,0,6,10,3,6,3,4,16,8,24,76,1.40,1.57,0.79,1.52,2.16,53,63,29,20,10,29,58,34,62,7.40,5.75,5.17,3.97,1.63,1.25,1.76,2.75,5.00,1.80,1.91,Estadio de Mendizorroza (Vitoria-Gasteiz)
1644004800,Feb 04 2022 - 8:00pm,complete,N/A,Getafe CF,Levante UD,Alejandro Muñíz Ruiz,23,1.55,0.20,1.47,0.68,3,0,3,2,2,0,"1,29,90'5","",2,8,4,0,3,0,0,4,1,2,16,11,10,3,6,8,12,13,41,59,1.39,1.20,1.94,1.29,2.94,48,68,53,29,20,29,73,43,86,7.71,6.83,2.09,3.34,4.18,1.53,2.26,4.50,9.00,2.20,1.62,Coliseum Alfonso Pérez (Getafe)
1644066000,Feb 05 2022 - 1:00pm,complete,N/A,Elche CF,Deportivo Alavés,Mario Melero López,23,1.40,0.50,1.42,0.32,3,1,4,1,0,1,"46,58,86","18",7,3,1,0,1,0,0,1,0,1,16,7,6,3,10,4,15,11,60,40,1.42,1.17,1.72,1.00,2.45,45,70,45,25,5,35,70,30,70,9.30,5.30,2.43,3.12,2.72,1.40,2.25,4.00,7.50,1.95,1.80,Estadio Manuel Martínez Valero (Elche)
1644074100,Feb 05 2022 - 3:15pm,complete,13226,RCD Mallorca,Cádiz,Carlos Del Cerro Grande,23,1.20,1.09,1.42,1.11,2,1,3,2,1,1,"20,66","8",6,4,2,0,4,0,0,2,0,4,20,13,6,6,14,7,14,15,46,54,1.50,1.12,2.08,1.62,2.17,43,61,33,28,10,23,71,24,62,8.02,5.93,1.78,3.30,4.24,1.44,2.21,4.50,9.50,2.10,1.67,Visit Mallorca Estadi (Palma de Mallorca)
1644082200,Feb 05 2022 - 5:30pm,complete,N/A,Celta de Vigo,Rayo Vallecano,José Luis Munuera Montero,23,1.00,0.50,1.32,0.68,2,0,2,1,1,0,"12,80","",7,2,0,0,2,0,0,0,2,0,14,12,3,0,11,12,17,17,52,48,1.55,1.37,1.46,1.10,2.48,53,77,43,14,10,38,77,28,86,8.08,5.07,1.97,3.42,3.90,1.40,2.00,4.00,7.50,1.95,1.80,Abanca-Balaídos (Vigo)
1644091200,Feb 05 2022 - 8:00pm,complete,N/A,CA Osasuna,Sevilla FC,Valentín Pizarro Gómez,23,1.00,1.73,1.16,1.47,0,0,0,0,0,0,"","",1,1,1,0,1,0,0,1,1,0,10,10,3,4,7,6,13,7,27,73,1.56,1.39,1.16,1.41,1.91,46,59,23,18,5,36,60,23,64,8.36,5.55,3.54,3.14,2.20,1.48,2.25,4.75,10.00,2.05,1.70,Estadio El Sadar (Pamplona (Iruñea))
1644152400,Feb 06 2022 - 1:00pm,complete,N/A,Valencia CF,Real Sociedad,José María Sánchez Martínez,23,1.55,1.50,1.37,1.42,0,0,0,0,0,0,"","",9,9,4,0,2,0,2,2,1,1,15,12,4,6,11,6,17,14,40,60,1.51,1.57,1.59,1.53,2.91,62,91,48,29,15,19,67,63,91,10.21,5.61,2.59,3.02,2.42,1.36,2.30,3.75,7.00,1.80,1.95,Estadio de Mestalla (Valencia)
1644160500,Feb 06 2022 - 3:15pm,complete,N/A,FC Barcelona,Atlético Madrid,Jesús Gil Manzano,23,2.00,1.36,2.00,1.58,4,2,6,4,3,1,"10,21,43,49","8,58",3,5,2,1,2,0,0,3,0,2,10,10,5,5,5,5,15,13,57,43,2.01,1.62,1.37,1.31,3.18,76,86,71,33,19,43,81,52,91,12.01,4.80,2.25,3.30,3.05,1.33,1.85,3.60,7.00,1.80,1.95,Camp Nou (Barcelona)
1644168600,Feb 06 2022 - 5:30pm,complete,44870,Real Betis,Villarreal,Pablo González Fuertes,23,1.82,0.80,1.68,1.21,0,2,2,1,0,1,"","41,83",6,6,2,0,3,0,0,2,2,1,10,11,4,5,6,6,19,14,60,40,1.96,1.39,1.23,1.36,2.44,43,71,43,38,9,38,66,33,71,9.05,5.43,2.42,3.20,2.65,1.25,1.67,2.75,4.75,1.57,2.25,Estadio Benito Villamarín (Sevilla)
1644177600,Feb 06 2022 - 8:00pm,complete,N/A,Real Madrid,Granada CF,Antonio Miguel Mateu Lahoz,23,2.27,0.82,2.32,0.84,1,0,1,0,0,0,"74","",9,2,2,0,1,0,0,2,0,1,22,8,9,4,13,4,9,11,66,34,2.23,1.23,2.62,0.93,2.64,50,69,46,32,18,41,73,23,69,9.64,4.91,1.28,4.74,7.96,1.13,1.40,2.12,3.60,1.95,1.80,Estadio Santiago Bernabéu (Madrid)
1644264000,Feb 07 2022 - 8:00pm,complete,30753,Athletic Club Bilbao,RCD Espanyol,César Soto Grado,23,1.40,0.64,1.79,0.47,2,1,3,3,2,1,"5,16","3",5,3,3,0,3,0,0,3,1,2,9,8,7,5,2,3,17,11,43,57,1.82,1.42,1.39,1.23,2.48,58,67,53,28,5,34,72,33,71,12.80,4.74,1.76,3.86,5.30,1.36,2.10,3.75,6.50,2.00,1.75,San Mamés Barria (Bilbao)
1644609600,Feb 11 2022 - 8:00pm,complete,33411,Sevilla FC,Elche CF,Miguel Ángel Ortiz Arias,24,2.45,0.75,2.21,0.79,2,0,2,0,0,0,"70,75","",5,4,1,0,5,0,0,1,2,3,17,8,8,2,9,6,13,14,57,43,1.69,0.95,2.17,0.93,2.92,61,75,57,35,13,49,84,35,70,7.40,5.22,1.36,4.75,10.00,1.33,1.85,3.75,7.50,2.20,1.62,Estadio Ramón Sánchez Pizjuán (Sevilla)
1644670800,Feb 12 2022 - 1:00pm,complete,N/A,Cádiz,Celta de Vigo,Antonio Miguel Mateu Lahoz,24,0.55,1.45,0.95,1.11,0,0,0,0,0,0,"","",3,3,3,0,2,0,0,3,1,1,10,7,3,2,7,5,12,19,44,56,1.28,1.23,1.22,0.86,2.18,41,64,32,23,14,18,50,36,69,8.28,5.55,4.19,3.43,1.89,1.40,2.01,4.00,8.00,1.95,1.80,Estadio Nuevo Mirandilla (Cádiz)
1644678900,Feb 12 2022 - 3:15pm,complete,N/A,Villarreal,Real Madrid,José María Sánchez Martínez,24,2.00,2.27,1.89,2.21,0,0,0,0,0,0,"","",3,3,2,0,4,0,1,1,3,1,11,18,3,5,8,13,11,10,44,56,1.92,2.07,1.31,1.91,3.34,62,83,70,39,30,38,74,66,79,11.44,3.40,2.76,3.70,2.45,1.25,1.73,2.95,5.50,1.62,2.20,Estadio de la Cerámica (Villarreal)
1644687000,Feb 12 2022 - 5:30pm,complete,N/A,Rayo Vallecano,CA Osasuna,Jorge Figueroa Vázquez,24,2.36,1.55,1.53,1.32,0,3,3,2,0,2,"","8,40,90'3",4,5,2,0,1,0,2,0,0,1,14,12,5,6,9,6,11,16,55,45,1.85,1.37,1.63,1.48,2.18,32,64,36,23,9,36,69,27,64,10.18,4.36,2.26,3.25,3.45,1.44,2.20,4.50,9.50,1.95,1.80,Estadio de Vallecas (Madrid)
1644696000,Feb 12 2022 - 8:00pm,complete,49375,Atlético Madrid,Getafe CF,Ricardo De Burgos Bengoetxea,24,2.10,0.45,2.16,0.58,4,3,7,6,3,3,"20,27,45'4,89","30,37,42",5,4,4,1,4,0,4,1,3,1,12,9,8,5,4,4,18,17,50,50,1.77,1.20,1.57,1.22,1.93,34,58,34,15,5,15,67,30,53,10.36,5.72,1.44,4.40,8.30,1.40,2.10,4.33,9.00,2.50,1.50,Estadio Wanda Metropolitano (Madrid)
1644757200,Feb 13 2022 - 1:00pm,complete,N/A,Deportivo Alavés,Valencia CF,Adrián Cordero Vega,24,1.00,1.09,1.32,1.16,2,1,3,1,1,0,"14,76","62",5,9,4,0,3,0,2,2,0,3,9,10,5,5,4,5,15,17,41,59,1.35,1.45,1.24,1.33,2.74,62,66,49,36,27,41,66,31,74,7.47,6.07,2.90,3.20,2.38,1.40,2.20,4.00,8.00,1.80,1.95,Estadio de Mendizorroza (Vitoria-Gasteiz)
1644765300,Feb 13 2022 - 3:15pm,complete,N/A,Levante UD,Real Betis,Santiago Jaime Latre,24,0.82,1.82,1.16,1.74,2,4,6,4,1,3,"43,47","14,29,42,49",5,7,1,1,2,0,0,2,1,1,17,18,6,10,11,8,13,8,41,59,1.43,1.62,1.78,2.23,2.69,46,78,46,27,18,32,69,45,82,9.00,6.00,3.10,3.47,2.04,1.22,1.65,2.80,5.00,1.57,2.25,Estadio Ciudad de Valencia (Valencia)
1644773400,Feb 13 2022 - 5:30pm,complete,N/A,Real Sociedad,Granada CF,Javier Alberola Rojas,24,1.73,0.75,1.84,0.84,2,0,2,1,1,0,"37,74","",6,5,0,0,2,0,0,0,2,0,20,16,10,3,10,13,13,13,57,43,1.36,1.21,2.43,1.40,1.72,30,47,21,17,4,26,47,18,65,7.69,5.56,1.48,4.04,5.65,1.30,1.77,3.40,6.50,2.10,1.67,Reale Arena (Donostia-San Sebastián)
1644782400,Feb 13 2022 - 8:00pm,complete,25049,RCD Espanyol,FC Barcelona,Alejandro José Hernández Hernández,24,1.82,1.36,1.74,1.84,2,2,4,2,1,1,"40,64","2,90'6",3,5,4,2,3,1,1,5,0,4,10,15,5,6,5,9,14,13,36,64,1.57,1.56,1.18,1.91,2.46,55,69,36,23,14,36,64,41,64,10.91,5.27,3.61,3.39,1.89,1.25,1.88,2.95,5.50,1.70,2.05,RCDE Stadium (Cornella de Llobregat)
1644868800,Feb 14 2022 - 8:00pm,complete,12904,RCD Mallorca,Athletic Club Bilbao,Isidro Díaz de Mera Escuderos,24,1.36,1.42,1.42,1.11,3,2,5,2,2,0,"22,30,88","59,61",6,6,6,0,4,0,1,5,0,4,17,8,8,3,9,5,22,15,45,55,1.56,1.51,1.96,0.99,1.41,39,39,18,13,5,13,49,18,44,10.19,5.17,3.30,3.10,2.30,1.50,2.55,4.35,8.75,2.05,1.70,Visit Mallorca Estadi (Palma de Mallorca)
1645034400,Feb 16 2022 - 6:00pm,complete,43456,Atlético Madrid,Levante UD,José Luis Munuera Montero,21,2.18,0.18,2.16,0.68,0,1,1,0,0,0,"","54",5,3,3,0,4,0,1,2,0,4,13,9,3,6,10,3,9,19,54,46,1.76,1.21,1.50,1.17,3.23,50,78,60,36,23,36,78,45,82,11.00,6.27,1.35,5.00,8.75,1.25,1.75,3.00,5.50,2.20,1.62,Estadio Wanda Metropolitano (Madrid)
1645214400,Feb 18 2022 - 8:00pm,complete,14742,Elche CF,Rayo Vallecano,Alejandro Muñíz Ruiz,25,1.55,0.45,1.42,0.68,2,1,3,0,0,0,"76,84","52",2,3,2,0,4,0,1,1,1,3,10,14,5,3,5,11,18,15,44,56,1.45,1.34,1.27,1.39,2.27,50,73,41,18,5,27,73,27,78,9.09,5.73,3.00,3.00,2.50,1.44,2.30,4.20,8.50,1.95,1.80,Estadio Manuel Martínez Valero (Elche)
1645275600,Feb 19 2022 - 1:00pm,complete,N/A,Granada CF,Villarreal,Jesús Gil Manzano,25,1.36,1.00,1.16,1.21,1,4,5,2,0,2,"61","35,39,81,90'6",9,2,3,0,6,0,2,1,2,4,23,18,6,9,17,9,15,10,38,62,1.29,1.39,2.20,2.06,2.37,59,73,41,23,14,23,69,41,78,8.55,5.28,3.52,3.54,2.00,1.32,1.96,3.40,6.50,1.80,1.95,Estadio Nuevo Los Cármenes (Granada)
1645283700,Feb 19 2022 - 3:15pm,complete,N/A,CA Osasuna,Atlético Madrid,Mario Melero López,25,1.00,1.25,1.16,1.58,0,3,3,1,0,1,"","3,59,89",4,2,1,0,2,0,1,0,0,2,17,6,5,5,12,1,12,19,62,38,1.53,1.60,1.87,0.93,2.88,67,80,58,38,17,42,75,50,80,9.00,5.67,3.50,3.00,1.96,1.40,2.10,4.20,8.50,1.95,1.80,Estadio El Sadar (Pamplona (Iruñea))
1645291800,Feb 19 2022 - 5:30pm,complete,N/A,Cádiz,Getafe CF,Javier Alberola Rojas,25,0.58,0.42,0.95,0.58,1,1,2,2,1,1,"45'3","6",7,2,3,0,4,0,3,0,1,3,12,8,4,3,8,5,17,11,65,35,1.28,1.20,1.39,0.90,1.96,42,59,25,17,13,9,63,21,59,7.84,5.67,3.05,2.65,2.37,1.58,2.80,6.00,13.00,2.25,1.57,Estadio Nuevo Mirandilla (Cádiz)
1645300800,Feb 19 2022 - 8:00pm,complete,42180,Real Madrid,Deportivo Alavés,José Luis Munuera Montero,25,2.33,0.45,2.32,0.32,3,0,3,0,0,0,"63,80,90'1","",7,1,1,0,1,0,1,0,0,1,25,8,9,3,16,5,6,11,70,30,2.26,1.15,2.99,0.93,2.88,48,70,53,35,17,39,75,35,75,10.33,3.92,1.17,7.25,15.00,1.16,1.52,2.40,4.20,2.05,1.70,Estadio Santiago Bernabéu (Madrid)
1645362000,Feb 20 2022 - 1:00pm,complete,N/A,RCD Espanyol,Sevilla FC,Pablo González Fuertes,25,1.75,1.67,1.74,1.47,1,1,2,1,0,1,"50","36",3,7,4,0,4,1,1,3,1,4,13,11,5,5,8,6,14,14,44,56,1.54,1.39,1.43,1.43,2.04,46,59,29,13,9,34,63,25,63,9.50,5.17,3.35,3.15,2.10,1.44,2.20,4.50,9.50,1.95,1.80,RCDE Stadium (Cornella de Llobregat)
1645370100,Feb 20 2022 - 3:15pm,complete,N/A,Valencia CF,FC Barcelona,Carlos Del Cerro Grande,25,1.50,1.33,1.37,1.84,1,4,5,3,0,3,"52","23,32,38,63",8,3,3,0,4,0,0,3,1,3,13,8,8,7,5,1,22,16,36,64,1.51,1.59,1.78,1.25,2.50,63,75,42,25,8,34,63,50,67,10.17,7.00,3.60,3.50,2.00,1.26,1.85,3.00,5.50,1.67,2.10,Estadio de Mestalla (Valencia)
1645378200,Feb 20 2022 - 5:30pm,complete,N/A,Real Betis,RCD Mallorca,César Soto Grado,25,1.67,0.73,1.68,0.63,2,1,3,1,1,0,"25,83","75",4,7,3,0,2,0,1,2,0,2,17,10,7,2,10,8,13,17,55,45,1.90,1.39,2.05,1.06,3.09,49,87,53,43,18,48,69,53,92,8.76,5.76,1.62,3.50,6.25,1.25,1.85,2.95,5.50,1.80,1.95,Estadio Benito Villamarín (Sevilla)
1645387200,Feb 20 2022 - 8:00pm,complete,40698,Athletic Club Bilbao,Real Sociedad,Juan Martínez Munuera,25,1.55,1.45,1.79,1.42,4,0,4,0,0,0,"68,72,80,89","",6,4,4,0,1,0,2,2,1,0,21,10,9,3,12,7,9,9,47,53,1.78,1.56,2.34,1.05,2.64,55,78,46,27,14,32,69,46,73,13.19,3.91,2.35,2.80,3.60,1.45,2.43,4.50,9.50,2.00,1.75,San Mamés Barria (Bilbao)
1645473600,Feb 21 2022 - 8:00pm,complete,N/A,Celta de Vigo,Levante UD,Valentín Pizarro Gómez,25,1.17,0.42,1.32,0.68,1,1,2,0,0,0,"67","82",2,5,3,0,5,0,1,2,2,3,10,13,5,4,5,9,15,16,63,37,1.54,1.20,1.37,1.40,2.92,50,75,50,25,17,38,79,38,88,8.50,5.25,1.71,3.93,4.75,1.29,1.80,3.26,6.00,1.80,1.95,Abanca-Balaídos (Vigo)
1645819200,Feb 25 2022 - 8:00pm,complete,14237,Levante UD,Elche CF,Pablo González Fuertes,26,0.75,0.69,1.16,0.79,3,0,3,1,1,0,"37,67,90","",3,3,1,0,2,1,0,1,0,3,9,7,4,2,5,5,17,8,43,57,1.46,0.95,0.99,1.00,2.76,52,72,48,32,20,36,60,48,76,7.36,6.27,2.00,3.20,3.50,1.40,2.02,4.00,8.00,1.95,1.80,Estadio Ciudad de Valencia (Valencia)
1645880400,Feb 26 2022 - 1:00pm,complete,14417,RCD Mallorca,Valencia CF,Jorge Figueroa Vázquez,26,1.50,1.00,1.42,1.16,0,1,1,1,0,1,"","4",14,1,4,0,5,1,1,3,4,2,24,9,4,5,20,4,14,21,67,33,1.59,1.44,2.22,1.14,2.79,67,67,54,42,30,42,71,38,67,9.50,7.08,2.47,3.15,3.16,1.40,2.16,4.00,8.50,1.91,1.91,Visit Mallorca Estadi (Palma de Mallorca)
1645888500,Feb 26 2022 - 3:15pm,complete,7720,Getafe CF,Deportivo Alavés,Santiago Jaime Latre,26,1.67,0.42,1.47,0.32,2,2,4,1,0,1,"55,72","45'1,56",6,1,2,1,4,0,2,1,2,2,13,10,5,6,8,4,0,1,49,51,1.43,1.13,1.43,1.32,2.67,38,71,54,25,8,34,67,38,83,7.50,5.67,1.92,2.85,4.25,1.55,2.82,6.50,13.00,2.50,1.50,Coliseum Alfonso Pérez (Getafe)
1645896600,Feb 26 2022 - 5:30pm,complete,N/A,Rayo Vallecano,Real Madrid,Isidro Díaz de Mera Escuderos,26,2.17,2.17,1.53,2.21,0,1,1,0,0,0,"","83",5,9,5,0,3,0,1,4,0,3,19,17,5,8,14,9,20,5,34,66,1.84,2.06,1.81,2.26,2.63,50,71,59,25,13,34,71,42,71,10.33,4.09,4.90,4.00,1.71,1.28,1.86,3.10,6.00,1.80,1.95,Estadio de Vallecas (Madrid)
1645905600,Feb 26 2022 - 8:00pm,complete,N/A,Atlético Madrid,Celta de Vigo,Alejandro José Hernández Hernández,26,2.00,1.42,2.16,1.11,2,0,2,1,1,0,"36,60","",5,9,4,0,3,0,3,1,1,2,14,16,7,5,7,11,10,7,36,64,1.73,1.20,1.67,1.74,2.34,34,59,42,25,13,29,50,38,63,10.34,5.92,1.60,3.95,6.20,1.33,2.25,3.60,7.00,2.05,1.70,Estadio Wanda Metropolitano (Madrid)
1645966800,Feb 27 2022 - 1:00pm,complete,N/A,Villarreal,RCD Espanyol,Ricardo De Burgos Bengoetxea,26,1.92,0.58,1.89,0.47,5,1,6,3,3,0,"14,20,45,53,86","65",10,3,2,0,1,0,1,1,1,0,17,7,11,2,6,5,11,12,65,35,1.87,1.40,2.31,0.85,2.87,52,72,60,40,16,40,72,44,72,10.75,4.36,1.42,4.40,6.00,1.25,1.86,3.00,5.50,1.95,1.80,Estadio de la Cerámica (Villarreal)
1645974900,Feb 27 2022 - 3:15pm,complete,N/A,Sevilla FC,Real Betis,Carlos Del Cerro Grande,26,2.50,1.92,2.21,1.74,2,1,3,2,2,0,"24,41","90'4",4,4,6,0,3,0,2,4,1,2,14,12,4,3,10,9,13,16,46,54,1.73,1.67,1.51,1.28,3.04,54,83,54,33,17,46,88,42,80,9.41,4.92,2.29,3.20,3.40,1.38,1.88,3.75,8.00,1.91,1.91,Estadio Ramón Sánchez Pizjuán (Sevilla)
1645983000,Feb 27 2022 - 5:30pm,complete,N/A,Real Sociedad,CA Osasuna,Antonio Miguel Mateu Lahoz,26,1.83,1.67,1.84,1.32,1,0,1,0,0,0,"52","",6,5,0,0,5,0,0,0,2,3,13,13,6,3,7,10,9,9,58,42,1.45,1.38,1.65,1.29,1.71,21,50,21,13,9,21,46,29,63,9.25,4.58,1.88,3.30,4.90,1.40,2.20,4.00,8.00,2.05,1.70,Reale Arena (Donostia-San Sebastián)
1645992000,Feb 27 2022 - 8:00pm,complete,N/A,FC Barcelona,Athletic Club Bilbao,Guillermo Cuadra Fernández,26,2.09,1.31,2.00,1.11,4,0,4,1,1,0,"37,73,90,90'4","",5,0,2,0,1,0,0,2,0,1,18,6,8,3,10,3,8,10,72,28,1.96,1.47,2.16,0.76,2.33,56,60,40,26,18,35,60,34,65,12.58,4.23,1.58,4.10,6.10,1.28,1.76,3.20,6.00,1.95,1.80,Camp Nou (Barcelona)
1646078400,Feb 28 2022 - 8:00pm,complete,14785,Granada CF,Cádiz,José María Sánchez Martínez,26,1.25,1.00,1.16,1.11,0,0,0,0,0,0,"","",0,4,3,1,3,0,3,1,1,2,7,13,2,5,5,8,12,17,37,63,1.37,1.16,0.73,1.56,2.96,67,88,54,33,21,38,88,46,84,8.16,5.41,2.10,3.25,3.80,1.42,2.25,4.33,9.00,2.00,1.75,Estadio Nuevo Los Cármenes (Granada)
1646251200,Mar 02 2022 - 8:00pm,complete,N/A,RCD Mallorca,Real Sociedad,Mario Melero López,21,1.38,1.33,1.42,1.42,0,2,2,1,0,1,"","35,62",3,4,0,0,2,0,0,0,0,2,14,13,2,4,12,9,12,9,52,48,1.64,1.52,1.49,1.43,2.38,44,65,37,33,16,16,56,45,73,10.73,5.05,3.44,3.28,2.25,1.37,2.14,3.70,7.25,1.85,1.85,Visit Mallorca Estadi (Palma de Mallorca)
1646424000,Mar 04 2022 - 8:00pm,complete,N/A,Deportivo Alavés,Sevilla FC,Javier Alberola Rojas,27,1.15,1.62,1.32,1.47,0,0,0,0,0,0,"","",5,5,3,0,1,0,1,2,1,0,16,13,5,5,11,8,16,8,34,66,1.34,1.40,1.81,1.52,1.65,42,50,20,4,4,19,54,16,66,7.00,5.15,4.44,3.35,1.90,1.47,2.43,4.75,10.00,2.10,1.66,Estadio de Mendizorroza (Vitoria-Gasteiz)
1646485200,Mar 05 2022 - 1:00pm,complete,16659,CA Osasuna,Villarreal,José Luis Munuera Montero,27,0.92,1.17,1.16,1.21,1,0,1,0,0,0,"63","",6,8,1,0,0,0,0,1,0,0,12,12,4,3,8,9,12,6,28,72,1.56,1.45,1.28,1.52,2.12,44,64,36,28,8,32,60,32,68,8.50,5.62,3.40,3.41,2.25,1.33,2.10,3.60,7.50,1.80,1.95,Estadio El Sadar (Pamplona (Iruñea))
1646493300,Mar 05 2022 - 3:15pm,complete,18519,RCD Espanyol,Getafe CF,Adrián Cordero Vega,27,1.69,0.46,1.74,0.58,2,0,2,2,2,0,"17,27","",1,5,6,0,5,0,3,3,2,3,6,13,4,4,2,9,17,15,55,45,1.53,1.18,0.89,1.39,2.27,50,66,35,16,12,31,77,23,58,8.85,5.77,2.26,3.15,3.70,1.50,2.55,5.00,11.00,2.10,1.67,RCDE Stadium (Cornella de Llobregat)
1646501400,Mar 05 2022 - 5:30pm,complete,N/A,Valencia CF,Granada CF,Valentín Pizarro Gómez,27,1.38,0.69,1.37,0.84,3,1,4,0,0,0,"48,51,62","56",3,6,3,0,3,0,2,1,0,3,14,9,6,2,8,7,14,13,52,48,1.53,1.22,1.70,0.95,2.50,54,77,43,23,12,35,69,31,77,9.00,6.62,1.75,3.60,4.40,1.33,1.95,3.60,7.00,1.91,1.91,Estadio de Mestalla (Valencia)
1646510400,Mar 05 2022 - 8:00pm,complete,52410,Real Madrid,Real Sociedad,Jesús Gil Manzano,27,2.38,1.46,2.32,1.42,4,1,5,3,2,1,"40,43,76,79","10",7,1,0,0,2,0,0,0,0,2,22,2,11,2,11,0,12,14,64,36,2.32,1.51,2.94,0.40,2.77,42,74,46,35,19,20,58,50,81,11.76,3.54,1.57,4.00,5.25,1.28,1.80,3.10,6.00,1.91,1.91,Estadio Santiago Bernabéu (Madrid)
1646571600,Mar 06 2022 - 1:00pm,complete,N/A,Cádiz,Rayo Vallecano,César Soto Grado,27,0.62,0.42,0.95,0.68,2,0,2,0,0,0,"55,63","",5,6,5,0,3,0,3,2,2,1,13,15,8,3,5,12,23,15,47,53,1.29,1.35,1.75,1.46,2.25,52,76,33,16,12,21,65,28,81,8.29,5.60,2.70,3.00,2.85,1.48,2.40,4.75,10.00,2.05,1.70,Estadio Nuevo Mirandilla (Cádiz)
1646579700,Mar 06 2022 - 3:15pm,complete,30146,Elche CF,FC Barcelona,Alejandro José Hernández Hernández,27,1.67,1.46,1.42,1.84,1,2,3,1,1,0,"44","60,84",5,7,2,1,6,0,0,3,0,6,14,21,4,9,10,12,10,8,32,68,1.43,1.56,1.45,2.43,2.44,60,68,44,32,8,32,60,48,65,9.85,6.07,7.72,4.85,1.40,1.20,1.70,2.70,5.00,1.91,1.91,Estadio Manuel Martínez Valero (Elche)
1646587800,Mar 06 2022 - 5:30pm,complete,N/A,Celta de Vigo,RCD Mallorca,Miguel Ángel Ortiz Arias,27,1.15,0.67,1.32,0.63,4,3,7,3,2,1,"13,25,61,90'7","17,49,87",4,5,4,1,4,1,1,4,0,5,15,14,7,5,8,9,17,9,59,41,1.53,1.36,1.76,1.45,2.77,56,80,48,24,13,37,64,53,93,8.56,5.15,1.78,3.50,4.94,1.40,2.11,4.20,8.50,2.05,1.70,Abanca-Balaídos (Vigo)
1646596800,Mar 06 2022 - 8:00pm,complete,N/A,Real Betis,Atlético Madrid,Guillermo Cuadra Fernández,27,1.77,1.38,1.68,1.58,1,3,4,2,1,1,"45'5","2,61,80",10,3,5,0,3,0,2,3,1,2,19,9,5,7,14,2,16,10,65,35,1.91,1.55,2.04,1.20,3.31,62,92,70,42,19,42,89,58,89,9.31,5.54,2.95,3.30,2.45,1.32,1.89,3.40,6.50,1.70,2.05,Estadio Benito Villamarín (Sevilla)
1646683200,Mar 07 2022 - 8:00pm,complete,N/A,Athletic Club Bilbao,Levante UD,Alejandro Muñíz Ruiz,27,1.67,0.46,1.79,0.68,3,1,4,0,0,0,"63,76,88","90'1",4,3,1,0,2,0,1,0,2,0,15,7,8,3,7,4,6,14,50,50,1.82,1.22,1.90,0.89,2.95,56,76,56,28,16,44,76,40,75,11.57,5.64,1.53,4.00,6.50,1.30,1.87,3.30,6.50,1.95,1.80,San Mamés Barria (Bilbao)
1647028800,Mar 11 2022 - 8:00pm,complete,N/A,Atlético Madrid,Cádiz,Pablo González Fuertes,28,2.08,1.00,2.16,1.11,2,1,3,2,1,1,"3,68","45",0,4,4,1,1,0,3,2,1,0,7,15,5,3,2,12,23,14,46,54,1.73,1.19,0.91,1.50,2.62,42,73,46,31,12,31,74,31,73,10.39,6.08,1.28,5.50,11.25,1.28,1.74,3.20,6.50,2.63,1.44,Estadio Wanda Metropolitano (Madrid)
1647090000,Mar 12 2022 - 1:00pm,complete,N/A,Levante UD,RCD Espanyol,Isidro Díaz de Mera Escuderos,28,0.92,0.54,1.16,0.47,1,1,2,0,0,0,"80","50",8,2,4,0,4,0,2,2,1,3,16,7,5,2,11,5,17,10,56,44,1.42,1.36,1.85,0.79,2.81,50,73,54,35,16,31,66,46,77,9.23,5.77,2.38,3.65,2.87,1.30,1.96,3.15,6.00,1.70,2.05,Estadio Ciudad de Valencia (Valencia)
1647098100,Mar 12 2022 - 3:15pm,complete,N/A,Granada CF,Elche CF,Carlos Del Cerro Grande,28,1.23,0.64,1.16,0.79,0,1,1,1,0,1,"","11",3,3,3,0,6,0,1,2,1,5,16,14,5,3,11,11,15,16,57,43,1.32,0.95,1.73,1.39,2.82,67,78,56,30,23,34,71,56,82,6.71,5.70,2.17,3.55,3.35,1.40,2.01,3.80,7.50,1.95,1.80,Estadio Nuevo Los Cármenes (Granada)
1647106200,Mar 12 2022 - 5:30pm,complete,N/A,Villarreal,Celta de Vigo,Santiago Jaime Latre,28,2.00,1.31,1.89,1.11,1,0,1,0,0,0,"64","",5,6,1,0,2,0,1,0,0,2,14,14,6,3,8,11,12,14,50,50,1.90,1.24,1.77,1.48,2.68,37,67,48,33,22,44,63,44,63,10.29,4.48,1.79,4.06,4.74,1.28,1.95,3.15,6.00,1.91,1.91,Estadio de la Cerámica (Villarreal)
1647115200,Mar 12 2022 - 8:00pm,complete,N/A,Getafe CF,Valencia CF,Guillermo Cuadra Fernández,28,1.62,1.15,1.47,1.16,0,0,0,0,0,0,"","",5,3,6,0,5,0,1,5,1,4,18,6,8,0,10,6,18,21,53,47,1.43,1.42,2.03,0.63,2.92,58,70,62,39,23,39,74,42,77,8.61,7.69,2.25,3.34,3.66,1.47,2.30,4.25,8.50,2.00,1.75,Coliseum Alfonso Pérez (Getafe)
1647176400,Mar 13 2022 - 1:00pm,complete,9073,Rayo Vallecano,Sevilla FC,Juan Martínez Munuera,28,2.00,1.57,1.53,1.47,1,1,2,0,0,0,"46","63",5,6,0,0,1,0,0,0,0,1,11,5,3,5,8,0,16,15,43,57,1.83,1.40,1.21,0.97,1.76,34,53,27,12,0,34,64,11,60,9.30,5.02,3.30,3.15,2.20,1.53,2.35,4.60,10.00,2.10,1.67,Estadio de Vallecas (Madrid)
1647184500,Mar 13 2022 - 3:15pm,complete,45876,Real Betis,Athletic Club Bilbao,Antonio Miguel Mateu Lahoz,28,1.64,1.21,1.68,1.11,1,0,1,1,1,0,"20","",5,6,4,1,5,0,2,3,2,3,9,14,6,4,3,10,17,12,51,49,1.92,1.42,1.31,1.51,2.36,43,68,39,36,11,32,68,40,65,10.43,5.00,2.05,3.30,3.25,1.32,1.94,3.25,6.50,1.75,2.00,Estadio Benito Villamarín (Sevilla)
1647192600,Mar 13 2022 - 5:30pm,complete,31573,Real Sociedad,Deportivo Alavés,Jorge Figueroa Vázquez,28,1.92,0.46,1.84,0.32,1,0,1,0,0,0,"70","",6,4,1,0,1,0,1,0,1,0,16,14,6,5,10,9,15,12,60,40,1.46,1.15,1.72,1.59,2.16,31,58,35,23,4,23,54,35,74,8.08,4.39,1.40,4.50,8.00,1.33,1.90,3.45,7.00,2.10,1.67,Reale Arena (Donostia-San Sebastián)
1647201600,Mar 13 2022 - 8:00pm,complete,54507,FC Barcelona,CA Osasuna,Ricardo De Burgos Bengoetxea,28,2.17,1.54,2.00,1.32,4,0,4,3,3,0,"14,21,27,75","",5,1,0,0,4,0,0,0,2,2,25,5,10,4,15,1,7,4,72,28,1.97,1.38,2.89,0.72,2.71,45,73,49,29,20,41,65,41,81,11.43,4.31,1.37,5.00,8.00,1.23,1.75,2.70,5.25,2.10,1.67,Camp Nou (Barcelona)
1647288000,Mar 14 2022 - 8:00pm,complete,17191,RCD Mallorca,Real Madrid,José María Sánchez Martínez,28,1.29,2.23,1.42,2.21,0,3,3,0,0,0,"","55,77,82",1,6,3,0,3,0,1,2,2,1,16,12,4,6,12,6,13,15,38,62,1.63,2.08,1.60,1.63,2.35,53,60,46,22,19,18,59,42,67,10.45,5.14,5.60,4.28,1.59,1.24,1.72,2.90,5.50,1.80,1.95,Visit Mallorca Estadi (Palma de Mallorca)
1647633600,Mar 18 2022 - 8:00pm,complete,37367,Athletic Club Bilbao,Getafe CF,Jesús Gil Manzano,29,1.77,0.43,1.79,0.58,1,1,2,2,1,1,"29","3",8,2,4,0,5,2,0,4,2,5,25,10,13,5,12,5,15,13,66,34,1.83,1.19,2.99,1.13,2.32,49,67,42,19,8,38,74,23,49,10.58,5.37,1.70,3.30,4.80,1.50,2.40,5.50,11.00,2.38,1.53,San Mamés Barria (Bilbao)
1647694800,Mar 19 2022 - 1:00pm,complete,16209,Deportivo Alavés,Granada CF,Guillermo Cuadra Fernández,29,1.14,0.64,1.32,0.84,2,3,5,0,0,0,"53,57","50,75,87",6,2,4,0,6,1,2,2,2,5,13,18,7,9,6,9,12,10,50,50,1.37,1.20,1.69,1.98,2.08,43,61,33,18,7,25,57,18,75,6.85,5.22,2.15,3.38,3.81,1.42,2.10,4.33,9.00,2.00,1.75,Estadio de Mendizorroza (Vitoria-Gasteiz)
1647702900,Mar 19 2022 - 3:15pm,complete,N/A,Elche CF,Valencia CF,Miguel Ángel Ortiz Arias,29,1.54,1.14,1.42,1.16,0,1,1,0,0,0,"","50",4,2,3,1,3,0,2,2,2,1,11,11,4,6,7,5,19,14,56,44,1.43,1.36,1.34,1.37,2.73,67,70,59,37,18,33,71,45,67,9.65,7.00,2.72,3.35,2.81,1.40,2.00,4.20,8.50,1.95,1.80,Estadio Manuel Martínez Valero (Elche)
1647711000,Mar 19 2022 - 5:30pm,complete,N/A,CA Osasuna,Levante UD,Javier Alberola Rojas,29,1.07,0.43,1.16,0.68,3,1,4,1,1,0,"44,57,64","76",6,1,0,0,1,0,0,0,0,1,21,12,8,5,13,7,9,17,45,55,1.54,1.20,2.19,1.45,2.72,50,72,47,33,14,36,64,43,82,8.28,5.71,1.79,3.86,4.85,1.36,1.98,3.75,7.50,1.95,1.80,Estadio El Sadar (Pamplona (Iruñea))
1647720000,Mar 19 2022 - 8:00pm,complete,10349,Rayo Vallecano,Atlético Madrid,José Luis Munuera Montero,29,1.93,1.50,1.53,1.58,0,1,1,0,0,0,"","49",3,6,3,0,5,1,2,1,1,5,17,11,5,4,12,7,15,12,55,45,1.79,1.52,1.86,1.27,2.89,58,79,65,32,11,43,82,46,82,9.78,5.07,3.98,3.45,2.08,1.42,2.10,4.33,9.00,1.95,1.80,Estadio de Vallecas (Madrid)
1647781200,Mar 20 2022 - 1:00pm,complete,N/A,RCD Espanyol,RCD Mallorca,Alejandro Muñíz Ruiz,29,1.79,0.62,1.74,0.63,1,0,1,1,1,0,"42","",6,6,3,0,3,0,1,2,2,1,13,10,4,4,9,6,14,12,45,55,1.48,1.37,1.35,1.29,3.01,60,82,53,30,19,45,71,53,86,9.59,6.23,2.39,3.42,2.90,1.33,2.00,3.75,7.50,1.91,1.91,RCDE Stadium (Cornella de Llobregat)
1647789300,Mar 20 2022 - 3:15pm,complete,N/A,Celta de Vigo,Real Betis,Ricardo De Burgos Bengoetxea,29,1.29,1.77,1.32,1.74,0,0,0,0,0,0,"","",2,2,1,0,2,0,0,1,0,2,11,8,4,2,7,6,12,12,52,48,1.54,1.64,1.43,0.87,2.94,60,82,53,26,19,41,78,45,89,8.75,4.90,2.38,3.38,3.26,1.30,1.89,3.20,6.00,1.70,2.05,Abanca-Balaídos (Vigo)
1647789300,Mar 20 2022 - 3:15pm,complete,N/A,Cádiz,Villarreal,Alejandro José Hernández Hernández,29,0.79,1.08,0.95,1.21,1,0,1,0,0,0,"90","",6,3,4,0,2,0,1,3,1,1,18,4,9,2,9,2,11,11,42,58,1.32,1.45,2.04,0.77,2.00,44,63,26,22,11,15,52,30,70,9.33,5.70,5.46,3.95,1.70,1.35,1.84,3.75,7.50,1.91,1.91,Estadio Nuevo Mirandilla (Cádiz)
1647797400,Mar 20 2022 - 5:30pm,complete,N/A,Sevilla FC,Real Sociedad,César Soto Grado,29,2.54,1.36,2.21,1.42,0,0,0,0,0,0,"","",7,3,0,0,3,0,0,0,1,2,11,15,0,6,11,9,12,13,60,40,1.71,1.43,1.23,1.72,2.97,49,86,49,37,15,34,75,48,81,9.84,4.40,1.74,3.65,4.78,1.45,2.20,4.40,8.40,2.00,1.75,Estadio Ramón Sánchez Pizjuán (Sevilla)
1647806400,Mar 20 2022 - 8:00pm,complete,N/A,Real Madrid,FC Barcelona,Juan Martínez Munuera,29,2.43,1.57,2.32,1.84,0,4,4,2,0,2,"","29,38,47,51",4,3,4,0,4,0,1,3,2,2,15,20,5,11,10,9,9,12,41,59,2.36,1.63,1.57,2.37,2.79,57,68,50,36,22,40,64,50,68,11.36,5.07,2.05,3.40,2.95,1.20,1.75,2.60,4.50,1.53,2.38,Estadio Santiago Bernabéu (Madrid)
1648900800,Apr 02 2022 - 12:00pm,complete,N/A,Getafe CF,RCD Mallorca,Antonio Miguel Mateu Lahoz,30,1.57,0.57,1.47,0.63,1,0,1,0,0,0,"82","",5,1,5,0,5,1,4,1,4,2,16,10,5,3,11,7,15,22,62,38,1.47,1.36,1.62,1.12,2.75,47,68,54,29,14,32,61,50,86,8.50,7.14,2.15,3.00,3.90,1.54,2.54,5.25,10.50,2.20,1.62,Coliseum Alfonso Pérez (Getafe)
1648908900,Apr 02 2022 - 2:15pm,complete,N/A,Levante UD,Villarreal,Adrián Cordero Vega,30,0.93,1.00,1.16,1.21,2,0,2,0,0,0,"69,90'1","",1,8,4,0,2,0,1,3,0,2,13,15,4,3,9,12,16,13,41,59,1.45,1.40,1.36,1.73,2.33,40,65,36,25,14,25,54,39,75,9.36,6.00,3.50,3.60,2.00,1.22,1.93,2.80,5.25,1.67,2.10,Estadio Ciudad de Valencia (Valencia)
1648917000,Apr 02 2022 - 4:30pm,complete,15714,Celta de Vigo,Real Madrid,Pablo González Fuertes,30,1.27,2.29,1.32,2.21,1,2,3,1,0,1,"52","19,70",9,3,3,0,0,0,2,1,0,0,13,13,7,7,6,6,16,12,55,45,1.54,2.04,1.83,1.54,2.70,55,72,52,21,17,24,59,52,80,9.50,4.34,3.80,3.50,1.95,1.26,2.04,3.15,6.25,1.75,2.00,Abanca-Balaídos (Vigo)
1648926000,Apr 02 2022 - 7:00pm,complete,N/A,Atlético Madrid,Deportivo Alavés,Mario Melero López,30,2.14,0.43,2.16,0.32,4,1,5,1,1,0,"11,75,82,90","63",7,2,1,0,0,0,0,1,0,0,15,9,10,2,5,7,10,13,49,51,1.67,1.18,1.92,0.92,2.82,43,75,54,33,11,33,68,40,83,9.64,5.43,1.40,4.70,8.90,1.28,1.87,3.20,6.75,2.38,1.53,Estadio Wanda Metropolitano (Madrid)
1648987200,Apr 03 2022 - 12:00pm,complete,34572,Athletic Club Bilbao,Elche CF,Jorge Figueroa Vázquez,30,1.71,0.80,1.79,0.79,2,1,3,1,1,0,"32,86","90'2",7,4,2,0,4,0,0,2,0,4,18,6,8,3,10,3,14,16,48,52,1.91,0.98,2.14,0.81,2.66,59,73,55,28,10,42,69,42,65,9.94,5.49,1.52,4.20,6.50,1.32,1.95,3.50,7.00,2.05,1.70,San Mamés Barria (Bilbao)
1648995300,Apr 03 2022 - 2:15pm,complete,49103,Real Betis,CA Osasuna,Valentín Pizarro Gómez,30,1.73,1.43,1.68,1.32,4,1,5,2,2,0,"34,45'1,82,88","65",11,7,1,0,3,0,1,0,0,3,24,12,9,5,15,7,11,5,55,45,1.88,1.33,2.48,1.42,2.61,34,76,45,34,14,42,72,38,76,9.57,5.50,1.78,3.75,4.50,1.33,1.95,3.60,7.00,1.91,1.91,Estadio Benito Villamarín (Sevilla)
1649003400,Apr 03 2022 - 4:30pm,complete,15823,Granada CF,Rayo Vallecano,Alejandro José Hernández Hernández,30,1.14,0.38,1.16,0.68,2,2,4,2,0,2,"67,90'4","6,17",5,4,4,0,5,1,3,1,0,6,18,11,11,5,7,6,14,14,64,36,1.35,1.35,2.37,1.34,2.59,59,82,44,19,19,30,74,44,86,7.78,5.64,2.45,3.12,2.63,1.40,2.30,4.20,9.00,1.95,1.80,Estadio Nuevo Los Cármenes (Granada)
1649003400,Apr 03 2022 - 4:30pm,complete,32949,Valencia CF,Cádiz,Isidro Díaz de Mera Escuderos,30,1.50,0.93,1.37,1.11,0,0,0,0,0,0,"","",4,3,3,0,5,1,0,3,1,5,6,6,2,5,4,1,11,18,51,49,1.55,1.21,0.97,1.02,2.72,61,83,54,29,11,36,75,39,75,9.15,6.50,1.80,3.15,4.35,1.40,2.15,4.35,9.50,2.00,1.75,Estadio de Mestalla (Valencia)
1649012400,Apr 03 2022 - 7:00pm,complete,76112,FC Barcelona,Sevilla FC,José María Sánchez Martínez,30,2.23,1.53,2.00,1.47,1,0,1,0,0,0,"72","",9,2,3,0,3,0,0,3,0,3,20,9,8,4,12,5,12,8,55,45,2.04,1.37,2.34,1.10,2.36,51,66,38,23,12,37,62,30,73,10.66,4.38,1.41,4.00,6.80,1.27,1.86,3.00,5.75,2.00,1.75,Camp Nou (Barcelona)
1649098800,Apr 04 2022 - 7:00pm,complete,20869,Real Sociedad,RCD Espanyol,Santiago Jaime Latre,30,2.00,0.57,1.84,0.47,1,0,1,0,0,0,"90'6","",6,0,2,0,4,0,0,2,0,4,21,9,8,3,13,6,17,13,68,32,1.48,1.32,2.48,0.96,1.96,39,50,32,22,4,18,47,32,72,9.14,4.85,1.69,3.55,4.40,1.35,1.96,3.75,7.50,2.05,1.70,Reale Arena (Donostia-San Sebastián)
1649444400,Apr 08 2022 - 7:00pm,complete,N/A,Sevilla FC,Granada CF,Miguel Ángel Ortiz Arias,31,2.43,0.80,2.21,0.84,4,2,6,2,1,1,"32,66,90'3,90'9","23,88",14,3,3,0,2,0,0,3,1,1,18,17,10,6,8,11,7,7,73,27,1.68,1.26,2.59,1.69,2.66,49,76,45,31,10,42,73,25,72,8.53,5.63,1.40,4.33,9.00,1.36,2.10,4.00,8.00,2.37,1.52,Estadio Ramón Sánchez Pizjuán (Sevilla)
1649505600,Apr 09 2022 - 12:00pm,complete,N/A,Cádiz,Real Betis,Jesús Gil Manzano,31,0.93,1.71,0.95,1.74,1,2,3,0,0,0,"58","78,85",8,4,1,0,2,0,0,1,1,1,13,12,5,4,8,8,18,10,40,60,1.37,1.59,1.45,1.32,2.43,52,73,39,25,17,25,63,38,80,9.09,5.50,3.50,3.52,2.24,1.40,2.23,4.20,8.50,1.85,1.85,Estadio Nuevo Mirandilla (Cádiz)
1649513700,Apr 09 2022 - 2:15pm,complete,15437,RCD Mallorca,Atlético Madrid,Juan Martínez Munuera,31,1.20,1.60,1.42,1.58,1,0,1,0,0,0,"68","",1,6,1,0,4,0,1,0,0,4,11,11,3,2,8,9,14,11,33,67,1.63,1.50,1.19,1.19,2.70,57,70,57,30,17,30,74,47,77,9.47,6.26,4.38,3.58,1.96,1.44,2.23,4.50,9.50,2.05,1.70,Visit Mallorca Estadi (Palma de Mallorca)
1649521800,Apr 09 2022 - 4:30pm,complete,N/A,Villarreal,Athletic Club Bilbao,Carlos Del Cerro Grande,31,2.07,1.13,1.89,1.11,1,1,2,1,0,1,"60","43",7,2,2,0,3,0,0,2,0,3,11,15,5,8,6,7,17,15,60,40,1.89,1.42,1.39,1.85,2.40,40,57,40,34,20,33,63,40,57,11.60,4.00,2.07,3.72,3.78,1.30,2.00,3.40,6.50,1.75,1.98,Estadio de la Cerámica (Villarreal)
1649530800,Apr 09 2022 - 7:00pm,complete,N/A,Real Madrid,Getafe CF,César Soto Grado,31,2.27,0.47,2.32,0.58,2,0,2,1,1,0,"38,68","",10,2,2,0,2,0,2,0,0,2,28,9,10,0,18,9,13,11,69,31,2.31,1.19,3.00,0.73,2.44,44,64,40,24,17,37,74,27,53,9.60,5.40,1.35,4.90,9.00,1.32,1.85,3.60,7.00,2.25,1.58,Estadio Santiago Bernabéu (Madrid)
1649592000,Apr 10 2022 - 12:00pm,complete,19220,CA Osasuna,Deportivo Alavés,Alejandro Muñíz Ruiz,31,1.20,0.40,1.16,0.32,1,0,1,0,0,0,"90'2","",7,3,3,0,1,0,3,0,1,0,17,11,6,3,11,8,12,6,65,35,1.58,1.16,1.87,1.10,2.67,47,74,50,37,10,33,67,44,80,7.80,4.20,1.95,3.30,4.33,1.41,2.38,4.35,9.50,2.00,1.71,Estadio El Sadar (Pamplona (Iruñea))
1649600100,Apr 10 2022 - 2:15pm,complete,18471,RCD Espanyol,Celta de Vigo,Javier Alberola Rojas,31,1.87,1.21,1.74,1.11,1,0,1,0,0,0,"89","",2,3,4,0,1,0,2,2,0,1,11,10,3,5,8,5,12,21,47,53,1.48,1.25,1.28,1.42,2.20,37,62,35,17,10,35,62,31,62,9.48,5.71,2.75,3.10,2.75,1.40,2.30,4.20,8.50,1.90,1.80,RCDE Stadium (Cornella de Llobregat)
1649608200,Apr 10 2022 - 4:30pm,complete,N/A,Elche CF,Real Sociedad,Guillermo Cuadra Fernández,31,1.43,1.33,1.42,1.42,1,2,3,3,1,2,"3","31,39",8,9,3,0,3,0,3,0,2,1,14,19,4,8,10,11,15,12,50,50,1.43,1.45,1.47,2.14,2.47,49,72,45,31,10,14,55,52,79,9.93,4.94,3.35,3.25,2.31,1.40,2.20,4.20,8.50,1.90,1.80,Estadio Manuel Martínez Valero (Elche)
1649617200,Apr 10 2022 - 7:00pm,complete,N/A,Levante UD,FC Barcelona,José Luis Munuera Montero,31,1.07,1.67,1.16,1.84,2,3,5,0,0,0,"52,83","59,63,90'2",4,3,1,0,1,0,1,0,0,1,10,15,5,8,5,7,8,7,36,64,1.45,1.68,1.26,1.85,2.73,50,77,44,34,17,37,60,60,74,9.33,6.73,6.30,4.85,1.48,1.15,1.50,2.31,3.75,1.68,2.05,Estadio Ciudad de Valencia (Valencia)
1649703600,Apr 11 2022 - 7:00pm,complete,N/A,Rayo Vallecano,Valencia CF,Ricardo De Burgos Bengoetxea,31,1.80,1.27,1.53,1.16,1,1,2,0,0,0,"83","57",5,4,3,0,4,0,1,2,2,2,13,8,6,3,7,5,13,17,56,44,1.79,1.36,1.62,1.00,2.57,50,64,50,34,17,44,70,30,70,9.47,6.20,2.26,3.30,3.38,1.44,2.30,4.50,9.50,1.95,1.80,Estadio de Vallecas (Madrid)
1650049200,Apr 15 2022 - 7:00pm,complete,N/A,Real Sociedad,Real Betis,Isidro Díaz de Mera Escuderos,32,2.07,1.80,1.84,1.74,0,0,0,0,0,0,"","",8,1,3,1,4,0,0,4,1,3,11,10,4,3,7,7,17,7,57,43,1.55,1.57,1.54,1.12,2.04,37,54,34,17,10,24,50,34,77,9.06,4.67,2.15,3.45,3.40,1.32,2.03,3.40,6.50,1.75,1.95,Reale Arena (Donostia-San Sebastián)
1650110400,Apr 16 2022 - 12:00pm,complete,N/A,Elche CF,RCD Mallorca,José María Sánchez Martínez,32,1.33,0.53,1.42,0.63,3,0,3,1,1,0,"42,58,81","",2,1,2,0,3,0,0,2,1,2,9,14,5,3,4,11,17,13,52,48,1.43,1.34,1.21,1.38,2.67,57,70,53,27,10,30,60,50,80,9.47,6.53,2.37,2.88,2.78,1.48,2.29,4.75,10.00,1.95,1.77,Estadio Manuel Martínez Valero (Elche)
1650118500,Apr 16 2022 - 2:15pm,complete,N/A,Deportivo Alavés,Rayo Vallecano,Juan Martínez Munuera,32,1.07,0.43,1.32,0.68,1,0,1,0,0,0,"64","",2,12,2,0,3,1,1,1,0,4,12,22,8,4,4,18,10,9,38,62,1.40,1.35,1.52,2.22,2.25,49,70,38,14,10,25,59,32,83,7.19,5.60,2.43,2.92,2.67,1.45,2.29,4.50,9.50,1.98,1.73,Estadio de Mendizorroza (Vitoria-Gasteiz)
1650126600,Apr 16 2022 - 4:30pm,complete,30148,Valencia CF,CA Osasuna,Mario Melero López,32,1.47,1.33,1.37,1.32,1,2,3,0,0,0,"83","50,74",9,5,2,0,2,0,1,1,2,0,12,12,6,5,6,7,11,22,52,48,1.51,1.34,1.58,1.39,2.54,47,74,47,27,17,34,60,43,73,9.93,6.20,1.95,3.05,3.50,1.44,2.15,4.50,9.50,1.95,1.75,Estadio de Mestalla (Valencia)
1650135600,Apr 16 2022 - 7:00pm,complete,N/A,Getafe CF,Villarreal,Pablo González Fuertes,32,1.67,0.93,1.47,1.21,1,2,3,2,0,2,"63","7,16",6,6,2,0,0,0,1,1,0,0,14,14,7,3,7,11,17,6,40,60,1.48,1.43,1.70,1.41,2.04,33,53,37,20,7,20,50,30,77,8.87,6.67,3.10,3.00,2.50,1.44,2.04,4.33,9.00,1.98,1.75,Coliseum Alfonso Pérez (Getafe)
1650196800,Apr 17 2022 - 12:00pm,complete,N/A,Granada CF,Levante UD,Valentín Pizarro Gómez,32,1.13,0.40,1.16,0.68,1,4,5,1,0,1,"90'2","17,56,77,90'5",13,2,4,1,2,0,2,3,1,1,18,16,6,8,12,8,10,9,53,47,1.42,1.21,1.98,1.77,3.10,67,80,57,37,24,33,77,57,87,7.87,5.94,2.15,3.40,3.30,1.29,2.00,3.23,6.00,1.75,1.95,Estadio Nuevo Los Cármenes (Granada)
1650204900,Apr 17 2022 - 2:15pm,complete,N/A,Atlético Madrid,RCD Espanyol,Jorge Figueroa Vázquez,32,2.20,0.53,2.16,0.47,2,1,3,0,0,0,"52,90'10","74",6,3,4,1,5,0,2,3,2,3,14,12,5,6,9,6,18,12,52,48,1.69,1.30,1.76,1.35,2.74,54,70,53,33,14,27,64,40,80,10.33,6.00,1.44,4.20,8.00,1.30,2.02,3.40,6.50,2.10,1.65,Estadio Wanda Metropolitano (Madrid)
1650213000,Apr 17 2022 - 4:30pm,complete,35541,Athletic Club Bilbao,Celta de Vigo,Alejandro José Hernández Hernández,32,1.80,1.13,1.79,1.11,0,2,2,2,0,2,"","11,37",5,4,2,0,2,0,1,1,0,2,11,7,3,5,8,2,13,15,50,50,1.93,1.27,1.29,1.09,2.27,44,64,44,20,7,37,57,34,60,11.33,4.93,1.83,3.40,4.33,1.40,2.20,4.00,8.50,2.05,1.68,San Mamés Barria (Bilbao)
1650222000,Apr 17 2022 - 7:00pm,complete,40629,Sevilla FC,Real Madrid,Guillermo Cuadra Fernández,32,2.47,2.33,2.21,2.21,2,3,5,2,2,0,"21,25","50,82,90'2",0,3,3,0,4,0,1,2,1,3,10,18,4,10,6,8,11,9,41,59,1.74,2.01,1.23,2.44,2.90,57,77,60,27,17,33,70,50,74,10.80,4.46,3.00,3.20,2.60,1.35,2.04,3.75,7.50,1.77,1.95,Estadio Ramón Sánchez Pizjuán (Sevilla)
1650308400,Apr 18 2022 - 7:00pm,complete,N/A,FC Barcelona,Cádiz,Santiago Jaime Latre,32,2.29,0.93,2.00,1.11,0,1,1,0,0,0,"","48",8,1,4,0,1,0,1,3,0,1,19,6,8,4,11,2,16,9,75,25,2.06,1.20,2.50,0.79,2.81,52,76,56,35,14,45,76,32,80,10.44,4.86,1.23,6.40,12.75,1.18,1.56,2.30,4.33,2.20,1.62,Camp Nou (Barcelona)
1650387600,Apr 19 2022 - 5:00pm,complete,15264,RCD Mallorca,Deportivo Alavés,César Soto Grado,33,1.31,0.38,1.42,0.32,2,1,3,2,2,0,"11,45'4","73",0,6,2,0,6,0,1,1,2,4,6,15,5,7,1,8,25,15,40,60,1.60,1.16,0.97,1.87,2.44,41,63,44,29,13,25,63,35,76,8.00,4.81,1.98,3.28,3.88,1.44,2.33,4.50,9.50,2.00,1.72,Visit Mallorca Estadi (Palma de Mallorca)
1650394800,Apr 19 2022 - 7:00pm,complete,43257,Real Betis,Elche CF,Javier Alberola Rojas,33,1.81,0.75,1.68,0.79,0,1,1,0,0,0,"","82",2,3,2,1,3,0,0,3,1,2,16,9,5,2,11,7,9,14,65,35,1.92,0.97,1.82,1.01,2.88,53,79,56,38,16,41,79,50,78,8.19,6.13,1.40,4.68,7.17,1.28,1.88,3.10,6.00,1.88,1.82,Estadio Benito Villamarín (Sevilla)
1650396600,Apr 19 2022 - 7:30pm,complete,13570,Villarreal,Valencia CF,José Luis Munuera Montero,33,2.00,1.25,1.89,1.16,2,0,2,2,2,0,"10,17","",3,2,2,0,3,0,0,2,2,1,14,8,5,3,9,5,14,12,58,42,1.86,1.34,1.58,1.21,3.07,60,72,56,44,31,47,72,47,72,10.57,5.63,1.50,4.26,5.97,1.28,1.92,3.20,6.00,1.88,1.82,Estadio de la Cerámica (Villarreal)
1650474000,Apr 20 2022 - 5:00pm,complete,43517,Atlético Madrid,Granada CF,Jesús Gil Manzano,33,2.25,0.75,2.16,0.84,0,0,0,0,0,0,"","",11,1,4,0,5,0,2,2,1,4,22,8,2,3,20,5,9,12,64,36,1.69,1.28,2.13,0.97,2.82,50,75,50,35,19,32,63,35,81,9.69,6.44,1.34,5.00,9.60,1.28,1.83,3.30,6.50,2.20,1.58,Estadio Wanda Metropolitano (Madrid)
1650477600,Apr 20 2022 - 6:00pm,complete,N/A,Celta de Vigo,Getafe CF,Santiago Jaime Latre,33,1.19,0.44,1.32,0.58,0,2,2,1,0,1,"","23,51",2,1,2,0,5,0,0,2,2,3,10,8,4,5,6,3,13,13,71,29,1.55,1.16,1.37,1.03,2.26,47,69,32,13,10,31,75,25,60,7.63,5.75,1.87,3.40,4.60,1.53,2.48,5.00,10.00,2.05,1.68,Abanca-Balaídos (Vigo)
1650483000,Apr 20 2022 - 7:30pm,complete,21360,CA Osasuna,Real Madrid,Ricardo De Burgos Bengoetxea,33,1.31,2.38,1.16,2.21,1,3,4,3,1,2,"13","12,45,90'6",3,4,1,0,3,0,1,0,1,2,14,21,5,9,9,12,13,7,35,65,1.60,2.04,1.52,2.36,2.57,54,69,54,28,16,25,56,54,78,9.63,4.44,4.50,3.95,1.74,1.26,1.82,3.10,5.50,1.77,1.95,Estadio El Sadar (Pamplona (Iruñea))
1650560400,Apr 21 2022 - 5:00pm,complete,11873,RCD Espanyol,Rayo Vallecano,Antonio Miguel Mateu Lahoz,33,1.94,0.40,1.74,0.68,0,1,1,1,0,1,"","42",3,10,4,0,4,0,0,4,1,3,7,13,3,3,4,10,14,18,57,43,1.46,1.41,1.03,1.40,2.42,49,75,39,16,10,36,71,32,81,9.46,6.26,2.42,3.38,3.05,1.44,2.10,4.50,9.50,1.90,1.80,RCDE Stadium (Cornella de Llobregat)
1650560400,Apr 21 2022 - 5:00pm,complete,18107,Levante UD,Sevilla FC,Isidro Díaz de Mera Escuderos,33,1.00,1.44,1.16,1.47,2,3,5,3,1,2,"22,87","14,27,82",10,4,1,0,5,0,0,1,2,3,18,13,9,7,9,6,9,12,45,55,1.43,1.36,2.13,1.59,2.10,41,63,25,16,13,22,47,38,69,8.56,5.75,3.68,3.52,2.08,1.33,2.05,3.60,7.00,1.83,1.87,Estadio Ciudad de Valencia (Valencia)
1650564000,Apr 21 2022 - 6:00pm,complete,17360,Cádiz,Athletic Club Bilbao,Valentín Pizarro Gómez,33,0.88,1.13,0.95,1.11,2,3,5,3,0,3,"56,87","3,22,33",4,1,3,0,4,1,2,1,0,5,28,10,7,8,21,2,9,15,58,42,1.37,1.45,2.89,1.33,1.81,44,57,22,19,10,10,50,32,60,10.19,5.26,3.74,3.54,2.05,1.44,2.06,4.50,9.50,1.98,1.75,Estadio Nuevo Mirandilla (Cádiz)
1650569400,Apr 21 2022 - 7:30pm,complete,N/A,Real Sociedad,FC Barcelona,Carlos Del Cerro Grande,33,2.00,1.75,1.84,1.84,0,1,1,1,0,1,"","11",5,3,1,0,2,0,0,1,1,1,10,11,6,3,4,8,12,9,56,44,1.55,1.69,1.56,1.30,2.01,38,50,28,25,10,25,44,41,66,9.63,5.63,3.30,3.70,2.14,1.28,1.78,3.20,6.00,1.70,2.05,Reale Arena (Donostia-San Sebastián)
1650826800,Apr 24 2022 - 7:00pm,complete,N/A,FC Barcelona,Rayo Vallecano,Isidro Díaz de Mera Escuderos,21,2.13,0.56,2.00,0.68,0,1,1,1,0,1,"","7",9,1,4,0,6,0,0,4,1,5,20,5,7,2,13,3,10,15,71,29,2.09,1.41,2.30,0.59,2.69,49,74,49,27,13,39,68,36,91,11.48,5.32,1.33,5.65,9.00,1.17,1.49,2.22,4.20,1.90,1.80,Camp Nou (Barcelona)
1651258800,Apr 29 2022 - 7:00pm,complete,N/A,Sevilla FC,Cádiz,José María Sánchez Martínez,34,2.31,1.06,2.21,1.11,1,1,2,1,1,0,"7","66",5,6,2,0,2,0,0,2,1,1,13,11,8,5,5,6,15,11,57,43,1.71,1.17,1.78,1.32,2.72,50,75,50,32,13,47,82,29,69,8.82,5.37,1.37,4.60,9.40,1.36,2.20,3.90,8.50,2.20,1.62,Estadio Ramón Sánchez Pizjuán (Sevilla)
1651320000,Apr 30 2022 - 12:00pm,complete,N/A,Deportivo Alavés,Villarreal,Miguel Ángel Ortiz Arias,34,1.19,1.06,1.32,1.21,2,1,3,2,2,0,"4,31","47",5,8,5,0,2,0,0,5,1,1,13,17,7,8,6,9,14,5,33,67,1.40,1.42,1.68,2.00,1.94,41,53,31,16,10,19,47,25,75,8.13,5.00,3.90,3.56,2.09,1.30,1.85,3.30,6.50,1.75,2.00,Estadio de Mendizorroza (Vitoria-Gasteiz)
1651328100,Apr 30 2022 - 2:15pm,complete,N/A,Real Madrid,RCD Espanyol,José Luis Munuera Montero,34,2.31,0.50,2.32,0.47,4,0,4,2,2,0,"33,43,55,81","",7,8,2,0,0,0,1,1,0,0,15,22,8,7,7,15,11,6,58,42,2.35,1.30,1.86,2.28,2.79,54,69,56,35,16,32,63,44,78,10.63,4.76,1.27,5.05,8.91,1.20,1.60,2.25,4.33,1.78,1.93,Estadio Santiago Bernabéu (Madrid)
1651336200,Apr 30 2022 - 4:30pm,complete,N/A,Valencia CF,Levante UD,Jorge Figueroa Vázquez,34,1.38,0.56,1.37,0.68,1,1,2,1,1,0,"27","81",1,7,4,1,3,0,3,2,2,1,8,23,2,6,6,17,11,21,32,68,1.51,1.25,0.88,2.37,3.07,66,81,60,35,19,28,66,56,85,9.19,6.63,1.70,3.64,4.22,1.30,1.77,3.30,6.50,1.70,2.05,Estadio de Mestalla (Valencia)
1651345200,Apr 30 2022 - 7:00pm,complete,N/A,Athletic Club Bilbao,Atlético Madrid,Antonio Miguel Mateu Lahoz,34,1.69,1.50,1.79,1.58,2,0,2,1,1,0,"8,56","",5,3,3,0,3,0,1,2,2,1,13,10,6,4,7,6,18,15,43,57,1.89,1.49,1.57,1.19,2.97,66,81,66,32,13,44,78,51,75,11.81,5.50,2.96,2.93,2.38,1.47,2.33,4.75,10.00,2.00,1.75,San Mamés Barria (Bilbao)
1651406400,May 01 2022 - 12:00pm,complete,N/A,Elche CF,CA Osasuna,Carlos Del Cerro Grande,34,1.44,1.44,1.42,1.32,1,1,2,0,0,0,"84","67",7,4,4,0,2,0,3,1,1,1,12,11,4,4,8,7,13,18,57,43,1.42,1.34,1.45,1.36,2.38,44,69,50,22,10,29,60,41,72,9.75,5.50,3.10,3.20,2.48,1.44,2.30,4.50,9.50,1.95,1.80,Estadio Manuel Martínez Valero (Elche)
1651414500,May 01 2022 - 2:15pm,complete,N/A,Granada CF,Celta de Vigo,Juan Martínez Munuera,34,1.06,1.25,1.16,1.11,1,1,2,0,0,0,"90'2","72",5,4,1,0,3,0,0,1,1,2,16,15,6,8,10,7,11,13,42,58,1.45,1.25,1.95,1.82,2.41,47,66,41,26,19,31,63,44,69,8.69,5.56,2.66,3.35,2.74,1.39,2.10,3.75,7.50,1.80,1.95,Estadio Nuevo Los Cármenes (Granada)
1651422600,May 01 2022 - 4:30pm,complete,N/A,Rayo Vallecano,Real Sociedad,Alejandro Muñíz Ruiz,34,1.75,1.44,1.53,1.42,1,1,2,1,0,1,"78","33",8,5,2,0,1,0,0,2,1,0,13,9,2,4,11,5,15,7,44,56,1.78,1.50,1.37,1.18,2.44,41,72,41,29,10,29,60,41,78,10.25,4.19,3.10,3.15,2.50,1.47,2.37,4.75,10.00,2.00,1.75,Estadio de Vallecas (Madrid)
1651431600,May 01 2022 - 7:00pm,complete,N/A,FC Barcelona,RCD Mallorca,Pablo González Fuertes,34,2.00,0.50,2.00,0.63,2,1,3,1,1,0,"25,54","79",5,2,2,0,3,0,1,1,0,3,21,6,8,3,13,3,13,12,71,29,2.11,1.35,2.33,0.73,3.00,50,72,56,35,19,41,66,51,91,10.94,5.57,1.33,5.60,8.60,1.18,1.58,2.19,4.20,1.80,1.95,Camp Nou (Barcelona)
1651518000,May 02 2022 - 7:00pm,complete,N/A,Getafe CF,Real Betis,Adrián Cordero Vega,34,1.56,1.75,1.47,1.74,0,0,0,0,0,0,"","",2,4,1,0,1,0,1,0,0,1,14,9,3,5,11,4,13,13,35,65,1.50,1.54,1.43,1.22,2.47,47,66,53,22,13,32,63,38,81,8.32,6.44,2.55,3.10,2.90,1.47,2.30,4.75,10.00,2.00,1.75,Coliseum Alfonso Pérez (Getafe)
1651863600,May 06 2022 - 7:00pm,complete,N/A,Levante UD,Real Sociedad,Javier Alberola Rojas,35,0.94,1.41,1.16,1.42,2,1,3,0,0,0,"53,90","66",7,6,2,0,3,0,0,2,1,2,17,20,9,6,8,14,10,11,35,65,1.48,1.48,2.01,2.12,2.86,47,82,44,35,24,24,56,59,82,10.00,4.88,2.88,3.16,2.15,1.30,1.95,3.25,6.50,1.68,2.05,Estadio Ciudad de Valencia (Valencia)
1651924800,May 07 2022 - 12:00pm,complete,N/A,RCD Mallorca,Granada CF,Ricardo De Burgos Bengoetxea,35,1.41,0.76,1.42,0.84,2,6,8,2,1,1,"28,58","6,46,55,69,78,90",5,5,3,0,2,0,2,1,0,2,20,15,11,8,9,7,11,13,59,41,1.56,1.26,2.47,1.68,2.30,44,62,38,27,15,30,59,24,71,7.70,6.12,2.05,3.00,3.25,1.40,2.13,4.00,8.00,1.95,1.75,Visit Mallorca Estadi (Palma de Mallorca)
1651932900,May 07 2022 - 2:15pm,complete,41091,Athletic Club Bilbao,Valencia CF,Isidro Díaz de Mera Escuderos,35,1.76,1.18,1.79,1.16,0,0,0,0,0,0,"","",4,2,4,0,3,1,1,3,1,3,12,6,7,2,5,4,13,22,59,41,1.87,1.33,1.76,0.80,2.77,62,77,53,33,18,47,74,38,62,11.18,6.23,1.76,3.15,4.15,1.33,1.95,3.60,7.00,2.05,1.70,San Mamés Barria (Bilbao)
1651941000,May 07 2022 - 4:30pm,complete,N/A,Celta de Vigo,Deportivo Alavés,Guillermo Cuadra Fernández,35,1.12,0.35,1.32,0.32,4,0,4,2,2,0,"6,34,57,66","",7,1,1,0,3,1,1,0,2,2,17,4,8,2,9,2,7,7,67,33,1.54,1.20,2.17,0.61,2.77,50,76,50,27,12,32,71,41,85,7.83,4.35,1.66,3.20,4.70,1.40,2.15,4.00,8.00,2.10,1.66,Abanca-Balaídos (Vigo)
1651941000,May 07 2022 - 4:30pm,complete,N/A,Cádiz,Elche CF,Alejandro José Hernández Hernández,35,0.82,0.88,0.95,0.79,3,0,3,0,0,0,"80,83,90'3","",8,1,1,0,0,1,1,0,0,1,19,5,8,3,11,2,18,13,55,45,1.46,0.97,2.26,0.69,2.39,53,68,41,24,15,21,56,44,76,7.70,6.06,2.15,2.85,3.20,1.42,2.16,4.33,9.50,2.00,1.71,Estadio Nuevo Mirandilla (Cádiz)
1651950000,May 07 2022 - 7:00pm,complete,N/A,Real Betis,FC Barcelona,Antonio Miguel Mateu Lahoz,35,1.71,1.82,1.68,1.84,1,2,3,0,0,0,"79","76,90'4",4,8,1,0,2,0,0,1,0,2,17,15,7,8,10,7,16,18,42,58,1.91,1.66,1.77,1.87,2.88,53,77,50,44,18,44,74,53,74,9.77,6.18,3.06,3.26,2.02,1.19,1.72,2.50,4.50,1.49,2.45,Estadio Benito Villamarín (Sevilla)
1652011200,May 08 2022 - 12:00pm,complete,10125,Getafe CF,Rayo Vallecano,Mario Melero López,35,1.53,0.71,1.47,0.68,0,0,0,0,0,0,"","",4,5,3,0,4,0,1,2,3,1,14,15,8,2,6,13,20,14,44,56,1.49,1.36,1.81,1.33,2.18,38,62,41,15,6,27,62,29,79,8.59,7.12,2.23,3.20,3.90,1.53,2.60,5.50,12.00,2.20,1.62,Coliseum Alfonso Pérez (Getafe)
1652019300,May 08 2022 - 2:15pm,complete,N/A,Villarreal,Sevilla FC,Jesús Gil Manzano,35,2.06,1.53,1.89,1.47,1,1,2,0,0,0,"86","90'5",4,2,3,0,0,0,2,1,0,0,16,9,6,4,10,5,14,15,53,47,1.85,1.37,1.89,1.10,2.33,44,62,33,24,18,39,62,33,65,10.06,4.42,2.15,3.54,3.72,1.38,1.95,3.75,8.00,1.91,1.91,Estadio de la Cerámica (Villarreal)
1652027400,May 08 2022 - 4:30pm,complete,N/A,RCD Espanyol,CA Osasuna,Santiago Jaime Latre,35,1.82,1.41,1.74,1.32,1,1,2,1,0,1,"67","42",6,6,1,0,3,0,1,0,0,3,15,14,4,5,11,9,6,15,51,49,1.44,1.34,1.54,1.60,2.38,41,68,38,21,15,35,65,35,71,9.65,5.53,2.55,3.35,2.90,1.38,2.12,3.75,8.00,1.91,1.91,RCDE Stadium (Cornella de Llobregat)
1652036400,May 08 2022 - 7:00pm,complete,N/A,Atlético Madrid,Real Madrid,César Soto Grado,35,2.18,2.41,2.16,2.21,1,0,1,1,1,0,"40","",4,6,2,0,4,0,1,1,3,1,16,17,3,8,13,9,17,7,41,59,1.72,2.06,1.56,1.95,2.86,56,74,62,29,21,24,59,53,79,11.47,5.53,2.43,3.50,2.95,1.32,1.88,3.40,6.50,1.75,2.00,Estadio Wanda Metropolitano (Madrid)
1652202000,May 10 2022 - 5:00pm,complete,N/A,Valencia CF,Real Betis,Carlos Del Cerro Grande,36,1.35,1.71,1.37,1.74,0,3,3,0,0,0,"","57,87,90",7,3,1,0,3,0,1,0,1,2,20,10,6,6,14,4,17,11,45,55,1.48,1.52,2.20,1.25,2.59,62,77,53,24,15,30,62,47,76,9.30,6.23,3.66,3.46,2.10,1.36,1.99,3.75,7.50,1.82,1.88,Estadio de Mestalla (Valencia)
1652205600,May 10 2022 - 6:00pm,complete,16638,Granada CF,Athletic Club Bilbao,José María Sánchez Martínez,36,1.06,1.24,1.16,1.11,1,0,1,1,1,0,"35","",2,7,4,0,1,1,1,3,0,2,14,11,4,2,10,9,20,11,41,59,1.48,1.44,1.49,1.15,2.35,59,65,39,30,21,24,68,47,65,9.59,5.41,3.94,3.64,1.95,1.33,1.95,3.60,7.00,1.87,1.83,Estadio Nuevo Los Cármenes (Granada)
1652211000,May 10 2022 - 7:30pm,complete,55899,FC Barcelona,Celta de Vigo,Miguel Ángel Ortiz Arias,36,2.06,1.24,2.00,1.11,3,1,4,2,2,0,"30,41,48","50",2,8,3,0,0,1,0,3,0,1,12,12,6,6,6,6,18,6,54,46,2.12,1.29,1.56,1.43,2.38,39,62,42,24,12,35,56,35,74,10.88,4.77,1.39,5.25,7.60,1.16,1.54,2.30,4.00,1.72,2.00,Camp Nou (Barcelona)
1652288400,May 11 2022 - 5:00pm,complete,N/A,Deportivo Alavés,RCD Espanyol,Valentín Pizarro Gómez,36,1.29,0.47,1.32,0.47,2,1,3,2,1,1,"7,59","14",12,3,3,0,2,1,1,2,2,1,28,6,11,4,17,2,11,15,46,54,1.42,1.36,2.97,0.89,2.36,53,62,47,24,9,24,53,36,79,7.70,5.36,2.05,3.30,3.50,1.40,2.00,4.20,8.50,1.93,1.78,Estadio de Mendizorroza (Vitoria-Gasteiz)
1652288400,May 11 2022 - 5:00pm,complete,N/A,CA Osasuna,Getafe CF,Alejandro Muñíz Ruiz,36,1.24,0.59,1.16,0.58,1,1,2,2,1,1,"9","20",7,2,2,0,4,1,2,0,1,4,13,8,3,2,10,6,10,17,68,32,1.59,1.15,1.44,0.81,2.09,41,65,30,21,6,32,71,21,59,7.53,5.82,2.30,3.00,3.30,1.53,2.60,5.00,11.00,2.10,1.65,Estadio El Sadar (Pamplona (Iruñea))
1652293800,May 11 2022 - 6:30pm,complete,N/A,Sevilla FC,RCD Mallorca,Alejandro José Hernández Hernández,36,2.24,0.47,2.21,0.63,0,0,0,0,0,0,"","",6,3,4,0,6,0,1,3,0,6,20,11,4,3,16,8,11,18,72,28,1.71,1.31,2.19,1.06,3.06,56,79,56,32,18,44,77,50,83,9.12,5.88,1.50,4.00,6.00,1.35,2.00,3.75,7.50,2.10,1.66,Estadio Ramón Sánchez Pizjuán (Sevilla)
1652297400,May 11 2022 - 7:30pm,complete,N/A,Elche CF,Atlético Madrid,Pablo González Fuertes,36,1.41,1.41,1.42,1.58,0,2,2,1,0,1,"","28,62",6,3,2,0,2,0,2,0,1,1,11,12,0,7,11,5,16,7,56,44,1.42,1.47,1.06,1.50,2.74,62,77,62,27,9,27,71,53,83,9.77,6.30,5.00,3.70,1.62,1.36,2.20,3.75,7.50,2.05,1.68,Estadio Manuel Martínez Valero (Elche)
1652374800,May 12 2022 - 5:00pm,complete,N/A,Real Sociedad,Cádiz,Juan Martínez Munuera,36,1.88,1.06,1.84,1.11,3,0,3,1,1,0,"19,53,90'8","",2,12,4,0,2,0,0,4,1,1,12,15,7,4,5,11,13,11,53,47,1.55,1.18,1.63,1.50,1.71,30,48,24,15,3,21,53,18,65,8.70,5.05,1.45,4.26,6.73,1.33,1.91,3.75,7.50,2.10,1.67,Reale Arena (Donostia-San Sebastián)
1652378400,May 12 2022 - 6:00pm,complete,N/A,Rayo Vallecano,Villarreal,Isidro Díaz de Mera Escuderos,36,1.71,1.00,1.53,1.21,1,5,6,5,1,4,"21","3,27,38,45'1,89",9,3,5,0,2,0,3,2,0,2,20,12,7,8,13,4,13,10,56,44,1.76,1.46,2.22,1.63,2.06,41,62,35,18,3,32,59,24,76,10.30,4.76,4.07,3.58,1.86,1.32,1.98,3.50,6.50,1.91,1.91,Estadio de Vallecas (Madrid)
1652383800,May 12 2022 - 7:30pm,complete,N/A,Real Madrid,Levante UD,Adrián Cordero Vega,36,2.35,0.59,2.32,0.68,6,0,6,4,4,0,"13,19,34,45,68,83","",6,6,2,0,1,0,1,1,0,1,30,17,18,2,12,15,8,6,54,46,2.32,1.31,3.59,1.59,3.18,53,77,59,41,24,35,74,50,85,10.47,4.88,1.20,7.30,23.00,1.15,1.45,2.02,3.75,1.57,2.25,Estadio Santiago Bernabéu (Madrid)
1652545800,May 14 2022 - 4:30pm,complete,14990,RCD Espanyol,Valencia CF,Alejandro Muñíz Ruiz,37,1.78,1.17,1.74,1.16,1,1,2,2,1,1,"45'2","37",2,3,4,0,1,0,2,2,0,1,7,18,5,5,2,13,18,15,48,52,1.44,1.30,0.93,1.79,2.53,56,67,42,28,20,39,73,34,64,9.11,6.89,2.50,3.40,2.75,1.33,1.91,3.60,7.00,1.78,2.00,RCDE Stadium (Cornella de Llobregat)
1652635800,May 15 2022 - 5:30pm,complete,N/A,Athletic Club Bilbao,CA Osasuna,Jorge Figueroa Vázquez,37,1.72,1.39,1.79,1.32,2,0,2,1,1,0,"33,79","",10,6,0,0,0,0,0,0,0,0,16,9,10,2,6,7,6,14,45,55,1.86,1.35,2.07,1.06,2.45,48,75,45,22,12,39,64,36,67,11.56,4.88,1.57,4.10,6.00,1.33,1.99,3.60,7.00,2.00,1.78,San Mamés Barria (Bilbao)
1652635800,May 15 2022 - 5:30pm,complete,58138,Atlético Madrid,Sevilla FC,José María Sánchez Martínez,37,2.22,1.50,2.16,1.47,1,1,2,1,1,0,"30","85",4,5,2,0,5,0,1,1,1,4,12,10,4,2,8,8,14,18,41,59,1.71,1.36,1.34,1.11,2.09,44,59,31,17,12,22,53,31,67,10.22,5.89,2.35,2.85,3.65,1.47,2.25,4.75,10.00,2.05,1.75,Estadio Wanda Metropolitano (Madrid)
1652635800,May 15 2022 - 5:30pm,complete,N/A,Real Betis,Granada CF,Ricardo De Burgos Bengoetxea,37,1.61,0.89,1.68,0.84,2,0,2,1,1,0,"14,88","",4,9,0,0,1,0,0,0,0,1,12,16,5,5,7,11,11,17,61,39,1.91,1.29,1.35,1.73,2.95,50,78,50,42,20,42,70,39,81,8.61,6.00,1.53,4.50,6.00,1.22,1.66,2.75,5.00,1.83,1.95,Estadio Benito Villamarín (Sevilla)
1652635800,May 15 2022 - 5:30pm,complete,10773,Celta de Vigo,Elche CF,Mario Melero López,37,1.22,0.83,1.32,0.79,1,0,1,1,1,0,"9","",7,5,2,0,2,0,0,2,0,2,18,12,8,3,10,9,11,12,49,51,1.58,0.95,1.95,1.36,2.62,50,73,50,22,11,31,67,47,81,7.11,5.33,1.67,3.80,5.25,1.40,2.05,4.20,8.50,2.05,1.75,Abanca-Balaídos (Vigo)
1652635800,May 15 2022 - 5:30pm,complete,N/A,RCD Mallorca,Rayo Vallecano,José Luis Munuera Montero,37,1.33,0.72,1.42,0.68,2,1,3,1,1,0,"13,90'2","60",5,3,1,0,0,0,1,0,0,0,14,14,6,5,8,9,13,8,45,55,1.61,1.36,1.64,1.54,2.22,42,62,36,17,12,28,64,28,73,8.89,6.38,1.55,3.95,6.50,1.44,2.23,4.33,9.50,2.20,1.66,Visit Mallorca Estadi (Palma de Mallorca)
1652635800,May 15 2022 - 5:30pm,complete,13072,Getafe CF,FC Barcelona,Jesús Gil Manzano,37,1.50,1.89,1.47,1.84,0,0,0,0,0,0,"","",5,5,1,0,2,0,0,1,1,1,10,6,4,2,6,4,9,8,29,71,1.51,1.68,1.10,0.87,2.39,47,61,47,28,12,31,56,45,70,8.84,6.78,3.65,3.10,2.20,1.32,1.89,3.44,7.00,1.85,1.92,Coliseum Alfonso Pérez (Getafe)
1652635800,May 15 2022 - 5:30pm,complete,19643,Cádiz,Real Madrid,Antonio Miguel Mateu Lahoz,37,0.94,2.28,0.95,2.21,1,1,2,2,1,1,"37","5",10,2,6,0,2,0,1,5,0,2,25,15,10,8,15,7,13,11,38,62,1.51,2.05,2.80,1.83,2.59,56,72,50,25,20,17,53,53,78,10.17,5.00,3.15,3.20,2.35,1.33,1.97,3.50,6.50,1.78,2.00,Estadio Nuevo Mirandilla (Cádiz)
1652635800,May 15 2022 - 5:30pm,complete,12438,Levante UD,Deportivo Alavés,Guillermo Cuadra Fernández,37,1.06,0.33,1.16,0.32,3,1,4,1,0,1,"53,74,90'5","36",3,4,8,0,6,1,3,5,1,6,16,7,6,3,10,4,18,10,64,36,1.51,1.17,1.70,0.92,3.00,47,81,56,36,20,34,61,56,86,8.38,5.22,3.10,3.75,2.15,1.28,1.70,3.10,6.00,1.65,2.20,Estadio Ciudad de Valencia (Valencia)
1652635800,May 15 2022 - 5:30pm,complete,16689,Villarreal,Real Sociedad,Pablo González Fuertes,37,2.00,1.33,1.89,1.42,1,2,3,1,1,0,"43","56,73",4,3,4,0,3,0,0,4,1,2,13,12,6,6,7,6,12,16,49,51,1.85,1.51,1.62,1.48,2.89,50,81,47,36,23,34,64,53,78,11.11,3.67,2.10,3.55,3.40,1.30,1.87,3.30,6.50,1.72,2.10,Estadio de la Cerámica (Villarreal)
1653073200,May 20 2022 - 7:00pm,complete,52232,Real Madrid,Real Betis,Santiago Jaime Latre,38,2.39,1.78,2.32,1.74,0,0,0,0,0,0,"","",8,5,0,0,0,0,0,0,0,0,19,13,5,3,14,10,7,12,52,48,2.39,1.51,2.11,1.33,2.87,45,72,59,33,23,39,67,47,78,10.56,4.39,1.76,4.40,4.10,1.15,1.64,2.08,3.75,1.50,2.55,Estadio Santiago Bernabéu (Madrid)
1653073200,May 20 2022 - 7:00pm,complete,8446,Rayo Vallecano,Levante UD,Mario Melero López,38,1.61,0.56,1.53,0.68,2,4,6,4,1,3,"18,61","26,44,45'1,76",7,3,0,0,3,0,0,0,0,3,22,16,9,9,13,7,8,12,56,44,1.79,1.33,2.50,1.90,2.92,53,75,50,33,17,36,73,39,86,9.50,5.33,1.96,4.00,3.60,1.19,1.81,2.30,4.50,1.53,2.45,Estadio de Vallecas (Madrid)
1653147000,May 21 2022 - 3:30pm,complete,N/A,Valencia CF,Celta de Vigo,Adrián Cordero Vega,38,1.28,1.17,1.37,1.11,2,0,2,1,1,0,"28,60","",3,3,3,0,3,0,0,3,1,2,10,10,5,4,5,6,22,19,45,55,1.52,1.30,1.32,1.17,2.31,48,70,42,20,9,28,50,45,70,9.61,6.17,2.60,2.80,3.20,1.33,2.05,3.50,7.00,1.75,2.05,Estadio de Mestalla (Valencia)
1653233400,May 22 2022 - 3:30pm,complete,17336,Elche CF,Getafe CF,Guillermo Cuadra Fernández,38,1.33,0.61,1.42,0.58,3,1,4,2,1,1,"37,84,90'2","33",8,3,2,0,2,0,0,2,1,1,21,8,10,3,11,5,11,9,59,41,1.40,1.13,2.35,0.86,2.09,48,70,34,12,3,25,72,25,56,8.23,6.73,3.30,3.00,2.35,1.48,2.45,4.50,9.50,2.00,1.80,Estadio Manuel Martínez Valero (Elche)
1653242400,May 22 2022 - 6:00pm,complete,11138,Deportivo Alavés,Cádiz,José María Sánchez Martínez,38,1.39,1.00,1.32,1.11,0,1,1,0,0,0,"","76",4,4,0,0,1,0,0,0,1,0,10,15,3,7,7,8,11,13,50,50,1.51,1.20,1.11,1.76,2.20,47,64,42,17,9,28,64,22,75,8.05,5.39,4.80,3.40,1.75,1.30,2.10,3.40,6.50,1.80,2.00,Estadio de Mendizorroza (Vitoria-Gasteiz)
1653242400,May 22 2022 - 6:00pm,complete,17951,Granada CF,RCD Espanyol,Alejandro José Hernández Hernández,38,1.17,0.44,1.16,0.47,0,0,0,0,0,0,"","",7,3,1,0,0,0,0,1,0,0,15,11,6,6,9,5,9,12,39,61,1.48,1.33,1.79,1.43,2.78,67,75,56,33,17,31,70,53,81,8.72,5.66,1.53,4.00,6.00,1.20,1.70,2.70,5.00,1.83,1.96,Estadio Nuevo Los Cármenes (Granada)
1653242400,May 22 2022 - 6:00pm,complete,18,CA Osasuna,RCD Mallorca,César Soto Grado,38,1.22,0.50,1.16,0.63,0,2,2,0,0,0,"","47,83",5,7,2,0,2,0,0,2,0,2,12,14,2,6,10,8,8,14,63,37,1.58,1.30,1.23,1.67,2.59,50,70,48,31,12,36,61,47,81,8.45,5.78,4.75,3.50,1.75,1.32,1.91,3.40,6.50,1.75,2.05,Estadio El Sadar (Pamplona (Iruñea))
1653249600,May 22 2022 - 8:00pm,complete,54850,FC Barcelona,Villarreal,José Luis Munuera Montero,38,2.11,1.11,2.00,1.21,0,2,2,1,0,1,"","41,55",12,1,3,0,1,0,1,2,1,0,15,5,4,4,11,1,12,7,70,30,2.09,1.47,1.98,0.70,2.61,50,67,50,31,14,39,64,33,84,11.44,4.66,2.45,3.50,2.65,1.13,1.61,2.25,3.50,1.40,2.90,Camp Nou (Barcelona)
1653249600,May 22 2022 - 8:00pm,complete,23586,Real Sociedad,Atlético Madrid,Jesús Gil Manzano,38,1.94,1.50,1.84,1.58,1,2,3,0,0,0,"90'3","50,69",3,2,4,0,2,0,2,2,1,1,12,7,3,6,9,1,16,11,62,38,1.55,1.47,1.27,1.16,2.17,36,56,39,20,9,20,58,39,78,9.34,5.50,2.40,3.10,3.00,1.36,2.10,3.75,7.50,1.80,1.98,Reale Arena (Donostia-San Sebastián)
1653249600,May 22 2022 - 8:00pm,complete,N/A,Sevilla FC,Athletic Club Bilbao,Carlos Del Cerro Grande,38,2.17,1.17,2.21,1.11,1,0,1,0,0,0,"68","",5,0,3,0,3,0,1,2,1,2,16,10,7,2,9,8,2,1,66,34,1.74,1.43,2.04,1.02,2.31,48,61,36,28,14,34,72,31,56,10.33,5.11,2.35,3.20,3.00,1.36,2.00,3.75,7.50,1.80,1.98,Estadio Ramón Sánchez Pizjuán (Sevilla)

