timestamp,date_GMT,status,attendance,home_team_name,away_team_name,referee,Game Week,Pre-Match PPG (Home),Pre-Match PPG (Away),home_ppg,away_ppg,home_team_goal_count,away_team_goal_count,total_goal_count,total_goals_at_half_time,home_team_goal_count_half_time,away_team_goal_count_half_time,home_team_goal_timings,away_team_goal_timings,home_team_corner_count,away_team_corner_count,home_team_yellow_cards,home_team_red_cards,away_team_yellow_cards,away_team_red_cards,home_team_first_half_cards,home_team_second_half_cards,away_team_first_half_cards,away_team_second_half_cards,home_team_shots,away_team_shots,home_team_shots_on_target,away_team_shots_on_target,home_team_shots_off_target,away_team_shots_off_target,home_team_fouls,away_team_fouls,home_team_possession,away_team_possession,Home Team Pre-Match xG,Away Team Pre-Match xG,team_a_xg,team_b_xg,average_goals_per_match_pre_match,btts_percentage_pre_match,over_15_percentage_pre_match,over_25_percentage_pre_match,over_35_percentage_pre_match,over_45_percentage_pre_match,over_15_HT_FHG_percentage_pre_match,over_05_HT_FHG_percentage_pre_match,over_15_2HG_percentage_pre_match,over_05_2HG_percentage_pre_match,average_corners_per_match_pre_match,average_cards_per_match_pre_match,odds_ft_home_team_win,odds_ft_draw,odds_ft_away_team_win,odds_ft_over15,odds_ft_over25,odds_ft_over35,odds_ft_over45,odds_btts_yes,odds_btts_no,stadium_name
1723230900,Aug 09 2024 - 7:15pm,complete,N/A,Sporting CP,Rio Ave FC,João António Ferreira Gonçalves,1,0.00,0.00,2.53,0.69,3,1,4,2,2,0,"6,26,63","90",6,1,2,0,2,0,0,2,1,1,28,5,7,2,14,3,9,14,59,41,0.00,0.00,2.25,0.71,0.00,0,0,0,0,0,0,0,0,0,0.00,0.00,1.13,6.18,10.12,1.10,1.42,2.15,3.22,2.10,1.67,Estádio José Alvalade (Lisboa)
1723300200,Aug 10 2024 - 2:30pm,complete,N/A,AVS,CD Nacional,André Filipe Domingues Narciso,1,0.00,0.00,1.00,0.63,1,1,2,1,0,1,"56","35",4,2,1,0,1,0,0,1,0,1,18,8,4,3,12,5,8,13,54,46,0.00,0.00,1.62,0.95,0.00,0,0,0,0,0,0,0,0,0,0.00,0.00,2.23,3.24,3.28,1.36,1.90,3.75,7.50,1.80,1.95,Estádio Clube Desportivo das Aves (Vila das Aves)
1723309200,Aug 10 2024 - 5:00pm,complete,N/A,Casa Pia,Boavista FC,Pedro Miguel Torres Ramalho,1,0.00,0.00,1.67,1.00,0,1,1,0,0,0,"","77",3,1,2,0,1,0,2,0,0,1,16,8,4,3,11,4,12,6,66,34,0.00,0.00,1.57,0.80,0.00,0,0,0,0,0,0,0,0,0,0.00,0.00,2.20,3.15,3.45,1.36,1.91,3.75,7.45,1.95,1.80,Estádio Pina Manique (Lisboa)
1723318200,Aug 10 2024 - 7:30pm,complete,N/A,Porto,Gil Vicente,Cláudio Filipe Ruivo Pereira,1,0.00,0.00,2.40,0.87,3,0,3,1,1,0,"30,59,70","",7,2,0,0,2,1,0,0,0,3,19,3,6,2,6,1,18,10,71,29,0.00,0.00,1.30,0.36,0.00,0,0,0,0,0,0,0,0,0,0.00,0.00,1.25,6.00,13.00,1.13,1.57,2.25,3.75,2.38,1.53,Estádio Do Dragão (Porto)
1723386600,Aug 11 2024 - 2:30pm,complete,N/A,GD Estoril Praia,Santa Clara,João Pedro Silva Pinheiro,1,0.00,0.00,1.47,1.40,1,4,5,2,1,1,"19","44,70,74,83",1,3,6,0,3,0,0,6,2,1,6,14,3,8,2,2,11,19,41,59,0.00,0.00,0.60,1.45,0.00,0,0,0,0,0,0,0,0,0,0.00,0.00,2.10,3.20,3.10,1.44,2.15,4.50,9.50,2.00,1.75,Estádio António Coimbra da Mota (Estoril)
1723395600,Aug 11 2024 - 5:00pm,complete,N/A,Famalicão,Benfica,Fábio José Costa Veríssimo,1,0.00,0.00,1.56,2.13,2,0,2,1,1,0,"12,90","",0,7,3,0,4,0,0,3,2,2,10,13,6,3,4,5,8,13,35,65,0.00,0.00,1.27,1.22,0.00,0,0,0,0,0,0,0,0,0,0.00,0.00,6.75,4.00,1.40,1.18,1.58,2.25,4.33,1.75,2.00,Estádio Municipal 22 de Junho (Vila Nova de Famalicão)
1723395600,Aug 11 2024 - 5:00pm,complete,N/A,Farense,Moreirense FC,Miguel Bertolo Nogueira,1,0.00,0.00,0.53,0.73,1,2,3,1,0,1,"66","7,79",5,4,0,0,3,1,0,0,1,3,15,14,6,7,5,4,13,10,53,47,0.00,0.00,1.56,1.48,0.00,0,0,0,0,0,0,0,0,0,0.00,0.00,2.60,2.90,2.60,1.36,2.15,3.75,7.50,1.91,1.91,Estádio de São Lúis (Faro)
1723404600,Aug 11 2024 - 7:30pm,complete,N/A,Sporting Braga,Estrela Amadora,Ricardo Baixinho,1,0.00,0.00,2.00,0.67,1,1,2,0,0,0,"53","80",13,4,3,0,5,0,0,3,1,4,14,7,6,5,6,2,14,9,65,35,0.00,0.00,1.72,0.93,0.00,0,0,0,0,0,0,0,0,0,0.00,0.00,1.38,4.75,7.50,1.16,1.53,2.30,4.20,1.80,1.95,Estádio Municipal de Braga (Braga)
1723490100,Aug 12 2024 - 7:15pm,complete,3394,FC Arouca,Vitória Guimarães,Gustavo Fernandes Correia,1,0.00,0.00,1.13,1.27,0,1,1,1,0,1,"","14",6,5,6,1,2,0,2,5,0,2,9,12,0,5,5,4,13,11,64,36,0.00,0.00,0.70,1.15,0.00,0,0,0,0,0,0,0,0,0,0.00,0.00,2.80,3.30,2.45,1.25,1.85,3.04,5.70,1.70,2.05,Estádio Municipal de Arouca (Arouca)
1723824000,Aug 16 2024 - 4:00pm,complete,N/A,Santa Clara,Porto,Fábio José Costa Veríssimo,2,0.00,0.00,1.81,1.63,0,2,2,2,0,2,"","16,25",2,2,3,1,3,0,0,4,2,1,8,11,3,7,2,3,19,12,38,62,0.00,0.00,0.55,1.23,0.00,0,0,0,0,0,0,0,0,0,0.00,0.00,8.70,5.40,1.30,1.22,1.55,2.67,4.80,1.95,1.80,Estádio de São Miguel (Ponta Delgada- Ilha de São Miguel- Açores)
1723835700,Aug 16 2024 - 7:15pm,complete,N/A,Gil Vicente,AVS,N/A,2,0.00,0.00,1.19,0.56,4,2,6,4,2,2,"37,41,90'4,90'6","32,45'3",2,3,1,0,4,1,0,1,1,4,18,11,7,6,8,2,6,13,62,38,0.00,0.00,1.77,1.21,0.00,0,0,0,0,0,0,0,0,0,0.00,0.00,2.23,3.30,2.90,1.33,1.86,3.52,6.95,1.75,2.00,Estádio Cidade de Barcelos (Barcelos)
1723905000,Aug 17 2024 - 2:30pm,complete,N/A,Rio Ave FC,Farense,Carlos André Fernandes Macedo,2,0.00,0.00,1.47,0.81,1,0,1,1,1,0,"32","",7,14,0,0,1,0,0,0,1,0,10,19,4,5,5,7,8,16,51,49,0.00,0.00,1.11,1.40,0.00,0,0,0,0,0,0,0,0,0,0.00,0.00,1.91,3.50,4.00,1.27,1.91,3.20,5.75,1.75,1.95,Estádio do Rio Ave Futebol Clube (Vila do Conde)
1723914000,Aug 17 2024 - 5:00pm,complete,N/A,CD Nacional,Sporting CP,Luis Miguel Branco Godinho,2,0.00,0.00,1.53,2.31,1,6,7,3,1,2,"36","16,41,51,57,66,76",4,3,1,0,1,0,1,0,0,1,12,22,6,11,5,5,9,10,35,65,0.00,0.00,1.18,1.94,0.00,0,0,0,0,0,0,0,0,0,0.00,0.00,10.00,6.00,1.28,1.14,1.53,2.15,3.96,2.00,1.75,Estádio da Madeira (Funchal (Ilha da Madeira))
1723923000,Aug 17 2024 - 7:30pm,complete,58926,Benfica,Casa Pia,Iancu Ioan Vasilica,2,0.00,0.00,2.69,1.07,3,0,3,0,0,0,"70,80,90","",12,2,0,0,1,0,0,0,0,1,29,7,9,2,13,3,6,14,63,37,0.00,0.00,2.62,0.62,0.00,0,0,0,0,0,0,0,0,0,0.00,0.00,1.17,6.75,13.00,1.11,1.40,2.07,3.50,2.00,1.77,Estádio do Sport Lisboa e Benfica (da Luz) (Lisboa)
1723991400,Aug 18 2024 - 2:30pm,complete,N/A,Moreirense FC,FC Arouca,Anzhony Francisco Gonçalves Rodrigues,2,0.00,0.00,1.56,1.00,3,1,4,3,2,1,"9,45'2,65","3",6,5,1,0,2,0,0,1,0,2,16,14,7,5,4,6,13,12,43,57,0.00,0.00,1.30,1.12,0.00,0,0,0,0,0,0,0,0,0,0.00,0.00,2.15,3.11,3.20,1.35,2.05,3.70,7.35,1.80,1.95,Parque Desportivo Comendador Joaquim de Almeida Freitas (Moreira de Cónegos)
1724000400,Aug 18 2024 - 5:00pm,complete,N/A,Vitória Guimarães,GD Estoril Praia,André Filipe Domingues Narciso,2,0.00,0.00,2.00,1.13,1,0,1,1,1,0,"32","",9,3,2,0,1,0,2,0,0,1,19,6,7,3,5,2,14,18,60,40,0.00,0.00,1.59,0.75,0.00,0,0,0,0,0,0,0,0,0,0.00,0.00,1.63,3.60,4.78,1.25,1.90,3.04,5.70,1.90,1.84,Estádio Dom Afonso Henriques (Guimarães)
1724009400,Aug 18 2024 - 7:30pm,complete,N/A,Boavista FC,Sporting Braga,António Emanuel Carvalho Nobre,2,0.00,0.00,0.38,2.13,0,1,1,1,0,1,"","40",3,8,3,0,1,0,0,3,0,1,8,14,2,4,3,6,8,9,31,69,0.00,0.00,0.64,1.52,0.00,0,0,0,0,0,0,0,0,0,0.00,0.00,5.00,4.20,1.57,1.20,1.67,2.90,5.50,1.78,2.00,Estádio do Bessa Século XXI (Porto)
1724094900,Aug 19 2024 - 7:15pm,complete,N/A,Estrela Amadora,Famalicão,Bruno Vieira,2,0.00,0.00,1.19,1.27,0,3,3,1,0,1,"","36,83,90'3",2,4,3,0,1,0,1,2,0,1,12,15,2,6,8,5,10,16,51,49,0.00,0.00,1.00,1.42,0.00,0,0,0,0,0,0,0,0,0,0.00,0.00,2.26,3.01,2.82,1.39,2.09,3.98,8.00,1.90,1.88,Estádio José Gomes (Amadora)
1724440500,Aug 23 2024 - 7:15pm,complete,N/A,Farense,Sporting CP,Tiago Bruno Lopes Martins,3,0.00,3.00,0.53,2.31,0,5,5,2,0,2,"","27,41,66,69,81",1,5,4,0,1,0,1,3,1,0,7,30,2,10,2,9,18,6,32,68,1.56,1.94,0.44,2.04,5.00,100,100,100,50,50,50,100,100,100,8.00,1.00,14.00,7.50,1.20,1.09,1.40,1.98,3.10,2.01,1.75,Estádio Do Algarve (Almancil)
1724509800,Aug 24 2024 - 2:30pm,complete,N/A,Casa Pia,Santa Clara,Ricardo Baixinho,3,0.00,3.00,1.67,1.40,0,2,2,0,0,0,"","57,90'5",7,1,3,1,4,0,0,4,1,3,11,9,3,5,5,2,12,21,58,42,1.57,1.45,0.97,1.04,3.00,50,50,50,50,50,50,50,50,100,6.00,5.00,2.68,3.20,2.54,1.30,1.95,3.50,6.50,1.80,1.95,Estádio Municipal de Rio Maior (Rio Maior)
1724518800,Aug 24 2024 - 5:00pm,complete,N/A,Porto,Rio Ave FC,Iancu Ioan Vasilica,3,3.00,0.00,2.40,0.69,2,0,2,2,2,0,"1,30","",9,3,0,0,1,1,0,0,2,0,24,0,13,0,9,0,14,15,72,28,1.30,0.71,2.96,0.13,3.50,50,100,100,50,0,50,100,100,100,8.00,2.00,1.23,5.60,11.00,1.20,1.72,2.90,5.00,2.38,1.53,Estádio Do Dragão (Porto)
1724527800,Aug 24 2024 - 7:30pm,complete,N/A,Famalicão,Boavista FC,David Rafael Oliveira Silva,3,3.00,3.00,1.56,1.00,1,0,1,1,1,0,"6","",7,3,1,0,3,0,0,1,3,0,11,7,3,3,3,2,19,16,59,41,1.27,0.80,0.82,0.79,1.50,0,50,0,0,0,0,50,0,100,1.00,4.00,1.68,3.75,4.93,1.27,1.82,3.50,6.50,2.00,1.75,Estádio Municipal 22 de Junho (Vila Nova de Famalicão)
1724527800,Aug 24 2024 - 7:30pm,complete,59490,Benfica,Estrela Amadora,Hélder Miguel Azevedo Malheiro,3,3.00,1.00,2.69,0.67,1,0,1,1,1,0,"19","",12,2,4,0,3,0,2,2,1,2,18,7,10,0,2,5,19,12,58,42,2.62,0.93,2.19,0.42,2.50,50,100,50,0,0,0,0,100,100,16.00,5.00,1.14,7.00,20.00,1.12,1.55,2.20,3.60,2.20,1.62,Estádio do Sport Lisboa e Benfica (da Luz) (Lisboa)
1724596200,Aug 25 2024 - 2:30pm,complete,N/A,FC Arouca,CD Nacional,Sérgio José dos Santos Guelho,3,0.00,1.00,1.13,0.63,1,0,1,1,1,0,"27","",9,3,2,0,6,0,0,2,1,5,11,15,5,2,4,10,17,11,47,53,0.70,0.95,1.17,1.18,1.50,50,50,0,0,0,0,100,0,50,8.00,8.00,1.87,3.60,3.80,1.25,1.80,3.10,6.00,1.75,2.00,Estádio Municipal de Arouca (Arouca)
1724605200,Aug 25 2024 - 5:00pm,complete,N/A,GD Estoril Praia,Gil Vicente,Anzhony Francisco Gonçalves Rodrigues,3,0.00,0.00,1.47,0.87,0,0,0,0,0,0,"","",8,1,4,0,1,0,0,4,0,1,12,13,2,5,7,6,20,7,48,52,0.60,0.36,1.02,1.24,4.00,50,100,100,50,50,50,100,100,100,3.00,9.00,2.50,3.25,2.70,1.36,1.95,3.70,7.50,1.77,1.95,Estádio António Coimbra da Mota (Estoril)
1724614200,Aug 25 2024 - 7:30pm,complete,N/A,AVS,Vitória Guimarães,João Pedro Silva Pinheiro,3,1.00,3.00,1.00,1.27,1,0,1,0,0,0,"74","",3,6,3,0,3,0,1,2,0,3,13,17,3,7,7,7,16,14,35,65,1.62,1.15,1.02,1.86,1.50,50,50,0,0,0,0,100,0,50,9.00,3.00,3.70,3.35,2.01,1.30,1.73,3.28,6.35,1.79,1.98,Estádio Clube Desportivo das Aves (Vila das Aves)
1724614200,Aug 25 2024 - 7:30pm,complete,N/A,Sporting Braga,Moreirense FC,Nuno Miguel Serrano Almeida,3,1.00,3.00,2.00,0.73,3,1,4,1,1,0,"43,56,76","53",6,1,0,0,2,0,0,0,1,1,20,14,6,6,8,4,13,7,67,33,1.72,1.48,1.83,1.27,2.50,100,100,50,0,0,0,50,100,100,17.00,7.00,1.47,4.48,6.65,1.24,1.76,2.98,5.50,1.91,1.83,Estádio Municipal de Braga (Braga)
1725045300,Aug 30 2024 - 7:15pm,complete,N/A,Moreirense FC,Benfica,André Filipe Domingues Narciso,4,3.00,0.00,1.56,2.13,1,1,2,0,0,0,"84","90'7",0,8,4,0,5,0,1,3,2,3,7,16,5,5,1,7,18,9,34,66,1.30,1.22,0.86,1.80,3.00,50,100,50,50,0,50,100,0,100,13.00,5.00,7.25,4.40,1.45,1.22,1.79,3.20,6.50,2.00,1.75,Parque Desportivo Comendador Joaquim de Almeida Freitas (Moreira de Cónegos)
1725114600,Aug 31 2024 - 2:30pm,complete,N/A,Santa Clara,AVS,Miguel Bertolo Nogueira,4,0.00,0.00,1.81,0.56,2,1,3,2,1,1,"24,57","34",3,2,1,0,2,0,0,1,0,2,17,10,6,3,7,6,13,8,52,48,0.55,1.21,1.63,1.09,4.00,50,100,50,50,50,100,100,50,50,5.00,10.00,1.87,3.40,3.90,1.34,2.02,3.62,7.20,1.91,1.91,Estádio de São Miguel (Ponta Delgada- Ilha de São Miguel- Açores)
1725123600,Aug 31 2024 - 5:00pm,complete,N/A,Estrela Amadora,Casa Pia,N/A,4,0.00,0.00,1.19,1.07,0,1,1,0,0,0,"","61",2,7,1,0,1,0,0,1,0,1,15,13,4,6,5,5,8,23,66,34,1.00,0.62,1.20,1.43,3.00,0,100,100,0,0,0,50,100,100,4.00,4.00,2.15,3.20,3.30,1.38,2.28,4.05,7.90,1.96,1.79,Estádio José Gomes (Amadora)
1725123600,Aug 31 2024 - 5:00pm,complete,N/A,Boavista FC,GD Estoril Praia,Gustavo Fernandes Correia,4,0.00,0.00,0.38,1.13,0,0,0,0,0,0,"","",8,3,2,0,5,0,0,2,0,5,20,9,6,2,13,6,12,19,48,52,0.64,0.75,1.92,0.85,1.00,0,0,0,0,0,0,100,0,0,6.00,4.00,2.30,3.10,3.00,1.40,2.12,4.00,8.00,1.90,1.90,Estádio do Bessa Século XXI (Porto)
1725132600,Aug 31 2024 - 7:30pm,complete,N/A,Sporting CP,Porto,Luis Miguel Branco Godinho,4,3.00,3.00,2.53,1.63,2,0,2,0,0,0,"72,90'3","",2,3,1,0,5,0,1,0,1,4,18,10,6,4,8,3,13,18,54,46,2.25,1.23,1.58,0.86,3.00,50,100,50,50,0,100,100,50,50,8.00,5.00,1.87,3.60,3.75,1.23,1.67,2.80,5.15,1.67,2.10,Estádio José Alvalade (Lisboa)
1725201000,Sep 01 2024 - 2:30pm,complete,2038,CD Nacional,Farense,Cláudio Filipe Ruivo Pereira,4,0.00,0.00,1.53,0.81,2,0,2,1,1,0,"43,90'2","",4,4,3,0,3,0,0,3,0,3,18,14,5,0,7,7,19,16,51,49,1.18,1.40,1.36,0.74,4.00,50,50,50,50,50,50,100,50,50,18.00,2.00,2.30,3.40,2.90,1.29,1.85,3.20,6.15,1.72,2.10,Estádio da Madeira (Funchal (Ilha da Madeira))
1725210000,Sep 01 2024 - 5:00pm,complete,N/A,Rio Ave FC,FC Arouca,N/A,4,3.00,0.00,1.47,1.00,1,0,1,1,1,0,"43","",8,8,1,0,3,0,0,1,2,1,15,15,6,4,6,8,16,19,46,54,1.11,1.12,1.34,1.27,2.50,50,50,50,50,0,50,100,0,50,12.00,2.00,2.30,3.40,2.90,1.34,1.95,3.62,7.20,1.82,1.95,Estádio do Rio Ave Futebol Clube (Vila do Conde)
1725219000,Sep 01 2024 - 7:30pm,complete,N/A,Vitória Guimarães,Famalicão,João António Ferreira Gonçalves,4,3.00,3.00,2.00,1.27,2,1,3,2,1,1,"8,90'1","17",5,7,5,0,3,0,2,3,1,2,11,9,6,5,2,3,18,12,49,51,1.59,1.42,1.20,1.17,2.00,0,50,50,0,0,0,100,50,50,13.00,3.00,1.91,3.40,3.90,1.38,2.10,3.85,8.00,1.90,1.80,Estádio Dom Afonso Henriques (Guimarães)
1725219000,Sep 01 2024 - 7:30pm,complete,N/A,Gil Vicente,Sporting Braga,Fábio José Costa Veríssimo,4,3.00,3.00,1.19,2.13,0,0,0,0,0,0,"","",4,5,4,0,1,0,1,3,1,0,12,10,6,3,3,5,9,18,48,52,1.77,1.52,1.24,1.18,3.50,50,50,50,50,50,50,100,50,50,10.00,2.00,4.20,3.80,1.75,1.25,1.70,2.90,5.50,1.70,2.05,Estádio Cidade de Barcelos (Barcelos)
1726254900,Sep 13 2024 - 7:15pm,complete,N/A,FC Arouca,Sporting CP,João Pedro Silva Pinheiro,5,1.50,3.00,1.13,2.31,0,3,3,1,0,1,"","24,73,80",2,8,3,0,0,0,0,3,0,0,7,26,3,8,2,7,14,11,38,62,0.93,1.99,0.64,2.13,3.50,25,50,50,50,50,50,100,50,50,11.50,5.50,12.00,6.25,1.25,1.11,1.40,2.08,3.34,1.95,1.80,Estádio Municipal de Arouca (Arouca)
1726324200,Sep 14 2024 - 2:30pm,complete,1288,Casa Pia,Moreirense FC,David Rafael Oliveira Silva,5,0.00,1.50,1.67,0.73,3,1,4,1,0,1,"58,70,81","35",4,5,5,0,2,0,0,5,0,2,18,14,5,3,5,7,23,10,46,54,1.27,1.37,1.26,1.04,2.50,50,75,50,25,0,0,50,75,100,7.50,6.00,2.70,2.90,2.75,1.50,2.40,4.75,9.50,2.00,1.75,Estádio Municipal de Rio Maior (Rio Maior)
1726333200,Sep 14 2024 - 5:00pm,complete,N/A,AVS,Rio Ave FC,António Emanuel Carvalho Nobre,5,2.00,0.00,1.00,0.69,1,0,1,0,0,0,"72","",4,11,4,0,2,0,1,3,1,1,12,18,4,4,5,6,15,12,38,62,1.32,0.42,1.16,1.27,2.25,50,75,25,25,0,50,75,25,75,5.50,4.00,2.60,3.20,2.70,1.33,2.10,3.66,7.10,1.80,1.95,Estádio Clube Desportivo das Aves (Vila das Aves)
1726342200,Sep 14 2024 - 7:30pm,complete,N/A,Famalicão,Gil Vicente,Hélder Miguel Azevedo Malheiro,5,3.00,0.50,1.56,0.87,1,1,2,1,1,0,"14","49",8,1,1,0,0,0,0,1,0,0,15,9,5,3,5,5,11,16,57,43,1.05,0.80,1.32,1.03,1.50,0,50,25,0,0,0,75,25,50,5.00,4.00,1.85,3.30,4.20,1.38,2.10,4.00,8.00,1.95,1.80,Estádio Municipal 22 de Junho (Vila Nova de Famalicão)
1726342200,Sep 14 2024 - 7:30pm,complete,60145,Benfica,Santa Clara,Cláudio Filipe Ruivo Pereira,5,3.00,3.00,2.69,1.40,4,1,5,3,2,1,"27,34,47,58","1",5,1,1,0,3,0,0,1,1,2,16,8,9,3,5,3,14,7,60,40,2.40,1.25,1.96,0.76,2.75,25,75,50,25,25,25,50,75,75,14.00,5.50,1.22,5.75,11.00,1.18,1.57,2.09,4.33,2.10,1.67,Estádio do Sport Lisboa e Benfica (da Luz) (Lisboa)
1726410600,Sep 15 2024 - 2:30pm,complete,N/A,Porto,Farense,Nuno Miguel Serrano Almeida,5,3.00,0.00,2.40,0.81,2,1,3,0,0,0,"48,75","51",12,0,2,0,3,0,0,2,1,2,27,14,13,7,10,6,7,19,72,28,2.13,1.07,2.89,1.47,2.00,0,75,25,0,0,25,100,25,50,17.00,2.00,1.12,8.50,15.50,1.12,1.37,2.00,3.60,2.38,1.53,Estádio Do Dragão (Porto)
1726419600,Sep 15 2024 - 5:00pm,complete,N/A,GD Estoril Praia,CD Nacional,Bruno Vieira,5,0.50,0.50,1.47,0.63,1,0,1,1,1,0,"19","",3,4,2,0,1,1,1,1,0,2,12,17,4,4,6,11,22,12,52,48,0.81,1.07,1.32,1.51,2.00,50,50,25,25,25,25,75,25,50,7.00,8.50,2.30,3.25,3.01,1.36,2.04,3.75,7.50,1.80,1.95,Estádio António Coimbra da Mota (Estoril)
1726428600,Sep 15 2024 - 7:30pm,complete,N/A,Sporting Braga,Vitória Guimarães,Luis Miguel Branco Godinho,5,2.00,1.50,2.00,1.27,0,2,2,0,0,0,"","52,59",6,4,3,1,3,0,1,3,1,2,7,12,3,5,3,6,20,17,52,48,1.78,1.51,1.04,1.22,2.00,50,50,25,25,0,0,50,50,75,15.00,4.00,1.91,3.50,3.76,1.36,1.91,3.75,7.50,1.95,1.80,Estádio Municipal de Braga (Braga)
1726514100,Sep 16 2024 - 7:15pm,complete,N/A,Estrela Amadora,Boavista FC,Tiago Bruno Lopes Martins,5,0.00,1.50,1.19,1.00,2,2,4,3,1,2,"34,68","23,45'5",9,2,3,0,4,0,3,0,1,3,22,15,4,5,13,6,8,17,67,33,1.10,0.80,1.79,1.29,1.50,0,25,25,0,0,0,50,25,75,4.00,4.00,1.94,3.20,4.00,1.47,2.25,4.75,9.50,2.10,1.67,Estádio José Gomes (Amadora)
1726859700,Sep 20 2024 - 7:15pm,complete,N/A,CD Nacional,Sporting Braga,Hélder Miguel Azevedo Malheiro,6,1.50,2.00,1.53,2.13,0,3,3,0,0,0,"","77,83,85",6,6,3,0,3,0,1,2,2,1,15,18,3,7,7,7,12,17,45,55,1.27,1.35,1.13,1.83,2.50,25,50,25,25,25,25,75,25,50,10.50,3.00,4.10,3.25,1.89,1.25,1.85,3.30,6.50,1.75,2.00,Estádio da Madeira (Funchal (Ilha da Madeira))
1726929000,Sep 21 2024 - 2:30pm,complete,N/A,Rio Ave FC,GD Estoril Praia,N/A,6,3.00,0.50,1.47,1.13,2,2,4,1,1,0,"9,59","64,68",7,4,2,0,2,0,0,2,1,1,20,9,8,5,6,3,15,9,57,43,1.23,0.80,1.77,1.06,0.75,0,0,0,0,0,0,75,0,0,10.50,3.50,1.95,3.20,4.00,1.42,2.15,4.33,8.50,1.95,1.75,Estádio do Rio Ave Futebol Clube (Vila do Conde)
1726929000,Sep 21 2024 - 2:30pm,complete,N/A,Santa Clara,Estrela Amadora,João António Ferreira Gonçalves,6,1.50,0.50,1.81,0.67,1,0,1,0,0,0,"81","",3,8,2,0,3,0,1,1,1,2,9,13,5,6,4,5,17,19,44,56,1.09,0.68,1.15,1.38,2.00,50,75,25,0,0,50,75,25,50,5.50,7.00,1.80,3.30,4.60,1.33,2.25,3.80,8.00,2.00,1.75,Estádio de São Miguel (Ponta Delgada- Ilha de São Miguel- Açores)
1726938000,Sep 21 2024 - 5:00pm,complete,N/A,Vitória Guimarães,Porto,Fábio José Costa Veríssimo,6,3.00,1.50,2.00,1.63,0,3,3,0,0,0,"","47,58,88",5,6,4,0,4,0,3,1,2,2,8,13,2,6,3,4,7,18,47,53,1.40,1.05,0.79,1.36,2.00,25,75,25,0,0,50,75,25,50,9.50,7.50,3.30,3.20,2.15,1.36,2.10,3.60,7.00,1.95,1.80,Estádio Dom Afonso Henriques (Guimarães)
1726947000,Sep 21 2024 - 7:30pm,complete,N/A,Moreirense FC,Famalicão,António Emanuel Carvalho Nobre,6,2.00,1.50,1.56,1.27,0,0,0,0,0,0,"","",4,3,5,0,3,0,2,3,2,1,9,7,4,2,4,2,24,15,42,58,1.08,1.30,1.07,0.66,3.00,75,100,75,25,0,50,75,50,100,8.50,4.50,2.40,3.00,3.00,1.36,2.30,4.50,9.00,1.90,1.87,Parque Desportivo Comendador Joaquim de Almeida Freitas (Moreira de Cónegos)
1727015400,Sep 22 2024 - 2:30pm,complete,N/A,Gil Vicente,Casa Pia,Gustavo Fernandes Correia,6,2.00,1.50,1.19,1.07,1,1,2,1,1,0,"43","85",9,2,2,0,5,0,0,2,2,3,15,11,4,6,6,3,7,24,57,43,1.51,1.03,1.34,1.17,2.50,25,50,50,25,25,25,25,50,75,7.50,3.50,2.15,3.00,3.50,1.45,2.32,4.50,9.00,2.00,1.73,Estádio Cidade de Barcelos (Barcelos)
1727024400,Sep 22 2024 - 5:00pm,complete,N/A,Farense,FC Arouca,Luis Miguel Branco Godinho,6,0.00,0.00,0.53,1.00,0,1,1,1,0,1,"","45'1",10,6,1,0,4,0,1,0,0,4,21,13,4,4,11,3,22,15,47,53,1.00,1.20,1.61,1.07,3.25,50,75,75,50,25,50,100,50,75,9.50,4.50,2.60,3.30,2.55,1.28,1.89,3.10,6.00,1.65,2.10,Estádio de São Lúis (Faro)
1727033400,Sep 22 2024 - 7:30pm,complete,43030,Sporting CP,AVS,Ricardo Baixinho,6,3.00,0.00,2.53,0.56,3,0,3,2,2,0,"15,45'4,70","",9,1,0,0,3,0,0,0,1,2,25,6,10,2,9,3,11,12,64,36,1.92,1.15,2.46,0.61,3.75,75,100,75,50,25,75,75,75,100,6.50,5.00,1.03,12.00,34.00,1.05,1.33,1.82,2.66,2.48,1.50,Estádio José Alvalade (Lisboa)
1727118900,Sep 23 2024 - 7:15pm,complete,N/A,Boavista FC,Benfica,João Pedro Silva Pinheiro,6,0.50,0.50,0.38,2.13,0,3,3,2,0,2,"","11,31,90'1",4,5,2,0,0,0,0,2,0,0,7,16,4,9,2,3,10,10,33,67,1.28,1.51,0.90,1.83,1.25,25,50,0,0,0,0,50,25,50,13.00,7.00,11.00,5.60,1.23,1.22,1.95,2.88,4.75,2.25,1.57,Estádio do Bessa Século XXI (Porto)
1727464500,Sep 27 2024 - 7:15pm,complete,N/A,GD Estoril Praia,Sporting CP,João António Ferreira Gonçalves,7,1.33,3.00,1.47,2.31,0,3,3,2,0,2,"","24,31,90'1",1,14,2,0,0,0,0,2,0,0,6,24,2,5,4,8,13,8,30,70,0.98,2.04,0.63,1.74,3.50,33,67,67,50,50,50,84,67,67,9.33,4.67,13.50,7.20,1.19,1.11,1.42,2.10,3.80,2.05,1.70,Estádio António Coimbra da Mota (Estoril)
1727533800,Sep 28 2024 - 2:30pm,complete,N/A,Estrela Amadora,Moreirense FC,N/A,7,0.33,1.00,1.19,0.73,2,1,3,2,2,0,"2,20","82",2,7,3,0,3,0,0,3,0,3,6,15,4,3,1,9,27,20,37,63,1.33,1.26,0.80,1.24,3.17,67,84,84,50,0,17,84,67,100,7.66,5.00,2.60,3.25,2.45,1.45,2.12,4.50,9.00,2.00,1.80,Estádio José Gomes (Amadora)
1727542800,Sep 28 2024 - 5:00pm,complete,2631,Casa Pia,Vitória Guimarães,Carlos André Fernandes Macedo,7,1.00,2.00,1.67,1.27,1,1,2,1,1,0,"39","49",7,9,2,0,0,0,1,1,0,0,14,19,3,5,7,7,13,9,37,63,1.27,1.41,1.02,1.56,1.83,17,50,17,17,0,0,33,50,84,9.67,6.34,4.10,3.35,1.79,1.42,2.35,4.33,8.50,2.00,1.73,Estádio Municipal de Rio Maior (Rio Maior)
1727551800,Sep 28 2024 - 7:30pm,complete,58965,Benfica,Gil Vicente,Miguel Bertolo Nogueira,7,3.00,0.67,2.69,0.87,5,1,6,3,2,1,"17,25,78,90,90'4","8",11,2,1,0,2,0,1,0,2,0,19,10,7,3,8,5,10,6,50,50,2.26,0.88,1.88,0.89,2.34,33,67,50,17,17,17,67,50,67,11.00,3.00,1.14,6.75,14.00,1.14,1.42,2.12,3.55,2.05,1.70,Estádio do Sport Lisboa e Benfica (da Luz) (Lisboa)
1727620200,Sep 29 2024 - 2:30pm,complete,N/A,Famalicão,CD Nacional,N/A,7,2.33,0.33,1.56,0.63,0,0,0,0,0,0,"","",8,4,1,0,4,0,1,0,1,3,17,12,6,5,3,5,12,22,68,32,1.14,1.21,1.52,1.21,1.50,33,50,0,0,0,0,100,0,50,8.00,5.00,1.60,3.70,5.30,1.27,1.94,3.14,5.80,1.95,1.80,Estádio Municipal 22 de Junho (Vila Nova de Famalicão)
1727629200,Sep 29 2024 - 5:00pm,complete,N/A,Porto,FC Arouca,André Filipe Domingues Narciso,7,3.00,1.00,2.40,1.00,4,0,4,0,0,0,"47,51,57,85","",8,2,2,0,2,1,1,1,3,0,27,5,8,0,11,4,17,7,57,43,2.38,1.16,2.30,0.40,2.34,33,67,50,17,0,33,84,34,50,15.66,3.67,1.11,7.50,16.00,1.16,1.50,2.15,3.88,2.20,1.62,Estádio Do Dragão (Porto)
1727638200,Sep 29 2024 - 7:30pm,complete,N/A,Santa Clara,Boavista FC,Bruno Vieira,7,2.00,1.33,1.81,1.00,1,0,1,1,1,0,"36","",3,0,4,0,3,0,3,1,1,2,18,6,5,3,8,2,11,9,57,43,1.11,0.96,1.49,0.65,2.00,33,50,33,17,0,50,67,0,67,4.67,5.34,1.61,3.67,5.80,1.33,2.12,3.60,7.50,2.20,1.62,Estádio de São Miguel (Ponta Delgada- Ilha de São Miguel- Açores)
1727638200,Sep 29 2024 - 7:30pm,complete,N/A,Sporting Braga,Rio Ave FC,Cláudio Filipe Ruivo Pereira,7,1.33,0.00,2.00,0.69,4,0,4,2,2,0,"31,38,66,90'3","",4,5,0,0,2,0,0,0,1,1,19,16,10,5,8,6,13,10,53,47,1.53,0.70,2.14,1.32,2.50,50,84,33,33,0,34,50,67,84,13.33,4.67,1.43,4.56,6.69,1.20,1.69,2.75,4.60,1.95,1.80,Estádio Municipal de Braga (Braga)
1727723700,Sep 30 2024 - 7:15pm,complete,N/A,AVS,Farense,Fábio José Costa Veríssimo,7,2.33,0.00,1.00,0.81,0,0,0,0,0,0,"","",6,3,4,0,2,0,2,2,1,1,14,12,3,4,9,6,15,11,61,39,1.27,1.20,1.41,1.06,1.67,33,50,17,0,0,0,50,17,84,9.67,5.00,1.95,3.70,3.70,1.25,1.83,3.30,7.00,1.75,2.00,Estádio Clube Desportivo das Aves (Vila das Aves)
1728069300,Oct 04 2024 - 7:15pm,complete,N/A,Rio Ave FC,Famalicão,João António Ferreira Gonçalves,8,2.33,1.33,1.47,1.27,1,1,2,0,0,0,"75","52",11,7,4,0,3,0,2,2,1,2,18,9,8,4,5,2,18,13,46,54,1.41,1.08,1.65,1.02,2.00,33,50,50,17,0,17,84,33,50,12.00,3.33,2.60,3.30,2.60,1.36,1.90,4.50,9.00,1.95,1.80,Estádio do Rio Ave Futebol Clube (Vila do Conde)
1728138600,Oct 05 2024 - 2:30pm,complete,N/A,Gil Vicente,Estrela Amadora,Iancu Ioan Vasilica,8,1.67,0.33,1.19,0.67,3,0,3,2,2,0,"9,33,82","",0,8,2,0,1,0,0,2,0,1,4,6,2,2,2,4,14,15,44,56,1.45,0.91,0.51,0.90,2.00,50,50,17,17,17,17,50,33,67,9.67,6.00,1.92,3.48,4.13,1.30,1.85,3.34,6.30,1.95,1.80,Estádio Cidade de Barcelos (Barcelos)
1728138600,Oct 05 2024 - 2:30pm,complete,N/A,Moreirense FC,Santa Clara,Nuno Miguel Serrano Almeida,N/A,1.67,2.00,1.56,1.40,1,0,1,0,0,0,"79","",1,7,0,0,3,0,0,0,2,1,8,9,3,6,5,3,10,13,45,55,1.08,1.08,0.87,1.37,3.00,67,84,50,50,34,50,50,67,84,5.00,6.66,2.03,3.60,3.60,1.26,1.81,4.05,7.70,2.00,1.75,N/A
1728147600,Oct 05 2024 - 5:00pm,complete,N/A,FC Arouca,AVS,David Rafael Oliveira Silva,8,1.00,0.00,1.13,0.56,1,1,2,1,1,0,"30","77",5,7,3,0,2,0,1,2,1,1,9,10,2,4,7,6,6,9,47,53,0.83,0.97,1.05,1.18,2.84,34,67,67,17,17,50,100,33,67,7.67,7.33,2.22,3.77,2.99,1.25,1.90,3.30,7.00,1.80,1.95,Estádio Municipal de Arouca (Arouca)
1728156600,Oct 05 2024 - 7:30pm,complete,N/A,Sporting CP,Casa Pia,Miguel Bertolo Nogueira,8,3.00,1.33,2.53,1.07,2,0,2,1,1,0,"39,80","",5,3,1,0,2,0,0,1,1,1,14,6,5,4,9,2,9,10,80,20,2.10,1.07,1.94,0.79,2.50,33,84,50,17,0,34,50,50,100,9.34,3.33,1.14,9.65,13.75,1.07,1.40,2.01,2.99,2.25,1.57,Estádio José Alvalade (Lisboa)
1728225000,Oct 06 2024 - 2:30pm,complete,N/A,Farense,GD Estoril Praia,António Emanuel Carvalho Nobre,8,0.00,0.67,0.53,1.13,1,0,1,0,0,0,"90'5","",5,4,4,0,3,0,2,2,1,2,10,7,2,3,8,4,16,11,50,50,1.20,0.89,1.05,0.79,2.34,33,50,50,33,17,17,84,50,50,8.66,4.34,2.55,3.55,2.38,1.29,1.73,3.30,7.00,1.80,1.95,Estádio de São Lúis (Faro)
1728225000,Oct 06 2024 - 2:30pm,complete,N/A,Vitória Guimarães,Boavista FC,Luis Miguel Branco Godinho,8,2.00,1.00,2.00,1.00,2,2,4,1,1,0,"34,49","90'5,90'15",6,5,5,0,5,0,2,3,3,2,8,7,3,4,5,3,14,16,54,46,1.19,0.88,1.06,0.94,2.04,29,46,46,13,0,29,71,17,59,7.83,6.42,1.44,4.00,6.40,1.26,1.89,3.08,5.70,2.05,1.70,N/A
1728243000,Oct 06 2024 - 7:30pm,complete,N/A,Porto,Sporting Braga,João Pedro Silva Pinheiro,8,3.00,2.33,2.40,2.13,2,1,3,1,1,0,"45'1,59","54",1,5,2,0,2,0,1,1,1,1,5,13,2,3,3,10,14,6,45,55,2.36,1.51,0.70,1.43,2.17,13,67,54,13,0,13,42,54,54,15.33,2.67,1.64,4.01,4.85,1.16,1.65,2.45,4.25,1.70,2.05,Estádio Do Dragão (Porto)
1729878300,Oct 25 2024 - 5:45pm,complete,1004,Casa Pia,CD Nacional,David Rafael Oliveira Silva,9,1.00,0.50,1.67,0.63,1,0,1,1,1,0,"39","",7,7,3,1,3,0,0,4,0,3,15,20,6,7,7,13,17,12,43,57,1.21,1.21,1.44,2.10,1.63,38,50,13,13,0,0,63,25,63,8.50,6.75,2.10,3.30,3.60,1.36,2.25,3.75,7.50,1.95,1.80,Estádio Municipal de Rio Maior (Rio Maior)
1729885500,Oct 25 2024 - 7:45pm,complete,N/A,Santa Clara,Gil Vicente,Anzhony Francisco Gonçalves Rodrigues,9,2.25,0.50,1.81,0.87,2,1,3,3,2,1,"13,38","28",6,4,3,0,5,0,0,3,1,4,16,11,4,2,9,5,16,17,33,67,1.21,0.88,1.30,0.98,2.25,38,63,38,13,13,38,75,25,63,4.25,4.50,1.83,3.29,4.44,1.47,2.20,4.75,9.50,2.05,1.70,Estádio de São Miguel (Ponta Delgada- Ilha de São Miguel- Açores)
1729953000,Oct 26 2024 - 2:30pm,complete,N/A,GD Estoril Praia,FC Arouca,Carlos André Fernandes Macedo,9,1.00,0.75,1.47,1.00,4,1,5,3,2,1,"30,42,64,90","24",6,9,4,0,2,0,2,2,1,1,13,14,6,5,5,7,19,14,34,66,0.89,0.97,1.35,1.44,2.38,25,50,50,38,13,38,75,25,50,8.50,6.50,2.87,3.20,2.40,1.44,2.10,4.50,9.00,1.95,1.80,Estádio António Coimbra da Mota (Estoril)
1729962000,Oct 26 2024 - 5:00pm,complete,N/A,Boavista FC,Moreirense FC,André Filipe Domingues Narciso,9,0.33,0.75,0.38,0.73,0,2,2,1,0,1,"","20,90'2",4,3,1,0,3,0,1,0,1,2,11,18,4,9,5,7,17,14,50,50,1.15,1.26,1.18,1.84,2.42,50,67,67,25,0,29,84,38,67,9.25,5.08,3.30,3.20,2.08,1.50,2.43,5.00,10.00,2.05,1.70,Estádio do Bessa Século XXI (Porto)
1729971000,Oct 26 2024 - 7:30pm,complete,N/A,Famalicão,Sporting CP,Fábio José Costa Veríssimo,9,2.00,3.00,1.56,2.31,0,3,3,0,0,0,"","57,63,86",4,8,1,0,1,0,0,1,1,0,8,34,2,14,4,9,7,10,37,63,1.24,1.97,0.73,2.91,2.88,25,75,50,25,25,38,88,38,75,13.25,2.00,7.50,4.60,1.34,1.25,1.76,3.10,5.50,2.20,1.62,Estádio Municipal 22 de Junho (Vila Nova de Famalicão)
1730043000,Oct 27 2024 - 3:30pm,complete,N/A,Sporting Braga,Farense,N/A,N/A,1.75,0.25,2.00,0.81,2,0,2,1,1,0,"41,70","",10,3,1,0,2,0,0,1,0,2,19,5,7,3,7,1,12,12,72,28,1.68,1.17,2.01,0.62,2.25,38,75,38,25,0,13,50,63,75,12.50,4.25,1.34,4.66,6.63,1.20,1.55,2.30,4.57,1.95,1.80,N/A
1730052000,Oct 27 2024 - 6:00pm,complete,N/A,Benfica,Rio Ave FC,Tiago Bruno Lopes Martins,9,3.00,0.00,2.69,0.69,5,0,5,3,3,0,"12,16,45'2,79,81","",8,2,1,0,1,0,1,0,1,0,30,5,15,0,8,4,12,10,62,38,2.16,0.86,3.15,0.38,3.25,38,75,63,50,25,63,75,63,75,15.00,3.50,1.19,7.14,15.02,1.14,1.42,2.20,3.75,2.10,1.67,Estádio do Sport Lisboa e Benfica (da Luz) (Lisboa)
1730061000,Oct 27 2024 - 8:30pm,complete,N/A,Estrela Amadora,Vitória Guimarães,António Emanuel Carvalho Nobre,9,1.00,1.75,1.19,1.27,2,2,4,2,1,1,"45'1,84","43,69",3,4,2,0,3,0,0,2,1,2,8,11,3,4,5,4,17,17,39,61,1.20,1.45,0.94,1.21,2.13,38,63,38,13,0,25,63,25,88,9.75,4.50,4.57,3.41,1.81,1.42,2.23,4.33,8.50,2.05,1.70,Estádio José Gomes (Amadora)
1730146500,Oct 28 2024 - 8:15pm,complete,N/A,AVS,Porto,Miguel Bertolo Nogueira,9,2.00,2.00,1.00,1.63,0,5,5,4,0,4,"","22,32,38,45'1,88",2,3,2,0,1,0,1,1,0,1,3,5,0,3,3,2,8,11,40,60,1.30,1.15,0.38,1.03,1.67,13,63,17,0,0,17,29,34,71,7.92,7.00,9.00,5.00,1.30,1.22,1.65,3.10,5.50,2.20,1.62,Estádio Clube Desportivo das Aves (Vila das Aves)
1730492100,Nov 01 2024 - 8:15pm,complete,N/A,Sporting CP,Estrela Amadora,Bruno Vieira,10,3.00,0.25,2.53,0.67,5,1,6,4,3,1,"19,31,42,70,85","35",12,2,0,0,4,0,0,0,3,1,21,11,9,7,5,3,14,15,64,36,2.06,0.91,1.88,1.33,2.25,25,75,38,13,0,38,63,38,88,11.00,4.00,1.11,11.00,21.00,1.07,1.28,1.85,2.65,2.38,1.53,Estádio José Alvalade (Lisboa)
1730561400,Nov 02 2024 - 3:30pm,complete,N/A,Rio Ave FC,Casa Pia,António Emanuel Carvalho Nobre,10,2.00,1.00,1.47,1.07,2,2,4,4,2,2,"16,39","3,28",3,2,3,0,3,0,1,2,1,2,14,11,6,3,3,5,14,19,47,53,1.47,1.00,1.25,0.96,2.00,38,63,25,13,0,0,63,38,75,11.75,4.00,2.06,3.11,3.76,1.44,2.33,4.50,9.50,2.00,1.75,Estádio do Rio Ave Futebol Clube (Vila do Conde)
1730570400,Nov 02 2024 - 6:00pm,complete,N/A,Farense,Benfica,Cláudio Filipe Ruivo Pereira,N/A,0.75,1.33,0.53,2.13,1,2,3,2,1,1,"15","21,54",3,8,1,0,0,0,0,1,0,0,11,19,5,8,3,6,10,5,30,70,1.17,1.62,1.10,2.13,2.42,29,75,42,13,13,29,71,42,88,11.92,5.25,8.68,5.79,1.26,1.12,1.40,2.15,3.40,1.95,1.80,N/A
1730579400,Nov 02 2024 - 8:30pm,complete,N/A,Gil Vicente,Boavista FC,Sérgio José dos Santos Guelho,10,2.00,1.00,1.19,1.00,1,2,3,0,0,0,"72","48,51",7,2,3,0,2,0,0,3,1,1,18,14,3,6,12,7,14,11,67,33,1.21,0.89,1.49,1.45,2.48,45,58,45,33,13,35,78,23,68,5.95,5.45,1.68,3.56,4.95,1.38,2.13,3.80,7.50,2.00,1.73,Estádio Cidade de Barcelos (Barcelos)
1730647800,Nov 03 2024 - 3:30pm,complete,N/A,AVS,Famalicão,Luis Miguel Branco Godinho,10,1.60,1.25,1.00,1.27,2,3,5,4,2,2,"6,30","14,17,77",4,0,4,0,1,0,1,3,1,0,14,19,7,7,6,10,18,11,46,54,1.12,1.07,1.57,1.84,1.90,35,58,35,10,10,23,45,25,78,9.05,5.30,3.10,3.08,2.47,1.50,2.43,4.50,9.00,1.95,1.77,Estádio Clube Desportivo das Aves (Vila das Aves)
1730656800,Nov 03 2024 - 6:00pm,complete,N/A,Vitória Guimarães,Moreirense FC,Miguel Bertolo Nogueira,N/A,1.75,1.20,2.00,0.73,1,0,1,0,0,0,"64","",9,4,0,0,1,0,0,0,0,1,11,10,5,3,5,3,17,16,54,46,1.16,1.37,1.36,0.80,2.98,65,88,78,33,0,23,88,55,88,10.25,6.80,1.76,3.52,5.00,1.45,2.40,4.50,9.50,2.20,1.62,N/A
1730656800,Nov 03 2024 - 6:00pm,complete,N/A,FC Arouca,Sporting Braga,Ricardo Baixinho,10,1.00,1.75,1.13,2.13,1,2,3,1,0,1,"90","16,54",12,4,3,0,2,0,3,0,1,1,14,17,4,4,5,8,10,15,61,39,0.89,1.49,1.29,1.46,1.75,25,50,38,0,0,0,75,38,50,11.50,5.50,4.00,3.90,1.83,1.22,1.70,2.90,5.00,1.70,2.05,Estádio Municipal de Arouca (Arouca)
1730665800,Nov 03 2024 - 8:30pm,complete,N/A,Porto,GD Estoril Praia,David Rafael Oliveira Silva,10,3.00,0.50,2.40,1.13,4,0,4,2,2,0,"19,28,77,87","",9,5,0,0,2,0,0,0,1,1,17,13,10,6,4,4,7,9,69,31,2.03,0.86,2.03,1.30,2.25,33,63,53,23,0,10,55,53,65,10.90,3.95,1.15,7.90,18.00,1.14,1.42,2.17,3.45,2.15,1.62,Estádio Do Dragão (Porto)
1730751300,Nov 04 2024 - 8:15pm,complete,N/A,CD Nacional,Santa Clara,Fábio José Costa Veríssimo,10,1.00,1.50,1.53,1.40,2,0,2,2,2,0,"9,13","",2,6,4,0,7,0,1,3,2,5,9,23,5,7,2,5,15,14,34,66,1.22,1.16,0.93,1.71,3.63,42,88,59,42,42,42,59,71,100,7.67,5.58,3.30,3.20,2.25,1.45,2.20,4.75,9.50,2.00,1.75,Estádio da Madeira (Funchal (Ilha da Madeira))
1731096900,Nov 08 2024 - 8:15pm,complete,N/A,Moreirense FC,Gil Vicente,Ricardo Baixinho,11,2.00,0.40,1.56,0.87,3,2,5,1,0,1,"65,70,87","25,47",3,4,2,0,5,0,2,0,2,3,13,12,9,6,4,5,19,22,53,47,1.03,0.90,1.75,1.46,2.28,55,65,43,23,10,33,53,33,68,4.75,4.70,2.13,2.24,5.18,1.45,2.30,4.50,9.00,2.00,1.73,Parque Desportivo Comendador Joaquim de Almeida Freitas (Moreira de Cónegos)
1731166200,Nov 09 2024 - 3:30pm,complete,N/A,GD Estoril Praia,AVS,N/A,11,1.40,0.25,1.47,0.56,0,0,0,0,0,0,"","",10,6,2,0,0,0,0,2,0,0,7,6,4,3,3,3,12,10,51,49,0.99,1.02,1.06,0.89,3.15,58,80,68,33,33,68,90,33,80,7.05,6.60,2.44,3.18,3.06,1.45,2.25,4.50,9.00,1.95,1.77,Estádio António Coimbra da Mota (Estoril)
1731166200,Nov 09 2024 - 3:30pm,complete,1202,Casa Pia,Farense,Carlos André Fernandes Macedo,11,1.40,0.20,1.67,0.81,1,1,2,2,1,1,"32","7",4,2,4,0,3,0,1,3,1,2,14,9,3,4,6,2,13,16,64,36,1.25,1.06,1.12,0.83,1.80,30,60,20,10,0,0,60,30,70,10.40,5.80,2.09,3.34,3.65,1.42,2.20,4.20,8.50,1.95,1.77,Estádio Municipal de Rio Maior (Rio Maior)
1731175200,Nov 09 2024 - 6:00pm,complete,N/A,Famalicão,FC Arouca,Miguel Bertolo Nogueira,11,1.60,0.60,1.56,1.00,0,0,0,0,0,0,"","",4,8,5,0,3,0,1,4,1,2,7,10,3,2,1,4,19,13,50,50,1.13,1.06,0.86,0.78,2.30,30,60,40,30,10,20,70,30,60,11.40,4.20,1.91,3.54,4.07,1.42,2.25,4.33,8.50,1.95,1.75,Estádio Municipal 22 de Junho (Vila Nova de Famalicão)
1731184200,Nov 09 2024 - 8:30pm,complete,N/A,Boavista FC,Rio Ave FC,N/A,N/A,0.25,0.00,0.38,0.69,0,2,2,1,0,1,"","5,76",7,2,4,1,3,1,1,4,2,2,25,7,5,3,11,2,10,17,52,48,1.16,0.76,1.79,0.71,2.35,10,65,43,30,10,53,78,30,65,9.15,3.80,2.81,3.22,2.58,1.42,2.25,4.33,8.50,1.90,1.80,N/A
1731252600,Nov 10 2024 - 3:30pm,complete,3386,Estrela Amadora,CD Nacional,N/A,11,1.00,0.40,1.19,0.63,2,0,2,0,0,0,"77,86","",10,4,1,0,1,0,0,1,1,0,18,16,4,5,12,8,10,12,51,49,1.15,1.39,1.62,1.36,2.00,40,50,40,20,0,30,80,20,60,7.60,5.80,2.20,3.30,3.25,1.38,2.00,3.85,7.50,1.83,1.85,Estádio José Gomes (Amadora)
1731256200,Nov 10 2024 - 4:30pm,complete,N/A,Santa Clara,Vitória Guimarães,Gustavo Fernandes Correia,11,2.40,1.60,1.81,1.27,1,0,1,0,0,0,"80","",9,4,5,0,4,1,1,4,2,3,22,6,8,3,12,1,17,19,37,63,1.23,1.40,2.18,0.75,2.00,40,60,30,10,0,40,70,20,60,9.00,5.20,3.00,3.00,2.50,1.51,2.40,5.00,9.50,2.05,1.70,Estádio de São Miguel (Ponta Delgada- Ilha de São Miguel- Açores)
1731264300,Nov 10 2024 - 6:45pm,complete,N/A,Sporting Braga,Sporting CP,Luis Miguel Branco Godinho,11,2.00,3.00,2.00,2.31,2,4,6,2,2,0,"20,45","58,81,89,90'4",0,5,5,0,4,0,2,3,1,3,4,14,3,7,0,5,20,13,29,71,1.75,2.15,0.50,1.73,3.50,30,100,70,40,20,40,70,80,100,15.40,2.40,5.00,4.00,1.62,1.20,1.60,2.55,4.50,1.62,2.15,Estádio Municipal de Braga (Braga)
1731271500,Nov 10 2024 - 8:45pm,complete,N/A,Benfica,Porto,Jose Antonio De Almeida Pinheiro,11,3.00,2.25,2.69,1.63,4,1,5,2,1,1,"30,56,61,82","44",2,2,2,0,6,0,1,1,1,5,17,9,8,4,5,4,10,13,48,52,2.36,1.12,1.63,1.01,3.50,20,90,65,43,43,55,65,65,78,13.10,4.65,2.13,3.48,3.38,1.30,1.95,3.40,6.50,1.73,2.00,Estádio do Sport Lisboa e Benfica (da Luz) (Lisboa)
1732911300,Nov 29 2024 - 8:15pm,complete,N/A,Farense,Estrela Amadora,João Pedro Silva Pinheiro,12,0.60,0.20,0.53,0.67,1,0,1,1,1,0,"23","",3,6,4,0,2,0,0,4,2,0,13,14,3,4,7,7,20,19,41,59,1.15,0.99,1.08,1.29,2.60,40,60,50,20,20,40,70,40,80,9.60,5.20,2.18,3.37,2.90,1.44,2.02,4.50,9.50,2.00,1.75,Estádio de São Lúis (Faro)
1732980600,Nov 30 2024 - 3:30pm,complete,N/A,Rio Ave FC,Moreirense FC,Carlos André Fernandes Macedo,12,1.80,1.00,1.47,0.73,3,2,5,1,1,0,"26,46,90'4","49,65",2,4,3,0,3,0,0,3,1,2,13,12,5,3,6,7,15,17,47,53,1.42,1.28,1.26,1.13,2.62,64,72,54,37,0,19,82,45,70,11.20,4.50,2.65,3.01,2.37,1.45,2.20,4.50,9.50,2.00,1.75,Estádio do Rio Ave Futebol Clube (Vila do Conde)
1732989600,Nov 30 2024 - 6:00pm,complete,N/A,CD Nacional,Boavista FC,Iancu Ioan Vasilica,12,1.50,1.33,1.53,1.00,0,0,0,0,0,0,"","",4,7,1,0,2,0,1,0,1,1,25,10,9,3,9,4,14,15,62,38,1.15,0.99,2.04,0.97,2.92,38,75,50,29,13,34,71,42,71,6.17,5.75,1.91,3.07,3.57,1.36,2.00,3.75,7.50,1.95,1.80,Estádio da Madeira (Funchal (Ilha da Madeira))
1732998600,Nov 30 2024 - 8:30pm,complete,N/A,Sporting CP,Santa Clara,Cláudio Filipe Ruivo Pereira,12,3.00,1.20,2.53,1.40,0,1,1,1,0,1,"","33",8,2,2,0,8,0,0,2,4,4,22,5,5,4,9,1,9,18,74,26,2.02,1.27,2.00,0.73,3.20,40,90,50,40,30,60,70,60,90,10.40,4.80,1.17,5.80,11.08,1.18,1.60,2.25,4.75,2.50,1.50,Estádio José Alvalade (Lisboa)
1733067000,Dec 01 2024 - 3:30pm,complete,N/A,GD Estoril Praia,Famalicão,João António Ferreira Gonçalves,12,1.33,1.60,1.47,1.27,2,1,3,3,2,1,"5,30","45'1",5,7,2,0,4,0,1,1,1,3,12,5,4,0,8,5,16,17,46,54,1.00,1.22,1.30,0.53,2.47,47,65,55,27,27,45,64,37,65,9.03,5.53,3.25,3.10,2.25,1.47,2.30,4.75,9.50,2.05,1.70,Estádio António Coimbra da Mota (Estoril)
1733076000,Dec 01 2024 - 6:00pm,complete,N/A,FC Arouca,Benfica,Luis Miguel Branco Godinho,12,0.80,1.75,1.13,2.13,0,2,2,1,0,1,"","12,71",5,6,2,0,3,0,2,0,1,2,14,15,6,9,6,2,15,10,49,51,0.97,1.74,1.49,1.69,2.25,45,80,45,0,0,25,88,33,80,13.80,5.85,11.00,6.00,1.22,1.16,1.57,2.43,4.20,2.00,1.75,Estádio Municipal de Arouca (Arouca)
1733085000,Dec 01 2024 - 8:30pm,complete,N/A,AVS,Sporting Braga,António Emanuel Carvalho Nobre,12,1.33,2.00,1.00,2.13,0,1,1,0,0,0,"","69",2,9,3,1,1,0,1,3,1,0,7,21,2,9,3,4,12,16,31,69,1.19,1.49,0.65,1.86,2.17,37,55,47,17,17,17,55,30,72,9.43,4.80,5.10,4.10,1.56,1.25,1.87,3.10,6.00,1.91,1.91,Estádio Clube Desportivo das Aves (Vila das Aves)
1733165100,Dec 02 2024 - 6:45pm,complete,N/A,Vitória Guimarães,Gil Vicente,Tiago Bruno Lopes Martins,12,2.00,0.33,2.00,0.87,4,0,4,1,1,0,"45,46,59,87","",9,2,1,0,2,0,0,1,0,2,20,4,6,0,6,4,19,10,53,47,1.20,0.99,1.67,0.35,2.79,54,72,64,27,17,27,72,45,74,9.13,5.87,1.70,3.50,4.75,1.36,1.95,3.75,7.50,2.00,1.75,Estádio Dom Afonso Henriques (Guimarães)
1733172300,Dec 02 2024 - 8:45pm,complete,N/A,Porto,Casa Pia,Hélder Miguel Azevedo Malheiro,12,3.00,1.00,2.40,1.07,2,0,2,0,0,0,"51,55","",8,6,3,0,0,0,0,3,0,0,18,11,10,4,5,3,14,13,64,36,2.03,0.99,2.06,0.97,2.79,37,90,62,27,0,27,64,52,82,10.87,3.40,1.16,6.50,13.00,1.15,1.50,2.25,4.00,2.10,1.67,Estádio Do Dragão (Porto)
1733429700,Dec 05 2024 - 8:15pm,complete,N/A,Moreirense FC,Sporting CP,António Emanuel Carvalho Nobre,13,2.20,3.00,1.56,2.31,2,1,3,3,2,1,"19,35","12",4,6,3,0,1,0,1,2,1,0,9,18,5,4,2,8,17,15,31,69,1.17,2.08,0.99,1.69,3.45,47,80,70,45,35,44,62,62,90,9.97,3.57,8.00,5.00,1.36,1.25,1.75,2.95,5.50,2.05,1.70,Parque Desportivo Comendador Joaquim de Almeida Freitas (Moreira de Cónegos)
1733516100,Dec 06 2024 - 8:15pm,complete,N/A,Sporting Braga,GD Estoril Praia,Bruno Vieira,13,1.67,0.40,2.00,1.13,2,2,4,1,1,0,"16,56","68,82",3,2,3,0,5,0,0,3,0,5,17,12,8,4,5,6,18,21,48,52,1.54,0.95,1.63,1.13,2.67,35,70,45,45,9,27,64,62,80,10.30,4.93,1.38,4.98,7.80,1.17,1.65,2.55,4.50,1.95,1.81,Estádio Municipal de Braga (Braga)
1733585400,Dec 07 2024 - 3:30pm,complete,N/A,Gil Vicente,CD Nacional,Pedro Miguel Torres Ramalho,13,1.60,0.33,1.19,0.63,2,1,3,1,1,0,"7,90'7","50",6,7,3,0,4,0,0,3,2,2,18,20,5,7,8,4,13,17,56,44,1.27,1.39,1.41,1.48,1.99,39,57,30,10,10,20,64,29,57,8.40,5.40,2.01,3.50,3.72,1.33,2.05,3.60,7.00,1.91,1.91,Estádio Cidade de Barcelos (Barcelos)
1733594400,Dec 07 2024 - 6:00pm,complete,N/A,Santa Clara,Rio Ave FC,João Pedro Silva Pinheiro,13,2.50,0.50,1.81,0.69,1,0,1,1,1,0,"36","",6,2,2,0,4,0,0,2,1,3,11,5,5,3,3,2,18,17,43,57,1.38,0.75,1.14,0.77,2.42,25,67,42,25,9,59,75,25,67,8.33,5.66,1.91,3.44,4.20,1.36,2.17,3.66,6.45,2.03,1.70,Estádio de São Miguel (Ponta Delgada- Ilha de São Miguel- Açores)
1733594400,Dec 07 2024 - 6:00pm,complete,58839,Benfica,Vitória Guimarães,Miguel Bertolo Nogueira,13,3.00,1.33,2.69,1.27,1,0,1,1,1,0,"29","",6,9,3,0,1,0,1,2,1,0,9,11,2,3,3,6,9,13,55,45,2.24,1.29,0.78,1.07,3.00,42,67,50,42,34,42,67,58,83,13.66,4.33,1.32,5.50,8.90,1.20,1.64,2.75,4.75,2.00,1.75,Estádio do Sport Lisboa e Benfica (da Luz) (Lisboa)
1733603400,Dec 07 2024 - 8:30pm,complete,N/A,Famalicão,Porto,Luis Miguel Branco Godinho,13,1.50,1.80,1.56,1.63,1,1,2,1,1,0,"44","52",3,5,2,0,3,0,1,1,0,3,5,18,3,6,1,5,13,19,31,69,1.09,1.10,0.60,1.79,2.37,19,75,39,20,20,30,55,39,65,8.37,5.80,6.90,4.33,1.48,1.28,1.93,3.30,6.50,2.00,1.75,Estádio Municipal 22 de Junho (Vila Nova de Famalicão)
1733671800,Dec 08 2024 - 3:30pm,complete,N/A,Boavista FC,Farense,David Rafael Oliveira Silva,13,0.20,0.33,0.38,0.81,1,1,2,0,0,0,"90'5","52",5,4,2,1,3,1,0,3,0,4,13,13,4,6,9,7,7,16,53,47,1.28,1.02,1.53,1.45,1.64,17,64,19,0,0,19,74,9,55,9.53,5.13,2.46,3.15,3.02,1.44,2.00,4.50,9.00,1.95,1.80,Estádio do Bessa Século XXI (Porto)
1733680800,Dec 08 2024 - 6:00pm,complete,N/A,Casa Pia,AVS,N/A,N/A,1.33,0.40,1.67,0.56,1,1,2,1,1,0,"12","72",6,3,0,0,4,0,0,0,1,3,13,8,6,4,3,3,13,14,46,54,1.23,1.00,1.32,0.99,2.40,55,74,39,19,10,39,74,27,74,9.13,6.07,2.00,3.25,3.80,1.44,2.20,4.50,9.00,2.00,1.75,Estádio Municipal de Rio Maior (Rio Maior)
1733775300,Dec 09 2024 - 8:15pm,complete,N/A,Estrela Amadora,FC Arouca,Fábio José Costa Veríssimo,13,1.33,0.67,1.19,1.00,2,1,3,1,0,1,"58,68","4",2,7,4,0,2,0,2,2,1,1,11,11,3,5,5,4,13,19,46,54,1.23,1.02,0.96,1.22,2.67,42,67,59,42,9,42,67,42,75,11.00,5.00,2.50,3.30,2.63,1.38,2.14,4.00,8.00,1.91,1.91,Estádio José Gomes (Amadora)
1734190200,Dec 14 2024 - 3:30pm,complete,N/A,Farense,Gil Vicente,N/A,14,1.00,0.29,0.53,0.87,0,1,1,0,0,0,"","47",7,1,3,0,2,1,0,3,1,2,17,8,3,3,9,3,13,15,49,51,1.14,0.90,1.36,0.84,2.81,45,68,61,30,23,31,85,45,69,6.79,4.90,2.82,2.95,2.59,1.48,2.22,4.50,9.00,1.95,1.77,Estádio de São Lúis (Faro)
1734199200,Dec 14 2024 - 6:00pm,complete,N/A,CD Nacional,Moreirense FC,Sérgio José dos Santos Guelho,N/A,1.40,0.86,1.53,0.73,1,0,1,0,0,0,"55","",10,2,0,0,3,0,0,0,1,2,13,6,6,3,7,3,13,12,44,56,1.33,1.26,1.56,0.81,2.97,46,83,56,32,17,27,73,49,80,8.00,4.97,2.67,3.15,2.59,1.40,2.25,4.20,8.00,1.85,1.85,N/A
1734208200,Dec 14 2024 - 8:30pm,complete,N/A,Sporting CP,Boavista FC,Fábio José Costa Veríssimo,14,2.50,1.29,2.53,1.00,3,2,5,2,1,1,"23,49,66","43,58",10,1,3,0,3,0,1,2,0,3,23,9,8,3,15,6,11,6,72,28,2.02,0.98,2.69,0.94,2.50,38,63,47,31,9,32,70,40,70,9.86,3.86,1.07,11.00,18.00,1.08,1.28,1.73,2.55,2.15,1.62,Estádio José Alvalade (Lisboa)
1734276600,Dec 15 2024 - 3:30pm,complete,N/A,FC Arouca,Santa Clara,André Filipe Domingues Narciso,14,0.67,1.50,1.13,1.40,1,0,1,0,0,0,"67","",7,2,2,0,2,0,0,2,0,2,13,6,4,2,7,2,17,18,51,49,1.05,1.18,1.17,0.57,2.34,33,67,33,17,17,25,84,42,67,9.83,8.00,3.10,3.00,2.26,1.45,2.22,4.50,9.00,2.00,1.75,Estádio Municipal de Arouca (Arouca)
1734285600,Dec 15 2024 - 6:00pm,complete,N/A,AVS,Benfica,João António Ferreira Gonçalves,14,1.14,2.00,1.00,2.13,1,1,2,1,0,1,"90'4","17",0,3,2,0,2,0,1,1,1,1,19,14,8,5,9,6,8,13,41,59,1.11,1.73,1.94,1.51,2.27,35,72,35,15,15,35,62,10,93,10.37,5.69,13.00,7.30,1.15,1.15,1.47,2.33,3.70,2.20,1.60,Estádio Clube Desportivo das Aves (Vila das Aves)
1734294600,Dec 15 2024 - 8:30pm,complete,N/A,GD Estoril Praia,Casa Pia,Tiago Bruno Lopes Martins,14,1.57,0.83,1.47,1.07,0,2,2,0,0,0,"","56,63",5,4,4,0,3,0,3,1,0,3,15,11,6,5,6,5,14,16,54,46,1.04,0.99,1.42,1.27,2.38,38,70,45,23,15,37,61,31,63,8.53,5.14,2.60,3.30,2.60,1.42,2.27,4.20,8.50,1.85,1.83,Estádio António Coimbra da Mota (Estoril)
1734374700,Dec 16 2024 - 6:45pm,complete,N/A,Sporting Braga,Famalicão,Hélder Miguel Azevedo Malheiro,14,1.57,1.33,2.00,1.27,3,3,6,1,0,1,"62,77,90'4","45'3,56,70",10,3,0,0,1,0,0,0,0,1,24,11,9,9,9,2,12,14,56,44,1.55,1.11,2.25,1.45,3.05,62,92,62,37,16,40,69,60,84,10.67,4.93,1.54,4.14,5.88,1.28,1.89,3.20,6.00,2.00,1.75,Estádio Municipal de Braga (Braga)
1734380100,Dec 16 2024 - 8:15pm,complete,N/A,Porto,Estrela Amadora,Miguel Bertolo Nogueira,14,3.00,0.17,2.40,0.67,2,0,2,1,1,0,"12,90'3","",11,4,0,0,2,1,0,0,1,2,13,6,5,0,8,6,17,19,70,30,2.03,1.04,1.63,0.56,2.67,31,75,52,23,9,31,62,60,77,12.71,4.29,1.14,7.40,15.00,1.14,1.50,2.20,3.75,2.50,1.50,Estádio Do Dragão (Porto)
1734381900,Dec 16 2024 - 8:45pm,complete,N/A,Rio Ave FC,Vitória Guimarães,António Emanuel Carvalho Nobre,14,2.00,1.14,1.47,1.27,2,2,4,2,2,0,"6,38","51,58",0,2,2,0,1,0,0,2,0,1,6,17,5,6,1,8,9,13,37,63,1.40,1.26,0.95,1.86,2.27,48,55,32,32,9,16,70,40,61,12.19,4.74,3.65,3.25,2.01,1.40,2.15,4.20,8.00,1.95,1.80,Estádio do Rio Ave Futebol Clube (Vila do Conde)
1734627600,Dec 19 2024 - 5:00pm,complete,N/A,CD Nacional,Benfica,Gustavo Fernandes Correia,8,1.67,1.83,1.53,2.13,0,2,2,0,0,0,"","59,74",4,11,2,0,4,0,1,1,2,2,6,17,2,8,0,5,12,9,33,67,1.37,1.70,0.41,1.72,2.42,34,84,33,9,9,33,67,25,84,11.17,4.33,9.00,5.75,1.24,1.08,1.42,1.94,3.20,1.80,1.95,Estádio da Madeira (Funchal (Ilha da Madeira))
1734725700,Dec 20 2024 - 8:15pm,complete,N/A,Casa Pia,FC Arouca,Anzhony Francisco Gonçalves Rodrigues,N/A,1.29,0.57,1.67,1.00,3,1,4,2,2,0,"19,20,88","63",3,4,2,0,3,0,0,2,1,2,11,10,7,5,2,2,9,12,42,58,1.24,1.04,1.26,1.16,2.29,50,64,36,29,7,22,71,36,64,11.86,5.85,2.40,3.10,3.10,1.40,2.40,4.00,8.00,1.85,1.85,Estádio Municipal de Rio Maior (Rio Maior)
1734795000,Dec 21 2024 - 3:30pm,complete,N/A,Famalicão,Farense,Miguel Bertolo Nogueira,15,1.43,0.43,1.56,0.81,1,2,3,1,0,1,"80","30,47",7,4,3,0,6,0,1,2,2,4,12,8,2,6,8,1,5,19,74,26,1.02,1.08,1.17,1.06,1.57,36,64,14,0,0,7,57,22,57,9.15,4.57,1.79,2.21,9.78,1.42,2.32,4.20,8.50,2.05,1.70,Estádio Municipal 22 de Junho (Vila Nova de Famalicão)
1734804000,Dec 21 2024 - 6:00pm,complete,N/A,Boavista FC,AVS,Cláudio Filipe Ruivo Pereira,15,0.33,0.50,0.38,0.56,0,0,0,0,0,0,"","",5,1,1,0,2,0,0,1,1,1,16,8,5,2,8,4,9,14,44,56,1.33,1.00,1.51,0.84,2.17,42,75,34,9,9,34,75,17,75,8.84,5.50,1.90,3.86,3.09,1.42,2.25,4.20,8.50,1.91,1.80,Estádio do Bessa Século XXI (Porto)
1734813000,Dec 21 2024 - 8:30pm,complete,N/A,Moreirense FC,Porto,Fábio José Costa Veríssimo,15,2.33,1.67,1.56,1.63,0,3,3,1,0,1,"","16,66,88",2,4,3,0,4,0,1,2,1,3,9,13,3,8,5,3,17,12,47,53,1.14,1.21,0.90,1.57,2.84,50,84,50,33,25,42,59,42,75,6.50,6.17,4.48,4.10,1.56,1.30,2.03,3.55,7.00,2.08,1.71,Parque Desportivo Comendador Joaquim de Almeida Freitas (Moreira de Cónegos)
1734886800,Dec 22 2024 - 5:00pm,complete,N/A,Santa Clara,Sporting Braga,Tiago Bruno Lopes Martins,15,2.57,2.17,1.81,2.13,0,2,2,0,0,0,"","51,77",2,2,2,1,5,0,2,1,1,4,13,13,7,6,3,5,14,15,29,71,1.35,1.55,1.29,1.52,1.77,31,47,40,0,0,22,61,25,55,10.74,4.81,3.17,3.30,2.31,1.40,2.15,4.20,8.00,1.85,1.85,Estádio de São Miguel (Ponta Delgada- Ilha de São Miguel- Açores)
1734899400,Dec 22 2024 - 8:30pm,complete,N/A,Gil Vicente,Sporting CP,André Filipe Domingues Narciso,15,1.83,2.57,1.19,2.31,0,0,0,0,0,0,"","",3,8,3,0,1,0,1,2,0,1,4,15,2,8,2,4,12,11,36,64,1.29,2.03,0.63,1.86,3.56,55,92,84,30,30,52,77,61,85,11.67,3.64,11.00,6.00,1.25,1.16,1.62,2.30,4.20,1.87,1.90,Estádio Cidade de Barcelos (Barcelos)
1734979500,Dec 23 2024 - 6:45pm,complete,N/A,Vitória Guimarães,CD Nacional,João Pedro Silva Pinheiro,15,2.17,0.29,2.00,0.63,2,2,4,2,1,1,"24,49","9,90'3",7,1,1,0,1,0,0,1,1,0,17,9,4,3,6,5,15,11,59,41,1.28,1.40,1.43,0.95,2.05,31,55,41,17,0,9,69,40,63,11.60,5.97,1.50,4.00,6.25,1.30,1.90,3.45,6.50,2.05,1.70,Estádio Dom Afonso Henriques (Guimarães)
1734979500,Dec 23 2024 - 6:45pm,complete,N/A,Benfica,GD Estoril Praia,António Emanuel Carvalho Nobre,15,3.00,0.50,2.69,1.13,3,0,3,1,1,0,"28,73,90'4","",4,1,1,0,1,0,0,1,1,0,17,12,7,3,7,8,11,13,59,41,2.03,0.98,1.85,1.10,3.02,38,61,61,54,29,37,77,61,69,11.50,4.71,1.06,10.00,21.00,1.09,1.33,1.90,3.00,2.35,1.53,Estádio do Sport Lisboa e Benfica (da Luz) (Lisboa)
1734986700,Dec 23 2024 - 8:45pm,complete,N/A,Estrela Amadora,Rio Ave FC,Iancu Ioan Vasilica,15,1.57,0.43,1.19,0.69,1,0,1,1,1,0,"36","",5,6,4,0,3,1,0,4,0,4,9,20,5,7,2,3,17,16,36,64,1.19,0.76,1.03,1.60,2.79,36,79,57,36,7,50,79,50,86,8.00,5.00,2.45,3.05,2.85,1.38,2.10,3.80,7.50,1.80,1.91,Estádio José Gomes (Amadora)
1735330500,Dec 27 2024 - 8:15pm,complete,N/A,FC Arouca,Gil Vicente,Cláudio Filipe Ruivo Pereira,16,1.00,0.63,1.13,0.87,1,1,2,0,0,0,"81","64",5,7,0,0,1,0,0,0,0,1,11,8,6,4,3,2,21,11,48,52,1.07,0.90,1.20,0.87,2.43,40,66,46,19,13,13,81,40,73,8.70,5.89,2.30,3.10,3.25,1.42,2.30,4.33,8.50,1.91,1.80,Estádio Municipal de Arouca (Arouca)
1735399800,Dec 28 2024 - 3:30pm,complete,N/A,AVS,Estrela Amadora,Pedro Miguel Torres Ramalho,16,1.13,0.14,1.00,0.67,1,1,2,1,0,1,"52","8",7,6,2,0,2,0,1,1,1,1,13,18,7,6,3,9,13,12,60,40,1.22,0.97,1.43,1.66,2.21,34,54,27,20,20,27,61,15,80,7.99,6.13,2.45,3.00,3.00,1.45,2.25,4.50,9.00,1.95,1.77,Estádio Clube Desportivo das Aves (Vila das Aves)
1735408800,Dec 28 2024 - 6:00pm,complete,N/A,GD Estoril Praia,Moreirense FC,N/A,16,1.38,0.75,1.47,0.73,2,2,4,3,2,1,"22,45'3","2,57",6,2,2,0,2,0,2,0,0,2,16,9,8,6,2,1,17,14,53,47,1.09,1.20,1.65,1.06,2.63,51,69,57,32,19,32,69,44,75,8.63,5.88,3.25,3.00,2.30,1.48,2.40,4.50,9.00,1.95,1.75,Estádio António Coimbra da Mota (Estoril)
1735417800,Dec 28 2024 - 8:30pm,complete,N/A,Porto,Boavista FC,João António Ferreira Gonçalves,16,3.00,1.13,2.40,1.00,4,0,4,1,1,0,"31,55,59,88","",4,1,4,0,2,0,3,1,1,1,14,5,8,2,5,1,12,15,76,24,1.98,0.98,1.69,0.43,2.63,38,75,57,32,7,25,63,57,76,10.76,4.01,1.17,7.50,13.00,1.12,1.40,2.20,3.40,2.40,1.50,Estádio Do Dragão (Porto)
1735486200,Dec 29 2024 - 3:30pm,complete,N/A,Rio Ave FC,CD Nacional,N/A,16,1.86,0.38,1.47,0.63,2,1,3,2,1,1,"26,73","34",11,6,0,0,1,0,0,0,0,1,23,15,9,3,6,11,10,14,49,51,1.33,1.34,1.81,1.46,2.38,55,61,41,35,7,21,81,48,54,9.43,5.02,2.04,3.05,3.70,1.38,2.12,3.75,7.50,1.80,1.91,Estádio do Rio Ave Futebol Clube (Vila do Conde)
1735486200,Dec 29 2024 - 3:30pm,complete,N/A,Farense,Vitória Guimarães,Bruno Vieira,16,0.86,1.13,0.53,1.27,2,2,4,1,1,0,"36,90'8","49,90",6,9,2,0,3,0,1,1,1,2,7,28,3,13,3,11,12,15,33,67,1.17,1.34,0.77,2.83,2.07,34,47,34,20,7,27,67,34,73,10.24,4.81,4.35,3.60,1.74,1.36,2.12,3.80,7.50,1.91,1.80,Estádio de São Lúis (Faro)
1735495200,Dec 29 2024 - 6:00pm,complete,N/A,Sporting Braga,Casa Pia,David Rafael Oliveira Silva,16,1.50,1.14,2.00,1.07,1,2,3,2,1,1,"45'2","40,70",10,2,2,0,3,0,0,2,1,2,17,9,7,5,6,3,9,14,60,40,1.64,1.03,1.78,1.18,3.02,46,93,46,39,13,20,59,66,93,10.21,4.27,1.34,4.90,8.00,1.25,1.68,3.00,5.75,2.00,1.73,Estádio Municipal de Braga (Braga)
1735504200,Dec 29 2024 - 8:30pm,complete,N/A,Sporting CP,Benfica,Fábio José Costa Veríssimo,16,2.57,2.00,2.53,2.13,1,0,1,1,1,0,"29","",4,8,2,0,3,0,0,2,1,2,13,16,7,4,3,9,13,14,45,55,2.11,1.70,1.44,1.55,2.79,43,93,43,22,15,43,79,43,93,14.29,3.86,2.50,3.55,2.61,1.22,1.65,2.62,4.75,1.53,2.38,Estádio José Alvalade (Lisboa)
1735589700,Dec 30 2024 - 8:15pm,complete,N/A,Famalicão,Santa Clara,Carlos André Fernandes Macedo,16,1.25,1.29,1.56,1.40,1,2,3,1,0,1,"58","32,51",5,4,3,0,3,0,1,2,1,2,19,9,6,4,7,4,11,13,69,31,1.04,1.09,1.74,0.97,2.03,34,60,27,15,15,22,60,34,67,8.27,6.42,2.60,2.90,2.85,1.55,2.65,5.50,11.00,2.20,1.65,Estádio Municipal 22 de Junho (Vila Nova de Famalicão)
1735935300,Jan 03 2025 - 8:15pm,complete,N/A,Vitória Guimarães,Sporting CP,João António Ferreira Gonçalves,17,2.00,2.38,2.00,2.31,4,4,8,3,1,2,"7,69,82,85","2,14,57,90'5",6,2,4,0,5,0,1,3,1,4,16,10,6,6,5,3,12,14,53,47,1.30,2.01,1.55,1.27,3.31,41,80,80,41,19,46,73,60,81,14.27,3.70,4.60,3.70,1.68,1.25,1.77,3.10,6.00,1.80,1.95,Estádio Dom Afonso Henriques (Guimarães)
1736004600,Jan 04 2025 - 3:30pm,complete,N/A,Moreirense FC,AVS,Hélder Miguel Azevedo Malheiro,17,2.00,0.57,1.56,0.56,1,1,2,2,1,1,"9","45",3,9,3,0,5,0,1,2,1,4,12,19,6,3,3,8,13,18,55,45,1.11,0.97,1.38,1.22,2.43,57,71,50,22,14,36,64,29,71,6.15,5.14,1.83,3.20,4.50,1.45,2.40,4.50,9.50,2.10,1.68,Parque Desportivo Comendador Joaquim de Almeida Freitas (Moreira de Cónegos)
1736013600,Jan 04 2025 - 6:00pm,complete,N/A,Benfica,Sporting Braga,Luis Miguel Branco Godinho,17,3.00,2.29,2.69,2.13,1,2,3,2,0,2,"77","17,40",8,2,4,0,3,0,0,4,1,2,22,7,6,3,10,2,8,11,59,41,2.01,1.54,2.00,0.59,2.75,34,66,59,25,25,25,66,66,73,13.07,3.77,1.43,4.75,6.00,1.20,1.57,2.50,4.33,1.80,1.95,Estádio do Sport Lisboa e Benfica (da Luz) (Lisboa)
1736022600,Jan 04 2025 - 8:30pm,complete,N/A,Boavista FC,FC Arouca,Gustavo Fernandes Correia,17,0.43,0.50,0.38,1.00,1,3,4,1,0,1,"71","45'7,90'5,90'8",3,3,4,1,7,0,2,3,1,6,15,15,3,6,6,7,8,18,33,67,1.35,1.06,1.08,1.48,2.09,32,60,39,25,7,26,66,32,60,11.27,5.32,2.75,3.00,2.60,1.42,2.25,4.33,8.50,1.90,1.83,Estádio do Bessa Século XXI (Porto)
1736091000,Jan 05 2025 - 3:30pm,complete,N/A,Santa Clara,Farense,António Emanuel Carvalho Nobre,17,2.25,0.75,1.81,0.81,0,0,0,0,0,0,"","",13,2,3,0,3,1,0,3,2,2,18,3,7,2,8,0,16,15,69,31,1.34,1.08,1.98,0.42,1.82,38,63,25,0,0,26,63,26,57,8.50,6.13,1.67,3.40,5.81,1.48,2.36,4.50,9.00,2.20,1.62,Estádio de São Miguel (Ponta Delgada- Ilha de São Miguel- Açores)
1736100000,Jan 05 2025 - 6:00pm,complete,N/A,Casa Pia,Famalicão,André Filipe Domingues Narciso,17,1.50,1.29,1.67,1.27,1,1,2,2,1,1,"18","34",5,7,2,1,3,0,2,1,1,2,7,20,4,15,2,3,11,6,55,45,1.25,1.15,0.96,2.48,2.70,67,81,48,27,15,34,73,41,73,9.56,5.29,2.40,3.00,3.17,1.50,2.54,5.00,9.50,2.10,1.67,Estádio Municipal de Rio Maior (Rio Maior)
1736109000,Jan 05 2025 - 8:30pm,complete,N/A,Estrela Amadora,GD Estoril Praia,Anzhony Francisco Gonçalves Rodrigues,17,1.75,0.43,1.19,1.13,2,4,6,3,0,3,"57,70","15,25,31,76",3,2,2,0,1,0,0,2,0,1,9,15,5,9,3,5,20,18,49,51,1.17,1.00,1.16,1.91,2.53,40,66,60,34,0,26,73,54,80,7.52,5.34,2.35,3.10,3.25,1.42,2.30,4.50,8.50,1.95,1.80,Estádio José Gomes (Amadora)
1736194500,Jan 06 2025 - 8:15pm,complete,N/A,Gil Vicente,Rio Ave FC,David Rafael Oliveira Silva,17,1.71,0.38,1.19,0.69,1,1,2,1,1,0,"38","59",4,4,2,0,3,0,0,2,2,1,14,15,5,5,8,5,8,13,57,43,1.20,0.86,1.49,1.32,2.47,35,67,48,26,14,40,73,41,67,8.43,5.45,2.20,3.10,3.30,1.38,2.10,4.00,8.00,1.91,1.91,Estádio Cidade de Barcelos (Barcelos)
1736695800,Jan 12 2025 - 3:30pm,complete,N/A,CD Nacional,Porto,Tiago Bruno Lopes Martins,17,1.43,1.86,1.53,1.63,2,0,2,2,2,0,"17,44","",1,10,3,0,6,0,1,2,1,5,8,13,5,4,2,7,8,11,39,61,1.23,1.27,0.88,1.34,2.79,22,86,43,22,22,36,57,50,79,8.43,5.71,9.51,5.60,1.28,1.20,1.62,2.48,4.75,2.10,1.65,Estádio da Madeira (Funchal (Ilha da Madeira))
1737144900,Jan 17 2025 - 8:15pm,complete,N/A,Benfica,Famalicão,João António Ferreira Gonçalves,18,2.67,1.25,2.69,1.27,4,0,4,2,2,0,"11,36,67,80","",7,2,3,0,0,0,3,0,0,0,22,2,12,0,8,2,13,8,58,42,2.01,1.32,2.46,0.34,3.28,60,83,71,35,35,53,82,53,71,12.31,4.27,1.20,6.60,14.00,1.16,1.67,2.25,3.86,2.20,1.62,Estádio do Sport Lisboa e Benfica (da Luz) (Lisboa)
1737214200,Jan 18 2025 - 3:30pm,complete,N/A,Santa Clara,GD Estoril Praia,N/A,18,2.11,0.75,1.81,1.13,2,3,5,3,1,2,"36,63","2,30,68",7,1,2,0,2,0,1,1,0,2,20,12,3,4,13,7,14,16,60,40,1.41,1.11,1.60,1.13,2.22,30,54,43,25,7,29,66,37,60,8.22,5.61,1.73,3.50,5.25,1.42,2.35,4.05,7.20,2.20,1.62,Estádio de São Miguel (Ponta Delgada- Ilha de São Miguel- Açores)
1737223200,Jan 18 2025 - 6:00pm,complete,N/A,Rio Ave FC,Sporting CP,Luis Miguel Branco Godinho,18,2.00,2.22,1.47,2.31,0,3,3,2,0,2,"","3,23,88",0,8,1,0,1,0,0,1,0,1,4,32,2,12,1,17,16,11,46,54,1.39,1.92,0.54,3.04,3.61,60,82,76,47,29,53,83,59,71,12.69,3.44,9.00,5.75,1.30,1.10,1.47,2.20,3.55,1.95,1.80,Estádio do Rio Ave Futebol Clube (Vila do Conde)
1737232200,Jan 18 2025 - 8:30pm,complete,N/A,Vitória Guimarães,FC Arouca,Miguel Bertolo Nogueira,18,1.88,0.78,2.00,1.00,2,2,4,2,2,0,"20,40","56,72",9,5,1,0,3,0,1,0,0,3,20,22,8,6,8,14,13,9,53,47,1.33,1.11,1.90,1.97,3.20,53,71,71,53,12,36,77,60,78,12.78,5.97,1.57,4.00,6.00,1.30,1.93,3.50,6.50,1.95,1.80,Estádio Dom Afonso Henriques (Guimarães)
1737300600,Jan 19 2025 - 3:30pm,complete,N/A,Moreirense FC,Farense,Sérgio José dos Santos Guelho,18,1.88,0.78,1.56,0.81,0,0,0,0,0,0,"","",6,3,2,0,4,0,0,2,2,2,16,7,2,2,14,5,16,14,66,34,1.14,1.01,1.57,0.85,2.09,54,71,36,13,7,25,60,36,60,6.88,5.74,1.85,3.20,4.40,1.50,2.37,5.00,11.00,2.20,1.62,Parque Desportivo Comendador Joaquim de Almeida Freitas (Moreira de Cónegos)
1737300600,Jan 19 2025 - 3:30pm,complete,N/A,CD Nacional,AVS,N/A,18,1.63,0.63,1.53,0.56,3,1,4,4,3,1,"20,34,45'6","45'3",4,6,2,0,4,0,0,2,1,3,17,17,8,5,9,12,12,14,49,51,1.19,1.00,1.79,1.74,2.32,38,75,32,13,13,44,63,26,63,8.38,5.01,2.10,3.10,3.50,1.42,2.25,4.33,8.50,1.95,1.80,Estádio da Madeira (Funchal (Ilha da Madeira))
1737309600,Jan 19 2025 - 6:00pm,complete,N/A,Estrela Amadora,Sporting Braga,Iancu Ioan Vasilica,18,1.56,2.38,1.19,2.13,0,1,1,0,0,0,"","90'3",1,8,3,0,1,0,0,3,0,1,13,18,6,6,4,10,21,10,26,74,1.17,1.42,1.25,1.82,2.50,47,71,59,17,6,29,64,53,82,9.35,4.81,4.70,3.85,1.68,1.25,1.80,3.10,5.50,1.80,1.95,Estádio José Gomes (Amadora)
1737318600,Jan 19 2025 - 8:30pm,complete,N/A,Gil Vicente,Porto,Fábio José Costa Veríssimo,18,1.63,1.63,1.19,1.63,3,1,4,1,1,0,"11,53,90'4","48",4,6,3,0,6,2,3,0,2,6,9,19,4,4,4,11,10,18,41,59,1.23,1.28,0.99,1.79,2.69,44,88,50,19,19,38,69,44,75,8.76,6.50,7.50,4.40,1.40,1.30,1.91,3.60,6.50,2.25,1.57,Estádio Cidade de Barcelos (Barcelos)
1737404100,Jan 20 2025 - 8:15pm,complete,N/A,Boavista FC,Casa Pia,Pedro Miguel Torres Ramalho,18,0.38,1.38,0.38,1.07,2,3,5,3,1,2,"45,90'3","30,43,50",2,3,3,1,2,0,1,3,1,1,12,11,6,8,5,3,13,14,36,64,1.32,1.05,1.38,1.45,2.07,32,76,32,13,0,19,57,32,76,8.38,5.13,3.25,3.10,2.33,1.45,2.30,4.50,9.50,2.00,1.75,Estádio do Bessa Século XXI (Porto)
1737749700,Jan 24 2025 - 8:15pm,complete,N/A,FC Arouca,Moreirense FC,Carlos André Fernandes Macedo,19,1.00,0.78,1.13,0.73,1,0,1,0,0,0,"77","",10,2,3,0,0,0,2,1,0,0,23,9,6,3,11,6,18,11,50,50,1.09,1.19,1.76,1.07,2.44,53,71,46,22,6,11,77,41,88,9.94,5.31,2.20,3.25,3.30,1.45,2.30,4.50,9.00,2.00,1.70,Estádio Municipal de Arouca (Arouca)
1737819000,Jan 25 2025 - 3:30pm,complete,N/A,Farense,Rio Ave FC,João Pedro Silva Pinheiro,19,0.88,0.44,0.53,0.69,1,2,3,1,0,1,"82","22,59",9,2,5,0,4,0,1,4,1,3,18,10,6,3,10,7,16,10,54,46,1.12,0.91,1.85,1.03,2.41,30,59,42,29,12,35,82,36,71,9.00,5.27,2.45,3.05,2.85,1.48,2.10,4.75,9.50,2.00,1.70,Estádio de São Lúis (Faro)
1737819000,Jan 25 2025 - 3:30pm,complete,N/A,Famalicão,Estrela Amadora,Cláudio Filipe Ruivo Pereira,19,1.11,0.25,1.56,0.67,0,0,0,0,0,0,"","",5,2,1,0,3,0,0,1,0,3,14,8,0,3,10,4,14,15,69,31,1.12,1.06,1.07,0.78,2.02,41,65,29,7,7,13,71,29,71,10.11,5.10,1.83,3.30,4.20,1.40,2.15,4.20,8.00,2.00,1.70,Estádio Municipal 22 de Junho (Vila Nova de Famalicão)
1737828000,Jan 25 2025 - 6:00pm,complete,N/A,Casa Pia,Benfica,António Emanuel Carvalho Nobre,19,1.44,1.75,1.67,2.13,3,1,4,2,1,1,"32,60,90'4","14",2,9,2,0,0,0,0,2,0,0,9,19,4,6,4,10,12,10,39,61,1.21,1.68,0.93,1.86,2.18,53,83,24,11,0,29,77,29,78,12.11,5.63,8.50,5.00,1.30,1.20,1.70,2.80,5.00,2.00,1.75,Estádio Municipal de Rio Maior (Rio Maior)
1737837000,Jan 25 2025 - 8:30pm,complete,N/A,Sporting CP,CD Nacional,Iancu Ioan Vasilica,19,2.63,0.33,2.53,0.63,2,0,2,1,1,0,"45'1,90","",6,2,1,0,1,0,0,1,1,0,21,4,6,0,10,3,12,16,64,36,2.03,1.36,2.04,0.37,2.45,41,66,42,25,13,36,83,42,66,11.22,4.05,1.14,7.50,13.00,1.11,1.36,1.99,3.10,2.00,1.73,Estádio José Alvalade (Lisboa)
1737905400,Jan 26 2025 - 3:30pm,complete,N/A,GD Estoril Praia,Vitória Guimarães,Luis Miguel Branco Godinho,19,1.33,1.11,1.47,1.27,1,0,1,0,0,0,"47","",2,5,3,0,3,0,3,0,1,2,14,8,6,3,8,5,17,20,43,57,1.15,1.50,1.50,0.98,2.39,44,62,45,33,11,39,67,39,67,10.78,5.55,5.76,1.73,2.80,1.33,1.99,3.75,7.00,1.90,1.87,Estádio António Coimbra da Mota (Estoril)
1737914400,Jan 26 2025 - 6:00pm,complete,N/A,Porto,Santa Clara,André Filipe Domingues Narciso,19,3.00,1.50,2.40,1.40,1,1,2,1,0,1,"76","33",7,2,4,0,5,1,3,1,1,5,27,2,7,0,16,2,12,23,78,22,1.95,1.08,2.55,0.22,2.75,30,82,53,29,13,30,65,64,82,10.92,5.57,1.89,2.34,6.52,1.35,2.14,3.85,8.00,2.30,1.55,Estádio Do Dragão (Porto)
1737923400,Jan 26 2025 - 8:30pm,complete,N/A,Sporting Braga,Boavista FC,Hélder Miguel Azevedo Malheiro,19,1.33,1.00,2.00,1.00,3,0,3,2,2,0,"14,33,69","",11,3,2,0,0,1,0,2,0,1,20,9,6,3,10,6,12,7,68,32,1.66,0.92,1.90,0.96,3.12,56,78,62,50,17,28,73,61,84,9.33,4.89,1.22,6.26,12.16,1.16,1.52,2.75,4.20,2.10,1.67,Estádio Municipal de Braga (Braga)
1738008900,Jan 27 2025 - 8:15pm,complete,N/A,AVS,Gil Vicente,Anzhony Francisco Gonçalves Rodrigues,19,1.11,0.67,1.00,0.87,1,0,1,0,0,0,"55","",1,8,3,0,1,0,1,2,0,1,10,12,2,0,7,10,17,10,31,69,1.24,0.89,0.88,1.04,2.50,50,67,39,28,22,22,62,28,84,6.23,5.56,2.75,3.00,2.62,1.44,2.25,4.50,9.00,1.95,1.80,Estádio Clube Desportivo das Aves (Vila das Aves)
1738354500,Jan 31 2025 - 8:15pm,complete,N/A,Boavista FC,Famalicão,David Rafael Oliveira Silva,20,0.33,1.11,0.38,1.27,0,2,2,1,0,1,"","5,56",2,7,3,0,1,0,1,2,0,1,7,28,2,6,4,15,12,16,45,55,1.33,1.21,0.85,2.20,2.61,50,78,50,28,17,39,73,39,67,9.00,5.22,3.42,3.14,2.26,1.42,2.40,4.50,9.00,2.02,1.71,Estádio do Bessa Século XXI (Porto)
1738423800,Feb 01 2025 - 3:30pm,complete,N/A,Santa Clara,Casa Pia,Miguel Bertolo Nogueira,20,1.90,1.56,1.81,1.07,2,1,3,1,0,1,"48,57","43",5,2,3,0,3,0,0,3,0,3,21,8,6,2,11,4,0,1,54,46,1.43,1.09,1.77,0.75,2.29,37,70,37,16,11,37,58,32,70,8.84,5.22,2.10,2.90,3.80,1.55,2.45,5.00,9.50,2.15,1.61,Estádio de São Miguel (Ponta Delgada- Ilha de São Miguel- Açores)
1738423800,Feb 01 2025 - 3:30pm,complete,N/A,CD Nacional,FC Arouca,Pedro Miguel Torres Ramalho,20,1.78,0.80,1.53,1.00,1,2,3,3,1,2,"45'1","5,26",3,3,6,0,1,1,2,4,0,2,23,14,7,7,14,4,0,1,60,40,1.25,1.19,2.13,1.74,2.78,41,74,52,41,11,42,68,47,63,10.03,5.31,2.50,3.10,2.80,1.38,1.02,3.80,7.50,1.85,1.82,Estádio da Madeira (Funchal (Ilha da Madeira))
1738432800,Feb 01 2025 - 6:00pm,complete,N/A,Gil Vicente,GD Estoril Praia,Iancu Ioan Vasilica,20,1.78,1.00,1.19,1.13,1,2,3,2,1,1,"15","45'4,84",3,3,0,1,1,0,0,1,1,0,14,24,9,6,4,13,12,14,47,53,1.21,1.11,1.68,1.95,2.84,56,73,62,39,17,28,73,56,78,7.11,5.00,2.15,3.00,3.60,1.38,2.00,4.00,7.50,1.95,1.80,Estádio Cidade de Barcelos (Barcelos)
1738441800,Feb 01 2025 - 8:30pm,complete,N/A,Vitória Guimarães,AVS,Hélder Miguel Azevedo Malheiro,20,1.78,0.56,2.00,0.56,2,0,2,0,0,0,"55,78","",8,2,1,0,4,1,1,0,3,2,19,4,10,0,6,3,14,20,73,27,1.39,1.09,2.19,0.30,3.00,62,78,61,39,11,50,78,39,73,11.44,5.56,1.44,4.20,6.50,1.30,2.05,3.60,6.50,2.10,1.67,Estádio Dom Afonso Henriques (Guimarães)
1738519200,Feb 02 2025 - 6:00pm,complete,N/A,Sporting CP,Farense,António Emanuel Carvalho Nobre,20,2.67,0.80,2.53,0.81,3,1,4,3,2,1,"11,26,88","45'2",9,1,1,0,0,0,0,1,0,0,25,10,8,3,13,5,12,8,71,29,2.03,0.99,2.46,0.84,2.20,37,69,32,17,11,27,70,37,64,10.79,4.53,1.12,9.00,14.00,1.13,1.40,2.10,3.45,2.25,1.57,Estádio José Alvalade (Lisboa)
1738528200,Feb 02 2025 - 8:30pm,complete,N/A,Estrela Amadora,Benfica,João Pedro Silva Pinheiro,20,1.40,1.56,1.19,2.13,2,3,5,4,1,3,"28,49","6,10,34",0,7,3,0,2,0,1,2,1,1,8,19,4,11,4,6,14,17,41,59,1.18,1.70,0.92,2.11,2.57,47,80,47,21,5,37,74,42,90,11.12,4.93,8.50,5.80,1.25,1.18,1.61,2.60,4.33,2.05,1.70,Estádio José Gomes (Amadora)
1738608300,Feb 03 2025 - 6:45pm,complete,N/A,Moreirense FC,Sporting Braga,Cláudio Filipe Ruivo Pereira,20,1.78,2.44,1.56,2.13,1,2,3,1,1,0,"4","66,90'4",1,9,2,0,1,0,1,1,0,1,13,17,8,7,4,7,18,11,38,62,1.19,1.47,1.53,1.75,2.06,45,62,44,11,6,22,50,39,67,8.66,4.67,4.00,3.50,1.85,1.36,1.95,3.75,7.50,1.91,1.91,Parque Desportivo Comendador Joaquim de Almeida Freitas (Moreira de Cónegos)
1738615500,Feb 03 2025 - 8:45pm,complete,N/A,Rio Ave FC,Porto,Gustavo Fernandes Correia,20,1.78,1.44,1.47,1.63,2,2,4,1,1,0,"37,73","51,76",3,5,1,1,3,0,0,2,0,3,12,32,4,11,7,14,18,8,31,69,1.30,1.33,1.17,2.88,3.06,50,89,62,39,17,44,84,50,73,10.00,6.45,6.50,4.40,1.44,1.22,1.73,2.95,5.50,1.95,1.80,Estádio do Rio Ave Futebol Clube (Vila do Conde)
1738959300,Feb 07 2025 - 8:15pm,complete,N/A,Porto,Sporting CP,João Pedro Silva Pinheiro,21,2.80,2.30,2.40,2.31,1,1,2,1,0,1,"90'4","42",6,3,3,0,4,2,1,2,0,6,29,16,4,4,17,9,16,14,56,44,2.01,2.04,2.01,1.26,3.50,35,95,75,35,20,45,75,65,85,14.30,3.20,2.60,3.10,2.70,1.86,1.80,0.00,0.00,1.70,2.05,Estádio Do Dragão (Porto)
1739028600,Feb 08 2025 - 3:30pm,complete,N/A,AVS,Santa Clara,Sérgio José dos Santos Guelho,21,1.30,1.44,1.00,1.40,1,2,3,0,0,0,"90'4","51,55",2,3,2,0,1,0,0,2,0,1,11,9,4,5,6,3,11,15,64,36,1.20,0.98,1.32,1.07,2.22,42,59,27,21,21,27,59,22,84,6.41,7.33,3.70,3.00,2.10,1.53,2.63,5.50,11.00,2.20,1.58,Estádio Clube Desportivo das Aves (Vila das Aves)
1739037600,Feb 08 2025 - 6:00pm,complete,N/A,Benfica,Moreirense FC,N/A,21,2.70,0.70,2.69,0.73,3,2,5,4,3,1,"7,15,42","19,85",6,6,0,0,1,0,0,0,1,0,12,9,7,5,3,4,14,10,54,46,2.05,1.17,1.59,1.13,3.20,50,75,70,45,25,40,80,55,90,10.90,4.30,1.17,6.50,13.00,0.00,1.65,2.38,1.18,2.38,1.53,Estádio do Sport Lisboa e Benfica (da Luz) (Lisboa)
1739046600,Feb 08 2025 - 8:30pm,complete,N/A,Famalicão,Vitória Guimarães,André Filipe Domingues Narciso,21,1.10,1.00,1.56,1.27,0,0,0,0,0,0,"","",4,11,3,0,2,0,1,2,1,1,13,15,4,5,6,6,16,19,28,72,1.11,1.45,1.10,1.52,1.85,40,55,30,15,0,10,60,35,70,10.80,4.60,3.30,3.00,2.25,1.44,2.30,4.50,9.00,2.00,1.71,Estádio Municipal 22 de Junho (Vila Nova de Famalicão)
1739115000,Feb 09 2025 - 3:30pm,complete,N/A,Farense,CD Nacional,Luis Miguel Branco Godinho,21,0.78,0.30,0.53,0.63,0,2,2,0,0,0,"","48,57",12,3,1,1,3,1,2,0,2,2,27,14,6,5,17,6,16,15,56,44,1.20,1.26,2.37,1.26,2.17,42,58,43,16,6,21,79,37,69,9.44,5.17,2.25,3.10,3.10,1.42,2.15,4.33,8.50,1.95,1.80,Estádio de São Lúis (Faro)
1739115000,Feb 09 2025 - 3:30pm,complete,N/A,GD Estoril Praia,Boavista FC,N/A,21,1.50,0.90,1.47,1.00,2,1,3,1,1,0,"27,46","61",5,3,2,0,1,0,1,1,0,1,16,14,6,7,8,6,25,12,55,45,1.19,0.92,1.62,1.51,2.50,40,60,55,35,15,40,65,35,65,7.20,5.80,1.70,3.70,4.60,1.36,2.05,4.00,8.00,2.05,1.70,Estádio António Coimbra da Mota (Estoril)
1739124000,Feb 09 2025 - 6:00pm,complete,N/A,Sporting Braga,Gil Vicente,António Emanuel Carvalho Nobre,21,1.50,0.60,2.00,0.87,2,0,2,1,1,0,"10,81","",4,2,0,0,0,1,0,0,1,0,16,9,6,5,8,3,18,9,63,37,1.68,0.91,1.71,1.01,3.15,55,85,60,40,20,30,70,60,90,10.50,4.50,1.47,4.20,6.00,1.28,1.70,3.30,6.50,1.95,1.80,Estádio Municipal de Braga (Braga)
1739133000,Feb 09 2025 - 8:30pm,complete,N/A,Casa Pia,Estrela Amadora,Hélder Miguel Azevedo Malheiro,21,1.60,0.33,1.67,0.67,1,0,1,1,1,0,"37","",5,2,4,0,4,0,1,3,2,2,18,15,5,5,12,8,17,16,57,43,1.19,1.03,1.75,1.47,2.20,52,68,26,21,6,31,74,31,69,9.47,5.79,1.80,3.30,4.50,1.45,2.20,4.50,9.50,2.05,1.70,Estádio Municipal de Rio Maior (Rio Maior)
1739218500,Feb 10 2025 - 8:15pm,complete,N/A,FC Arouca,Rio Ave FC,Iancu Ioan Vasilica,21,1.22,0.70,1.13,0.69,1,1,2,0,0,0,"71","90'6",6,3,0,0,1,0,0,0,0,1,24,16,5,5,13,7,20,10,48,52,1.16,0.92,1.83,1.40,2.14,32,63,31,15,5,20,79,37,74,10.58,5.78,1.95,3.25,3.90,1.38,2.10,4.00,8.00,1.95,1.80,Estádio Municipal de Arouca (Arouca)
1739564100,Feb 14 2025 - 8:15pm,complete,N/A,Boavista FC,Estrela Amadora,Luis Miguel Branco Godinho,22,0.30,0.30,0.38,0.67,0,1,1,1,0,1,"","45'2",7,4,2,0,2,0,0,2,0,2,16,9,2,6,13,3,23,17,55,45,1.28,1.07,1.25,1.26,2.00,30,60,25,15,10,20,70,25,65,8.70,6.10,3.10,2.90,2.40,1.44,2.30,4.33,8.50,1.98,1.73,Estádio do Bessa Século XXI (Porto)
1739633400,Feb 15 2025 - 3:30pm,complete,N/A,Moreirense FC,Casa Pia,João Pedro Silva Pinheiro,22,1.60,1.40,1.56,1.07,3,2,5,3,3,0,"12,26,32","50,90'6",4,5,3,0,1,0,0,3,0,1,19,20,6,4,8,11,17,16,43,57,1.22,1.06,1.46,1.74,2.50,55,80,50,20,10,30,60,45,75,6.30,4.80,2.20,3.10,3.30,1.50,2.46,4.75,9.50,2.00,1.70,Parque Desportivo Comendador Joaquim de Almeida Freitas (Moreira de Cónegos)
1739638800,Feb 15 2025 - 5:00pm,complete,N/A,CD Nacional,GD Estoril Praia,N/A,22,1.60,1.20,1.53,1.13,2,2,4,2,1,1,"45'4,52","4,90'3",7,3,3,0,3,0,1,2,2,1,23,9,9,5,11,3,15,14,49,51,1.34,1.20,2.14,1.15,2.85,40,75,55,35,15,45,70,45,65,7.00,4.80,2.15,3.20,3.30,1.38,2.10,3.85,8.00,1.87,1.82,Estádio da Madeira (Funchal (Ilha da Madeira))
1739642400,Feb 15 2025 - 6:00pm,complete,N/A,Santa Clara,Benfica,Hélder Miguel Azevedo Malheiro,22,2.00,1.70,1.81,2.13,0,1,1,0,0,0,"","55",2,5,5,1,3,0,0,6,0,3,12,20,4,8,6,11,21,17,44,56,1.46,1.74,1.09,2.34,2.30,43,73,38,15,10,38,72,29,73,12.56,5.30,4.75,3.75,1.67,1.38,1.91,4.00,8.00,2.05,1.68,Estádio de São Miguel (Ponta Delgada- Ilha de São Miguel- Açores)
1739651400,Feb 15 2025 - 8:30pm,complete,N/A,Sporting CP,FC Arouca,Miguel Bertolo Nogueira,22,2.70,1.00,2.53,1.00,2,2,4,3,1,2,"17,74","8,45'5",9,9,2,1,3,0,1,2,1,2,27,22,9,8,14,10,6,13,59,41,2.07,1.24,2.63,1.92,3.00,52,77,62,48,15,48,86,48,72,12.55,4.48,0.00,0.00,0.00,0.00,0.00,0.00,0.00,0.00,0.00,Estádio José Alvalade (Lisboa)
1739719800,Feb 16 2025 - 3:30pm,complete,N/A,Rio Ave FC,AVS,David Rafael Oliveira Silva,22,1.70,0.50,1.47,0.56,1,1,2,1,0,1,"62","32",2,4,6,0,1,0,0,6,0,1,19,15,3,3,11,10,14,19,61,39,1.29,1.01,1.56,1.41,2.75,65,80,55,35,10,45,80,35,65,9.20,5.10,0.00,0.00,0.00,0.00,0.00,0.00,0.00,0.00,0.00,Estádio do Rio Ave Futebol Clube (Vila do Conde)
1739728800,Feb 16 2025 - 6:00pm,complete,N/A,Farense,Porto,Tiago Bruno Lopes Martins,22,0.70,1.40,0.53,1.63,0,1,1,0,0,0,"","48",2,4,4,1,2,0,0,5,0,2,10,17,3,3,7,9,15,10,34,66,1.32,1.49,1.03,1.29,2.80,40,80,55,30,15,30,75,55,80,10.70,7.20,8.00,4.60,1.33,1.30,1.83,3.40,6.50,2.20,1.62,Estádio Do Algarve (Almancil)
1739737800,Feb 16 2025 - 8:30pm,complete,N/A,Vitória Guimarães,Sporting Braga,João António Ferreira Gonçalves,22,1.90,2.50,2.00,2.13,0,0,0,0,0,0,"","",7,4,5,0,3,0,2,3,1,2,19,6,5,4,13,2,11,15,51,49,1.47,1.50,1.82,0.82,2.70,45,70,60,25,5,25,60,60,85,13.10,4.40,2.45,3.10,2.88,1.33,1.95,3.50,6.50,1.80,1.95,Estádio Dom Afonso Henriques (Guimarães)
1739823300,Feb 17 2025 - 8:15pm,complete,N/A,Gil Vicente,Famalicão,Anzhony Francisco Gonçalves Rodrigues,22,1.60,1.30,1.19,1.27,0,2,2,1,0,1,"","45,60",5,11,2,0,2,0,0,2,0,2,16,27,3,6,11,16,11,19,54,46,1.25,1.31,1.46,2.15,2.80,65,85,60,25,15,40,75,40,75,8.90,4.50,0.00,0.00,0.00,0.00,0.00,0.00,0.00,0.00,0.00,Estádio Cidade de Barcelos (Barcelos)
1740168900,Feb 21 2025 - 8:15pm,complete,N/A,Sporting Braga,CD Nacional,Cláudio Filipe Ruivo Pereira,23,1.64,0.55,2.00,0.63,1,0,1,1,1,0,"37","",7,6,1,0,2,0,0,1,0,2,23,10,8,4,11,5,14,14,55,45,1.68,1.26,2.12,1.20,2.68,46,82,46,27,9,27,78,50,82,10.91,4.55,1.47,4.33,6.00,1.20,1.61,2.70,4.75,1.80,1.88,Estádio Municipal de Braga (Braga)
1740238200,Feb 22 2025 - 3:30pm,complete,N/A,Casa Pia,Gil Vicente,N/A,23,1.73,0.55,1.67,0.87,1,0,1,0,0,0,"50","",2,5,1,0,2,0,0,1,2,0,13,8,3,2,9,4,1,0,39,61,1.24,0.92,1.26,0.85,2.46,55,73,36,27,9,27,73,41,73,7.91,5.36,2.20,3.00,3.40,1.47,2.40,4.75,9.50,2.05,1.70,Estádio Municipal de Rio Maior (Rio Maior)
1740247200,Feb 22 2025 - 6:00pm,complete,N/A,Benfica,Boavista FC,N/A,23,2.73,0.82,2.69,1.00,3,0,3,1,1,0,"28,70,77","",13,2,0,0,3,1,0,0,2,2,37,7,14,3,18,3,10,7,73,27,2.01,0.98,3.52,0.73,3.19,45,73,73,46,27,46,82,55,78,9.91,4.37,1.10,9.00,17.00,1.11,1.36,1.91,3.20,2.30,1.55,Estádio do Sport Lisboa e Benfica (da Luz) (Lisboa)
1740256200,Feb 22 2025 - 8:30pm,complete,N/A,GD Estoril Praia,Rio Ave FC,Sérgio José dos Santos Guelho,23,1.64,0.73,1.47,0.69,2,1,3,0,0,0,"55,90","83",0,4,2,0,1,0,1,1,0,1,15,14,5,5,8,8,14,9,51,49,1.23,0.97,1.45,1.42,2.45,41,69,46,27,14,41,73,41,69,8.46,5.82,1.95,3.30,3.80,1.33,2.00,3.50,6.50,1.77,1.95,Estádio António Coimbra da Mota (Estoril)
1740324600,Feb 23 2025 - 3:30pm,complete,N/A,FC Arouca,Farense,André Filipe Domingues Narciso,23,1.20,0.73,1.13,0.81,2,2,4,1,0,1,"56,67","44,89",4,9,3,0,3,0,0,3,2,1,13,20,4,9,5,10,16,16,61,39,1.23,0.98,1.11,2.10,1.77,43,62,24,5,0,9,58,34,68,10.34,5.41,1.85,3.30,4.20,1.40,2.15,4.20,8.00,1.95,1.77,Estádio Municipal de Arouca (Arouca)
1740324600,Feb 23 2025 - 3:30pm,complete,N/A,Estrela Amadora,Santa Clara,Miguel Bertolo Nogueira,23,1.27,1.60,1.19,1.40,0,0,0,0,0,0,"","",5,2,3,0,1,0,1,2,0,1,15,7,3,2,9,4,13,19,53,47,1.15,0.99,1.24,0.70,2.75,53,72,52,28,19,38,67,48,86,6.65,6.64,3.40,3.20,2.10,1.53,2.86,5.75,10.00,2.25,1.57,Estádio José Gomes (Amadora)
1740333600,Feb 23 2025 - 6:00pm,complete,N/A,AVS,Sporting CP,Fábio José Costa Veríssimo,23,1.18,2.18,1.00,2.31,2,2,4,2,0,2,"71,90'6","8,33",4,5,5,0,4,1,2,3,0,5,14,12,5,4,6,6,22,13,43,57,1.22,1.96,1.30,1.27,3.00,45,73,55,27,27,41,64,32,87,9.54,5.00,8.50,5.00,1.30,1.22,1.73,2.80,5.25,2.05,1.70,Estádio Clube Desportivo das Aves (Vila das Aves)
1740342600,Feb 23 2025 - 8:30pm,complete,N/A,Famalicão,Moreirense FC,Luis Miguel Branco Godinho,23,1.09,0.64,1.56,0.73,2,0,2,0,0,0,"47,58","",3,1,3,0,2,0,2,1,0,2,22,9,7,7,12,2,19,17,49,51,1.11,1.17,2.01,1.39,2.23,50,64,46,23,9,14,64,32,78,8.64,4.36,2.10,3.00,3.60,1.50,2.40,5.00,10.00,2.10,1.67,Estádio Municipal 22 de Junho (Vila Nova de Famalicão)
1740428100,Feb 24 2025 - 8:15pm,complete,N/A,Porto,Vitória Guimarães,António Emanuel Carvalho Nobre,23,2.64,1.00,2.40,1.27,1,1,2,0,0,0,"67","86",6,7,2,0,2,0,0,2,0,2,22,16,4,6,12,7,20,16,57,43,2.01,1.46,1.67,1.49,2.37,36,73,41,27,0,18,64,50,82,13.63,4.27,1.57,3.80,5.60,1.36,2.00,3.75,7.50,2.00,1.75,Estádio Do Dragão (Porto)
1740843000,Mar 01 2025 - 3:30pm,complete,N/A,CD Nacional,Famalicão,Gustavo Fernandes Correia,24,1.55,1.45,1.53,1.27,2,1,3,1,1,0,"14,90'4","56",1,6,3,0,4,0,0,3,1,3,19,20,6,3,11,13,18,12,54,46,1.41,1.39,1.74,1.50,2.82,46,87,50,27,14,50,73,36,64,9.72,4.55,2.45,3.00,3.00,1.42,2.20,4.20,8.50,1.90,1.78,Estádio da Madeira (Funchal (Ilha da Madeira))
1740852000,Mar 01 2025 - 6:00pm,complete,N/A,FC Arouca,Porto,João António Ferreira Gonçalves,24,1.18,1.55,1.13,1.63,0,2,2,1,0,1,"","13,77",4,2,2,0,2,0,1,1,0,2,10,13,6,3,3,7,13,12,49,51,1.22,1.47,1.33,1.11,2.50,41,78,41,23,9,18,69,50,82,11.00,6.82,4.75,3.60,1.67,1.25,1.91,3.10,6.00,1.95,1.80,Estádio Municipal de Arouca (Arouca)
1740861000,Mar 01 2025 - 8:30pm,complete,N/A,Vitória Guimarães,Casa Pia,André Filipe Domingues Narciso,24,1.82,1.27,2.00,1.07,1,0,1,0,0,0,"79","",7,2,5,0,6,0,3,2,1,5,22,12,7,4,13,7,9,18,64,36,1.51,1.12,2.15,1.16,3.00,50,82,60,36,14,36,64,60,87,10.72,4.82,1.75,3.50,4.60,1.35,2.10,3.75,7.50,2.05,1.70,Estádio Dom Afonso Henriques (Guimarães)
1740929400,Mar 02 2025 - 3:30pm,complete,N/A,Moreirense FC,Estrela Amadora,N/A,24,1.73,0.55,1.56,0.67,1,1,2,0,0,0,"78","55",4,1,2,0,4,0,0,2,3,1,14,9,3,2,9,6,20,13,61,39,1.24,1.09,1.28,0.85,2.19,46,59,37,18,14,27,69,32,60,7.45,5.46,1.91,2.90,4.75,1.50,2.40,4.75,9.50,2.10,1.65,Parque Desportivo Comendador Joaquim de Almeida Freitas (Moreira de Cónegos)
1740929400,Mar 02 2025 - 3:30pm,complete,N/A,Boavista FC,Santa Clara,Bruno Vieira,24,0.27,1.55,0.38,1.40,1,0,1,0,0,0,"81","",9,5,4,0,3,0,1,3,0,3,15,18,6,2,8,10,10,19,31,69,1.28,0.96,1.50,1.29,2.14,36,64,32,18,14,23,64,36,69,7.55,6.73,4.20,3.10,1.95,1.53,2.40,4.75,10.00,2.15,1.68,Estádio do Bessa Século XXI (Porto)
1740938400,Mar 02 2025 - 6:00pm,complete,N/A,Farense,AVS,David Rafael Oliveira Silva,24,0.64,0.55,0.53,0.56,0,1,1,0,0,0,"","90'6",6,1,2,0,2,0,0,2,1,1,20,7,5,4,14,3,24,12,44,56,1.29,1.04,2.02,1.05,2.32,50,69,41,18,9,32,69,32,73,9.73,6.00,2.25,3.00,3.30,1.50,2.40,4.20,8.50,1.95,1.83,Estádio de São Lúis (Faro)
1740947400,Mar 02 2025 - 8:30pm,complete,N/A,Rio Ave FC,Sporting Braga,Fábio José Costa Veríssimo,24,1.64,2.36,1.47,2.13,2,1,3,2,1,1,"5,70","10",2,5,2,0,5,0,1,1,1,4,15,18,7,8,8,8,9,13,37,63,1.31,1.43,1.58,2.03,2.41,55,69,55,23,5,23,68,45,73,10.55,4.36,4.00,3.75,1.75,1.25,1.80,3.10,5.75,1.73,2.00,Estádio do Rio Ave Futebol Clube (Vila do Conde)
1741032900,Mar 03 2025 - 8:15pm,complete,N/A,Sporting CP,GD Estoril Praia,N/A,24,2.55,1.18,2.53,1.13,3,1,4,2,2,0,"5,36,90'6","84",6,6,1,0,1,1,1,0,0,2,16,11,8,3,7,7,10,10,45,55,2.12,1.19,1.76,1.25,3.14,50,78,64,50,18,50,87,50,82,10.09,3.81,1.18,7.00,12.00,1.10,1.60,2.20,3.30,2.00,1.75,Estádio José Alvalade (Lisboa)
1741378500,Mar 07 2025 - 8:15pm,complete,N/A,Estrela Amadora,Gil Vicente,João António Ferreira Gonçalves,25,1.25,0.50,1.19,0.87,1,1,2,0,0,0,"69","83",7,7,5,0,2,0,2,3,1,1,8,13,3,3,4,8,22,10,43,57,1.16,0.91,0.92,1.23,2.63,46,67,50,29,17,30,63,42,83,6.92,5.00,2.65,2.90,2.80,1.50,2.25,4.33,9.00,1.93,1.77,Estádio José Gomes (Amadora)
1741447800,Mar 08 2025 - 3:30pm,complete,N/A,AVS,FC Arouca,Miguel Bertolo Nogueira,25,1.17,1.00,1.00,1.00,0,1,1,0,0,0,"","89",1,7,1,0,1,0,1,0,1,0,11,22,0,6,10,14,15,17,43,57,1.22,1.30,0.91,2.11,2.67,59,67,54,42,13,38,67,34,80,9.00,6.25,2.90,3.00,2.50,1.42,2.25,4.20,8.50,1.93,1.75,Estádio Clube Desportivo das Aves (Vila das Aves)
1741456800,Mar 08 2025 - 6:00pm,complete,N/A,GD Estoril Praia,Farense,António Emanuel Carvalho Nobre,25,1.75,0.75,1.47,0.81,2,2,4,0,0,0,"50,54","85,90'3",4,7,2,0,1,0,0,2,1,0,15,18,4,6,9,10,17,18,59,41,1.24,1.07,1.45,1.67,2.21,50,67,46,21,9,30,58,38,63,8.41,5.84,2.05,3.10,3.60,1.50,1.91,0.00,0.00,1.95,1.80,Estádio António Coimbra da Mota (Estoril)
1741456800,Mar 08 2025 - 6:00pm,complete,N/A,Benfica,CD Nacional,André Filipe Domingues Narciso,25,2.75,0.50,2.69,0.63,3,0,3,2,2,0,"5,23,90'2","",5,3,0,0,3,0,0,0,2,1,23,17,14,6,7,8,11,11,56,44,2.13,1.25,2.71,1.54,2.75,38,71,54,29,21,38,84,50,71,11.91,4.25,1.16,7.00,12.00,1.20,1.49,2.30,4.75,2.15,1.62,Estádio do Sport Lisboa e Benfica (da Luz) (Lisboa)
1741465800,Mar 08 2025 - 8:30pm,complete,N/A,Sporting Braga,Porto,Luis Miguel Branco Godinho,25,1.75,1.67,2.00,1.63,1,0,1,1,1,0,"17","",7,3,2,1,4,0,0,3,3,1,9,8,5,4,4,3,16,14,45,55,1.72,1.44,1.28,1.08,3.09,42,92,54,38,17,33,79,54,88,11.33,5.91,3.30,3.25,2.15,1.33,1.95,3.50,6.50,1.77,1.93,Estádio Municipal de Braga (Braga)
1741534200,Mar 09 2025 - 3:30pm,complete,N/A,Santa Clara,Moreirense FC,N/A,25,1.83,0.58,1.81,0.73,1,1,2,0,0,0,"69","87",4,3,1,0,2,0,0,1,0,2,15,13,5,4,7,6,15,11,51,49,1.43,1.19,1.44,1.18,2.42,46,63,46,25,13,29,63,34,79,8.50,5.42,2.00,3.00,4.10,1.53,2.70,5.00,10.00,2.15,1.62,Estádio de São Miguel (Ponta Delgada- Ilha de São Miguel- Açores)
1741543200,Mar 09 2025 - 6:00pm,complete,N/A,Casa Pia,Sporting CP,Hélder Miguel Azevedo Malheiro,25,1.83,2.08,1.67,2.31,1,3,4,3,1,2,"45","12,34,77",4,4,4,0,3,0,1,3,1,2,11,18,5,7,6,11,9,10,52,48,1.24,1.91,1.23,1.96,3.05,54,80,54,34,17,50,79,46,75,10.83,5.16,6.00,4.20,1.48,1.31,1.60,3.61,7.18,1.91,1.91,Estádio Municipal de Rio Maior (Rio Maior)
1741552200,Mar 09 2025 - 8:30pm,complete,N/A,Boavista FC,Vitória Guimarães,João Pedro Silva Pinheiro,25,0.50,1.00,0.38,1.27,1,2,3,1,1,0,"45'2","50,76",2,7,2,0,1,0,0,2,1,0,8,24,4,11,3,11,17,16,34,66,1.29,1.46,0.92,2.58,1.92,34,54,25,21,4,17,59,34,71,11.17,5.50,6.00,3.80,1.54,1.36,2.10,3.80,7.50,2.10,1.65,Estádio do Bessa Século XXI (Porto)
1741637700,Mar 10 2025 - 8:15pm,complete,N/A,Famalicão,Rio Ave FC,Carlos André Fernandes Macedo,25,1.25,0.67,1.56,0.69,1,0,1,1,1,0,"19","",5,1,1,0,2,0,0,1,0,2,18,13,10,2,7,10,22,13,53,47,1.18,1.01,2.14,1.16,2.00,38,67,34,13,4,17,63,42,67,8.58,4.92,2.00,2.75,4.70,1.38,2.10,3.80,7.50,1.95,1.80,Estádio Municipal 22 de Junho (Vila Nova de Famalicão)
1742052600,Mar 15 2025 - 3:30pm,complete,N/A,Gil Vicente,Santa Clara,Iancu Ioan Vasilica,26,1.45,1.42,1.19,1.40,0,1,1,1,0,1,"","27",5,0,2,0,2,0,1,1,1,1,14,5,2,4,9,1,13,21,68,32,1.27,0.99,1.15,0.72,2.36,53,70,44,18,13,26,62,39,79,7.44,6.12,2.75,3.00,2.65,1.53,2.77,5.88,11.50,2.20,1.62,Estádio Cidade de Barcelos (Barcelos)
1742052600,Mar 15 2025 - 3:30pm,complete,N/A,Farense,Sporting Braga,Gustavo Fernandes Correia,26,0.58,2.17,0.53,2.13,0,1,1,0,0,0,"","70",12,4,2,0,1,0,0,2,0,1,18,13,6,5,8,5,19,14,44,56,1.35,1.48,1.80,1.33,2.05,38,54,46,9,4,17,54,42,79,11.33,5.25,4.20,3.45,1.80,1.39,1.91,3.98,6.68,2.00,1.75,Estádio de São Lúis (Faro)
1742061600,Mar 15 2025 - 6:00pm,complete,N/A,Porto,AVS,Fábio José Costa Veríssimo,26,2.50,0.75,2.40,0.56,2,0,2,1,1,0,"18,61","",4,3,3,0,3,1,0,3,1,3,24,9,9,3,12,5,19,8,68,32,1.98,1.04,2.50,0.93,2.50,50,88,42,21,4,30,67,42,80,11.08,4.75,1.25,5.50,10.50,1.22,1.75,2.72,5.00,2.20,1.62,Estádio Do Dragão (Porto)
1742070600,Mar 15 2025 - 8:30pm,complete,N/A,Sporting CP,Famalicão,Miguel Bertolo Nogueira,26,2.58,1.33,2.53,1.27,3,1,4,2,1,1,"1,64,88","35",11,4,4,1,1,0,2,3,1,0,26,11,9,4,11,5,10,13,53,47,2.09,1.40,2.52,1.32,3.05,54,88,58,38,17,50,88,42,79,12.50,3.59,1.28,5.00,10.00,1.21,1.60,2.25,4.60,2.05,1.70,Estádio José Alvalade (Lisboa)
1742139000,Mar 16 2025 - 3:30pm,complete,N/A,FC Arouca,GD Estoril Praia,Anzhony Francisco Gonçalves Rodrigues,26,1.08,1.08,1.13,1.13,1,1,2,1,1,0,"13","90'2",3,4,0,0,1,0,0,0,0,1,6,15,3,4,2,7,14,14,37,63,1.23,1.20,0.72,1.35,2.63,50,71,50,33,9,25,75,55,83,9.33,4.92,1.95,3.30,3.80,1.36,2.00,3.75,7.50,1.91,1.91,Estádio Municipal de Arouca (Arouca)
1742139000,Mar 16 2025 - 3:30pm,complete,N/A,CD Nacional,Casa Pia,Sérgio José dos Santos Guelho,26,1.67,1.17,1.53,1.07,3,1,4,1,1,0,"45'4,60,75","49",2,5,2,0,1,0,1,1,0,1,15,14,7,4,6,8,11,13,45,55,1.44,1.13,1.55,1.39,2.75,46,83,50,25,13,42,63,46,75,7.50,5.08,2.25,3.20,3.10,1.40,2.20,4.20,8.50,1.95,1.80,Estádio da Madeira (Funchal (Ilha da Madeira))
1742148000,Mar 16 2025 - 6:00pm,complete,N/A,Rio Ave FC,Benfica,João António Ferreira Gonçalves,26,1.75,1.82,1.47,2.13,2,3,5,1,0,1,"64,75","30,53,80",3,11,2,1,1,0,0,3,0,1,9,24,3,9,5,13,16,12,40,60,1.33,1.79,0.88,2.48,2.73,60,83,52,30,9,39,83,35,83,11.67,4.61,8.00,5.00,1.31,1.18,1.60,2.45,4.33,1.91,1.91,Estádio do Rio Ave Futebol Clube (Vila do Conde)
1742157000,Mar 16 2025 - 8:30pm,complete,N/A,Moreirense FC,Boavista FC,Ricardo Baixinho,26,1.67,0.75,1.56,1.00,1,0,1,1,1,0,"31","",6,3,4,0,6,1,1,3,3,4,26,12,4,4,17,4,14,16,57,43,1.25,0.95,2.00,1.00,2.59,55,71,59,29,13,29,67,50,71,5.67,5.25,1.68,3.45,5.00,1.45,2.30,4.50,9.00,2.20,1.62,Parque Desportivo Comendador Joaquim de Almeida Freitas (Moreira de Cónegos)
1742157000,Mar 16 2025 - 8:30pm,complete,N/A,Vitória Guimarães,Estrela Amadora,António Emanuel Carvalho Nobre,26,1.92,0.58,2.00,0.67,2,0,2,1,1,0,"10,66","",8,2,1,0,2,0,0,1,1,1,15,8,7,2,6,6,15,17,61,39,1.56,1.07,1.63,0.93,2.38,38,59,38,25,8,25,63,42,71,11.33,5.83,1.44,3.80,7.00,1.35,2.02,3.75,7.50,2.25,1.57,Estádio Dom Afonso Henriques (Guimarães)
1743192900,Mar 28 2025 - 8:15pm,complete,N/A,Gil Vicente,Benfica,Miguel Bertolo Nogueira,24,1.33,1.92,1.19,2.13,0,3,3,1,0,1,"","22,51,90'7",5,2,4,0,2,0,2,2,0,2,9,24,3,8,5,11,9,16,43,57,1.26,1.85,0.93,2.23,2.55,54,79,46,21,13,29,75,33,84,11.66,4.67,7.50,4.70,1.33,0.00,1.75,0.00,0.00,2.00,1.75,Estádio Cidade de Barcelos (Barcelos)
1743262200,Mar 29 2025 - 3:30pm,complete,N/A,Casa Pia,Rio Ave FC,N/A,27,1.69,0.62,1.67,0.69,2,1,3,2,1,1,"30,62","21",7,4,5,0,1,0,0,5,0,1,9,14,6,6,2,7,19,12,50,50,1.24,1.02,1.16,1.42,2.35,50,69,35,27,4,35,77,39,69,8.08,5.54,2.10,3.20,3.30,0.00,2.15,2.03,0.00,1.80,1.95,Estádio Municipal de Rio Maior (Rio Maior)
1743271200,Mar 29 2025 - 6:00pm,complete,N/A,Estrela Amadora,Sporting CP,Gustavo Fernandes Correia,27,1.23,2.15,1.19,2.31,0,3,3,0,0,0,"","52,81,89",3,2,6,2,1,0,4,4,0,1,12,16,2,8,7,7,18,18,34,66,1.14,1.91,0.82,1.93,3.31,54,81,70,39,23,54,74,50,85,10.00,5.23,8.00,4.90,1.33,1.78,1.67,0.00,0.00,2.05,1.70,Estádio José Gomes (Amadora)
1743280200,Mar 29 2025 - 8:30pm,complete,N/A,Sporting Braga,FC Arouca,N/A,27,1.85,1.15,2.00,1.00,2,1,3,2,2,0,"39,44","68",7,1,2,0,2,0,0,2,0,2,15,9,6,2,4,4,12,9,55,45,1.69,1.36,1.39,0.82,3.00,54,77,62,46,12,39,81,50,77,12.85,5.00,1.69,3.60,4.70,0.00,1.83,1.84,0.00,1.80,1.95,Estádio Municipal de Braga (Braga)
1743345000,Mar 30 2025 - 2:30pm,complete,N/A,Santa Clara,CD Nacional,N/A,27,1.77,0.46,1.81,0.63,1,0,1,1,1,0,"3","",3,4,3,0,2,1,1,2,1,2,14,10,6,5,8,5,1,0,37,63,1.43,1.27,1.50,1.19,1.92,35,58,31,8,4,27,66,31,62,9.00,5.70,1.77,3.20,4.70,1.55,2.40,0.00,0.00,2.20,1.62,Estádio de São Miguel (Ponta Delgada- Ilha de São Miguel- Açores)
1743345000,Mar 30 2025 - 2:30pm,complete,N/A,Famalicão,AVS,N/A,27,1.38,0.69,1.56,0.56,4,1,5,0,0,0,"52,63,77,90'1","62",4,2,2,0,2,0,1,1,1,1,15,7,5,2,10,4,15,21,60,40,1.26,1.04,1.61,0.62,1.85,43,66,27,8,4,19,62,23,62,8.54,5.15,1.71,3.30,4.90,0.00,2.25,2.16,0.00,2.10,1.67,Estádio Municipal 22 de Junho (Vila Nova de Famalicão)
1743354000,Mar 30 2025 - 5:00pm,complete,N/A,GD Estoril Praia,Porto,Hélder Miguel Azevedo Malheiro,27,1.69,1.54,1.47,1.63,1,2,3,2,1,1,"15","45,64",1,6,4,0,2,0,3,1,0,2,4,19,3,9,1,9,19,13,40,60,1.26,1.41,0.62,2.04,2.70,43,77,54,31,15,35,66,46,73,8.54,6.93,6.00,4.00,1.48,0.00,1.95,2.65,0.00,2.05,1.70,Estádio António Coimbra da Mota (Estoril)
1743363000,Mar 30 2025 - 7:30pm,complete,N/A,Moreirense FC,Vitória Guimarães,Cláudio Filipe Ruivo Pereira,27,1.77,1.15,1.56,1.27,2,2,4,2,1,1,"31,77","37,51",2,3,2,0,2,0,1,1,0,2,15,15,4,4,8,8,11,15,40,60,1.30,1.54,1.36,1.33,2.19,54,62,39,23,8,23,58,46,70,9.69,4.93,3.60,2.95,2.05,1.50,2.40,4.60,10.00,2.10,1.67,Parque Desportivo Comendador Joaquim de Almeida Freitas (Moreira de Cónegos)
1743534900,Apr 01 2025 - 7:15pm,complete,N/A,Boavista FC,Gil Vicente,Carlos André Fernandes Macedo,27,0.46,0.54,0.38,0.87,1,3,4,0,0,0,"90'6","55,56,65",3,3,1,1,2,1,0,2,0,3,9,18,4,10,3,5,21,13,38,62,1.27,0.94,1.01,1.87,2.23,39,66,35,19,12,15,62,39,77,8.23,5.31,3.20,3.10,2.20,1.50,2.20,4.75,9.50,1.95,1.80,Estádio do Bessa Século XXI (Porto)
1743621300,Apr 02 2025 - 7:15pm,complete,N/A,Benfica,Farense,N/A,27,2.77,0.77,2.69,0.81,3,2,5,3,2,1,"7,23,54","43,63",5,4,1,0,1,0,0,1,0,1,15,15,8,7,7,5,13,13,71,29,2.18,1.12,2.04,1.53,2.85,46,77,62,35,19,39,73,50,74,11.93,4.31,1.13,7.00,15.00,1.18,1.44,2.25,4.33,2.38,1.53,Estádio do Sport Lisboa e Benfica (da Luz) (Lisboa)
1743794100,Apr 04 2025 - 7:15pm,complete,N/A,AVS,GD Estoril Praia,André Filipe Domingues Narciso,28,1.08,1.08,1.00,1.13,0,3,3,2,0,2,"","20,33,49",4,3,3,0,1,0,0,3,0,1,13,16,2,8,9,7,13,18,45,55,1.20,1.21,0.98,1.83,2.65,54,66,50,39,15,35,66,39,89,6.23,5.23,2.70,3.10,2.50,1.42,2.15,4.33,8.50,1.95,1.80,Estádio Clube Desportivo das Aves (Vila das Aves)
1743872400,Apr 05 2025 - 5:00pm,complete,N/A,FC Arouca,Famalicão,N/A,28,1.08,1.23,1.13,1.27,1,2,3,1,0,1,"71","35,76",3,7,3,0,5,0,1,2,2,3,17,8,7,6,8,2,17,16,59,41,1.19,1.39,1.75,1.15,2.50,54,81,43,20,8,23,77,42,81,11.23,4.39,2.30,3.10,2.95,1.43,2.10,4.47,8.40,1.91,1.91,Estádio Municipal de Arouca (Arouca)
1743881400,Apr 05 2025 - 7:30pm,complete,N/A,Vitória Guimarães,Santa Clara,N/A,28,2.00,1.54,2.00,1.40,2,0,2,1,1,0,"4,89","",7,6,1,0,2,0,0,1,1,1,13,19,4,7,6,10,11,16,52,48,1.56,0.97,1.16,1.85,2.47,38,62,43,27,12,27,58,46,77,10.23,6.23,1.77,3.20,4.70,1.53,2.40,5.76,0.00,2.25,1.57,Estádio Dom Afonso Henriques (Guimarães)
1743949800,Apr 06 2025 - 2:30pm,complete,N/A,Gil Vicente,Moreirense FC,N/A,28,1.23,0.62,1.19,0.73,0,1,1,0,0,0,"","48",7,0,3,0,4,0,1,2,1,3,13,10,5,3,7,7,15,14,58,42,1.24,1.19,1.41,1.06,2.66,58,77,54,27,12,23,70,42,89,7.76,4.69,2.50,3.10,2.70,1.42,2.30,4.20,8.50,2.05,1.70,Estádio Cidade de Barcelos (Barcelos)
1743958800,Apr 06 2025 - 5:00pm,complete,N/A,CD Nacional,Estrela Amadora,Hélder Miguel Azevedo Malheiro,28,1.77,0.54,1.53,0.67,0,1,1,0,0,0,"","81",7,5,1,0,2,0,1,0,1,1,26,14,7,4,13,10,15,14,61,39,1.45,1.06,2.05,1.40,2.35,39,70,35,20,8,31,69,35,62,7.92,5.46,2.05,3.10,3.60,1.42,2.30,4.20,8.50,2.00,1.75,Estádio da Madeira (Funchal (Ilha da Madeira))
1743967800,Apr 06 2025 - 7:30pm,complete,N/A,Porto,Benfica,João Pedro Silva Pinheiro,28,2.54,2.00,2.40,2.13,1,4,5,2,0,2,"81","1,42,69,90'4",2,6,3,0,1,0,1,2,1,0,18,22,4,9,10,9,17,11,61,39,2.02,1.88,1.51,1.99,2.69,42,93,46,23,8,23,73,50,92,14.00,4.15,2.50,3.20,2.65,1.33,1.93,3.40,6.50,1.75,2.00,Estádio Do Dragão (Porto)
1744047900,Apr 07 2025 - 5:45pm,complete,N/A,Farense,Casa Pia,Iancu Ioan Vasilica,28,0.54,1.08,0.53,1.07,0,0,0,0,0,0,"","",13,3,4,0,2,0,2,2,0,2,15,3,7,0,7,3,18,21,50,50,1.39,1.15,1.80,0.43,2.47,43,66,46,23,12,23,58,46,89,9.69,5.23,2.80,2.95,2.50,1.43,2.40,4.40,8.50,2.00,1.75,Estádio de São Lúis (Faro)
1744053300,Apr 07 2025 - 7:15pm,complete,N/A,Rio Ave FC,Boavista FC,Cláudio Filipe Ruivo Pereira,28,1.62,0.69,1.47,1.00,0,2,2,1,0,1,"","17,74",9,2,3,0,2,0,0,3,0,2,20,8,4,5,15,2,15,12,67,33,1.30,0.96,1.89,1.04,2.85,58,74,66,39,12,31,85,46,73,7.08,5.46,1.77,3.40,4.30,1.33,2.05,3.64,6.85,1.95,1.80,Estádio do Rio Ave Futebol Clube (Vila do Conde)
1744055100,Apr 07 2025 - 7:45pm,complete,N/A,Sporting CP,Sporting Braga,Luis Miguel Branco Godinho,28,2.62,2.23,2.53,2.13,1,1,2,1,1,0,"15","87",4,0,3,0,4,1,0,3,2,3,17,11,9,4,8,5,11,21,48,52,2.13,1.47,2.01,1.10,2.54,46,70,54,27,8,39,69,42,81,12.92,4.00,1.51,4.00,5.50,0.00,1.73,0.00,0.00,1.80,1.95,Estádio José Alvalade (Lisboa)
1744398900,Apr 11 2025 - 7:15pm,complete,N/A,Gil Vicente,Vitória Guimarães,Ricardo Baixinho,29,1.14,1.14,1.19,1.27,0,1,1,0,0,0,"","77",1,6,1,0,6,0,0,1,3,3,8,8,2,2,4,4,11,20,49,51,1.25,1.53,0.75,0.90,2.25,50,64,43,22,4,21,64,43,79,10.64,4.86,3.60,3.10,2.05,1.42,2.37,4.75,8.30,2.05,1.68,Estádio Cidade de Barcelos (Barcelos)
1744468200,Apr 12 2025 - 2:30pm,complete,N/A,Boavista FC,CD Nacional,David Rafael Oliveira Silva,29,0.43,0.43,0.38,0.63,0,1,1,1,0,1,"","16",7,7,3,1,4,0,0,4,1,3,30,20,9,6,14,10,3,2,51,49,1.25,1.27,2.43,1.82,2.00,33,61,33,14,4,18,72,33,64,8.57,5.64,2.90,3.00,2.45,1.40,2.20,4.20,8.00,1.91,1.91,Estádio do Bessa Século XXI (Porto)
1744468200,Apr 12 2025 - 2:30pm,complete,N/A,Famalicão,GD Estoril Praia,N/A,29,1.50,1.21,1.56,1.13,3,0,3,0,0,0,"63,72,90'3","",3,8,3,0,4,0,0,3,1,3,11,8,5,3,5,4,10,14,42,58,1.28,1.25,1.16,0.95,2.43,47,68,50,29,11,25,68,47,72,7.93,4.35,1.95,3.30,3.70,1.33,2.10,3.64,6.90,1.88,1.80,Estádio Municipal 22 de Junho (Vila Nova de Famalicão)
1744477200,Apr 12 2025 - 5:00pm,complete,N/A,Santa Clara,Sporting CP,Cláudio Filipe Ruivo Pereira,29,1.86,2.21,1.81,2.31,0,1,1,0,0,0,"","50",3,3,4,1,2,1,3,2,0,3,15,10,3,6,9,3,18,11,37,63,1.44,1.91,1.21,1.21,2.86,43,72,58,25,18,47,68,43,72,10.65,5.36,5.50,3.90,1.54,1.38,1.73,3.90,8.00,2.10,1.67,Estádio de São Miguel (Ponta Delgada- Ilha de São Miguel- Açores)
1744486200,Apr 12 2025 - 7:30pm,complete,N/A,Casa Pia,Porto,N/A,29,1.79,1.64,1.67,1.63,0,1,1,1,0,1,"","5",4,3,2,0,2,0,1,1,0,2,6,13,3,4,3,7,12,16,47,53,1.23,1.46,0.82,1.21,2.58,50,79,43,29,7,40,79,36,75,9.07,7.00,5.90,3.80,1.51,1.33,1.96,3.65,7.00,2.05,1.70,Estádio Municipal de Rio Maior (Rio Maior)
1744554600,Apr 13 2025 - 2:30pm,complete,N/A,Estrela Amadora,Farense,Fábio José Costa Veríssimo,29,1.14,0.71,1.19,0.81,0,1,1,0,0,0,"","47",7,3,1,0,0,0,1,0,0,0,16,13,4,7,10,4,22,11,59,41,1.12,1.15,1.45,1.42,2.50,54,71,50,29,11,29,57,47,75,8.15,5.93,2.35,3.00,3.00,1.50,2.30,5.00,9.50,2.10,1.67,Estádio José Gomes (Amadora)
1744563600,Apr 13 2025 - 5:00pm,complete,N/A,Benfica,FC Arouca,António Emanuel Carvalho Nobre,29,2.79,1.07,2.69,1.00,2,2,4,0,0,0,"60,79","72,90'5",11,5,1,0,3,0,0,1,1,2,35,11,8,5,19,4,6,12,55,45,2.17,1.32,2.76,1.05,3.32,54,79,79,50,25,57,86,54,79,12.93,4.43,1.22,5.70,10.50,1.06,1.39,2.10,3.40,1.98,1.74,Estádio do Sport Lisboa e Benfica (da Luz) (Lisboa)
1744563600,Apr 13 2025 - 5:00pm,complete,N/A,Sporting Braga,AVS,Tiago Bruno Lopes Martins,29,1.93,0.64,2.00,0.56,4,1,5,4,3,1,"5,26,37,90'3","45'1",7,3,2,0,2,0,2,0,0,2,20,5,8,4,10,1,13,8,64,36,1.66,1.01,2.04,0.77,2.75,54,83,47,29,14,36,75,36,79,10.57,4.93,1.24,5.10,10.50,1.22,1.75,2.80,5.25,2.00,1.75,Estádio Municipal de Braga (Braga)
1744572600,Apr 13 2025 - 7:30pm,complete,N/A,Moreirense FC,Rio Ave FC,N/A,29,1.71,0.57,1.56,0.69,0,2,2,0,0,0,"","72,90",2,2,3,1,5,0,0,4,1,4,10,13,2,4,5,6,13,26,48,52,1.31,1.05,0.78,1.19,2.47,54,71,47,25,11,36,72,47,68,6.86,5.07,2.05,3.20,3.50,1.42,2.15,4.20,8.50,2.00,1.75,Parque Desportivo Comendador Joaquim de Almeida Freitas (Moreira de Cónegos)
1744986600,Apr 18 2025 - 2:30pm,complete,N/A,Rio Ave FC,Santa Clara,Sérgio José dos Santos Guelho,30,1.50,1.43,1.47,1.40,1,1,2,1,1,0,"25","85",6,4,2,0,2,0,1,1,1,1,10,18,4,7,6,10,15,14,49,51,1.34,1.03,1.23,1.87,2.57,54,72,47,29,14,29,75,40,75,8.00,5.79,3.30,2.95,2.20,1.81,2.30,0.00,0.00,2.00,1.75,N/A
1744986600,Apr 18 2025 - 2:30pm,complete,N/A,Farense,Boavista FC,Luis Miguel Branco Godinho,30,0.57,0.86,0.53,1.00,0,1,1,0,0,0,"","68",4,4,0,0,5,0,0,0,0,5,16,6,5,4,9,2,8,15,50,50,1.42,0.96,1.63,0.87,2.22,33,54,47,22,7,18,65,40,75,9.21,6.00,1.71,3.40,4.70,2.66,2.10,0.00,0.00,2.00,1.75,N/A
1744995600,Apr 18 2025 - 5:00pm,complete,N/A,Porto,Famalicão,Miguel Bertolo Nogueira,30,2.36,1.36,2.40,1.27,2,1,3,1,1,0,"20,57","82",4,5,2,1,3,0,2,1,2,1,9,16,3,5,6,8,17,13,58,42,1.99,1.37,1.10,1.43,2.93,54,97,57,29,11,32,79,57,86,12.07,4.29,1.39,4.30,7.00,0.00,1.85,0.00,0.00,2.05,1.70,N/A
1745004600,Apr 18 2025 - 7:30pm,complete,N/A,Sporting CP,Moreirense FC,Fábio José Costa Veríssimo,30,2.50,0.79,2.53,0.73,3,1,4,2,2,0,"12,25,52","56",4,2,2,0,3,0,1,1,0,3,24,9,11,3,9,4,8,17,64,36,2.12,1.18,2.45,0.78,2.93,57,79,54,43,14,39,75,43,93,10.35,4.15,1.24,5.30,11.00,0.00,1.70,2.30,2.25,2.20,1.62,N/A
1745073000,Apr 19 2025 - 2:30pm,complete,N/A,AVS,Casa Pia,Pedro Miguel Torres Ramalho,30,1.00,1.07,1.00,1.07,1,1,2,1,1,0,"2","90'5",3,4,7,0,2,0,2,5,1,1,14,9,4,4,9,4,14,11,34,66,1.18,1.09,1.41,1.13,2.43,47,68,43,25,14,29,54,32,90,6.57,5.29,2.90,2.90,2.45,2.34,2.37,0.00,0.00,2.00,1.75,N/A
1745073000,Apr 19 2025 - 2:30pm,complete,N/A,CD Nacional,Gil Vicente,Iancu Ioan Vasilica,30,1.64,0.71,1.53,0.87,0,3,3,1,0,1,"","16,62,82",9,0,0,1,3,0,1,0,1,2,27,9,8,4,15,3,8,12,64,36,1.49,1.00,2.37,0.86,2.64,47,75,47,29,11,29,57,47,75,7.71,4.79,2.35,3.00,3.00,0.00,2.15,0.00,0.00,1.91,1.91,N/A
1745082000,Apr 19 2025 - 5:00pm,complete,N/A,FC Arouca,Estrela Amadora,Bruno Vieira,30,1.00,0.71,1.13,0.67,1,0,1,0,0,0,"67","",4,4,4,0,4,0,2,2,2,2,25,9,8,4,11,5,17,16,57,43,1.23,1.08,2.10,1.12,1.93,40,61,22,7,4,7,68,32,75,9.79,5.22,1.91,3.20,4.00,3.95,2.20,0.00,0.00,1.95,1.80,N/A
1745082000,Apr 19 2025 - 5:00pm,complete,N/A,GD Estoril Praia,Sporting Braga,João Pedro Silva Pinheiro,30,1.57,2.14,1.47,2.13,0,2,2,2,0,2,"","5,21",1,2,1,0,0,0,0,1,0,0,8,7,4,4,3,2,11,15,39,61,1.21,1.45,0.96,0.89,2.25,50,64,54,15,7,29,54,40,75,9.14,5.36,3.80,3.30,1.87,0.00,1.91,0.00,0.00,1.80,1.95,N/A
1745091000,Apr 19 2025 - 7:30pm,complete,N/A,Vitória Guimarães,Benfica,Gustavo Fernandes Correia,30,2.07,2.07,2.00,2.13,0,3,3,1,0,1,"","21,77,84",7,3,2,0,4,0,0,2,1,3,22,10,7,8,12,1,10,12,58,42,1.54,1.89,2.06,1.26,2.83,43,79,50,33,14,33,72,47,90,14.15,4.71,5.30,3.70,1.59,1.22,1.91,3.25,4.87,1.91,1.91,N/A
1745609400,Apr 25 2025 - 7:30pm,complete,N/A,Famalicão,Sporting Braga,João António Ferreira Gonçalves,31,1.60,2.20,1.56,2.13,1,1,2,1,1,0,"8","74",6,9,1,0,4,0,1,0,3,1,10,23,5,5,4,13,16,15,44,56,1.28,1.41,1.15,1.83,1.84,37,60,37,4,4,10,50,37,67,9.54,4.47,3.90,3.30,1.91,1.94,2.00,0.00,0.00,1.91,1.91,N/A
1745677800,Apr 26 2025 - 2:30pm,complete,N/A,Santa Clara,FC Arouca,Ricardo Baixinho,31,1.73,1.07,1.81,1.00,2,0,2,2,2,0,"4,37","",3,5,4,0,5,1,2,2,0,6,14,19,7,5,4,11,14,14,39,61,1.42,1.30,1.42,1.62,2.40,50,60,50,30,7,37,63,37,67,10.20,6.20,1.74,3.30,4.70,1.50,2.25,0.00,0.00,2.00,1.75,N/A
1745686800,Apr 26 2025 - 5:00pm,complete,N/A,Gil Vicente,Farense,Gustavo Fernandes Correia,31,1.07,0.87,1.19,0.81,1,0,1,0,0,0,"90'2","",4,1,1,0,3,0,0,1,1,2,16,10,4,3,10,7,16,12,54,46,1.22,1.16,1.53,1.04,2.24,50,67,44,20,7,20,60,37,74,8.53,4.94,2.52,3.08,3.19,0.00,2.25,0.00,0.00,1.95,1.80,N/A
1745695800,Apr 26 2025 - 7:30pm,complete,N/A,Estrela Amadora,Porto,David Rafael Oliveira Silva,31,1.07,1.73,1.19,1.63,2,0,2,1,1,0,"38,62","",5,11,5,0,3,0,0,5,1,2,17,15,6,6,7,6,17,14,32,68,1.14,1.44,1.42,1.63,2.64,40,74,50,27,13,33,67,44,80,8.34,6.93,8.00,4.50,1.36,0.00,1.85,0.00,0.00,2.00,1.75,N/A
1745764200,Apr 27 2025 - 2:30pm,complete,N/A,Moreirense FC,CD Nacional,Bruno Vieira,31,1.60,0.60,1.56,0.63,1,1,2,0,0,0,"63","80",2,5,1,0,0,0,0,1,0,0,11,24,4,5,5,15,10,13,58,42,1.27,1.31,1.16,1.87,2.14,44,63,37,17,7,27,70,40,60,7.40,5.46,2.10,3.20,3.30,0.00,2.15,0.00,0.00,1.91,1.91,N/A
1745773200,Apr 27 2025 - 5:00pm,complete,N/A,Vitória Guimarães,Rio Ave FC,N/A,31,1.93,0.73,2.00,0.69,3,0,3,3,3,0,"15,31,44","",9,1,1,0,2,0,1,0,1,1,30,14,8,5,19,8,16,7,59,41,1.57,1.06,2.60,1.32,2.60,37,73,47,27,7,30,70,50,80,10.74,5.20,1.63,3.60,4.90,0.00,1.80,3.64,0.00,1.95,1.80,N/A
1745773200,Apr 27 2025 - 5:00pm,complete,N/A,Benfica,AVS,Carlos André Fernandes Macedo,31,2.67,0.60,2.69,0.56,6,0,6,4,4,0,"8,23,26,40,71,82","",10,4,1,0,3,0,0,1,2,1,27,9,12,4,12,4,11,12,57,43,2.21,0.99,2.80,0.97,3.17,54,84,64,40,30,50,77,44,80,11.20,4.34,1.08,9.00,25.00,0.00,1.30,1.91,0.00,2.25,1.57,N/A
1745782200,Apr 27 2025 - 7:30pm,complete,N/A,Boavista FC,Sporting CP,Miguel Bertolo Nogueira,31,0.40,2.27,0.38,2.31,0,5,5,2,0,2,"","6,45'1,50,57,90'2",3,5,3,0,4,0,1,2,2,2,8,32,0,13,7,13,14,14,38,62,1.33,1.87,0.60,2.89,2.87,40,74,57,30,17,37,70,43,77,10.33,5.53,10.50,5.70,1.22,0.00,1.57,2.24,2.37,2.10,1.67,N/A
1745867700,Apr 28 2025 - 7:15pm,suspended,N/A,Casa Pia,GD Estoril Praia,N/A,31,1.67,1.13,1.67,1.13,0,0,0,0,0,0,"","",-1,-1,-1,-1,-1,-1,-1,-1,-1,-1,-1,-1,-1,-1,-1,-1,-1,-1,-1,-1,1.20,1.23,0.00,0.00,2.70,57,74,53,37,7,44,80,44,77,8.14,5.33,2.10,3.10,3.30,0.00,2.20,0.00,0.00,1.95,1.80,Estádio Pina Manique (Lisboa)
1746213300,May 02 2025 - 7:15pm,incomplete,N/A,Porto,Moreirense FC,N/A,32,2.40,0.73,2.40,0.73,0,0,0,0,0,0,"","",-1,-1,-1,-1,-1,-1,-1,-1,-1,-1,-1,-1,-1,-1,-1,-1,-1,-1,-1,-1,1.93,1.15,0.00,0.00,2.84,54,87,53,34,10,24,67,57,97,9.60,4.46,1.36,4.10,8.50,0.00,2.05,0.00,0.00,2.63,1.44,Estádio Do Dragão (Porto)
1746282600,May 03 2025 - 2:30pm,incomplete,N/A,Farense,Famalicão,N/A,32,0.53,1.27,0.53,1.27,0,0,0,0,0,0,"","",-1,-1,-1,-1,-1,-1,-1,-1,-1,-1,-1,-1,-1,-1,-1,-1,-1,-1,-1,-1,1.43,1.38,0.00,0.00,2.44,47,67,50,20,10,27,67,43,80,11.86,5.06,2.55,3.10,2.60,0.00,2.10,0.00,0.00,1.80,1.95,Estádio de São Lúis (Faro)
1746282600,May 03 2025 - 2:30pm,incomplete,N/A,CD Nacional,Vitória Guimarães,N/A,32,1.53,1.27,1.53,1.27,0,0,0,0,0,0,"","",-1,-1,-1,-1,-1,-1,-1,-1,-1,-1,-1,-1,-1,-1,-1,-1,-1,-1,-1,-1,1.55,1.49,0.00,0.00,2.40,44,67,43,27,4,30,60,47,74,10.60,4.93,4.10,3.30,1.80,0.00,2.05,0.00,0.00,1.91,1.91,Estádio da Madeira (Funchal (Ilha da Madeira))
1746291600,May 03 2025 - 5:00pm,incomplete,N/A,Sporting Braga,Santa Clara,N/A,32,2.00,1.40,2.00,1.40,0,0,0,0,0,0,"","",-1,-1,-1,-1,-1,-1,-1,-1,-1,-1,-1,-1,-1,-1,-1,-1,-1,-1,-1,-1,1.69,1.09,0.00,0.00,2.64,47,74,44,27,17,30,74,40,80,10.20,5.33,1.71,3.20,5.10,0.00,2.30,0.00,0.00,2.20,1.62,Estádio Municipal de Braga (Braga)
1746300600,May 03 2025 - 7:30pm,incomplete,N/A,GD Estoril Praia,Benfica,N/A,32,1.47,2.13,1.47,2.13,0,0,0,0,0,0,"","",-1,-1,-1,-1,-1,-1,-1,-1,-1,-1,-1,-1,-1,-1,-1,-1,-1,-1,-1,-1,1.20,1.85,0.00,0.00,2.74,50,80,57,27,17,40,70,44,80,10.47,5.07,9.00,5.90,1.24,0.00,1.40,2.30,0.00,1.95,1.80,Estádio António Coimbra da Mota (Estoril)
1746369000,May 04 2025 - 2:30pm,incomplete,N/A,Rio Ave FC,Estrela Amadora,N/A,32,1.47,0.67,1.47,0.67,0,0,0,0,0,0,"","",-1,-1,-1,-1,-1,-1,-1,-1,-1,-1,-1,-1,-1,-1,-1,-1,-1,-1,-1,-1,1.33,1.09,0.00,0.00,2.37,50,67,37,24,10,23,77,30,74,8.93,5.26,2.30,3.10,2.95,0.00,2.05,0.00,0.00,0.00,0.00,Estádio do Rio Ave Futebol Clube (Vila do Conde)
1746378000,May 04 2025 - 5:00pm,incomplete,N/A,FC Arouca,Casa Pia,N/A,32,1.13,1.07,1.13,1.07,0,0,0,0,0,0,"","",-1,-1,-1,-1,-1,-1,-1,-1,-1,-1,-1,-1,-1,-1,-1,-1,-1,-1,-1,-1,1.29,1.10,0.00,0.00,2.30,50,74,37,17,7,14,64,44,87,9.14,4.80,2.10,3.10,3.30,0.00,2.10,0.00,0.00,0.00,0.00,Estádio Municipal de Arouca (Arouca)
1746387000,May 04 2025 - 7:30pm,incomplete,N/A,Sporting CP,Gil Vicente,N/A,32,2.53,0.87,2.53,0.87,0,0,0,0,0,0,"","",-1,-1,-1,-1,-1,-1,-1,-1,-1,-1,-1,-1,-1,-1,-1,-1,-1,-1,-1,-1,2.14,0.99,0.00,0.00,2.90,54,80,54,40,13,37,73,50,87,10.27,4.27,1.11,7.00,17.00,0.00,1.53,2.25,0.00,0.00,0.00,Estádio José Alvalade (Lisboa)
1746472500,May 05 2025 - 7:15pm,incomplete,N/A,AVS,Boavista FC,N/A,32,1.00,1.00,1.00,1.00,0,0,0,0,0,0,"","",-1,-1,-1,-1,-1,-1,-1,-1,-1,-1,-1,-1,-1,-1,-1,-1,-1,-1,-1,-1,1.20,0.96,0.00,0.00,2.30,40,60,43,24,10,24,63,27,83,5.73,6.40,2.35,3.00,3.00,0.00,2.15,0.00,0.00,0.00,0.00,Estádio Clube Desportivo das Aves (Vila das Aves)
1746887400,May 10 2025 - 2:30pm,incomplete,N/A,CD Nacional,Rio Ave FC,N/A,33,1.53,0.69,1.53,0.69,0,0,0,0,0,0,"","",-1,-1,-1,-1,-1,-1,-1,-1,-1,-1,-1,-1,-1,-1,-1,-1,-1,-1,-1,-1,1.55,1.07,0.00,0.00,2.59,39,78,49,23,7,39,71,46,68,7.84,5.03,0.00,0.00,0.00,0.00,0.00,0.00,0.00,0.00,0.00,Estádio da Madeira (Funchal (Ilha da Madeira))
1746887400,May 10 2025 - 2:30pm,incomplete,N/A,Santa Clara,Famalicão,N/A,33,1.81,1.27,1.81,1.27,0,0,0,0,0,0,"","",-1,-1,-1,-1,-1,-1,-1,-1,-1,-1,-1,-1,-1,-1,-1,-1,-1,-1,-1,-1,1.42,1.38,0.00,0.00,2.41,49,72,46,17,10,36,72,39,68,9.96,5.64,0.00,0.00,0.00,0.00,0.00,0.00,0.00,0.00,0.00,Estádio de São Miguel (Ponta Delgada- Ilha de São Miguel- Açores)
1746896400,May 10 2025 - 5:00pm,incomplete,N/A,Benfica,Sporting CP,N/A,33,2.69,2.31,2.69,2.31,0,0,0,0,0,0,"","",-1,-1,-1,-1,-1,-1,-1,-1,-1,-1,-1,-1,-1,-1,-1,-1,-1,-1,-1,-1,2.25,1.93,0.00,0.00,3.82,44,88,85,50,38,63,82,63,88,13.37,3.94,0.00,0.00,0.00,0.00,0.00,0.00,0.00,0.00,0.00,Estádio do Sport Lisboa e Benfica (da Luz) (Lisboa)
1746905400,May 10 2025 - 7:30pm,incomplete,N/A,Gil Vicente,FC Arouca,N/A,33,1.19,1.00,1.19,1.00,0,0,0,0,0,0,"","",-1,-1,-1,-1,-1,-1,-1,-1,-1,-1,-1,-1,-1,-1,-1,-1,-1,-1,-1,-1,1.24,1.32,0.00,0.00,2.57,54,69,57,32,6,35,69,38,75,9.75,5.57,0.00,0.00,0.00,0.00,0.00,0.00,0.00,0.00,0.00,Estádio Cidade de Barcelos (Barcelos)
1746905400,May 10 2025 - 7:30pm,incomplete,N/A,Casa Pia,Sporting Braga,N/A,33,1.67,2.13,1.67,2.13,0,0,0,0,0,0,"","",-1,-1,-1,-1,-1,-1,-1,-1,-1,-1,-1,-1,-1,-1,-1,-1,-1,-1,-1,-1,1.20,1.44,0.00,0.00,2.08,52,65,36,14,0,30,68,29,71,9.80,5.38,0.00,0.00,0.00,0.00,0.00,0.00,0.00,0.00,0.00,Estádio Pina Manique (Lisboa)
1746973800,May 11 2025 - 2:30pm,incomplete,N/A,Estrela Amadora,AVS,N/A,33,1.19,0.56,1.19,0.56,0,0,0,0,0,0,"","",-1,-1,-1,-1,-1,-1,-1,-1,-1,-1,-1,-1,-1,-1,-1,-1,-1,-1,-1,-1,1.16,0.99,0.00,0.00,2.69,50,75,47,28,19,38,63,35,82,7.69,6.13,0.00,0.00,0.00,0.00,0.00,0.00,0.00,0.00,0.00,Estádio José Gomes (Amadora)
1746982800,May 11 2025 - 5:00pm,incomplete,N/A,Vitória Guimarães,Farense,N/A,33,2.00,0.81,2.00,0.81,0,0,0,0,0,0,"","",-1,-1,-1,-1,-1,-1,-1,-1,-1,-1,-1,-1,-1,-1,-1,-1,-1,-1,-1,-1,1.63,1.16,0.00,0.00,2.47,41,69,47,28,6,25,60,44,75,11.38,4.94,0.00,0.00,0.00,0.00,0.00,0.00,0.00,0.00,0.00,Estádio Dom Afonso Henriques (Guimarães)
1746982800,May 11 2025 - 5:00pm,incomplete,N/A,Moreirense FC,GD Estoril Praia,N/A,33,1.56,1.13,1.56,1.13,0,0,0,0,0,0,"","",-1,-1,-1,-1,-1,-1,-1,-1,-1,-1,-1,-1,-1,-1,-1,-1,-1,-1,-1,-1,1.27,1.23,0.00,0.00,2.79,58,78,59,36,13,39,68,58,78,6.60,4.96,0.00,0.00,0.00,0.00,0.00,0.00,0.00,0.00,0.00,Parque Desportivo Comendador Joaquim de Almeida Freitas (Moreira de Cónegos)
1746991800,May 11 2025 - 7:30pm,incomplete,N/A,Boavista FC,Porto,N/A,33,0.38,1.63,0.38,1.63,0,0,0,0,0,0,"","",-1,-1,-1,-1,-1,-1,-1,-1,-1,-1,-1,-1,-1,-1,-1,-1,-1,-1,-1,-1,1.28,1.45,0.00,0.00,2.44,31,72,41,25,13,25,75,38,72,9.32,6.88,0.00,0.00,0.00,0.00,0.00,0.00,0.00,0.00,0.00,Estádio do Bessa Século XXI (Porto)
1747432800,May 16 2025 - 10:00pm,incomplete,N/A,Farense,Santa Clara,N/A,34,0.53,1.40,0.53,1.40,0,0,0,0,0,0,"","",-1,-1,-1,-1,-1,-1,-1,-1,-1,-1,-1,-1,-1,-1,-1,-1,-1,-1,-1,-1,1.43,1.09,0.00,0.00,1.97,34,50,30,13,10,17,54,33,77,9.73,6.06,0.00,0.00,0.00,0.00,0.00,0.00,0.00,0.00,0.00,Estádio de São Lúis (Faro)
1747432800,May 16 2025 - 10:00pm,incomplete,N/A,FC Arouca,Boavista FC,N/A,34,1.13,1.00,1.13,1.00,0,0,0,0,0,0,"","",-1,-1,-1,-1,-1,-1,-1,-1,-1,-1,-1,-1,-1,-1,-1,-1,-1,-1,-1,-1,1.29,0.96,0.00,0.00,2.20,40,64,40,17,4,10,70,40,80,8.27,5.67,0.00,0.00,0.00,0.00,0.00,0.00,0.00,0.00,0.00,Estádio Municipal de Arouca (Arouca)
1747432800,May 16 2025 - 10:00pm,incomplete,N/A,AVS,Moreirense FC,N/A,34,1.00,0.73,1.00,0.73,0,0,0,0,0,0,"","",-1,-1,-1,-1,-1,-1,-1,-1,-1,-1,-1,-1,-1,-1,-1,-1,-1,-1,-1,-1,1.20,1.15,0.00,0.00,2.50,54,67,43,30,13,27,57,30,97,6.20,5.53,0.00,0.00,0.00,0.00,0.00,0.00,0.00,0.00,0.00,Estádio Clube Desportivo das Aves (Vila das Aves)
1747432800,May 16 2025 - 10:00pm,incomplete,N/A,Porto,CD Nacional,N/A,34,2.40,0.63,2.40,0.63,0,0,0,0,0,0,"","",-1,-1,-1,-1,-1,-1,-1,-1,-1,-1,-1,-1,-1,-1,-1,-1,-1,-1,-1,-1,1.93,1.34,0.00,0.00,2.34,39,78,39,17,4,20,74,49,75,10.78,4.69,0.00,0.00,0.00,0.00,0.00,0.00,0.00,0.00,0.00,Estádio Do Dragão (Porto)
1747432800,May 16 2025 - 10:00pm,incomplete,N/A,Famalicão,Casa Pia,N/A,34,1.56,1.07,1.56,1.07,0,0,0,0,0,0,"","",-1,-1,-1,-1,-1,-1,-1,-1,-1,-1,-1,-1,-1,-1,-1,-1,-1,-1,-1,-1,1.27,1.10,0.00,0.00,2.21,46,72,39,17,10,14,55,43,75,8.22,4.46,0.00,0.00,0.00,0.00,0.00,0.00,0.00,0.00,0.00,Estádio Municipal 22 de Junho (Vila Nova de Famalicão)
1747432800,May 16 2025 - 10:00pm,incomplete,N/A,Sporting Braga,Benfica,N/A,34,2.00,2.13,2.00,2.13,0,0,0,0,0,0,"","",-1,-1,-1,-1,-1,-1,-1,-1,-1,-1,-1,-1,-1,-1,-1,-1,-1,-1,-1,-1,1.69,1.85,0.00,0.00,3.04,50,87,57,34,20,37,84,47,90,13.60,4.27,0.00,0.00,0.00,0.00,0.00,0.00,0.00,0.00,0.00,Estádio Municipal de Braga (Braga)
1747432800,May 16 2025 - 10:00pm,incomplete,N/A,Sporting CP,Vitória Guimarães,N/A,34,2.53,1.27,2.53,1.27,0,0,0,0,0,0,"","",-1,-1,-1,-1,-1,-1,-1,-1,-1,-1,-1,-1,-1,-1,-1,-1,-1,-1,-1,-1,2.14,1.49,0.00,0.00,2.64,54,70,47,40,7,40,73,47,84,13.07,4.40,0.00,0.00,0.00,0.00,0.00,0.00,0.00,0.00,0.00,Estádio José Alvalade (Lisboa)
1747432800,May 16 2025 - 10:00pm,incomplete,N/A,Rio Ave FC,Gil Vicente,N/A,34,1.47,0.87,1.47,0.87,0,0,0,0,0,0,"","",-1,-1,-1,-1,-1,-1,-1,-1,-1,-1,-1,-1,-1,-1,-1,-1,-1,-1,-1,-1,1.33,0.99,0.00,0.00,2.80,60,80,54,34,13,23,73,47,84,8.20,4.73,0.00,0.00,0.00,0.00,0.00,0.00,0.00,0.00,0.00,Estádio do Rio Ave Futebol Clube (Vila do Conde)
1747432800,May 16 2025 - 10:00pm,incomplete,N/A,GD Estoril Praia,Estrela Amadora,N/A,34,1.47,0.67,1.47,0.67,0,0,0,0,0,0,"","",-1,-1,-1,-1,-1,-1,-1,-1,-1,-1,-1,-1,-1,-1,-1,-1,-1,-1,-1,-1,1.20,1.09,0.00,0.00,2.17,40,60,37,17,10,30,60,30,67,7.87,5.73,0.00,0.00,0.00,0.00,0.00,0.00,0.00,0.00,0.00,Estádio António Coimbra da Mota (Estoril)
1850600,Aug 12 2023 - 2:30pm,complete,4606,Gil Vicente,Portimonense,Cláudio Filipe Ruivo Pereira,1,0.00,0.00,1.47,1.00,5,0,5,2,2,0,"9,45'5,58,72,90'5","",1,1,0,0,0,0,0,0,0,0,11,10,6,4,3,3,10,13,57,43,0.00,0.00,1.30,0.96,0.00,0,0,0,0,0,0,0,0,0,0.00,0.00,2.15,3.20,3.35,1.29,2.10,3.43,6.54,1.80,1.95,Estádio Cidade de Barcelos (Barcelos)
1691859600,Aug 12 2023 - 5:00pm,complete,N/A,Farense,Casa Pia,Bruno Vieira,1,0.00,0.00,1.29,1.41,0,3,3,1,0,1,"","15,64,90",5,6,2,0,4,0,0,2,1,3,13,17,5,8,4,4,14,13,56,44,0.00,0.00,1.29,1.65,0.00,0,0,0,0,0,0,0,0,0,0.00,0.00,2.65,3.00,2.71,1.46,2.25,4.50,9.50,1.95,1.80,Estádio de São Lúis (Faro)
1691868600,Aug 12 2023 - 7:30pm,complete,N/A,Sporting CP,FC Vizela,Fábio Oliveira Melo,1,0.00,0.00,3.00,0.71,3,2,5,2,2,0,"14,15,90'9","75,77",8,3,4,0,0,0,0,4,0,0,26,11,8,5,10,3,16,9,61,39,0.00,0.00,2.31,1.15,0.00,0,0,0,0,0,0,0,0,0,0.00,0.00,1.22,6.00,13.00,1.14,1.62,2.27,3.98,2.20,1.62,Estádio José Alvalade (Lisboa)
1691937000,Aug 13 2023 - 2:30pm,complete,N/A,Rio Ave FC,GD Chaves,Ricardo Baixinho,1,0.00,0.00,1.53,0.59,2,0,2,0,0,0,"64,90'8","",14,3,3,0,3,1,1,2,3,1,26,7,11,2,11,4,12,20,75,25,0.00,0.00,2.87,0.72,0.00,0,0,0,0,0,0,0,0,0,0.00,0.00,2.41,3.10,2.97,1.41,2.25,4.14,8.45,1.95,1.80,Estádio do Rio Ave Futebol Clube (Vila do Conde)
1691946000,Aug 13 2023 - 5:00pm,complete,N/A,Estrela Amadora,Vitória Guimarães,Manuel Antonio Rodrigues Oliveira,1,0.00,0.00,1.24,1.65,0,1,1,1,0,1,"","24",3,10,3,1,3,0,1,3,1,2,6,12,0,5,4,3,14,17,49,51,0.00,0.00,0.57,1.22,0.00,0,0,0,0,0,0,0,0,0,0.00,0.00,2.46,3.22,2.92,1.38,2.18,3.75,7.50,1.95,1.80,Estádio José Gomes (Amadora)
1691955000,Aug 13 2023 - 7:30pm,complete,N/A,FC Arouca,GD Estoril Praia,N/A,1,0.00,0.00,1.41,0.47,4,3,7,2,1,1,"20,57,73,90'6","10,49,70",2,6,4,1,2,0,4,1,1,1,11,12,5,8,5,2,12,16,38,62,0.00,0.00,1.12,1.61,0.00,0,0,0,0,0,0,0,0,0,0.00,0.00,2.13,3.30,3.60,1.40,2.20,4.00,8.25,2.00,1.75,Estádio Municipal de Arouca (Arouca)
1692035100,Aug 14 2023 - 5:45pm,complete,N/A,Moreirense FC,Porto,Hélder Miguel Azevedo Malheiro,1,0.00,0.00,1.65,2.06,1,2,3,0,0,0,"51","67,74",5,10,4,0,6,1,0,4,1,6,10,17,2,8,5,4,22,15,38,62,0.00,0.00,0.89,1.67,0.00,0,0,0,0,0,0,0,0,0,0.00,0.00,7.25,4.30,1.35,1.16,1.61,2.40,4.20,1.80,1.95,Parque Desportivo Comendador Joaquim de Almeida Freitas (Moreira de Cónegos)
1692042300,Aug 14 2023 - 7:45pm,complete,N/A,Boavista FC,Benfica,António Emanuel Carvalho Nobre,1,0.00,0.00,1.18,1.94,3,2,5,1,0,1,"55,90,90'13","22,75",3,3,6,1,4,1,3,4,0,5,12,17,5,6,2,5,18,15,48,52,0.00,0.00,1.10,1.63,0.00,0,0,0,0,0,0,0,0,0,0.00,0.00,9.00,5.50,1.30,1.17,1.52,2.30,3.90,1.95,1.80,Estádio do Bessa Século XXI (Porto)
1692386100,Aug 18 2023 - 7:15pm,complete,N/A,Casa Pia,Sporting CP,Nuno Miguel Serrano Almeida,2,0.00,0.00,0.82,2.29,1,2,3,1,0,1,"58","3,61",4,5,4,0,1,0,1,3,0,1,13,18,4,6,4,9,14,11,44,56,0.00,0.00,1.09,1.67,0.00,0,0,0,0,0,0,0,0,0,0.00,0.00,7.40,4.75,1.42,1.22,1.76,2.60,4.60,1.95,1.75,Estádio Municipal de Rio Maior (Rio Maior)
1692455400,Aug 19 2023 - 2:30pm,complete,N/A,Vitória Guimarães,Gil Vicente,André Filipe Domingues Narciso,2,0.00,0.00,2.06,0.65,2,1,3,0,0,0,"62,82","55",6,4,3,0,3,0,0,3,2,1,16,11,5,7,9,2,14,14,47,53,0.00,0.00,1.56,1.33,0.00,0,0,0,0,0,0,0,0,0,0.00,0.00,2.10,3.25,3.44,1.36,2.06,3.50,6.50,1.85,1.91,Estádio Dom Afonso Henriques (Guimarães)
1692464400,Aug 19 2023 - 5:00pm,complete,N/A,GD Chaves,Sporting Braga,João António Ferreira Gonçalves,2,0.00,0.00,0.76,2.06,2,4,6,2,1,1,"43,53","16,58,81,90'6",5,6,2,1,2,0,1,2,1,1,18,17,6,8,10,4,12,11,44,56,0.00,0.00,1.73,1.70,0.00,0,0,0,0,0,0,0,0,0,0.00,0.00,5.33,4.20,1.54,1.25,1.70,2.75,4.75,1.83,1.98,Estádio Municipal Eng. Manuel Branco Teixeira (Chaves)
1692473400,Aug 19 2023 - 7:30pm,complete,N/A,Portimonense,Boavista FC,João Pedro Silva Pinheiro,2,0.00,0.00,0.88,0.71,1,4,5,3,0,3,"90'1","6,9,22,90'5",11,2,3,0,2,0,3,0,0,2,13,11,6,7,4,2,20,13,56,44,0.00,0.00,1.40,1.30,0.00,0,0,0,0,0,0,0,0,0,0.00,0.00,2.71,3.20,2.50,1.40,2.09,3.75,7.00,1.98,1.83,Estádio Municipal de Portimão (Portimão)
1692473400,Aug 19 2023 - 7:30pm,complete,58479,Benfica,Estrela Amadora,Gustavo Fernandes Correia,2,0.00,0.00,2.76,0.71,2,0,2,0,0,0,"79,90'3","",9,4,3,0,3,0,2,1,1,2,31,9,10,3,11,4,8,14,68,32,0.00,0.00,2.74,0.85,0.00,0,0,0,0,0,0,0,0,0,0.00,0.00,1.08,9.60,19.00,1.10,1.33,1.88,2.75,1.98,1.83,Estádio do Sport Lisboa e Benfica (da Luz) (Lisboa)
1692541800,Aug 20 2023 - 2:30pm,complete,N/A,GD Estoril Praia,Rio Ave FC,Iancu Ioan Vasilica,2,0.00,0.00,1.47,0.65,2,0,2,0,0,0,"55,90'8","",4,3,4,0,2,0,1,3,1,1,8,11,5,3,3,7,14,15,39,61,0.00,0.00,1.12,1.15,0.00,0,0,0,0,0,0,0,0,0,0.00,0.00,2.19,3.30,3.47,1.37,2.25,4.00,8.00,1.85,1.85,Estádio António Coimbra da Mota (Estoril)
1692550800,Aug 20 2023 - 5:00pm,complete,N/A,Porto,Farense,Cláudio Filipe Ruivo Pereira,2,0.00,0.00,2.18,0.88,2,1,3,2,1,1,"13,90'10","45'1",17,3,2,0,3,0,1,1,0,3,34,9,9,4,18,4,10,10,69,31,0.00,0.00,3.01,0.97,0.00,0,0,0,0,0,0,0,0,0,0.00,0.00,1.14,6.40,14.39,1.14,1.45,2.25,3.60,2.20,1.62,Estádio Do Dragão (Porto)
1692559800,Aug 20 2023 - 7:30pm,complete,N/A,FC Vizela,FC Arouca,Hélder Miguel Azevedo Malheiro,2,0.00,0.00,0.82,1.29,2,2,4,2,1,1,"9,88","39,64",6,3,7,1,6,1,4,4,5,2,17,11,8,3,4,4,23,13,52,48,0.00,0.00,1.83,0.88,0.00,0,0,0,0,0,0,0,0,0,0.00,0.00,2.16,3.30,3.15,1.33,2.12,3.50,6.50,1.85,1.85,Estádio Do Vizela (Caldas de Vizela)
1692645300,Aug 21 2023 - 7:15pm,complete,N/A,Famalicão,Moreirense FC,António Emanuel Carvalho Nobre,2,0.00,0.00,1.41,1.59,0,0,0,0,0,0,"","",3,6,3,1,3,0,3,1,1,2,7,19,3,5,2,6,16,13,34,66,0.00,0.00,0.69,1.62,0.00,0,0,0,0,0,0,0,0,0,0.00,0.00,2.07,3.15,3.35,1.30,2.15,3.40,6.50,1.80,1.95,Estádio Municipal 22 de Junho (Vila Nova de Famalicão)
1692990900,Aug 25 2023 - 7:15pm,complete,N/A,Estrela Amadora,GD Estoril Praia,N/A,3,0.00,0.00,1.24,0.47,2,1,3,0,0,0,"47,90'10","67",8,8,1,0,1,0,0,1,0,1,15,12,4,5,6,6,9,6,56,44,0.57,1.61,1.34,1.38,4.00,50,50,50,50,50,50,100,50,50,9.00,7.00,2.25,3.20,3.30,1.36,2.10,3.75,7.50,1.85,1.90,Estádio José Gomes (Amadora)
1693060200,Aug 26 2023 - 2:30pm,complete,N/A,FC Arouca,Portimonense,Carlos André Fernandes Macedo,3,3.00,0.00,1.41,1.00,1,1,2,1,0,1,"84","5",16,2,1,0,2,0,0,1,1,1,22,6,6,3,9,1,12,19,64,36,1.12,0.96,2.01,0.69,6.00,50,100,100,100,100,100,100,100,100,3.00,6.00,1.65,3.85,5.25,1.33,1.88,3.60,7.00,1.95,1.83,Estádio Municipal de Arouca (Arouca)
1693069200,Aug 26 2023 - 5:00pm,complete,N/A,Farense,GD Chaves,Luis Miguel Branco Godinho,3,0.00,0.00,1.29,0.59,5,0,5,4,4,0,"10,17,20,22,49","",7,4,2,0,1,0,0,2,0,1,19,20,10,7,4,5,24,15,46,54,1.29,0.72,1.93,1.54,2.50,0,100,50,0,0,0,50,100,100,8.00,6.00,2.30,3.25,3.20,1.33,2.35,3.60,7.00,1.83,1.95,Estádio de São Lúis (Faro)
1693078200,Aug 26 2023 - 7:30pm,complete,N/A,Gil Vicente,Benfica,João Pedro Silva Pinheiro,3,3.00,0.00,1.47,1.94,2,3,5,1,0,1,"74,90'8","19,53,90'4",1,5,3,0,3,0,2,1,1,2,14,15,8,8,5,3,16,14,50,50,1.30,1.63,1.71,1.68,5.00,50,100,100,100,100,50,100,100,100,4.00,6.00,9.75,6.00,1.25,1.14,1.52,2.17,3.75,1.85,1.90,Estádio Cidade de Barcelos (Barcelos)
1693146600,Aug 27 2023 - 2:30pm,complete,N/A,Boavista FC,Casa Pia,N/A,3,3.00,3.00,1.18,1.41,1,1,2,1,0,1,"48","33",11,4,1,0,0,0,1,0,0,0,16,11,7,8,6,2,20,12,57,43,1.10,1.65,1.65,1.50,4.00,50,100,100,50,50,0,100,100,100,9.00,12.00,2.30,3.25,3.27,1.40,2.27,4.20,8.00,1.90,1.87,Estádio do Bessa Século XXI (Porto)
1693155600,Aug 27 2023 - 5:00pm,complete,N/A,Vitória Guimarães,FC Vizela,Miguel Bertolo Nogueira,3,3.00,0.00,2.06,0.71,2,0,2,0,0,0,"59,72","",3,4,1,1,3,0,0,2,2,1,9,13,4,6,3,6,14,14,59,41,1.56,1.15,1.04,1.53,4.00,100,100,100,50,50,50,50,100,100,9.00,3.00,2.18,3.30,3.46,1.38,2.18,4.00,8.00,1.95,1.83,Estádio Dom Afonso Henriques (Guimarães)
1693164600,Aug 27 2023 - 7:30pm,complete,N/A,Sporting CP,Famalicão,André Filipe Domingues Narciso,3,3.00,3.00,3.00,1.06,1,0,1,0,0,0,"52","",8,1,3,0,2,0,2,1,1,1,15,8,7,2,4,4,17,14,63,37,2.31,1.50,1.80,0.74,4.00,100,100,100,50,50,50,100,100,100,12.00,8.00,1.25,6.50,9.00,1.17,1.51,2.30,4.00,2.05,1.70,Estádio José Alvalade (Lisboa)
1693250100,Aug 28 2023 - 7:15pm,complete,N/A,Rio Ave FC,Porto,Fábio José Costa Veríssimo,3,3.00,3.00,1.53,2.06,1,2,3,0,0,0,"52","90'1,90'4",1,7,4,0,3,0,2,2,1,2,7,11,2,5,5,5,22,17,36,64,2.87,1.67,0.72,1.48,2.50,50,100,50,0,0,0,0,100,100,24.00,10.00,5.80,4.45,1.46,1.24,1.83,3.10,6.10,1.95,1.80,Estádio do Rio Ave Futebol Clube (Vila do Conde)
1693595700,Sep 01 2023 - 7:15pm,complete,N/A,FC Vizela,Gil Vicente,Bruno Miguel Ribeiro Costa,4,1.00,0.00,0.82,0.65,1,0,1,0,0,0,"56","",4,3,0,0,3,0,0,0,2,1,20,8,8,2,10,3,19,16,40,60,1.83,1.33,2.04,0.79,3.50,100,100,100,50,0,50,50,100,100,10.00,12.00,2.23,3.30,3.15,1.32,1.90,3.43,7.06,1.74,2.04,Estádio Do Vizela (Caldas de Vizela)
1693665000,Sep 02 2023 - 2:30pm,complete,N/A,Casa Pia,Rio Ave FC,David Rafael Oliveira Silva,4,0.00,0.00,0.82,0.65,1,1,2,1,1,0,"13","52",12,0,1,0,2,0,0,1,0,2,15,13,6,5,6,7,18,15,48,52,1.09,1.15,1.49,1.39,2.50,50,100,50,0,0,0,50,100,100,7.00,6.00,2.15,3.30,3.40,1.36,2.15,3.82,7.50,1.95,1.80,Estádio Municipal de Rio Maior (Rio Maior)
1693674000,Sep 02 2023 - 5:00pm,complete,N/A,Portimonense,Estrela Amadora,Bruno Vieira,4,0.00,0.00,0.88,0.71,1,1,2,2,1,1,"38","14",3,7,3,0,6,0,1,2,2,4,16,12,6,2,9,10,12,16,54,46,1.40,0.85,1.68,1.30,3.50,50,100,50,50,50,50,50,100,100,15.00,6.00,2.55,3.30,2.80,1.33,2.05,3.60,7.00,1.80,1.95,Estádio Municipal de Portimão (Portimão)
1693674000,Sep 02 2023 - 5:00pm,complete,N/A,Famalicão,Farense,Iancu Ioan Vasilica,4,1.00,0.00,1.41,0.88,1,0,1,0,0,0,"79","",12,4,1,0,3,1,1,0,2,2,22,7,5,2,8,4,15,14,63,37,0.69,0.97,1.59,0.71,1.50,50,50,50,0,0,50,50,0,50,6.00,7.00,1.72,3.75,4.97,1.36,2.10,3.82,7.40,1.87,1.90,Estádio Municipal 22 de Junho (Vila Nova de Famalicão)
1693683000,Sep 02 2023 - 7:30pm,complete,N/A,Benfica,Vitória Guimarães,Nuno Miguel Serrano Almeida,4,3.00,3.00,2.76,1.65,4,0,4,3,3,0,"11,33,45'5,46","",11,2,2,0,4,1,1,1,3,2,21,9,9,0,4,5,9,14,70,30,2.74,1.22,2.22,0.51,1.50,0,50,0,0,0,0,50,50,50,19.00,6.00,1.22,6.00,13.00,1.14,1.41,2.04,3.75,1.90,1.87,Estádio do Sport Lisboa e Benfica (da Luz) (Lisboa)
1693751400,Sep 03 2023 - 2:30pm,complete,N/A,GD Estoril Praia,Boavista FC,Cláudio Filipe Ruivo Pereira,4,3.00,3.00,1.47,0.71,1,2,3,3,1,2,"34","4,41",10,5,3,0,1,0,0,3,0,1,12,15,4,9,6,2,21,12,53,47,1.12,1.30,1.37,1.49,3.50,50,100,50,50,50,50,50,100,100,6.00,6.00,2.35,3.15,2.90,1.35,1.95,3.75,7.00,1.80,1.95,Estádio António Coimbra da Mota (Estoril)
1693751400,Sep 03 2023 - 2:30pm,complete,N/A,GD Chaves,Moreirense FC,N/A,4,0.00,1.00,0.76,1.59,1,2,3,1,0,1,"72","3,84",3,4,3,0,4,0,1,2,2,2,16,10,7,3,6,4,13,22,63,37,1.73,1.62,1.74,0.88,3.00,50,50,50,50,50,50,50,50,50,11.00,7.00,2.40,3.15,2.85,1.30,2.10,3.30,6.50,1.72,2.10,Estádio Municipal Eng. Manuel Branco Teixeira (Chaves)
1693760400,Sep 03 2023 - 5:00pm,complete,N/A,Porto,FC Arouca,Miguel Bertolo Nogueira,4,3.00,1.00,2.18,1.29,1,1,2,0,0,0,"90'19","84",5,2,3,0,2,0,1,2,0,2,14,11,4,3,7,4,10,12,69,31,3.01,0.88,1.67,0.76,3.50,100,100,100,50,0,100,100,50,100,20.00,10.00,1.25,5.75,9.00,1.17,1.50,2.25,3.80,2.25,1.57,Estádio Do Dragão (Porto)
1693769400,Sep 03 2023 - 7:30pm,complete,22781,Sporting Braga,Sporting CP,Luis Miguel Branco Godinho,4,0.00,3.00,1.94,2.29,1,1,2,1,0,1,"78","25",4,2,2,0,5,0,1,1,2,3,10,8,3,4,3,3,17,10,56,44,1.07,1.67,1.04,1.06,3.00,100,100,100,0,0,0,100,100,100,8.00,5.00,3.00,3.55,2.25,1.22,1.71,2.75,5.00,1.62,2.20,Estádio Municipal de Braga (Braga)
1694278800,Sep 09 2023 - 5:00pm,complete,N/A,Moreirense FC,Sporting Braga,Cláudio Filipe Ruivo Pereira,3,0.00,3.00,1.65,2.06,2,3,5,3,2,1,"40,45'1","27,82,90'6",4,5,2,0,2,0,1,1,1,1,13,13,4,6,5,3,12,11,41,59,0.89,1.70,1.40,1.77,4.50,100,100,100,50,50,50,50,100,100,11.00,6.00,4.00,3.75,1.77,1.25,1.66,3.00,5.15,1.66,2.15,Parque Desportivo Comendador Joaquim de Almeida Freitas (Moreira de Cónegos)
1694801700,Sep 15 2023 - 6:15pm,complete,N/A,Estrela Amadora,Porto,João Pedro Silva Pinheiro,5,1.50,3.00,1.24,2.06,0,1,1,1,0,1,"","29",10,6,3,0,5,0,2,1,1,4,12,11,4,4,5,3,12,21,53,47,0.96,1.57,1.25,1.03,2.50,75,75,75,0,0,0,25,75,75,14.00,8.00,9.00,4.80,1.36,1.20,1.60,2.75,4.75,1.80,1.95,Estádio José Gomes (Amadora)
1694874600,Sep 16 2023 - 2:30pm,complete,N/A,Rio Ave FC,Famalicão,N/A,5,1.50,1.50,1.53,1.06,1,1,2,1,0,1,"49","11",3,3,1,0,3,0,0,1,1,2,6,14,2,6,3,6,15,20,56,44,1.80,1.12,0.63,1.47,2.25,50,75,50,0,0,0,25,75,100,10.00,6.50,2.65,3.25,2.70,1.42,2.46,4.50,9.00,1.95,1.80,Estádio do Rio Ave Futebol Clube (Vila do Conde)
1694883600,Sep 16 2023 - 5:00pm,complete,N/A,Farense,Sporting Braga,António Emanuel Carvalho Nobre,5,1.50,3.00,1.29,2.06,3,1,4,2,2,0,"31,44,58","56",7,4,4,0,5,0,1,3,1,4,17,19,6,5,8,8,16,10,38,62,1.61,1.74,1.63,1.59,4.75,50,100,100,75,75,75,100,75,100,11.50,4.00,4.50,3.90,1.73,1.19,1.65,2.85,5.00,1.70,2.05,Estádio de São Lúis (Faro)
1694892600,Sep 16 2023 - 7:30pm,complete,N/A,FC Vizela,Benfica,N/A,5,2.00,1.50,0.82,1.94,1,2,3,2,0,2,"70","9,39",2,3,2,0,1,0,0,2,0,1,14,19,3,7,5,7,15,7,31,69,1.93,1.65,0.95,2.00,3.75,75,75,75,75,50,25,75,75,100,9.00,9.00,9.00,5.50,1.29,1.16,1.62,2.33,4.20,1.80,1.95,Estádio Do Vizela (Caldas de Vizela)
1694961000,Sep 17 2023 - 2:30pm,complete,N/A,Gil Vicente,GD Estoril Praia,João António Ferreira Gonçalves,5,1.50,0.00,1.47,0.47,5,3,8,3,3,0,"9,39,45'2,54,56","51,61,84",5,8,3,0,2,0,0,3,2,0,14,25,8,6,3,8,10,15,46,54,1.50,1.50,1.60,1.74,5.00,75,100,100,75,75,50,75,100,100,8.00,3.00,2.14,3.55,3.05,1.29,1.92,3.24,6.33,1.75,2.00,Estádio Cidade de Barcelos (Barcelos)
1694961000,Sep 17 2023 - 2:30pm,complete,N/A,FC Arouca,Casa Pia,André Filipe Domingues Narciso,5,2.00,2.00,1.41,1.41,0,1,1,0,0,0,"","90'1",2,7,2,0,3,0,1,1,1,2,14,17,7,3,4,10,13,9,57,43,1.57,1.58,1.49,1.26,3.50,75,100,50,25,25,25,100,50,100,14.00,5.50,2.25,3.35,2.97,1.39,2.10,4.08,7.75,1.91,1.91,Estádio Municipal de Arouca (Arouca)
1694970000,Sep 17 2023 - 5:00pm,complete,N/A,Vitória Guimarães,Portimonense,Fábio José Costa Veríssimo,5,3.00,0.50,2.06,1.00,1,2,3,1,1,0,"17","81,90'6",10,3,2,0,4,0,1,1,2,2,14,12,3,5,6,6,15,12,55,45,1.30,0.83,1.29,1.27,3.00,50,100,50,25,25,25,50,75,100,6.00,4.00,1.50,4.15,5.70,1.28,1.95,3.20,6.00,1.95,1.80,Estádio Dom Afonso Henriques (Guimarães)
1694979000,Sep 17 2023 - 7:30pm,complete,N/A,Sporting CP,Moreirense FC,Manuel Antonio Rodrigues Oliveira,5,3.00,2.00,3.00,1.59,3,0,3,0,0,0,"54,61,90'6","",8,2,3,0,2,1,2,1,1,2,21,8,11,2,7,4,10,16,73,27,2.05,1.25,2.35,0.62,2.25,50,50,50,25,25,25,50,50,75,13.00,7.00,1.21,6.50,12.50,1.19,1.50,2.30,4.48,2.00,1.75,Estádio José Alvalade (Lisboa)
1695064500,Sep 18 2023 - 7:15pm,complete,N/A,Boavista FC,GD Chaves,Nuno Miguel Serrano Almeida,5,2.00,0.00,1.18,0.59,4,1,5,4,4,0,"1,5,11,23","71",3,12,1,0,3,0,0,1,2,1,9,24,6,10,1,9,12,17,50,50,1.37,1.13,0.96,2.39,3.50,50,100,50,50,50,25,75,50,100,10.50,7.00,1.65,3.75,4.60,1.29,1.80,3.28,6.54,1.80,1.95,Estádio do Bessa Século XXI (Porto)
1695410100,Sep 22 2023 - 7:15pm,complete,N/A,Famalicão,FC Arouca,Bruno Vieira,6,2.00,1.00,1.41,1.29,1,0,1,1,1,0,"28","",6,8,4,1,2,1,3,2,1,2,9,17,4,5,4,8,16,24,44,56,1.14,0.82,1.04,1.57,1.75,50,50,25,25,0,25,25,50,75,10.00,7.50,2.25,3.20,3.40,1.36,2.20,3.75,7.50,1.85,1.83,Estádio Municipal 22 de Junho (Vila Nova de Famalicão)
1695479400,Sep 23 2023 - 2:30pm,complete,N/A,Moreirense FC,Farense,João António Ferreira Gonçalves,6,0.00,0.00,1.65,0.88,1,0,1,1,1,0,"17","",11,4,1,0,2,0,0,1,1,1,18,12,5,4,8,5,10,17,55,45,1.14,0.84,1.45,1.23,3.00,75,75,75,25,25,50,50,50,100,8.00,7.00,2.15,3.40,3.30,1.29,1.93,3.20,6.00,1.76,2.01,Parque Desportivo Comendador Joaquim de Almeida Freitas (Moreira de Cónegos)
1695479400,Sep 23 2023 - 2:30pm,complete,N/A,GD Estoril Praia,FC Vizela,Gustavo Fernandes Correia,6,1.50,0.00,1.47,0.71,2,2,4,0,0,0,"53,67","62,90'11",5,3,1,0,2,0,0,1,1,1,17,12,4,5,9,5,13,15,45,55,1.24,1.34,1.42,1.39,3.00,50,100,50,25,25,50,50,75,75,10.50,5.00,2.55,3.40,2.70,1.28,1.93,3.22,6.10,1.75,2.03,Estádio António Coimbra da Mota (Estoril)
1695488400,Sep 23 2023 - 5:00pm,complete,N/A,Casa Pia,Vitória Guimarães,João Pedro Silva Pinheiro,6,0.50,1.50,0.82,1.65,0,0,0,0,0,0,"","",8,9,3,0,2,0,0,3,1,1,13,18,3,4,6,7,16,11,42,58,1.29,0.87,0.98,1.26,2.50,50,75,50,25,0,25,100,25,75,14.00,7.00,2.38,3.13,3.10,1.44,2.30,4.33,9.00,1.95,1.73,Estádio Municipal de Rio Maior (Rio Maior)
1695497400,Sep 23 2023 - 7:30pm,complete,N/A,Porto,Gil Vicente,António Emanuel Carvalho Nobre,6,2.00,0.00,2.18,0.65,2,1,3,2,1,1,"8,90'1","37",6,3,1,0,3,0,0,1,1,2,23,13,9,5,12,3,15,13,61,39,2.34,1.06,2.46,1.04,2.25,75,75,50,0,0,25,25,50,100,14.50,5.50,1.22,6.50,12.00,1.13,1.53,2.05,3.45,1.86,1.90,Estádio Do Dragão (Porto)
1695565800,Sep 24 2023 - 2:30pm,complete,N/A,GD Chaves,Estrela Amadora,Ricardo Baixinho,6,0.00,0.50,0.76,0.71,2,2,4,1,0,1,"85,90'4","45'1,70",9,5,4,0,3,1,2,2,1,3,20,9,7,3,11,4,11,11,50,50,1.74,1.07,2.07,0.87,3.25,75,100,50,25,25,50,75,75,75,9.50,8.00,2.70,3.40,2.55,1.27,1.85,3.00,5.75,1.67,2.10,Estádio Municipal Eng. Manuel Branco Teixeira (Chaves)
1695574800,Sep 24 2023 - 5:00pm,complete,N/A,Portimonense,Benfica,Hélder Miguel Azevedo Malheiro,6,0.50,2.00,0.88,1.94,1,3,4,2,0,2,"56","5,17,66",3,4,1,0,0,0,1,0,0,0,11,15,5,8,5,3,12,11,34,66,1.54,1.77,1.18,1.66,3.92,100,100,75,59,59,67,100,59,75,10.67,6.33,12.00,6.50,1.22,1.12,1.45,2.15,3.25,1.90,1.80,Estádio Municipal de Portimão (Portimão)
1695583800,Sep 24 2023 - 7:30pm,complete,N/A,Sporting Braga,Boavista FC,Artur Manuel Ribeiro Soares Dias,6,0.50,3.00,1.94,0.71,4,1,5,3,2,1,"19,37,54,58","26",6,2,2,0,2,1,0,2,3,0,27,9,12,2,9,7,9,11,66,34,1.05,1.40,2.70,0.87,3.25,100,100,75,25,25,50,100,50,75,7.00,4.50,1.41,4.10,5.70,1.18,1.64,2.38,4.25,1.68,2.05,Estádio Municipal de Braga (Braga)
1695669300,Sep 25 2023 - 7:15pm,complete,N/A,Sporting CP,Rio Ave FC,Cláudio Filipe Ruivo Pereira,6,3.00,0.50,3.00,0.65,2,0,2,2,2,0,"10,26","",4,2,1,0,5,0,0,1,1,4,13,10,8,2,3,5,15,13,53,47,2.15,1.27,1.60,0.74,2.50,42,84,34,17,17,17,42,59,100,9.50,5.33,1.24,6.25,12.00,1.16,1.53,2.30,3.70,2.20,1.62,Estádio José Alvalade (Lisboa)
1695928500,Sep 28 2023 - 7:15pm,complete,N/A,Estrela Amadora,Sporting Braga,Nuno Miguel Serrano Almeida,7,1.00,2.00,1.24,2.06,2,4,6,1,0,1,"75,79","13,49,68,90'4",8,6,1,0,3,0,1,0,1,2,17,19,8,11,6,5,9,13,48,52,1.05,1.69,1.84,2.13,3.34,67,67,67,50,34,50,84,67,67,12.00,6.00,4.78,4.15,1.72,1.19,1.60,2.51,4.43,1.60,2.25,Estádio José Gomes (Amadora)
1696014900,Sep 29 2023 - 7:15pm,complete,N/A,Benfica,Porto,João Pedro Silva Pinheiro,7,3.00,3.00,2.76,2.06,1,0,1,0,0,0,"68","",9,5,4,0,5,1,0,4,3,3,17,9,4,4,8,3,19,10,64,36,2.48,1.39,1.61,0.96,2.67,34,84,59,25,0,25,42,59,84,17.67,7.50,2.02,3.50,3.35,1.29,1.95,2.88,5.25,1.70,2.05,Estádio do Sport Lisboa e Benfica (da Luz) (Lisboa)
1696084200,Sep 30 2023 - 2:30pm,complete,N/A,FC Vizela,Portimonense,Iancu Ioan Vasilica,7,1.33,1.33,0.82,1.00,2,3,5,2,0,2,"58,85","31,45'1,87",13,2,3,0,3,1,1,2,0,4,22,14,4,6,12,5,11,16,63,37,1.61,0.97,1.85,1.29,3.00,67,84,67,33,17,50,84,50,100,6.00,5.67,1.81,3.60,4.00,1.28,2.03,1.99,5.75,1.82,1.87,Estádio Do Vizela (Caldas de Vizela)
1696093200,Sep 30 2023 - 5:00pm,complete,N/A,Boavista FC,Famalicão,Gustavo Fernandes Correia,7,2.33,1.33,1.18,1.06,2,2,4,2,1,1,"44,68","12,90'2",2,4,4,1,4,2,2,3,2,4,12,11,7,4,1,4,23,20,57,43,1.24,1.24,1.32,1.03,3.00,84,84,50,34,34,17,84,33,100,8.34,6.33,2.15,3.40,3.20,1.35,2.03,3.65,7.00,1.77,1.95,Estádio do Bessa Século XXI (Porto)
1696102200,Sep 30 2023 - 7:30pm,complete,N/A,Farense,Sporting CP,Luis Miguel Branco Godinho,7,2.00,2.00,1.29,2.29,2,3,5,3,1,2,"37,55","21,35,90",2,8,5,1,6,0,1,5,1,5,10,27,5,12,5,10,13,12,30,70,1.62,1.36,1.11,2.92,3.25,67,100,75,34,17,34,100,59,100,9.83,5.67,8.50,4.75,1.36,1.19,1.70,2.50,4.37,1.85,1.85,Estádio de São Lúis (Faro)
1696170600,Oct 01 2023 - 2:30pm,complete,N/A,FC Arouca,GD Chaves,Fábio Oliveira Melo,7,1.33,0.00,1.41,0.59,0,2,2,0,0,0,"","53,85",5,3,3,1,5,0,3,1,2,3,12,7,3,4,5,2,16,11,60,40,1.54,1.55,1.05,0.86,3.67,50,84,50,50,50,50,67,33,100,13.00,5.67,1.80,3.70,4.01,1.36,1.84,3.79,8.45,1.80,1.91,Estádio Municipal de Arouca (Arouca)
1696179600,Oct 01 2023 - 5:00pm,complete,15101,Vitória Guimarães,GD Estoril Praia,Miguel Bertolo Nogueira,7,2.00,0.00,2.06,0.47,3,2,5,2,0,2,"56,69,90'3","12,20",11,2,4,0,4,1,1,3,2,3,29,10,9,5,12,3,16,13,68,32,1.30,1.58,2.40,1.04,4.34,84,100,84,34,34,34,50,100,100,13.66,4.34,1.75,3.70,4.29,1.29,1.86,3.10,6.00,1.80,1.95,Estádio Dom Afonso Henriques (Guimarães)
1696188600,Oct 01 2023 - 7:30pm,complete,N/A,Rio Ave FC,Moreirense FC,Carlos André Fernandes Macedo,7,1.33,1.33,1.53,1.59,0,4,4,2,0,2,"","8,18,50,82",4,2,3,0,5,0,3,0,1,4,12,12,4,7,7,3,12,27,59,41,1.41,1.04,1.31,1.30,2.17,50,84,50,0,0,0,33,67,84,10.00,6.00,2.20,3.20,3.25,1.37,2.15,3.70,7.50,1.91,1.91,Estádio do Rio Ave Futebol Clube (Vila do Conde)
1696274100,Oct 02 2023 - 7:15pm,complete,N/A,Gil Vicente,Casa Pia,N/A,7,2.00,2.33,1.47,1.41,2,0,2,0,0,0,"61,78","",5,5,3,0,3,1,1,2,2,2,15,9,10,2,4,5,10,16,62,38,1.53,1.47,1.97,0.76,4.00,50,84,67,50,50,34,84,67,100,8.00,4.33,2.29,3.42,3.11,1.33,2.00,3.50,6.80,1.80,1.95,Estádio Cidade de Barcelos (Barcelos)
1696619700,Oct 06 2023 - 7:15pm,complete,N/A,Moreirense FC,Boavista FC,David Rafael Oliveira Silva,8,1.00,2.00,1.65,0.71,1,1,2,2,1,1,"35","21",6,1,0,0,3,0,0,0,0,3,14,10,6,2,6,7,13,13,51,49,1.25,1.22,1.51,1.01,3.67,84,84,84,50,50,67,84,67,67,9.67,4.33,2.15,3.40,3.30,1.26,1.90,3.00,5.60,1.70,2.05,Parque Desportivo Comendador Joaquim de Almeida Freitas (Moreira de Cónegos)
1696689000,Oct 07 2023 - 2:30pm,complete,N/A,Farense,FC Vizela,João Pedro Silva Pinheiro,8,1.50,0.33,1.29,0.71,0,0,0,0,0,0,"","",14,6,1,0,1,0,0,1,0,1,22,19,8,6,8,9,21,11,47,53,1.49,1.36,1.89,1.72,3.96,59,100,84,71,42,54,67,88,100,8.58,5.42,2.45,3.30,2.80,1.30,1.95,3.30,6.50,1.72,2.10,Estádio de São Lúis (Faro)
1696689000,Oct 07 2023 - 2:30pm,complete,N/A,GD Chaves,Gil Vicente,João António Ferreira Gonçalves,8,0.33,0.00,0.76,0.65,4,2,6,3,1,2,"26,58,81,90'8","19,39",6,1,2,1,3,0,1,2,3,0,17,12,9,6,4,5,17,14,45,55,1.85,1.05,1.77,1.30,3.33,84,84,84,34,17,33,67,67,100,9.00,6.67,2.62,3.30,2.60,1.22,1.95,2.90,5.00,1.57,2.30,Estádio Municipal Eng. Manuel Branco Teixeira (Chaves)
1696698000,Oct 07 2023 - 5:00pm,complete,16093,Sporting Braga,Rio Ave FC,Manuel Antonio Rodrigues Oliveira,8,1.33,0.33,1.94,0.65,2,1,3,1,0,1,"90'1,90'6","5",16,1,1,0,2,0,1,0,0,2,36,11,10,4,13,6,7,11,72,28,1.60,1.09,2.93,1.06,2.67,67,100,34,17,17,33,84,50,84,6.00,5.67,1.36,4.80,7.50,1.16,1.60,2.30,4.20,1.90,1.87,Estádio Municipal de Braga (Braga)
1696707000,Oct 07 2023 - 7:30pm,complete,N/A,GD Estoril Praia,Benfica,André Filipe Domingues Narciso,8,1.33,2.25,1.47,1.94,0,1,1,0,0,0,"","90'3",4,7,3,0,2,0,1,2,0,2,16,25,5,6,6,10,15,10,32,68,1.30,1.74,1.28,2.09,3.63,84,100,84,54,25,42,67,71,84,10.08,5.17,10.00,5.80,1.25,1.10,1.46,2.10,3.00,1.62,2.15,Estádio António Coimbra da Mota (Estoril)
1696775400,Oct 08 2023 - 2:30pm,complete,N/A,Casa Pia,Estrela Amadora,N/A,8,0.67,0.67,0.82,0.71,0,1,1,0,0,0,"","90'3",3,6,1,0,1,0,1,0,0,1,8,12,3,7,2,2,16,8,59,41,1.19,1.01,0.78,1.37,2.17,67,84,33,17,0,17,67,50,67,13.33,7.00,2.02,3.35,3.55,1.33,2.11,3.60,7.00,1.77,1.93,Estádio Municipal de Rio Maior (Rio Maior)
1696775400,Oct 08 2023 - 2:30pm,complete,N/A,Famalicão,Vitória Guimarães,Artur Manuel Ribeiro Soares Dias,8,2.33,1.33,1.41,1.65,1,3,4,2,0,2,"63","1,45'4,77",11,3,4,0,3,0,1,3,1,2,17,14,8,7,6,4,15,20,61,39,1.11,1.00,1.67,1.48,1.17,0,17,17,17,0,17,50,0,33,14.00,7.00,2.56,3.20,2.69,1.45,2.03,4.50,9.00,1.95,1.77,Estádio Municipal 22 de Junho (Vila Nova de Famalicão)
1696784400,Oct 08 2023 - 5:00pm,complete,43230,Porto,Portimonense,Nuno Miguel Serrano Almeida,8,2.33,1.75,2.18,1.00,1,0,1,1,1,0,"9","",10,5,3,1,6,0,2,2,0,6,21,6,9,3,6,1,12,20,69,31,2.38,1.05,2.13,0.67,3.21,88,100,71,25,25,59,84,54,100,11.33,4.75,1.15,7.90,12.68,1.16,1.40,2.25,4.14,2.15,1.70,Estádio Do Dragão (Porto)
1696793400,Oct 08 2023 - 7:30pm,complete,N/A,Sporting CP,FC Arouca,António Emanuel Carvalho Nobre,8,3.00,0.67,3.00,1.29,2,1,3,1,1,0,"31,68","52",5,2,3,1,6,1,3,1,1,6,14,13,6,6,7,3,7,18,57,43,2.01,1.07,1.77,1.24,2.54,46,71,42,29,13,42,59,59,71,11.33,7.42,1.22,5.80,9.00,1.16,1.56,2.38,4.00,2.25,1.63,Estádio José Alvalade (Lisboa)
1698434100,Oct 27 2023 - 7:15pm,complete,N/A,FC Arouca,Moreirense FC,N/A,9,1.00,1.75,1.41,1.59,0,1,1,1,0,1,"","39",7,5,2,0,1,1,1,1,0,2,17,13,4,6,5,4,11,14,60,40,1.42,1.10,1.38,1.25,2.75,38,75,50,25,13,25,50,63,88,9.75,7.25,2.20,3.30,3.30,1.38,2.10,4.12,8.00,1.91,1.91,Estádio Municipal de Arouca (Arouca)
1698503400,Oct 28 2023 - 2:30pm,complete,N/A,Portimonense,GD Estoril Praia,Ricardo Baixinho,9,0.33,0.00,0.88,0.47,1,0,1,1,1,0,"31","",6,4,6,0,2,0,3,3,1,1,17,15,7,6,6,6,19,12,37,63,1.42,1.44,1.64,1.62,4.71,100,100,84,71,54,88,88,84,84,11.67,5.08,2.50,3.45,2.80,1.24,1.99,2.99,5.55,1.70,2.05,Estádio Municipal de Portimão (Portimão)
1698512400,Oct 28 2023 - 5:00pm,complete,12984,Vitória Guimarães,GD Chaves,Fábio José Costa Veríssimo,9,2.25,0.75,2.06,0.59,5,0,5,3,3,0,"3,43,45'2,52,90'1","",4,3,0,0,2,1,0,0,3,0,14,8,7,4,5,2,16,6,60,40,1.57,1.38,1.66,0.77,3.38,50,100,63,38,38,38,50,75,100,13.00,6.25,1.65,4.00,5.20,1.25,1.82,3.10,2.07,1.80,1.95,Estádio Dom Afonso Henriques (Guimarães)
1698512400,Oct 28 2023 - 5:00pm,complete,57240,Benfica,Casa Pia,Cláudio Filipe Ruivo Pereira,9,3.00,1.75,2.76,1.41,1,1,2,1,1,0,"44","81",10,2,1,0,2,0,0,1,1,1,17,9,9,4,4,4,12,20,70,30,2.19,1.29,2.23,0.97,2.17,13,71,29,17,0,17,42,42,100,15.17,6.00,1.24,6.20,12.00,1.20,1.54,2.35,4.45,2.10,1.67,Estádio do Sport Lisboa e Benfica (da Luz) (Lisboa)
1698521400,Oct 28 2023 - 7:30pm,complete,N/A,Gil Vicente,Sporting Braga,Hélder Miguel Azevedo Malheiro,9,2.25,2.25,1.47,2.06,3,3,6,1,1,0,"21,58,89","71,78,82",4,9,4,0,2,1,2,2,0,3,15,22,7,7,3,9,13,22,46,54,1.64,1.80,1.38,1.94,5.13,75,100,88,88,75,63,88,100,100,8.25,5.25,3.85,3.90,1.87,1.14,1.55,2.30,3.75,1.53,2.38,Estádio Cidade de Barcelos (Barcelos)
1698593400,Oct 29 2023 - 3:30pm,complete,N/A,Rio Ave FC,Farense,Tiago Bruno Lopes Martins,9,1.00,0.00,1.53,0.88,3,4,7,4,2,2,"33,42,62","4,45'2,89,90'3",5,6,3,0,3,0,1,2,1,2,15,14,3,8,5,3,18,12,52,48,1.38,0.97,0.98,1.44,2.21,42,67,42,13,0,29,59,38,84,9.17,6.08,2.25,3.25,3.00,1.34,1.95,3.79,7.54,1.75,2.00,Estádio do Rio Ave Futebol Clube (Vila do Conde)
1698602400,Oct 29 2023 - 6:00pm,complete,N/A,Estrela Amadora,Famalicão,Carlos André Fernandes Macedo,9,0.75,1.25,1.24,1.06,1,0,1,0,0,0,"74","",3,2,3,0,3,1,2,1,2,2,15,12,6,0,7,5,18,12,61,39,1.25,1.18,1.71,0.58,2.63,63,63,50,25,13,13,75,50,75,10.25,6.75,2.45,3.10,2.85,1.40,2.10,4.22,9.26,1.95,1.80,Estádio José Gomes (Amadora)
1698611400,Oct 29 2023 - 8:30pm,complete,N/A,FC Vizela,Porto,Manuel Antonio Rodrigues Oliveira,9,1.00,2.25,0.82,2.06,0,2,2,2,0,2,"","22,44",4,4,3,0,4,0,0,3,0,4,9,13,2,5,6,4,17,19,41,59,1.67,1.28,0.93,1.32,2.63,63,63,63,25,13,38,50,50,88,13.25,9.00,7.00,4.40,1.44,1.24,1.67,2.88,5.11,1.95,1.80,Estádio Do Vizela (Caldas de Vizela)
1698696900,Oct 30 2023 - 8:15pm,complete,N/A,Boavista FC,Sporting CP,Nuno Miguel Serrano Almeida,9,2.00,2.33,1.18,2.29,0,2,2,1,0,1,"","37,85",4,8,3,0,2,0,1,2,0,2,8,16,3,6,3,6,16,13,49,51,1.26,1.88,0.87,1.44,3.67,100,100,71,54,42,42,100,59,100,9.75,7.75,5.20,4.30,1.49,1.20,1.70,2.75,4.75,1.95,1.80,Estádio do Bessa Século XXI (Porto)
1699042500,Nov 03 2023 - 8:15pm,complete,N/A,Porto,GD Estoril Praia,Tiago Bruno Lopes Martins,10,2.50,0.00,2.18,0.47,0,1,1,0,0,0,"","75",9,6,5,0,7,0,2,3,4,3,20,8,7,3,7,1,16,16,70,30,2.32,1.48,2.05,0.65,3.53,78,78,65,30,30,55,78,53,78,15.10,5.10,1.12,7.40,16.40,1.10,1.43,1.91,3.10,1.85,1.85,Estádio Do Dragão (Porto)
1699111800,Nov 04 2023 - 3:30pm,complete,8271,GD Chaves,Benfica,Hélder Miguel Azevedo Malheiro,10,1.00,2.40,0.76,1.94,0,2,2,0,0,0,"","59,80",3,8,5,0,2,0,2,3,1,1,9,18,2,7,6,6,12,12,35,65,1.83,1.81,0.78,1.64,4.18,90,90,90,68,45,45,90,80,100,10.15,5.90,10.11,6.86,1.23,1.13,1.40,2.10,3.60,1.80,1.95,Estádio Municipal Eng. Manuel Branco Teixeira (Chaves)
1699120800,Nov 04 2023 - 6:00pm,complete,N/A,Famalicão,Gil Vicente,N/A,10,1.75,0.00,1.41,0.65,3,1,4,2,2,0,"36,44,60","67",7,2,3,0,3,0,0,3,2,1,15,11,6,5,6,4,11,10,47,53,1.25,1.12,1.47,1.15,2.38,50,50,50,25,13,38,50,38,75,10.75,6.50,2.13,3.18,3.18,1.29,1.93,3.20,5.75,1.73,2.00,Estádio Municipal 22 de Junho (Vila Nova de Famalicão)
1699129800,Nov 04 2023 - 8:30pm,complete,N/A,Sporting Braga,Portimonense,Luis Miguel Branco Godinho,10,1.75,1.40,1.94,1.00,6,1,7,1,0,1,"47,52,59,83,87,90","10",5,5,1,0,2,0,0,1,1,1,22,10,11,4,7,6,10,10,62,38,1.93,0.97,2.42,1.23,3.23,80,90,68,33,33,33,100,68,90,9.85,5.65,1.22,6.30,9.80,1.10,1.45,2.15,3.00,1.79,1.98,Estádio Municipal de Braga (Braga)
1699198200,Nov 05 2023 - 3:30pm,complete,N/A,Moreirense FC,Vitória Guimarães,Gustavo Fernandes Correia,10,1.00,1.75,1.65,1.65,1,0,1,0,0,0,"76","",4,12,1,0,2,0,1,0,0,2,13,18,4,3,5,6,10,11,43,57,1.31,1.12,1.14,1.24,2.50,50,63,50,38,13,50,75,38,50,12.50,5.25,2.65,3.25,2.65,1.33,2.10,3.75,7.00,1.80,1.95,Parque Desportivo Comendador Joaquim de Almeida Freitas (Moreira de Cónegos)
1699198200,Nov 05 2023 - 3:30pm,complete,N/A,Casa Pia,FC Vizela,David Rafael Oliveira Silva,10,0.50,0.50,0.82,0.71,0,1,1,0,0,0,"","70",6,6,3,0,3,0,1,2,1,2,10,17,4,4,2,8,15,17,53,47,1.09,1.45,1.04,1.36,2.13,50,63,38,25,13,13,38,50,75,10.75,3.75,2.15,3.20,3.55,1.36,2.25,3.75,7.50,1.83,1.85,Estádio Municipal de Rio Maior (Rio Maior)
1699207200,Nov 05 2023 - 6:00pm,complete,N/A,Rio Ave FC,Boavista FC,Cláudio Filipe Ruivo Pereira,10,0.80,1.75,1.53,0.71,2,0,2,1,1,0,"37,47","",3,3,3,0,2,0,3,0,1,1,12,11,4,2,5,6,18,15,39,61,1.30,1.17,1.13,0.95,3.68,80,100,68,45,35,70,80,65,75,7.90,5.05,2.65,3.25,2.65,1.30,2.10,3.40,6.50,1.75,2.00,Estádio do Rio Ave Futebol Clube (Vila do Conde)
1699216200,Nov 05 2023 - 8:30pm,complete,38408,Sporting CP,Estrela Amadora,André Filipe Domingues Narciso,10,3.00,1.25,3.00,0.71,3,2,5,1,1,0,"33,71,79","50,55",6,1,1,0,1,0,0,1,0,1,26,7,9,5,10,2,8,5,65,35,1.96,1.10,2.28,0.90,2.53,45,78,43,23,10,33,55,55,78,12.10,6.50,1.20,6.50,13.00,1.11,1.40,2.00,3.25,1.95,1.80,Estádio José Alvalade (Lisboa)
1699301700,Nov 06 2023 - 8:15pm,complete,N/A,Farense,FC Arouca,Iancu Ioan Vasilica,10,1.40,0.50,1.29,1.29,2,0,2,2,2,0,"31,38","",6,6,1,0,1,0,1,0,0,1,11,22,4,7,3,3,16,14,39,61,1.57,1.11,1.02,1.66,2.95,58,78,65,43,20,43,78,68,78,10.75,8.45,2.25,3.35,3.20,1.33,2.01,3.60,7.00,1.80,1.95,Estádio de São Lúis (Faro)
1699647300,Nov 10 2023 - 8:15pm,complete,N/A,GD Estoril Praia,Casa Pia,Fábio Oliveira Melo,11,1.00,1.60,1.47,1.41,4,0,4,2,2,0,"1,24,69,90'5","",4,7,3,0,4,0,1,2,2,2,19,12,8,4,6,6,15,16,57,43,1.30,1.23,1.74,1.33,2.25,45,78,35,13,0,13,43,45,88,10.55,5.55,2.57,3.25,2.84,1.35,2.25,3.65,7.10,1.83,1.85,Estádio António Coimbra da Mota (Estoril)
1699716600,Nov 11 2023 - 3:30pm,complete,1552,Portimonense,GD Chaves,David Rafael Oliveira Silva,11,1.00,0.60,0.88,0.59,2,1,3,2,2,0,"14,38","87",3,8,4,0,2,0,0,4,1,1,14,22,7,9,7,9,15,12,45,55,1.47,1.26,1.59,2.15,3.40,48,88,55,55,43,68,80,55,75,10.75,6.45,2.14,3.27,3.42,1.30,1.91,3.30,6.30,1.65,2.10,Estádio Municipal de Portimão (Portimão)
1699725600,Nov 11 2023 - 6:00pm,complete,N/A,Estrela Amadora,Moreirense FC,N/A,11,1.20,2.00,1.24,1.59,0,1,1,0,0,0,"","90",2,5,3,0,6,1,1,2,1,6,12,13,3,3,5,6,22,17,57,43,1.34,1.13,1.02,1.02,2.30,30,50,50,20,10,10,60,50,60,10.20,6.00,2.61,3.07,2.81,1.33,2.00,3.53,6.85,1.73,2.00,Estádio José Gomes (Amadora)
1699725600,Nov 11 2023 - 6:00pm,complete,N/A,FC Vizela,Famalicão,N/A,11,0.80,1.00,0.82,1.06,0,0,0,0,0,0,"","",5,7,1,0,3,0,0,1,0,3,15,16,6,3,6,9,17,18,52,48,1.52,1.06,1.57,1.29,2.60,60,70,50,30,10,50,70,40,90,8.60,7.80,2.70,2.96,2.80,1.38,2.10,3.88,7.60,1.85,1.85,Estádio Do Vizela (Caldas de Vizela)
1699734600,Nov 11 2023 - 8:30pm,complete,21350,Vitória Guimarães,Porto,Nuno Miguel Serrano Almeida,11,2.40,2.40,2.06,2.06,1,2,3,2,1,1,"17","39,59",10,6,3,0,3,0,1,2,1,2,15,11,9,5,4,2,19,16,44,56,1.59,1.29,1.90,1.09,2.80,50,80,60,20,20,30,50,70,80,13.20,7.60,5.31,3.83,1.62,1.30,1.78,3.56,6.00,1.85,1.85,Estádio Dom Afonso Henriques (Guimarães)
1699803000,Nov 12 2023 - 3:30pm,complete,N/A,Gil Vicente,Rio Ave FC,Miguel Bertolo Nogueira,11,2.00,0.25,1.47,0.65,1,1,2,0,0,0,"66","56",4,7,1,0,1,0,0,1,1,0,9,20,3,8,4,9,10,18,58,42,1.59,1.09,0.91,1.92,3.73,55,100,53,40,40,33,78,75,88,4.70,5.35,1.22,6.14,7.48,1.33,1.90,3.50,6.50,1.78,2.00,Estádio Cidade de Barcelos (Barcelos)
1699803000,Nov 12 2023 - 3:30pm,complete,N/A,Boavista FC,Farense,André Filipe Domingues Narciso,11,1.60,0.75,1.18,0.88,1,3,4,1,0,1,"86","29,90'2,90'6",9,2,3,0,1,0,0,3,0,1,20,14,4,8,10,5,19,9,60,40,1.18,1.09,1.55,1.61,3.30,65,75,55,43,33,45,88,33,88,8.85,6.85,1.96,3.48,3.21,1.25,1.91,3.10,5.50,1.65,2.10,Estádio do Bessa Século XXI (Porto)
1699812000,Nov 12 2023 - 6:00pm,complete,N/A,FC Arouca,Sporting Braga,João António Ferreira Gonçalves,11,0.80,2.00,1.41,2.06,0,1,1,1,0,1,"","36",3,8,2,0,4,0,1,1,1,3,15,18,8,7,3,7,14,13,39,61,1.41,1.83,1.47,1.83,4.00,70,80,60,60,50,40,80,70,90,12.40,6.40,5.76,4.10,1.44,1.19,1.61,2.66,4.47,1.68,2.05,Estádio Municipal de Arouca (Arouca)
1699821000,Nov 12 2023 - 8:30pm,complete,N/A,Benfica,Sporting CP,Artur Manuel Ribeiro Soares Dias,11,2.50,2.50,2.76,2.29,2,1,3,1,0,1,"90'4,90'7","45",6,4,2,0,5,1,0,2,2,4,16,9,5,4,6,4,9,12,53,47,2.20,1.77,1.59,1.21,2.63,50,88,38,25,13,25,75,38,100,15.50,6.00,2.30,3.40,3.00,1.30,1.75,3.26,6.44,1.75,2.05,Estádio do Sport Lisboa e Benfica (da Luz) (Lisboa)
1701462600,Dec 01 2023 - 8:30pm,complete,2788,GD Chaves,FC Vizela,Luis Miguel Branco Godinho,12,0.80,1.00,0.76,0.71,2,1,3,2,1,1,"30,48","12",2,1,5,0,3,1,4,1,1,3,18,9,6,2,9,2,14,17,41,59,1.62,1.43,1.66,0.73,3.30,60,80,60,50,30,30,50,80,90,9.60,5.60,2.65,3.42,2.61,1.33,2.06,3.60,7.00,1.80,1.95,Estádio Municipal Eng. Manuel Branco Teixeira (Chaves)
1701531000,Dec 02 2023 - 3:30pm,complete,N/A,Rio Ave FC,Estrela Amadora,Nuno Miguel Serrano Almeida,12,1.17,1.00,1.53,0.71,1,1,2,0,0,0,"81","86",7,0,4,0,1,0,1,3,1,0,14,9,4,2,5,5,14,13,59,41,1.27,1.06,1.23,0.75,3.07,55,90,45,37,19,27,64,64,90,9.60,5.83,2.05,3.35,3.05,1.34,1.96,3.79,7.54,1.80,1.95,Estádio do Rio Ave Futebol Clube (Vila do Conde)
1701531000,Dec 02 2023 - 3:30pm,complete,N/A,Farense,Vitória Guimarães,Manuel Antonio Rodrigues Oliveira,12,1.67,1.40,1.29,1.65,1,2,3,1,0,1,"57","3,87",1,7,2,1,3,0,1,2,1,2,8,18,5,6,1,9,12,14,54,46,1.48,1.14,0.99,1.86,2.59,27,62,54,45,17,54,72,35,64,14.03,6.03,2.75,3.35,2.22,1.26,1.90,3.24,6.17,1.75,2.00,Estádio de São Lúis (Faro)
1701540000,Dec 02 2023 - 6:00pm,complete,N/A,Famalicão,Porto,António Emanuel Carvalho Nobre,12,2.00,2.50,1.41,2.06,0,3,3,2,0,2,"","9,45'4,87",7,2,3,1,5,0,1,3,1,4,18,10,3,7,7,2,16,21,40,60,1.29,1.26,1.23,1.34,2.09,45,54,45,20,0,37,55,37,64,14.13,8.23,5.00,3.95,1.52,1.30,1.80,3.24,6.66,2.05,1.70,Estádio Municipal 22 de Junho (Vila Nova de Famalicão)
1701549000,Dec 02 2023 - 8:30pm,complete,N/A,Casa Pia,Portimonense,Gustavo Fernandes Correia,12,0.40,1.17,0.82,1.00,1,0,1,0,0,0,"55","",5,5,3,0,3,1,2,1,0,4,12,14,5,3,5,10,20,15,39,61,1.08,1.02,1.16,1.38,2.62,54,62,44,25,25,17,70,44,82,9.60,5.57,1.96,3.25,3.35,1.36,2.05,4.14,8.45,1.95,1.80,Estádio Municipal de Rio Maior (Rio Maior)
1701617400,Dec 03 2023 - 3:30pm,complete,N/A,Sporting Braga,GD Estoril Praia,Bruno Vieira,12,2.00,0.50,1.94,0.47,3,1,4,2,1,1,"31,51,90","24",5,2,2,0,2,0,1,1,1,1,20,6,10,2,8,2,13,14,61,39,2.03,1.34,2.19,0.54,4.09,84,84,74,45,45,35,84,74,92,12.47,5.33,1.33,5.20,9.00,1.13,1.38,2.20,3.24,1.57,2.25,Estádio Municipal de Braga (Braga)
1701626400,Dec 03 2023 - 6:00pm,complete,N/A,Moreirense FC,Benfica,Fábio José Costa Veríssimo,12,1.40,2.50,1.65,1.94,0,0,0,0,0,0,"","",2,7,4,0,1,0,2,2,0,1,14,17,5,4,5,5,13,11,32,68,1.28,1.78,1.13,1.21,2.87,64,72,54,35,27,37,64,54,80,11.00,3.93,6.50,4.33,1.50,1.20,1.61,2.75,4.75,1.80,1.95,Parque Desportivo Comendador Joaquim de Almeida Freitas (Moreira de Cónegos)
1701635400,Dec 03 2023 - 8:30pm,complete,N/A,Boavista FC,FC Arouca,Tiago Bruno Lopes Martins,12,1.33,0.40,1.18,1.29,0,4,4,3,0,3,"","2,23,39,72",8,1,5,1,3,1,2,4,1,3,12,13,3,8,3,4,13,10,63,37,1.24,1.22,0.96,1.51,3.04,72,90,54,44,17,37,90,55,80,9.53,7.90,2.10,3.30,3.30,1.38,1.91,4.00,7.50,1.91,1.91,Estádio do Bessa Século XXI (Porto)
1701720900,Dec 04 2023 - 8:15pm,complete,N/A,Sporting CP,Gil Vicente,Cláudio Filipe Ruivo Pereira,12,3.00,0.00,3.00,0.65,3,1,4,2,1,1,"43,52,56","34",9,0,4,0,1,0,1,3,0,1,16,6,5,2,9,3,15,9,60,40,2.02,1.12,1.69,0.71,3.29,65,82,74,37,27,47,64,64,92,9.10,5.67,1.22,6.86,10.39,1.06,1.40,2.25,2.80,2.00,1.75,Estádio José Alvalade (Lisboa)
1702049400,Dec 08 2023 - 3:30pm,complete,N/A,FC Vizela,Sporting Braga,Cláudio Filipe Ruivo Pereira,13,0.83,2.17,0.82,2.06,1,3,4,1,0,1,"72","15,56,90'6",7,6,3,0,1,0,1,2,0,1,16,15,8,5,5,4,19,9,38,62,1.53,1.83,1.74,1.33,3.59,67,75,67,58,42,59,84,58,75,12.00,6.33,5.00,4.30,1.66,1.17,1.61,2.39,4.12,1.62,2.15,Estádio Do Vizela (Caldas de Vizela)
1702058400,Dec 08 2023 - 6:00pm,complete,56766,Benfica,Farense,Miguel Bertolo Nogueira,13,2.60,1.20,2.76,0.88,1,1,2,0,0,0,"71","51",15,3,2,0,3,0,0,2,1,2,38,10,15,6,14,2,9,11,67,33,2.08,1.19,3.69,1.16,2.80,50,70,50,30,10,30,70,40,90,12.80,5.20,1.20,7.60,15.00,1.10,1.52,2.10,3.20,1.90,1.80,Estádio do Sport Lisboa e Benfica (da Luz) (Lisboa)
1702135800,Dec 09 2023 - 3:30pm,complete,N/A,Portimonense,Famalicão,N/A,13,1.40,1.00,0.88,1.06,1,1,2,1,0,1,"61","31",2,5,4,1,1,0,1,4,1,0,9,19,5,9,2,4,13,20,49,51,1.50,1.10,1.03,1.92,2.42,65,65,47,29,10,49,75,37,72,8.70,7.57,2.75,3.40,2.36,1.33,2.11,3.55,7.00,1.75,1.95,Estádio Municipal de Portimão (Portimão)
1702144800,Dec 09 2023 - 6:00pm,complete,N/A,Vitória Guimarães,Sporting CP,João Pedro Silva Pinheiro,13,2.00,2.00,2.06,2.29,3,2,5,2,1,1,"45'7,73,80","41,77",1,6,3,0,2,0,1,2,1,1,9,13,7,5,2,4,15,6,30,70,1.64,1.66,1.27,1.41,3.25,74,100,72,27,27,35,84,72,100,12.73,6.50,4.80,4.15,1.59,1.22,1.80,2.80,5.25,1.75,1.95,Estádio Dom Afonso Henriques (Guimarães)
1702153800,Dec 09 2023 - 8:30pm,complete,N/A,Porto,Casa Pia,João António Ferreira Gonçalves,13,2.00,1.33,2.18,1.41,3,1,4,1,1,0,"12,49,81","89",4,1,3,0,1,0,2,1,0,1,16,11,8,3,6,5,11,9,68,32,2.26,1.25,1.86,0.99,2.17,47,72,37,9,0,29,64,35,90,14.57,6.00,1.25,6.00,10.00,1.18,1.72,2.58,4.60,2.30,1.55,Estádio Do Dragão (Porto)
1702222200,Dec 10 2023 - 3:30pm,complete,N/A,Estrela Amadora,Boavista FC,Iancu Ioan Vasilica,13,1.00,1.40,1.24,0.71,3,1,4,0,0,0,"52,78,84","74",2,4,4,0,2,0,2,2,1,1,5,11,3,6,1,2,18,11,48,52,1.29,1.12,0.68,1.15,2.79,57,67,47,29,29,40,75,37,64,8.27,4.87,2.57,3.23,2.73,1.30,1.95,3.35,6.50,1.73,2.00,Estádio José Gomes (Amadora)
1702231200,Dec 10 2023 - 6:00pm,complete,N/A,FC Arouca,Rio Ave FC,André Filipe Domingues Narciso,13,0.67,0.40,1.41,0.65,2,2,4,2,0,2,"50,62","5,29",5,3,1,0,5,0,1,0,1,4,18,13,7,9,6,2,12,14,65,35,1.42,1.25,1.69,1.55,2.27,47,75,19,9,9,19,64,47,74,8.43,5.40,2.09,3.24,3.60,1.44,2.14,4.33,8.50,1.95,1.77,Estádio Municipal de Arouca (Arouca)
1702240200,Dec 10 2023 - 8:30pm,complete,N/A,GD Estoril Praia,GD Chaves,Carlos André Fernandes Macedo,13,1.40,0.50,1.47,0.59,4,0,4,1,1,0,"6,61,70,90'2","",3,6,4,0,3,0,2,2,0,3,17,10,11,3,5,6,19,11,59,41,1.38,1.41,2.03,1.02,3.24,37,90,64,45,25,54,54,55,90,10.90,5.80,2.04,3.72,3.55,1.25,1.86,3.00,5.75,1.70,2.05,Estádio António Coimbra da Mota (Estoril)
1702325700,Dec 11 2023 - 8:15pm,complete,N/A,Gil Vicente,Moreirense FC,Hélder Miguel Azevedo Malheiro,13,1.83,2.17,1.47,1.59,1,1,2,1,1,0,"6","83",6,6,5,0,3,0,2,3,1,2,12,14,4,4,4,7,18,20,42,58,1.48,1.11,1.06,1.28,3.34,42,75,59,42,34,25,59,75,84,7.33,6.50,2.60,3.40,2.63,1.30,1.90,3.46,6.66,1.75,2.00,Estádio Cidade de Barcelos (Barcelos)
1702671300,Dec 15 2023 - 8:15pm,complete,N/A,Farense,Estrela Amadora,Cláudio Filipe Ruivo Pereira,14,1.43,1.00,1.29,0.71,0,0,0,0,0,0,"","",6,9,2,0,1,0,1,1,0,1,12,14,2,2,6,7,11,8,49,51,1.41,1.01,0.97,1.06,2.91,55,85,52,38,23,37,68,62,77,9.83,5.53,2.05,3.35,3.55,1.29,2.10,3.10,5.75,1.67,2.10,Estádio de São Lúis (Faro)
1702740600,Dec 16 2023 - 3:30pm,complete,N/A,Rio Ave FC,FC Vizela,Gustavo Fernandes Correia,14,1.14,0.83,1.53,0.71,1,1,2,0,0,0,"72","55",7,2,3,0,2,1,1,2,1,2,16,8,5,5,8,1,16,15,60,40,1.27,1.31,1.52,0.91,2.82,54,84,47,31,16,31,45,61,92,9.12,5.33,2.25,3.20,3.30,1.35,2.10,3.68,7.15,1.85,1.90,Estádio do Rio Ave Futebol Clube (Vila do Conde)
1702749600,Dec 16 2023 - 6:00pm,complete,N/A,FC Arouca,Gil Vicente,Manuel Antonio Rodrigues Oliveira,14,0.71,0.00,1.41,0.65,3,0,3,1,1,0,"45'1,61,78","",4,6,2,0,0,0,1,1,0,0,11,11,8,5,2,3,11,8,49,51,1.46,1.05,1.44,1.28,3.04,63,70,56,40,16,48,69,55,86,7.88,5.38,2.35,3.25,3.10,1.32,2.05,3.40,6.55,1.78,1.95,Estádio Municipal de Arouca (Arouca)
1702758600,Dec 16 2023 - 8:30pm,complete,N/A,Boavista FC,Vitória Guimarães,Fábio José Costa Veríssimo,14,1.14,1.67,1.18,1.65,1,1,2,1,0,1,"90'3","30",7,8,6,0,2,0,2,4,2,0,12,14,5,6,4,5,17,9,61,39,1.20,1.26,1.21,1.28,2.94,52,75,61,52,15,38,84,38,84,12.88,7.03,3.10,3.30,2.35,1.35,1.91,3.70,7.20,1.82,1.88,Estádio do Bessa Século XXI (Porto)
1702827000,Dec 17 2023 - 3:30pm,complete,N/A,Moreirense FC,Portimonense,André Filipe Domingues Narciso,14,1.33,1.00,1.65,1.00,5,2,7,3,2,1,"23,25,84,89,90'2","40,74",7,7,2,0,2,0,1,1,0,2,20,11,7,4,7,3,12,12,49,51,1.25,1.07,1.67,1.02,2.72,54,61,45,30,30,31,68,45,68,8.62,5.43,1.70,3.80,4.80,1.29,1.85,3.00,5.50,1.85,1.85,Parque Desportivo Comendador Joaquim de Almeida Freitas (Moreira de Cónegos)
1702827000,Dec 17 2023 - 3:30pm,complete,N/A,GD Chaves,Casa Pia,Iancu Ioan Vasilica,14,1.17,1.14,0.76,1.41,1,3,4,3,1,2,"45","20,23,82",4,2,1,0,1,0,1,0,0,1,17,10,6,7,8,1,16,15,51,49,1.63,1.21,1.61,1.25,3.29,63,93,63,40,17,32,77,70,100,9.24,6.71,2.63,3.20,2.75,1.42,2.20,4.20,8.00,1.85,1.85,Estádio Municipal Eng. Manuel Branco Teixeira (Chaves)
1702836000,Dec 17 2023 - 6:00pm,complete,N/A,Famalicão,GD Estoril Praia,Miguel Bertolo Nogueira,14,1.67,0.43,1.41,0.47,1,1,2,2,1,1,"14","5",1,7,4,0,1,0,1,3,0,1,11,14,4,4,6,2,10,19,55,45,1.28,1.23,1.28,0.94,3.16,52,61,61,45,22,54,69,52,77,12.81,6.64,2.20,3.40,3.25,1.34,1.95,3.67,7.54,1.73,2.00,Estádio Municipal 22 de Junho (Vila Nova de Famalicão)
1702845000,Dec 17 2023 - 8:30pm,complete,N/A,Sporting Braga,Benfica,Luis Miguel Branco Godinho,14,2.17,2.29,1.94,1.94,0,1,1,1,0,1,"","3",5,2,3,0,3,0,1,2,1,2,23,12,7,7,11,5,11,9,63,37,2.06,1.70,2.32,1.44,3.43,79,86,70,47,31,31,79,70,93,11.79,4.14,3.04,3.82,2.16,1.18,1.60,2.25,3.85,1.42,2.65,Estádio Municipal de Braga (Braga)
1702930500,Dec 18 2023 - 8:15pm,complete,N/A,Sporting CP,Porto,Nuno Miguel Serrano Almeida,14,3.00,2.57,3.00,2.06,2,0,2,1,1,0,"11,60","",2,2,5,0,4,1,1,4,2,3,11,7,6,3,4,3,21,15,43,57,1.97,1.27,1.38,0.85,2.79,50,79,64,22,15,43,64,50,79,12.57,7.72,2.15,3.30,3.40,1.28,1.95,3.00,5.75,1.80,1.95,Estádio José Alvalade (Lisboa)
1703345400,Dec 23 2023 - 3:30pm,complete,N/A,FC Vizela,Moreirense FC,Fábio Oliveira Melo,15,0.71,2.00,0.82,1.59,0,0,0,0,0,0,"","",3,9,3,0,1,0,1,2,1,0,9,13,3,5,3,4,16,8,62,38,1.56,1.14,0.84,1.28,2.36,43,64,50,29,7,36,64,43,71,10.15,7.00,2.70,3.20,2.50,1.45,2.06,4.18,8.25,1.95,1.78,Estádio Do Vizela (Caldas de Vizela)
1703345400,Dec 23 2023 - 3:30pm,complete,N/A,Vitória Guimarães,Rio Ave FC,António Emanuel Carvalho Nobre,15,2.14,0.50,2.06,0.65,1,0,1,0,0,0,"63","",4,8,4,0,3,0,2,2,1,2,9,10,4,4,3,3,13,18,47,53,1.59,1.30,0.93,1.01,3.11,69,100,60,30,22,45,69,77,92,9.10,5.40,1.68,3.80,4.60,1.33,2.04,2.23,7.00,1.95,1.83,Estádio Dom Afonso Henriques (Guimarães)
1703794500,Dec 28 2023 - 8:15pm,complete,N/A,Estrela Amadora,FC Arouca,João Pedro Silva Pinheiro,15,1.29,0.83,1.24,1.29,1,4,5,1,1,0,"11","47,77,80,90'1",3,5,0,1,3,0,0,1,1,2,6,20,2,9,4,7,6,12,38,62,1.20,1.27,0.68,1.92,2.55,47,63,47,31,7,25,63,47,69,8.81,7.19,2.70,3.30,2.65,1.38,2.05,4.00,8.00,1.85,1.85,Estádio José Gomes (Amadora)
1703875500,Dec 29 2023 - 6:45pm,complete,N/A,Benfica,Famalicão,André Filipe Domingues Narciso,15,2.33,1.00,2.76,1.06,3,0,3,1,1,0,"31,85,89","",6,4,2,0,3,0,0,2,1,2,18,15,12,3,4,9,21,14,57,43,2.35,1.22,2.16,1.22,2.10,54,70,31,16,0,16,54,40,93,13.71,6.04,1.20,6.50,13.00,1.17,1.53,2.35,4.20,1.93,1.77,Estádio do Sport Lisboa e Benfica (da Luz) (Lisboa)
1703882700,Dec 29 2023 - 8:45pm,complete,N/A,Porto,GD Chaves,Gustavo Fernandes Correia,15,2.17,0.43,2.18,0.59,1,0,1,0,0,0,"58","",8,3,3,0,5,0,1,2,1,4,20,7,9,3,6,3,20,11,68,32,2.20,1.35,2.28,0.70,3.02,48,84,61,37,22,45,69,45,92,14.07,6.00,1.14,7.50,17.00,1.13,1.40,2.02,3.55,1.91,1.80,Estádio Do Dragão (Porto)
1703950200,Dec 30 2023 - 3:30pm,complete,N/A,Gil Vicente,Boavista FC,Luis Miguel Branco Godinho,15,1.71,1.17,1.47,0.71,1,0,1,0,0,0,"64","",4,3,0,0,1,0,0,0,0,1,14,9,4,3,7,2,16,15,54,46,1.42,1.13,1.35,0.81,3.90,77,100,62,54,45,48,77,68,84,6.54,4.88,2.40,3.40,2.60,1.33,1.85,3.50,6.50,1.75,1.95,Estádio Cidade de Barcelos (Barcelos)
1703950200,Dec 30 2023 - 3:30pm,complete,N/A,GD Estoril Praia,Farense,Ricardo Baixinho,15,1.67,1.17,1.47,0.88,4,0,4,2,2,0,"4,45'5,47,78","",10,8,2,0,2,0,2,0,1,1,14,16,8,3,2,8,8,18,62,38,1.49,1.19,1.56,1.15,3.00,50,75,59,42,9,33,59,59,83,8.67,5.83,2.38,3.40,2.63,1.22,1.85,2.80,5.00,1.61,2.15,Estádio António Coimbra da Mota (Estoril)
1703959200,Dec 30 2023 - 6:00pm,complete,N/A,Casa Pia,Sporting Braga,Tiago Bruno Lopes Martins,15,0.83,2.29,0.82,2.06,1,3,4,0,0,0,"74","51,77,88",2,3,1,0,0,0,0,1,0,0,7,12,3,5,3,5,9,8,45,55,1.09,1.76,0.76,1.36,2.95,60,60,52,43,29,22,67,52,85,12.62,5.50,4.64,3.92,1.72,1.22,1.81,2.80,5.00,1.77,1.95,Estádio Municipal de Rio Maior (Rio Maior)
1703968200,Dec 30 2023 - 8:30pm,complete,N/A,Portimonense,Sporting CP,Manuel Antonio Rodrigues Oliveira,15,1.33,1.67,0.88,2.29,1,2,3,0,0,0,"69","59,80",0,12,5,0,3,0,0,5,1,2,8,17,4,8,3,7,12,12,26,74,1.42,1.62,0.81,2.26,3.08,83,92,59,33,25,50,100,50,84,10.17,7.50,9.55,5.93,1.27,1.14,1.53,2.30,3.80,1.83,1.85,Estádio Municipal de Portimão (Portimão)
1704480300,Jan 05 2024 - 6:45pm,complete,N/A,Sporting CP,GD Estoril Praia,Cláudio Filipe Ruivo Pereira,16,3.00,0.50,3.00,0.47,5,1,6,2,2,0,"21,45'2,51,69,78","82",5,7,1,0,3,0,0,1,1,2,26,12,12,5,11,5,6,10,50,50,1.90,1.19,2.60,1.14,3.51,63,82,63,44,32,51,75,63,82,11.63,6.01,1.22,6.50,11.00,1.13,1.41,1.90,3.57,1.91,1.91,Estádio José Alvalade (Lisboa)
1704487500,Jan 05 2024 - 8:45pm,complete,N/A,Boavista FC,Porto,Manuel Antonio Rodrigues Oliveira,16,1.13,2.25,1.18,2.06,1,1,2,2,1,1,"28","23",1,6,5,1,1,0,1,5,0,1,8,25,3,8,4,11,18,14,32,68,1.20,1.22,0.76,2.33,2.88,57,88,57,32,13,38,82,32,88,11.13,9.13,6.25,4.77,1.47,1.26,1.70,2.68,6.17,2.00,1.75,Estádio do Bessa Século XXI (Porto)
1704555000,Jan 06 2024 - 3:30pm,complete,N/A,Farense,Gil Vicente,N/A,16,1.38,0.00,1.29,0.65,1,0,1,0,0,0,"90'1","",6,5,2,0,2,0,0,2,1,1,12,18,6,7,3,3,9,7,47,53,1.35,1.09,1.44,1.50,3.09,55,81,75,41,20,54,73,61,82,8.71,5.04,1.81,3.55,4.19,1.33,1.80,3.60,7.00,1.75,2.00,Estádio de São Lúis (Faro)
1704555000,Jan 06 2024 - 3:30pm,complete,N/A,Estrela Amadora,FC Vizela,Nuno Miguel Serrano Almeida,16,1.13,0.86,1.24,0.71,1,1,2,1,1,0,"7","48",6,4,0,0,1,0,0,0,0,1,15,18,5,5,7,9,14,13,40,60,1.14,1.26,1.39,1.58,2.59,54,61,47,34,20,15,40,54,81,8.45,5.18,2.01,3.35,3.57,1.40,1.95,4.20,8.00,1.95,1.80,Estádio José Gomes (Amadora)
1704564000,Jan 06 2024 - 6:00pm,complete,N/A,FC Arouca,Benfica,Fábio José Costa Veríssimo,16,1.00,2.38,1.41,1.94,0,3,3,1,0,1,"","39,47,85",1,3,2,0,2,0,1,1,0,2,12,12,2,7,8,3,12,6,52,48,1.46,1.67,1.11,1.55,2.63,44,63,44,32,19,25,69,50,75,10.38,4.88,7.95,5.00,1.34,1.22,1.72,2.64,4.90,1.80,1.95,Estádio Municipal de Arouca (Arouca)
1704573000,Jan 06 2024 - 8:30pm,complete,N/A,Sporting Braga,Vitória Guimarães,João Pedro Silva Pinheiro,16,1.86,1.57,1.94,1.65,1,1,2,0,0,0,"53","90'8",5,6,2,0,0,0,0,2,0,0,12,17,5,5,6,9,7,7,54,46,2.10,1.26,1.27,1.66,2.86,65,72,57,36,15,29,86,50,79,13.58,5.14,1.63,3.95,4.85,1.24,1.72,2.86,5.60,1.80,1.95,Estádio Municipal de Braga (Braga)
1704650400,Jan 07 2024 - 6:00pm,complete,N/A,Rio Ave FC,Portimonense,Luis Miguel Branco Godinho,16,1.13,0.88,1.53,1.00,2,0,2,0,0,0,"54,89","",3,6,1,0,3,0,1,0,0,3,16,10,5,5,8,3,9,13,48,52,1.30,1.06,1.47,1.23,3.44,63,88,51,38,32,32,69,69,94,9.25,6.25,1.91,3.40,3.90,1.31,1.84,3.57,7.12,1.95,1.80,Estádio do Rio Ave Futebol Clube (Vila do Conde)
1704659400,Jan 07 2024 - 8:30pm,complete,N/A,Famalicão,GD Chaves,Artur Manuel Ribeiro Soares Dias,16,1.57,0.38,1.41,0.59,2,2,4,3,2,1,"33,40","23,56",5,8,3,0,2,0,3,0,1,1,23,11,8,3,11,4,20,23,56,44,1.28,1.27,2.14,0.89,2.76,34,73,53,40,19,54,67,40,79,11.96,6.82,1.85,3.70,4.20,1.38,1.99,4.22,8.74,2.05,1.70,Estádio Municipal 22 de Junho (Vila Nova de Famalicão)
1704744900,Jan 08 2024 - 8:15pm,complete,N/A,Moreirense FC,Casa Pia,Ricardo Baixinho,16,1.57,1.38,1.65,1.41,1,4,5,4,1,3,"14","18,26,39,56",4,3,2,0,2,0,1,1,1,1,14,15,3,8,7,3,16,21,60,40,1.31,1.21,1.27,1.52,2.73,54,73,47,34,15,34,66,47,79,9.82,4.50,1.97,3.41,4.16,1.43,2.25,4.53,9.43,2.10,1.67,Parque Desportivo Comendador Joaquim de Almeida Freitas (Moreira de Cónegos)
1705090500,Jan 12 2024 - 8:15pm,complete,N/A,Portimonense,Farense,Fábio José Costa Veríssimo,17,1.14,1.00,0.88,0.88,1,0,1,0,0,0,"58","",4,4,2,0,3,0,1,1,1,2,14,11,5,4,2,4,19,9,46,54,1.33,1.18,1.10,1.01,3.00,72,79,57,36,14,50,79,50,79,8.29,6.71,2.50,3.20,2.70,1.30,1.95,3.30,6.25,1.80,1.95,Estádio Municipal de Portimão (Portimão)
1705159800,Jan 13 2024 - 3:30pm,complete,N/A,Casa Pia,Famalicão,Fábio Oliveira Melo,17,0.71,0.88,0.82,1.06,0,2,2,1,0,1,"","45'1,66",6,3,1,1,1,0,1,1,0,1,10,13,2,4,4,7,13,15,55,45,1.05,1.22,0.82,1.17,1.86,47,53,34,14,0,7,46,34,87,9.46,5.92,2.60,3.10,2.90,1.45,2.30,4.50,9.00,2.00,1.75,Estádio Municipal de Rio Maior (Rio Maior)
1705168800,Jan 13 2024 - 6:00pm,complete,N/A,GD Chaves,Sporting CP,Luis Miguel Branco Godinho,17,1.00,1.86,0.76,2.29,0,3,3,1,0,1,"","44,52,56",2,5,1,0,2,0,0,1,0,2,7,22,0,11,5,6,11,15,48,52,1.62,1.71,0.57,2.31,3.65,86,100,79,43,29,43,86,71,100,11.00,7.14,9.40,6.00,1.29,1.19,1.40,2.05,4.48,2.05,1.70,Estádio Municipal Eng. Manuel Branco Teixeira (Chaves)
1705177800,Jan 13 2024 - 8:30pm,complete,N/A,GD Estoril Praia,Moreirense FC,Miguel Bertolo Nogueira,17,1.86,1.88,1.47,1.59,1,3,4,2,0,2,"90","30,33,74",8,1,2,0,3,0,1,1,2,1,14,14,7,8,4,4,15,12,67,33,1.50,1.16,1.66,1.47,2.45,27,68,55,35,0,28,54,55,75,10.59,6.49,2.48,3.35,2.85,1.34,1.95,3.79,7.54,1.75,2.00,Estádio António Coimbra da Mota (Estoril)
1705246200,Jan 14 2024 - 3:30pm,complete,N/A,Gil Vicente,Estrela Amadora,N/A,17,1.88,1.00,1.47,0.71,1,1,2,1,1,0,"12","88",7,5,2,0,4,0,1,1,1,3,11,19,3,8,6,6,14,10,47,53,1.41,1.01,1.07,1.76,3.09,60,80,40,40,32,20,53,66,86,8.32,4.81,2.26,3.52,3.09,1.30,1.91,2.07,6.50,1.72,1.97,Estádio Cidade de Barcelos (Barcelos)
1705255200,Jan 14 2024 - 6:00pm,complete,N/A,FC Vizela,Boavista FC,Cláudio Filipe Ruivo Pereira,17,0.75,1.00,0.82,0.71,1,4,5,2,0,2,"87","24,40,52,65",11,1,2,0,2,0,1,1,1,1,34,12,10,8,14,3,19,4,61,39,1.47,1.08,2.70,1.36,2.76,61,75,54,41,21,54,67,41,67,8.36,5.00,2.32,3.30,3.15,1.41,2.10,4.22,8.74,1.95,1.80,Estádio Do Vizela (Caldas de Vizela)
1705255200,Jan 14 2024 - 6:00pm,complete,N/A,Benfica,Rio Ave FC,Iancu Ioan Vasilica,17,2.43,0.43,2.76,0.65,4,1,5,2,1,1,"29,61,80,90'1","9",5,3,1,0,2,1,0,1,0,3,16,12,11,6,3,4,12,11,58,42,2.32,1.26,2.04,1.29,2.36,50,86,36,14,0,22,57,57,93,12.86,5.15,1.15,7.80,20.00,1.15,1.50,2.25,3.79,2.00,1.75,Estádio do Sport Lisboa e Benfica (da Luz) (Lisboa)
1705264200,Jan 14 2024 - 8:30pm,complete,N/A,Porto,Sporting Braga,Hélder Miguel Azevedo Malheiro,17,2.29,2.38,2.18,2.06,2,0,2,1,1,0,"12,49","",5,5,3,0,5,0,1,2,2,3,10,15,5,6,4,6,14,16,45,55,2.21,1.71,1.19,1.45,3.32,73,73,66,51,25,34,73,59,87,14.31,5.63,1.75,3.75,4.40,1.20,1.95,2.49,4.78,1.62,2.20,Estádio Do Dragão (Porto)
1705349700,Jan 15 2024 - 8:15pm,complete,11200,Vitória Guimarães,FC Arouca,Gustavo Fernandes Correia,17,2.25,1.14,2.06,1.29,2,1,3,2,1,1,"45,64","8",10,1,0,0,3,0,0,0,2,1,19,13,9,5,3,5,8,7,49,51,1.51,1.36,1.85,1.18,3.19,60,87,66,41,26,47,75,66,86,9.99,6.89,1.93,3.40,3.80,1.30,1.83,3.50,7.00,1.80,1.95,Estádio Dom Afonso Henriques (Guimarães)
1705603500,Jan 18 2024 - 6:45pm,complete,N/A,Famalicão,Sporting Braga,Manuel Antonio Rodrigues Oliveira,18,1.50,2.11,1.41,2.06,1,2,3,0,0,0,"62","73,90'11",3,4,4,1,5,0,1,4,2,3,15,15,7,8,3,4,9,9,40,60,1.39,1.68,1.44,1.83,3.30,64,76,64,58,22,48,82,52,76,12.28,6.39,4.20,3.75,1.80,1.25,1.75,3.10,5.75,1.70,2.05,Estádio Municipal 22 de Junho (Vila Nova de Famalicão)
1705610700,Jan 18 2024 - 8:45pm,complete,N/A,FC Vizela,Sporting CP,André Filipe Domingues Narciso,18,0.67,2.00,0.82,2.29,2,5,7,2,1,1,"13,63","45'8,46,57,72,86",0,6,3,0,1,0,1,2,1,0,5,23,4,9,1,5,16,12,36,64,1.60,1.78,0.72,1.93,2.96,66,84,66,35,24,41,78,60,84,12.36,6.27,8.00,5.00,1.36,1.20,1.66,2.60,4.75,2.00,1.75,Estádio Do Vizela (Caldas de Vizela)
1705695300,Jan 19 2024 - 8:15pm,complete,N/A,Benfica,Boavista FC,Gustavo Fernandes Correia,18,2.50,1.25,2.76,0.71,2,0,2,0,0,0,"61,90'4","",12,4,3,0,3,0,0,3,0,3,22,6,10,2,8,3,16,11,55,45,2.28,1.12,2.41,0.64,3.07,63,88,57,38,26,44,69,57,88,11.51,4.13,1.19,7.10,14.00,1.07,1.43,2.10,2.65,2.00,1.75,Estádio do Sport Lisboa e Benfica (da Luz) (Lisboa)
1705764600,Jan 20 2024 - 3:30pm,complete,N/A,GD Estoril Praia,FC Arouca,João António Ferreira Gonçalves,18,1.63,1.00,1.47,1.29,1,2,3,3,1,2,"2","8,45'1",7,4,3,0,2,0,0,3,0,2,17,18,5,8,8,4,17,13,55,45,1.52,1.34,1.53,1.53,3.13,51,88,69,51,7,50,76,63,82,9.50,6.75,2.33,3.40,2.80,1.25,1.93,2.90,5.50,1.62,2.20,Estádio António Coimbra da Mota (Estoril)
1705773600,Jan 20 2024 - 6:00pm,complete,N/A,Casa Pia,Farense,Carlos André Fernandes Macedo,18,0.63,0.88,0.82,0.88,1,3,4,2,0,2,"87","24,40,75",14,3,0,0,1,0,0,0,0,1,26,8,6,5,9,2,11,13,65,35,1.02,1.16,1.95,0.96,2.32,44,57,38,26,7,19,51,38,88,10.00,5.13,2.17,3.40,3.10,1.40,1.83,4.00,8.00,1.85,1.85,Estádio Pina Manique (Lisboa)
1705782600,Jan 20 2024 - 8:30pm,complete,34200,Porto,Moreirense FC,Luis Miguel Branco Godinho,18,2.38,2.00,2.18,1.59,5,0,5,1,1,0,"8,60,69,72,83","",5,1,0,0,3,0,0,0,2,1,17,7,9,2,4,4,13,16,66,34,2.08,1.19,1.72,0.67,2.07,42,60,41,18,0,24,60,35,78,12.44,6.56,1.29,5.10,9.20,1.25,1.59,2.85,5.25,2.00,1.75,Estádio Do Dragão (Porto)
1705851000,Jan 21 2024 - 3:30pm,complete,N/A,Portimonense,Gil Vicente,Hélder Miguel Azevedo Malheiro,18,1.38,0.00,0.88,0.65,0,2,2,1,0,1,"","42,81",3,8,3,0,1,0,0,3,0,1,9,15,0,9,9,3,19,15,46,54,1.30,1.14,0.76,1.81,2.88,69,75,63,32,13,50,69,51,88,7.00,6.00,2.38,3.40,2.80,1.31,1.95,3.46,7.12,1.80,1.95,Estádio Municipal de Portimão (Portimão)
1705860000,Jan 21 2024 - 6:00pm,complete,3036,GD Chaves,Rio Ave FC,Fábio Oliveira Melo,18,0.88,0.38,0.76,0.65,0,0,0,0,0,0,"","",11,0,2,0,3,0,1,1,2,1,22,8,8,2,8,4,15,13,49,51,1.49,1.26,1.92,0.76,3.26,69,94,63,38,19,44,76,69,94,7.63,6.13,2.90,3.30,2.29,1.43,2.08,4.43,7.61,2.00,1.75,Estádio Municipal Eng. Manuel Branco Teixeira (Chaves)
1705869000,Jan 21 2024 - 8:30pm,complete,N/A,Vitória Guimarães,Estrela Amadora,Miguel Bertolo Nogueira,18,2.33,1.00,2.06,0.71,3,0,3,1,1,0,"14,79,88","",8,5,1,0,1,1,1,0,1,1,16,8,5,2,5,4,13,9,49,51,1.54,1.11,1.31,0.79,2.79,65,82,52,29,23,35,59,59,88,11.19,5.07,1.60,3.80,6.00,1.30,1.95,3.46,7.12,1.95,1.80,Estádio Dom Afonso Henriques (Guimarães)
1706455800,Jan 28 2024 - 3:30pm,complete,N/A,Boavista FC,Portimonense,N/A,19,1.11,0.78,1.18,1.00,1,4,5,3,0,3,"68","18,25,35,90'5",11,1,2,0,2,0,1,1,0,2,22,13,7,7,11,4,13,14,68,32,1.15,1.08,2.24,1.38,3.50,67,89,56,50,33,39,89,50,89,9.33,7.66,1.85,3.45,3.85,1.36,1.85,3.79,8.45,1.91,1.91,Estádio do Bessa Século XXI (Porto)
1706455800,Jan 28 2024 - 3:30pm,complete,N/A,Moreirense FC,Famalicão,Nuno Miguel Serrano Almeida,19,1.38,1.11,1.65,1.06,1,0,1,0,0,0,"82","",3,4,3,0,2,0,2,1,1,1,9,13,4,2,3,8,14,13,43,57,1.31,1.21,1.00,1.13,2.50,54,65,42,25,19,31,65,36,76,9.05,5.33,2.15,3.15,3.25,1.51,2.10,5.11,11.20,2.00,1.75,Parque Desportivo Comendador Joaquim de Almeida Freitas (Moreira de Cónegos)
1706464800,Jan 28 2024 - 6:00pm,complete,N/A,Farense,Porto,João Pedro Silva Pinheiro,19,1.56,2.11,1.29,2.06,1,3,4,2,0,2,"59","35,41,76",4,10,1,0,0,0,1,0,0,0,12,19,5,5,5,8,16,10,27,73,1.36,1.34,1.09,1.61,2.39,39,73,50,17,11,44,67,33,67,11.33,7.23,7.00,4.60,1.36,1.22,1.70,2.70,5.11,2.00,1.75,Estádio de São Lúis (Faro)
1706473800,Jan 28 2024 - 8:30pm,complete,N/A,FC Arouca,FC Vizela,Luis Miguel Branco Godinho,19,0.89,0.88,1.41,0.71,5,0,5,2,2,0,"11,17,50,86,90'2","",1,2,1,0,2,0,0,1,2,0,15,9,9,5,3,4,15,12,49,51,1.42,1.30,1.64,1.13,2.53,48,71,41,24,12,24,58,53,83,8.63,4.81,2.05,3.25,3.40,1.29,2.00,3.24,6.54,1.80,1.95,Estádio Municipal de Arouca (Arouca)
1706473800,Jan 28 2024 - 8:30pm,complete,N/A,Gil Vicente,Vitória Guimarães,Fábio Oliveira Melo,19,1.78,1.50,1.47,1.65,1,0,1,0,0,0,"85","",4,4,1,0,2,0,0,1,0,2,10,11,5,3,4,7,13,14,46,54,1.37,1.31,1.23,1.36,2.90,59,76,41,35,22,24,65,53,88,11.24,4.96,3.25,3.20,2.15,1.33,1.95,3.66,7.20,1.95,1.80,Estádio Cidade de Barcelos (Barcelos)
1706553900,Jan 29 2024 - 6:45pm,complete,6398,Estrela Amadora,Benfica,Hélder Miguel Azevedo Malheiro,19,1.11,2.44,1.24,1.94,1,4,5,3,1,2,"28","44,45'1,52,90'3",5,6,1,1,1,0,1,1,1,0,11,18,5,9,6,4,10,10,39,61,1.17,1.66,1.38,1.92,2.67,50,62,50,33,22,11,62,50,78,9.67,4.66,11.00,5.75,1.27,1.16,1.60,2.38,3.70,1.95,1.80,Estádio José Gomes (Amadora)
1706561100,Jan 29 2024 - 8:45pm,complete,N/A,Sporting CP,Casa Pia,N/A,19,3.00,1.56,3.00,1.41,8,0,8,5,5,0,"14,23,25,32,43,64,81,90'4","",9,0,1,0,1,0,1,0,1,0,23,3,12,3,8,0,10,14,74,26,1.97,1.25,2.58,0.50,3.22,56,89,62,44,22,39,78,56,95,10.22,5.33,1.21,6.75,13.50,1.17,1.54,2.19,4.00,2.50,1.50,Estádio José Alvalade (Lisboa)
1706726700,Jan 31 2024 - 6:45pm,complete,N/A,Rio Ave FC,GD Estoril Praia,Bruno Vieira,19,1.33,0.44,1.53,0.47,1,1,2,0,0,0,"56","85",8,6,4,0,3,0,1,3,0,3,9,14,4,8,4,4,11,10,56,44,1.32,1.18,1.13,1.55,3.50,67,89,50,39,28,45,61,73,89,10.78,5.67,2.04,3.37,3.18,1.32,1.89,3.43,6.60,1.80,1.95,Estádio do Rio Ave Futebol Clube (Vila do Conde)
1706733900,Jan 31 2024 - 8:45pm,complete,N/A,Sporting Braga,GD Chaves,João António Ferreira Gonçalves,19,1.75,0.44,1.94,0.59,1,1,2,0,0,0,"52","64",18,2,1,0,5,1,0,1,2,4,28,8,10,3,9,3,12,10,70,30,1.99,1.23,2.47,0.68,3.41,61,89,65,47,29,41,78,60,94,11.69,5.24,1.29,5.50,8.50,1.16,1.57,2.25,3.85,1.91,1.91,Estádio Municipal de Braga (Braga)
1706974200,Feb 03 2024 - 3:30pm,complete,N/A,Portimonense,FC Arouca,David Rafael Oliveira Silva,20,1.22,1.22,0.88,1.29,1,2,3,0,0,0,"71","48,52",3,2,4,0,1,0,1,3,1,0,13,11,6,6,4,3,17,11,40,60,1.24,1.36,1.42,1.33,2.78,67,84,56,28,11,50,84,39,73,7.45,7.45,2.65,3.34,2.65,1.33,2.06,3.45,6.50,1.80,1.95,Estádio Municipal de Portimão (Portimão)
1706992200,Feb 03 2024 - 8:30pm,complete,N/A,Porto,Rio Ave FC,António Emanuel Carvalho Nobre,20,2.44,0.44,2.18,0.65,0,0,0,0,0,0,"","",23,0,4,0,4,1,2,2,1,4,26,5,6,0,10,5,15,24,72,28,2.04,1.21,2.36,0.41,2.39,50,73,39,22,11,28,62,45,84,10.67,5.56,1.19,7.00,14.50,1.18,1.53,2.20,4.50,2.20,1.62,Estádio Do Dragão (Porto)
1707060600,Feb 04 2024 - 3:30pm,complete,N/A,GD Chaves,Farense,Ricardo Baixinho,20,0.89,1.11,0.76,0.88,1,1,2,1,0,1,"53","35",3,6,2,1,4,0,2,1,0,4,4,17,2,8,1,7,19,15,49,51,1.54,1.14,0.55,1.81,3.22,62,78,67,44,17,44,73,62,89,9.11,5.67,2.85,3.30,2.35,1.32,1.97,3.50,6.80,1.91,1.91,Estádio Municipal Eng. Manuel Branco Teixeira (Chaves)
1707060600,Feb 04 2024 - 3:30pm,complete,N/A,FC Vizela,Vitória Guimarães,Manuel Antonio Rodrigues Oliveira,20,0.60,1.33,0.82,1.65,0,1,1,0,0,0,"","80",4,9,4,0,2,0,1,3,1,1,12,20,4,6,5,9,15,15,52,48,1.52,1.32,1.21,1.75,2.55,52,63,47,36,15,41,63,42,74,12.28,5.46,3.00,3.40,2.20,1.35,2.12,3.65,7.50,1.91,1.91,Estádio Do Vizela (Caldas de Vizela)
1707069600,Feb 04 2024 - 6:00pm,complete,58722,Benfica,Gil Vicente,Tiago Bruno Lopes Martins,20,2.56,0.33,2.76,0.65,3,0,3,2,2,0,"15,34,49","",6,4,0,0,1,0,0,0,0,1,13,6,7,4,3,2,11,5,53,47,2.30,1.21,1.46,0.96,2.84,50,84,56,28,11,33,62,62,100,12.78,4.33,1.17,7.75,14.00,1.14,1.40,2.12,3.33,2.05,1.70,Estádio do Sport Lisboa e Benfica (da Luz) (Lisboa)
1707069600,Feb 04 2024 - 6:00pm,complete,N/A,GD Estoril Praia,Estrela Amadora,N/A,20,1.44,0.89,1.47,0.71,1,0,1,0,0,0,"57","",6,1,3,0,2,0,1,2,0,2,11,13,6,7,4,4,15,10,60,40,1.52,1.07,1.44,1.44,2.78,50,84,56,39,6,34,62,62,78,10.78,5.45,1.95,3.75,3.60,1.28,1.95,3.30,6.25,1.80,1.95,Estádio António Coimbra da Mota (Estoril)
1707078600,Feb 04 2024 - 8:30pm,complete,N/A,Sporting Braga,Moreirense FC,João Pedro Silva Pinheiro,20,1.67,1.80,1.94,1.59,1,0,1,1,1,0,"8","",6,1,1,0,2,0,0,1,2,0,16,9,7,2,6,5,13,16,55,45,2.05,1.14,1.67,0.91,2.76,60,75,53,32,16,21,69,64,80,11.54,5.50,1.49,4.33,6.00,1.25,1.66,2.78,5.25,1.80,1.95,Estádio Municipal de Braga (Braga)
1707164100,Feb 05 2024 - 8:15pm,complete,N/A,Casa Pia,Boavista FC,Iancu Ioan Vasilica,20,0.56,1.11,0.82,0.71,0,0,0,0,0,0,"","",4,3,3,0,1,0,1,2,0,1,8,6,2,0,6,3,13,14,45,55,1.12,1.06,0.84,0.50,2.61,56,73,45,33,17,34,56,45,84,9.45,4.22,2.46,3.21,3.12,1.31,2.15,3.50,6.70,1.91,1.91,Estádio Municipal de Rio Maior (Rio Maior)
1707509700,Feb 09 2024 - 8:15pm,complete,N/A,Estrela Amadora,Portimonense,Fábio José Costa Veríssimo,21,1.00,1.00,1.24,1.00,3,0,3,3,3,0,"6,13,25","",4,7,4,0,3,0,2,2,2,1,12,14,6,2,2,8,7,13,37,63,1.19,1.11,1.13,1.23,3.35,60,70,55,45,40,25,70,60,85,8.70,5.50,2.10,3.35,3.30,1.27,1.87,3.00,5.75,1.72,1.98,Estádio José Gomes (Amadora)
1707579000,Feb 10 2024 - 3:30pm,complete,4815,Farense,Famalicão,Hélder Miguel Azevedo Malheiro,21,1.40,1.00,1.29,1.06,1,1,2,1,0,1,"90'2","19",7,6,0,0,6,0,0,0,1,5,22,18,9,5,10,6,16,20,46,54,1.34,1.20,1.99,1.42,2.30,40,65,45,25,10,30,65,40,80,9.50,5.70,2.70,3.13,2.70,1.42,2.20,4.18,8.30,1.95,1.78,Estádio de São Lúis (Faro)
1707588000,Feb 10 2024 - 6:00pm,complete,N/A,Moreirense FC,GD Chaves,N/A,21,1.56,0.50,1.65,0.59,1,0,1,0,0,0,"73","",11,4,3,0,2,0,2,1,2,0,16,13,7,5,5,5,11,10,49,51,1.27,1.17,1.55,1.26,3.04,48,73,52,42,32,47,58,42,84,10.31,5.51,1.73,3.60,5.00,1.38,2.05,1.86,7.00,2.00,1.73,Parque Desportivo Comendador Joaquim de Almeida Freitas (Moreira de Cónegos)
1707597000,Feb 10 2024 - 8:30pm,complete,N/A,Boavista FC,GD Estoril Praia,João Pedro Silva Pinheiro,21,1.00,0.50,1.18,0.47,2,1,3,2,2,0,"15,29","54",7,5,5,0,4,0,0,5,1,3,9,18,4,5,2,8,16,10,41,59,1.26,1.22,0.86,1.47,3.70,80,90,60,55,35,55,85,55,85,11.50,7.10,2.58,3.25,2.81,1.28,2.07,3.00,5.75,1.70,2.00,Estádio do Bessa Século XXI (Porto)
1707665400,Feb 11 2024 - 3:30pm,complete,N/A,Rio Ave FC,Casa Pia,Carlos André Fernandes Macedo,21,1.30,1.40,1.53,1.41,1,0,1,0,0,0,"88","",5,3,1,0,3,0,1,0,1,2,9,7,4,2,4,3,11,18,67,33,1.30,1.17,1.26,0.67,3.15,55,95,45,35,15,30,60,65,100,9.20,5.20,2.20,3.25,3.30,1.50,2.29,4.75,9.00,2.20,1.62,Estádio do Rio Ave Futebol Clube (Vila do Conde)
1707674400,Feb 11 2024 - 6:00pm,complete,N/A,Sporting CP,Sporting Braga,António Emanuel Carvalho Nobre,21,3.00,2.20,3.00,2.06,5,0,5,2,2,0,"8,18,71,73,85","",3,7,0,0,0,0,0,0,0,0,15,8,6,2,7,2,10,10,46,54,2.04,1.69,1.57,0.61,4.00,65,90,75,60,40,40,80,75,90,12.00,5.80,1.50,4.50,6.00,1.17,1.53,2.30,4.20,1.67,2.10,Estádio José Alvalade (Lisboa)
1707683400,Feb 11 2024 - 8:30pm,complete,N/A,Vitória Guimarães,Benfica,Luis Miguel Branco Godinho,21,2.40,2.50,2.06,1.94,2,2,4,2,1,1,"35,61","40,90",6,11,4,1,4,0,2,3,2,2,14,8,8,4,3,2,15,9,38,62,1.52,1.68,1.58,1.12,3.10,55,80,70,35,30,40,70,65,90,11.50,4.40,5.00,4.00,1.62,1.22,1.69,2.70,5.00,1.70,2.05,Estádio Dom Afonso Henriques (Guimarães)
1707768900,Feb 12 2024 - 8:15pm,complete,N/A,FC Arouca,Porto,Nuno Miguel Serrano Almeida,21,1.10,2.20,1.41,2.06,3,2,5,3,2,1,"1,30,60","9,86",3,7,3,0,3,1,1,2,0,4,13,21,7,8,1,6,20,9,36,64,1.44,1.37,1.13,1.89,2.65,40,75,50,20,10,40,75,45,75,10.40,6.50,7.00,4.70,1.43,1.23,1.76,2.86,5.11,1.91,1.91,Estádio Municipal de Arouca (Arouca)
1707838200,Feb 13 2024 - 3:30pm,complete,N/A,Gil Vicente,FC Vizela,Ricardo Baixinho,21,1.90,0.78,1.47,0.71,0,1,1,1,0,1,"","12",8,3,3,0,4,1,1,2,1,4,23,8,6,3,8,5,13,15,60,40,1.36,1.28,1.97,0.89,3.04,58,79,42,37,31,27,52,58,95,7.54,4.42,2.08,3.62,3.53,1.31,1.87,3.35,6.71,1.80,1.95,Estádio Cidade de Barcelos (Barcelos)
1708114500,Feb 16 2024 - 8:15pm,complete,N/A,Famalicão,Rio Ave FC,Artur Manuel Ribeiro Soares Dias,22,1.33,0.50,1.41,0.65,2,1,3,2,1,1,"17,66","14",4,7,4,0,6,0,0,4,1,5,16,14,7,6,6,5,14,20,49,51,1.40,1.13,1.56,1.41,2.27,53,69,43,27,5,43,59,42,69,8.81,6.88,2.11,3.42,3.66,1.46,2.37,4.65,9.20,2.10,1.65,Estádio Municipal 22 de Junho (Vila Nova de Famalicão)
1708183800,Feb 17 2024 - 3:30pm,complete,2315,GD Chaves,Boavista FC,N/A,22,0.90,1.10,0.76,0.71,2,1,3,2,1,1,"7,71","23",4,3,6,1,1,0,5,2,0,1,10,14,6,4,2,7,16,16,40,60,1.44,1.01,1.18,1.28,3.10,65,85,60,40,25,45,70,55,80,7.60,5.20,2.55,3.20,2.80,1.39,1.87,4.10,8.00,1.94,1.81,Estádio Municipal Eng. Manuel Branco Teixeira (Chaves)
1708192800,Feb 17 2024 - 6:00pm,complete,N/A,Portimonense,Vitória Guimarães,António Emanuel Carvalho Nobre,22,1.10,1.50,0.88,1.65,1,1,2,1,0,1,"79","20",9,6,3,0,5,0,0,3,1,4,12,16,6,2,5,7,4,10,50,50,1.26,1.36,1.53,1.11,2.25,55,65,40,20,5,30,60,35,80,10.80,6.20,4.00,3.40,1.91,1.29,1.90,3.34,6.35,1.80,1.91,Estádio Municipal de Portimão (Portimão)
1708201800,Feb 17 2024 - 8:30pm,complete,30613,Porto,Estrela Amadora,Tiago Bruno Lopes Martins,22,2.30,0.80,2.18,0.71,2,0,2,1,1,0,"35,56","",8,6,0,0,2,0,0,0,2,0,19,9,6,3,11,4,12,13,69,31,2.07,1.11,1.96,0.87,2.20,45,65,35,20,10,15,55,40,80,13.50,5.40,1.17,6.50,16.00,1.17,1.50,2.35,3.80,2.15,1.60,Estádio Do Dragão (Porto)
1708270200,Feb 18 2024 - 3:30pm,complete,N/A,Casa Pia,FC Arouca,N/A,22,0.60,1.40,0.82,1.29,1,0,1,0,0,0,"74","",2,6,0,0,2,0,0,0,0,2,12,16,3,5,6,5,5,12,34,66,1.09,1.36,1.05,1.34,2.40,55,70,50,25,5,30,60,40,75,9.80,5.70,2.82,2.96,2.27,1.36,2.20,4.00,8.00,1.95,1.85,Estádio Municipal de Rio Maior (Rio Maior)
1708279200,Feb 18 2024 - 6:00pm,complete,N/A,GD Estoril Praia,Gil Vicente,Iancu Ioan Vasilica,22,1.60,0.30,1.47,0.65,1,3,4,0,0,0,"46","59,69,90'6",2,4,2,1,3,0,1,2,1,2,9,14,6,8,2,3,15,15,50,50,1.51,1.19,1.33,1.55,3.00,45,80,70,40,5,50,65,55,90,9.70,4.80,1.99,3.20,3.15,1.29,1.89,3.25,5.50,1.74,2.04,Estádio António Coimbra da Mota (Estoril)
1708279200,Feb 18 2024 - 6:00pm,complete,N/A,Benfica,FC Vizela,João António Ferreira Gonçalves,22,2.60,1.00,2.76,0.71,6,1,7,5,5,0,"16,25,30,45'1,45'4,88","48",6,1,0,0,4,0,0,0,1,3,17,10,11,7,4,0,14,9,61,39,2.22,1.24,1.99,1.07,2.60,45,80,45,25,15,30,55,55,90,12.30,4.50,1.09,7.25,17.00,1.12,1.40,2.00,3.27,2.25,1.62,Estádio do Sport Lisboa e Benfica (da Luz) (Lisboa)
1708288200,Feb 18 2024 - 8:30pm,complete,N/A,Sporting Braga,Farense,André Filipe Domingues Narciso,22,1.80,1.10,1.94,0.88,2,1,3,0,0,0,"62,85","74",6,1,5,0,3,0,1,4,3,0,22,5,9,2,8,2,17,15,63,37,2.01,1.21,2.26,0.57,2.95,70,75,50,35,15,30,75,60,85,11.60,4.60,1.27,4.70,7.50,1.17,1.56,2.30,4.20,1.70,2.05,Estádio Municipal de Braga (Braga)
1708373700,Feb 19 2024 - 8:15pm,complete,5163,Moreirense FC,Sporting CP,Fábio José Costa Veríssimo,22,1.70,2.11,1.65,2.29,0,2,2,2,0,2,"","2,23",5,4,0,0,1,0,0,0,0,1,6,18,0,7,4,8,12,13,38,62,1.30,1.80,0.37,1.93,3.14,64,75,59,32,32,37,70,54,85,11.92,5.31,6.00,4.33,1.45,1.24,1.83,2.76,4.95,2.00,1.75,Parque Desportivo Comendador Joaquim de Almeida Freitas (Moreira de Cónegos)
1708719300,Feb 23 2024 - 8:15pm,complete,N/A,FC Arouca,Famalicão,Luis Miguel Branco Godinho,23,1.27,1.00,1.41,1.06,3,2,5,3,2,1,"33,45'1,64","12,56",3,4,2,0,6,1,1,1,2,5,17,16,5,8,6,6,20,14,53,47,1.41,1.22,1.27,1.74,2.50,41,69,41,23,14,23,73,46,87,8.36,5.90,2.10,3.30,3.01,1.33,2.08,3.40,6.50,1.77,1.93,Estádio Municipal de Arouca (Arouca)
1708788600,Feb 24 2024 - 3:30pm,complete,N/A,Farense,Moreirense FC,Nuno Miguel Serrano Almeida,23,1.36,1.64,1.29,1.59,0,1,1,1,0,1,"","28",5,5,1,1,0,0,2,0,0,0,7,15,3,4,3,4,14,14,45,55,1.40,1.12,0.91,1.12,2.41,36,64,50,32,14,32,69,45,69,9.73,5.63,2.60,3.25,2.60,1.36,2.14,4.00,7.50,1.80,1.91,Estádio de São Lúis (Faro)
1708797600,Feb 24 2024 - 6:00pm,complete,N/A,Estrela Amadora,GD Chaves,Artur Manuel Ribeiro Soares Dias,23,1.18,0.45,1.24,0.59,1,1,2,2,1,1,"45'5","7",7,6,2,0,2,0,2,0,1,1,13,13,5,3,6,6,13,18,63,37,1.18,1.18,1.48,0.99,3.00,46,73,55,41,27,32,60,45,87,10.00,5.82,2.00,3.35,3.55,1.36,1.97,4.15,7.30,1.95,1.80,Estádio José Gomes (Amadora)
1708806600,Feb 24 2024 - 8:30pm,complete,N/A,Vitória Guimarães,Casa Pia,N/A,23,2.27,1.27,2.06,1.41,0,2,2,2,0,2,"","4,35",8,2,1,0,3,0,0,1,0,3,30,10,5,7,18,3,12,13,69,31,1.53,1.13,2.45,1.24,3.32,55,87,69,41,23,46,73,59,100,10.28,5.00,1.63,3.65,5.00,1.33,2.04,3.75,7.00,2.05,1.70,Estádio Dom Afonso Henriques (Guimarães)
1708875000,Feb 25 2024 - 3:30pm,complete,N/A,FC Vizela,GD Estoril Praia,Fábio Oliveira Melo,23,0.55,0.45,0.82,0.47,3,3,6,2,2,0,"26,36,90'5","83,85,90'3",4,7,3,0,4,0,1,2,1,3,15,20,8,5,5,9,8,14,43,57,1.49,1.24,1.70,1.57,3.37,69,73,60,45,32,60,69,55,78,10.91,6.00,2.45,3.15,2.88,1.25,1.92,3.40,6.70,1.70,2.05,Estádio Do Vizela (Caldas de Vizela)
1708884000,Feb 25 2024 - 6:00pm,complete,N/A,Gil Vicente,Porto,Fábio José Costa Veríssimo,23,1.73,2.00,1.47,2.06,1,1,2,0,0,0,"90'4","55",2,4,3,0,3,0,0,3,3,0,10,19,2,8,7,7,15,15,42,58,1.41,1.41,0.86,1.92,2.91,55,78,46,27,23,37,69,46,82,10.36,6.36,6.50,5.30,1.35,1.26,1.58,3.06,6.00,1.95,1.80,Estádio Cidade de Barcelos (Barcelos)
1708884000,Feb 25 2024 - 6:00pm,complete,N/A,Benfica,Portimonense,Miguel Bertolo Nogueira,23,2.64,0.91,2.76,1.00,4,0,4,0,0,0,"55,57,59,75","",8,1,0,0,1,0,0,0,0,1,23,12,14,3,6,4,12,6,70,30,2.19,1.12,3.06,0.84,3.41,50,87,60,36,32,41,73,64,91,12.64,4.91,1.12,7.50,19.00,1.09,1.33,1.87,2.78,2.10,1.67,Estádio do Sport Lisboa e Benfica (da Luz) (Lisboa)
1708893000,Feb 25 2024 - 8:30pm,complete,N/A,Rio Ave FC,Sporting CP,André Filipe Domingues Narciso,23,1.45,2.20,1.53,2.29,3,3,6,4,2,2,"3,45'4,67","9,44,73",2,5,5,1,3,0,1,5,1,2,12,16,4,7,5,5,17,10,44,56,1.30,1.81,1.02,1.63,3.07,63,96,49,24,20,29,63,72,95,11.45,5.63,7.50,4.80,1.35,1.17,1.68,2.51,4.40,2.20,1.62,Estádio do Rio Ave Futebol Clube (Vila do Conde)
1708978500,Feb 26 2024 - 8:15pm,complete,N/A,Boavista FC,Sporting Braga,Gustavo Fernandes Correia,23,1.18,2.00,1.18,2.06,0,4,4,2,0,2,"","42,44,62,72",1,3,1,0,3,0,1,0,3,0,10,14,4,7,3,3,12,14,47,53,1.23,1.60,1.00,1.51,3.82,78,96,73,64,36,46,91,59,91,11.73,7.09,4.60,3.80,1.68,1.26,1.73,3.06,6.00,1.75,2.00,Estádio do Bessa Século XXI (Porto)
1709324100,Mar 01 2024 - 8:15pm,complete,N/A,GD Chaves,FC Arouca,Iancu Ioan Vasilica,24,1.09,1.27,0.76,1.29,1,5,6,3,1,2,"16","35,40,47,49,53",4,2,1,0,2,0,1,0,2,0,12,8,7,6,3,2,15,15,37,63,1.42,1.36,1.49,1.11,3.05,69,87,69,32,14,45,78,50,82,8.37,7.00,3.75,3.30,2.00,1.36,1.94,3.75,7.00,1.83,1.95,Estádio Municipal Eng. Manuel Branco Teixeira (Chaves)
1709393400,Mar 02 2024 - 3:30pm,complete,N/A,Moreirense FC,Rio Ave FC,N/A,24,1.55,0.45,1.65,0.65,0,0,0,0,0,0,"","",6,2,1,0,1,0,0,1,0,1,20,4,3,2,11,1,13,9,52,48,1.22,1.15,1.45,0.56,2.37,50,64,36,23,18,41,55,36,69,8.73,5.36,2.20,3.10,3.36,1.45,2.25,4.60,9.20,2.08,1.70,Parque Desportivo Comendador Joaquim de Almeida Freitas (Moreira de Cónegos)
1709402400,Mar 02 2024 - 6:00pm,complete,N/A,GD Estoril Praia,Vitória Guimarães,João António Ferreira Gonçalves,24,1.45,1.45,1.47,1.65,1,3,4,3,0,3,"69","8,22,42",9,4,1,0,5,0,1,0,1,4,20,10,7,5,6,4,13,16,62,38,1.50,1.34,1.63,1.13,2.50,45,69,50,37,0,32,55,46,82,12.64,5.64,3.33,3.35,2.10,1.28,1.85,3.10,6.00,1.68,2.15,Estádio António Coimbra da Mota (Estoril)
1709411400,Mar 02 2024 - 8:30pm,complete,N/A,Sporting Braga,Estrela Amadora,Hélder Miguel Azevedo Malheiro,24,1.91,0.73,1.94,0.71,3,0,3,0,0,0,"57,84,90'3","",5,4,2,0,1,0,0,2,0,1,22,9,11,2,8,7,11,14,60,40,2.03,1.09,2.43,0.92,2.59,64,78,41,23,14,14,64,59,82,11.63,4.73,1.36,5.15,8.00,1.17,1.57,2.38,4.00,1.80,1.91,Estádio Municipal de Braga (Braga)
1709479800,Mar 03 2024 - 3:30pm,complete,N/A,Casa Pia,Gil Vicente,Manuel Antonio Rodrigues Oliveira,24,0.82,0.55,0.82,0.65,0,0,0,0,0,0,"","",2,4,1,0,2,0,1,0,1,1,12,9,5,3,5,4,12,7,51,49,1.09,1.22,1.23,1.04,2.41,46,64,50,27,5,27,50,41,91,9.64,4.09,2.45,3.15,3.05,1.45,2.35,4.75,9.50,2.00,1.78,Estádio Municipal de Rio Maior (Rio Maior)
1709479800,Mar 03 2024 - 3:30pm,complete,N/A,Portimonense,FC Vizela,N/A,24,1.09,0.91,0.88,0.71,0,0,0,0,0,0,"","",1,8,3,1,1,0,0,4,1,0,13,15,4,6,7,5,18,10,40,60,1.29,1.22,1.18,1.56,2.73,64,78,45,27,18,36,64,46,82,7.45,6.28,2.60,3.25,2.75,1.35,1.95,3.75,7.00,1.80,1.95,Estádio Municipal de Portimão (Portimão)
1709488800,Mar 03 2024 - 6:00pm,complete,N/A,Sporting CP,Farense,Cláudio Filipe Ruivo Pereira,24,3.00,1.00,3.00,0.88,3,2,5,3,2,1,"11,29,53","32,50",12,1,1,0,3,0,0,1,3,0,18,10,5,7,6,2,7,11,66,34,1.99,1.15,1.45,1.17,3.46,55,82,64,46,27,46,73,64,91,10.09,5.18,1.15,8.00,16.00,1.08,1.36,1.88,2.98,2.18,1.64,Estádio José Alvalade (Lisboa)
1709497800,Mar 03 2024 - 8:30pm,complete,N/A,Porto,Benfica,João Pedro Silva Pinheiro,24,2.36,2.36,2.18,1.94,5,0,5,2,2,0,"20,44,55,75,90","",6,2,1,0,2,1,0,1,1,2,19,6,10,2,4,3,13,16,63,37,2.06,1.63,2.04,0.65,2.59,46,69,50,32,18,27,69,46,82,14.45,4.82,2.40,3.45,2.85,1.25,1.80,3.10,5.50,1.65,2.20,Estádio Do Dragão (Porto)
1709583300,Mar 04 2024 - 8:15pm,complete,N/A,Famalicão,Boavista FC,Fábio Oliveira Melo,24,1.50,1.00,1.41,0.71,1,1,2,1,1,0,"16","69",9,5,2,0,2,0,1,1,1,1,9,6,4,4,2,1,13,18,50,50,1.41,1.03,1.03,0.87,2.71,62,76,58,33,14,58,67,38,72,8.72,5.71,2.12,3.48,3.38,1.35,1.97,4.66,9.70,2.00,1.75,Estádio Municipal 22 de Junho (Vila Nova de Famalicão)
1709923500,Mar 08 2024 - 6:45pm,complete,3811,Portimonense,Porto,Artur Manuel Ribeiro Soares Dias,25,1.08,1.92,0.88,2.06,0,3,3,1,0,1,"","7,59,79",1,13,2,0,0,0,1,1,0,0,7,21,3,5,1,6,16,11,28,72,1.28,1.46,0.65,1.56,2.46,63,79,46,17,8,42,67,38,75,9.75,7.75,8.00,5.00,1.28,1.17,1.60,2.35,4.20,2.15,1.61,Estádio Municipal de Portimão (Portimão)
1709930700,Mar 08 2024 - 8:45pm,complete,N/A,Estrela Amadora,Casa Pia,António Emanuel Carvalho Nobre,25,1.17,1.42,1.24,1.41,3,1,4,0,0,0,"57,75,90'1","86",10,4,0,0,2,0,0,0,0,2,19,9,7,4,7,3,16,9,57,43,1.21,1.14,1.75,0.94,3.00,50,75,50,38,21,34,71,42,80,8.58,4.92,2.45,3.10,3.00,1.48,2.35,4.75,9.50,2.00,1.73,Estádio José Gomes (Amadora)
1709998200,Mar 09 2024 - 3:30pm,complete,N/A,FC Vizela,Farense,N/A,25,0.58,0.92,0.82,0.88,2,1,3,1,0,1,"71,85","17",10,3,1,0,3,0,0,1,2,1,17,10,8,5,5,4,17,11,62,38,1.51,1.15,1.81,1.15,3.13,63,71,58,46,25,50,67,54,84,9.00,5.75,2.33,3.38,3.08,1.29,1.95,3.34,6.35,1.78,1.99,Estádio Do Vizela (Caldas de Vizela)
1710007200,Mar 09 2024 - 6:00pm,complete,6441,Boavista FC,Moreirense FC,Bruno Vieira,25,1.08,1.75,1.18,1.59,1,0,1,0,0,0,"82","",4,4,4,0,2,0,1,3,1,1,11,9,4,4,5,2,12,18,36,64,1.21,1.12,1.05,1.02,2.79,50,75,55,42,17,38,84,42,75,9.50,7.08,2.67,3.20,2.76,1.50,2.02,4.75,9.00,2.05,1.66,Estádio do Bessa Século XXI (Porto)
1710007200,Mar 09 2024 - 6:00pm,complete,N/A,Rio Ave FC,Sporting Braga,Fábio José Costa Veríssimo,25,1.42,2.08,1.53,2.06,0,0,0,0,0,0,"","",6,5,1,0,4,0,1,0,2,2,11,13,4,5,4,4,14,10,54,46,1.27,1.59,1.14,1.26,3.55,63,92,58,50,30,34,63,79,96,10.67,5.83,4.48,3.78,1.78,1.28,1.77,3.00,5.71,1.78,2.04,Estádio do Rio Ave Futebol Clube (Vila do Conde)
1710016200,Mar 09 2024 - 8:30pm,complete,N/A,Vitória Guimarães,Famalicão,Iancu Ioan Vasilica,25,2.08,0.92,2.06,1.06,1,0,1,1,1,0,"38","",10,4,1,0,3,0,1,0,0,3,13,17,7,3,3,10,12,18,49,51,1.60,1.27,1.50,1.23,2.71,54,80,54,25,17,38,71,50,92,10.67,6.33,1.83,3.48,4.62,1.36,1.97,3.60,7.00,1.87,1.82,Estádio Dom Afonso Henriques (Guimarães)
1710093600,Mar 10 2024 - 6:00pm,complete,N/A,FC Arouca,Sporting CP,Nuno Miguel Serrano Almeida,25,1.42,2.09,1.41,2.29,0,3,3,1,0,1,"","19,90'1,90'6",2,0,2,0,0,0,0,2,0,0,13,12,3,6,6,3,12,10,62,38,1.40,1.80,1.17,1.33,3.49,58,88,66,39,35,44,87,70,87,10.24,5.33,6.47,4.85,1.40,1.16,1.60,2.51,4.20,1.91,1.91,Estádio Municipal de Arouca (Arouca)
1710102600,Mar 10 2024 - 8:30pm,complete,N/A,Benfica,GD Estoril Praia,Manuel Antonio Rodrigues Oliveira,25,2.67,0.50,2.76,0.47,3,1,4,3,2,1,"15,45'2,49","22",6,4,0,0,0,0,0,0,0,0,15,14,8,7,4,4,10,7,66,34,2.27,1.27,1.72,1.53,3.59,63,88,63,42,30,50,67,67,92,14.25,4.75,1.16,7.75,11.92,1.14,1.35,1.92,3.53,1.75,2.00,Estádio do Sport Lisboa e Benfica (da Luz) (Lisboa)
1710188100,Mar 11 2024 - 8:15pm,complete,N/A,Gil Vicente,GD Chaves,Cláudio Filipe Ruivo Pereira,25,1.67,0.50,1.47,0.59,0,0,0,0,0,0,"","",12,1,3,1,2,0,0,4,0,2,21,8,7,0,8,6,12,8,62,38,1.37,1.16,1.86,0.61,3.04,50,79,42,38,29,34,58,50,92,9.42,5.50,1.78,3.50,4.33,1.36,1.91,4.00,7.50,2.00,1.75,Estádio Cidade de Barcelos (Barcelos)
1710533700,Mar 15 2024 - 8:15pm,complete,1870,GD Estoril Praia,Portimonense,João Pedro Silva Pinheiro,26,1.33,0.83,1.47,1.00,1,0,1,0,0,0,"53","",2,7,1,0,2,0,0,1,2,0,12,19,5,4,6,9,16,11,41,59,1.51,1.10,1.37,1.47,3.46,50,83,71,54,21,46,67,63,83,9.75,5.67,2.30,1.83,7.57,1.20,1.80,2.68,4.85,1.78,2.00,Estádio António Coimbra da Mota (Estoril)
1710603000,Mar 16 2024 - 3:30pm,complete,N/A,Famalicão,Estrela Amadora,Nuno Miguel Serrano Almeida,26,1.45,0.67,1.41,0.71,0,0,0,0,0,0,"","",4,7,1,0,4,0,0,1,0,4,16,12,4,4,9,4,15,19,45,55,1.38,1.07,1.37,1.09,2.35,53,74,44,22,4,32,62,39,78,10.60,6.06,1.91,3.30,4.20,1.35,2.15,4.10,8.50,1.87,1.83,Estádio Municipal 22 de Junho (Vila Nova de Famalicão)
1710612000,Mar 16 2024 - 6:00pm,complete,14097,Sporting Braga,Gil Vicente,Iancu Ioan Vasilica,26,2.00,0.58,1.94,0.65,2,1,3,1,1,0,"39,89","59",8,2,0,0,3,0,0,0,0,3,21,12,5,5,12,7,10,9,62,38,2.06,1.21,1.83,1.37,2.92,63,79,63,29,13,30,63,63,88,10.67,4.25,1.40,4.75,7.00,1.20,1.60,2.40,4.50,1.83,1.95,Estádio Municipal de Braga (Braga)
1710612000,Mar 16 2024 - 6:00pm,complete,N/A,Farense,Rio Ave FC,Miguel Bertolo Nogueira,26,1.25,0.50,1.29,0.65,1,1,2,1,1,0,"31","50",5,2,2,0,1,0,1,1,0,1,15,16,8,4,3,9,17,16,39,61,1.36,1.10,1.58,1.46,2.25,46,67,42,25,13,38,63,42,67,8.83,5.50,2.50,3.10,2.88,1.49,2.10,4.96,7.50,1.83,1.85,Estádio de São Lúis (Faro)
1710621000,Mar 16 2024 - 8:30pm,complete,N/A,Porto,FC Vizela,João António Ferreira Gonçalves,26,2.42,0.92,2.18,0.71,4,1,5,1,0,1,"54,68,77,89","17",12,3,0,0,2,1,0,0,2,1,39,3,13,0,17,2,19,12,69,31,2.06,1.25,3.67,0.22,2.55,42,67,42,29,21,29,59,42,79,12.41,4.92,1.15,7.50,15.00,1.10,1.45,2.18,3.18,2.15,1.62,Estádio Do Dragão (Porto)
1710689400,Mar 17 2024 - 3:30pm,complete,N/A,GD Chaves,Vitória Guimarães,Gustavo Fernandes Correia,26,1.00,1.58,0.76,1.65,1,2,3,2,1,1,"23","20,62",3,10,3,0,3,0,1,2,0,3,8,19,4,7,2,10,14,11,53,47,1.42,1.32,0.82,1.94,2.79,63,75,54,34,13,38,71,42,88,11.34,6.34,4.33,3.50,1.83,1.36,2.03,3.75,7.50,1.90,1.87,Estádio Municipal Eng. Manuel Branco Teixeira (Chaves)
1710689400,Mar 17 2024 - 3:30pm,complete,N/A,Moreirense FC,FC Arouca,Artur Manuel Ribeiro Soares Dias,26,1.50,1.42,1.65,1.29,1,0,1,1,1,0,"10","",2,3,1,0,1,0,1,0,1,0,14,11,5,3,6,3,11,9,39,61,1.24,1.34,1.28,0.92,2.71,55,67,50,29,21,46,63,38,67,9.17,5.17,2.40,3.10,3.10,1.41,2.15,4.27,7.94,1.94,1.84,Parque Desportivo Comendador Joaquim de Almeida Freitas (Moreira de Cónegos)
1710698400,Mar 17 2024 - 6:00pm,complete,6925,Casa Pia,Benfica,Cláudio Filipe Ruivo Pereira,26,0.83,2.17,0.82,1.94,0,1,1,0,0,0,"","74",4,13,0,0,2,0,0,0,1,1,7,23,4,7,3,10,8,6,32,68,1.10,1.55,1.10,2.17,2.38,42,59,46,34,17,25,54,46,79,10.75,4.25,8.50,5.00,1.33,1.27,1.83,3.08,6.07,2.25,1.62,Estádio Municipal de Rio Maior (Rio Maior)
1710707400,Mar 17 2024 - 8:30pm,complete,N/A,Sporting CP,Boavista FC,António Emanuel Carvalho Nobre,26,3.00,1.00,3.00,0.71,6,1,7,2,1,1,"45,54,68,79,88,90'5","3",8,1,2,0,3,0,1,1,2,1,24,6,12,2,8,3,9,14,71,29,1.95,1.02,2.76,0.55,3.46,59,88,63,46,38,54,75,59,84,9.58,4.25,1.14,7.50,19.00,1.15,1.40,2.00,3.72,2.31,1.59,Estádio José Alvalade (Lisboa)
1711726200,Mar 29 2024 - 3:30pm,complete,N/A,Gil Vicente,Famalicão,André Filipe Domingues Narciso,27,1.62,0.85,1.47,1.06,1,2,3,1,0,1,"72","45'4,68",2,5,1,0,3,0,0,1,1,2,13,17,3,5,8,4,8,18,55,45,1.41,1.26,1.20,1.21,2.47,50,66,31,23,20,15,62,43,85,8.77,6.23,2.42,3.15,3.15,1.44,2.20,4.50,9.50,1.95,1.80,Estádio Cidade de Barcelos (Barcelos)
1711735200,Mar 29 2024 - 6:00pm,complete,N/A,Benfica,GD Chaves,Hélder Miguel Azevedo Malheiro,27,2.69,0.54,2.76,0.59,1,0,1,0,0,0,"68","",11,2,1,0,8,0,1,0,3,5,23,8,8,0,10,7,12,13,67,33,2.23,1.12,2.32,0.57,3.00,42,85,54,38,19,42,58,50,93,13.23,4.62,1.14,8.60,17.00,1.10,1.34,1.84,3.10,2.10,1.67,Estádio do Sport Lisboa e Benfica (da Luz) (Lisboa)
1711744200,Mar 29 2024 - 8:30pm,complete,N/A,Estrela Amadora,Sporting CP,Fábio José Costa Veríssimo,27,1.31,2.17,1.24,2.29,1,2,3,3,1,2,"16","23,40",3,7,3,0,1,0,2,1,1,0,9,22,5,8,2,7,20,7,38,62,1.25,1.76,0.92,1.95,3.30,65,85,65,36,28,33,77,61,81,10.88,4.98,10.00,6.00,1.27,1.17,1.55,2.38,4.20,2.10,1.67,Estádio José Gomes (Amadora)
1711812600,Mar 30 2024 - 3:30pm,complete,15143,Vitória Guimarães,Moreirense FC,João Pedro Correia Gonçalves Morte,27,2.15,1.62,2.06,1.59,1,0,1,0,0,0,"68","",7,2,5,0,2,0,2,3,1,1,14,10,5,3,5,5,15,13,41,59,1.60,1.11,1.29,0.99,2.54,39,66,54,27,16,35,70,50,74,10.92,5.38,1.89,3.35,3.95,1.38,2.10,4.00,8.00,2.00,1.75,Estádio Dom Afonso Henriques (Guimarães)
1711812600,Mar 30 2024 - 3:30pm,complete,N/A,FC Arouca,Farense,Luis Miguel Branco Godinho,27,1.31,0.85,1.41,0.88,2,1,3,1,1,0,"45'1,68","88",13,4,3,0,2,1,0,3,0,3,29,14,16,6,7,6,15,13,64,36,1.38,1.15,2.98,1.39,3.16,54,77,62,38,23,38,77,66,89,7.84,5.15,1.76,3.65,4.20,1.30,1.90,3.40,6.50,1.80,1.95,Estádio Municipal de Arouca (Arouca)
1711821600,Mar 30 2024 - 6:00pm,complete,N/A,Boavista FC,Rio Ave FC,Nuno Miguel Serrano Almeida,27,1.23,0.54,1.18,0.65,0,0,0,0,0,0,"","",2,5,3,0,3,1,1,2,3,1,12,12,3,2,5,4,21,10,47,53,1.19,1.13,0.95,0.78,2.66,62,81,47,35,16,43,73,38,81,8.38,7.00,2.52,3.15,2.74,1.45,2.20,4.50,9.50,2.00,1.75,Estádio do Bessa Século XXI (Porto)
1711830600,Mar 30 2024 - 8:30pm,complete,4568,GD Estoril Praia,Porto,António Emanuel Carvalho Nobre,27,1.46,2.00,1.47,2.06,1,0,1,0,0,0,"69","",1,10,5,1,7,2,1,5,1,8,6,16,3,4,2,7,22,14,26,74,1.50,1.46,0.64,1.56,2.81,50,81,62,35,4,46,62,50,81,12.00,6.31,7.10,4.80,1.37,1.18,1.58,2.45,4.33,2.00,1.75,Estádio António Coimbra da Mota (Estoril)
1711904400,Mar 31 2024 - 5:00pm,complete,N/A,FC Vizela,Casa Pia,Fábio Oliveira Melo,27,0.77,1.31,0.82,1.41,0,4,4,1,0,1,"","25,57,70,90'1",6,3,2,0,5,1,1,1,3,3,15,12,4,9,9,2,8,18,60,40,1.53,1.12,1.47,1.60,3.19,54,77,58,46,23,46,69,50,85,9.16,5.23,2.31,3.20,2.98,1.40,2.20,4.23,7.95,1.95,1.80,Estádio Do Vizela (Caldas de Vizela)
1711998900,Apr 01 2024 - 7:15pm,complete,N/A,Portimonense,Sporting Braga,Cláudio Filipe Ruivo Pereira,27,1.00,2.00,0.88,2.06,3,5,8,3,1,2,"18,71,86","3,30,49,61,69",4,6,0,0,1,0,0,0,1,0,17,20,6,10,9,5,12,8,38,62,1.23,1.56,1.64,2.08,3.12,62,81,62,42,23,35,73,58,81,9.23,6.54,6.85,4.55,1.43,1.22,1.58,2.68,4.93,1.80,1.95,Estádio Municipal de Portimão (Portimão)
1712344500,Apr 05 2024 - 7:15pm,complete,N/A,Farense,Boavista FC,Iancu Ioan Vasilica,28,1.23,0.92,1.29,0.71,2,0,2,2,2,0,"28,39","",5,12,3,0,3,0,0,3,0,3,18,18,9,8,5,8,19,10,44,56,1.37,0.98,1.82,1.92,2.81,58,77,50,35,23,46,73,42,73,8.62,4.31,2.40,3.20,3.10,1.35,2.02,3.68,7.20,1.85,1.85,Estádio de São Lúis (Faro)
1712413800,Apr 06 2024 - 2:30pm,complete,N/A,Famalicão,FC Vizela,Bruno Vieira,28,1.42,0.85,1.41,0.71,3,2,5,2,2,0,"8,43,90'5","55,80",1,5,6,0,1,0,2,4,0,1,19,11,9,6,8,4,16,19,47,53,1.38,1.17,2.00,1.30,2.55,56,68,48,32,16,41,61,40,72,9.54,5.96,1.83,3.45,4.00,1.29,2.00,3.55,6.75,1.81,1.95,Estádio Municipal 22 de Junho (Vila Nova de Famalicão)
1712413800,Apr 06 2024 - 2:30pm,complete,N/A,Rio Ave FC,Gil Vicente,Gustavo Fernandes Correia,28,1.38,0.54,1.53,0.65,3,0,3,2,2,0,"30,43,63","",1,8,2,0,3,1,0,2,2,2,16,7,9,4,3,1,19,14,52,48,1.26,1.22,1.68,0.84,2.77,54,81,50,27,12,31,50,62,92,8.77,5.00,2.31,3.05,3.10,1.44,2.25,4.50,9.00,2.00,1.80,Estádio do Rio Ave Futebol Clube (Vila do Conde)
1712422800,Apr 06 2024 - 5:00pm,complete,N/A,Sporting Braga,FC Arouca,João António Ferreira Gonçalves,28,2.08,1.31,1.94,1.29,0,3,3,2,0,2,"","29,34,89",10,9,1,0,3,0,1,0,1,2,19,13,10,7,5,4,11,15,57,43,2.05,1.30,2.14,1.38,2.96,70,81,62,27,15,31,73,62,77,10.54,5.08,1.50,4.45,5.30,1.13,1.59,2.35,3.45,1.62,2.20,Estádio Municipal de Braga (Braga)
1712431800,Apr 06 2024 - 7:30pm,complete,48113,Sporting CP,Benfica,Artur Manuel Ribeiro Soares Dias,28,3.00,2.23,3.00,1.94,2,1,3,2,1,1,"1,90'1","45'3",7,13,4,0,6,1,2,2,3,4,15,15,4,5,6,5,12,10,49,51,2.01,1.60,1.33,1.39,3.66,50,81,70,54,43,50,77,70,89,12.38,4.62,1.98,3.80,3.20,1.23,1.61,2.82,5.15,1.62,2.15,Estádio José Alvalade (Lisboa)
1712500200,Apr 07 2024 - 2:30pm,complete,N/A,GD Chaves,Portimonense,André Filipe Domingues Narciso,28,0.92,0.77,0.76,1.00,2,3,5,1,1,0,"25,76","72,83,90'1",4,4,3,0,2,0,2,1,1,1,11,12,3,5,4,5,15,15,43,57,1.38,1.13,0.79,1.41,3.50,62,85,70,42,31,46,77,58,89,8.54,6.23,2.17,3.10,3.10,1.31,2.00,3.50,6.70,1.91,1.91,Estádio Municipal Eng. Manuel Branco Teixeira (Chaves)
1712509200,Apr 07 2024 - 5:00pm,complete,N/A,Moreirense FC,Estrela Amadora,Ricardo Baixinho,28,1.62,0.69,1.65,0.71,2,2,4,2,2,0,"26,43","54,83",2,6,3,0,2,1,0,3,2,1,11,11,4,6,6,3,14,14,49,51,1.24,1.07,1.19,1.28,2.16,38,58,31,19,16,23,50,35,66,10.00,4.39,2.00,3.00,3.70,1.42,2.38,4.33,8.60,2.00,1.75,Parque Desportivo Comendador Joaquim de Almeida Freitas (Moreira de Cónegos)
1712518200,Apr 07 2024 - 7:30pm,complete,N/A,Porto,Vitória Guimarães,Fábio José Costa Veríssimo,28,2.46,1.69,2.18,1.65,1,2,3,3,1,2,"44","12,33",6,1,2,1,6,0,1,2,1,5,16,5,6,3,8,2,6,24,71,29,2.19,1.37,1.83,0.67,2.39,46,66,42,27,12,27,66,31,85,16.00,5.15,1.33,4.50,7.80,1.19,1.68,2.85,5.25,1.97,1.79,Estádio Do Dragão (Porto)
1712603700,Apr 08 2024 - 7:15pm,complete,N/A,Casa Pia,GD Estoril Praia,Miguel Bertolo Nogueira,28,0.77,0.46,0.82,0.47,0,0,0,0,0,0,"","",2,6,0,0,2,0,0,0,0,2,13,11,5,3,3,5,9,12,46,54,1.10,1.29,1.24,1.09,2.77,58,62,46,35,19,39,54,43,81,11.08,4.62,2.21,3.52,3.17,1.44,1.86,4.48,9.05,1.95,1.80,Estádio Municipal de Rio Maior (Rio Maior)
1712949300,Apr 12 2024 - 7:15pm,complete,N/A,Gil Vicente,Sporting CP,Manuel Antonio Rodrigues Oliveira,29,1.50,2.23,1.47,2.29,0,4,4,4,0,4,"","7,11,31,38",6,4,2,0,0,0,0,2,0,0,8,20,2,8,5,8,11,14,43,57,1.39,1.77,0.83,2.05,3.24,63,86,57,30,30,30,75,63,86,10.18,4.90,9.60,5.88,1.29,1.15,1.56,2.30,4.00,2.00,1.73,Estádio Cidade de Barcelos (Barcelos)
1713018600,Apr 13 2024 - 2:30pm,complete,N/A,Vitória Guimarães,Farense,David Rafael Oliveira Silva,29,2.21,0.79,2.06,0.88,1,1,2,1,0,1,"90'6","9",8,1,2,0,4,0,1,1,1,3,23,12,8,7,13,2,5,14,68,32,1.57,1.17,2.52,1.23,3.00,61,79,64,33,18,43,71,61,90,10.71,5.36,1.54,4.10,5.75,1.25,1.82,2.75,5.70,1.80,1.95,Estádio Dom Afonso Henriques (Guimarães)
1713027600,Apr 13 2024 - 5:00pm,complete,N/A,Porto,Famalicão,Gustavo Fernandes Correia,29,2.29,1.00,2.18,1.06,2,2,4,3,1,2,"17,82","9,45'1",10,0,4,1,3,0,1,4,0,3,25,10,11,4,7,5,19,16,69,31,2.16,1.26,2.48,0.96,2.39,47,68,43,22,14,22,71,36,83,12.86,6.07,1.23,5.70,11.00,1.17,1.65,2.40,4.80,2.10,1.67,Estádio Do Dragão (Porto)
1713036600,Apr 13 2024 - 7:30pm,complete,N/A,GD Estoril Praia,Sporting Braga,Fábio José Costa Veríssimo,29,1.57,2.07,1.47,2.06,0,1,1,0,0,0,"","64",2,3,0,0,1,0,0,0,0,1,5,13,0,6,3,6,8,13,46,54,1.44,1.60,0.51,1.51,3.50,54,79,72,61,22,43,65,65,86,10.86,5.72,3.85,4.00,1.75,1.14,1.53,2.32,4.10,1.62,2.20,Estádio António Coimbra da Mota (Estoril)
1713105000,Apr 14 2024 - 2:30pm,complete,N/A,Estrela Amadora,Rio Ave FC,Luis Miguel Branco Godinho,29,1.21,0.57,1.24,0.65,2,2,4,2,1,1,"43,88","12,90'9",10,1,2,0,1,0,2,0,0,1,20,8,6,5,9,1,12,12,61,39,1.23,1.11,1.74,1.00,2.40,57,68,43,25,14,29,57,40,64,8.36,5.43,2.50,3.25,2.90,1.40,2.20,4.00,8.00,2.00,1.75,Estádio José Gomes (Amadora)
1713114000,Apr 14 2024 - 5:00pm,complete,N/A,FC Arouca,Boavista FC,Carlos André Fernandes Macedo,29,1.43,0.86,1.41,0.71,2,1,3,2,2,0,"30,39","47",1,4,3,0,3,1,1,2,2,2,16,11,7,5,6,4,17,11,69,31,1.50,1.05,1.59,1.15,3.14,54,83,57,36,29,47,79,57,79,8.29,4.50,1.76,3.74,4.70,1.30,1.99,3.32,6.62,1.80,1.95,Estádio Municipal de Arouca (Arouca)
1713114000,Apr 14 2024 - 5:00pm,complete,N/A,Portimonense,Casa Pia,Tiago Bruno Lopes Martins,29,0.93,1.43,0.88,1.41,2,2,4,3,2,1,"8,26","34,59",5,8,2,0,3,1,0,2,1,3,13,15,4,5,5,5,15,19,46,54,1.26,1.16,1.16,1.32,3.04,54,83,54,36,14,36,71,47,86,7.29,6.00,2.88,3.20,2.61,1.38,1.85,3.98,7.80,1.95,1.80,Estádio Municipal de Portimão (Portimão)
1713123000,Apr 14 2024 - 7:30pm,complete,49083,Benfica,Moreirense FC,N/A,29,2.71,1.50,2.76,1.59,3,0,3,2,2,0,"18,45'1,78","",6,2,2,0,1,0,0,2,0,1,20,9,9,0,7,4,10,11,50,50,2.23,1.10,2.02,0.52,2.50,32,65,47,29,11,25,57,47,82,12.36,4.43,1.28,5.72,9.63,1.24,1.70,2.73,5.13,1.95,1.80,Estádio do Sport Lisboa e Benfica (da Luz) (Lisboa)
1713208500,Apr 15 2024 - 7:15pm,complete,N/A,FC Vizela,GD Chaves,João Pedro Silva Pinheiro,29,0.71,0.50,0.82,0.59,0,1,1,1,0,1,"","29",10,5,3,0,2,0,0,3,0,2,15,9,5,3,4,6,17,13,66,34,1.52,1.08,1.40,1.26,2.93,47,71,54,43,25,47,61,47,83,10.28,6.22,2.00,3.50,3.70,1.32,1.93,3.52,7.10,1.80,1.95,Estádio Do Vizela (Caldas de Vizela)
1713294900,Apr 16 2024 - 7:15pm,complete,N/A,Famalicão,Sporting CP,Fábio José Costa Veríssimo,20,1.54,2.29,1.41,2.29,0,1,1,1,0,1,"","19",4,6,2,0,4,0,0,2,2,2,8,12,0,3,7,5,10,15,41,59,1.42,1.79,0.69,1.14,3.05,63,85,67,34,19,52,81,48,74,11.05,5.98,8.60,5.00,1.31,1.22,1.71,2.20,5.00,2.00,1.71,Estádio Municipal 22 de Junho (Vila Nova de Famalicão)
1713554100,Apr 19 2024 - 7:15pm,complete,N/A,Rio Ave FC,FC Arouca,Bruno Vieira,30,1.50,1.43,1.53,1.29,1,1,2,1,1,0,"36","47",4,6,3,0,3,0,1,2,1,2,7,20,3,5,2,9,14,13,39,61,1.29,1.31,0.80,1.54,2.82,54,83,50,25,14,40,61,54,82,8.79,5.86,2.40,3.25,2.90,1.36,2.05,3.78,7.55,1.80,1.90,Estádio do Rio Ave Futebol Clube (Vila do Conde)
1713623400,Apr 20 2024 - 2:30pm,complete,N/A,Moreirense FC,Gil Vicente,N/A,30,1.57,0.50,1.65,0.65,0,1,1,1,0,1,"","38",8,1,0,0,0,0,0,0,0,0,17,5,5,3,7,2,10,8,70,30,1.24,1.19,1.47,0.68,2.61,47,65,54,29,14,43,61,40,75,9.00,4.22,2.09,3.30,3.70,1.39,2.13,4.00,7.85,1.91,1.83,Parque Desportivo Comendador Joaquim de Almeida Freitas (Moreira de Cónegos)
1713632400,Apr 20 2024 - 5:00pm,complete,N/A,Boavista FC,Estrela Amadora,João Pedro Silva Pinheiro,30,1.21,0.71,1.18,0.71,1,1,2,0,0,0,"90'2","75",6,5,2,0,0,0,0,2,0,0,12,13,5,4,6,4,16,7,56,44,1.18,1.09,1.45,1.03,2.64,54,79,47,36,14,32,68,43,83,9.92,6.50,2.38,3.10,2.80,1.43,2.14,4.27,8.45,1.95,1.78,Estádio do Bessa Século XXI (Porto)
1713641400,Apr 20 2024 - 7:30pm,complete,N/A,Sporting Braga,FC Vizela,André Filipe Domingues Narciso,30,1.93,0.79,1.94,0.71,2,1,3,0,0,0,"53,85","50",4,4,1,0,3,0,0,1,2,1,19,7,6,3,10,2,15,15,58,42,2.05,1.18,2.00,0.75,3.00,64,79,57,32,25,29,64,64,83,10.93,4.36,1.25,5.30,9.00,1.09,1.45,2.23,3.10,1.75,2.00,Estádio Municipal de Braga (Braga)
1713709800,Apr 21 2024 - 2:30pm,complete,N/A,GD Chaves,GD Estoril Praia,Nuno Miguel Serrano Almeida,30,0.86,0.50,0.76,0.47,2,2,4,1,1,0,"32,90'20","58,71",7,5,1,0,1,3,1,0,0,4,19,11,7,7,6,3,11,11,58,42,1.33,1.28,1.62,1.44,3.64,79,86,72,47,33,57,79,57,86,10.07,6.15,2.55,3.30,2.60,1.33,1.91,3.64,7.10,1.80,1.95,Estádio Municipal Eng. Manuel Branco Teixeira (Chaves)
1713709800,Apr 21 2024 - 2:30pm,complete,N/A,Famalicão,Portimonense,Luis Miguel Branco Godinho,30,1.43,0.93,1.41,1.00,2,2,4,1,0,1,"60,63","7,77",9,6,2,1,4,0,2,1,2,2,19,17,4,7,12,8,11,18,48,52,1.37,1.15,1.60,1.75,3.00,54,72,57,40,25,43,71,47,75,9.50,6.29,1.70,3.75,4.60,1.23,1.75,2.98,5.40,1.80,1.95,Estádio Municipal 22 de Junho (Vila Nova de Famalicão)
1713718800,Apr 21 2024 - 5:00pm,complete,N/A,Casa Pia,Porto,Manuel Antonio Rodrigues Oliveira,30,0.79,1.86,0.82,2.06,1,2,3,2,1,1,"37","31,56",8,4,3,0,1,0,0,3,0,1,15,18,4,6,4,9,17,15,45,55,1.11,1.47,1.09,1.76,1.97,40,58,36,14,4,25,47,32,75,11.86,5.78,7.50,4.50,1.35,1.17,1.78,2.55,4.60,1.93,1.75,Estádio Municipal de Rio Maior (Rio Maior)
1713727800,Apr 21 2024 - 7:30pm,complete,46101,Sporting CP,Vitória Guimarães,Cláudio Filipe Ruivo Pereira,30,3.00,1.79,3.00,1.65,3,0,3,2,2,0,"30,45'3,49","",5,3,1,0,1,0,0,1,0,1,10,7,5,2,4,4,10,10,64,36,1.96,1.32,1.39,0.74,3.21,57,79,61,39,25,50,75,46,86,13.21,5.57,1.30,5.00,8.00,1.13,1.62,2.25,3.45,2.00,1.75,Estádio José Alvalade (Lisboa)
1713813300,Apr 22 2024 - 7:15pm,complete,N/A,Farense,Benfica,Gustavo Fernandes Correia,30,1.36,2.07,1.29,1.94,1,3,4,3,1,2,"23","16,34,67",3,7,1,0,2,0,0,1,2,0,15,21,3,10,7,10,12,10,37,63,1.41,1.58,1.11,2.44,2.72,47,71,54,36,22,43,75,47,75,11.92,5.00,7.50,4.75,1.37,1.11,1.60,2.25,3.34,1.80,1.95,Estádio de São Lúis (Faro)
1714158900,Apr 26 2024 - 7:15pm,complete,N/A,Gil Vicente,FC Arouca,Gustavo Fernandes Correia,31,1.40,1.40,1.47,1.29,2,2,4,0,0,0,"90'4,90'5","47,82",2,5,3,0,1,0,1,2,1,0,13,17,4,8,7,7,7,9,33,67,1.35,1.32,1.26,1.79,2.90,57,77,50,30,20,34,70,47,77,8.73,5.40,2.50,3.10,2.80,1.23,2.00,2.78,5.05,1.60,2.20,Estádio Cidade de Barcelos (Barcelos)
1714228200,Apr 27 2024 - 2:30pm,complete,N/A,Casa Pia,GD Chaves,João António Ferreira Gonçalves,31,0.73,0.67,0.82,0.59,3,1,4,1,1,0,"44,67,90'6","65",4,5,3,0,4,0,1,2,1,3,13,14,6,7,4,6,14,12,36,64,1.11,1.09,1.34,1.60,2.03,33,54,34,23,10,27,43,27,77,10.14,5.06,2.10,3.20,3.60,1.41,2.28,4.12,8.10,2.00,1.75,Estádio Municipal de Rio Maior (Rio Maior)
1714228200,Apr 27 2024 - 2:30pm,complete,N/A,FC Vizela,Rio Ave FC,Hélder Miguel Azevedo Malheiro,31,0.67,0.60,0.82,0.65,1,1,2,2,1,1,"37","4",7,0,2,0,2,0,0,2,2,0,20,14,6,4,9,6,13,8,53,47,1.52,1.10,1.71,1.08,2.54,53,67,47,34,17,40,63,47,70,8.86,5.73,2.63,3.10,2.75,1.36,2.08,3.75,7.50,1.85,1.90,Estádio Do Vizela (Caldas de Vizela)
1714237200,Apr 27 2024 - 5:00pm,complete,N/A,Benfica,Sporting Braga,João Pedro Silva Pinheiro,31,2.73,2.13,2.76,2.06,3,1,4,1,0,1,"71,85,90'5","28",6,3,2,0,3,1,0,2,0,4,23,12,7,8,7,4,13,12,62,38,2.22,1.59,1.95,1.53,3.50,50,84,67,50,27,40,67,63,94,13.73,4.20,1.31,6.99,4.94,1.14,1.67,2.35,3.50,1.53,2.38,Estádio do Sport Lisboa e Benfica (da Luz) (Lisboa)
1714246200,Apr 27 2024 - 7:30pm,complete,N/A,Vitória Guimarães,Boavista FC,Luis Miguel Branco Godinho,31,2.13,0.80,2.06,0.71,1,0,1,1,1,0,"11","",3,3,3,0,4,1,1,2,2,3,12,9,4,2,7,5,15,14,54,46,1.64,1.06,1.32,0.90,2.97,60,84,57,30,24,54,73,47,80,10.60,4.73,1.24,5.46,8.29,1.30,1.85,3.34,6.45,1.92,1.82,Estádio Dom Afonso Henriques (Guimarães)
1714314600,Apr 28 2024 - 2:30pm,complete,N/A,Portimonense,Moreirense FC,Cláudio Filipe Ruivo Pereira,31,0.93,1.40,0.88,1.59,0,2,2,0,0,0,"","76,90'4",5,5,3,0,3,0,0,3,0,3,12,15,6,7,5,5,13,9,58,42,1.25,1.06,1.40,1.47,2.44,44,64,47,24,10,30,67,37,74,7.54,6.07,1.90,6.07,2.39,1.40,2.10,4.20,8.00,1.90,1.85,Estádio Municipal de Portimão (Portimão)
1714323600,Apr 28 2024 - 5:00pm,complete,N/A,GD Estoril Praia,Famalicão,Manuel Antonio Rodrigues Oliveira,31,1.47,1.00,1.47,1.06,1,0,1,1,1,0,"34","",3,6,0,0,2,0,0,0,0,2,9,15,4,4,2,6,13,12,48,52,1.37,1.24,0.95,1.26,2.50,47,67,50,34,4,30,60,40,87,8.86,6.40,2.21,3.22,2.94,1.35,1.98,3.65,7.05,1.78,2.00,Estádio António Coimbra da Mota (Estoril)
1714332600,Apr 28 2024 - 7:30pm,complete,45230,Porto,Sporting CP,Nuno Miguel Serrano Almeida,31,2.20,2.33,2.18,2.29,2,2,4,2,2,0,"7,40","87,88",2,6,2,0,2,1,0,2,1,2,12,12,6,7,5,4,9,10,43,57,2.18,1.75,1.33,1.69,3.10,54,83,63,33,24,40,83,47,77,14.40,5.07,2.47,3.23,2.58,1.25,1.81,2.88,5.25,1.55,2.25,Estádio Do Dragão (Porto)
1714418100,Apr 29 2024 - 7:15pm,complete,N/A,Estrela Amadora,Farense,Fábio José Costa Veríssimo,31,1.20,0.80,1.24,0.88,0,3,3,1,0,1,"","44,47,79",11,4,2,0,2,0,1,1,1,1,25,12,7,5,14,3,9,9,60,40,1.26,1.17,2.38,1.11,3.00,70,77,60,37,17,33,70,54,80,9.13,5.20,2.02,3.44,3.10,1.29,1.88,3.24,6.54,1.70,2.05,Estádio José Gomes (Amadora)
1714763700,May 03 2024 - 7:15pm,complete,N/A,Moreirense FC,FC Vizela,N/A,32,1.47,0.73,1.65,0.71,1,0,1,1,1,0,"23","",4,5,3,0,2,0,0,3,0,2,12,9,6,3,5,4,22,22,39,61,1.25,1.15,1.34,0.99,2.64,50,60,43,34,27,37,57,44,67,9.00,4.27,2.08,3.10,3.30,1.32,2.10,3.45,6.65,1.80,1.90,Parque Desportivo Comendador Joaquim de Almeida Freitas (Moreira de Cónegos)
1714833000,May 04 2024 - 2:30pm,complete,17465,Boavista FC,Gil Vicente,Fábio José Costa Veríssimo,32,1.20,0.67,1.18,0.65,1,1,2,2,1,1,"27","36",2,4,1,0,1,0,0,1,1,0,9,11,4,6,3,1,19,13,54,46,1.19,1.16,0.98,1.15,2.87,57,80,60,37,14,44,74,44,87,8.94,5.93,2.62,3.20,2.70,1.40,1.91,4.03,8.00,1.88,1.90,Estádio do Bessa Século XXI (Porto)
1714833000,May 04 2024 - 2:30pm,complete,N/A,Rio Ave FC,Vitória Guimarães,Ricardo Baixinho,32,1.47,1.67,1.53,1.65,2,1,3,1,1,0,"37,56","90'4",6,6,4,0,6,0,0,4,3,3,9,9,4,6,3,3,20,18,43,57,1.26,1.28,0.88,1.35,2.47,53,77,40,20,7,34,57,40,87,11.14,5.80,2.80,3.10,2.60,1.42,2.15,4.23,8.30,2.00,1.80,Estádio do Rio Ave Futebol Clube (Vila do Conde)
1714842000,May 04 2024 - 5:00pm,complete,N/A,Sporting CP,Portimonense,Iancu Ioan Vasilica,32,3.00,0.93,3.00,1.00,3,0,3,1,1,0,"13,70,90'2","",15,1,3,0,3,0,0,3,0,3,21,3,12,0,5,2,10,13,67,33,1.92,1.19,2.42,0.23,3.90,53,87,74,53,44,50,80,67,90,10.73,5.20,1.05,11.50,17.00,1.05,1.22,1.65,2.10,2.05,1.72,Estádio José Alvalade (Lisboa)
1714851000,May 04 2024 - 7:30pm,complete,N/A,GD Chaves,Porto,N/A,32,0.87,1.93,0.76,2.06,0,3,3,2,0,2,"","27,45'1,73",2,8,2,1,2,0,3,0,0,2,5,11,0,4,4,6,7,15,25,75,1.35,1.49,0.37,1.39,3.07,67,87,67,30,17,47,77,50,87,11.07,7.13,8.50,5.40,1.26,1.13,1.56,2.30,3.60,1.89,1.85,Estádio Municipal Eng. Manuel Branco Teixeira (Chaves)
1714919400,May 05 2024 - 2:30pm,complete,N/A,Farense,GD Estoril Praia,Luis Miguel Branco Godinho,32,1.27,0.53,1.29,0.47,3,2,5,3,2,1,"36,45,65","45'2,52",3,3,3,0,0,0,1,2,0,0,15,10,6,3,5,3,14,13,50,50,1.39,1.29,1.44,0.93,3.13,64,77,57,43,23,54,77,47,74,11.06,5.34,2.55,3.00,2.86,1.25,1.80,2.95,5.60,1.60,2.20,Estádio de São Lúis (Faro)
1714928400,May 05 2024 - 5:00pm,complete,N/A,FC Arouca,Estrela Amadora,Miguel Bertolo Nogueira,32,1.53,0.73,1.41,0.71,0,0,0,0,0,0,"","",6,3,1,0,4,0,0,1,2,2,24,7,3,2,12,4,12,9,71,29,1.50,1.09,1.48,0.70,2.70,47,77,50,27,17,27,67,60,84,9.26,4.87,2.00,3.50,3.40,1.20,1.90,2.56,4.55,1.55,2.30,Estádio Municipal de Arouca (Arouca)
1714928400,May 05 2024 - 5:00pm,complete,N/A,Sporting Braga,Casa Pia,Tiago Bruno Lopes Martins,32,2.00,1.40,1.94,1.41,4,3,7,2,1,1,"12,60,64,88","35,51,72",7,7,3,1,4,0,0,4,1,3,19,16,8,7,7,8,8,8,56,44,2.05,1.17,1.91,1.70,3.17,60,87,64,37,13,30,70,60,90,10.87,4.60,1.28,5.50,8.60,1.11,1.53,2.30,3.42,1.81,1.93,Estádio Municipal de Braga (Braga)
1714937400,May 05 2024 - 7:30pm,complete,N/A,Famalicão,Benfica,João António Ferreira Gonçalves,32,1.40,2.13,1.41,1.94,2,0,2,0,0,0,"71,85","",3,10,2,0,1,0,0,2,0,1,13,20,5,11,4,5,9,14,41,59,1.39,1.64,1.15,2.30,2.77,57,70,60,40,17,47,73,43,77,12.00,6.13,6.80,4.80,1.38,1.12,1.52,2.31,3.60,1.69,2.09,Estádio Municipal 22 de Junho (Vila Nova de Famalicão)
1715368500,May 10 2024 - 7:15pm,complete,N/A,GD Chaves,Famalicão,Ricardo Baixinho,33,0.81,0.94,0.76,1.06,0,1,1,1,0,1,"","45'2",3,3,3,0,1,0,0,3,0,1,10,13,3,5,5,4,18,22,42,58,1.29,1.24,1.18,1.50,2.88,63,79,60,32,16,35,82,44,88,8.38,6.75,2.63,3.30,2.60,1.28,2.00,3.40,7.00,1.73,2.04,Estádio Municipal Eng. Manuel Branco Teixeira (Chaves)
1715437800,May 11 2024 - 2:30pm,complete,N/A,Portimonense,Rio Ave FC,João Pedro Silva Pinheiro,33,0.88,0.63,0.88,0.65,2,2,4,1,0,1,"63,90'7","21,83",12,4,3,0,2,0,0,3,0,2,21,10,6,5,9,3,11,16,57,43,1.26,1.10,1.96,1.04,2.41,60,75,41,22,10,38,63,41,72,6.69,6.13,2.20,3.40,3.20,1.30,2.00,3.28,6.25,1.68,2.00,Estádio Municipal de Portimão (Portimão)
1715437800,May 11 2024 - 2:30pm,complete,N/A,FC Vizela,Estrela Amadora,Luis Miguel Branco Godinho,33,0.69,0.75,0.82,0.71,4,0,4,1,1,0,"8,54,69,83","",4,7,3,0,2,0,1,2,1,1,17,13,8,4,7,6,16,11,45,55,1.53,1.06,1.72,1.24,2.53,50,69,44,32,16,32,60,50,72,10.63,5.25,3.40,3.50,2.10,1.27,1.87,3.03,5.65,1.69,2.09,Estádio Do Vizela (Caldas de Vizela)
1715446800,May 11 2024 - 5:00pm,complete,5018,GD Estoril Praia,Sporting CP,João António Ferreira Gonçalves,33,1.56,2.25,1.47,2.29,0,1,1,0,0,0,"","81",2,9,2,0,1,0,0,2,0,1,8,21,2,7,3,8,16,10,36,64,1.35,1.75,0.62,1.80,3.07,51,79,66,41,13,44,72,54,78,10.50,5.12,8.15,5.80,1.26,1.12,1.44,2.15,3.58,1.70,2.08,Estádio António Coimbra da Mota (Estoril)
1715455800,May 11 2024 - 7:30pm,complete,N/A,Vitória Guimarães,Sporting Braga,Fábio José Costa Veríssimo,33,2.19,2.00,2.06,2.06,2,3,5,2,1,1,"10,80","24,75,90'3",6,8,4,0,3,0,1,3,1,2,16,15,5,9,5,4,13,15,47,53,1.62,1.59,1.40,1.72,3.35,57,78,66,47,29,41,75,63,85,12.00,5.37,3.30,3.45,2.01,1.23,1.65,2.89,5.35,1.67,2.12,Estádio Dom Afonso Henriques (Guimarães)
1715524200,May 12 2024 - 2:30pm,complete,N/A,Gil Vicente,Farense,Iancu Ioan Vasilica,33,1.38,0.94,1.47,0.88,2,0,2,2,2,0,"17,19","",4,4,4,0,0,0,3,1,0,0,11,19,5,4,4,10,12,11,50,50,1.35,1.17,1.19,1.58,3.00,63,78,54,35,19,25,66,60,88,8.12,5.19,2.01,3.60,3.60,1.14,1.80,2.30,3.94,1.60,2.20,Estádio Cidade de Barcelos (Barcelos)
1715533200,May 12 2024 - 5:00pm,complete,N/A,Casa Pia,Moreirense FC,N/A,33,0.88,1.50,0.82,1.59,0,1,1,1,0,1,"","33",5,1,2,0,2,0,1,1,0,2,14,13,2,6,6,4,15,17,59,41,1.12,1.09,0.96,1.26,1.85,29,47,35,19,3,16,47,32,72,9.13,4.62,2.59,3.13,2.88,1.36,2.49,3.80,7.50,1.85,1.85,Estádio Municipal de Rio Maior (Rio Maior)
1715533200,May 12 2024 - 5:00pm,complete,N/A,Benfica,FC Arouca,Fábio Oliveira Melo,33,2.75,1.38,2.76,1.29,5,0,5,3,3,0,"25,32,42,46,77","",3,3,2,0,2,0,1,1,1,1,20,6,10,2,6,3,10,14,50,50,2.20,1.35,1.99,0.76,3.04,54,85,63,35,13,41,69,50,88,12.31,4.50,1.26,6.45,9.60,1.08,1.35,1.98,2.64,1.58,2.25,Estádio do Sport Lisboa e Benfica (da Luz) (Lisboa)
1715542200,May 12 2024 - 7:30pm,complete,N/A,Porto,Boavista FC,Artur Manuel Ribeiro Soares Dias,33,2.13,0.75,2.18,0.71,2,1,3,0,0,0,"81,90'8","60",11,2,2,0,8,1,1,1,3,6,23,4,5,3,8,1,14,13,78,22,2.13,1.05,1.86,0.58,2.88,57,78,53,35,22,47,75,38,75,12.00,4.94,1.19,7.00,13.50,1.10,1.47,2.25,2.93,2.05,1.68,Estádio Do Dragão (Porto)
1715967900,May 17 2024 - 5:45pm,complete,N/A,Famalicão,Casa Pia,Bruno Vieira,34,1.50,1.31,1.41,1.41,1,2,3,2,1,1,"4","22,56",3,5,4,0,5,0,0,4,2,3,15,9,5,4,9,2,11,14,56,44,1.37,1.20,1.49,0.87,3.00,53,79,57,44,13,44,72,44,82,9.56,6.25,1.85,3.30,3.75,1.16,2.00,2.40,4.20,1.69,2.09,Estádio Municipal 22 de Junho (Vila Nova de Famalicão)
1715975100,May 17 2024 - 7:45pm,complete,N/A,Rio Ave FC,Benfica,David Rafael Oliveira Silva,34,1.56,2.00,1.53,1.94,1,1,2,1,0,1,"90'3","32",2,8,4,0,2,0,2,2,1,1,15,22,2,11,8,8,13,11,46,54,1.24,1.68,0.98,2.37,2.85,53,82,51,32,19,35,60,60,91,11.44,5.38,7.50,4.80,1.33,1.08,1.57,2.38,2.93,1.53,2.40,Estádio do Rio Ave Futebol Clube (Vila do Conde)
1716042600,May 18 2024 - 2:30pm,complete,N/A,Boavista FC,FC Vizela,Tiago Bruno Lopes Martins,34,1.19,0.69,1.18,0.71,2,2,4,1,0,1,"53,90'11","30,61",9,2,3,0,1,0,1,2,1,0,19,16,6,5,12,9,17,8,43,57,1.18,1.14,2.05,1.47,2.91,63,79,50,41,25,41,69,47,78,8.81,6.07,1.54,3.65,4.75,1.32,1.75,3.50,6.80,1.82,1.92,Estádio do Bessa Século XXI (Porto)
1716042600,May 18 2024 - 2:30pm,complete,N/A,Estrela Amadora,Gil Vicente,João Pedro Silva Pinheiro,34,1.13,0.69,1.24,0.65,1,0,1,1,1,0,"24","",4,3,3,1,0,1,0,4,0,1,17,10,4,3,10,6,17,13,49,51,1.33,1.16,1.46,0.95,2.85,57,75,63,32,13,38,69,47,75,9.63,4.37,1.58,3.75,4.30,1.18,1.68,2.54,4.55,1.69,2.09,Estádio José Gomes (Amadora)
1716042600,May 18 2024 - 2:30pm,complete,N/A,Farense,Portimonense,Artur Manuel Ribeiro Soares Dias,34,1.38,0.88,1.29,1.00,1,3,4,2,0,2,"55","11,32,90'7",2,4,2,1,1,1,0,3,0,2,8,21,4,8,4,10,14,14,58,42,1.39,1.13,1.07,2.04,3.16,50,78,60,44,29,41,78,54,79,9.32,5.19,2.53,3.35,2.28,1.11,1.69,2.22,3.66,1.43,2.70,Estádio de São Lúis (Faro)
1716042600,May 18 2024 - 2:30pm,complete,N/A,FC Arouca,Vitória Guimarães,N/A,34,1.50,1.56,1.41,1.65,1,3,4,1,1,0,"39","50,53,62",3,7,3,0,5,0,1,2,2,3,8,9,4,5,3,4,12,19,53,47,1.50,1.29,0.85,1.31,2.66,50,72,57,25,13,38,75,44,81,10.88,5.57,2.50,3.35,2.30,1.18,1.70,2.48,4.40,1.55,2.36,Estádio Municipal de Arouca (Arouca)
1716051600,May 18 2024 - 5:00pm,complete,N/A,Sporting CP,GD Chaves,Manuel Antonio Rodrigues Oliveira,34,3.00,0.63,3.00,0.59,3,0,3,2,2,0,"23,37,55","",5,3,2,0,1,1,1,1,1,1,24,18,9,0,11,14,16,7,67,33,1.95,1.13,2.30,1.08,3.35,44,82,63,44,32,51,72,54,88,11.82,5.76,1.08,11.00,26.00,1.01,1.25,1.65,2.12,2.18,1.64,Estádio José Alvalade (Lisboa)
1716051600,May 18 2024 - 5:00pm,complete,N/A,Moreirense FC,GD Estoril Praia,Carlos André Fernandes Macedo,34,1.56,0.50,1.65,0.47,2,1,3,1,1,0,"5,66","49",2,6,0,0,0,0,0,0,0,0,14,15,3,2,10,8,8,8,43,57,1.26,1.26,1.26,1.09,3.00,60,63,50,41,29,51,69,44,66,10.63,4.76,2.35,3.35,3.10,1.26,1.95,3.10,5.90,1.74,2.02,Parque Desportivo Comendador Joaquim de Almeida Freitas (Moreira de Cónegos)
1716060600,May 18 2024 - 7:30pm,complete,N/A,Sporting Braga,Porto,Nuno Miguel Serrano Almeida,34,2.06,2.00,1.94,2.06,0,1,1,0,0,0,"","84",4,8,3,1,1,0,3,1,1,0,5,32,2,6,3,17,12,11,31,69,2.04,1.48,0.66,2.41,2.91,63,85,63,19,13,38,69,57,85,13.56,5.81,3.15,3.50,2.23,1.14,1.61,2.38,3.85,1.50,2.40,Estádio Municipal de Braga (Braga)
1659726900,Aug 05 2022 - 7:15pm,complete,N/A,Benfica,FC Arouca,Manuel Mota,1,0.00,0.00,2.71,1.29,4,0,4,3,3,0,"8,42,45'6,86","",7,1,3,0,1,1,0,3,2,0,25,3,8,3,13,0,7,7,73,27,0.00,0.00,2.43,0.51,0.00,0,0,0,0,0,0,0,0,0,0.00,0.00,1.17,6.73,15.52,1.18,1.56,2.38,4.00,2.38,1.53,Estádio do Sport Lisboa e Benfica (da Luz) (Lisboa)
1659796200,Aug 06 2022 - 2:30pm,complete,N/A,Rio Ave FC,FC Vizela,Gustavo Fernandes Correia,1,0.00,0.00,1.59,1.24,0,1,1,0,0,0,"","66",6,7,7,0,4,0,2,5,1,3,9,14,0,7,8,7,19,16,65,35,0.00,0.00,0.91,1.68,0.00,0,0,0,0,0,0,0,0,0,0.00,0.00,2.34,3.20,3.03,1.31,2.00,3.25,6.25,1.75,2.00,Estádio do Rio Ave Futebol Clube (Vila do Conde)
1659805200,Aug 06 2022 - 5:00pm,complete,N/A,GD Estoril Praia,Famalicão,Nuno Miguel Serrano Almeida,1,0.00,0.00,1.35,0.94,2,0,2,2,2,0,"20,45","",1,2,4,0,1,0,1,3,0,1,12,16,6,7,5,7,14,11,47,53,0.00,0.00,1.34,1.70,0.00,0,0,0,0,0,0,0,0,0,0.00,0.00,2.40,3.30,2.85,1.29,2.03,3.10,6.00,1.70,2.05,Estádio António Coimbra da Mota (Estoril)
1659814200,Aug 06 2022 - 7:30pm,complete,N/A,Porto,CS Marítimo,Hélder Miguel Azevedo Malheiro,1,0.00,0.00,2.65,0.29,5,1,6,3,3,0,"12,40,42,68,76","88",4,4,3,0,2,0,2,1,1,1,26,10,8,5,14,5,13,11,59,41,0.00,0.00,2.30,1.18,0.00,0,0,0,0,0,0,0,0,0,0.00,0.00,1.18,6.70,13.64,1.18,1.52,2.25,3.90,2.38,1.53,Estádio Do Dragão (Porto)
1659882600,Aug 07 2022 - 2:30pm,complete,N/A,Santa Clara,Casa Pia,N/A,1,0.00,0.00,1.00,1.06,0,0,0,0,0,0,"","",7,6,1,1,3,0,1,1,1,2,10,13,3,2,5,10,15,13,53,47,0.00,0.00,1.00,1.16,0.00,0,0,0,0,0,0,0,0,0,0.00,0.00,2.10,3.25,3.50,1.34,2.25,3.50,7.00,1.91,1.91,Estádio de São Miguel (Ponta Delgada- Ilha de São Miguel- Açores)
1659891600,Aug 07 2022 - 5:00pm,complete,N/A,Sporting Braga,Sporting CP,Fábio José Costa Veríssimo,1,0.00,0.00,2.41,1.94,3,3,6,4,2,2,"14,45'1,88","9,18,83",3,3,2,0,2,0,2,0,0,2,20,14,8,6,10,6,14,17,45,55,0.00,0.00,1.99,1.44,0.00,0,0,0,0,0,0,0,0,0,0.00,0.00,3.60,3.40,2.00,1.28,1.95,3.10,5.75,1.70,2.05,Estádio Municipal de Braga (Braga)
1659900600,Aug 07 2022 - 7:30pm,complete,N/A,Portimonense,Boavista FC,Cláudio Filipe Ruivo Pereira,1,0.00,0.00,1.24,0.82,0,1,1,1,0,1,"","9",7,1,3,0,1,0,1,2,0,1,20,13,8,6,11,5,13,11,63,37,0.00,0.00,2.15,1.31,0.00,0,0,0,0,0,0,0,0,0,0.00,0.00,2.00,3.25,3.80,1.42,2.30,4.10,8.50,2.00,1.75,Estádio Municipal de Portimão (Portimão)
1659900600,Aug 07 2022 - 7:30pm,complete,N/A,GD Chaves,Vitória Guimarães,Manuel Antonio Rodrigues Oliveira,1,0.00,0.00,1.35,1.18,0,1,1,1,0,1,"","45'3",2,5,2,0,8,2,1,1,3,7,18,19,4,7,11,8,11,20,50,50,0.00,0.00,1.63,1.76,0.00,0,0,0,0,0,0,0,0,0,0.00,0.00,2.50,3.25,2.75,1.37,2.15,3.75,7.50,1.91,1.91,Estádio Municipal Eng. Manuel Branco Teixeira (Chaves)
1659986100,Aug 08 2022 - 7:15pm,complete,N/A,Gil Vicente,Paços de Ferreira,André Filipe Domingues Narciso,1,0.00,0.00,1.41,0.71,1,0,1,0,0,0,"85","",8,6,1,0,6,0,0,1,2,4,23,18,6,6,12,8,17,19,48,52,0.00,0.00,1.83,1.70,0.00,0,0,0,0,0,0,0,0,0,0.00,0.00,1.77,3.73,4.60,1.39,2.23,3.80,7.75,1.95,1.80,Estádio Cidade de Barcelos (Barcelos)
1660331700,Aug 12 2022 - 7:15pm,complete,N/A,Famalicão,Sporting Braga,Luis Miguel Branco Godinho,2,0.00,0.00,1.65,2.18,0,3,3,2,0,2,"","13,18,79",7,7,3,0,1,0,1,2,1,0,12,25,6,11,6,14,11,14,50,50,0.00,0.00,1.62,2.77,0.00,0,0,0,0,0,0,0,0,0,0.00,0.00,3.02,3.49,2.32,1.25,1.85,3.00,5.00,1.67,2.10,Estádio Municipal 22 de Junho (Vila Nova de Famalicão)
1660410000,Aug 13 2022 - 5:00pm,complete,N/A,Casa Pia,Benfica,Tiago Bruno Lopes Martins,2,0.00,0.00,1.35,2.41,0,1,1,0,0,0,"","58",4,9,6,0,3,1,3,3,2,2,10,19,3,4,5,11,10,9,36,64,0.00,0.00,0.85,1.78,0.00,0,0,0,0,0,0,0,0,0,0.00,0.00,12.04,5.75,1.23,1.20,1.62,2.50,4.33,2.20,1.62,Estádio Dr. Magalhães Pessoa (Leiria)
1660419000,Aug 13 2022 - 7:30pm,complete,N/A,Sporting CP,Rio Ave FC,Manuel Mota,2,0.00,0.00,2.41,0.76,3,0,3,1,1,0,"36,66,75","",7,1,1,0,2,0,0,1,0,2,28,4,9,2,15,2,15,6,67,33,0.00,0.00,2.67,0.51,0.00,0,0,0,0,0,0,0,0,0,0.00,0.00,1.22,5.80,12.83,1.25,1.75,2.75,4.75,2.30,1.57,Estádio José Alvalade (Lisboa)
1660487400,Aug 14 2022 - 2:30pm,complete,N/A,Boavista FC,Santa Clara,Hélder Miguel Azevedo Malheiro,2,0.00,0.00,1.76,0.29,2,1,3,1,0,1,"62,66","34",8,6,3,0,5,2,1,2,3,4,16,5,6,2,10,3,1,0,62,38,0.00,0.00,1.90,0.66,0.00,0,0,0,0,0,0,0,0,0,0.00,0.00,2.50,3.15,2.75,1.42,2.25,4.20,8.55,1.95,1.82,Estádio do Bessa Século XXI (Porto)
1660496400,Aug 14 2022 - 5:00pm,complete,N/A,FC Vizela,Porto,Fábio José Costa Veríssimo,2,0.00,0.00,1.12,2.35,0,1,1,0,0,0,"","90",1,10,6,0,2,0,1,5,1,1,5,19,2,6,3,10,18,12,33,67,0.00,0.00,0.71,2.02,0.00,0,0,0,0,0,0,0,0,0,0.00,0.00,10.00,5.60,1.25,1.20,1.62,2.58,4.60,2.15,1.68,Estádio Do Vizela (Caldas de Vizela)
1660505400,Aug 14 2022 - 7:30pm,complete,N/A,Vitória Guimarães,GD Estoril Praia,Cláudio Filipe Ruivo Pereira,2,0.00,0.00,1.94,0.71,1,0,1,1,1,0,"16","",5,7,3,0,4,1,2,1,3,2,11,8,5,2,6,6,13,8,52,48,0.00,0.00,1.46,0.94,0.00,0,0,0,0,0,0,0,0,0,0.00,0.00,1.96,3.35,3.65,1.36,2.00,3.73,7.40,1.88,1.90,Estádio Dom Afonso Henriques (Guimarães)
1660573800,Aug 15 2022 - 2:30pm,complete,N/A,CS Marítimo,GD Chaves,Ricardo Baixinho,2,0.00,0.00,1.24,1.35,1,2,3,1,1,0,"39","70,75",3,6,1,0,1,0,1,0,1,0,17,23,7,10,6,12,8,5,46,54,0.00,0.00,1.52,2.41,0.00,0,0,0,0,0,0,0,0,0,0.00,0.00,2.30,3.20,3.10,1.36,2.10,3.75,7.50,1.83,1.87,Estádio dos Barreiros (Funchal (Ilha da Madeira))
1660582800,Aug 15 2022 - 5:00pm,complete,N/A,FC Arouca,Gil Vicente,Nuno Miguel Serrano Almeida,2,0.00,0.00,1.88,0.76,1,0,1,1,1,0,"2","",4,4,4,0,2,0,1,3,1,1,7,11,4,3,3,8,1,0,42,58,0.00,0.00,0.93,1.35,0.00,0,0,0,0,0,0,0,0,0,0.00,0.00,2.75,3.30,2.50,1.33,1.87,3.60,7.00,1.77,1.93,Estádio Municipal de Arouca (Arouca)
1660591800,Aug 15 2022 - 7:30pm,complete,N/A,Paços de Ferreira,Portimonense,João Pedro Silva Pinheiro,2,0.00,0.00,0.65,0.76,0,3,3,1,0,1,"","32,80,84",3,7,3,1,5,0,2,2,0,5,20,16,5,4,11,11,12,15,49,51,0.00,0.00,1.63,1.53,0.00,0,0,0,0,0,0,0,0,0,0.00,0.00,2.40,3.10,3.10,1.40,2.20,4.20,8.00,1.90,1.80,Estádio da Capital do Móvel (Paços de Ferreira)
1660936500,Aug 19 2022 - 7:15pm,complete,N/A,GD Estoril Praia,Rio Ave FC,Vitor Jorge Fernandes Ferreira,3,3.00,0.00,1.35,0.76,2,2,4,1,1,0,"6,80","61,73",1,5,4,0,3,1,1,3,2,2,11,21,4,8,5,10,21,13,42,58,1.34,0.51,1.05,2.09,2.50,0,100,50,0,0,50,100,50,50,2.00,6.00,2.21,3.20,3.15,1.40,2.22,4.20,8.00,1.95,1.77,Estádio António Coimbra da Mota (Estoril)
1661005800,Aug 20 2022 - 2:30pm,complete,N/A,Santa Clara,FC Arouca,N/A,3,1.00,0.00,1.00,1.29,1,2,3,0,0,0,"50","61,76",4,2,2,0,3,0,1,1,2,1,15,14,4,4,9,8,19,21,49,51,1.00,0.51,1.47,1.26,2.00,0,50,50,50,0,50,50,0,50,8.00,6.00,2.02,3.20,3.80,1.42,2.32,4.33,8.50,2.00,1.72,Estádio de São Miguel (Ponta Delgada- Ilha de São Miguel- Açores)
1661014800,Aug 20 2022 - 5:00pm,complete,N/A,GD Chaves,FC Vizela,Rui Manuel Gomes Costa,3,0.00,3.00,1.35,1.24,1,1,2,2,1,1,"8","40",5,4,4,1,5,1,1,4,1,5,21,22,4,5,15,14,0,1,47,53,1.63,1.68,1.77,1.95,1.00,0,0,0,0,0,0,50,0,50,9.00,6.00,2.28,3.15,3.25,1.40,2.18,4.20,8.00,1.90,1.80,Estádio Municipal Eng. Manuel Branco Teixeira (Chaves)
1661023800,Aug 20 2022 - 7:30pm,complete,N/A,Porto,Sporting CP,Nuno Miguel Serrano Almeida,3,3.00,1.00,2.65,1.94,3,0,3,1,1,0,"42,77,86","",3,4,1,0,4,1,1,0,3,2,16,8,6,5,7,3,23,11,38,62,2.30,1.44,1.51,1.09,6.00,100,100,100,100,100,100,100,100,100,7.00,5.00,2.10,3.25,3.50,1.33,1.92,3.60,7.00,1.77,1.93,Estádio Do Dragão (Porto)
1661092200,Aug 21 2022 - 2:30pm,complete,N/A,Casa Pia,Boavista FC,Pierre Gaillouste,3,0.00,3.00,1.35,0.82,2,0,2,0,0,0,"61,67","",2,2,1,0,3,0,0,1,1,2,8,13,5,5,2,7,11,13,43,57,0.85,1.31,1.09,1.46,1.00,0,0,0,0,0,0,50,0,50,5.00,7.00,2.70,2.90,2.55,1.45,2.50,4.75,9.50,2.00,1.75,Estádio Nacional (Jamor- Oeiras)
1661101200,Aug 21 2022 - 5:00pm,complete,N/A,Sporting Braga,CS Marítimo,António Emanuel Carvalho Nobre,3,1.00,0.00,2.41,0.29,5,0,5,2,2,0,"9,42,57,65,88","",5,5,3,0,1,0,2,1,1,0,25,12,11,2,11,7,16,6,60,40,1.99,1.18,2.64,1.08,6.00,100,100,100,100,100,100,100,100,100,7.00,4.00,1.51,4.10,5.20,1.20,1.60,2.75,5.00,1.95,1.80,Estádio Municipal de Braga (Braga)
1661110200,Aug 21 2022 - 7:30pm,complete,N/A,Portimonense,Vitória Guimarães,Ricardo Baixinho,3,0.00,3.00,1.24,1.18,2,1,3,0,0,0,"62,88","46",6,11,5,0,3,0,2,3,0,3,16,20,5,6,10,12,18,16,45,55,2.15,1.76,1.54,1.89,1.00,0,0,0,0,0,0,100,0,0,12.00,14.00,2.65,3.05,2.55,1.40,2.14,3.75,7.00,1.95,1.80,Estádio Municipal de Portimão (Portimão)
1661195700,Aug 22 2022 - 7:15pm,complete,N/A,Gil Vicente,Famalicão,Cláudio Filipe Ruivo Pereira,3,3.00,0.00,1.41,0.94,0,0,0,0,0,0,"","",9,4,1,0,5,0,0,1,1,4,17,14,5,4,11,9,12,13,57,43,1.83,1.70,1.79,1.42,1.50,0,50,0,0,0,50,50,0,50,10.00,2.00,2.11,3.48,3.58,1.33,1.98,3.50,6.50,1.75,2.00,Estádio Cidade de Barcelos (Barcelos)
1661541300,Aug 26 2022 - 7:15pm,complete,N/A,Paços de Ferreira,GD Estoril Praia,Carlos André Fernandes Macedo,4,0.00,0.00,0.65,0.71,0,3,3,2,0,2,"","26,43,72",4,5,2,2,0,0,1,3,0,0,10,16,4,8,5,6,13,21,47,53,1.63,0.94,1.28,1.90,2.00,0,50,50,0,0,0,100,50,50,10.00,10.00,2.50,3.15,2.77,1.38,2.30,4.00,8.00,1.87,1.83,Estádio da Capital do Móvel (Paços de Ferreira)
1661610600,Aug 27 2022 - 2:30pm,complete,N/A,CS Marítimo,Portimonense,Manuel Mota,4,0.00,3.00,1.24,0.76,0,1,1,1,0,1,"","43",8,7,2,0,1,0,1,1,1,0,22,10,5,8,15,2,12,16,57,43,1.52,1.53,1.95,1.43,3.00,50,100,100,0,0,0,100,100,100,10.00,6.00,2.13,3.47,3.42,1.35,1.93,3.75,7.00,1.80,1.90,Estádio dos Barreiros (Funchal (Ilha da Madeira))
1661619600,Aug 27 2022 - 5:00pm,complete,N/A,Boavista FC,Benfica,João Pedro Silva Pinheiro,4,3.00,3.00,1.76,2.41,0,3,3,1,0,1,"","30,67,82",7,8,4,0,2,0,1,3,1,1,6,17,0,4,5,12,12,14,41,59,1.90,1.78,0.55,1.63,2.00,50,50,50,0,0,0,50,50,100,17.00,7.00,7.50,4.70,1.40,1.22,1.68,2.50,4.50,1.91,1.80,Estádio do Bessa Século XXI (Porto)
1661628600,Aug 27 2022 - 7:30pm,complete,N/A,Sporting CP,GD Chaves,André Filipe Domingues Narciso,4,3.00,3.00,2.41,1.35,0,2,2,0,0,0,"","60,63",13,3,5,0,2,1,2,3,0,3,29,9,9,6,14,3,17,16,74,26,2.67,2.41,2.81,1.10,3.00,50,100,100,0,0,0,100,100,100,13.00,2.00,1.25,5.60,9.50,1.17,1.57,2.43,4.00,2.10,1.67,Estádio José Alvalade (Lisboa)
1661697000,Aug 28 2022 - 2:30pm,complete,N/A,Famalicão,Santa Clara,Fábio José Costa Veríssimo,4,0.00,0.00,1.65,0.29,1,0,1,1,1,0,"20","",6,4,3,0,3,0,1,2,2,1,15,17,5,3,8,11,23,10,50,50,1.62,0.66,1.56,1.36,3.00,50,100,100,0,0,50,100,50,100,13.00,10.00,2.15,3.35,3.40,1.35,2.01,3.75,7.50,1.83,1.87,Estádio Municipal 22 de Junho (Vila Nova de Famalicão)
1661706000,Aug 28 2022 - 5:00pm,complete,N/A,FC Arouca,Sporting Braga,Gustavo Fernandes Correia,4,3.00,3.00,1.88,2.18,0,6,6,4,0,4,"","1,4,40,44,67,76",5,4,3,0,3,0,3,0,2,1,13,16,4,12,7,4,18,13,45,55,0.93,2.77,1.26,2.08,2.00,0,50,50,0,0,50,100,0,50,11.00,5.00,4.50,3.75,1.65,1.22,1.75,2.95,5.50,1.71,2.00,Estádio Municipal de Arouca (Arouca)
1661715000,Aug 28 2022 - 7:30pm,complete,N/A,Rio Ave FC,Porto,Tiago Bruno Lopes Martins,4,0.00,3.00,1.59,2.35,3,1,4,3,3,0,"22,33,43","90'3",2,7,1,0,2,0,0,1,0,2,8,33,5,9,2,19,11,8,32,68,0.91,2.02,0.92,3.00,1.00,0,0,0,0,0,0,0,0,100,16.00,9.00,8.50,5.00,1.28,1.18,1.57,2.55,4.50,2.05,1.70,Estádio do Rio Ave Futebol Clube (Vila do Conde)
1661796000,Aug 29 2022 - 6:00pm,complete,N/A,Vitória Guimarães,Casa Pia,Hélder Miguel Azevedo Malheiro,4,3.00,1.00,1.94,1.06,0,1,1,1,0,1,"","7",9,1,3,0,3,0,1,2,1,2,17,9,4,3,11,6,15,15,61,39,1.46,1.16,1.77,0.96,0.50,0,0,0,0,0,0,50,0,0,11.00,6.00,2.00,3.40,3.80,1.36,2.15,3.75,7.50,1.95,1.80,Estádio Dom Afonso Henriques (Guimarães)
1661804100,Aug 29 2022 - 8:15pm,complete,N/A,FC Vizela,Gil Vicente,Manuel Antonio Rodrigues Oliveira,4,0.00,0.00,1.12,0.76,2,2,4,4,2,2,"45,45'5","8,26",5,10,2,0,5,0,2,0,2,3,24,14,12,5,10,9,9,15,43,57,0.71,1.35,2.61,1.51,1.00,0,0,0,0,0,0,50,0,50,5.00,8.00,2.60,3.30,2.70,1.33,2.03,3.60,7.00,1.80,1.95,Estádio Do Vizela (Caldas de Vizela)
1661886900,Aug 30 2022 - 7:15pm,complete,N/A,Benfica,Paços de Ferreira,Artur Manuel Ribeiro Soares Dias,3,3.00,0.00,2.71,0.71,3,2,5,3,2,1,"42,45'4,56","39,80",13,3,2,0,4,0,1,1,3,1,37,4,8,3,22,1,13,13,69,31,2.43,1.70,2.94,0.60,2.50,0,50,50,50,0,50,50,0,100,13.00,9.00,1.24,5.75,12.50,1.15,1.60,2.25,3.60,2.25,1.57,Estádio do Sport Lisboa e Benfica (da Luz) (Lisboa)
1662141600,Sep 02 2022 - 6:00pm,complete,N/A,Benfica,FC Vizela,Fábio José Costa Veríssimo,5,3.00,2.00,2.71,1.24,2,1,3,1,0,1,"76,90'11","20",15,4,5,2,4,0,1,6,2,2,39,11,8,3,22,5,9,10,74,26,2.68,1.82,3.31,0.85,3.00,50,75,50,50,25,75,75,25,75,15.50,8.00,1.21,6.40,11.00,1.14,1.57,2.14,3.55,2.00,1.71,Estádio do Sport Lisboa e Benfica (da Luz) (Lisboa)
1662149700,Sep 02 2022 - 8:15pm,complete,N/A,GD Estoril Praia,Sporting CP,Manuel Antonio Rodrigues Oliveira,5,2.00,0.50,1.35,1.94,0,2,2,2,0,2,"","13,21",2,7,5,0,7,0,0,5,0,7,9,21,2,6,6,13,16,18,36,64,1.20,1.27,0.79,1.92,3.75,50,100,75,50,25,50,100,75,75,4.50,8.00,6.40,4.10,1.48,1.25,1.73,2.87,5.43,1.95,1.75,Estádio António Coimbra da Mota (Estoril)
1662215400,Sep 03 2022 - 2:30pm,complete,N/A,Sporting Braga,Vitória Guimarães,Nuno Miguel Serrano Almeida,5,2.00,1.50,2.41,1.18,1,0,1,0,0,0,"90'8","",5,0,2,0,7,0,1,1,3,4,20,9,3,4,15,4,16,21,64,36,2.32,1.83,1.82,0.98,3.75,50,75,75,50,50,50,75,75,75,12.00,9.50,1.43,4.50,6.20,1.18,1.74,2.60,4.50,1.80,1.90,Estádio Municipal de Braga (Braga)
1662233400,Sep 03 2022 - 7:30pm,complete,N/A,Gil Vicente,Porto,João Pedro Silva Pinheiro,5,2.00,1.50,1.41,2.35,0,2,2,2,0,2,"","41,44",6,4,1,0,0,0,0,1,0,0,8,19,2,7,4,12,15,9,40,60,1.81,2.51,0.75,2.07,1.50,25,25,25,25,0,25,25,0,75,17.00,3.00,7.35,4.87,1.41,1.69,1.66,2.85,5.00,1.83,1.87,Estádio Cidade de Barcelos (Barcelos)
1662301800,Sep 04 2022 - 2:30pm,complete,N/A,Casa Pia,FC Arouca,Carlos André Fernandes Macedo,5,1.50,1.50,1.35,1.29,0,0,0,0,0,0,"","",9,2,2,0,0,0,0,2,0,0,7,9,2,2,5,7,13,10,55,45,0.97,0.89,1.03,1.00,2.50,25,75,50,25,0,25,25,50,100,4.50,6.50,1.58,3.10,2.32,1.44,2.38,4.50,9.50,1.98,1.73,Estádio Nacional (Jamor- Oeiras)
1662310800,Sep 04 2022 - 5:00pm,complete,N/A,Santa Clara,CS Marítimo,Gustavo Fernandes Correia,5,0.50,0.00,1.00,0.29,2,1,3,1,0,1,"51,60","36",2,3,3,0,4,1,1,2,1,4,10,21,5,7,5,11,22,16,51,49,1.24,1.13,1.23,1.98,3.50,50,75,75,50,50,50,50,75,75,10.00,4.00,2.20,3.20,3.25,1.40,2.00,4.20,8.00,1.90,1.80,Estádio de São Miguel (Ponta Delgada- Ilha de São Miguel- Açores)
1662319800,Sep 04 2022 - 7:30pm,complete,1840,Portimonense,Famalicão,Artur Manuel Ribeiro Soares Dias,5,1.50,0.50,1.24,0.94,1,0,1,0,0,0,"64","",7,5,5,0,2,0,3,2,0,2,12,18,2,2,8,12,19,10,50,50,1.84,1.56,1.18,1.38,1.50,25,50,25,0,0,25,50,25,25,9.50,7.00,2.15,3.20,3.50,1.36,2.10,3.75,7.50,1.87,1.83,Estádio Municipal de Portimão (Portimão)
1662400800,Sep 05 2022 - 6:00pm,complete,N/A,Boavista FC,Paços de Ferreira,Cláudio Filipe Ruivo Pereira,5,1.50,0.00,1.76,0.71,1,0,1,0,0,0,"58","",5,1,4,0,3,0,3,1,3,0,18,12,5,4,10,5,16,18,49,51,1.23,1.15,1.55,1.07,3.00,50,75,75,25,25,25,75,75,100,12.00,8.50,2.15,3.10,3.50,1.39,2.20,3.90,7.75,1.95,1.75,Estádio do Bessa Século XXI (Porto)
1662408900,Sep 05 2022 - 8:15pm,complete,N/A,GD Chaves,Rio Ave FC,Hélder Miguel Azevedo Malheiro,5,0.50,0.50,1.35,0.76,1,1,2,1,1,0,"32","90",8,11,5,0,3,0,0,5,2,1,26,20,5,3,17,11,14,12,45,55,1.70,1.30,2.00,1.35,2.50,50,75,50,25,0,25,100,50,50,6.50,7.00,2.50,3.00,3.00,1.40,2.20,4.00,8.00,1.93,1.78,Estádio Municipal Eng. Manuel Branco Teixeira (Chaves)
1662750900,Sep 09 2022 - 7:15pm,complete,N/A,Vitória Guimarães,Santa Clara,João Pedro Silva Pinheiro,6,1.50,0.00,1.94,0.29,1,0,1,0,0,0,"48","",6,5,4,0,5,0,1,3,1,4,15,12,5,6,6,5,11,17,56,44,1.62,1.01,1.32,1.52,1.50,25,25,25,0,0,0,100,25,25,12.00,8.00,1.73,3.41,4.37,1.36,2.20,3.75,7.00,1.90,1.80,Estádio Dom Afonso Henriques (Guimarães)
1662820200,Sep 10 2022 - 2:30pm,complete,N/A,Famalicão,Benfica,Nuno Miguel Serrano Almeida,6,1.50,3.00,1.65,2.41,0,1,1,0,0,0,"","63",1,5,2,1,0,0,0,3,0,0,5,16,3,7,2,7,19,12,30,70,1.59,1.71,0.77,1.86,2.00,0,50,50,0,0,25,75,25,75,15.00,6.00,6.70,4.85,1.38,1.20,1.61,2.45,4.75,1.80,1.90,Estádio Municipal 22 de Junho (Vila Nova de Famalicão)
1662829200,Sep 10 2022 - 5:00pm,complete,N/A,Sporting CP,Portimonense,Cláudio Filipe Ruivo Pereira,6,1.50,3.00,2.41,0.76,4,0,4,2,2,0,"7,41,72,76","",8,3,3,0,3,0,2,1,1,2,21,7,7,2,11,4,0,1,61,39,2.74,1.48,1.93,0.70,2.25,0,75,50,0,0,0,75,75,75,17.00,6.00,1.36,4.75,7.50,1.25,1.67,2.75,5.00,2.15,1.63,Estádio José Alvalade (Lisboa)
1662838200,Sep 10 2022 - 7:30pm,complete,N/A,Porto,GD Chaves,António Emanuel Carvalho Nobre,6,3.00,3.00,2.65,1.35,3,0,3,1,1,0,"3,70,82","",9,3,1,0,3,0,1,0,1,2,24,9,8,0,12,8,13,11,57,43,1.90,1.75,2.28,0.75,3.50,50,100,75,25,25,25,75,100,100,8.00,4.50,1.22,5.60,12.00,1.16,1.53,2.20,4.20,2.37,1.52,Estádio Do Dragão (Porto)
1662906600,Sep 11 2022 - 2:30pm,complete,N/A,Paços de Ferreira,Casa Pia,Tiago Bruno Lopes Martins,6,0.00,2.00,0.65,1.06,2,3,5,1,1,0,"17,90'6","58,60,74",7,2,2,0,4,0,0,2,1,3,25,15,9,6,11,8,8,17,58,42,1.45,1.06,2.17,1.54,1.75,0,50,50,0,0,25,75,25,50,7.00,8.00,2.70,3.14,2.69,1.47,2.35,4.75,9.50,2.00,1.71,Estádio da Capital do Móvel (Paços de Ferreira)
1662915600,Sep 11 2022 - 5:00pm,complete,N/A,CS Marítimo,Gil Vicente,Miguel Bertolo Nogueira,6,0.00,0.50,1.24,0.76,1,2,3,1,1,0,"27","48,85",10,8,2,0,0,0,0,2,0,0,20,26,4,6,13,17,13,13,39,61,1.74,1.43,1.65,2.26,2.25,50,50,50,25,0,25,100,25,25,12.50,5.00,2.75,3.26,2.56,1.40,2.19,4.20,8.00,1.90,1.80,Estádio dos Barreiros (Funchal (Ilha da Madeira))
1662915600,Sep 11 2022 - 5:00pm,complete,N/A,FC Arouca,Boavista FC,João António Ferreira Gonçalves,6,1.50,1.50,1.88,0.82,1,2,3,2,1,1,"27","31,70",2,5,1,2,2,0,1,2,2,0,6,13,2,4,4,6,10,15,33,67,1.09,1.39,0.73,1.32,2.50,0,50,25,25,25,25,75,50,50,6.00,5.50,2.72,3.08,2.72,1.44,2.33,4.50,9.00,1.95,1.75,Estádio Municipal de Arouca (Arouca)
1662924600,Sep 11 2022 - 7:30pm,complete,N/A,Rio Ave FC,Sporting Braga,Luis Miguel Branco Godinho,6,1.50,3.00,1.59,2.18,2,3,5,2,0,2,"81,87","11,25,69",7,8,1,0,1,0,0,1,0,1,21,28,6,11,11,13,11,9,49,51,0.92,2.42,1.84,2.51,3.50,25,75,75,50,25,75,75,25,100,9.50,6.00,5.40,4.10,1.54,1.25,1.86,3.10,5.50,1.77,1.93,Estádio do Rio Ave Futebol Clube (Vila do Conde)
1663010100,Sep 12 2022 - 7:15pm,complete,N/A,FC Vizela,GD Estoril Praia,Manuel Mota,6,0.50,1.50,1.12,0.71,0,1,1,1,0,1,"","28",16,2,3,1,4,0,2,2,3,1,30,13,7,3,17,9,12,12,47,53,1.66,1.42,2.40,1.24,2.25,25,50,50,25,0,50,75,0,50,9.00,6.50,2.24,3.20,3.32,1.41,2.12,4.05,7.67,1.95,1.80,Estádio Do Vizela (Caldas de Vizela)
1663355700,Sep 16 2022 - 7:15pm,complete,N/A,Portimonense,GD Chaves,Manuel Antonio Rodrigues Oliveira,7,2.00,2.00,1.24,1.35,1,0,1,1,1,0,"19","",9,7,4,0,2,1,1,3,0,3,18,20,5,5,11,14,20,15,51,49,1.62,1.42,1.79,1.85,2.17,33,67,50,0,0,0,50,67,84,10.67,7.00,2.05,3.40,3.40,1.42,2.20,4.33,8.50,1.95,1.77,Estádio Municipal de Portimão (Portimão)
1663425000,Sep 17 2022 - 2:30pm,complete,N/A,Gil Vicente,Rio Ave FC,João António Ferreira Gonçalves,7,1.33,0.67,1.41,0.76,2,2,4,1,0,1,"80,90'6","45'4,71",7,4,4,1,5,1,1,4,1,5,24,9,7,6,13,3,13,17,63,37,1.46,1.32,2.22,1.14,2.00,34,67,34,17,0,17,67,34,67,13.34,4.33,2.19,3.25,3.15,1.36,2.07,3.75,7.00,1.90,1.80,Estádio Cidade de Barcelos (Barcelos)
1663425000,Sep 17 2022 - 2:30pm,complete,N/A,Santa Clara,Paços de Ferreira,Rui Manuel Gomes Costa,7,1.33,0.00,1.00,0.71,1,1,2,1,1,0,"7","53",5,8,4,0,3,0,1,3,1,2,10,9,4,3,6,5,19,16,42,58,1.23,1.12,1.21,0.93,2.17,50,50,50,17,17,17,33,50,84,7.66,7.00,2.04,3.25,3.55,1.40,2.13,4.00,7.50,1.95,1.75,Estádio de São Miguel (Ponta Delgada- Ilha de São Miguel- Açores)
1663434000,Sep 17 2022 - 5:00pm,complete,N/A,GD Estoril Praia,Porto,Luis Miguel Branco Godinho,7,1.33,2.00,1.35,2.35,1,1,2,1,1,0,"41","90'9",4,11,7,1,3,0,2,6,1,2,9,18,4,4,4,9,12,19,37,63,1.06,2.36,0.89,1.54,2.50,33,84,33,33,0,67,84,17,50,8.33,5.66,8.30,4.80,1.33,1.22,1.64,2.75,4.75,2.15,1.62,Estádio António Coimbra da Mota (Estoril)
1663443000,Sep 17 2022 - 7:30pm,complete,N/A,Boavista FC,Sporting CP,João Pedro Silva Pinheiro,7,2.00,1.33,1.76,1.94,2,1,3,1,1,0,"45'2,83","55",4,9,3,0,1,0,2,1,1,0,7,18,4,4,3,12,11,5,27,73,1.33,1.48,0.93,1.83,3.00,33,84,67,17,17,34,84,67,84,11.34,8.67,6.80,4.40,1.48,1.25,1.84,3.00,5.00,2.00,1.72,Estádio do Bessa Século XXI (Porto)
1663511400,Sep 18 2022 - 2:30pm,complete,N/A,FC Arouca,Vitória Guimarães,Fábio José Costa Veríssimo,7,1.00,1.00,1.88,1.18,2,2,4,1,1,0,"33,70","57,90'12",3,7,6,0,3,0,1,5,1,2,12,13,7,7,5,6,12,11,50,50,0.97,1.54,1.41,1.71,2.50,33,50,50,17,17,34,67,33,67,9.00,11.00,2.72,3.33,2.52,1.37,2.28,3.75,7.50,1.91,1.91,Estádio Municipal de Arouca (Arouca)
1663520400,Sep 18 2022 - 5:00pm,complete,N/A,Casa Pia,Famalicão,Miguel Bertolo Nogueira,7,1.33,0.33,1.35,0.94,1,0,1,0,0,0,"60","",8,4,1,0,1,0,0,1,1,0,23,14,5,2,12,9,18,13,52,48,0.99,1.50,1.72,1.17,1.00,0,33,0,0,0,17,17,17,50,8.67,5.67,2.30,2.90,3.02,1.47,2.48,4.75,9.50,2.05,1.68,Estádio Nacional (Jamor- Oeiras)
1663520400,Sep 18 2022 - 5:00pm,complete,N/A,Benfica,CS Marítimo,António Emanuel Carvalho Nobre,7,3.00,0.00,2.71,0.29,5,0,5,1,1,0,"28,47,64,82,88","",7,2,1,0,3,0,0,1,2,1,28,6,13,2,13,3,15,5,75,25,2.89,1.41,3.16,0.52,4.34,67,100,100,67,50,67,100,84,100,15.67,7.00,1.08,8.10,16.00,1.10,1.36,1.94,3.10,2.30,1.55,Estádio do Sport Lisboa e Benfica (da Luz) (Lisboa)
1663529400,Sep 18 2022 - 7:30pm,complete,N/A,Sporting Braga,FC Vizela,André Filipe Domingues Narciso,7,2.33,1.33,2.41,1.24,2,0,2,0,0,0,"83,90'5","",8,4,6,0,4,0,2,4,2,2,28,20,11,8,13,11,14,14,61,39,2.15,1.50,2.74,2.00,3.00,50,67,50,34,34,50,67,50,84,9.33,7.33,1.23,5.25,8.90,1.18,1.61,2.60,4.50,2.00,1.73,Estádio Municipal de Braga (Braga)
1664560800,Sep 30 2022 - 6:00pm,complete,N/A,Sporting CP,Gil Vicente,Tiago Bruno Lopes Martins,8,2.00,1.33,2.41,0.76,3,1,4,2,2,0,"16,22,82","90'3",3,2,4,0,1,0,1,3,0,1,21,11,9,2,9,8,9,6,63,37,2.47,1.71,2.07,0.93,2.84,34,84,67,33,0,33,84,67,67,16.66,5.33,1.36,4.75,8.00,1.20,1.57,2.65,4.75,2.00,1.75,Estádio José Alvalade (Lisboa)
1664568900,Sep 30 2022 - 8:15pm,complete,N/A,Porto,Sporting Braga,Artur Manuel Ribeiro Soares Dias,8,3.00,3.00,2.65,2.18,4,1,5,2,2,0,"32,34,63,90'6","55",6,5,2,0,4,1,1,1,3,2,21,12,7,3,10,8,14,17,49,51,2.03,2.45,1.90,1.17,4.34,33,100,100,50,50,67,100,84,100,11.66,3.34,1.70,3.60,4.80,1.22,1.71,2.77,4.90,1.75,2.00,Estádio Do Dragão (Porto)
1664634600,Oct 01 2022 - 2:30pm,complete,N/A,FC Vizela,Portimonense,António Emanuel Carvalho Nobre,8,0.33,2.00,1.12,0.76,1,0,1,1,1,0,"14","",5,9,3,0,3,0,2,1,1,2,21,21,8,7,11,11,9,12,40,60,1.91,1.22,2.07,2.05,2.34,17,50,50,33,0,33,84,34,50,13.00,7.00,2.30,3.10,3.20,1.36,2.07,3.72,7.20,1.95,1.80,Estádio Do Vizela (Caldas de Vizela)
1664643600,Oct 01 2022 - 5:00pm,complete,N/A,GD Chaves,GD Estoril Praia,Fábio José Costa Veríssimo,8,0.67,2.00,1.35,0.71,1,1,2,1,1,0,"39","76",4,9,3,0,3,0,3,0,1,2,16,17,4,4,8,9,13,15,45,55,1.80,1.36,1.30,1.49,1.67,34,50,17,0,0,33,100,0,33,9.67,7.00,2.48,3.22,3.19,1.36,2.20,3.80,7.20,1.91,1.91,Estádio Municipal Eng. Manuel Branco Teixeira (Chaves)
1664652600,Oct 01 2022 - 7:30pm,complete,N/A,Vitória Guimarães,Benfica,Rui Manuel Gomes Costa,8,2.00,3.00,1.94,2.41,0,0,0,0,0,0,"","",5,6,4,0,1,0,1,3,0,1,9,8,2,2,5,5,17,22,34,66,1.52,1.76,0.84,0.96,1.34,0,17,17,0,0,0,50,17,67,14.00,5.33,6.67,4.77,1.46,1.21,1.78,2.69,4.74,2.00,1.75,Estádio Dom Afonso Henriques (Guimarães)
1664721000,Oct 02 2022 - 2:30pm,complete,N/A,Rio Ave FC,Santa Clara,Cláudio Filipe Ruivo Pereira,8,1.00,0.00,1.59,0.29,1,0,1,1,1,0,"15","",1,8,2,0,3,1,2,0,0,4,7,8,3,0,4,8,11,12,57,43,1.23,1.18,0.85,0.80,2.50,50,50,50,34,17,34,67,33,84,10.00,8.00,2.45,3.10,2.88,1.41,2.28,4.20,8.00,1.95,1.80,Estádio do Rio Ave Futebol Clube (Vila do Conde)
1664730000,Oct 02 2022 - 5:00pm,complete,N/A,Paços de Ferreira,FC Arouca,Hélder Miguel Azevedo Malheiro,8,0.00,1.33,0.65,1.29,1,1,2,0,0,0,"61","84",3,5,3,0,2,0,2,1,0,2,6,14,3,2,3,11,16,14,49,51,1.69,0.92,0.90,1.30,3.00,33,84,84,33,17,33,67,50,84,6.34,6.00,2.40,3.15,2.90,1.40,2.18,4.20,8.00,1.95,1.80,Estádio da Capital do Móvel (Paços de Ferreira)
1664739000,Oct 02 2022 - 7:30pm,complete,N/A,Famalicão,Boavista FC,Gustavo Fernandes Correia,8,1.00,2.00,1.65,0.82,4,0,4,2,2,0,"25,44,52,85","",1,5,1,0,3,0,1,0,1,2,9,14,5,2,4,9,17,17,41,59,1.32,1.36,1.12,1.15,1.84,17,50,33,0,0,33,67,17,67,7.34,5.33,2.43,3.10,2.90,1.42,2.35,4.33,8.50,1.95,1.80,Estádio Municipal 22 de Junho (Vila Nova de Famalicão)
1664824500,Oct 03 2022 - 7:15pm,complete,N/A,CS Marítimo,Casa Pia,Vitor Jorge Fernandes Ferreira,8,0.00,2.33,1.24,1.06,1,2,3,2,1,1,"11","18,71",10,3,3,1,3,1,2,2,2,2,21,13,4,3,15,8,14,19,61,39,1.71,1.22,1.84,1.04,2.17,50,50,50,17,17,0,84,50,50,10.00,5.00,2.80,3.15,2.50,1.41,2.35,4.24,8.10,1.95,1.80,Estádio dos Barreiros (Funchal (Ilha da Madeira))
1665170100,Oct 07 2022 - 7:15pm,complete,N/A,Gil Vicente,GD Estoril Praia,N/A,9,1.25,1.75,1.41,0.71,0,1,1,0,0,0,"","90'6",7,3,4,0,4,0,1,3,0,4,15,18,7,5,8,8,21,13,47,53,1.65,1.39,1.83,1.49,1.75,25,50,25,13,0,25,75,13,50,13.25,5.25,2.17,3.30,3.35,1.34,1.98,3.62,7.10,1.88,1.90,Estádio Cidade de Barcelos (Barcelos)
1665239400,Oct 08 2022 - 2:30pm,complete,N/A,Santa Clara,Sporting CP,Artur Manuel Ribeiro Soares Dias,9,1.25,1.00,1.00,1.94,1,2,3,1,0,1,"90'5","29,90",3,5,4,0,3,0,1,3,1,2,13,15,8,3,4,9,10,16,33,67,1.23,1.57,1.48,1.31,2.75,63,88,63,13,13,25,75,63,75,10.25,7.00,5.95,4.25,1.50,1.25,1.75,2.91,5.40,1.98,1.86,Estádio de São Miguel (Ponta Delgada- Ilha de São Miguel- Açores)
1665248400,Oct 08 2022 - 5:00pm,complete,N/A,Portimonense,Porto,Manuel Mota,9,2.25,1.75,1.24,2.35,0,2,2,1,0,1,"","22,52",1,5,4,0,2,0,1,3,1,1,12,23,0,9,11,10,2,0,42,58,1.66,2.16,0.98,2.18,1.88,38,50,25,13,0,25,63,13,63,15.25,6.00,6.60,4.50,1.41,1.23,1.73,2.77,5.05,1.95,1.85,Estádio Municipal de Portimão (Portimão)
1665248400,Oct 08 2022 - 5:00pm,complete,N/A,Benfica,Rio Ave FC,Manuel Antonio Rodrigues Oliveira,9,3.00,0.75,2.71,0.76,4,2,6,4,3,1,"13,19,45'1,62","6,86",8,3,1,0,2,0,0,1,0,2,37,10,15,4,17,5,3,10,65,35,2.96,1.27,3.53,1.03,3.75,63,100,88,63,25,25,100,75,100,15.75,7.25,1.16,6.60,15.00,1.16,1.45,2.20,3.90,2.30,1.62,Estádio do Sport Lisboa e Benfica (da Luz) (Lisboa)
1665257400,Oct 08 2022 - 7:30pm,complete,N/A,Paços de Ferreira,Vitória Guimarães,Nuno Miguel Serrano Almeida,9,0.25,1.00,0.65,1.18,0,1,1,1,0,1,"","9",14,3,5,2,6,1,1,6,3,4,32,16,7,3,19,11,23,17,65,35,1.50,1.58,2.61,1.28,2.75,50,75,63,25,13,13,63,63,88,10.00,9.75,2.95,3.05,2.43,1.39,2.25,4.02,8.10,1.90,1.85,Estádio da Capital do Móvel (Paços de Ferreira)
1665325800,Oct 09 2022 - 2:30pm,complete,N/A,Boavista FC,CS Marítimo,Luis Miguel Branco Godinho,9,2.25,0.00,1.76,0.29,1,1,2,1,1,0,"22","56",8,8,2,0,5,0,1,1,0,5,26,17,8,5,14,11,20,17,56,44,1.23,1.19,2.22,1.61,3.63,50,88,88,38,38,25,88,88,100,9.50,6.50,1.93,3.56,3.86,1.36,2.03,3.75,7.50,1.90,1.87,Estádio do Bessa Século XXI (Porto)
1665334800,Oct 09 2022 - 5:00pm,complete,N/A,Casa Pia,FC Vizela,João Pedro Silva Pinheiro,9,1.75,1.00,1.35,1.24,0,1,1,0,0,0,"","67",8,1,3,0,1,0,2,1,1,0,18,10,6,6,8,3,12,15,59,41,1.17,1.62,1.71,1.30,1.50,25,50,13,0,0,13,25,38,75,10.50,7.25,2.35,3.15,3.05,1.44,2.33,4.50,9.00,2.00,1.80,Estádio Nacional (Jamor- Oeiras)
1665343800,Oct 09 2022 - 7:30pm,complete,N/A,Sporting Braga,GD Chaves,Cláudio Filipe Ruivo Pereira,9,2.50,1.50,2.41,1.35,0,1,1,1,0,1,"","2",13,1,5,0,5,0,1,4,0,5,32,8,6,3,24,5,13,12,66,34,2.30,1.53,3.03,0.80,2.88,25,75,50,25,25,25,63,75,88,10.00,6.25,1.30,5.40,9.00,1.16,1.60,2.45,4.20,1.95,1.83,Estádio Municipal de Braga (Braga)
1665429300,Oct 10 2022 - 7:15pm,complete,N/A,FC Arouca,Famalicão,André Filipe Domingues Narciso,9,1.00,0.25,1.88,0.94,4,1,5,2,1,1,"30,52,58,84","21",3,5,0,0,4,0,0,0,1,3,16,15,6,6,8,6,17,15,52,48,1.08,1.42,1.46,1.46,2.25,25,50,38,25,13,38,63,25,63,7.25,6.75,2.71,3.07,2.71,1.39,2.33,4.00,8.00,1.95,1.80,Estádio Municipal de Arouca (Arouca)
1666379700,Oct 21 2022 - 7:15pm,complete,N/A,Porto,Benfica,João Pedro Silva Pinheiro,10,3.00,2.50,2.65,2.41,0,1,1,0,0,0,"","72",4,4,4,1,7,0,3,2,4,3,15,19,7,7,7,9,14,19,30,70,2.00,1.56,1.71,1.94,2.75,25,63,63,25,25,25,63,63,88,12.50,3.50,2.25,3.35,2.97,1.27,1.90,3.10,5.70,1.67,2.10,Estádio Do Dragão (Porto)
1666449000,Oct 22 2022 - 2:30pm,complete,N/A,Famalicão,Paços de Ferreira,Miguel Bertolo Nogueira,10,1.50,0.25,1.65,0.71,2,1,3,2,1,1,"20,46","23",3,8,2,0,3,0,1,1,1,2,14,13,3,3,9,9,10,14,52,48,1.27,1.07,1.22,1.24,2.25,25,50,38,25,13,38,63,25,88,8.25,6.75,1.84,3.50,4.38,1.38,2.00,4.00,8.00,2.05,1.70,Estádio Municipal 22 de Junho (Vila Nova de Famalicão)
1666458000,Oct 22 2022 - 5:00pm,complete,N/A,GD Estoril Praia,Sporting Braga,André Filipe Domingues Narciso,10,1.25,2.25,1.35,2.18,0,2,2,2,0,2,"","10,31",5,7,3,0,1,0,0,3,0,1,8,17,3,7,3,8,16,13,52,48,1.02,2.13,0.90,1.69,3.63,50,100,63,50,38,75,100,50,75,8.00,8.00,4.55,3.91,1.76,1.28,1.83,3.20,6.00,1.80,1.95,Estádio António Coimbra da Mota (Estoril)
1666467000,Oct 22 2022 - 7:30pm,complete,N/A,Sporting CP,Casa Pia,Hélder Miguel Azevedo Malheiro,10,2.25,2.50,2.41,1.06,3,1,4,1,0,1,"57,59,65","43",7,3,2,0,5,0,2,0,3,2,30,13,10,3,15,8,16,14,65,35,2.37,1.17,2.71,1.12,2.75,38,75,63,38,13,38,75,63,75,10.75,6.75,1.23,6.33,12.81,1.20,1.73,2.80,5.00,2.10,1.67,Estádio José Alvalade (Lisboa)
1666535400,Oct 23 2022 - 2:30pm,complete,N/A,FC Vizela,Santa Clara,Gustavo Fernandes Correia,10,1.00,0.00,1.12,0.29,0,1,1,0,0,0,"","87",5,2,2,1,6,0,2,1,1,5,23,17,4,4,14,10,13,24,43,57,1.95,1.08,1.65,1.46,1.63,25,25,25,13,0,13,75,13,38,12.50,8.75,2.00,3.30,3.55,1.39,2.20,4.04,7.80,1.95,1.80,Estádio Do Vizela (Caldas de Vizela)
1666535400,Oct 23 2022 - 2:30pm,complete,N/A,CS Marítimo,FC Arouca,Manuel Antonio Rodrigues Oliveira,10,0.00,1.25,1.24,1.29,1,1,2,2,1,1,"13","44",5,5,0,0,4,0,0,0,1,3,22,22,4,6,12,11,13,13,46,54,1.74,1.02,1.63,1.75,2.38,63,75,63,13,0,25,63,50,75,10.25,4.50,2.55,3.20,2.65,1.37,1.98,3.88,7.40,1.80,1.95,Estádio dos Barreiros (Funchal (Ilha da Madeira))
1666544400,Oct 23 2022 - 5:00pm,complete,N/A,GD Chaves,Gil Vicente,Manuel Mota,10,0.75,1.00,1.35,0.76,3,1,4,1,0,1,"46,59,67","25",5,1,1,0,2,1,1,0,3,0,24,12,12,3,9,7,7,12,50,50,1.68,1.51,2.58,1.10,2.38,75,75,38,25,0,38,100,25,50,10.75,5.75,2.40,3.30,2.80,1.32,2.14,3.54,6.60,1.91,1.91,Estádio Municipal Eng. Manuel Branco Teixeira (Chaves)
1666553400,Oct 23 2022 - 7:30pm,complete,N/A,Vitória Guimarães,Boavista FC,Fábio José Costa Veríssimo,10,1.75,1.50,1.94,0.82,3,2,5,2,1,1,"19,86,90'3","45'3,71",9,1,3,0,6,1,1,2,2,5,23,6,10,3,9,2,17,19,67,33,1.35,1.31,2.40,0.60,1.63,13,38,25,13,0,25,63,25,50,9.50,5.75,2.05,3.20,3.60,1.42,2.14,4.30,8.20,2.00,1.75,Estádio Dom Afonso Henriques (Guimarães)
1666638900,Oct 24 2022 - 7:15pm,complete,N/A,Rio Ave FC,Portimonense,N/A,10,1.50,1.50,1.59,0.76,1,0,1,1,1,0,"45'3","",3,2,3,0,1,1,2,1,2,0,15,16,5,3,9,9,13,15,66,34,1.13,1.43,1.71,1.18,2.50,25,50,50,38,13,38,88,38,63,10.50,5.75,2.45,3.25,2.90,1.42,2.25,4.33,8.50,1.95,1.80,Estádio do Rio Ave Futebol Clube (Vila do Conde)
1666984500,Oct 28 2022 - 7:15pm,complete,N/A,Paços de Ferreira,CS Marítimo,André Filipe Domingues Narciso,11,0.20,0.20,0.65,0.29,0,1,1,1,0,1,"","28",6,10,2,0,4,0,0,2,0,4,13,17,4,6,7,10,26,12,51,49,1.72,1.27,1.25,1.72,3.50,50,90,70,40,40,30,90,70,90,10.60,7.80,2.15,3.15,3.20,1.36,2.15,3.75,7.50,1.85,1.85,Estádio da Capital do Móvel (Paços de Ferreira)
1667053800,Oct 29 2022 - 2:30pm,complete,N/A,Santa Clara,Porto,Artur Manuel Ribeiro Soares Dias,11,1.00,2.00,1.00,2.35,1,1,2,1,0,1,"83","3",5,6,4,0,1,0,2,2,0,1,10,20,6,5,4,10,13,13,34,66,1.28,2.16,1.28,1.69,2.20,60,80,40,10,0,20,70,30,80,11.60,5.00,10.00,4.80,1.30,1.24,1.80,2.80,5.25,2.00,1.70,Estádio de São Miguel (Ponta Delgada- Ilha de São Miguel- Açores)
1667062800,Oct 29 2022 - 5:00pm,complete,N/A,Benfica,GD Chaves,Luis Miguel Branco Godinho,11,3.00,1.80,2.71,1.35,5,0,5,3,3,0,"2,10,37,81,90'3","",13,2,2,0,2,0,2,0,2,0,24,8,12,3,10,5,17,12,65,35,3.07,1.38,2.75,0.92,3.30,40,80,70,40,30,30,90,70,80,14.00,6.20,1.14,6.60,12.00,1.12,1.43,2.25,3.60,2.15,1.68,Estádio do Sport Lisboa e Benfica (da Luz) (Lisboa)
1667071800,Oct 29 2022 - 7:30pm,complete,N/A,FC Arouca,Sporting CP,Rui Manuel Gomes Costa,11,1.40,1.40,1.88,1.94,1,0,1,0,0,0,"47","",4,11,5,0,3,0,2,3,2,1,15,22,6,8,5,13,12,6,36,64,1.16,1.52,1.21,2.37,3.60,60,90,80,40,30,50,100,70,80,9.00,7.40,6.10,4.20,1.41,1.26,1.80,2.95,5.50,2.00,1.70,Estádio Municipal de Arouca (Arouca)
1667143800,Oct 30 2022 - 3:30pm,complete,N/A,Portimonense,GD Estoril Praia,Gustavo Fernandes Correia,11,1.80,2.00,1.24,0.71,1,1,2,1,0,1,"88","22",10,7,5,0,6,2,2,3,1,7,27,13,10,6,14,5,22,16,55,45,1.53,1.41,2.50,1.40,1.60,20,40,20,0,0,10,70,10,60,11.20,7.40,2.06,3.20,3.40,1.42,2.11,4.33,8.50,1.95,1.80,Estádio Municipal de Portimão (Portimão)
1667143800,Oct 30 2022 - 3:30pm,complete,N/A,Boavista FC,FC Vizela,Tiago Bruno Lopes Martins,11,2.00,1.40,1.76,1.24,2,2,4,3,1,2,"4,78","6,28",6,1,3,0,6,1,0,3,1,6,14,7,6,5,8,2,8,20,63,37,1.43,1.56,1.64,1.08,2.10,50,70,40,0,0,10,60,50,90,10.40,7.20,2.32,3.20,2.84,1.33,2.09,3.80,7.50,1.91,1.91,Estádio do Bessa Século XXI (Porto)
1667152800,Oct 30 2022 - 6:00pm,complete,N/A,Casa Pia,Rio Ave FC,Carlos André Fernandes Macedo,11,1.40,0.60,1.35,0.76,1,0,1,0,0,0,"66","",3,4,2,0,3,0,1,1,1,2,16,14,3,0,10,11,18,22,47,53,1.28,1.22,1.26,1.04,2.40,40,60,40,30,10,10,50,50,90,11.00,6.20,2.09,3.10,3.40,1.44,2.19,4.50,9.50,2.00,1.75,Estádio Nacional (Jamor- Oeiras)
1667161800,Oct 30 2022 - 8:30pm,complete,N/A,Gil Vicente,Sporting Braga,João Pedro Silva Pinheiro,11,1.00,2.40,1.41,2.18,0,1,1,0,0,0,"","67",5,8,4,0,3,0,1,3,0,3,11,18,2,6,7,9,16,16,46,54,1.68,2.04,1.00,1.77,2.90,30,70,50,40,30,60,70,40,70,13.60,5.00,4.15,3.60,1.72,1.22,1.86,2.85,5.50,1.75,2.00,Estádio Cidade de Barcelos (Barcelos)
1667247300,Oct 31 2022 - 8:15pm,complete,N/A,Vitória Guimarães,Famalicão,António Emanuel Carvalho Nobre,11,2.00,0.20,1.94,0.94,3,2,5,1,1,0,"21,56,64","74,83",1,7,4,0,5,1,1,3,1,5,15,14,7,5,6,6,19,20,49,51,1.56,1.43,1.60,1.27,1.70,20,30,20,20,20,30,50,20,50,10.80,6.00,2.18,3.05,3.40,1.44,2.38,4.50,9.50,2.10,1.67,Estádio Dom Afonso Henriques (Guimarães)
1667592900,Nov 04 2022 - 8:15pm,complete,N/A,Gil Vicente,Portimonense,Artur Manuel Ribeiro Soares Dias,12,0.83,1.20,1.41,0.76,1,2,3,2,1,1,"27","12,78",4,3,2,0,1,0,0,2,0,1,22,21,7,7,13,13,12,13,54,46,1.57,1.38,2.04,2.09,1.75,9,37,29,19,0,19,67,29,54,12.60,5.83,2.00,3.35,3.45,1.33,1.95,3.60,7.00,1.82,1.87,Estádio Cidade de Barcelos (Barcelos)
1667662200,Nov 05 2022 - 3:30pm,complete,N/A,FC Vizela,FC Arouca,Miguel Bertolo Nogueira,12,0.80,1.20,1.12,1.29,0,1,1,1,0,1,"","3",11,2,1,0,4,0,1,0,1,3,37,8,9,3,21,4,0,1,47,53,1.89,1.16,2.97,0.95,1.90,40,50,30,20,0,30,50,20,50,9.40,6.20,2.06,3.20,3.30,1.40,1.95,4.20,8.00,1.93,1.75,Estádio Do Vizela (Caldas de Vizela)
1667671200,Nov 05 2022 - 6:00pm,complete,N/A,Porto,Paços de Ferreira,Manuel Antonio Rodrigues Oliveira,12,2.40,0.20,2.65,0.71,4,0,4,3,3,0,"4,31,39,55","",4,6,2,0,3,0,0,2,1,2,24,13,10,0,11,11,16,8,65,35,1.94,1.11,2.34,0.91,3.00,50,70,60,30,30,40,70,50,100,10.40,6.20,1.12,8.50,21.00,1.11,1.44,2.13,3.30,2.50,1.46,Estádio Do Dragão (Porto)
1667680200,Nov 05 2022 - 8:30pm,complete,N/A,Sporting CP,Vitória Guimarães,Manuel Mota,12,2.40,1.40,2.41,1.18,3,0,3,2,2,0,"34,40,55","",11,3,1,0,4,1,1,0,2,3,23,4,8,0,11,4,16,10,63,37,2.44,1.52,2.30,0.35,2.70,40,70,60,40,0,20,70,70,80,12.80,9.20,1.42,4.64,7.20,1.22,1.73,2.95,5.50,2.10,1.63,Estádio José Alvalade (Lisboa)
1667748600,Nov 06 2022 - 3:30pm,complete,N/A,Rio Ave FC,Boavista FC,Rui Manuel Gomes Costa,12,1.80,1.20,1.59,0.82,1,0,1,0,0,0,"64","",4,4,3,0,2,0,1,2,1,1,10,16,4,3,5,11,11,13,45,55,1.25,1.17,1.23,1.36,2.70,40,60,50,40,20,50,80,40,70,6.60,6.20,2.44,3.10,2.88,1.42,2.30,4.50,9.00,1.95,1.80,Estádio do Rio Ave Futebol Clube (Vila do Conde)
1667757600,Nov 06 2022 - 6:00pm,complete,N/A,CS Marítimo,Famalicão,Fábio José Costa Veríssimo,12,0.20,0.17,1.24,0.94,0,0,0,0,0,0,"","",7,6,2,0,2,0,1,1,1,1,25,14,6,3,15,10,19,14,56,44,1.72,1.40,2.09,1.26,2.37,57,65,47,17,17,37,75,37,64,11.70,5.33,2.76,3.15,2.51,1.40,2.25,4.20,8.00,1.91,1.91,Estádio dos Barreiros (Funchal (Ilha da Madeira))
1667757600,Nov 06 2022 - 6:00pm,complete,N/A,Sporting Braga,Casa Pia,Luis Miguel Branco Godinho,12,2.00,2.00,2.41,1.06,0,1,1,1,0,1,"","23",7,1,2,0,3,0,1,1,0,3,30,16,7,4,19,9,13,16,68,32,2.45,1.16,2.71,1.22,2.80,40,60,50,40,30,30,70,50,70,9.80,7.40,1.42,4.55,6.40,1.22,1.73,2.90,5.50,1.95,1.80,Estádio Municipal de Braga (Braga)
1667766600,Nov 06 2022 - 8:30pm,complete,N/A,GD Estoril Praia,Benfica,Nuno Miguel Serrano Almeida,12,1.00,2.60,1.35,2.41,1,5,6,3,0,3,"90'1","25,30,40,67,89",1,11,0,0,0,0,0,0,0,0,10,25,3,10,5,12,15,9,41,59,1.00,1.63,0.92,2.57,1.80,20,60,20,10,0,30,60,20,60,9.00,7.60,8.70,5.40,1.28,1.18,1.55,2.55,4.33,1.95,1.80,Estádio António Coimbra da Mota (Estoril)
1667852100,Nov 07 2022 - 8:15pm,complete,N/A,GD Chaves,Santa Clara,N/A,12,1.20,0.60,1.35,0.29,0,0,0,0,0,0,"","",4,6,4,0,4,0,1,3,1,3,19,24,5,4,9,16,12,12,62,38,1.86,1.16,1.61,1.88,1.80,50,50,20,10,0,10,80,20,60,9.80,8.40,2.42,3.15,2.78,1.45,2.08,4.50,9.50,2.00,1.75,Estádio Municipal Eng. Manuel Branco Teixeira (Chaves)
1668276000,Nov 12 2022 - 6:00pm,complete,N/A,FC Arouca,Rio Ave FC,João Pedro Silva Pinheiro,13,1.67,0.50,1.88,0.76,0,1,1,0,0,0,"","59",10,4,5,0,4,0,1,4,0,4,11,11,2,6,9,5,12,15,63,37,1.17,1.19,1.23,1.41,3.33,59,75,67,50,25,34,83,59,92,8.17,7.33,2.30,3.10,3.20,1.42,2.40,4.33,8.50,1.95,1.80,Estádio Municipal de Arouca (Arouca)
1668285000,Nov 12 2022 - 8:30pm,complete,N/A,Boavista FC,Porto,Luis Miguel Branco Godinho,13,1.83,1.83,1.76,2.35,1,4,5,1,0,1,"90'1","41,64,83,90'2",5,4,4,1,1,0,1,4,0,1,9,25,2,8,5,14,16,14,35,65,1.47,2.08,0.74,2.32,2.42,59,83,42,17,0,25,83,25,92,13.50,4.84,9.00,5.25,1.30,1.22,1.62,2.85,5.00,2.00,1.75,Estádio do Bessa Século XXI (Porto)
1668353400,Nov 13 2022 - 3:30pm,complete,N/A,Vitória Guimarães,CS Marítimo,Bastien Dechepy,13,2.17,0.67,1.94,0.29,1,0,1,0,0,0,"70","",1,6,1,0,2,0,0,1,0,2,13,7,5,5,8,2,11,16,51,49,1.56,1.35,1.36,1.10,2.92,42,58,50,42,42,25,84,50,67,11.16,7.00,1.54,4.04,6.20,1.36,1.96,3.50,7.00,2.05,1.70,Estádio Dom Afonso Henriques (Guimarães)
1668353400,Nov 13 2022 - 3:30pm,complete,N/A,Paços de Ferreira,FC Vizela,Nuno Miguel Serrano Almeida,13,0.17,1.33,0.65,1.24,0,2,2,0,0,0,"","48,53",9,7,1,0,4,0,1,0,2,2,20,26,6,10,10,11,12,17,57,43,1.64,1.48,1.85,2.36,2.34,42,67,42,17,9,25,67,42,75,9.67,8.50,2.80,3.28,2.51,1.36,2.08,3.75,7.00,1.85,1.85,Estádio da Capital do Móvel (Paços de Ferreira)
1668362400,Nov 13 2022 - 6:00pm,complete,N/A,Portimonense,Sporting Braga,Tiago Bruno Lopes Martins,13,1.67,2.50,1.24,2.18,1,2,3,1,1,0,"40","65,83",2,8,2,0,3,2,1,1,0,5,11,24,4,10,5,8,9,9,48,52,1.69,2.00,1.04,2.08,2.67,33,67,42,25,25,42,75,34,75,13.17,6.83,4.24,3.80,1.79,1.25,1.81,3.00,5.00,1.73,2.00,Estádio Municipal de Portimão (Portimão)
1668362400,Nov 13 2022 - 6:00pm,complete,N/A,Casa Pia,GD Chaves,N/A,13,1.67,1.50,1.35,1.35,1,2,3,1,1,0,"28","82,90'1",2,0,4,0,1,0,2,2,1,0,16,16,7,5,6,8,15,12,44,56,1.28,1.30,1.50,1.38,1.75,9,42,25,9,9,9,42,42,75,9.34,5.67,2.19,3.36,3.28,1.36,1.95,3.50,7.00,1.85,1.85,Estádio Nacional (Jamor- Oeiras)
1668362400,Nov 13 2022 - 6:00pm,complete,N/A,Benfica,Gil Vicente,Rui Manuel Gomes Costa,13,3.00,0.80,2.71,0.76,3,1,4,3,2,1,"9,36,53","17",6,0,1,0,1,0,0,1,0,1,19,4,6,3,9,1,13,12,54,46,3.02,1.43,1.66,0.65,3.94,65,90,90,72,34,54,100,72,80,15.50,5.07,1.22,6.40,12.50,1.10,1.55,1.93,3.25,2.20,1.62,Estádio do Sport Lisboa e Benfica (da Luz) (Lisboa)
1668371400,Nov 13 2022 - 8:30pm,complete,N/A,Famalicão,Sporting CP,Artur Manuel Ribeiro Soares Dias,13,1.80,1.17,1.65,1.94,1,2,3,2,0,2,"78","42,45'3",3,5,4,0,7,0,2,2,5,2,17,26,3,11,10,12,14,17,40,60,1.26,1.66,1.32,2.61,2.70,35,72,64,19,9,47,82,44,82,10.10,6.27,4.70,3.90,1.70,1.29,1.79,3.00,5.00,1.80,1.91,Estádio Municipal 22 de Junho (Vila Nova de Famalicão)
1668456900,Nov 14 2022 - 8:15pm,complete,N/A,Santa Clara,GD Estoril Praia,André Filipe Domingues Narciso,13,1.00,1.83,1.00,0.71,3,1,4,3,2,1,"23,43,70","18",6,7,3,0,1,0,1,2,1,0,13,17,9,2,4,15,19,15,42,58,1.28,1.41,1.72,1.45,1.92,58,67,34,0,0,9,75,25,75,9.83,7.50,2.30,3.20,3.30,1.40,2.25,4.00,7.50,1.95,1.80,Estádio de São Miguel (Ponta Delgada- Ilha de São Miguel- Açores)
1671826500,Dec 23 2022 - 8:15pm,complete,N/A,Rio Ave FC,CS Marítimo,Gustavo Fernandes Correia,14,2.00,0.57,1.59,0.29,1,1,2,2,1,1,"45'5","37",5,5,1,0,1,0,0,1,0,1,23,11,7,2,12,7,17,19,54,46,1.24,1.31,1.96,0.93,2.73,38,52,45,38,30,31,77,37,77,9.26,6.12,2.00,3.30,3.60,1.36,2.10,3.75,7.50,1.91,1.91,Estádio do Rio Ave Futebol Clube (Vila do Conde)
1672254000,Dec 28 2022 - 7:00pm,complete,N/A,Portimonense,Casa Pia,Carlos André Fernandes Macedo,14,1.43,2.17,1.24,1.06,1,2,3,2,1,1,"35","31,90'4",1,11,4,0,3,0,2,2,2,1,8,27,3,8,4,12,22,11,47,53,1.60,1.17,0.83,2.22,2.10,47,54,40,17,9,9,77,31,61,8.67,7.67,2.30,3.10,3.20,1.40,2.20,4.20,8.00,1.91,1.91,Estádio Municipal de Portimão (Portimão)
1672262100,Dec 28 2022 - 9:15pm,complete,N/A,Porto,FC Arouca,Tiago Bruno Lopes Martins,14,2.50,1.50,2.65,1.29,5,1,6,3,3,0,"1,18,34,50,70","75",5,3,1,0,3,0,0,1,1,2,22,12,12,3,8,6,13,14,60,40,2.01,1.13,2.50,1.03,2.84,42,75,58,34,17,42,67,50,75,7.83,5.00,1.13,7.50,21.00,1.13,1.46,2.20,3.60,2.25,1.57,Estádio Do Dragão (Porto)
1672333200,Dec 29 2022 - 5:00pm,complete,N/A,Gil Vicente,Santa Clara,João António Ferreira Gonçalves,14,0.71,0.67,1.41,0.29,1,0,1,1,1,0,"41","",4,9,3,0,2,0,1,2,1,1,17,15,5,2,8,9,16,15,53,47,1.64,1.28,1.48,1.12,1.44,23,30,23,7,0,15,47,16,61,11.74,7.71,2.20,3.30,3.50,1.36,2.12,3.60,7.00,1.95,1.80,Estádio Cidade de Barcelos (Barcelos)
1672348500,Dec 29 2022 - 9:15pm,complete,N/A,Sporting CP,Paços de Ferreira,António Emanuel Carvalho Nobre,14,2.50,0.17,2.41,0.71,3,0,3,3,3,0,"3,22,44","",4,3,1,1,4,0,0,2,2,2,19,7,6,3,11,4,18,14,58,42,2.42,1.07,1.80,0.89,3.00,42,84,67,42,9,50,75,50,100,13.50,6.34,1.13,7.20,15.60,1.13,1.42,2.20,3.40,2.50,1.50,Estádio José Alvalade (Lisboa)
1672419600,Dec 30 2022 - 5:00pm,complete,N/A,GD Chaves,Famalicão,Hélder Miguel Azevedo Malheiro,14,1.17,0.29,1.35,0.94,0,2,2,1,0,1,"","18,53",5,3,4,0,5,0,3,1,3,2,24,22,7,8,13,10,18,20,51,49,1.82,1.38,2.10,1.92,1.92,48,55,23,23,15,23,63,23,54,9.38,6.47,2.28,3.09,3.30,1.38,2.08,3.80,7.00,1.91,1.91,Estádio Municipal Eng. Manuel Branco Teixeira (Chaves)
1672426800,Dec 30 2022 - 7:00pm,complete,N/A,FC Vizela,Vitória Guimarães,Rui Manuel Gomes Costa,14,0.67,1.17,1.12,1.18,3,0,3,1,1,0,"43,47,90'4","",1,5,4,0,3,0,1,3,1,2,11,21,6,4,5,14,0,1,37,63,2.07,1.33,1.29,1.94,1.84,25,34,34,17,0,17,67,17,50,12.00,9.33,2.19,3.33,3.25,1.33,2.02,3.60,6.50,1.91,1.91,Estádio Do Vizela (Caldas de Vizela)
1672434900,Dec 30 2022 - 9:15pm,complete,N/A,Sporting Braga,Benfica,João Pedro Silva Pinheiro,14,1.67,2.67,2.41,2.41,3,0,3,2,2,0,"2,32,70","",4,8,1,0,3,0,0,1,1,2,18,19,8,7,7,9,0,2,37,63,2.49,1.79,1.80,1.96,2.34,17,42,33,25,25,25,50,42,75,14.00,5.66,3.78,3.60,1.91,1.25,1.82,2.90,5.25,1.75,2.00,Estádio Municipal de Braga (Braga)
1672949700,Jan 05 2023 - 8:15pm,complete,N/A,Santa Clara,Sporting Braga,Miguel Bertolo Nogueira,15,1.29,2.57,1.00,2.18,0,4,4,2,0,2,"","15,16,53,80",1,6,1,0,1,0,0,1,0,1,4,29,2,11,2,13,16,14,34,66,1.34,2.01,0.59,2.55,3.00,65,86,64,29,22,43,79,50,86,11.28,6.29,4.50,3.50,1.73,1.31,1.95,3.33,6.45,1.91,1.80,Estádio de São Miguel (Ponta Delgada- Ilha de São Miguel- Açores)
1673031600,Jan 06 2023 - 7:00pm,complete,N/A,Benfica,Portimonense,Vitor Jorge Fernandes Ferreira,15,3.00,1.50,2.71,0.76,1,0,1,1,1,0,"9","",12,2,0,0,2,0,0,0,2,0,30,3,13,2,14,1,11,15,71,29,2.82,1.50,3.35,0.47,3.37,37,75,75,52,29,52,100,52,75,15.03,5.10,1.13,7.50,16.00,1.14,1.40,2.05,3.50,2.25,1.57,Estádio do Sport Lisboa e Benfica (da Luz) (Lisboa)
1673039700,Jan 06 2023 - 9:15pm,complete,N/A,Famalicão,FC Vizela,Tiago Bruno Lopes Martins,15,1.50,1.57,1.65,1.24,2,1,3,1,1,0,"45'1,81","49",6,4,3,0,6,0,1,2,2,4,14,8,4,5,8,3,14,11,50,50,1.27,1.60,1.24,1.20,2.32,38,69,48,16,0,48,63,30,85,7.50,7.26,2.35,3.10,3.00,1.38,2.12,4.00,8.00,1.95,1.80,Estádio Municipal 22 de Junho (Vila Nova de Famalicão)
1673105400,Jan 07 2023 - 3:30pm,complete,N/A,FC Arouca,GD Estoril Praia,João Pedro Silva Pinheiro,15,1.43,1.57,1.88,0.71,2,0,2,1,1,0,"28,64","",2,5,2,0,1,0,0,2,0,1,20,19,8,5,10,11,19,18,50,50,1.18,1.42,2.02,1.61,2.50,43,57,43,29,15,36,79,22,79,10.14,7.71,2.20,3.25,3.25,1.36,2.15,3.75,7.50,1.91,1.91,Estádio Municipal de Arouca (Arouca)
1673114400,Jan 07 2023 - 6:00pm,complete,N/A,Vitória Guimarães,Rio Ave FC,André Filipe Domingues Narciso,15,2.29,0.86,1.94,0.76,0,0,0,0,0,0,"","",5,2,3,0,2,0,0,3,1,1,13,12,2,0,8,10,21,21,63,37,1.54,1.22,1.23,0.73,2.50,43,50,43,36,22,14,64,43,79,9.71,6.71,2.00,3.30,3.60,1.40,2.20,4.00,8.25,2.00,1.75,Estádio Dom Afonso Henriques (Guimarães)
1673123400,Jan 07 2023 - 8:30pm,complete,N/A,Casa Pia,Porto,Nuno Miguel Serrano Almeida,15,1.43,2.00,1.35,2.35,0,0,0,0,0,0,"","",5,6,2,1,0,0,2,1,0,0,3,32,0,10,3,17,10,11,26,74,1.31,2.12,0.32,3.24,1.93,36,58,22,15,7,15,50,22,86,11.85,4.28,7.50,4.60,1.36,1.25,1.75,3.10,5.50,2.05,1.70,Estádio Nacional (Jamor- Oeiras)
1673191800,Jan 08 2023 - 3:30pm,complete,N/A,Paços de Ferreira,GD Chaves,Fábio José Costa Veríssimo,15,0.14,1.71,0.65,1.35,1,1,2,0,0,0,"75","67",9,6,6,0,5,0,4,2,2,3,17,14,4,4,12,9,20,21,58,42,1.67,1.32,1.60,1.30,2.50,29,71,50,14,14,14,79,64,71,9.71,6.43,2.58,2.96,2.48,1.37,2.20,3.75,7.50,1.91,1.91,Estádio da Capital do Móvel (Paços de Ferreira)
1673200800,Jan 08 2023 - 6:00pm,complete,N/A,CS Marítimo,Sporting CP,Hélder Miguel Azevedo Malheiro,15,0.33,1.43,1.24,1.94,1,0,1,0,0,0,"55","",3,8,4,0,4,0,0,4,1,3,13,16,3,2,7,10,24,12,37,63,1.78,1.79,1.04,1.31,2.50,62,77,61,7,7,38,85,45,68,13.46,6.14,7.80,4.50,1.37,1.21,1.70,2.55,4.50,1.95,1.80,Estádio dos Barreiros (Funchal (Ilha da Madeira))
1673209800,Jan 08 2023 - 8:30pm,complete,N/A,Boavista FC,Gil Vicente,Manuel Mota,15,1.57,0.67,1.76,0.76,1,0,1,1,1,0,"31","",6,9,3,1,2,0,2,2,1,1,16,19,7,5,8,13,18,9,44,56,1.36,1.30,1.65,1.93,3.17,77,85,77,48,7,32,93,54,84,10.31,5.60,2.55,3.05,2.79,1.36,2.00,3.60,7.25,1.80,1.95,Estádio do Bessa Século XXI (Porto)
1673640900,Jan 13 2023 - 8:15pm,complete,N/A,Portimonense,Santa Clara,Rui Manuel Gomes Costa,16,1.25,0.57,1.24,0.29,0,0,0,0,0,0,"","",6,1,2,0,4,1,1,1,4,1,25,11,5,3,18,8,17,13,75,25,1.50,1.26,2.52,1.05,1.57,32,39,26,0,0,7,66,20,59,11.09,8.57,2.12,3.10,3.50,1.44,2.20,4.33,8.00,2.00,1.73,Estádio Municipal de Portimão (Portimão)
1673710200,Jan 14 2023 - 3:30pm,complete,N/A,FC Vizela,CS Marítimo,Manuel Antonio Rodrigues Oliveira,16,1.00,0.63,1.12,0.29,3,0,3,2,2,0,"3,5,75","",7,4,1,0,4,1,1,0,2,3,19,7,9,0,9,7,15,10,48,52,1.96,1.27,1.97,0.67,2.42,32,52,40,26,19,26,80,32,59,11.67,6.43,1.77,3.40,4.10,1.35,2.10,3.60,7.00,1.95,1.73,Estádio Do Vizela (Caldas de Vizela)
1673719200,Jan 14 2023 - 6:00pm,complete,N/A,Rio Ave FC,Paços de Ferreira,Ricardo Baixinho,16,1.86,0.14,1.59,0.71,0,1,1,1,0,1,"","34",6,2,5,0,6,0,2,3,3,3,23,6,6,3,11,3,22,16,69,31,1.35,1.05,2.01,0.78,2.43,43,57,43,29,14,50,71,14,72,9.00,6.28,1.90,3.30,4.20,1.38,2.20,3.80,7.75,1.95,1.73,Estádio do Rio Ave Futebol Clube (Vila do Conde)
1673728200,Jan 14 2023 - 8:30pm,complete,N/A,Sporting Braga,Boavista FC,André Filipe Domingues Narciso,16,1.86,1.00,2.41,0.82,1,0,1,0,0,0,"46","",1,7,2,0,3,0,1,1,2,1,11,13,5,0,5,11,11,14,48,52,2.39,1.20,1.30,0.96,2.69,24,62,47,31,23,47,69,47,77,9.43,6.17,1.35,4.90,8.00,1.22,1.67,2.80,5.00,1.98,1.72,Estádio Municipal de Braga (Braga)
1673796600,Jan 15 2023 - 3:30pm,complete,N/A,GD Chaves,FC Arouca,Nuno Miguel Serrano Almeida,16,1.00,1.29,1.35,1.29,1,1,2,1,1,0,"17","79",5,11,0,0,1,1,0,0,0,2,22,24,6,9,10,12,6,14,49,51,1.86,1.11,1.74,2.33,2.22,57,71,29,22,7,29,72,29,57,7.57,6.14,2.25,3.20,3.20,1.36,2.10,3.75,7.50,1.87,1.90,Estádio Municipal Eng. Manuel Branco Teixeira (Chaves)
1673805600,Jan 15 2023 - 6:00pm,complete,N/A,Benfica,Sporting CP,Artur Manuel Ribeiro Soares Dias,16,3.00,1.25,2.71,1.94,2,2,4,2,1,1,"37,64","27,53",5,2,2,0,5,0,2,0,1,4,19,11,10,4,6,5,14,16,58,42,2.89,1.73,2.18,1.01,3.44,50,82,76,44,32,51,88,57,88,16.63,6.26,1.83,3.60,4.00,1.22,1.73,2.85,5.00,1.69,2.14,Estádio do Sport Lisboa e Benfica (da Luz) (Lisboa)
1673814600,Jan 15 2023 - 8:30pm,complete,N/A,Porto,Famalicão,Gustavo Fernandes Correia,16,2.57,0.63,2.65,0.94,4,1,5,3,3,0,"10,21,42,48","52",2,5,3,0,1,0,2,1,0,1,22,14,10,3,8,8,22,14,54,46,2.08,1.45,2.31,1.25,3.00,34,68,56,41,34,41,68,48,82,9.50,5.52,1.17,6.50,17.00,1.17,1.46,2.20,4.00,2.36,1.57,Estádio Do Dragão (Porto)
1673895600,Jan 16 2023 - 7:00pm,complete,N/A,GD Estoril Praia,Casa Pia,Hélder Miguel Azevedo Malheiro,16,0.83,2.29,1.35,1.06,2,0,2,1,1,0,"32,77","",4,4,1,0,5,1,0,1,2,4,16,7,4,2,8,5,12,22,54,46,0.98,1.32,1.24,0.90,2.72,54,79,45,31,16,48,93,31,54,6.19,7.57,2.81,3.10,2.59,1.46,2.31,4.55,9.00,1.95,1.80,Estádio António Coimbra da Mota (Estoril)
1673903700,Jan 16 2023 - 9:15pm,complete,N/A,Gil Vicente,Vitória Guimarães,Fábio José Costa Veríssimo,16,1.00,1.00,1.41,1.18,2,1,3,2,1,1,"40,82","17",3,0,2,0,3,1,1,1,2,2,14,19,7,4,5,10,14,12,55,45,1.62,1.41,1.52,1.45,1.96,27,48,41,14,0,20,61,28,67,11.11,8.32,2.41,3.15,3.01,1.37,1.99,3.68,7.56,1.80,1.95,Estádio Cidade de Barcelos (Barcelos)
1674241200,Jan 20 2023 - 7:00pm,complete,N/A,FC Arouca,Portimonense,André Filipe Domingues Narciso,17,1.63,1.29,1.88,0.76,4,0,4,2,2,0,"6,32,76,79","",3,7,0,0,4,1,0,0,3,2,21,5,15,0,5,4,9,11,55,45,1.28,1.35,2.50,0.53,2.44,26,53,47,26,13,34,88,34,66,8.84,6.32,2.22,2.97,2.93,1.37,2.22,3.80,7.30,1.95,1.80,Estádio Municipal de Arouca (Arouca)
1674249300,Jan 20 2023 - 9:15pm,complete,N/A,Sporting CP,FC Vizela,Rui Manuel Gomes Costa,17,2.57,1.38,2.41,1.24,2,1,3,0,0,0,"59,90'5","75",8,1,2,0,1,0,0,2,0,1,26,14,10,6,14,5,10,8,63,37,2.33,1.55,2.74,1.24,2.77,40,88,62,28,0,41,68,61,87,11.57,7.34,1.20,5.10,10.00,1.17,1.62,2.39,4.10,1.95,1.80,Estádio José Alvalade (Lisboa)
1674315000,Jan 21 2023 - 3:30pm,complete,N/A,Paços de Ferreira,Sporting Braga,Cláudio Filipe Ruivo Pereira,17,0.25,2.63,0.65,2.18,1,2,3,0,0,0,"68","58,90'8",4,10,2,1,4,0,1,2,2,2,12,17,5,10,7,6,6,13,39,61,1.66,2.08,1.29,2.21,3.01,38,82,57,32,26,44,76,63,82,13.51,6.63,6.10,4.30,1.40,1.25,1.76,3.10,5.50,2.00,1.75,Estádio da Capital do Móvel (Paços de Ferreira)
1674324000,Jan 21 2023 - 6:00pm,complete,N/A,Santa Clara,Benfica,Fábio José Costa Veríssimo,17,1.13,2.29,1.00,2.41,0,3,3,2,0,2,"","9,16,80",8,9,1,0,2,0,1,0,0,2,13,19,2,7,8,9,14,13,33,67,1.25,1.81,1.03,2.06,2.39,45,66,53,20,7,27,59,40,87,11.42,5.43,9.85,5.25,1.33,1.20,1.60,2.60,4.50,1.95,1.80,Estádio de São Miguel (Ponta Delgada- Ilha de São Miguel- Açores)
1674333000,Jan 21 2023 - 8:30pm,complete,N/A,Vitória Guimarães,Porto,Luis Miguel Branco Godinho,17,2.13,1.88,1.94,2.35,0,1,1,1,0,1,"","45'2",3,6,6,0,4,0,1,5,2,2,13,21,0,3,11,13,20,17,35,65,1.50,2.26,0.93,1.67,2.00,38,50,25,25,19,19,63,19,63,11.76,4.51,8.29,4.76,1.41,1.22,1.68,2.75,5.00,1.95,1.80,Estádio Dom Afonso Henriques (Guimarães)
1674401400,Jan 22 2023 - 3:30pm,complete,N/A,CS Marítimo,GD Estoril Praia,Manuel Mota,17,0.71,1.38,1.24,0.71,1,0,1,1,1,0,"3","",4,5,7,1,2,0,2,6,0,2,14,14,2,2,9,9,21,14,41,59,1.68,1.44,1.09,1.12,1.93,48,60,34,7,0,27,80,15,66,12.20,5.67,2.37,3.21,3.34,1.44,2.30,4.50,9.00,1.98,1.71,Estádio dos Barreiros (Funchal (Ilha da Madeira))
1674410400,Jan 22 2023 - 6:00pm,complete,N/A,Casa Pia,Gil Vicente,Manuel Antonio Rodrigues Oliveira,17,1.38,0.57,1.35,0.76,1,3,4,0,0,0,"46","50,54,62",6,4,2,0,1,0,1,1,0,1,16,14,5,9,10,3,18,17,45,55,1.19,1.39,1.60,1.67,2.07,42,48,42,29,0,22,57,34,66,9.99,4.89,2.28,3.17,3.52,1.42,2.30,4.50,9.00,2.00,1.70,Estádio Nacional (Jamor- Oeiras)
1674419400,Jan 22 2023 - 8:30pm,complete,N/A,Famalicão,Rio Ave FC,João António Ferreira Gonçalves,17,1.71,0.88,1.65,0.76,0,0,0,0,0,0,"","",4,3,0,0,3,0,0,0,1,2,23,18,5,4,13,12,13,16,49,51,1.26,1.16,1.72,1.61,2.60,47,67,61,26,7,35,75,40,87,8.11,6.24,2.15,3.28,3.71,1.44,2.20,4.50,9.50,2.00,1.70,Estádio Municipal 22 de Junho (Vila Nova de Famalicão)
1674504900,Jan 23 2023 - 8:15pm,complete,N/A,Boavista FC,GD Chaves,João Pedro Silva Pinheiro,17,1.75,1.63,1.76,1.35,1,1,2,1,1,0,"27","88",11,5,2,0,4,0,1,1,0,4,21,4,2,2,11,1,11,12,48,52,1.40,1.31,1.21,0.41,2.63,51,75,57,19,13,13,82,63,82,9.63,6.63,2.20,3.20,3.30,1.40,2.30,4.07,8.20,1.95,1.85,Estádio do Bessa Século XXI (Porto)
1674764100,Jan 26 2023 - 8:15pm,complete,N/A,Paços de Ferreira,Benfica,Luis Miguel Branco Godinho,20,0.22,2.38,0.65,2.41,0,2,2,2,0,2,"","7,11",1,10,0,0,2,0,0,0,1,1,18,16,4,7,10,6,0,1,32,68,1.62,1.85,1.40,1.82,2.35,29,64,47,12,12,25,53,46,83,14.06,6.27,11.00,6.30,1.18,1.17,1.48,2.20,4.05,2.22,1.67,Estádio da Capital do Móvel (Paços de Ferreira)
1675006200,Jan 29 2023 - 3:30pm,complete,N/A,FC Vizela,Rio Ave FC,Manuel Antonio Rodrigues Oliveira,18,1.25,0.89,1.12,0.76,3,1,4,1,0,1,"55,64,90'2","45'1",3,8,4,0,2,1,0,4,2,1,18,16,6,4,9,10,14,16,52,48,1.96,1.21,1.59,1.45,2.11,29,47,41,23,6,18,66,29,64,10.49,6.46,2.14,3.30,3.25,1.38,2.17,4.00,8.00,1.90,1.77,Estádio Do Vizela (Caldas de Vizela)
1675006200,Jan 29 2023 - 3:30pm,complete,N/A,Casa Pia,Santa Clara,Gustavo Fernandes Correia,18,1.22,0.63,1.35,0.29,2,1,3,0,0,0,"75,90'4","82",8,3,5,0,3,0,4,1,0,3,21,9,10,4,10,4,12,20,52,48,1.23,1.23,2.37,0.98,1.22,18,23,18,6,0,0,31,23,58,10.35,7.30,2.07,3.25,3.45,1.47,2.29,4.75,10.00,2.10,1.65,Estádio Nacional (Jamor- Oeiras)
1675015200,Jan 29 2023 - 6:00pm,complete,N/A,Boavista FC,Portimonense,João António Ferreira Gonçalves,18,1.67,1.13,1.76,0.76,4,2,6,0,0,0,"50,53,75,81","55,83",7,6,2,0,2,0,1,1,1,1,20,9,9,3,10,5,10,14,45,55,1.38,1.25,2.15,0.97,2.46,40,64,53,24,6,25,95,41,70,11.67,6.21,2.31,3.25,2.96,1.44,2.35,4.50,9.00,1.98,1.71,Estádio do Bessa Século XXI (Porto)
1675024200,Jan 29 2023 - 8:30pm,complete,N/A,Famalicão,GD Estoril Praia,Miguel Bertolo Nogueira,18,1.63,1.22,1.65,0.71,1,0,1,0,0,0,"54","",5,7,3,0,4,0,0,3,0,4,16,19,6,7,10,9,15,13,53,47,1.32,1.40,1.71,1.89,2.07,36,60,43,12,0,36,82,13,71,9.44,5.72,2.19,3.30,3.15,1.44,2.17,4.50,9.00,1.95,1.75,Estádio Municipal 22 de Junho (Vila Nova de Famalicão)
1675109700,Jan 30 2023 - 8:15pm,complete,N/A,Vitória Guimarães,GD Chaves,Hélder Miguel Azevedo Malheiro,18,1.89,1.56,1.94,1.35,2,1,3,1,1,0,"18,90'7","90'5",7,6,3,0,3,0,1,2,1,2,23,21,8,5,11,11,18,10,47,53,1.43,1.21,2.12,1.69,2.06,33,50,33,17,17,11,67,45,61,8.56,6.66,1.94,3.25,3.50,1.38,2.23,4.05,7.60,1.95,1.80,Estádio Dom Afonso Henriques (Guimarães)
1675191600,Jan 31 2023 - 7:00pm,complete,N/A,Paços de Ferreira,Gil Vicente,N/A,18,0.20,0.88,0.65,0.76,2,1,3,1,1,0,"34,58","68",11,12,2,0,2,0,0,2,1,1,27,15,7,6,14,8,14,12,39,61,1.60,1.43,1.99,1.76,2.77,58,78,58,37,5,29,74,55,67,10.75,5.50,2.85,3.15,2.43,1.38,2.14,3.80,7.75,1.95,1.80,Estádio da Capital do Móvel (Paços de Ferreira)
1675199700,Jan 31 2023 - 9:15pm,complete,N/A,FC Arouca,Benfica,Rui Manuel Gomes Costa,18,1.78,2.44,1.88,2.41,0,3,3,1,0,1,"","25,54,80",3,3,3,0,1,0,0,3,0,1,8,7,0,4,8,3,10,11,39,61,1.42,1.84,0.59,1.28,2.61,22,62,50,28,17,44,67,33,84,11.78,5.66,8.50,5.20,1.30,1.20,1.61,2.60,4.50,1.95,1.73,Estádio Municipal de Arouca (Arouca)
1675278000,Feb 01 2023 - 7:00pm,complete,N/A,CS Marítimo,Porto,Fábio José Costa Veríssimo,18,1.00,2.00,1.24,2.35,0,2,2,0,0,0,"","50,55",5,1,5,1,2,1,4,2,2,1,12,11,3,5,9,5,28,15,48,52,1.60,2.19,1.30,1.20,1.93,47,59,30,11,6,24,77,18,59,12.81,4.67,4.56,2.20,1.27,1.20,1.71,2.50,4.50,2.05,1.66,Estádio dos Barreiros (Funchal (Ilha da Madeira))
1675286100,Feb 01 2023 - 9:15pm,complete,N/A,Sporting CP,Sporting Braga,Nuno Miguel Serrano Almeida,18,2.63,2.67,2.41,2.18,5,0,5,1,1,0,"9,46,61,86,90'3","",10,1,1,0,1,1,0,1,1,1,31,5,8,5,14,0,13,13,65,35,2.38,2.09,2.31,0.80,3.41,41,95,83,41,17,59,77,71,89,14.63,5.52,1.98,3.60,3.75,1.28,1.81,3.10,6.00,1.68,2.05,Estádio José Alvalade (Lisboa)
1675524600,Feb 04 2023 - 3:30pm,complete,N/A,Santa Clara,Boavista FC,Vitor Jorge Fernandes Ferreira,19,1.00,0.86,1.00,0.82,2,2,4,1,0,1,"60,86","13,64",7,7,2,0,3,0,2,0,1,2,12,7,4,5,8,2,13,13,64,36,1.22,1.17,1.34,1.03,2.55,48,73,55,26,7,38,68,44,88,8.13,5.92,2.55,3.10,3.00,1.44,2.26,4.33,8.00,2.00,1.73,Estádio de São Miguel (Ponta Delgada- Ilha de São Miguel- Açores)
1675533600,Feb 04 2023 - 6:00pm,complete,N/A,Benfica,Casa Pia,André Filipe Domingues Narciso,19,2.78,2.00,2.71,1.06,3,0,3,2,2,0,"35,43,71","",4,4,0,0,1,0,0,0,1,0,21,11,6,0,11,8,16,7,74,26,2.81,1.27,2.06,0.65,3.25,53,76,70,52,29,46,94,46,76,13.44,6.11,1.17,6.50,17.00,1.16,1.50,2.38,4.33,2.35,1.57,Estádio do Sport Lisboa e Benfica (da Luz) (Lisboa)
1675542600,Feb 04 2023 - 8:30pm,complete,N/A,GD Estoril Praia,Vitória Guimarães,Fábio José Costa Veríssimo,19,1.14,0.88,1.35,1.18,0,1,1,1,0,1,"","11",4,5,1,0,1,0,0,1,0,1,19,15,0,4,16,8,15,23,54,46,1.02,1.42,1.54,1.38,2.62,41,82,46,21,7,41,88,34,66,6.82,8.95,2.70,2.90,2.80,1.44,2.28,4.33,8.00,2.00,1.73,Estádio António Coimbra da Mota (Estoril)
1675611000,Feb 05 2023 - 3:30pm,complete,N/A,GD Chaves,CS Marítimo,Tiago Bruno Lopes Martins,19,1.00,0.56,1.35,0.29,2,1,3,3,2,1,"2,21","27",3,6,6,0,5,0,5,1,3,2,8,21,6,4,2,13,20,11,37,63,1.84,1.20,1.22,1.70,2.50,54,77,35,23,17,29,89,29,71,9.97,6.33,2.25,4.66,2.22,1.38,2.15,4.00,8.00,1.90,1.83,Estádio Municipal Eng. Manuel Branco Teixeira (Chaves)
1675611000,Feb 05 2023 - 3:30pm,complete,N/A,Sporting Braga,Famalicão,Ricardo Baixinho,19,2.00,0.56,2.41,0.94,4,1,5,1,1,0,"22,79,90'1,90'3","71",6,2,3,0,3,0,0,3,1,2,22,12,5,2,12,7,16,9,61,39,2.25,1.43,1.83,0.86,2.42,23,53,36,29,29,36,60,36,71,10.31,5.99,1.29,5.46,9.42,1.16,1.55,2.45,4.20,1.90,1.85,Estádio Municipal de Braga (Braga)
1675620000,Feb 05 2023 - 6:00pm,complete,N/A,Porto,FC Vizela,Cláudio Filipe Ruivo Pereira,19,2.63,1.22,2.65,1.24,2,0,2,1,1,0,"41,86","",7,5,2,0,2,0,2,0,1,1,20,14,3,3,13,8,15,9,62,38,2.11,1.52,1.73,1.10,3.23,53,83,66,37,25,43,66,66,95,8.30,6.47,1.25,5.75,13.00,1.16,1.57,2.38,3.75,2.05,1.72,Estádio Do Dragão (Porto)
1675629000,Feb 05 2023 - 8:30pm,complete,N/A,Gil Vicente,FC Arouca,Artur Manuel Ribeiro Soares Dias,19,1.22,1.25,1.41,1.29,1,1,2,2,1,1,"37","30",13,4,2,0,3,0,0,2,1,2,21,13,8,7,10,6,14,10,54,46,1.61,1.26,2.18,1.50,2.14,48,60,36,18,7,36,60,25,65,9.77,5.42,2.62,3.10,2.80,1.36,2.20,3.75,7.00,1.80,1.91,Estádio Cidade de Barcelos (Barcelos)
1675710000,Feb 06 2023 - 7:00pm,complete,N/A,Portimonense,Paços de Ferreira,Miguel Bertolo Nogueira,19,1.22,0.50,1.24,0.71,1,0,1,0,0,0,"90'8","",10,2,1,0,2,1,0,1,1,2,19,8,5,5,12,3,15,16,68,32,1.61,1.02,1.74,1.05,2.14,41,60,42,13,7,31,71,18,71,10.07,7.78,1.78,3.35,4.50,1.40,2.20,4.07,8.20,2.00,1.80,Estádio Municipal de Portimão (Portimão)
1675718100,Feb 06 2023 - 9:15pm,complete,N/A,Rio Ave FC,Sporting CP,Manuel Mota,19,1.63,1.22,1.59,1.94,0,1,1,0,0,0,"","84",4,2,1,0,3,0,1,0,1,2,8,10,2,2,6,7,10,14,37,63,1.43,1.65,0.82,1.04,2.45,47,58,46,24,12,41,77,35,70,10.25,7.10,6.20,4.40,1.45,1.23,1.61,2.77,5.05,1.85,1.95,Estádio do Rio Ave Futebol Clube (Vila do Conde)
1675965600,Feb 09 2023 - 6:00pm,complete,N/A,GD Estoril Praia,Boavista FC,Manuel Antonio Rodrigues Oliveira,14,1.00,0.88,1.35,0.82,2,1,3,1,0,1,"49,76","4",11,0,2,0,2,1,0,2,2,1,27,5,15,4,12,1,13,15,64,36,1.08,1.15,3.46,0.84,2.63,38,76,38,32,13,44,82,38,69,6.75,6.38,2.30,3.10,3.10,1.43,2.19,3.80,7.50,1.95,1.80,Estádio António Coimbra da Mota (Estoril)
1676060100,Feb 10 2023 - 8:15pm,complete,N/A,FC Vizela,GD Chaves,N/A,20,1.44,1.40,1.12,1.35,0,0,0,0,0,0,"","",5,6,3,0,3,0,0,3,2,1,21,21,4,8,12,10,14,15,58,42,1.92,1.26,1.74,2.05,2.31,36,62,47,16,5,16,79,46,68,9.90,6.42,1.83,3.20,3.80,1.36,2.15,3.75,7.50,1.90,1.83,Estádio Do Vizela (Caldas de Vizela)
1676138400,Feb 11 2023 - 6:00pm,complete,N/A,FC Arouca,Santa Clara,N/A,20,1.60,0.56,1.88,0.29,1,0,1,0,0,0,"49","",3,3,3,0,4,0,1,2,2,2,12,5,6,0,5,4,18,11,59,41,1.33,1.20,1.41,0.63,2.11,26,46,41,20,10,20,62,36,67,8.79,7.74,2.16,3.15,3.30,1.42,2.19,4.33,8.50,2.00,1.75,Estádio Municipal de Arouca (Arouca)
1676147400,Feb 11 2023 - 8:30pm,complete,N/A,Vitória Guimarães,Portimonense,João Pedro Silva Pinheiro,20,2.00,1.00,1.94,0.76,1,0,1,1,1,0,"22","",5,2,2,0,2,0,0,2,1,1,13,11,4,5,6,6,12,8,49,51,1.50,1.22,1.23,1.28,2.24,26,43,43,27,16,22,75,37,53,10.21,6.18,1.88,3.40,3.90,1.38,2.11,4.00,8.00,2.05,1.70,Estádio Dom Afonso Henriques (Guimarães)
1676215800,Feb 12 2023 - 3:30pm,complete,N/A,Famalicão,Gil Vicente,Manuel Antonio Rodrigues Oliveira,20,1.78,0.78,1.65,0.76,0,1,1,0,0,0,"","51",4,6,1,0,6,0,0,1,1,5,22,21,6,4,14,13,17,24,59,41,1.37,1.46,2.12,1.61,2.61,56,67,67,34,0,39,78,39,73,9.56,4.56,2.27,3.30,3.22,1.36,2.18,3.75,7.50,1.91,1.91,Estádio Municipal 22 de Junho (Vila Nova de Famalicão)
1676224800,Feb 12 2023 - 6:00pm,complete,N/A,Sporting CP,Porto,Artur Manuel Ribeiro Soares Dias,20,2.67,2.10,2.41,2.35,1,2,3,0,0,0,"90'7","60,90'4",8,4,4,0,1,0,1,3,1,0,21,12,7,4,10,7,11,12,56,44,2.37,2.09,2.02,1.30,2.77,37,85,55,32,11,32,74,49,80,13.89,4.24,2.85,3.32,2.49,1.33,2.10,3.50,6.50,1.80,1.95,Estádio José Alvalade (Lisboa)
1676233800,Feb 12 2023 - 8:30pm,complete,N/A,CS Marítimo,Sporting Braga,Rui Manuel Gomes Costa,20,0.89,2.40,1.24,2.18,1,2,3,3,1,2,"38","40,45'3",5,5,2,1,3,0,0,3,0,3,21,12,6,3,12,7,10,15,53,47,1.57,1.96,1.92,1.30,2.74,42,73,57,25,20,41,74,52,73,12.51,6.13,6.65,4.52,1.46,1.25,1.74,3.10,6.00,1.91,1.91,Estádio dos Barreiros (Funchal (Ilha da Madeira))
1676314800,Feb 13 2023 - 7:00pm,complete,N/A,Rio Ave FC,GD Estoril Praia,Gustavo Fernandes Correia,20,1.44,1.10,1.59,0.71,2,0,2,0,0,0,"65,90'5","",2,9,4,0,2,0,0,4,0,2,11,13,3,3,5,6,26,15,49,51,1.36,1.45,0.88,0.97,1.85,32,42,21,16,6,27,74,6,63,9.92,5.97,2.22,3.29,3.64,1.47,2.48,4.75,9.50,2.00,1.75,Estádio do Rio Ave Futebol Clube (Vila do Conde)
1676322900,Feb 13 2023 - 9:15pm,complete,N/A,Boavista FC,Casa Pia,Manuel Mota,20,1.80,1.78,1.76,1.06,0,0,0,0,0,0,"","",7,3,2,1,2,0,1,2,2,0,12,8,5,2,6,5,10,13,58,42,1.45,1.20,1.52,0.87,2.72,57,74,58,26,16,22,85,36,79,10.59,6.87,2.43,3.07,3.31,1.47,2.26,4.75,9.50,2.00,1.75,Estádio do Bessa Século XXI (Porto)
1676664900,Feb 17 2023 - 8:15pm,complete,N/A,Gil Vicente,FC Vizela,Ricardo Baixinho,21,1.20,1.10,1.41,1.24,1,1,2,0,0,0,"55","87",10,2,4,1,4,0,0,5,1,3,17,14,7,5,3,6,16,11,62,38,1.66,1.48,1.57,1.35,2.05,45,65,35,10,0,30,55,30,75,10.40,6.60,2.62,3.22,2.77,1.33,2.15,3.60,7.00,1.75,1.93,Estádio Cidade de Barcelos (Barcelos)
1676743200,Feb 18 2023 - 6:00pm,complete,N/A,GD Estoril Praia,Paços de Ferreira,Nuno Miguel Serrano Almeida,21,1.22,0.44,1.35,0.71,1,3,4,2,0,2,"50","16,26,64",5,7,0,0,3,0,0,0,1,2,14,18,5,6,5,5,16,20,47,53,1.35,1.02,1.28,1.32,2.50,39,73,39,22,11,44,84,22,67,8.00,7.00,1.96,3.48,3.90,1.36,2.09,4.00,7.50,2.00,1.73,Estádio António Coimbra da Mota (Estoril)
1676743200,Feb 18 2023 - 6:00pm,complete,N/A,Portimonense,CS Marítimo,Luis Miguel Branco Godinho,21,1.40,0.50,1.24,0.29,2,1,3,1,0,1,"84,90'1","13",8,1,3,0,3,0,2,1,1,2,12,9,4,3,4,3,19,20,53,47,1.63,1.25,1.12,0.76,2.40,45,65,45,15,15,30,75,30,70,11.20,7.00,1.96,3.48,3.90,1.36,2.09,3.50,7.00,1.91,1.80,Estádio Municipal de Portimão (Portimão)
1676752200,Feb 18 2023 - 8:30pm,complete,N/A,Porto,Rio Ave FC,Vitor Jorge Fernandes Ferreira,21,2.67,0.80,2.65,0.76,1,0,1,1,1,0,"44","",8,2,2,0,3,0,0,2,2,1,15,12,5,5,7,7,19,16,59,41,2.06,1.24,1.52,1.27,3.20,47,75,64,48,27,33,75,59,90,9.39,5.62,1.22,6.40,13.00,1.19,1.60,2.45,4.20,2.50,1.46,Estádio Do Dragão (Porto)
1676820600,Feb 19 2023 - 3:30pm,complete,N/A,Santa Clara,Famalicão,André Filipe Domingues Narciso,21,1.00,0.50,1.00,0.94,1,3,4,0,0,0,"75","48,82,90'4",3,6,2,1,3,1,1,2,2,2,17,18,8,8,6,5,22,19,39,61,1.23,1.37,1.79,1.67,2.70,55,75,55,35,20,30,70,45,80,9.10,5.80,2.69,3.00,2.53,1.50,2.30,4.40,9.25,2.05,1.68,Estádio de São Miguel (Ponta Delgada- Ilha de São Miguel- Açores)
1676829600,Feb 19 2023 - 6:00pm,complete,N/A,Sporting Braga,FC Arouca,Fábio José Costa Veríssimo,21,2.11,1.22,2.41,1.29,2,0,2,1,1,0,"1,81","",4,3,1,0,4,0,1,0,1,3,8,14,5,4,2,6,14,10,50,50,2.21,1.29,1.21,1.17,2.61,45,67,39,28,22,39,67,39,67,9.67,5.67,1.34,4.65,7.10,1.21,1.71,2.60,4.60,1.90,1.78,Estádio Municipal de Braga (Braga)
1676838600,Feb 19 2023 - 8:30pm,complete,N/A,Casa Pia,Vitória Guimarães,Cláudio Filipe Ruivo Pereira,21,1.40,1.11,1.35,1.18,0,0,0,0,0,0,"","",3,4,3,0,2,0,0,3,1,1,12,10,3,0,4,5,14,12,45,55,1.34,1.42,0.87,0.74,1.91,32,48,43,11,0,11,44,37,74,9.83,7.79,2.40,3.05,2.82,1.43,2.23,4.20,8.75,1.98,1.72,Estádio Nacional (Jamor- Oeiras)
1676919600,Feb 20 2023 - 7:00pm,complete,N/A,GD Chaves,Sporting CP,António Emanuel Carvalho Nobre,21,1.22,1.40,1.35,1.94,2,3,5,2,1,1,"34,90'6","8,61,70",4,4,2,0,3,0,0,2,1,2,14,17,6,9,5,2,13,16,42,58,1.77,1.59,1.36,1.83,2.35,59,74,41,16,5,31,80,31,73,10.16,7.43,7.00,4.50,1.40,1.18,1.75,2.50,4.33,1.75,2.00,Estádio Municipal Eng. Manuel Branco Teixeira (Chaves)
1676927700,Feb 20 2023 - 9:15pm,complete,N/A,Benfica,Boavista FC,Hélder Miguel Azevedo Malheiro,21,2.80,0.78,2.71,0.82,3,1,4,0,0,0,"55,82,90'2","58",8,5,1,0,5,0,0,1,2,3,19,6,11,3,5,2,11,14,71,29,2.74,1.12,2.56,0.68,3.34,47,79,73,52,26,52,84,58,90,12.56,5.12,1.21,6.50,10.00,1.18,1.57,2.45,4.00,2.50,1.50,Estádio do Sport Lisboa e Benfica (da Luz) (Lisboa)
1677269700,Feb 24 2023 - 8:15pm,complete,N/A,Famalicão,Portimonense,Fábio José Costa Veríssimo,22,1.60,0.90,1.65,0.76,1,0,1,0,0,0,"85","",7,8,1,1,3,0,0,2,0,3,27,19,7,6,15,10,7,8,52,48,1.44,1.22,2.24,1.76,2.25,25,50,50,20,5,35,75,30,65,8.80,5.10,1.92,3.40,3.80,1.40,2.25,4.20,8.50,1.98,1.78,Estádio Municipal 22 de Junho (Vila Nova de Famalicão)
1677339000,Feb 25 2023 - 3:30pm,complete,N/A,FC Arouca,Casa Pia,Gustavo Fernandes Correia,22,1.73,1.70,1.88,1.06,2,0,2,0,0,0,"81,90'3","",1,11,2,0,3,1,0,2,1,3,12,14,4,4,5,8,11,12,60,40,1.34,1.17,1.07,1.32,2.51,34,62,53,28,14,33,77,33,76,7.62,6.77,2.30,3.00,3.10,1.38,2.40,3.90,7.75,1.95,1.80,Estádio Municipal de Arouca (Arouca)
1677348000,Feb 25 2023 - 6:00pm,complete,N/A,CS Marítimo,Santa Clara,Artur Manuel Ribeiro Soares Dias,22,0.80,0.50,1.24,0.29,3,1,4,1,0,1,"61,72,78","18",9,4,3,0,5,0,2,1,3,2,35,13,9,6,20,6,9,20,72,28,1.60,1.15,2.97,1.38,1.55,35,40,30,0,0,15,55,25,50,10.70,7.70,2.10,3.10,3.40,1.42,2.40,4.00,8.00,2.00,1.78,Estádio dos Barreiros (Funchal (Ilha da Madeira))
1677357000,Feb 25 2023 - 8:30pm,complete,N/A,FC Vizela,Benfica,Nuno Miguel Serrano Almeida,22,1.40,2.50,1.12,2.41,0,2,2,1,0,1,"","38,90'5",6,5,3,1,2,0,1,3,2,0,11,16,5,7,5,5,14,10,40,60,1.90,1.79,1.26,1.71,2.10,15,50,45,15,5,30,65,25,65,13.20,5.40,8.00,4.90,1.37,1.22,1.65,2.85,5.00,1.95,1.80,Estádio Do Vizela (Caldas de Vizela)
1677425400,Feb 26 2023 - 3:30pm,complete,N/A,Rio Ave FC,GD Chaves,João António Ferreira Gonçalves,22,1.60,1.36,1.59,1.35,1,0,1,0,0,0,"53","",4,8,5,0,3,0,2,3,3,0,13,15,4,7,8,5,17,12,39,61,1.31,1.33,1.24,1.56,2.09,38,57,33,15,10,20,67,42,67,8.09,5.98,2.50,3.00,2.80,1.42,2.23,4.33,8.50,1.95,1.80,Estádio do Rio Ave Futebol Clube (Vila do Conde)
1677434400,Feb 26 2023 - 6:00pm,complete,N/A,Paços de Ferreira,Boavista FC,Manuel Antonio Rodrigues Oliveira,22,0.45,0.70,0.65,0.82,1,3,4,1,0,1,"61","28,47,57",9,10,4,0,7,0,1,3,2,5,19,21,6,6,10,9,17,19,62,38,1.63,1.07,1.91,1.67,2.63,48,76,53,25,10,24,62,62,82,10.15,6.76,2.90,3.10,2.38,1.38,2.20,3.80,7.00,1.95,1.80,Estádio da Capital do Móvel (Paços de Ferreira)
1677443400,Feb 26 2023 - 8:30pm,complete,N/A,Porto,Gil Vicente,Rui Manuel Gomes Costa,22,2.70,1.00,2.65,0.76,1,2,3,3,1,2,"4","26,45'2",3,0,4,2,5,0,2,4,1,4,13,12,5,5,8,5,14,14,40,60,2.01,1.48,1.58,1.42,3.25,55,75,70,50,20,40,85,55,80,10.80,4.60,1.14,7.50,13.00,1.15,1.40,2.30,3.79,2.20,1.62,Estádio Do Dragão (Porto)
1677524400,Feb 27 2023 - 7:00pm,complete,N/A,Sporting CP,GD Estoril Praia,Manuel Mota,22,2.40,1.00,2.41,0.71,2,0,2,1,1,0,"40,51","",14,5,0,0,0,0,0,0,0,0,23,5,9,0,12,5,9,6,61,39,2.34,1.41,2.65,0.55,2.61,34,78,54,25,5,29,72,45,82,13.90,5.78,1.22,6.50,9.00,1.16,1.54,2.27,4.20,2.15,1.68,Estádio José Alvalade (Lisboa)
1677532500,Feb 27 2023 - 9:15pm,complete,N/A,Vitória Guimarães,Sporting Braga,Luis Miguel Branco Godinho,22,2.09,2.45,1.94,2.18,2,1,3,2,2,0,"31,41","88",3,5,5,1,3,2,3,3,3,2,13,21,3,5,7,10,16,13,46,54,1.48,1.90,1.07,1.64,2.69,36,59,55,32,27,37,73,46,64,11.36,6.09,3.60,3.40,1.95,1.33,1.93,3.40,6.50,1.80,1.95,Estádio Dom Afonso Henriques (Guimarães)
1677870000,Mar 03 2023 - 7:00pm,complete,N/A,Boavista FC,FC Arouca,Luis Miguel Branco Godinho,23,1.73,1.10,1.76,1.29,0,0,0,0,0,0,"","",6,1,2,0,5,0,1,1,1,4,17,9,4,2,11,6,8,18,48,52,1.46,1.28,1.67,0.89,2.57,62,77,43,24,14,25,72,38,71,10.53,6.08,2.34,3.22,3.15,1.35,2.25,3.80,7.75,1.80,1.86,Estádio do Bessa Século XXI (Porto)
1677878100,Mar 03 2023 - 9:15pm,complete,N/A,Benfica,Famalicão,Artur Manuel Ribeiro Soares Dias,23,2.82,0.73,2.71,0.94,2,0,2,1,1,0,"36,90'3","",7,2,1,0,3,0,0,1,0,3,20,8,8,0,7,7,13,13,64,36,2.72,1.40,2.17,0.60,3.37,50,78,68,59,36,46,73,55,82,13.36,5.09,1.25,5.95,11.50,1.19,1.65,2.22,4.75,2.25,1.54,Estádio do Sport Lisboa e Benfica (da Luz) (Lisboa)
1677943800,Mar 04 2023 - 3:30pm,complete,N/A,GD Estoril Praia,FC Vizela,Cláudio Filipe Ruivo Pereira,23,1.10,1.09,1.35,1.24,0,3,3,2,0,2,"","15,41,83",8,0,3,0,0,0,1,2,0,0,11,7,3,4,5,2,11,15,53,47,1.34,1.47,1.13,0.91,2.54,53,86,38,20,5,34,73,48,76,7.44,6.80,2.75,3.20,2.65,1.38,2.09,3.92,7.85,1.87,1.82,Estádio António Coimbra da Mota (Estoril)
1677952800,Mar 04 2023 - 6:00pm,complete,N/A,Portimonense,Sporting CP,Gustavo Fernandes Correia,23,1.55,1.55,1.24,1.94,0,1,1,0,0,0,"","77",3,7,4,0,2,0,2,2,2,0,7,22,5,8,2,10,10,15,33,67,1.58,1.61,0.98,2.17,2.37,50,64,50,14,9,27,69,41,82,11.54,7.45,7.75,5.00,1.37,1.21,1.63,2.71,4.85,1.99,1.78,Estádio Municipal de Portimão (Portimão)
1677961800,Mar 04 2023 - 8:30pm,complete,N/A,GD Chaves,Porto,Manuel Antonio Rodrigues Oliveira,23,1.10,2.18,1.35,2.35,1,3,4,2,0,2,"53","15,43,90'6",4,8,7,2,5,0,1,8,2,3,14,14,5,6,4,5,19,18,33,67,1.73,2.02,1.19,1.54,2.24,58,77,29,19,10,24,77,24,67,10.32,4.93,9.50,5.50,1.30,1.20,1.61,2.33,4.50,2.10,1.65,Estádio Municipal Eng. Manuel Branco Teixeira (Chaves)
1678030200,Mar 05 2023 - 3:30pm,complete,N/A,Gil Vicente,CS Marítimo,Hélder Miguel Azevedo Malheiro,23,1.18,0.45,1.41,0.29,2,0,2,1,1,0,"23,82","",12,8,3,0,3,0,1,2,0,3,12,20,6,7,1,8,16,11,46,54,1.66,1.20,1.15,1.94,2.46,50,69,46,18,14,41,73,32,69,11.82,6.27,2.01,3.42,3.62,1.36,1.93,3.75,7.50,1.88,1.80,Estádio Cidade de Barcelos (Barcelos)
1678039200,Mar 05 2023 - 6:00pm,complete,N/A,Santa Clara,Vitória Guimarães,Manuel Mota,23,0.91,1.10,1.00,1.18,1,3,4,3,0,3,"64","22,30,44",7,6,3,0,1,0,1,2,0,1,20,14,6,5,12,7,16,9,58,42,1.29,1.35,1.92,1.38,2.46,52,71,62,23,0,24,72,43,76,8.94,7.42,2.90,3.05,2.48,1.44,2.43,4.33,8.50,2.00,1.73,Estádio de São Miguel (Ponta Delgada- Ilha de São Miguel- Açores)
1678048200,Mar 05 2023 - 8:30pm,complete,N/A,Sporting Braga,Rio Ave FC,Nuno Miguel Serrano Almeida,23,2.20,0.73,2.41,0.76,2,0,2,1,1,0,"36,79","",9,4,1,0,0,0,1,0,0,0,22,11,12,5,3,1,9,8,64,36,2.11,1.24,2.61,1.05,2.53,33,58,43,33,20,20,67,43,77,9.87,6.06,1.33,4.50,9.00,1.24,1.80,2.96,5.40,2.07,1.72,Estádio Municipal de Braga (Braga)
1678133700,Mar 06 2023 - 8:15pm,complete,N/A,Casa Pia,Paços de Ferreira,João Pedro Silva Pinheiro,23,1.36,0.70,1.35,0.71,2,1,3,1,0,1,"67,76","45'4",4,2,3,0,2,0,2,1,0,2,10,15,5,3,3,7,15,20,40,60,1.30,1.05,1.20,1.25,1.98,34,48,39,20,5,25,40,28,77,9.87,6.71,2.05,3.10,3.70,1.44,2.34,4.33,8.00,2.10,1.65,Estádio Pina Manique (Lisboa)
1678479300,Mar 10 2023 - 8:15pm,complete,N/A,Porto,GD Estoril Praia,Gustavo Fernandes Correia,24,2.45,0.92,2.65,0.71,3,2,5,3,2,1,"9,31,73","27,67",6,3,3,0,4,1,1,2,2,3,14,14,6,4,7,7,22,11,63,37,1.97,1.34,1.78,1.13,2.69,35,70,45,27,18,36,83,32,79,10.92,5.56,1.17,6.00,15.00,1.18,1.57,2.35,4.33,2.30,1.53,Estádio Do Dragão (Porto)
1678548600,Mar 11 2023 - 3:30pm,complete,N/A,GD Chaves,Portimonense,Manuel Mota,24,1.00,0.82,1.35,0.76,2,0,2,1,1,0,"31,73","",3,7,4,1,1,0,0,5,1,0,14,20,9,3,1,14,11,12,36,64,1.68,1.27,1.53,1.61,2.41,46,64,41,27,9,32,87,32,60,9.54,6.46,2.22,3.35,3.35,1.42,2.15,4.33,9.00,1.95,1.73,Estádio Municipal Eng. Manuel Branco Teixeira (Chaves)
1678548600,Mar 11 2023 - 3:30pm,complete,N/A,Paços de Ferreira,Santa Clara,António Emanuel Carvalho Nobre,24,0.42,0.45,0.65,0.29,1,0,1,0,0,0,"54","",9,2,5,0,6,0,1,4,1,5,16,12,5,5,3,5,14,12,60,40,1.66,1.17,1.28,1.24,2.02,39,55,39,13,4,9,56,47,65,11.31,7.87,2.42,3.35,2.95,1.44,2.20,4.50,9.50,1.98,1.73,Estádio da Capital do Móvel (Paços de Ferreira)
1678557600,Mar 11 2023 - 6:00pm,complete,N/A,Vitória Guimarães,FC Arouca,Hélder Miguel Azevedo Malheiro,24,2.17,1.09,1.94,1.29,0,2,2,0,0,0,"","50,77",12,0,2,0,2,0,1,1,2,0,37,11,9,5,18,5,8,7,56,44,1.44,1.24,2.90,1.22,2.01,44,53,30,18,13,27,66,26,53,8.47,6.59,2.37,2.43,3.65,1.42,2.25,4.33,9.00,1.95,1.73,Estádio Dom Afonso Henriques (Guimarães)
1678566600,Mar 11 2023 - 8:30pm,complete,N/A,FC Vizela,Sporting Braga,Artur Manuel Ribeiro Soares Dias,24,1.27,2.25,1.12,2.18,0,4,4,1,0,1,"","43,49,65,75",3,3,2,0,2,0,0,2,0,2,15,14,2,8,11,4,7,10,42,58,1.84,1.88,1.21,1.80,2.75,34,69,60,30,17,43,78,38,69,12.08,6.35,3.90,3.40,1.95,1.33,1.95,3.60,7.00,1.83,1.85,Estádio Do Vizela (Caldas de Vizela)
1678635000,Mar 12 2023 - 3:30pm,complete,N/A,Rio Ave FC,Gil Vicente,Miguel Bertolo Nogueira,24,1.73,1.18,1.59,0.76,2,1,3,2,2,0,"15,45'3","61",3,11,4,1,3,0,1,4,1,2,15,18,6,7,4,5,10,13,40,60,1.31,1.47,1.24,1.85,2.37,50,55,46,32,5,32,69,32,64,9.09,5.64,2.37,3.00,2.68,1.40,2.12,4.00,8.00,1.85,1.92,Estádio do Rio Ave Futebol Clube (Vila do Conde)
1678644000,Mar 12 2023 - 6:00pm,complete,N/A,CS Marítimo,Benfica,Fábio José Costa Veríssimo,24,1.00,2.55,1.24,2.41,0,3,3,1,0,1,"","45'3,50,57",2,10,2,0,2,0,1,1,1,1,9,22,3,11,2,5,17,12,44,56,1.73,1.78,0.80,2.28,2.18,32,64,45,9,5,32,69,32,69,13.36,5.45,9.20,5.35,1.23,1.20,1.66,2.70,5.00,2.15,1.68,Estádio dos Barreiros (Funchal (Ilha da Madeira))
1678653000,Mar 12 2023 - 8:30pm,complete,N/A,Sporting CP,Boavista FC,João Pedro Silva Pinheiro,24,2.45,0.91,2.41,0.82,3,0,3,2,2,0,"17,43,90'3","",4,1,2,0,1,0,1,1,0,1,17,3,6,0,10,2,10,8,61,39,2.37,1.13,1.86,0.27,3.09,46,87,73,41,9,32,69,69,91,12.72,6.09,1.20,5.60,10.00,1.20,1.63,2.65,4.75,2.25,1.65,Estádio José Alvalade (Lisboa)
1678738500,Mar 13 2023 - 8:15pm,complete,N/A,Famalicão,Casa Pia,N/A,24,1.73,1.55,1.65,1.06,1,0,1,1,1,0,"36","",3,5,4,0,3,0,1,3,0,3,19,18,4,4,13,9,14,15,51,49,1.51,1.18,1.66,1.50,2.05,32,55,45,14,5,32,64,23,73,8.72,6.00,2.25,3.20,3.30,1.50,2.40,4.75,9.50,2.05,1.70,Estádio Municipal 22 de Junho (Vila Nova de Famalicão)
1679084100,Mar 17 2023 - 8:15pm,complete,N/A,Santa Clara,Rio Ave FC,Gustavo Fernandes Correia,25,0.83,0.67,1.00,0.76,0,2,2,0,0,0,"","51,73",2,7,4,0,2,0,2,2,1,1,10,18,2,9,7,5,11,19,40,60,1.34,1.22,0.92,1.79,2.67,59,75,59,38,4,21,71,46,84,9.08,5.91,2.65,2.85,2.80,1.50,2.35,4.77,9.85,2.05,1.72,Estádio de São Miguel (Ponta Delgada- Ilha de São Miguel- Açores)
1679153400,Mar 18 2023 - 3:30pm,complete,N/A,Portimonense,FC Vizela,N/A,25,1.42,1.25,1.24,1.24,0,1,1,0,0,0,"","90'4",4,6,2,1,2,0,2,1,0,2,16,10,4,5,11,5,11,18,33,67,1.53,1.42,1.43,1.41,2.04,46,67,38,4,0,17,54,38,84,9.16,7.17,2.85,3.20,2.55,1.40,2.20,4.00,8.00,1.91,1.80,Estádio Municipal de Portimão (Portimão)
1679162400,Mar 18 2023 - 6:00pm,complete,N/A,FC Arouca,Paços de Ferreira,Vitor Jorge Fernandes Ferreira,25,1.83,0.64,1.88,0.71,1,1,2,0,0,0,"55","75",6,7,3,0,3,0,1,2,1,2,18,15,6,5,8,6,16,13,57,43,1.32,1.07,1.61,1.35,2.65,35,66,53,30,13,39,70,39,87,7.94,6.81,2.10,3.30,3.55,1.40,2.19,4.00,7.50,1.91,1.80,Estádio Municipal de Arouca (Arouca)
1679162400,Mar 18 2023 - 6:00pm,complete,N/A,Benfica,Vitória Guimarães,André Filipe Domingues Narciso,25,2.83,1.27,2.71,1.18,5,1,6,3,3,0,"13,28,36,69,89","79",7,3,1,0,3,0,0,1,2,1,13,7,6,5,5,1,12,14,59,41,2.68,1.35,1.60,0.87,3.01,43,74,69,43,17,43,83,43,78,13.20,6.02,1.17,7.00,16.00,1.18,1.55,2.29,4.33,2.38,1.53,Estádio do Sport Lisboa e Benfica (da Luz) (Lisboa)
1679171400,Mar 18 2023 - 8:30pm,complete,N/A,GD Estoril Praia,GD Chaves,Rui Manuel Gomes Costa,25,1.00,1.25,1.35,1.35,0,2,2,1,0,1,"","31,71",3,7,3,1,2,0,0,4,0,2,10,16,4,6,3,7,18,18,51,49,1.32,1.35,1.03,1.59,2.50,44,79,44,18,9,32,84,47,70,8.60,5.99,2.05,3.20,3.50,1.37,2.15,3.92,7.60,1.95,1.82,Estádio António Coimbra da Mota (Estoril)
1679239800,Mar 19 2023 - 3:30pm,complete,N/A,Casa Pia,CS Marítimo,António Emanuel Carvalho Nobre,25,1.50,0.42,1.35,0.29,2,0,2,1,1,0,"41,50","",5,10,2,0,0,1,0,2,0,1,17,18,6,4,9,7,13,15,40,60,1.29,1.27,1.58,1.37,2.29,42,63,46,17,13,21,55,42,75,10.34,6.34,1.80,3.60,4.33,1.40,2.00,4.20,8.50,1.95,1.80,Estádio Nacional (Jamor- Oeiras)
1679248800,Mar 19 2023 - 6:00pm,complete,N/A,Sporting Braga,Porto,João Pedro Silva Pinheiro,25,2.27,2.25,2.41,2.35,0,0,0,0,0,0,"","",5,5,3,0,2,0,0,3,1,1,19,9,4,4,12,4,15,17,52,48,2.15,1.98,1.79,1.12,2.49,34,70,35,26,18,26,70,35,79,11.91,4.55,3.10,3.25,2.20,1.29,1.85,3.00,5.50,1.70,2.05,Estádio Municipal de Braga (Braga)
1679257800,Mar 19 2023 - 8:30pm,complete,N/A,Boavista FC,Famalicão,Ricardo Baixinho,25,1.67,0.67,1.76,0.94,1,2,3,0,0,0,"72","57,60",9,1,1,0,1,0,0,1,0,1,17,8,7,4,7,2,22,12,57,43,1.48,1.33,1.78,0.88,2.59,50,67,46,34,25,17,63,42,75,10.92,6.33,2.25,3.25,3.05,1.39,2.15,4.15,8.00,1.95,1.80,Estádio do Bessa Século XXI (Porto)
1680290100,Mar 31 2023 - 7:15pm,complete,N/A,GD Estoril Praia,Gil Vicente,N/A,26,0.92,1.08,1.35,0.76,1,0,1,1,1,0,"1","",5,5,5,0,2,0,1,4,2,0,8,15,3,5,3,5,22,17,37,63,1.30,1.50,0.89,1.30,2.84,59,84,59,34,4,46,92,38,67,9.66,5.67,2.74,3.32,2.59,1.40,2.05,3.75,7.00,1.91,1.91,Estádio António Coimbra da Mota (Estoril)
1680359400,Apr 01 2023 - 2:30pm,complete,N/A,FC Vizela,Casa Pia,Manuel Mota,26,1.17,1.42,1.12,1.06,3,1,4,2,1,1,"37,81,87","25",10,3,3,0,2,0,0,3,1,1,12,11,9,5,2,2,8,12,54,46,1.79,1.21,1.63,1.15,2.08,25,54,42,21,4,21,75,25,58,10.17,6.67,2.20,3.00,3.40,1.44,2.30,4.50,9.50,1.95,1.80,Estádio Do Vizela (Caldas de Vizela)
1680368400,Apr 01 2023 - 5:00pm,complete,N/A,Vitória Guimarães,Paços de Ferreira,Gustavo Fernandes Correia,26,2.00,0.67,1.94,0.71,0,0,0,0,0,0,"","",5,4,2,0,4,1,2,0,2,3,19,11,2,4,15,6,19,11,57,43,1.56,1.09,1.61,1.22,2.18,41,53,41,20,12,29,65,32,69,10.04,6.96,1.85,3.40,4.00,1.36,2.00,3.75,7.50,1.95,1.80,Estádio Dom Afonso Henriques (Guimarães)
1680377400,Apr 01 2023 - 7:30pm,complete,N/A,Sporting CP,Santa Clara,André Filipe Domingues Narciso,26,2.50,0.42,2.41,0.29,3,0,3,2,2,0,"14,22,52","",6,2,0,0,5,0,0,0,1,4,17,15,7,5,8,7,11,15,72,28,2.32,1.17,1.92,1.24,2.34,29,63,54,21,4,21,59,46,75,12.50,6.91,1.17,6.50,15.00,1.16,1.53,2.30,4.20,2.50,1.50,Estádio José Alvalade (Lisboa)
1680445800,Apr 02 2023 - 2:30pm,complete,N/A,CS Marítimo,Boavista FC,Luis Miguel Branco Godinho,26,0.92,0.83,1.24,0.82,4,2,6,2,2,0,"3,22,50,90'6","59,87",3,9,3,0,2,0,0,3,0,2,12,12,7,7,5,3,15,18,47,53,1.65,1.05,1.60,1.33,2.55,50,71,59,25,4,29,71,50,75,9.92,6.67,2.65,3.20,2.80,1.41,2.20,4.35,9.50,1.95,1.80,Estádio dos Barreiros (Funchal (Ilha da Madeira))
1680445800,Apr 02 2023 - 2:30pm,complete,N/A,GD Chaves,Sporting Braga,Artur Manuel Ribeiro Soares Dias,26,1.17,2.31,1.35,2.18,1,2,3,2,1,1,"42","16,59",7,5,5,0,3,0,2,3,0,3,15,19,9,9,4,6,6,8,37,63,1.67,1.88,1.78,2.05,3.02,57,88,59,36,20,48,89,44,76,10.25,6.83,4.50,3.80,1.76,1.89,1.89,1.92,6.00,1.91,1.91,Estádio Municipal Eng. Manuel Branco Teixeira (Chaves)
1680454800,Apr 02 2023 - 5:00pm,complete,N/A,Rio Ave FC,Benfica,Rui Manuel Gomes Costa,26,1.83,2.58,1.59,2.41,0,1,1,0,0,0,"","46",3,6,3,0,3,0,0,3,0,3,11,13,5,6,5,5,11,17,48,52,1.30,1.82,1.19,1.60,2.13,21,55,38,13,8,33,63,25,75,11.25,5.42,8.30,4.50,1.35,1.23,1.78,2.70,4.80,2.00,1.75,Estádio do Rio Ave Futebol Clube (Vila do Conde)
1680463800,Apr 02 2023 - 7:30pm,complete,N/A,Porto,Portimonense,Miguel Bertolo Nogueira,26,2.50,0.75,2.65,0.76,1,0,1,1,1,0,"30","",10,3,2,0,2,1,1,1,0,3,18,7,7,0,6,4,15,12,72,28,1.95,1.30,2.04,0.42,3.00,34,67,59,38,25,42,88,46,71,10.33,5.25,1.17,6.40,13.00,1.16,1.57,2.25,3.50,2.63,1.44,Estádio Do Dragão (Porto)
1680549300,Apr 03 2023 - 7:15pm,complete,N/A,Famalicão,FC Arouca,Carlos André Fernandes Macedo,26,1.83,1.25,1.65,1.29,0,1,1,0,0,0,"","90'3",7,1,1,0,0,0,0,1,0,0,19,10,2,3,8,6,11,16,48,52,1.53,1.24,1.07,1.06,2.00,38,59,34,13,4,33,58,25,67,7.42,5.58,2.20,3.10,3.60,1.47,2.40,4.75,9.50,2.20,1.62,Estádio Municipal 22 de Junho (Vila Nova de Famalicão)
1680722100,Apr 05 2023 - 7:15pm,complete,N/A,Gil Vicente,Sporting CP,Nuno Miguel Serrano Almeida,25,1.33,1.67,1.41,1.94,0,0,0,0,0,0,"","",1,3,1,0,2,0,0,1,0,2,9,13,3,8,4,2,19,13,44,56,1.61,1.66,0.87,1.62,2.29,46,63,42,17,9,38,63,34,80,12.91,6.66,5.50,4.00,1.53,1.22,1.70,2.95,5.50,1.83,1.90,Estádio Cidade de Barcelos (Barcelos)
1680877800,Apr 07 2023 - 2:30pm,complete,N/A,Santa Clara,FC Vizela,João António Ferreira Gonçalves,27,0.77,1.38,1.00,1.24,0,1,1,1,0,1,"","31",2,4,2,1,2,0,1,2,1,1,15,6,4,4,9,2,11,20,58,42,1.31,1.42,1.41,0.90,2.58,58,85,54,23,0,27,58,50,92,8.16,6.46,2.78,2.98,2.54,1.42,2.19,4.33,8.50,1.95,1.83,Estádio de São Miguel (Ponta Delgada- Ilha de São Miguel- Açores)
1680886800,Apr 07 2023 - 5:00pm,complete,N/A,Benfica,Porto,Artur Manuel Ribeiro Soares Dias,27,2.85,2.15,2.71,2.35,1,2,3,2,1,1,"10","45,54",4,5,3,0,5,0,1,2,2,3,8,8,2,4,3,3,13,15,61,39,2.59,1.91,0.90,1.11,3.08,50,81,58,46,23,43,77,47,81,14.54,3.69,2.18,3.15,3.20,1.34,2.04,3.50,6.75,1.82,1.87,Estádio do Sport Lisboa e Benfica (da Luz) (Lisboa)
1680895800,Apr 07 2023 - 7:30pm,complete,N/A,Boavista FC,Vitória Guimarães,António Emanuel Carvalho Nobre,27,1.54,1.17,1.76,1.18,2,1,3,1,1,0,"19,86","60",7,7,6,0,5,1,2,4,1,5,14,11,3,4,9,6,20,15,48,52,1.50,1.31,1.27,1.25,2.52,52,64,56,24,12,21,69,40,72,11.18,7.09,2.48,3.10,2.80,1.45,2.40,4.75,9.50,2.00,1.75,Estádio do Bessa Século XXI (Porto)
1680964200,Apr 08 2023 - 2:30pm,complete,N/A,FC Arouca,CS Marítimo,Nuno Miguel Serrano Almeida,27,1.77,0.38,1.88,0.29,1,0,1,1,1,0,"34","",7,11,2,0,2,0,0,2,1,1,15,21,2,7,8,10,12,10,51,49,1.34,1.27,1.09,1.95,2.81,39,77,50,27,19,35,77,46,85,9.31,6.46,2.05,3.10,3.80,1.38,2.25,3.80,7.75,1.90,1.77,Estádio Municipal de Arouca (Arouca)
1680973200,Apr 08 2023 - 5:00pm,complete,N/A,Portimonense,Rio Ave FC,Carlos André Fernandes Macedo,27,1.31,0.85,1.24,0.76,2,2,4,1,0,1,"82,90'7","19,74",8,4,5,0,1,0,2,3,0,1,20,21,5,7,12,10,20,15,53,47,1.52,1.27,1.77,1.85,2.00,38,54,35,16,4,8,58,35,77,10.15,6.54,2.75,3.00,2.75,1.49,2.45,4.50,9.50,2.05,1.68,Estádio Municipal de Portimão (Portimão)
1680973200,Apr 08 2023 - 5:00pm,complete,N/A,Paços de Ferreira,Famalicão,Rui Manuel Gomes Costa,27,0.62,0.85,0.65,0.94,1,3,4,2,1,1,"34","41,70,87",10,4,2,0,0,0,0,2,0,0,13,10,0,6,13,4,1,0,49,51,1.63,1.30,1.20,1.35,2.58,46,73,46,27,20,19,58,54,77,10.85,6.62,2.80,3.10,2.62,1.40,2.25,3.90,8.00,1.90,1.77,Estádio da Capital do Móvel (Paços de Ferreira)
1680982200,Apr 08 2023 - 7:30pm,complete,N/A,Sporting Braga,GD Estoril Praia,Vitor Jorge Fernandes Ferreira,27,2.17,0.85,2.41,0.71,4,1,5,1,1,0,"17,70,82,90'4","48",7,2,3,0,2,0,1,2,0,2,17,7,7,4,9,0,14,5,66,34,2.12,1.32,2.01,0.71,2.25,24,60,28,20,17,24,72,24,76,11.52,5.66,1.29,5.50,10.50,1.20,1.60,2.65,4.75,2.05,1.75,Estádio Municipal de Braga (Braga)
1681059600,Apr 09 2023 - 5:00pm,complete,N/A,Casa Pia,Sporting CP,Fábio José Costa Veríssimo,27,1.62,1.62,1.35,1.94,3,4,7,4,2,2,"7,45'1,62","1,39,48,85",1,18,2,1,0,0,0,3,0,0,9,22,3,8,3,9,12,6,25,75,1.32,1.66,0.69,2.22,2.08,39,54,43,16,8,19,43,42,81,10.53,6.54,5.00,4.00,1.65,1.26,1.75,2.95,5.50,2.10,1.67,Estádio Nacional (Jamor- Oeiras)
1681154100,Apr 10 2023 - 7:15pm,complete,N/A,Gil Vicente,GD Chaves,Manuel Mota,27,1.31,1.38,1.41,1.35,0,0,0,0,0,0,"","",14,5,1,0,1,0,1,0,0,1,16,17,5,6,7,8,13,12,60,40,1.56,1.37,1.74,1.68,1.92,38,62,31,8,4,20,62,35,70,11.47,5.77,1.93,3.30,3.85,1.36,2.00,3.75,7.50,1.95,1.80,Estádio Cidade de Barcelos (Barcelos)
1681499700,Apr 14 2023 - 7:15pm,complete,N/A,Famalicão,Vitória Guimarães,André Filipe Domingues Narciso,28,1.69,1.08,1.65,1.18,2,1,3,1,1,0,"10,70","64",3,10,1,1,3,1,2,0,3,1,11,22,3,4,6,14,14,14,31,69,1.49,1.30,0.95,1.93,2.16,35,50,50,16,4,31,66,27,73,8.92,6.77,2.30,3.14,3.50,1.47,2.30,4.60,9.40,2.05,1.72,Estádio Municipal 22 de Junho (Vila Nova de Famalicão)
1681569000,Apr 15 2023 - 2:30pm,complete,N/A,GD Estoril Praia,Portimonense,N/A,28,1.08,0.69,1.35,0.76,0,1,1,0,0,0,"","79",10,5,0,0,4,0,0,0,1,3,15,17,4,5,11,9,12,7,50,50,1.27,1.23,1.60,1.48,2.43,27,66,38,23,8,35,93,31,58,9.23,5.77,2.30,3.10,3.15,1.49,2.19,4.77,9.85,2.10,1.72,Estádio António Coimbra da Mota (Estoril)
1681569000,Apr 15 2023 - 2:30pm,complete,N/A,CS Marítimo,Paços de Ferreira,Artur Manuel Ribeiro Soares Dias,28,1.08,0.69,1.24,0.71,3,1,4,2,2,0,"29,42,69","79",2,5,4,0,4,0,1,3,1,3,9,8,3,3,6,5,2,9,40,60,1.65,1.10,1.03,1.10,2.39,50,66,50,19,8,35,70,39,70,10.23,6.84,2.17,3.25,3.26,1.38,2.11,3.80,7.00,1.91,1.80,Estádio dos Barreiros (Funchal (Ilha da Madeira))
1681578000,Apr 15 2023 - 5:00pm,complete,N/A,GD Chaves,Benfica,João Pedro Silva Pinheiro,28,1.08,2.62,1.35,2.41,1,0,1,0,0,0,"90'4","",3,19,4,0,0,0,1,3,0,0,9,20,3,5,5,8,13,7,32,68,1.68,1.80,0.93,1.99,2.35,39,74,42,16,8,35,77,27,77,11.77,6.15,8.68,5.60,1.28,1.17,1.46,2.38,3.80,2.00,1.73,Estádio Municipal Eng. Manuel Branco Teixeira (Chaves)
1681587000,Apr 15 2023 - 7:30pm,complete,N/A,Porto,Santa Clara,Cláudio Filipe Ruivo Pereira,28,2.54,0.38,2.65,0.29,2,1,3,1,1,0,"34,80","90'2",4,4,2,0,5,0,0,2,5,0,13,9,5,3,8,5,13,13,67,33,1.96,1.18,1.50,0.89,2.50,35,54,50,27,19,31,69,39,70,9.69,7.24,1.10,9.60,28.00,1.13,1.50,2.33,3.72,2.69,1.44,Estádio Do Dragão (Porto)
1681655400,Apr 16 2023 - 2:30pm,complete,N/A,Rio Ave FC,Casa Pia,Miguel Bertolo Nogueira,28,1.69,1.31,1.59,1.06,1,1,2,1,0,1,"52","17",5,8,1,0,3,0,1,0,1,2,11,8,5,3,6,3,10,19,60,40,1.29,1.20,1.31,0.80,2.04,35,50,35,19,8,31,66,23,66,8.23,6.61,2.20,2.90,3.50,1.54,2.48,5.50,9.50,2.10,1.65,Estádio do Rio Ave Futebol Clube (Vila do Conde)
1681664400,Apr 16 2023 - 5:00pm,complete,N/A,Sporting Braga,Gil Vicente,Rui Manuel Gomes Costa,28,2.23,1.00,2.41,0.76,1,0,1,1,1,0,"30","",10,5,2,0,1,0,1,1,0,1,25,13,10,3,11,9,12,9,47,53,2.11,1.49,2.32,1.20,2.70,46,66,54,35,16,31,77,38,70,11.46,5.24,1.32,4.80,8.80,1.17,1.60,2.50,4.50,1.90,1.80,Estádio Municipal de Braga (Braga)
1681673400,Apr 16 2023 - 7:30pm,complete,N/A,Sporting CP,FC Arouca,Vitor Jorge Fernandes Ferreira,28,2.54,1.38,2.41,1.29,1,1,2,1,0,1,"87","38",7,0,0,0,0,0,0,0,0,0,27,5,6,3,11,2,7,11,66,34,2.29,1.23,2.32,0.59,2.66,39,85,54,23,8,39,66,47,77,11.00,4.92,1.20,6.00,12.00,1.13,1.60,2.38,3.60,2.31,1.60,Estádio José Alvalade (Lisboa)
1681758900,Apr 17 2023 - 7:15pm,complete,N/A,FC Vizela,Boavista FC,N/A,28,1.31,0.77,1.12,0.82,1,1,2,0,0,0,"87","71",7,3,2,0,4,0,1,1,0,4,10,17,4,7,5,9,10,16,48,52,1.78,1.08,1.11,1.88,2.69,39,66,58,39,8,31,73,47,77,10.38,6.53,1.86,3.50,3.85,1.32,2.06,3.40,6.80,1.80,1.88,Estádio Do Vizela (Caldas de Vizela)
1682104500,Apr 21 2023 - 7:15pm,complete,N/A,Casa Pia,Sporting Braga,Manuel Antonio Rodrigues Oliveira,29,1.50,2.36,1.35,2.18,0,1,1,0,0,0,"","54",3,6,3,0,2,0,1,2,0,2,9,15,2,5,5,9,13,9,36,64,1.27,1.89,0.78,1.71,2.79,43,72,61,29,18,36,58,50,83,10.72,5.86,6.00,3.60,1.60,1.83,2.15,4.33,8.50,2.20,1.63,Estádio Nacional (Jamor- Oeiras)
1682173800,Apr 22 2023 - 2:30pm,complete,N/A,Famalicão,CS Marítimo,Hélder Miguel Azevedo Malheiro,29,1.79,0.36,1.65,0.29,3,2,5,2,0,2,"64,69,90'8","18,38",9,4,2,0,3,1,1,1,1,3,26,9,8,7,13,1,12,15,58,42,1.45,1.32,2.42,1.22,2.33,36,61,47,14,11,33,75,29,75,10.22,5.71,1.87,3.30,4.40,1.40,2.20,4.00,7.50,2.05,1.70,Estádio Municipal 22 de Junho (Vila Nova de Famalicão)
1682182800,Apr 22 2023 - 5:00pm,complete,N/A,Boavista FC,Rio Ave FC,João António Ferreira Gonçalves,29,1.64,0.86,1.76,0.76,3,2,5,4,3,1,"9,12,35","15,85",2,2,1,0,2,1,0,1,1,2,15,8,7,4,6,2,19,18,57,43,1.48,1.31,1.61,0.92,2.50,54,68,50,29,11,7,64,50,79,11.29,6.00,2.40,3.10,3.10,1.45,2.30,4.75,9.50,2.00,1.78,Estádio do Bessa Século XXI (Porto)
1682191800,Apr 22 2023 - 7:30pm,complete,N/A,Paços de Ferreira,Porto,Fábio José Costa Veríssimo,29,0.57,2.21,0.65,2.35,0,2,2,0,0,0,"","66,83",2,5,4,1,1,0,5,0,0,1,9,11,0,5,4,3,18,14,30,70,1.60,1.86,0.44,1.43,2.39,50,75,43,21,7,25,64,47,75,12.93,5.64,10.00,5.00,1.33,1.22,1.67,2.75,4.75,2.10,1.67,Estádio da Capital do Móvel (Paços de Ferreira)
1682260200,Apr 23 2023 - 2:30pm,complete,N/A,Portimonense,Gil Vicente,Artur Manuel Ribeiro Soares Dias,29,1.29,0.93,1.24,0.76,1,0,1,0,0,0,"48","",1,12,2,0,2,0,1,1,1,1,11,21,5,5,4,11,11,9,39,61,1.54,1.47,1.22,1.86,2.25,54,57,50,22,0,22,72,33,68,11.36,6.14,2.45,3.15,2.80,1.46,2.30,4.50,9.00,1.90,1.80,Estádio Municipal de Portimão (Portimão)
1682269200,Apr 23 2023 - 5:00pm,complete,N/A,Benfica,GD Estoril Praia,Rui Manuel Gomes Costa,29,2.64,0.79,2.71,0.71,1,0,1,1,1,0,"44","",11,2,2,0,2,0,0,2,0,2,20,5,6,0,8,5,18,14,67,33,2.47,1.28,1.90,0.52,3.11,47,79,58,43,25,43,86,39,86,13.72,4.79,1.12,6.81,15.95,1.12,1.46,2.04,3.40,2.60,1.44,Estádio do Sport Lisboa e Benfica (da Luz) (Lisboa)
1682269200,Apr 23 2023 - 5:00pm,complete,N/A,Santa Clara,GD Chaves,Ricardo Baixinho,29,0.71,1.36,1.00,1.35,1,1,2,0,0,0,"86","83",4,7,3,0,2,1,1,2,1,2,20,14,7,6,6,4,11,18,44,56,1.31,1.39,1.63,1.44,2.40,50,75,50,22,4,18,68,50,79,9.07,5.86,2.70,2.96,2.56,1.44,2.23,4.50,9.00,1.95,1.80,Estádio de São Miguel (Ponta Delgada- Ilha de São Miguel- Açores)
1682278200,Apr 23 2023 - 7:30pm,complete,N/A,FC Arouca,FC Vizela,N/A,29,1.86,1.50,1.88,1.24,1,0,1,1,1,0,"12","",0,14,0,0,1,0,0,0,1,0,8,16,3,9,5,3,15,9,35,65,1.32,1.38,0.81,2.04,2.36,36,68,40,18,7,25,57,47,86,7.57,6.50,2.56,2.95,2.70,1.44,2.23,4.50,9.00,1.95,1.80,Estádio Municipal de Arouca (Arouca)
1682363700,Apr 24 2023 - 7:15pm,complete,N/A,Vitória Guimarães,Sporting CP,Luis Miguel Branco Godinho,29,1.93,1.71,1.94,1.94,0,2,2,0,0,0,"","47,90'3",5,5,1,0,0,0,1,0,0,0,8,14,0,6,4,4,11,14,33,67,1.56,1.70,0.47,1.47,2.29,40,50,43,22,18,29,61,40,68,11.72,6.72,4.75,3.55,1.70,1.16,1.95,2.43,4.25,1.68,2.13,Estádio Dom Afonso Henriques (Guimarães)
1682709300,Apr 28 2023 - 7:15pm,complete,N/A,Rio Ave FC,FC Arouca,Ricardo Baixinho,30,1.64,1.36,1.59,1.29,1,0,1,0,0,0,"69","",4,4,4,1,3,0,2,3,2,1,13,12,5,3,4,4,17,18,50,50,1.29,1.18,1.29,0.99,1.97,43,57,21,14,7,29,57,22,68,6.79,5.64,2.78,2.92,2.85,1.49,2.45,5.00,10.00,2.10,1.72,Estádio do Rio Ave Futebol Clube (Vila do Conde)
1682778600,Apr 29 2023 - 2:30pm,complete,N/A,CS Marítimo,Vitória Guimarães,António Emanuel Carvalho Nobre,30,1.21,1.00,1.24,1.18,1,2,3,1,0,1,"87","37,65",5,3,4,0,3,0,2,2,2,1,21,12,6,6,9,4,15,10,55,45,1.60,1.35,1.97,1.15,2.57,54,68,61,21,7,33,79,47,68,10.36,7.57,2.45,3.20,2.90,1.40,2.34,4.08,8.25,1.90,1.87,Estádio dos Barreiros (Funchal (Ilha da Madeira))
1682778600,Apr 29 2023 - 2:30pm,complete,N/A,Sporting Braga,Portimonense,André Filipe Domingues Narciso,30,2.29,0.86,2.41,0.76,4,1,5,4,3,1,"2,32,38,67","45'2",4,0,1,0,5,0,0,1,3,2,18,9,8,2,8,7,9,10,52,48,2.13,1.25,1.87,0.92,2.32,18,50,36,25,18,21,75,33,64,11.28,5.28,1.25,6.00,11.00,1.18,1.60,2.40,4.00,2.20,1.60,Estádio Municipal de Braga (Braga)
1682787600,Apr 29 2023 - 5:00pm,complete,N/A,GD Chaves,Casa Pia,Carlos André Fernandes Macedo,30,1.21,1.29,1.35,1.06,1,0,1,1,1,0,"42","",10,3,3,0,4,0,1,2,1,3,17,17,7,6,4,6,17,14,48,52,1.63,1.17,1.48,1.60,2.29,54,72,40,21,7,33,83,25,68,9.07,7.29,2.37,3.10,3.10,1.40,2.25,4.20,8.00,1.90,1.85,Estádio Municipal Eng. Manuel Branco Teixeira (Chaves)
1682787600,Apr 29 2023 - 5:00pm,complete,N/A,FC Vizela,Paços de Ferreira,Cláudio Filipe Ruivo Pereira,30,1.29,0.64,1.12,0.71,1,2,3,2,0,2,"77","16,33",6,8,2,0,3,0,1,1,0,3,16,9,5,5,7,2,11,16,69,31,1.73,1.10,1.44,1.02,2.32,40,61,47,29,4,32,68,36,72,10.64,6.78,1.61,3.60,5.80,1.33,2.15,3.60,6.50,2.00,1.73,Estádio Do Vizela (Caldas de Vizela)
1682796600,Apr 29 2023 - 7:30pm,complete,N/A,Gil Vicente,Benfica,Fábio José Costa Veríssimo,30,1.29,2.43,1.41,2.41,0,2,2,0,0,0,"","73,86",7,11,3,0,2,0,0,3,0,2,13,20,6,8,4,7,17,8,45,55,1.57,1.82,1.31,1.99,1.86,22,54,32,7,4,29,54,22,72,15.43,4.64,10.00,5.20,1.30,1.18,1.60,2.35,4.00,1.91,1.80,Estádio Cidade de Barcelos (Barcelos)
1682865000,Apr 30 2023 - 2:30pm,complete,N/A,GD Estoril Praia,Santa Clara,Nuno Miguel Serrano Almeida,30,1.00,0.36,1.35,0.29,3,0,3,2,2,0,"17,34,89","",3,4,4,0,3,0,0,4,1,2,9,12,6,4,3,7,15,13,40,60,1.29,1.16,1.20,1.28,2.07,33,58,36,14,4,25,72,29,64,8.78,7.57,2.15,3.15,3.40,1.41,2.25,4.13,8.35,1.93,1.84,Estádio António Coimbra da Mota (Estoril)
1682874000,Apr 30 2023 - 5:00pm,complete,N/A,Porto,Boavista FC,Rui Manuel Gomes Costa,30,2.57,0.79,2.65,0.82,1,0,1,0,0,0,"59","",6,4,2,1,4,0,1,2,3,1,12,8,0,3,10,5,13,25,61,39,1.93,1.13,1.07,0.95,3.25,54,79,68,43,25,43,79,61,86,9.65,6.00,1.13,8.00,26.00,1.13,1.42,2.15,3.50,2.30,1.60,Estádio Do Dragão (Porto)
1682883000,Apr 30 2023 - 7:30pm,complete,N/A,Sporting CP,Famalicão,Manuel Antonio Rodrigues Oliveira,30,2.43,1.00,2.41,0.94,2,1,3,1,1,0,"18,60","69",8,3,2,0,3,0,1,1,1,2,2,5,2,3,0,2,13,16,59,41,2.29,1.30,0.49,0.64,2.97,43,86,65,36,18,36,68,54,86,11.86,4.86,1.28,5.50,12.00,1.17,1.57,2.40,4.00,2.00,1.80,Estádio José Alvalade (Lisboa)
1683314100,May 05 2023 - 7:15pm,complete,N/A,Casa Pia,Portimonense,N/A,31,1.40,0.80,1.35,0.76,1,1,2,0,0,0,"68","90'5",4,4,2,0,0,0,1,1,0,0,24,14,5,4,14,8,18,11,38,62,1.24,1.23,1.81,1.34,2.13,27,47,37,20,10,17,54,34,70,9.46,5.74,2.10,3.20,3.70,1.44,2.38,4.50,9.00,2.00,1.78,Estádio Nacional (Jamor- Oeiras)
1683383400,May 06 2023 - 2:30pm,complete,N/A,Santa Clara,Gil Vicente,Manuel Antonio Rodrigues Oliveira,31,0.73,0.87,1.00,0.76,3,2,5,2,2,0,"23,33,51","77,80",4,5,0,0,3,0,0,0,2,1,20,28,11,6,8,14,11,10,36,64,1.33,1.49,2.27,1.99,2.63,64,74,60,33,0,30,74,43,74,10.33,5.40,2.58,3.08,2.58,1.38,2.35,4.00,8.00,1.88,1.80,Estádio de São Miguel (Ponta Delgada- Ilha de São Miguel- Açores)
1683392400,May 06 2023 - 5:00pm,complete,N/A,Boavista FC,GD Estoril Praia,Vitor Jorge Fernandes Ferreira,31,1.73,0.73,1.76,0.71,1,0,1,0,0,0,"50","",6,3,3,1,5,0,0,4,1,4,20,8,5,3,10,5,13,12,55,45,1.49,1.23,1.67,0.99,2.47,50,67,44,24,17,17,74,34,77,11.73,5.93,1.92,3.15,3.80,1.44,2.35,4.50,9.00,1.98,1.72,Estádio do Bessa Século XXI (Porto)
1683401400,May 06 2023 - 7:30pm,complete,N/A,Benfica,Sporting Braga,Luis Miguel Branco Godinho,31,2.67,2.40,2.71,2.18,1,0,1,0,0,0,"67","",7,1,3,0,4,0,2,1,1,3,23,9,4,0,16,6,14,13,59,41,2.43,1.88,2.18,0.72,3.57,50,87,80,50,30,60,87,53,87,14.34,4.73,1.87,3.46,3.62,1.20,1.78,2.70,4.75,1.70,2.10,Estádio do Sport Lisboa e Benfica (da Luz) (Lisboa)
1683469800,May 07 2023 - 2:30pm,complete,N/A,CS Marítimo,Rio Ave FC,Fábio José Costa Veríssimo,31,1.13,0.80,1.24,0.76,2,2,4,3,1,2,"45'2,76","35,37",13,1,3,0,0,0,1,2,0,0,40,11,9,4,22,4,21,10,56,44,1.63,1.28,3.19,0.90,2.60,54,70,54,30,10,23,74,50,74,9.67,6.20,2.23,3.20,2.83,1.38,2.20,4.05,7.90,1.95,1.82,Estádio dos Barreiros (Funchal (Ilha da Madeira))
1683478800,May 07 2023 - 5:00pm,complete,N/A,Vitória Guimarães,FC Vizela,Hélder Miguel Azevedo Malheiro,31,1.80,1.40,1.94,1.24,3,0,3,2,2,0,"16,41,70","",6,4,1,0,2,0,1,0,2,0,19,9,9,2,8,6,24,15,47,53,1.49,1.43,1.98,0.83,1.90,34,54,30,10,7,17,53,37,67,9.67,6.40,2.35,3.10,3.00,1.35,2.14,3.72,7.30,1.88,1.88,Estádio Dom Afonso Henriques (Guimarães)
1683487800,May 07 2023 - 7:30pm,complete,N/A,Paços de Ferreira,Sporting CP,Nuno Miguel Serrano Almeida,31,0.53,1.80,0.65,1.94,0,4,4,2,0,2,"","7,33,62,90'3",0,6,1,0,1,0,0,1,1,0,12,25,4,12,7,8,12,11,36,64,1.52,1.68,1.13,2.49,2.67,47,74,50,24,14,30,60,60,84,12.93,6.73,7.50,4.60,1.38,1.20,1.63,2.65,4.75,1.93,1.77,Estádio da Capital do Móvel (Paços de Ferreira)
1683568800,May 08 2023 - 6:00pm,complete,N/A,Famalicão,GD Chaves,João António Ferreira Gonçalves,31,1.87,1.33,1.65,1.35,1,2,3,0,0,0,"53","80,89",11,6,2,0,3,0,1,1,3,0,27,18,8,4,13,10,15,15,49,51,1.52,1.39,2.32,1.49,2.04,37,57,40,10,7,20,60,40,77,9.40,5.47,2.00,3.30,3.60,1.36,2.01,3.75,7.50,1.90,1.87,Estádio Municipal 22 de Junho (Vila Nova de Famalicão)
1683576900,May 08 2023 - 8:15pm,complete,N/A,FC Arouca,Porto,João Pedro Silva Pinheiro,31,1.93,2.27,1.88,2.35,0,1,1,1,0,1,"","44",1,8,1,0,2,0,0,1,2,0,11,15,3,5,6,8,16,12,42,58,1.29,1.83,1.05,1.73,2.34,37,67,37,24,10,27,64,40,77,9.53,5.00,7.30,4.90,1.35,1.21,1.66,2.60,4.60,1.93,1.75,Estádio Municipal de Arouca (Arouca)
1683918900,May 12 2023 - 7:15pm,complete,N/A,Gil Vicente,Boavista FC,Ricardo Baixinho,32,1.20,0.73,1.41,0.82,3,1,4,1,1,0,"38,64,85","55",7,6,3,0,6,0,0,3,0,6,20,22,6,7,10,12,18,13,48,52,1.55,1.12,1.71,2.06,2.27,43,63,40,24,7,30,54,40,77,11.60,6.07,2.21,3.30,3.05,1.38,2.25,4.00,8.00,1.90,1.87,Estádio Cidade de Barcelos (Barcelos)
1683988200,May 13 2023 - 2:30pm,complete,N/A,GD Chaves,Paços de Ferreira,João Pedro Silva Pinheiro,32,1.33,0.80,1.35,0.71,2,0,2,0,0,0,"52,79","",5,8,0,0,3,1,0,0,2,2,24,24,8,5,16,14,12,14,66,34,1.62,1.09,2.40,1.84,2.37,57,70,43,24,7,40,77,27,74,9.60,7.54,1.80,3.40,4.33,1.36,2.14,3.75,7.50,1.87,1.90,Estádio Municipal Eng. Manuel Branco Teixeira (Chaves)
1683988200,May 13 2023 - 2:30pm,complete,N/A,FC Vizela,Famalicão,António Emanuel Carvalho Nobre,32,1.20,0.93,1.12,0.94,0,0,0,0,0,0,"","",2,7,3,0,4,1,2,1,0,5,13,26,5,4,6,14,17,17,52,48,1.71,1.26,1.34,1.78,2.54,43,67,50,34,14,27,67,43,74,10.00,5.87,2.60,3.10,2.75,1.36,2.14,3.75,7.50,1.83,1.90,Estádio Do Vizela (Caldas de Vizela)
1683997200,May 13 2023 - 5:00pm,complete,N/A,Portimonense,Benfica,Artur Manuel Ribeiro Soares Dias,32,1.40,2.47,1.24,2.41,1,5,6,4,1,3,"38","4,28,45,87,89",3,5,2,0,1,0,1,1,1,0,7,27,2,12,5,8,12,12,42,58,1.52,1.83,0.94,2.76,1.97,24,54,37,7,4,17,53,30,84,13.80,5.60,11.00,6.10,1.21,1.15,1.54,2.30,3.75,1.90,1.75,Estádio Municipal de Portimão (Portimão)
1684006200,May 13 2023 - 7:30pm,complete,N/A,Sporting CP,CS Marítimo,Tiago Bruno Lopes Martins,32,2.47,0.33,2.41,0.29,2,1,3,1,0,1,"85,90'3","10",9,1,5,1,7,0,1,5,1,6,23,2,3,0,16,2,11,10,77,23,2.17,1.32,2.12,0.26,3.03,44,90,67,27,17,40,87,50,83,13.67,5.33,1.20,6.30,11.50,1.18,1.53,2.10,4.20,2.10,1.72,Estádio José Alvalade (Lisboa)
1684074600,May 14 2023 - 2:30pm,complete,N/A,Rio Ave FC,Vitória Guimarães,Miguel Bertolo Nogueira,32,1.73,1.13,1.59,1.18,0,1,1,0,0,0,"","55",9,8,0,0,0,0,0,0,0,0,20,15,6,4,11,7,15,14,53,47,1.29,1.34,1.76,1.16,2.20,43,54,44,17,7,27,67,30,73,8.73,7.54,1.35,5.42,5.38,1.42,2.28,4.50,9.00,1.95,1.80,Estádio do Rio Ave Futebol Clube (Vila do Conde)
1684083600,May 14 2023 - 5:00pm,complete,N/A,Sporting Braga,Santa Clara,Vitor Jorge Fernandes Ferreira,32,2.33,0.33,2.41,0.29,5,3,8,4,3,1,"10,35,45'5,87,90'4","17,70,85",11,6,3,0,4,0,1,2,2,2,18,16,11,10,2,5,15,16,66,34,2.11,1.16,1.98,1.92,2.20,27,50,40,20,17,20,63,30,70,10.27,7.00,1.17,5.66,13.84,1.13,1.48,2.17,3.60,2.20,1.60,Estádio Municipal de Braga (Braga)
1684092600,May 14 2023 - 7:30pm,complete,N/A,Porto,Casa Pia,Manuel Antonio Rodrigues Oliveira,32,2.60,1.20,2.65,1.06,2,1,3,1,0,1,"56,90'3","45'5",13,3,1,0,3,0,0,1,0,3,28,12,12,4,12,6,10,16,73,27,1.87,1.20,2.83,1.13,2.70,44,67,54,30,20,37,84,40,70,9.93,6.07,1.16,6.20,11.00,1.16,1.54,2.29,3.60,2.25,1.61,Estádio Do Dragão (Porto)
1684178100,May 15 2023 - 7:15pm,complete,N/A,GD Estoril Praia,FC Arouca,Hélder Miguel Azevedo Malheiro,32,1.13,1.27,1.35,1.29,2,0,2,0,0,0,"68,90'4","",4,2,1,0,2,0,0,1,0,2,15,22,5,5,6,13,16,23,40,60,1.28,1.17,1.38,1.84,2.27,40,74,30,17,7,37,73,27,67,7.40,5.60,2.45,3.20,2.90,1.38,2.15,4.35,8.50,1.91,1.87,Estádio António Coimbra da Mota (Estoril)
1684523700,May 19 2023 - 7:15pm,complete,N/A,CS Marítimo,FC Vizela,Artur Manuel Ribeiro Soares Dias,33,1.13,1.31,1.24,1.24,1,0,1,0,0,0,"90'5","",5,6,2,0,3,0,0,2,0,3,26,13,7,4,15,7,19,9,60,40,1.72,1.39,2.33,1.27,2.41,51,72,51,16,3,32,69,44,75,10.13,6.44,1.86,3.70,3.70,1.24,1.80,2.80,5.25,1.70,2.00,Estádio dos Barreiros (Funchal (Ilha da Madeira))
1684593000,May 20 2023 - 2:30pm,complete,N/A,FC Arouca,GD Chaves,Gustavo Fernandes Correia,33,1.81,1.44,1.88,1.35,1,0,1,0,0,0,"63","",4,6,2,0,3,0,2,0,1,2,17,17,8,4,6,10,16,11,48,52,1.27,1.40,1.68,1.65,2.22,35,63,38,16,10,16,63,50,75,8.44,5.75,2.35,3.40,2.75,1.36,1.95,3.40,6.50,1.80,1.88,Estádio Municipal de Arouca (Arouca)
1684593000,May 20 2023 - 2:30pm,complete,N/A,Santa Clara,Portimonense,N/A,33,0.88,0.81,1.00,0.76,1,0,1,1,1,0,"27","",9,6,2,0,4,0,1,1,2,2,26,8,6,0,15,5,14,17,38,62,1.39,1.23,2.10,0.55,2.60,47,69,51,32,10,28,72,44,76,9.07,5.44,1.95,3.45,3.60,1.29,1.90,3.20,6.00,1.82,1.87,Estádio de São Miguel (Ponta Delgada- Ilha de São Miguel- Açores)
1684602000,May 20 2023 - 5:00pm,complete,N/A,Boavista FC,Sporting Braga,Nuno Miguel Serrano Almeida,33,1.81,2.25,1.76,2.18,1,1,2,0,0,0,"90'3","59",2,3,1,0,5,0,0,1,4,1,13,15,4,3,6,9,10,12,53,47,1.50,1.80,1.18,1.51,2.94,54,75,66,32,22,35,69,47,85,12.06,6.13,5.00,4.10,1.57,1.21,1.67,2.60,4.60,1.73,1.98,Estádio do Bessa Século XXI (Porto)
1684611000,May 20 2023 - 7:30pm,complete,N/A,Famalicão,Porto,Fábio José Costa Veríssimo,33,1.75,2.31,1.65,2.35,2,4,6,4,2,2,"33,44","7,10,67,75",1,1,5,0,3,0,3,2,2,1,7,17,4,3,3,12,13,22,40,60,1.57,1.82,0.98,1.55,2.13,41,60,41,16,6,28,60,31,75,10.94,4.57,7.50,4.75,1.33,1.21,1.67,2.60,4.60,1.87,1.82,Estádio Municipal 22 de Junho (Vila Nova de Famalicão)
1684679400,May 21 2023 - 2:30pm,complete,N/A,Vitória Guimarães,Gil Vicente,Manuel Mota,33,1.88,0.81,1.94,0.76,1,0,1,0,0,0,"90'3","",3,6,3,0,2,0,0,3,1,1,19,15,7,2,10,10,10,18,43,57,1.52,1.52,1.94,1.21,2.25,44,54,47,26,10,29,69,35,60,11.32,5.50,1.79,3.75,4.15,1.30,1.95,3.38,6.55,1.88,1.90,Estádio Dom Afonso Henriques (Guimarães)
1684688400,May 21 2023 - 5:00pm,complete,N/A,Paços de Ferreira,Rio Ave FC,Hélder Miguel Azevedo Malheiro,33,0.50,0.81,0.65,0.76,3,1,4,2,1,1,"1,48,85","3",5,6,3,0,3,0,0,3,1,2,12,19,6,8,5,9,16,14,38,62,1.50,1.26,1.42,1.93,2.66,47,75,50,35,10,22,66,57,81,10.37,6.13,2.36,3.37,2.91,1.30,1.98,3.25,6.00,1.75,2.00,Estádio da Capital do Móvel (Paços de Ferreira)
1684688400,May 21 2023 - 5:00pm,complete,N/A,Casa Pia,GD Estoril Praia,Carlos André Fernandes Macedo,33,1.38,0.69,1.35,0.71,2,2,4,0,0,0,"85,90'6","74,90'8",3,3,1,0,6,0,0,1,1,5,29,19,11,5,15,9,10,20,50,50,1.27,1.21,2.73,1.41,2.04,35,53,28,16,10,13,50,32,78,9.75,5.87,2.14,3.40,3.30,1.33,2.05,3.40,6.00,1.91,1.91,Estádio Dr. Magalhães Pessoa (Leiria)
1684697400,May 21 2023 - 7:30pm,complete,N/A,Sporting CP,Benfica,João Pedro Silva Pinheiro,33,2.50,2.50,2.41,2.41,2,2,4,2,2,0,"39,44","71,90'4",7,7,2,0,2,0,0,2,1,1,17,26,8,6,7,13,14,16,52,48,2.17,1.89,1.95,2.13,2.76,29,82,63,19,10,35,69,51,91,16.00,4.25,2.63,3.49,2.52,1.22,1.73,2.70,4.75,1.57,2.25,Estádio José Alvalade (Lisboa)
1685124000,May 26 2023 - 6:00pm,complete,N/A,Rio Ave FC,Famalicão,Carlos André Fernandes Macedo,34,1.63,0.94,1.59,0.94,2,2,4,2,0,2,"70,82","10,12",8,4,4,0,4,1,0,4,1,4,29,15,6,3,17,9,22,10,65,35,1.32,1.29,2.39,1.08,2.19,41,54,35,26,16,25,53,32,75,8.38,6.06,2.63,3.10,2.63,1.33,1.96,3.75,6.50,1.80,1.95,Estádio do Rio Ave Futebol Clube (Vila do Conde)
1685132100,May 26 2023 - 8:15pm,complete,N/A,FC Vizela,Sporting CP,Cláudio Filipe Ruivo Pereira,34,1.19,1.88,1.12,1.94,1,2,3,2,1,1,"6","20,85",2,8,2,0,4,0,2,0,3,1,7,19,4,3,2,12,9,9,30,70,1.69,1.73,0.84,1.69,2.51,38,63,50,28,10,35,66,44,76,12.00,6.06,5.50,3.90,1.57,1.18,1.58,2.30,4.50,1.72,2.05,Estádio Do Vizela (Caldas de Vizela)
1685187900,May 27 2023 - 11:45am,complete,N/A,Gil Vicente,Casa Pia,Hélder Miguel Azevedo Malheiro,34,1.31,1.13,1.41,1.06,1,0,1,0,0,0,"63","",4,1,1,0,1,1,0,1,0,2,14,21,6,7,6,11,11,12,62,38,1.56,1.20,1.46,1.91,1.97,41,60,35,16,3,25,66,28,63,11.75,6.01,2.16,3.25,3.00,1.30,2.00,3.50,6.30,1.67,2.05,Estádio Cidade de Barcelos (Barcelos)
1685197800,May 27 2023 - 2:30pm,complete,N/A,GD Estoril Praia,CS Marítimo,Ricardo Baixinho,34,1.25,0.31,1.35,0.29,3,1,4,1,1,0,"15,80,83","68",4,5,2,0,4,2,0,2,2,4,19,28,4,5,11,15,18,18,50,50,1.29,1.25,1.53,1.83,2.72,41,81,47,22,16,41,91,38,72,9.94,6.44,2.18,3.30,2.97,1.28,2.05,3.50,6.30,1.85,1.90,Estádio António Coimbra da Mota (Estoril)
1685197800,May 27 2023 - 2:30pm,complete,3135,GD Chaves,Boavista FC,N/A,34,1.44,0.69,1.35,0.82,1,4,5,2,0,2,"46","37,42,62,81",1,4,4,3,1,0,1,6,0,1,13,26,7,7,5,14,11,10,40,60,1.66,1.18,1.49,2.05,2.63,56,75,47,32,10,31,72,44,82,9.19,7.26,2.05,3.55,3.00,1.25,1.92,2.97,5.50,1.71,2.09,Estádio Municipal Eng. Manuel Branco Teixeira (Chaves)
1685206800,May 27 2023 - 5:00pm,complete,64012,Benfica,Santa Clara,Rui Manuel Gomes Costa,34,2.69,0.31,2.71,0.29,3,0,3,2,2,0,"7,28,60","",4,4,1,0,1,0,0,1,0,1,16,11,5,7,7,3,14,15,66,34,2.42,1.21,1.55,1.26,2.85,41,63,60,35,19,38,72,41,79,12.69,6.38,1.05,11.50,26.00,1.09,1.33,1.77,2.95,2.50,1.45,Estádio do Sport Lisboa e Benfica (da Luz) (Lisboa)
1685206800,May 27 2023 - 5:00pm,complete,N/A,Porto,Vitória Guimarães,Artur Manuel Ribeiro Soares Dias,34,2.63,1.25,2.65,1.18,3,0,3,3,3,0,"8,32,39","",8,2,2,0,6,1,0,2,3,4,29,7,11,0,14,6,14,14,71,29,1.93,1.33,3.10,0.45,2.88,50,69,66,29,19,35,82,50,78,10.88,6.56,1.19,6.50,11.50,1.15,1.45,2.20,3.75,2.10,1.72,Estádio Do Dragão (Porto)
1685206800,May 27 2023 - 5:00pm,complete,N/A,Portimonense,FC Arouca,Vitor Jorge Fernandes Ferreira,34,1.31,1.19,1.24,1.29,0,2,2,0,0,0,"","49,51",3,7,1,0,0,0,0,1,0,0,10,19,4,8,6,8,14,8,45,55,1.48,1.21,1.20,1.96,2.03,44,60,29,13,6,19,53,31,75,8.26,6.00,3.00,3.50,2.21,1.28,1.95,3.10,6.25,1.71,2.00,Estádio Municipal de Portimão (Portimão)
1685215800,May 27 2023 - 7:30pm,complete,N/A,Sporting Braga,Paços de Ferreira,Manuel Mota,34,2.38,0.75,2.41,0.71,3,0,3,2,2,0,"8,29,51","",6,9,0,0,1,0,0,0,0,1,27,16,6,0,16,13,8,11,52,48,2.10,1.14,2.23,1.11,2.72,41,66,47,32,22,38,69,38,78,11.38,6.19,1.21,6.30,10.50,1.12,1.44,2.15,3.50,1.95,1.83,Estádio Municipal de Braga (Braga)
1628277300,Aug 06 2021 - 7:15pm,complete,N/A,Sporting CP,FC Vizela,António Emanuel Carvalho Nobre,1,0.00,0.00,2.53,0.82,3,0,3,0,0,0,"48,64,74","",3,5,1,0,3,0,0,1,2,1,15,8,6,3,9,5,9,15,67,33,0.00,0.00,1.85,0.90,0.00,0,0,0,0,0,0,0,0,0,0.00,0.00,1.24,6.25,12.00,1.24,1.62,2.55,4.55,2.25,1.62,Estádio José Alvalade (Lisboa)
1628336700,Aug 07 2021 - 11:45am,complete,N/A,FC Arouca,GD Estoril Praia,Hugo Serafim Coelho Magalhães Silva,1,0.00,0.00,1.12,1.12,0,2,2,1,0,1,"","4,90'6",3,2,1,0,3,0,0,1,1,2,13,14,6,6,7,8,14,13,56,44,0.00,0.00,1.68,1.57,0.00,0,0,0,0,0,0,0,0,0,0.00,0.00,2.25,3.10,3.35,1.51,2.45,4.35,8.75,2.15,1.67,Estádio Municipal de Arouca (Arouca)
1628355600,Aug 07 2021 - 5:00pm,complete,N/A,Moreirense FC,Benfica,Vitor Jorge Fernandes Ferreira,1,0.00,0.00,1.06,2.41,1,2,3,3,1,2,"30","9,19",0,6,4,0,4,1,1,3,1,4,10,11,4,5,6,6,13,17,39,61,0.00,0.00,1.13,1.37,0.00,0,0,0,0,0,0,0,0,0,0.00,0.00,7.00,4.75,1.40,1.27,1.71,2.80,5.00,2.05,1.77,Parque Desportivo Comendador Joaquim de Almeida Freitas (Moreira de Cónegos)
1628364600,Aug 07 2021 - 7:30pm,complete,N/A,CS Marítimo,Sporting Braga,André Filipe Domingues Narciso,1,0.00,0.00,1.06,1.82,0,2,2,0,0,0,"","61,69",3,6,3,0,3,0,1,2,1,2,9,10,2,6,7,4,23,12,43,57,0.00,0.00,0.90,1.33,0.00,0,0,0,0,0,0,0,0,0,0.00,0.00,4.60,3.35,1.80,1.43,2.20,3.85,7.75,2.10,1.71,Estádio dos Barreiros (Funchal (Ilha da Madeira))
1628433000,Aug 08 2021 - 2:30pm,complete,8824,Vitória Guimarães,Portimonense,Fábio Oliveira Melo,1,0.00,0.00,1.76,1.29,0,1,1,0,0,0,"","86",10,5,2,0,3,0,1,1,0,3,17,7,3,3,14,4,15,12,55,45,0.00,0.00,1.85,0.85,0.00,0,0,0,0,0,0,0,0,0,0.00,0.00,2.02,3.20,3.85,1.42,2.15,3.90,7.50,2.10,1.71,Estádio Dom Afonso Henriques (Guimarães)
1628433000,Aug 08 2021 - 2:30pm,complete,764,CD Tondela,Santa Clara,João António Ferreira Gonçalves,1,0.00,0.00,0.94,0.59,3,0,3,1,1,0,"18,54,84","",3,5,1,0,3,0,0,1,1,2,11,26,6,8,5,18,19,10,41,59,0.00,0.00,1.29,2.60,0.00,0,0,0,0,0,0,0,0,0,0.00,0.00,3.05,3.10,2.38,1.38,2.10,3.65,7.00,1.95,1.83,Estádio João Cardoso (Tondela)
1628442000,Aug 08 2021 - 5:00pm,complete,N/A,Porto,Belenenses,Gustavo Fernandes Correia,1,0.00,0.00,2.76,0.47,2,0,2,1,1,0,"19,65","",8,3,2,0,3,0,1,1,1,2,22,7,7,3,15,4,10,12,73,27,0.00,0.00,2.54,0.83,0.00,0,0,0,0,0,0,0,0,0,0.00,0.00,1.16,8.25,16.00,1.18,1.51,2.30,4.05,2.40,1.56,Estádio Do Dragão (Porto)
1628451000,Aug 08 2021 - 7:30pm,complete,N/A,Paços de Ferreira,Famalicão,Miguel Bertolo Nogueira,1,0.00,0.00,1.24,1.00,2,0,2,0,0,0,"49,50","",6,3,2,0,4,0,0,2,0,4,20,12,4,3,16,9,34,18,57,43,0.00,0.00,1.99,1.21,0.00,0,0,0,0,0,0,0,0,0,0.00,0.00,2.60,3.00,2.85,1.57,2.55,4.60,10.00,2.25,1.61,Estádio da Capital do Móvel (Paços de Ferreira)
1628536500,Aug 09 2021 - 7:15pm,complete,N/A,Gil Vicente,Boavista FC,Cláudio Filipe Ruivo Pereira,1,0.00,0.00,1.41,0.94,3,0,3,2,2,0,"3,24,56","",1,5,3,0,3,0,0,3,0,3,11,15,8,6,3,9,21,10,60,40,0.00,0.00,1.53,1.64,0.00,0,0,0,0,0,0,0,0,0,0.00,0.00,1.87,3.10,4.70,1.54,2.50,4.40,8.75,2.20,1.65,Estádio Cidade de Barcelos (Barcelos)
1628882100,Aug 13 2021 - 7:15pm,complete,N/A,GD Estoril Praia,Vitória Guimarães,João António Ferreira Gonçalves,2,0.00,0.00,1.18,1.06,0,0,0,0,0,0,"","",4,9,2,0,3,1,1,1,1,3,7,13,0,3,7,10,17,12,48,52,0.00,0.00,0.77,1.36,0.00,0,0,0,0,0,0,0,0,0,0.00,0.00,2.90,3.00,2.55,1.43,2.15,3.95,7.00,1.91,1.87,Estádio António Coimbra da Mota (Estoril)
1628951400,Aug 14 2021 - 2:30pm,complete,N/A,FC Vizela,CD Tondela,Manuel Antonio Rodrigues Oliveira,2,0.00,0.00,1.12,0.71,2,1,3,1,0,1,"52,90'8","38",11,4,3,0,3,0,2,1,0,3,21,9,5,3,16,6,17,11,45,55,0.00,0.00,2.14,1.02,0.00,0,0,0,0,0,0,0,0,0,0.00,0.00,2.35,3.20,3.00,1.47,2.40,3.15,6.00,1.80,2.00,Estádio da Capital do Móvel (Paços de Ferreira)
1628960400,Aug 14 2021 - 5:00pm,complete,N/A,Benfica,FC Arouca,Manuel Mota,2,0.00,0.00,1.94,0.71,2,0,2,2,2,0,"38,43","",4,2,1,0,0,1,0,1,1,0,20,4,6,2,14,2,17,2,65,35,0.00,0.00,2.50,0.50,0.00,0,0,0,0,0,0,0,0,0,0.00,0.00,1.21,6.50,14.00,1.22,1.62,2.55,4.55,2.35,1.57,Estádio do Sport Lisboa e Benfica (da Luz) (Lisboa)
1628969400,Aug 14 2021 - 7:30pm,complete,7009,Sporting Braga,Sporting CP,Luis Miguel Branco Godinho,2,0.00,0.00,2.00,2.47,1,2,3,1,0,1,"90'2","40,50",6,5,3,0,3,1,2,1,0,4,16,6,7,4,9,2,17,14,54,46,0.00,0.00,1.81,0.80,0.00,0,0,0,0,0,0,0,0,0,0.00,0.00,2.95,3.05,2.45,1.42,2.10,3.55,6.75,1.87,1.91,Estádio Municipal de Braga (Braga)
1629037800,Aug 15 2021 - 2:30pm,complete,717,Portimonense,Gil Vicente,Rui Manuel Gomes Costa,2,0.00,0.00,0.94,1.59,0,1,1,0,0,0,"","60",5,4,3,0,2,0,0,3,0,2,18,8,6,5,12,3,11,18,53,47,0.00,0.00,1.83,1.09,0.00,0,0,0,0,0,0,0,0,0,0.00,0.00,2.31,3.07,2.93,1.47,2.39,4.40,9.00,2.10,1.71,Estádio Municipal de Portimão (Portimão)
1629046800,Aug 15 2021 - 5:00pm,complete,N/A,Famalicão,Porto,Nuno Miguel Serrano Almeida,2,0.00,0.00,1.29,2.59,1,2,3,2,0,2,"56","13,43",3,2,3,0,1,0,0,3,0,1,11,13,5,4,6,9,16,14,36,64,0.00,0.00,1.28,1.40,0.00,0,0,0,0,0,0,0,0,0,0.00,0.00,7.50,4.75,1.39,1.26,1.67,2.70,4.80,1.95,1.80,Estádio Municipal 22 de Junho (Vila Nova de Famalicão)
1629055800,Aug 15 2021 - 7:30pm,complete,N/A,Santa Clara,Moreirense FC,David Rafael Oliveira Silva,2,0.00,0.00,1.76,0.65,2,2,4,0,0,0,"58,90'4","90,90'10",5,4,5,0,4,1,1,4,1,4,17,12,5,6,12,6,11,19,52,48,0.00,0.00,1.57,1.43,0.00,0,0,0,0,0,0,0,0,0,0.00,0.00,2.15,3.25,3.40,1.43,2.20,3.75,7.25,2.00,1.80,Estádio de São Miguel (Ponta Delgada- Ilha de São Miguel- Açores)
1629136800,Aug 16 2021 - 6:00pm,complete,N/A,Boavista FC,Paços de Ferreira,António Emanuel Carvalho Nobre,2,0.00,0.00,1.29,1.00,3,0,3,1,1,0,"19,61,76","",2,8,3,0,2,0,1,2,1,1,9,15,5,6,4,9,16,15,33,67,0.00,0.00,1.07,1.68,0.00,0,0,0,0,0,0,0,0,0,0.00,0.00,2.82,3.05,2.52,1.47,2.45,4.25,8.50,2.15,1.69,Estádio do Bessa Século XXI (Porto)
1629144900,Aug 16 2021 - 8:15pm,complete,N/A,Belenenses,CS Marítimo,Cláudio Filipe Ruivo Pereira,2,0.00,0.00,1.06,1.18,1,2,3,3,1,2,"45","12,15",3,4,4,0,5,0,1,3,2,3,6,14,3,5,3,9,21,21,44,56,0.00,0.00,0.77,1.47,0.00,0,0,0,0,0,0,0,0,0,0.00,0.00,2.80,2.85,2.75,1.65,2.75,5.25,11.00,2.35,1.57,Estádio Dr. Magalhães Pessoa (Leiria)
1629482400,Aug 20 2021 - 6:00pm,complete,N/A,FC Arouca,Famalicão,David Rafael Oliveira Silva,3,0.00,0.00,1.12,1.00,2,1,3,1,0,1,"65,89","23",10,9,4,0,4,0,0,4,1,3,22,12,7,6,15,6,18,21,50,50,1.68,1.21,2.38,1.48,2.00,0,100,0,0,0,0,50,50,100,6.00,5.00,2.90,3.05,2.50,1.45,2.25,3.80,7.25,2.00,1.80,Estádio Municipal de Arouca (Arouca)
1629490500,Aug 20 2021 - 8:15pm,complete,N/A,Moreirense FC,Sporting Braga,Hélder Miguel Azevedo Malheiro,3,0.00,3.00,1.06,1.82,2,3,5,2,0,2,"80,83","39,41,90'5",6,0,4,0,2,0,1,3,0,2,14,15,5,7,9,8,14,9,45,55,1.13,1.33,1.64,1.70,2.50,50,100,50,0,0,50,50,50,50,6.00,7.00,5.25,3.50,1.69,1.33,1.91,3.15,6.00,1.91,1.87,Parque Desportivo Comendador Joaquim de Almeida Freitas (Moreira de Cónegos)
1629565200,Aug 21 2021 - 5:00pm,complete,3751,Gil Vicente,Benfica,Nuno Miguel Serrano Almeida,3,3.00,3.00,1.41,2.41,0,2,2,0,0,0,"","84,88",3,9,3,0,2,0,1,2,1,1,6,24,3,11,3,13,6,13,39,61,1.53,1.37,0.75,2.81,3.00,50,100,100,0,0,100,100,0,50,7.00,9.00,5.75,3.65,1.62,1.30,1.87,3.00,5.75,1.91,1.87,Estádio Cidade de Barcelos (Barcelos)
1629574200,Aug 21 2021 - 7:30pm,complete,13135,Sporting CP,Belenenses,Manuel Antonio Rodrigues Oliveira,3,3.00,0.00,2.53,0.47,2,0,2,1,1,0,"7,48","",10,0,2,0,2,1,0,2,0,3,27,4,8,0,19,4,15,12,70,30,1.85,0.83,2.72,0.38,2.50,0,100,50,0,0,0,50,50,100,6.00,4.00,1.19,7.00,15.00,1.25,1.65,2.65,5.00,2.70,1.45,Estádio José Alvalade (Lisboa)
1629642600,Aug 22 2021 - 2:30pm,complete,N/A,CD Tondela,Portimonense,Luis Miguel Branco Godinho,3,3.00,3.00,0.94,1.29,0,3,3,2,0,2,"","35,45'1,80",6,5,4,0,4,0,2,2,1,3,12,8,4,5,8,3,13,18,61,39,1.29,0.85,1.38,1.07,2.00,0,50,50,0,0,0,50,50,100,8.00,4.00,2.76,3.22,2.65,1.42,2.22,3.55,6.75,1.87,1.91,Estádio João Cardoso (Tondela)
1629651600,Aug 22 2021 - 5:00pm,complete,N/A,CS Marítimo,Porto,João Pedro Silva Pinheiro,3,0.00,3.00,1.06,2.59,1,1,2,2,1,1,"45'4","35",3,4,4,0,1,0,1,3,0,1,6,16,2,4,4,12,22,17,39,61,0.90,1.40,0.66,1.76,2.50,50,100,50,0,0,50,50,50,100,5.00,4.00,8.50,4.55,1.38,1.35,1.95,3.30,6.50,2.30,1.59,Estádio dos Barreiros (Funchal (Ilha da Madeira))
1629660600,Aug 22 2021 - 7:30pm,complete,8935,Vitória Guimarães,FC Vizela,Hugo Filipe Ferreira de Campos Moreira Miguel,3,0.00,0.00,1.76,0.82,4,0,4,0,0,0,"70,75,82,90'5","",8,2,4,0,4,0,1,3,2,2,20,8,10,6,10,2,15,16,62,38,1.85,0.90,2.45,1.06,2.00,0,50,50,0,0,0,0,50,100,15.00,5.00,1.69,3.65,4.90,1.36,2.00,3.40,6.50,2.00,1.80,Estádio Dom Afonso Henriques (Guimarães)
1629741600,Aug 23 2021 - 6:00pm,complete,N/A,Paços de Ferreira,GD Estoril Praia,Fábio José Costa Veríssimo,3,3.00,3.00,1.24,1.12,1,3,4,2,1,1,"30","45'1,78,81",5,4,3,0,3,0,0,3,2,1,11,14,3,5,8,9,23,12,50,50,1.99,1.57,1.16,1.53,2.00,0,100,0,0,0,0,50,50,100,8.00,5.00,2.40,3.00,3.15,1.51,2.40,4.30,8.25,2.10,1.71,Estádio da Capital do Móvel (Paços de Ferreira)
1629749700,Aug 23 2021 - 8:15pm,complete,N/A,Boavista FC,Santa Clara,Tiago Bruno Lopes Martins,3,3.00,0.00,1.29,0.59,2,0,2,1,1,0,"31,47","",5,5,3,0,3,0,0,3,1,2,9,11,5,3,4,8,14,10,47,53,1.07,2.60,1.13,1.17,3.00,0,100,100,0,0,0,100,100,100,7.00,6.00,2.35,3.10,3.10,1.49,2.30,4.05,8.25,2.10,1.71,Estádio do Bessa Século XXI (Porto)
1630087200,Aug 27 2021 - 6:00pm,complete,N/A,Belenenses,Moreirense FC,Fábio Oliveira Melo,4,0.00,1.00,1.06,0.65,1,1,2,1,1,0,"29","86",3,11,5,1,4,0,1,5,1,3,5,21,2,3,3,18,11,13,44,56,0.77,1.43,0.66,2.13,3.50,100,100,100,50,0,50,50,50,50,7.00,10.00,3.25,3.15,2.25,1.49,2.30,4.00,7.75,2.10,1.71,Estádio Dr. Magalhães Pessoa (Leiria)
1630095300,Aug 27 2021 - 8:15pm,complete,N/A,GD Estoril Praia,CS Marítimo,António Emanuel Carvalho Nobre,4,1.00,3.00,1.18,1.18,2,1,3,2,1,1,"28,59","45",1,4,7,0,6,0,2,5,2,4,12,11,3,5,9,6,21,24,41,59,0.77,1.47,1.27,1.28,1.50,50,50,50,0,0,50,50,0,0,8.00,7.00,2.10,3.05,3.75,1.57,2.55,4.70,9.75,2.30,1.61,Estádio António Coimbra da Mota (Estoril)
1630161000,Aug 28 2021 - 2:30pm,complete,1243,FC Vizela,Boavista FC,Rui Manuel Gomes Costa,4,3.00,0.00,1.12,0.94,1,1,2,0,0,0,"74","51",11,2,3,0,3,0,1,2,1,2,17,7,6,2,11,5,16,10,57,43,2.14,1.64,1.85,0.79,3.00,50,100,100,0,0,50,100,50,100,16.00,6.00,2.63,2.91,2.57,1.35,2.00,3.45,6.50,1.87,1.91,Estádio da Capital do Móvel (Paços de Ferreira)
1630170000,Aug 28 2021 - 5:00pm,complete,12588,Porto,FC Arouca,Hélder Miguel Azevedo Malheiro,4,3.00,0.00,2.76,0.71,3,0,3,2,2,0,"24,34,63","",4,5,4,0,3,0,1,3,1,2,16,8,5,0,11,8,15,14,59,41,2.54,0.50,1.84,0.62,2.00,0,100,0,0,0,50,100,0,50,10.00,4.00,1.21,6.75,13.00,1.18,1.50,2.25,3.85,2.10,1.71,Estádio Do Dragão (Porto)
1630179000,Aug 28 2021 - 7:30pm,complete,N/A,Famalicão,Sporting CP,Fábio José Costa Veríssimo,4,0.00,3.00,1.29,2.47,1,1,2,0,0,0,"68","82",2,9,4,0,5,0,2,2,3,2,13,14,9,7,4,7,11,18,40,60,1.28,0.80,1.73,1.82,3.00,100,100,100,0,0,50,100,50,100,8.00,7.00,6.50,3.90,1.53,1.33,1.95,3.30,6.50,2.10,1.69,Estádio Municipal 22 de Junho (Vila Nova de Famalicão)
1630256400,Aug 29 2021 - 5:00pm,complete,N/A,Benfica,CD Tondela,Tiago Bruno Lopes Martins,4,3.00,0.00,1.94,0.71,2,1,3,1,0,1,"71,88","22",11,0,2,0,3,0,1,1,2,1,24,4,11,3,13,1,10,20,75,25,2.50,1.02,2.90,0.59,2.50,50,100,50,0,0,50,100,50,50,8.00,4.00,1.10,10.50,23.00,1.12,1.37,1.87,3.00,2.25,1.59,Estádio do Sport Lisboa e Benfica (da Luz) (Lisboa)
1630256400,Aug 29 2021 - 5:00pm,complete,7590,Sporting Braga,Vitória Guimarães,Nuno Miguel Serrano Almeida,4,0.00,1.00,2.00,1.06,0,0,0,0,0,0,"","",6,6,2,0,5,0,2,0,2,3,23,11,7,2,16,9,12,16,61,39,1.81,1.36,2.39,1.11,1.50,50,50,50,0,0,0,50,50,50,15.00,7.00,1.87,3.40,4.10,1.32,1.87,3.05,5.75,1.80,2.00,Estádio Municipal de Braga (Braga)
1630265400,Aug 29 2021 - 7:30pm,complete,588,Santa Clara,Gil Vicente,Hugo Serafim Coelho Magalhães Silva,4,1.00,3.00,1.76,1.59,1,0,1,1,1,0,"12","",5,4,3,1,5,1,1,3,0,6,11,6,4,2,7,4,20,12,32,68,1.57,1.09,1.24,0.93,2.50,50,50,50,50,0,0,0,50,100,9.00,7.00,2.60,2.90,2.90,1.50,2.30,4.05,8.00,2.00,1.77,Estádio de São Miguel (Ponta Delgada- Ilha de São Miguel- Açores)
1630265400,Aug 29 2021 - 7:30pm,complete,N/A,Portimonense,Paços de Ferreira,João Pedro Silva Pinheiro,4,0.00,0.00,0.94,1.00,0,1,1,1,0,1,"","45'1",7,3,2,0,5,0,1,1,2,3,21,7,8,2,13,5,12,17,59,41,1.83,1.68,2.28,0.86,2.00,0,50,50,0,0,0,50,50,100,13.00,5.00,2.15,3.05,3.65,1.51,2.45,4.35,8.75,2.15,1.69,Estádio Municipal de Portimão (Portimão)
1631370600,Sep 11 2021 - 2:30pm,complete,N/A,Paços de Ferreira,Sporting Braga,Willy Delajod,5,1.50,3.00,1.24,1.82,0,0,0,0,0,0,"","",12,5,2,0,0,0,1,1,0,0,11,10,5,3,6,7,13,15,44,56,1.57,1.52,1.23,1.16,3.25,50,100,50,50,25,50,50,100,100,8.50,5.00,4.50,3.40,1.80,1.38,2.05,3.45,6.50,1.95,1.80,Estádio da Capital do Móvel (Paços de Ferreira)
1631379600,Sep 11 2021 - 5:00pm,complete,N/A,Santa Clara,Benfica,Rui Manuel Gomes Costa,5,2.00,3.00,1.76,2.41,0,5,5,1,0,1,"","42,53,58,62,68",7,2,2,0,1,0,1,1,1,0,12,9,7,6,5,3,20,20,31,69,1.40,2.09,1.52,1.23,2.50,50,75,50,25,0,25,50,50,50,12.50,9.00,5.20,4.05,1.56,1.33,1.65,2.80,6.00,2.00,1.80,Estádio de São Miguel (Ponta Delgada- Ilha de São Miguel- Açores)
1631388600,Sep 11 2021 - 7:30pm,complete,N/A,Sporting CP,Porto,Nuno Miguel Serrano Almeida,5,3.00,2.00,2.53,2.59,1,1,2,1,1,0,"16","71",5,4,6,0,5,1,4,2,3,3,11,6,6,2,5,4,19,20,47,53,2.29,1.58,1.38,0.84,2.50,50,100,50,0,0,50,75,25,75,9.50,2.50,2.55,3.05,2.90,1.40,2.10,3.45,6.75,1.87,1.91,Estádio José Alvalade (Lisboa)
1631457000,Sep 12 2021 - 2:30pm,complete,N/A,Moreirense FC,Famalicão,Manuel Mota,5,0.00,0.00,1.06,1.00,2,2,4,2,1,1,"11,71","20,47",6,4,2,0,3,0,0,2,2,1,8,15,3,7,5,8,14,9,41,59,1.38,1.35,0.90,1.73,3.25,75,100,75,25,25,50,75,75,75,9.00,8.00,2.70,3.15,2.60,1.36,2.08,3.50,6.75,1.87,1.91,Parque Desportivo Comendador Joaquim de Almeida Freitas (Moreira de Cónegos)
1631466000,Sep 12 2021 - 5:00pm,complete,N/A,Gil Vicente,FC Vizela,Fábio José Costa Veríssimo,5,1.50,0.00,1.41,0.82,2,2,4,1,0,1,"61,90","24,73",9,7,3,0,3,0,1,2,2,1,23,22,6,8,17,14,11,20,63,37,1.14,0.98,2.24,2.26,3.00,0,100,75,25,0,25,25,75,100,5.50,6.50,2.45,3.00,3.05,1.44,2.20,3.70,7.25,1.95,1.83,Estádio Cidade de Barcelos (Barcelos)
1631466000,Sep 12 2021 - 5:00pm,complete,N/A,Boavista FC,Portimonense,André Filipe Domingues Narciso,5,3.00,3.00,1.29,1.29,1,1,2,1,0,1,"90'2","45",9,2,3,0,5,0,0,3,1,4,14,8,3,4,11,4,16,10,49,51,1.10,0.96,1.39,1.09,2.25,0,75,50,0,0,25,75,25,100,8.50,6.50,2.85,2.90,2.65,1.51,2.40,4.15,8.25,2.10,1.71,Estádio do Bessa Século XXI (Porto)
1631475000,Sep 12 2021 - 7:30pm,complete,10462,Vitória Guimarães,Belenenses,Hélder Miguel Azevedo Malheiro,5,1.50,0.00,1.76,0.47,0,0,0,0,0,0,"","",5,7,4,2,4,0,2,4,0,4,13,19,4,7,9,12,18,17,38,62,2.15,0.61,1.47,2.03,2.25,0,75,25,25,0,0,50,25,100,10.50,6.50,1.44,4.20,7.50,1.34,1.91,3.25,6.00,2.10,1.69,Estádio Dom Afonso Henriques (Guimarães)
1631556000,Sep 13 2021 - 6:00pm,complete,N/A,CS Marítimo,FC Arouca,Manuel Antonio Rodrigues Oliveira,5,0.50,0.00,1.06,0.71,2,2,4,3,2,1,"35,45'11","8,82",5,2,4,1,6,0,2,3,2,4,13,19,6,4,7,15,18,15,49,51,0.78,0.56,1.50,1.84,2.25,25,100,25,0,0,75,75,25,50,6.50,6.00,2.35,3.00,3.20,1.53,2.40,4.25,8.50,2.10,1.71,Estádio da Madeira (Funchal (Ilha da Madeira))
1631564100,Sep 13 2021 - 8:15pm,complete,477,CD Tondela,GD Estoril Praia,Cláudio Filipe Ruivo Pereira,5,1.50,3.00,0.94,1.12,1,2,3,2,0,2,"50","20,44",6,5,2,0,7,0,1,1,2,5,20,9,5,4,15,5,18,24,58,42,1.33,1.55,1.95,1.16,3.00,25,100,75,25,0,50,100,50,100,7.50,5.50,3.10,3.25,2.35,1.33,1.93,3.35,6.50,1.83,1.95,Estádio João Cardoso (Tondela)
1631906100,Sep 17 2021 - 7:15pm,complete,N/A,Portimonense,Santa Clara,Luis Miguel Branco Godinho,6,0.00,0.00,0.94,0.59,2,1,3,3,2,1,"10,44","20",4,2,4,0,3,0,1,3,1,2,12,14,6,3,6,11,21,11,51,49,2.06,1.88,1.48,1.38,1.75,0,50,25,0,0,0,75,25,75,11.00,5.50,2.25,3.00,3.45,1.59,2.60,5.00,9.50,2.25,1.62,Estádio Municipal de Portimão (Portimão)
1631975400,Sep 18 2021 - 2:30pm,complete,N/A,Famalicão,CS Marítimo,Vitor Jorge Fernandes Ferreira,6,0.50,1.50,1.29,1.18,0,0,0,0,0,0,"","",7,5,3,0,3,0,1,2,1,2,16,5,4,2,12,3,20,19,56,44,1.50,1.37,1.74,0.73,2.75,100,100,75,0,0,75,75,25,75,6.50,9.00,1.83,3.50,4.15,1.39,2.10,3.50,6.75,2.00,1.80,Estádio Municipal 22 de Junho (Vila Nova de Famalicão)
1631984400,Sep 18 2021 - 5:00pm,complete,N/A,Belenenses,Gil Vicente,Miguel Bertolo Nogueira,6,0.50,1.50,1.06,1.59,1,1,2,0,0,0,"83","90'2",4,7,3,0,3,0,2,1,3,0,12,10,6,5,6,5,18,15,45,55,0.72,1.01,1.44,1.35,1.75,50,50,25,0,0,25,75,0,50,7.00,10.00,3.25,3.25,2.15,1.44,2.35,4.00,8.00,2.10,1.71,Estádio Dr. Magalhães Pessoa (Leiria)
1631993400,Sep 18 2021 - 7:30pm,complete,N/A,FC Arouca,Vitória Guimarães,Nuno Miguel Serrano Almeida,6,1.50,1.00,1.12,1.06,2,2,4,1,0,1,"75,90'4","7,72",6,4,1,0,2,0,0,1,2,0,12,13,6,3,6,10,17,10,56,44,2.03,1.23,1.48,1.35,1.25,25,50,25,0,0,0,50,25,50,14.00,7.00,3.65,3.30,2.05,1.40,2.10,3.55,6.75,1.95,1.83,Estádio Municipal de Arouca (Arouca)
1632061800,Sep 19 2021 - 2:30pm,complete,N/A,FC Vizela,Paços de Ferreira,Cláudio Filipe Ruivo Pereira,6,2.00,1.50,1.12,1.00,1,1,2,1,1,0,"44","50",5,4,5,0,2,1,2,3,2,1,23,14,8,4,15,10,14,10,63,37,2.00,1.27,2.51,1.47,2.25,50,75,50,0,0,0,75,75,75,16.50,6.50,2.38,3.20,3.20,1.44,2.32,3.80,7.50,2.00,1.77,Estádio Do Vizela (Caldas de Vizela)
1632070800,Sep 19 2021 - 5:00pm,complete,14009,Porto,Moreirense FC,António Emanuel Carvalho Nobre,6,3.00,1.00,2.76,0.65,5,0,5,1,1,0,"34,51,65,71,77","",6,5,2,0,3,0,0,2,2,1,20,6,9,0,11,6,11,9,67,33,2.19,1.78,2.23,0.84,2.75,50,100,50,25,0,25,75,25,100,13.50,8.00,1.17,7.50,16.00,1.17,1.49,2.20,3.75,2.25,1.62,Estádio Do Dragão (Porto)
1632079800,Sep 19 2021 - 7:30pm,complete,N/A,GD Estoril Praia,Sporting CP,Tiago Bruno Lopes Martins,6,2.00,2.00,1.18,2.47,0,1,1,0,0,0,"","67",7,9,3,0,2,0,0,3,0,2,9,10,3,2,6,8,9,6,45,55,1.02,1.31,1.06,1.13,2.00,75,75,50,0,0,25,50,50,75,9.50,9.00,5.50,3.55,1.67,1.36,2.00,3.40,6.50,2.00,1.77,Estádio António Coimbra da Mota (Estoril)
1632160800,Sep 20 2021 - 6:00pm,complete,N/A,Benfica,Boavista FC,Hugo Filipe Ferreira de Campos Moreira Miguel,6,3.00,0.50,1.94,0.94,3,1,4,3,2,1,"14,34,61","32",5,4,1,0,3,0,0,1,1,2,10,12,7,2,3,10,16,12,70,30,2.70,1.22,1.36,1.09,2.50,50,100,50,0,0,50,75,50,75,11.00,4.50,1.14,8.75,19.00,1.17,1.50,2.25,3.90,2.65,1.47,Estádio do Sport Lisboa e Benfica (da Luz) (Lisboa)
1632168900,Sep 20 2021 - 8:15pm,complete,N/A,Sporting Braga,CD Tondela,João Pedro Silva Pinheiro,6,0.50,0.00,2.00,0.71,3,1,4,0,0,0,"81,84,90","86",5,0,2,0,4,0,0,2,3,1,21,4,8,2,13,2,9,6,68,32,2.10,0.80,2.49,0.54,2.25,75,75,75,0,0,0,75,75,75,8.00,5.50,1.24,4.75,9.00,1.20,1.63,2.65,3.95,1.95,1.80,Estádio Municipal de Braga (Braga)
1632506400,Sep 24 2021 - 6:00pm,complete,18741,Sporting CP,CS Marítimo,João Pedro Silva Pinheiro,7,2.33,1.33,2.53,1.18,1,0,1,0,0,0,"90'8","",9,0,4,0,5,1,0,4,1,5,24,5,8,0,16,5,13,14,72,28,1.98,1.16,2.63,0.40,2.17,50,84,50,0,0,34,67,17,67,10.33,7.67,1.27,5.50,11.00,1.29,1.80,2.90,5.50,2.35,1.56,Estádio José Alvalade (Lisboa)
1632514500,Sep 24 2021 - 8:15pm,complete,N/A,Gil Vicente,Porto,Artur Manuel Ribeiro Soares Dias,7,1.33,1.67,1.41,2.59,1,2,3,2,1,1,"24","9,89",2,6,5,0,4,0,0,5,1,3,9,18,4,4,5,14,16,16,35,65,1.50,1.33,1.03,1.96,2.67,67,100,50,17,0,50,84,34,84,7.66,5.67,7.25,4.35,1.43,1.29,1.80,3.00,5.50,2.05,1.74,Estádio Cidade de Barcelos (Barcelos)
1632580200,Sep 25 2021 - 2:30pm,complete,N/A,Moreirense FC,FC Arouca,Fábio Oliveira Melo,7,0.33,0.33,1.06,0.71,2,1,3,1,1,0,"29,64","82",5,9,5,0,2,0,1,4,1,1,10,17,3,6,7,11,19,8,32,68,1.22,0.99,1.13,1.96,3.50,67,100,84,50,17,100,100,34,67,7.00,7.00,2.15,3.30,3.30,1.39,2.10,3.50,6.75,1.95,1.83,Parque Desportivo Comendador Joaquim de Almeida Freitas (Moreira de Cónegos)
1632589200,Sep 25 2021 - 5:00pm,complete,N/A,Vitória Guimarães,Benfica,Luis Miguel Branco Godinho,7,1.33,3.00,1.76,2.41,1,3,4,2,0,2,"78","30,41,73",5,5,0,0,1,0,0,0,0,1,15,16,4,5,11,11,16,11,45,55,1.92,1.80,1.65,1.73,2.50,17,67,50,33,17,17,34,50,67,13.34,7.33,4.60,3.75,1.75,1.31,1.86,3.10,5.50,1.87,1.91,Estádio Dom Afonso Henriques (Guimarães)
1632598200,Sep 25 2021 - 7:30pm,complete,N/A,CD Tondela,Famalicão,João António Ferreira Gonçalves,7,1.00,0.33,0.94,1.00,3,2,5,2,1,1,"33,78,84","40,50",4,3,6,0,5,1,1,5,1,5,14,15,8,8,6,7,20,11,58,42,1.54,1.48,1.72,1.81,3.00,50,100,84,17,0,50,84,67,100,10.33,6.00,3.10,3.25,2.25,1.36,2.00,3.30,6.25,1.83,1.95,Estádio João Cardoso (Tondela)
1632675600,Sep 26 2021 - 5:00pm,complete,1033,Santa Clara,Sporting Braga,Fábio José Costa Veríssimo,7,1.33,2.33,1.76,1.82,1,1,2,0,0,0,"90'5","71",5,5,3,0,1,0,2,1,1,0,16,10,4,5,12,5,11,20,44,56,1.44,1.40,1.52,1.30,2.83,33,67,50,50,33,17,50,67,67,9.34,5.67,3.90,3.30,1.95,1.36,2.00,3.25,6.00,1.83,1.95,Estádio de São Miguel (Ponta Delgada- Ilha de São Miguel- Açores)
1632684600,Sep 26 2021 - 7:30pm,complete,N/A,Portimonense,FC Vizela,António Emanuel Carvalho Nobre,7,1.00,0.33,0.94,0.82,0,0,0,0,0,0,"","",7,5,4,0,2,0,0,4,0,2,15,16,5,3,10,13,17,13,61,39,1.87,1.41,1.77,1.51,2.67,33,67,67,34,0,17,50,50,67,10.00,6.33,2.20,3.20,3.25,1.40,2.10,3.50,6.75,1.91,1.87,Estádio Municipal de Portimão (Portimão)
1632765600,Sep 27 2021 - 6:00pm,complete,1305,Paços de Ferreira,Belenenses,Nuno Miguel Serrano Almeida,7,1.33,0.33,1.24,0.47,2,2,4,2,2,0,"12,20","60,76",3,2,3,0,1,0,1,2,1,0,21,14,6,3,15,11,16,21,55,45,1.46,1.08,2.06,1.40,1.67,17,67,17,17,0,17,50,34,67,11.00,6.00,1.71,3.45,5.00,1.44,2.25,4.00,7.75,2.20,1.65,Estádio da Capital do Móvel (Paços de Ferreira)
1632773700,Sep 27 2021 - 8:15pm,complete,N/A,Boavista FC,GD Estoril Praia,Miguel Bertolo Nogueira,7,2.33,3.00,1.29,1.12,1,1,2,1,1,0,"24","71",2,13,3,0,2,0,1,2,0,2,10,12,4,2,6,10,15,11,37,63,1.20,1.42,1.03,1.28,2.67,50,100,50,17,0,34,100,33,100,9.00,7.33,2.60,3.00,2.85,1.50,2.35,4.05,7.75,2.05,1.74,Estádio do Bessa Século XXI (Porto)
1633111200,Oct 01 2021 - 6:00pm,complete,N/A,CS Marítimo,Moreirense FC,Hugo Serafim Coelho Magalhães Silva,8,0.67,0.67,1.06,0.65,0,0,0,0,0,0,"","",3,7,5,0,3,0,1,4,2,1,8,18,0,7,8,11,19,21,59,41,1.02,1.46,0.65,2.07,3.17,67,100,50,50,17,34,67,50,84,10.34,8.33,0.00,0.00,0.00,1.43,2.15,3.65,7.00,1.95,1.83,Estádio da Madeira (Funchal (Ilha da Madeira))
1633119300,Oct 01 2021 - 8:15pm,complete,N/A,Famalicão,Vitória Guimarães,Thomas Léonard,8,0.67,1.00,1.29,1.06,1,2,3,2,1,1,"5","34,59",8,0,2,1,5,0,0,3,3,2,16,9,5,5,11,4,15,23,53,47,1.58,1.27,1.68,1.17,1.50,50,50,33,17,0,17,33,33,50,10.33,7.00,0.00,0.00,0.00,1.38,2.05,3.35,6.50,1.80,1.95,Estádio Municipal 22 de Junho (Vila Nova de Famalicão)
1633185000,Oct 02 2021 - 2:30pm,complete,N/A,FC Vizela,Santa Clara,Hélder Miguel Azevedo Malheiro,8,1.67,0.00,1.12,0.59,1,1,2,0,0,0,"90'7","74",6,4,6,0,4,0,2,4,0,4,18,12,5,2,13,10,19,13,53,47,2.17,1.72,1.88,1.08,2.50,67,100,50,0,0,17,84,50,84,13.00,6.67,0.00,0.00,0.00,1.49,2.30,3.95,7.75,2.00,1.80,Estádio Do Vizela (Caldas de Vizela)
1633194000,Oct 02 2021 - 5:00pm,complete,N/A,Porto,Paços de Ferreira,Manuel Mota,8,3.00,1.33,2.76,1.00,2,1,3,2,1,1,"44,52","19",11,3,3,1,5,0,2,2,3,2,24,7,11,2,13,5,9,19,71,29,2.20,1.33,2.91,0.73,2.67,17,84,50,17,17,17,100,33,84,11.00,6.34,0.00,0.00,0.00,1.24,1.65,2.60,4.75,2.30,1.61,Estádio Do Dragão (Porto)
1633203000,Oct 02 2021 - 7:30pm,complete,N/A,FC Arouca,Sporting CP,Rui Manuel Gomes Costa,8,1.33,2.33,1.12,2.47,1,2,3,1,0,1,"51","14,54",4,5,3,0,5,0,1,2,1,4,13,11,7,10,6,1,22,13,43,57,1.85,1.25,1.53,1.63,2.50,67,84,50,17,0,0,67,67,100,14.00,5.67,0.00,0.00,0.00,1.36,2.00,3.40,6.50,2.10,1.69,Estádio Municipal de Arouca (Arouca)
1633271400,Oct 03 2021 - 2:30pm,complete,N/A,Belenenses,CD Tondela,André Filipe Domingues Narciso,8,0.67,0.00,1.06,0.71,0,2,2,1,0,1,"","3,65",1,4,5,0,2,0,0,5,1,1,15,11,6,6,9,5,20,10,53,47,0.96,0.71,1.86,1.36,2.83,100,100,67,17,0,17,67,67,84,4.66,8.00,2.36,3.40,2.80,1.40,2.15,3.60,7.00,1.91,1.87,Estádio Dr. Magalhães Pessoa (Leiria)
1633280400,Oct 03 2021 - 5:00pm,complete,N/A,Benfica,Portimonense,Fábio José Costa Veríssimo,8,3.00,2.33,1.94,1.29,0,1,1,0,0,0,"","66",13,4,2,0,5,0,2,0,1,4,26,7,8,4,18,3,14,22,69,31,2.25,1.00,2.84,0.96,2.50,50,84,50,17,0,50,84,17,84,10.67,5.33,0.00,0.00,0.00,1.24,1.62,2.55,4.65,2.30,1.61,Estádio do Sport Lisboa e Benfica (da Luz) (Lisboa)
1633280400,Oct 03 2021 - 5:00pm,complete,N/A,GD Estoril Praia,Gil Vicente,João Pedro Silva Pinheiro,8,1.33,1.33,1.18,1.59,2,2,4,3,2,1,"11,45'2","42,50",1,5,2,0,4,0,2,0,1,3,16,21,5,9,11,12,10,18,55,45,1.03,1.13,1.67,2.21,1.33,33,33,17,0,0,17,33,17,67,9.00,8.00,0.00,0.00,0.00,1.43,2.15,3.60,7.00,1.91,1.87,Estádio António Coimbra da Mota (Estoril)
1633289400,Oct 03 2021 - 7:30pm,complete,N/A,Sporting Braga,Boavista FC,Luis Miguel Branco Godinho,8,1.33,0.33,2.00,0.94,2,2,4,2,1,1,"25,52","12,89",3,1,2,0,5,0,0,2,2,3,16,8,10,4,6,4,15,13,68,32,2.23,1.18,2.14,0.95,2.67,67,84,67,33,0,34,50,50,84,9.34,5.33,0.00,0.00,0.00,1.27,1.74,2.75,5.00,1.95,1.83,Estádio Municipal de Braga (Braga)
1634930100,Oct 22 2021 - 7:15pm,complete,N/A,Vitória Guimarães,CS Marítimo,André Filipe Domingues Narciso,9,1.00,1.00,1.76,1.18,2,1,3,0,0,0,"76,90'1","89",14,2,1,0,1,0,0,1,0,1,28,9,12,5,16,4,21,15,57,43,1.85,0.97,3.24,1.12,2.00,38,50,50,25,0,38,38,25,63,10.25,8.25,1.58,3.85,5.75,1.42,2.30,4.15,8.25,2.05,1.70,Estádio Dom Afonso Henriques (Guimarães)
1634999400,Oct 23 2021 - 2:30pm,complete,855,Santa Clara,Famalicão,Hugo Serafim Coelho Magalhães Silva,9,1.25,0.25,1.76,1.00,0,2,2,1,0,1,"","44,54",1,5,3,2,1,1,1,4,0,2,11,13,2,6,9,7,11,19,60,40,1.46,1.56,0.98,1.56,3.25,63,88,63,50,25,25,63,88,88,10.25,8.25,2.25,3.10,2.90,1.38,2.10,3.65,7.25,1.91,1.91,Estádio de São Miguel (Ponta Delgada- Ilha de São Miguel- Açores)
1635008400,Oct 23 2021 - 5:00pm,complete,N/A,CD Tondela,Porto,Fábio José Costa Veríssimo,9,1.50,2.00,0.94,2.59,1,3,4,3,1,2,"4","20,43,79",3,10,2,1,4,0,3,0,2,2,4,24,3,9,1,15,9,24,29,71,1.58,1.49,0.61,2.63,3.00,75,100,75,13,13,75,100,25,88,8.75,6.25,7.50,4.80,1.42,1.23,1.67,2.80,4.60,1.91,1.91,Estádio João Cardoso (Tondela)
1635017400,Oct 23 2021 - 7:30pm,complete,35882,Sporting CP,Moreirense FC,Vitor Jorge Fernandes Ferreira,9,2.50,0.75,2.53,0.65,1,0,1,1,1,0,"16","",7,1,3,0,3,0,1,2,0,3,16,6,5,0,11,6,14,14,66,34,2.15,1.62,1.72,0.68,2.38,38,75,38,25,13,0,50,38,88,13.50,7.25,1.23,6.25,13.50,1.25,1.67,2.80,5.50,2.38,1.53,Estádio José Alvalade (Lisboa)
1635085800,Oct 24 2021 - 2:30pm,complete,1886,Paços de Ferreira,FC Arouca,António Emanuel Carvalho Nobre,9,1.25,0.25,1.24,0.71,0,0,0,0,0,0,"","",3,9,6,1,2,0,1,6,1,1,5,17,2,7,3,10,13,21,48,52,1.61,1.23,0.73,1.99,2.75,50,88,63,38,0,63,75,50,75,11.00,5.75,1.80,3.50,3.88,1.37,1.84,3.30,6.50,1.80,1.95,Estádio da Capital do Móvel (Paços de Ferreira)
1635094800,Oct 24 2021 - 5:00pm,complete,N/A,FC Vizela,Benfica,Luis Miguel Branco Godinho,9,1.50,3.00,1.12,2.41,0,1,1,0,0,0,"","90'8",7,12,3,0,3,0,2,1,0,3,16,15,5,7,11,8,12,11,32,68,2.09,1.79,1.60,2.13,2.88,75,100,50,25,13,25,63,75,88,13.75,6.75,8.00,4.64,1.39,1.27,1.85,3.20,5.25,1.91,1.91,Estádio Do Vizela (Caldas de Vizela)
1635103800,Oct 24 2021 - 7:30pm,complete,N/A,Portimonense,GD Estoril Praia,Nuno Miguel Serrano Almeida,9,1.00,2.50,0.94,1.12,0,2,2,0,0,0,"","59,72",6,1,1,0,3,0,0,1,0,3,24,7,4,3,20,4,18,15,61,39,1.84,1.39,2.35,0.90,2.00,50,63,38,13,0,38,75,13,63,11.75,7.00,2.32,3.14,3.24,1.50,2.50,4.70,10.00,2.05,1.70,Estádio Municipal de Portimão (Portimão)
1635184800,Oct 25 2021 - 6:00pm,complete,N/A,Gil Vicente,Sporting Braga,Tiago Bruno Lopes Martins,9,1.00,2.00,1.41,1.82,0,1,1,1,0,1,"","4",11,2,1,0,4,0,0,1,0,4,22,13,7,2,15,11,10,12,53,47,1.38,1.37,2.21,1.29,2.63,50,88,50,25,13,38,50,63,88,7.75,5.00,3.90,3.60,1.95,1.33,2.00,3.45,7.00,1.80,1.95,Estádio Cidade de Barcelos (Barcelos)
1635192900,Oct 25 2021 - 8:15pm,complete,N/A,Boavista FC,Belenenses,João Pedro Silva Pinheiro,9,2.00,0.50,1.29,0.47,0,0,0,0,0,0,"","",5,1,4,0,4,0,0,4,1,3,17,5,5,0,12,5,19,17,49,51,1.16,1.16,1.74,0.51,2.13,38,88,25,13,0,13,88,25,88,7.50,6.00,1.95,3.40,4.16,1.42,2.43,4.40,9.50,2.10,1.67,Estádio do Bessa Século XXI (Porto)
1635534900,Oct 29 2021 - 7:15pm,complete,N/A,FC Arouca,CD Tondela,Luis Miguel Branco Godinho,10,1.00,0.75,1.12,0.71,2,0,2,1,1,0,"31,68","",4,6,4,1,4,0,1,4,2,2,9,13,7,5,2,8,20,12,38,62,1.77,0.87,1.22,1.46,3.00,75,100,75,25,0,0,88,75,100,7.75,5.25,1.97,3.10,3.35,1.40,1.98,3.60,7.00,1.80,1.95,Estádio Municipal de Arouca (Arouca)
1635609600,Oct 30 2021 - 4:00pm,complete,N/A,Porto,Boavista FC,Tiago Bruno Lopes Martins,10,3.00,0.50,2.76,0.94,4,1,5,3,2,1,"21,41,47,90'6","30",4,6,4,0,4,0,0,4,2,2,20,10,13,4,7,6,7,10,72,28,2.38,1.12,2.77,1.04,3.25,50,100,75,38,13,63,88,38,100,10.25,6.50,1.23,6.30,11.50,1.14,1.50,2.33,4.00,2.15,1.68,Estádio Do Dragão (Porto)
1635616800,Oct 30 2021 - 6:00pm,complete,N/A,GD Estoril Praia,Benfica,João Pedro Silva Pinheiro,10,1.25,3.00,1.18,2.41,1,1,2,1,0,1,"90","2",4,10,3,0,2,0,1,2,0,2,9,18,3,9,6,9,14,13,40,60,1.19,1.85,1.06,2.33,2.50,45,65,55,33,10,45,55,30,78,10.05,6.10,7.54,4.82,1.41,1.22,1.91,3.00,5.50,1.87,1.87,Estádio António Coimbra da Mota (Estoril)
1635624900,Oct 30 2021 - 8:15pm,complete,21472,Sporting CP,Vitória Guimarães,Rui Manuel Gomes Costa,10,2.60,1.50,2.53,1.06,1,0,1,1,1,0,"31","",7,2,2,0,2,0,0,2,2,0,13,13,8,3,5,10,14,10,51,49,2.06,1.25,1.70,1.30,1.78,35,55,35,13,0,13,55,23,65,11.55,7.20,1.46,4.44,6.80,1.25,1.80,3.10,5.50,1.95,1.83,Estádio José Alvalade (Lisboa)
1635694200,Oct 31 2021 - 3:30pm,complete,N/A,CS Marítimo,Gil Vicente,David Rafael Oliveira Silva,10,0.75,1.25,1.06,1.59,1,2,3,2,1,1,"45","28,67",4,5,2,0,4,0,0,2,1,3,21,15,7,6,14,9,14,22,57,43,0.93,1.40,2.06,1.61,2.00,50,63,25,25,0,38,50,25,63,8.50,8.25,2.40,3.10,3.00,1.40,2.40,4.50,9.50,1.95,1.80,Estádio da Madeira (Funchal (Ilha da Madeira))
1635703200,Oct 31 2021 - 6:00pm,complete,N/A,Belenenses,Santa Clara,Vitor Jorge Fernandes Ferreira,10,0.50,0.25,1.06,0.59,2,1,3,1,1,0,"42,90'3","90",8,7,0,0,0,0,0,0,0,0,10,13,5,4,5,9,14,10,43,57,1.18,1.56,1.20,1.39,2.38,63,100,38,0,0,25,75,38,75,6.75,8.00,2.60,3.10,2.80,1.42,2.45,4.75,9.50,2.00,1.75,Estádio Nacional (Jamor- Oeiras)
1635712200,Oct 31 2021 - 8:30pm,complete,N/A,Famalicão,FC Vizela,André Filipe Domingues Narciso,10,0.50,0.50,1.29,0.82,1,1,2,0,0,0,"90'8","82",5,2,1,0,1,0,0,1,0,1,17,9,6,2,11,7,17,15,50,50,1.61,1.43,1.83,0.95,2.38,50,75,63,25,0,25,38,50,75,9.75,6.50,2.25,3.20,3.20,1.36,2.06,3.75,7.00,1.83,1.90,Estádio Municipal 22 de Junho (Vila Nova de Famalicão)
1635793200,Nov 01 2021 - 7:00pm,complete,N/A,Sporting Braga,Portimonense,Gustavo Fernandes Correia,10,1.25,2.50,2.00,1.29,3,0,3,1,1,0,"5,53,90'1","",3,5,3,0,6,0,1,2,3,3,19,6,6,3,13,3,10,7,53,47,2.20,0.99,1.87,0.85,2.25,50,63,50,25,0,25,50,38,88,9.00,6.50,1.44,4.00,7.50,1.32,1.80,3.44,6.83,2.05,1.70,Estádio Municipal de Braga (Braga)
1635801300,Nov 01 2021 - 9:15pm,complete,N/A,Moreirense FC,Paços de Ferreira,João António Ferreira Gonçalves,10,1.00,1.00,1.06,1.00,1,1,2,0,0,0,"86","64",4,7,1,0,1,0,0,1,1,0,9,12,2,6,7,6,13,13,52,48,1.20,1.18,1.04,1.44,3.00,75,88,75,25,13,50,100,50,75,8.75,7.75,2.30,3.20,3.10,1.36,2.20,3.83,7.66,1.80,1.95,Parque Desportivo Comendador Joaquim de Almeida Freitas (Moreira de Cónegos)
1636138800,Nov 05 2021 - 7:00pm,complete,N/A,Gil Vicente,FC Arouca,Hélder Miguel Azevedo Malheiro,11,0.80,0.40,1.41,0.71,1,1,2,1,0,1,"47","16",8,1,1,0,4,1,0,1,2,3,8,6,6,2,2,4,14,18,59,41,1.55,1.38,1.35,0.72,2.50,40,80,60,20,0,50,80,30,70,10.60,6.00,1.97,3.35,3.95,1.40,2.20,4.00,7.50,1.91,1.80,Estádio Cidade de Barcelos (Barcelos)
1636146900,Nov 05 2021 - 9:15pm,complete,N/A,Boavista FC,Famalicão,Manuel Mota,11,1.80,0.80,1.29,1.00,2,5,7,4,1,3,"44,74","3,16,45'1,48,72",6,2,4,2,3,0,2,4,1,2,11,14,6,11,5,3,13,14,51,49,1.27,1.56,1.35,1.88,2.50,50,90,40,20,10,20,80,50,90,9.40,7.20,3.20,3.20,2.30,1.36,2.20,3.75,7.50,1.85,1.85,Estádio do Bessa Século XXI (Porto)
1636212600,Nov 06 2021 - 3:30pm,complete,N/A,FC Vizela,GD Estoril Praia,David Rafael Oliveira Silva,11,1.20,2.60,1.12,1.12,1,1,2,0,0,0,"53","68",3,1,2,0,3,0,1,1,0,3,14,9,5,7,9,2,13,16,47,53,1.99,1.29,1.45,1.37,2.30,70,90,30,10,0,20,60,50,100,13.00,7.60,2.50,3.10,2.78,1.40,2.17,3.75,7.50,1.91,1.80,Estádio Do Vizela (Caldas de Vizela)
1636221600,Nov 06 2021 - 6:00pm,complete,N/A,Portimonense,Belenenses,António Emanuel Carvalho Nobre,11,0.80,0.60,0.94,0.47,2,0,2,1,1,0,"10,83","",6,5,5,0,4,0,1,4,2,2,18,19,7,4,11,15,20,14,51,49,1.94,1.03,1.89,1.80,1.50,20,50,20,10,0,20,50,20,50,8.40,6.00,1.92,3.15,4.10,1.44,2.17,4.33,8.00,2.10,1.67,Estádio Municipal de Portimão (Portimão)
1636230600,Nov 06 2021 - 8:30pm,complete,12396,Vitória Guimarães,Moreirense FC,Vitor Jorge Fernandes Ferreira,11,1.40,0.60,1.76,0.65,2,1,3,1,1,0,"19,85","88",5,9,2,0,1,0,2,0,1,0,14,21,7,2,7,19,12,8,55,45,2.13,1.43,1.68,1.76,2.40,40,60,50,40,10,10,40,50,70,14.00,6.60,1.72,3.55,4.65,1.33,2.06,3.40,6.50,2.00,1.73,Estádio Dom Afonso Henriques (Guimarães)
1636293600,Nov 07 2021 - 2:00pm,complete,N/A,CD Tondela,CS Marítimo,Gustavo Fernandes Correia,11,1.20,0.80,0.94,1.18,4,2,6,3,3,0,"15,20,43,90'9","75,90'1",3,4,3,0,8,1,1,2,4,5,16,21,9,11,7,10,22,20,44,56,1.39,1.00,1.80,2.50,2.80,60,80,80,20,10,60,70,30,80,7.40,7.60,2.20,3.20,3.20,1.35,2.10,3.75,7.50,1.83,1.90,Estádio João Cardoso (Tondela)
1636304400,Nov 07 2021 - 5:00pm,complete,3745,Santa Clara,Porto,Rui Manuel Gomes Costa,11,1.00,2.20,1.76,2.59,0,3,3,1,0,1,"","42,46,77",1,8,2,1,2,0,1,2,1,1,3,25,2,12,1,13,13,15,30,70,1.37,1.72,0.48,3.05,2.80,70,90,50,30,10,40,80,30,80,9.80,7.40,5.60,4.14,1.56,1.25,1.85,3.10,6.00,2.00,1.80,Estádio de São Miguel (Ponta Delgada- Ilha de São Miguel- Açores)
1636311600,Nov 07 2021 - 7:00pm,complete,5903,Paços de Ferreira,Sporting CP,Luis Miguel Branco Godinho,11,1.20,2.50,1.24,2.47,0,2,2,0,0,0,"","47,69",4,10,2,0,0,0,1,1,0,0,10,23,2,11,8,12,14,12,43,57,1.43,1.35,0.99,2.50,2.13,58,68,45,20,0,20,45,68,80,12.80,7.40,4.98,3.88,1.66,1.33,1.89,3.60,7.00,2.05,1.75,Estádio da Capital do Móvel (Paços de Ferreira)
1636319700,Nov 07 2021 - 9:15pm,complete,N/A,Benfica,Sporting Braga,Artur Manuel Ribeiro Soares Dias,11,2.25,2.20,1.94,1.82,6,1,7,5,4,1,"2,37,42,45'3,52,59","12",2,6,3,0,2,0,0,3,1,1,14,8,8,5,6,3,13,12,62,38,2.40,1.36,1.77,1.09,2.25,45,68,35,23,10,35,58,43,68,11.85,3.50,1.54,4.34,5.60,1.22,1.67,2.90,5.00,1.78,2.00,Estádio do Sport Lisboa e Benfica (da Luz) (Lisboa)
1637957700,Nov 26 2021 - 8:15pm,complete,N/A,Moreirense FC,Gil Vicente,Manuel Antonio Rodrigues Oliveira,12,1.00,1.60,1.06,1.59,2,2,4,0,0,0,"49,90'6","68,77",5,5,3,0,5,0,1,2,2,3,16,14,3,8,13,6,19,13,39,61,1.17,1.44,1.48,1.88,2.80,80,80,60,30,10,50,70,50,80,9.20,7.20,2.40,3.10,3.10,1.42,2.30,4.20,8.10,1.95,1.80,Parque Desportivo Comendador Joaquim de Almeida Freitas (Moreira de Cónegos)
1638027000,Nov 27 2021 - 3:30pm,complete,N/A,Famalicão,Portimonense,Fábio José Costa Veríssimo,12,0.60,2.00,1.29,1.29,0,3,3,2,0,2,"","23,39,70",8,3,1,0,3,0,0,1,0,3,21,11,4,6,17,5,16,10,54,46,1.65,0.96,2.03,1.35,2.00,50,70,40,0,0,30,50,30,90,9.20,7.60,1.87,3.33,4.37,1.44,2.20,4.50,9.50,2.05,1.70,Estádio Municipal 22 de Junho (Vila Nova de Famalicão)
1638036000,Nov 27 2021 - 6:00pm,complete,N/A,FC Arouca,Boavista FC,João Pedro Silva Pinheiro,12,1.40,0.40,1.12,0.94,2,1,3,1,1,0,"11,90'1","54",2,1,3,0,4,0,0,3,2,2,10,14,8,3,2,11,14,23,53,47,1.66,1.10,1.63,1.26,3.20,70,100,70,40,10,40,90,60,100,9.00,6.40,2.16,3.32,3.32,1.36,1.99,3.75,7.50,1.80,1.95,Estádio Municipal de Arouca (Arouca)
1638045000,Nov 27 2021 - 8:30pm,complete,N/A,Belenenses,Benfica,Manuel Mota,12,1.00,2.67,1.06,2.41,0,7,7,7,0,7,"","1,14,27,32,34,39,45",2,4,0,0,0,0,0,0,0,0,0,19,0,14,0,5,2,3,50,50,1.19,1.93,0.02,2.71,2.62,65,92,45,17,9,27,74,45,82,11.13,6.30,10.50,5.00,1.20,1.22,1.65,2.80,5.00,2.38,1.53,Estádio Nacional (Jamor- Oeiras)
1638113400,Nov 28 2021 - 3:30pm,complete,N/A,CS Marítimo,Paços de Ferreira,Cláudio Filipe Ruivo Pereira,12,0.60,1.00,1.06,1.00,2,0,2,0,0,0,"49,78","",2,8,2,0,3,0,1,1,1,2,10,17,5,5,5,12,15,19,49,51,1.15,1.23,1.19,1.74,2.20,60,80,40,10,0,40,70,30,70,8.60,7.20,2.72,3.03,2.72,1.40,2.28,4.20,8.00,1.95,1.80,Estádio dos Barreiros (Funchal (Ilha da Madeira))
1638122400,Nov 28 2021 - 6:00pm,complete,34058,Sporting CP,CD Tondela,Hugo Filipe Ferreira de Campos Moreira Miguel,12,2.67,0.60,2.53,0.71,2,0,2,1,1,0,"10,50","",1,4,3,0,3,0,1,2,1,2,11,5,9,2,2,3,16,11,62,38,2.00,0.99,1.68,0.62,2.24,39,75,39,10,0,0,74,39,84,9.63,6.20,1.21,5.84,15.10,1.19,1.65,2.40,4.40,2.25,1.57,Estádio José Alvalade (Lisboa)
1638131400,Nov 28 2021 - 8:30pm,complete,N/A,Porto,Vitória Guimarães,Luis Miguel Branco Godinho,12,3.00,1.20,2.76,1.06,2,1,3,2,1,1,"38,59","36",5,2,2,0,5,1,1,1,3,3,8,7,4,3,4,4,16,15,71,29,2.46,1.26,0.95,0.75,2.60,40,70,60,30,20,40,80,30,70,10.80,6.80,1.30,4.75,8.50,1.20,1.65,2.60,4.50,2.00,1.75,Estádio Do Dragão (Porto)
1638216900,Nov 29 2021 - 8:15pm,complete,N/A,GD Estoril Praia,Santa Clara,Fábio Oliveira Melo,12,1.20,0.20,1.18,0.59,2,2,4,2,1,1,"24,88","15,64",4,3,2,0,2,0,0,2,1,1,12,11,8,6,4,5,11,15,59,41,1.17,1.52,1.71,1.38,2.30,60,80,50,10,0,30,70,30,80,8.00,6.00,2.06,3.06,3.35,1.41,2.30,4.20,8.10,1.95,1.80,Estádio António Coimbra da Mota (Estoril)
1638303300,Nov 30 2021 - 8:15pm,complete,N/A,Sporting Braga,FC Vizela,Vitor Jorge Fernandes Ferreira,12,1.60,0.60,2.00,0.82,4,1,5,2,2,0,"27,45,57,90'3","72",10,1,1,0,0,0,0,1,0,0,19,9,9,3,10,6,11,10,54,46,2.14,1.34,2.21,1.00,2.70,50,80,70,40,0,10,40,80,80,8.80,5.00,1.35,4.35,6.50,1.20,1.69,2.80,5.00,1.95,1.80,Estádio Municipal de Braga (Braga)
1638558000,Dec 03 2021 - 7:00pm,complete,N/A,Portimonense,Porto,Manuel Antonio Rodrigues Oliveira,13,1.17,2.33,0.94,2.59,0,3,3,1,0,1,"","45'3,70,75",3,6,3,0,1,0,1,2,0,1,8,24,5,9,3,15,11,14,41,59,1.93,1.94,1.07,2.53,2.17,50,75,42,9,0,42,75,17,67,11.50,6.17,7.07,4.24,1.45,1.29,1.77,3.00,5.50,2.05,1.70,Estádio Municipal de Portimão (Portimão)
1638566100,Dec 03 2021 - 9:15pm,complete,N/A,Benfica,Sporting CP,Artur Manuel Ribeiro Soares Dias,13,2.40,2.60,1.94,2.47,1,3,4,1,0,1,"90'6","8,62,68",3,3,3,0,6,0,2,1,5,1,13,16,4,7,9,9,15,19,66,34,2.27,1.58,1.64,1.74,2.80,60,80,50,20,10,30,60,60,90,14.60,5.00,1.74,3.66,4.59,1.30,1.89,3.25,6.00,1.80,1.91,Estádio do Sport Lisboa e Benfica (da Luz) (Lisboa)
1638640800,Dec 04 2021 - 6:00pm,complete,N/A,Boavista FC,CS Marítimo,Hélder Miguel Azevedo Malheiro,13,1.50,0.67,1.29,1.18,1,1,2,1,1,0,"5","90'5",2,6,3,1,5,1,3,1,2,4,5,9,3,4,2,5,23,14,39,61,1.28,1.25,0.81,1.46,2.67,59,75,50,17,17,34,67,33,75,8.00,9.00,2.20,3.05,3.15,1.45,2.25,4.50,9.50,2.00,1.75,Estádio do Bessa Século XXI (Porto)
1638649800,Dec 04 2021 - 8:30pm,complete,1989,Paços de Ferreira,Vitória Guimarães,João Pedro Silva Pinheiro,13,1.00,1.00,1.24,1.06,1,2,3,1,1,0,"34","70,90",4,6,2,0,4,0,1,1,2,2,9,17,5,6,4,11,12,17,42,58,1.36,1.17,1.18,1.80,1.92,42,59,42,25,0,33,50,42,59,9.33,7.17,2.90,3.00,2.40,1.40,2.15,4.20,8.00,1.90,1.87,Estádio da Capital do Móvel (Paços de Ferreira)
1638718200,Dec 05 2021 - 3:30pm,complete,687,Santa Clara,FC Arouca,António Emanuel Carvalho Nobre,13,0.83,0.50,1.76,0.71,2,1,3,3,2,1,"21,45'5","45'1",1,8,4,0,4,0,0,4,1,3,8,15,5,6,3,9,16,16,44,56,1.22,1.27,1.05,1.66,2.58,42,83,50,25,9,25,75,42,75,8.67,7.33,2.35,3.10,3.20,1.40,2.15,4.20,8.50,1.95,1.83,Estádio de São Miguel (Ponta Delgada- Ilha de São Miguel- Açores)
1638727200,Dec 05 2021 - 6:00pm,complete,3017,Gil Vicente,Famalicão,Rui Manuel Gomes Costa,13,0.83,1.17,1.41,1.00,4,0,4,3,3,0,"3,22,40,76","",4,1,3,0,3,0,2,1,1,2,19,11,10,2,9,9,16,11,58,42,1.52,1.61,2.20,1.09,3.17,59,92,59,34,17,42,83,58,92,10.00,6.50,2.80,3.10,2.60,1.38,2.20,4.00,8.00,1.87,1.90,Estádio Cidade de Barcelos (Barcelos)
1638736200,Dec 05 2021 - 8:30pm,complete,5000,Sporting Braga,GD Estoril Praia,Gustavo Fernandes Correia,13,1.83,2.33,2.00,1.12,2,0,2,2,2,0,"34,39","",2,7,5,1,3,0,3,3,0,3,14,15,3,8,11,7,15,19,51,49,2.15,1.30,1.37,1.82,2.84,67,92,58,34,9,33,67,67,92,9.83,5.67,1.53,4.00,6.50,1.25,1.83,3.10,5.50,1.90,1.87,Estádio Municipal de Braga (Braga)
1639167300,Dec 10 2021 - 8:15pm,complete,1542,Paços de Ferreira,Gil Vicente,Artur Manuel Ribeiro Soares Dias,14,0.86,1.50,1.24,1.59,0,1,1,0,0,0,"","90'5",7,5,3,0,2,0,2,1,1,1,12,14,3,6,9,8,17,10,41,59,1.33,1.51,1.30,1.70,2.32,55,69,47,31,0,31,47,52,77,10.29,7.17,2.66,3.14,2.82,1.45,2.48,4.60,9.00,2.00,1.73,Estádio da Capital do Móvel (Paços de Ferreira)
1639236600,Dec 11 2021 - 3:30pm,complete,N/A,CS Marítimo,Santa Clara,Fábio José Costa Veríssimo,14,1.00,0.33,1.06,0.59,4,1,5,3,2,1,"18,38,60,69","1",4,2,1,0,3,0,0,1,0,3,10,11,5,5,5,6,14,15,51,49,1.16,1.50,1.28,1.22,2.50,59,92,50,17,0,42,67,50,75,7.66,6.00,2.10,2.95,3.00,1.47,2.31,4.74,9.30,2.05,1.75,Estádio dos Barreiros (Funchal (Ilha da Madeira))
1639245600,Dec 11 2021 - 6:00pm,complete,N/A,Vitória Guimarães,CD Tondela,Fábio Oliveira Melo,14,1.67,0.50,1.76,0.71,5,2,7,4,2,2,"32,41,62,81,88","18,27",0,8,3,0,4,1,3,0,3,2,21,9,12,4,9,5,21,18,51,49,2.06,0.93,2.48,1.04,2.59,50,84,59,25,0,9,58,59,92,10.83,5.84,1.40,4.10,6.00,1.21,1.68,2.64,4.55,1.86,1.94,Estádio Dom Afonso Henriques (Guimarães)
1639254600,Dec 11 2021 - 8:30pm,complete,18551,Sporting CP,Boavista FC,Nuno Miguel Serrano Almeida,14,2.71,0.33,2.53,0.94,2,0,2,0,0,0,"53,59","",10,3,0,0,1,0,0,0,0,1,23,5,8,3,15,2,12,16,61,39,1.96,1.13,2.36,0.73,2.61,49,79,49,25,9,34,77,41,86,9.17,6.67,1.15,6.25,14.00,1.17,1.58,2.23,4.40,2.38,1.53,Estádio José Alvalade (Lisboa)
1639323000,Dec 12 2021 - 3:30pm,complete,2000,Moreirense FC,Portimonense,João Pedro Silva Pinheiro,14,1.00,2.17,1.06,1.29,0,1,1,0,0,0,"","87",6,1,2,0,2,0,0,2,0,2,14,8,4,6,10,2,14,15,52,48,1.22,1.03,1.52,1.08,2.84,59,84,67,25,9,42,67,50,92,8.33,7.50,2.40,3.00,3.10,1.44,2.37,4.50,8.70,2.00,1.80,Parque Desportivo Comendador Joaquim de Almeida Freitas (Moreira de Cónegos)
1639323000,Dec 12 2021 - 3:30pm,complete,N/A,Belenenses,GD Estoril Praia,Hélder Miguel Azevedo Malheiro,14,0.83,2.00,1.06,1.12,0,1,1,1,0,1,"","42",0,14,2,0,1,0,0,2,0,1,8,25,0,9,8,16,10,11,43,57,0.99,1.38,0.64,2.68,2.80,62,100,40,16,9,38,77,38,77,8.21,6.60,4.00,3.40,1.86,1.41,2.19,4.10,7.80,2.06,1.76,Estádio Nacional (Jamor- Oeiras)
1639332000,Dec 12 2021 - 6:00pm,complete,N/A,Famalicão,Benfica,Hugo Filipe Ferreira de Campos Moreira Miguel,14,0.50,2.71,1.29,2.41,1,4,5,3,1,2,"25","6,14,46,56",5,2,2,0,2,0,1,1,1,1,15,6,3,5,12,1,13,13,41,59,1.71,2.04,1.47,0.95,2.80,55,85,54,22,15,47,61,38,77,12.36,4.81,7.20,4.60,1.38,1.22,1.67,2.70,4.74,1.90,1.87,Estádio Municipal 22 de Junho (Vila Nova de Famalicão)
1639341000,Dec 12 2021 - 8:30pm,complete,22307,Porto,Sporting Braga,António Emanuel Carvalho Nobre,14,3.00,1.83,2.76,1.82,1,0,1,1,1,0,"22","",6,3,3,0,5,0,1,2,2,3,19,8,4,0,15,8,12,15,52,48,2.20,1.31,1.92,0.71,3.17,50,84,58,33,33,50,75,50,84,10.33,5.00,1.42,4.50,6.60,1.23,1.73,2.82,4.94,1.85,1.95,Estádio Do Dragão (Porto)
1639426500,Dec 13 2021 - 8:15pm,complete,N/A,FC Arouca,FC Vizela,Tiago Bruno Lopes Martins,14,1.67,0.50,1.12,0.82,1,4,5,4,0,4,"55","9,16,18,38",6,4,2,0,4,0,1,1,2,2,17,12,3,7,14,5,11,18,57,43,1.65,1.28,1.85,1.39,2.92,59,92,67,34,9,9,67,75,92,8.50,5.00,2.48,3.31,3.00,1.41,2.25,4.10,7.90,1.90,1.80,Estádio Municipal de Arouca (Arouca)
1639767600,Dec 17 2021 - 7:00pm,complete,636,Santa Clara,Vitória Guimarães,Hugo Serafim Coelho Magalhães Silva,15,1.14,1.29,1.76,1.06,1,0,1,1,1,0,"40","",8,2,2,0,3,0,1,1,0,3,17,9,5,0,12,9,12,16,44,56,1.19,1.26,1.65,0.89,2.43,50,72,57,22,7,22,71,43,64,7.71,8.00,2.80,3.20,2.45,1.35,2.03,3.75,7.50,1.83,1.95,Estádio de São Miguel (Ponta Delgada- Ilha de São Miguel- Açores)
1639775700,Dec 17 2021 - 9:15pm,complete,N/A,GD Estoril Praia,Famalicão,Nuno Miguel Serrano Almeida,15,1.17,1.00,1.18,1.00,2,2,4,3,2,1,"45,45'2","42,53",7,2,3,0,5,0,1,2,2,3,12,9,5,6,7,3,11,18,62,38,1.26,1.54,1.55,1.21,3.10,62,84,61,45,15,54,77,44,92,7.36,6.88,2.60,3.20,2.70,1.38,2.16,4.00,8.00,1.87,1.90,Estádio António Coimbra da Mota (Estoril)
1639841400,Dec 18 2021 - 3:30pm,complete,669,CD Tondela,Paços de Ferreira,Vitor Jorge Fernandes Ferreira,15,1.50,0.83,0.94,1.00,0,1,1,0,0,0,"","81",7,6,2,0,4,0,0,2,1,3,12,11,9,7,3,4,9,18,54,46,1.46,1.32,1.61,1.43,3.09,59,92,67,25,17,50,84,50,92,9.67,6.66,2.38,3.15,2.90,1.30,2.00,3.30,6.00,1.75,1.95,Estádio João Cardoso (Tondela)
1639841400,Dec 18 2021 - 3:30pm,complete,N/A,Portimonense,FC Arouca,Miguel Bertolo Nogueira,15,1.00,0.43,0.94,0.71,1,1,2,0,0,0,"71","52",5,6,3,0,4,0,1,2,0,4,13,20,5,6,8,14,16,15,60,40,1.81,1.33,1.56,1.89,2.07,36,72,43,7,0,36,72,22,57,10.57,6.57,2.05,3.20,3.55,1.42,2.30,4.33,8.50,2.00,1.78,Estádio Municipal de Portimão (Portimão)
1639859400,Dec 18 2021 - 8:30pm,complete,N/A,Gil Vicente,Sporting CP,Tiago Bruno Lopes Martins,15,1.14,2.67,1.41,2.47,0,3,3,0,0,0,"","53,64,90'3",1,5,1,1,5,1,1,1,4,2,8,18,5,9,3,9,9,11,47,53,1.61,1.60,1.09,2.14,2.61,55,85,54,23,0,22,68,56,93,12.26,6.38,6.00,4.10,1.50,1.28,1.93,3.30,6.50,2.00,1.80,Estádio Cidade de Barcelos (Barcelos)
1639933200,Dec 19 2021 - 5:00pm,complete,N/A,Benfica,CS Marítimo,António Emanuel Carvalho Nobre,15,2.00,0.71,1.94,1.18,7,1,8,3,3,0,"3,18,34,48,57,86,90'1","81",1,3,1,0,2,0,1,0,2,0,18,10,9,2,9,8,21,12,60,40,2.17,1.28,2.13,0.95,3.04,69,77,62,32,16,47,70,40,77,9.90,7.29,1.13,8.44,22.63,1.14,1.45,2.30,3.75,2.38,1.53,Estádio do Sport Lisboa e Benfica (da Luz) (Lisboa)
1639933200,Dec 19 2021 - 5:00pm,complete,N/A,Boavista FC,Moreirense FC,Jérémie Pignard,15,1.43,0.50,1.29,0.65,1,0,1,1,1,0,"34","",5,7,1,1,2,0,1,1,1,1,15,12,5,5,10,7,15,13,49,51,1.22,1.48,1.56,1.42,2.54,54,77,40,24,16,7,77,40,77,10.60,7.19,2.66,3.10,2.94,1.45,2.35,4.50,9.50,2.00,1.78,Estádio do Bessa Século XXI (Porto)
1639940400,Dec 19 2021 - 7:00pm,complete,4970,FC Vizela,Porto,Hélder Miguel Azevedo Malheiro,15,1.17,2.43,1.12,2.59,0,4,4,2,0,2,"","14,19,47,64",3,11,1,1,1,0,1,1,0,1,11,17,5,8,6,9,12,8,34,66,1.90,2.03,1.25,2.07,2.43,77,92,44,7,0,29,67,48,93,12.88,6.38,7.60,4.69,1.43,1.20,1.70,2.75,4.75,2.00,1.75,Estádio Do Vizela (Caldas de Vizela)
1639947600,Dec 19 2021 - 9:00pm,complete,N/A,Sporting Braga,Belenenses,Luis Miguel Branco Godinho,15,2.00,0.50,2.00,0.47,1,0,1,1,1,0,"1","",6,3,4,0,4,0,1,3,1,3,18,7,5,2,13,5,22,14,59,41,2.04,1.16,1.91,0.72,2.34,37,77,44,30,7,30,69,44,69,8.00,6.04,1.20,6.80,14.00,1.19,1.55,2.48,4.33,2.50,1.54,Estádio Municipal de Braga (Braga)
1640710800,Dec 28 2021 - 5:00pm,complete,N/A,CD Tondela,Gil Vicente,Gustavo Fernandes Correia,16,1.29,1.71,0.94,1.59,0,3,3,0,0,0,"","58,77,90'3",6,2,5,0,2,0,2,3,2,0,10,14,4,7,6,7,21,10,46,54,1.48,1.54,1.16,1.62,2.93,57,72,65,36,15,50,65,36,93,9.57,7.00,3.30,3.35,2.20,1.35,1.98,3.75,7.50,1.83,1.91,Estádio João Cardoso (Tondela)
1640718000,Dec 28 2021 - 7:00pm,complete,N/A,CS Marítimo,FC Vizela,Hugo Serafim Coelho Magalhães Silva,16,1.29,0.86,1.06,0.82,2,0,2,0,0,0,"54,72","",2,4,2,0,4,1,1,1,2,3,12,8,6,2,6,6,18,15,59,41,1.18,1.30,1.47,0.85,2.93,57,86,57,43,22,43,50,57,79,7.14,5.57,2.90,3.20,2.55,1.42,2.25,4.50,9.00,1.91,1.80,Estádio dos Barreiros (Funchal (Ilha da Madeira))
1640725200,Dec 28 2021 - 9:00pm,complete,N/A,Moreirense FC,GD Estoril Praia,Manuel Mota,16,0.86,2.13,1.06,1.12,1,0,1,1,1,0,"28","",7,11,2,0,4,0,0,2,1,3,8,15,3,4,5,11,13,11,33,67,1.26,1.54,0.96,1.75,2.70,68,87,48,28,7,41,66,55,81,10.45,6.13,2.72,3.20,2.79,1.42,2.19,4.33,8.50,1.91,1.80,Parque Desportivo Comendador Joaquim de Almeida Freitas (Moreira de Cónegos)
1640804400,Dec 29 2021 - 7:00pm,complete,5000,Vitória Guimarães,Boavista FC,Rui Manuel Gomes Costa,16,1.86,0.29,1.76,0.94,1,1,2,0,0,0,"81","85",11,4,6,0,2,0,1,5,1,1,16,10,2,3,14,7,23,16,59,41,2.12,1.07,1.56,0.98,3.22,64,86,71,43,14,43,57,71,93,9.85,6.00,1.66,3.65,4.85,1.25,1.82,3.10,6.00,1.83,1.91,Estádio Dom Afonso Henriques (Guimarães)
1640811600,Dec 29 2021 - 9:00pm,complete,21038,Sporting CP,Portimonense,António Emanuel Carvalho Nobre,16,2.75,2.29,2.53,1.29,3,2,5,1,0,1,"65,76,83","21,90'2",5,0,4,0,2,1,3,1,2,1,24,8,12,4,12,4,15,10,70,30,2.01,1.04,2.80,0.94,1.88,14,60,28,0,0,15,60,20,88,10.07,6.63,1.31,5.20,10.00,1.25,1.80,3.10,5.50,2.25,1.57,Estádio José Alvalade (Lisboa)
1640883600,Dec 30 2021 - 5:00pm,complete,618,Paços de Ferreira,Santa Clara,David Rafael Oliveira Silva,16,0.75,0.29,1.24,0.59,2,1,3,1,0,1,"69,82","41",2,4,4,0,3,1,2,2,1,3,10,9,3,4,7,5,15,23,55,45,1.33,1.46,1.08,1.09,2.57,55,82,55,27,7,34,62,67,81,9.50,5.57,2.24,3.01,3.10,1.44,2.20,4.50,9.50,1.91,1.80,Estádio da Capital do Móvel (Paços de Ferreira)
1640890800,Dec 30 2021 - 7:00pm,complete,N/A,FC Arouca,Sporting Braga,Manuel Antonio Rodrigues Oliveira,16,1.43,1.57,1.12,1.82,0,6,6,3,0,3,"","5,12,26,71,74,80",1,1,1,0,2,0,1,0,0,2,7,10,0,8,7,2,14,16,51,49,1.68,1.23,0.68,1.34,2.86,57,79,50,29,22,22,79,57,79,8.86,5.14,3.34,3.28,2.02,1.30,1.90,3.40,6.50,1.91,1.83,Estádio Municipal de Arouca (Arouca)
1640898000,Dec 30 2021 - 9:00pm,complete,46250,Porto,Benfica,Hugo Filipe Ferreira de Campos Moreira Miguel,16,3.00,2.75,2.76,2.41,3,1,4,2,2,0,"34,37,68","46",5,7,3,0,4,1,1,2,2,3,17,14,9,5,8,9,13,13,54,46,2.16,1.91,1.92,1.51,3.39,47,87,67,40,34,54,88,40,81,12.54,5.13,1.75,3.70,4.38,1.28,1.81,3.30,6.00,1.80,2.00,Estádio Do Dragão (Porto)
1641148200,Jan 02 2022 - 6:30pm,complete,N/A,FC Vizela,Belenenses,João António Ferreira Gonçalves,13,1.00,0.43,1.12,0.47,2,0,2,2,2,0,"12,34","",4,10,2,0,4,0,1,1,4,0,13,20,5,7,8,13,12,21,39,61,1.81,1.10,1.51,2.15,1.93,43,72,22,14,0,14,57,43,79,9.57,7.00,1.94,3.48,4.05,1.47,2.17,4.75,9.50,2.00,1.75,Estádio Do Vizela (Caldas de Vizela)
1641240900,Jan 03 2022 - 8:15pm,complete,467,CD Tondela,Moreirense FC,Hugo Serafim Coelho Magalhães Silva,13,1.13,0.43,0.94,0.65,2,1,3,1,0,1,"63,90'11","22",1,3,2,0,2,0,0,2,1,1,11,9,8,6,3,3,12,21,49,51,1.44,1.47,1.50,1.33,2.90,47,73,66,34,20,32,73,47,79,11.04,6.52,2.66,3.38,2.65,1.30,2.00,3.30,6.50,1.75,2.05,Estádio João Cardoso (Tondela)
1641580200,Jan 07 2022 - 6:30pm,complete,1761,Santa Clara,Sporting CP,Rui Manuel Gomes Costa,17,1.38,2.71,1.76,2.47,3,2,5,2,1,1,"30,51,78","10,50",3,3,6,0,3,1,0,6,2,2,10,17,5,5,5,12,12,6,35,65,1.25,1.68,1.12,1.85,2.60,48,81,54,20,7,7,59,68,82,10.70,7.89,6.25,4.10,1.51,1.30,1.93,3.40,6.50,2.20,1.63,Estádio de São Miguel (Ponta Delgada- Ilha de São Miguel- Açores)
1641655800,Jan 08 2022 - 3:30pm,complete,3009,FC Vizela,Moreirense FC,Hugo Filipe Ferreira de Campos Moreira Miguel,17,1.25,0.38,1.12,0.65,0,1,1,0,0,0,"","59",8,5,0,1,6,0,0,1,0,6,17,15,5,6,12,9,11,18,52,48,1.77,1.46,1.83,1.70,2.32,57,76,38,19,7,13,63,57,76,12.13,6.38,2.36,3.15,3.04,1.42,2.19,4.33,8.50,1.95,1.83,Estádio Do Vizela (Caldas de Vizela)
1641664800,Jan 08 2022 - 6:00pm,complete,N/A,GD Estoril Praia,Porto,António Emanuel Carvalho Nobre,17,1.14,2.50,1.18,2.59,2,3,5,2,2,0,"38,43","49,84,89",2,7,5,0,2,0,0,5,0,2,10,24,6,4,4,20,15,18,36,64,1.30,2.03,1.28,2.21,2.79,67,86,66,34,0,60,86,26,87,10.38,5.64,27.80,9.25,1.08,1.14,1.44,2.25,3.60,3.10,1.36,Estádio António Coimbra da Mota (Estoril)
1641673800,Jan 08 2022 - 8:30pm,complete,N/A,Boavista FC,CD Tondela,Miguel Bertolo Nogueira,17,1.63,0.43,1.29,0.71,1,1,2,0,0,0,"88","71",9,4,3,0,1,0,1,2,1,0,18,6,4,3,14,3,0,1,65,35,1.26,0.95,1.85,0.74,2.84,54,88,41,21,14,14,87,41,88,8.21,7.20,2.00,3.40,3.62,1.33,1.90,3.60,7.00,1.83,1.95,Estádio do Bessa Século XXI (Porto)
1641742200,Jan 09 2022 - 3:30pm,complete,N/A,Portimonense,CS Marítimo,André Filipe Domingues Narciso,17,1.00,0.63,0.94,1.18,1,2,3,1,0,1,"68","45'7,90'1",7,4,4,0,3,0,1,3,0,3,22,16,7,8,15,8,11,14,63,37,1.78,1.24,2.37,1.74,2.50,50,69,44,13,13,32,57,38,69,8.88,8.01,2.21,3.30,3.42,1.44,2.20,4.50,9.00,1.91,1.80,Estádio Municipal de Portimão (Portimão)
1641751200,Jan 09 2022 - 6:00pm,complete,N/A,Benfica,Paços de Ferreira,Vitor Jorge Fernandes Ferreira,17,2.14,1.14,1.94,1.00,2,0,2,1,1,0,"45'5,75","",9,1,2,0,3,1,1,1,2,2,24,7,7,2,17,5,17,12,67,33,2.16,1.33,2.81,0.73,3.07,57,79,50,29,15,36,72,50,86,11.14,5.29,1.17,7.80,17.00,1.16,1.45,2.25,4.00,2.38,1.53,Estádio do Sport Lisboa e Benfica (da Luz) (Lisboa)
1641751200,Jan 09 2022 - 6:00pm,complete,N/A,Sporting Braga,Famalicão,Fábio Oliveira Melo,17,2.13,1.00,2.00,1.00,2,2,4,2,1,1,"13,90","31,81",5,2,2,1,4,0,2,1,0,4,19,11,9,7,10,4,12,12,49,51,2.02,1.50,2.17,1.47,3.32,57,88,69,51,19,51,82,63,82,8.76,6.76,1.53,4.40,6.05,1.22,1.75,3.00,5.50,1.91,1.83,Estádio Municipal de Braga (Braga)
1641760200,Jan 09 2022 - 8:30pm,complete,N/A,Belenenses,FC Arouca,Manuel Antonio Rodrigues Oliveira,17,0.71,0.50,1.06,0.71,2,1,3,1,0,1,"73,90'3","37",4,2,8,1,2,2,3,6,2,2,15,11,6,4,9,7,20,24,59,41,0.94,1.40,1.60,1.15,2.62,60,87,47,14,7,40,81,27,60,8.25,6.50,2.70,3.26,2.68,1.42,2.25,4.33,8.50,1.91,1.83,Estádio Nacional (Jamor- Oeiras)
1641845700,Jan 10 2022 - 8:15pm,complete,3348,Gil Vicente,Vitória Guimarães,Rui Manuel Gomes Costa,17,1.00,1.13,1.41,1.06,3,2,5,1,1,0,"21,53,75","79,87",6,1,2,0,4,1,1,1,2,3,18,9,9,4,9,5,15,16,47,53,1.55,1.22,2.19,1.33,2.32,44,69,57,19,0,32,75,32,69,8.76,6.63,2.50,3.00,2.70,1.35,2.10,3.75,7.50,1.80,1.91,Estádio Cidade de Barcelos (Barcelos)
1642096800,Jan 13 2022 - 6:00pm,complete,N/A,Famalicão,Belenenses,André Filipe Domingues Narciso,16,0.43,0.38,1.29,0.47,1,0,1,0,0,0,"62","",6,5,1,0,2,0,0,1,1,1,12,9,4,5,8,4,20,20,53,47,1.68,1.23,1.43,1.24,2.10,42,75,35,14,7,41,66,28,68,9.31,6.07,1.68,3.50,5.25,1.36,2.10,3.75,7.50,2.20,1.62,Estádio Municipal 22 de Junho (Vila Nova de Famalicão)
1642260600,Jan 15 2022 - 3:30pm,complete,N/A,Boavista FC,Gil Vicente,Fábio Oliveira Melo,18,1.56,1.88,1.29,1.59,1,1,2,1,1,0,"4","67",8,5,3,0,2,0,0,3,0,2,20,8,8,3,12,5,11,12,37,63,1.33,1.55,2.15,1.16,2.36,53,71,36,18,6,18,58,36,83,9.63,7.19,2.60,3.10,2.80,1.40,2.20,4.20,8.00,1.83,1.83,Estádio do Bessa Século XXI (Porto)
1642269600,Jan 15 2022 - 6:00pm,complete,N/A,Benfica,Moreirense FC,Rui Manuel Gomes Costa,18,2.25,0.67,1.94,0.65,1,1,2,0,0,0,"65","61",9,1,3,0,5,0,0,3,2,3,18,11,5,4,13,7,13,11,74,26,2.24,1.48,2.24,1.16,3.05,54,72,54,36,18,25,78,47,78,11.78,5.21,1.18,6.50,17.00,1.15,1.50,2.25,4.00,2.25,1.57,Estádio do Sport Lisboa e Benfica (da Luz) (Lisboa)
1642269600,Jan 15 2022 - 6:00pm,complete,N/A,Sporting Braga,CS Marítimo,Gustavo Fernandes Correia,18,2.00,0.89,2.00,1.18,0,1,1,0,0,0,"","89",7,4,2,0,1,0,1,1,0,1,18,10,5,3,13,7,19,8,65,35,2.04,1.29,1.94,1.08,3.06,67,78,67,33,17,44,73,56,73,8.67,7.67,1.40,4.50,8.50,1.25,1.75,3.10,5.50,2.00,1.73,Estádio Municipal de Braga (Braga)
1642347000,Jan 16 2022 - 3:30pm,complete,263,Santa Clara,CD Tondela,Cláudio Filipe Ruivo Pereira,18,1.56,0.50,1.76,0.71,2,2,4,2,2,0,"23,40","76,88",11,5,1,0,1,0,1,0,1,0,20,14,11,9,9,5,12,17,46,54,1.24,0.92,2.43,1.80,3.01,54,89,53,29,18,18,77,60,84,7.75,7.25,2.03,3.06,3.26,1.40,2.26,4.20,8.50,1.91,1.80,Estádio de São Miguel (Ponta Delgada- Ilha de São Miguel- Açores)
1642356000,Jan 16 2022 - 6:00pm,complete,N/A,FC Vizela,Sporting CP,Fábio José Costa Veríssimo,18,1.11,2.38,1.12,2.47,0,2,2,2,0,2,"","28,42",2,4,3,0,3,0,0,3,1,2,8,16,0,7,8,9,15,13,34,66,1.78,1.70,0.80,1.88,2.50,60,83,43,18,7,18,47,72,95,12.57,7.47,6.57,4.55,1.34,1.22,1.68,2.80,5.00,2.25,1.57,Estádio Do Vizela (Caldas de Vizela)
1642357800,Jan 16 2022 - 6:30pm,complete,N/A,Famalicão,Paços de Ferreira,Hélder Miguel Azevedo Malheiro,18,0.75,1.00,1.29,1.00,0,0,0,0,0,0,"","",2,8,3,1,3,0,1,3,1,2,11,13,6,4,5,9,15,21,42,58,1.65,1.26,1.39,1.39,2.19,51,75,38,7,7,32,57,38,88,10.50,6.01,2.14,2.97,3.06,1.40,2.24,3.75,7.50,1.91,1.80,Estádio Municipal 22 de Junho (Vila Nova de Famalicão)
1642365000,Jan 16 2022 - 8:30pm,complete,N/A,Belenenses,Porto,Manuel Mota,18,1.00,2.56,1.06,2.59,1,4,5,2,1,1,"13","34,58,61,84",3,8,4,2,3,0,4,2,1,2,5,26,3,12,2,14,13,16,28,72,1.02,2.05,0.66,2.87,3.05,65,94,64,23,12,46,94,41,76,9.57,6.19,11.56,5.61,1.18,1.14,1.50,2.24,4.00,2.38,1.53,Estádio Nacional (Jamor- Oeiras)
1642450500,Jan 17 2022 - 8:15pm,complete,N/A,Portimonense,Vitória Guimarães,Hugo Filipe Ferreira de Campos Moreira Miguel,18,0.89,1.00,0.94,1.06,1,1,2,1,0,1,"85","34",6,4,4,0,5,0,0,4,2,3,18,15,7,8,11,7,14,18,69,31,1.84,1.23,2.08,1.71,2.06,45,62,45,11,6,17,67,39,62,9.12,7.22,2.19,3.11,3.48,1.40,2.23,4.20,8.00,1.83,1.83,Estádio Municipal de Portimão (Portimão)
1642791600,Jan 21 2022 - 7:00pm,complete,N/A,FC Arouca,Benfica,Nuno Miguel Serrano Almeida,19,1.25,2.44,1.12,2.41,0,2,2,1,0,1,"","32,90'2",2,2,5,0,1,0,0,5,1,0,9,9,3,5,6,4,21,16,41,59,1.56,1.86,0.96,1.19,3.59,60,95,71,47,29,41,89,60,89,10.83,4.94,7.80,4.75,1.28,1.18,1.73,2.45,4.33,1.90,1.87,Estádio Municipal de Arouca (Arouca)
1642799700,Jan 21 2022 - 9:15pm,complete,1215,Paços de Ferreira,Boavista FC,Manuel Antonio Rodrigues Oliveira,19,1.00,0.38,1.24,0.94,1,1,2,1,1,0,"42","85",7,0,4,0,5,0,0,4,2,3,12,18,6,10,6,8,16,17,48,52,1.30,1.06,1.40,2.07,2.62,60,84,54,30,7,36,54,71,89,8.36,6.24,2.28,3.00,2.95,1.45,2.28,4.50,9.50,2.00,1.78,Estádio da Capital do Móvel (Paços de Ferreira)
1642865400,Jan 22 2022 - 3:30pm,complete,N/A,Moreirense FC,Santa Clara,Gustavo Fernandes Correia,19,1.13,0.25,1.06,0.59,0,2,2,1,0,1,"","45'2,85",2,3,1,1,2,0,0,2,0,2,11,10,0,4,11,6,13,14,55,45,1.22,1.41,1.11,1.19,3.01,75,88,69,32,13,38,76,69,82,8.88,5.63,2.35,3.10,3.10,1.42,2.25,4.33,8.50,1.95,1.83,Parque Desportivo Comendador Joaquim de Almeida Freitas (Moreira de Cónegos)
1642874400,Jan 22 2022 - 6:00pm,complete,N/A,CD Tondela,FC Vizela,Hélder Miguel Azevedo Malheiro,19,1.33,0.75,0.94,0.82,2,3,5,3,2,1,"12,42","16,72,87",6,10,5,0,6,0,1,4,3,3,16,24,6,10,10,14,17,18,52,48,1.45,1.24,1.65,2.70,3.29,53,89,76,42,24,41,58,66,94,8.08,6.10,2.30,3.25,3.00,1.36,2.05,3.75,7.00,1.85,1.85,Estádio João Cardoso (Tondela)
1642883400,Jan 22 2022 - 8:30pm,complete,26989,Sporting CP,Sporting Braga,Hugo Filipe Ferreira de Campos Moreira Miguel,19,2.78,1.75,2.53,1.82,1,2,3,1,1,0,"24","52,90'7",3,4,3,0,4,0,1,2,0,4,17,10,7,4,10,6,20,11,61,39,2.09,1.24,1.89,1.05,2.56,30,65,30,25,25,19,65,48,71,9.83,5.16,1.53,4.20,5.75,1.22,1.88,2.95,5.50,1.80,1.95,Estádio José Alvalade (Lisboa)
1642951800,Jan 23 2022 - 3:30pm,complete,N/A,CS Marítimo,Belenenses,Vitor Jorge Fernandes Ferreira,19,1.50,0.33,1.06,0.47,1,1,2,2,1,1,"45'5","13",7,2,0,1,3,1,1,0,3,1,18,16,5,10,13,6,10,26,61,39,1.21,1.23,1.83,2.00,2.03,31,72,25,18,7,36,59,31,66,7.25,6.33,1.76,3.45,4.50,1.42,2.15,4.33,8.50,2.10,1.70,Estádio dos Barreiros (Funchal (Ilha da Madeira))
1642951800,Jan 23 2022 - 3:30pm,complete,7745,Vitória Guimarães,GD Estoril Praia,Artur Manuel Ribeiro Soares Dias,19,1.75,1.89,1.76,1.12,3,1,4,1,0,1,"61,69,90'3","29",4,4,4,0,3,0,1,3,1,2,20,8,8,4,12,4,11,11,52,48,2.05,1.56,2.31,0.99,2.56,54,77,43,25,7,29,58,54,78,13.69,6.35,2.06,3.30,3.40,1.33,2.05,3.50,6.50,1.85,1.85,Estádio Dom Afonso Henriques (Guimarães)
1642960800,Jan 23 2022 - 6:00pm,complete,3233,Gil Vicente,Portimonense,João Pedro Silva Pinheiro,19,1.22,2.00,1.41,1.29,1,0,1,0,0,0,"74","",12,2,3,0,5,1,1,2,3,3,29,4,6,2,23,2,13,7,72,28,1.62,1.02,2.92,0.50,2.69,35,76,59,23,12,29,71,35,95,8.13,6.55,1.98,3.25,3.75,1.47,2.26,4.75,9.50,2.10,1.70,Estádio Cidade de Barcelos (Barcelos)
1642969800,Jan 23 2022 - 8:30pm,complete,N/A,Porto,Famalicão,Rui Manuel Gomes Costa,19,3.00,1.00,2.76,1.00,3,1,4,2,2,0,"25,37,78","90'1",7,4,0,1,4,0,0,1,1,3,21,7,12,2,9,5,13,14,64,36,2.13,1.49,2.57,1.01,3.57,59,94,77,53,24,65,95,53,94,9.57,6.89,1.18,6.60,12.50,1.15,1.49,2.28,3.75,2.05,1.70,Estádio Do Dragão (Porto)
1643314500,Jan 27 2022 - 8:15pm,complete,N/A,GD Estoril Praia,FC Arouca,Manuel Antonio Rodrigues Oliveira,18,1.00,0.44,1.18,0.71,1,2,3,1,1,0,"6","89,90'7",4,9,3,0,2,0,1,2,0,2,13,20,5,6,8,14,15,18,44,56,1.30,1.37,1.36,2.14,2.66,71,82,60,31,7,54,77,29,78,8.64,7.05,1.90,3.40,4.00,1.42,2.23,4.33,8.50,2.00,1.73,Estádio António Coimbra da Mota (Estoril)
1643556600,Jan 30 2022 - 3:30pm,complete,N/A,FC Vizela,Vitória Guimarães,Miguel Bertolo Nogueira,20,1.00,1.00,1.12,1.06,3,2,5,2,1,1,"33,54,60","21,83",6,10,3,0,3,0,1,2,1,2,17,13,4,5,13,8,17,15,48,52,1.68,1.28,1.71,1.55,2.15,55,70,35,15,5,25,65,40,70,9.60,7.30,2.95,3.40,2.30,1.33,1.98,3.46,6.40,1.80,2.00,Estádio Do Vizela (Caldas de Vizela)
1643556600,Jan 30 2022 - 3:30pm,complete,N/A,Portimonense,CD Tondela,João António Ferreira Gonçalves,20,0.90,0.56,0.94,0.71,1,2,3,1,1,0,"34","80,88",1,5,3,1,6,0,0,4,3,3,15,11,5,6,10,5,12,24,40,60,1.87,1.02,1.63,1.40,2.56,54,85,43,17,6,16,69,54,85,9.49,6.30,2.00,3.35,3.65,1.36,2.10,3.75,7.50,1.87,1.90,Estádio Municipal de Portimão (Portimão)
1643565600,Jan 30 2022 - 6:00pm,complete,5621,Sporting Braga,Moreirense FC,João Pedro Silva Pinheiro,20,1.80,0.70,2.00,0.65,2,0,2,0,0,0,"48,72","",9,2,3,0,1,0,1,2,1,0,12,15,6,2,6,13,21,13,58,42,2.03,1.45,1.57,1.44,2.45,50,65,50,30,10,20,65,55,70,10.60,6.40,1.41,4.35,7.00,1.24,1.81,2.86,5.15,1.95,1.83,Estádio Municipal de Braga (Braga)
1643574600,Jan 30 2022 - 8:30pm,complete,N/A,Porto,CS Marítimo,Fábio Oliveira Melo,20,3.00,1.10,2.76,1.18,2,1,3,1,1,0,"18,48","53",1,3,4,0,5,0,1,3,2,3,13,8,6,3,7,5,24,15,67,33,2.18,1.27,1.67,0.92,3.17,63,80,69,32,21,54,80,42,85,9.82,7.19,1.15,7.00,16.00,1.16,1.60,2.30,4.40,3.00,1.36,Estádio Do Dragão (Porto)
1643655600,Jan 31 2022 - 7:00pm,complete,N/A,GD Estoril Praia,Paços de Ferreira,Hugo Serafim Coelho Magalhães Silva,20,0.89,1.00,1.18,1.00,0,0,0,0,0,0,"","",3,1,5,1,2,0,2,4,1,1,14,11,7,5,7,6,20,13,50,50,1.30,1.27,1.65,1.21,2.34,56,73,45,22,6,34,67,33,84,9.11,6.89,2.22,3.20,3.45,1.44,2.30,4.50,9.50,2.00,1.75,Estádio António Coimbra da Mota (Estoril)
1643663700,Jan 31 2022 - 9:15pm,complete,N/A,Famalicão,FC Arouca,Fábio José Costa Veríssimo,20,0.78,0.70,1.29,0.71,0,0,0,0,0,0,"","",4,4,2,0,3,0,0,2,0,3,5,10,3,4,2,6,14,26,47,53,1.62,1.45,0.88,1.18,2.31,63,79,52,11,6,42,62,37,74,10.41,6.06,1.97,3.40,4.00,1.38,2.15,4.00,8.00,1.95,1.80,Estádio Municipal 22 de Junho (Vila Nova de Famalicão)
1643746500,Feb 01 2022 - 8:15pm,complete,252,Santa Clara,Boavista FC,André Filipe Domingues Narciso,20,1.50,0.44,1.76,0.94,2,1,3,2,1,1,"6,75","26",2,5,3,0,4,0,2,1,2,2,10,12,3,6,7,6,15,15,54,46,1.36,1.17,1.09,1.42,3.00,64,90,58,37,16,37,74,64,85,7.59,7.03,1.98,3.05,3.40,1.42,2.19,4.10,8.50,1.95,1.80,Estádio de São Miguel (Ponta Delgada- Ilha de São Miguel- Açores)
1643828400,Feb 02 2022 - 7:00pm,complete,N/A,Benfica,Gil Vicente,Artur Manuel Ribeiro Soares Dias,20,2.11,1.78,1.94,1.59,1,2,3,1,0,1,"88","11,64",13,3,4,0,3,0,3,1,1,2,24,13,7,7,17,6,15,6,55,45,2.24,1.51,2.48,1.46,3.00,62,78,50,33,11,33,61,45,89,11.00,5.44,1.27,5.50,9.92,1.21,1.62,2.55,4.40,2.05,1.70,Estádio do Sport Lisboa e Benfica (da Luz) (Lisboa)
1643834700,Feb 02 2022 - 8:45pm,complete,N/A,Belenenses,Sporting CP,Gustavo Fernandes Correia,20,0.89,2.44,1.06,2.47,1,4,5,4,1,3,"21","11,17,45'2,47",1,4,5,0,1,0,2,3,0,1,6,18,3,7,3,11,23,19,32,68,0.98,1.72,0.79,1.97,2.95,62,89,56,22,17,28,73,61,78,9.00,8.22,10.58,5.50,1.26,1.21,1.57,2.60,4.60,2.10,1.67,Estádio Nacional (Jamor- Oeiras)
1644075000,Feb 05 2022 - 3:30pm,complete,N/A,CS Marítimo,GD Estoril Praia,Cláudio Filipe Ruivo Pereira,21,1.44,1.70,1.06,1.12,0,0,0,0,0,0,"","",13,2,3,0,2,1,2,1,0,3,31,8,8,2,23,6,11,16,64,36,1.28,1.51,3.09,0.87,2.37,53,85,32,21,6,43,68,42,69,9.87,6.09,2.56,3.00,2.66,1.40,2.11,4.20,8.00,1.91,1.91,Estádio dos Barreiros (Funchal (Ilha da Madeira))
1644084000,Feb 05 2022 - 6:00pm,complete,2343,Paços de Ferreira,Portimonense,Luis Miguel Branco Godinho,21,1.00,1.78,1.24,1.29,1,1,2,1,1,0,"15","90'1",8,7,5,0,5,0,2,3,1,4,16,19,6,8,10,11,24,23,50,50,1.31,0.97,1.74,1.98,2.16,36,63,42,16,6,21,53,41,90,8.30,7.31,2.57,3.09,3.07,1.42,2.20,4.33,8.50,1.95,1.80,Estádio da Capital do Móvel (Paços de Ferreira)
1644093000,Feb 05 2022 - 8:30pm,complete,15322,Vitória Guimarães,Sporting Braga,António Emanuel Carvalho Nobre,21,1.89,1.89,1.76,1.82,2,1,3,1,1,0,"18,90","48",3,5,4,1,1,0,4,1,1,0,10,11,6,5,4,6,13,14,38,62,2.08,1.22,1.30,1.30,3.06,56,73,56,39,22,28,56,73,78,10.45,5.78,3.32,3.72,2.13,1.25,1.70,3.10,5.50,1.67,2.10,Estádio Dom Afonso Henriques (Guimarães)
1644161400,Feb 06 2022 - 3:30pm,complete,4873,Gil Vicente,Santa Clara,Manuel Antonio Rodrigues Oliveira,21,1.40,0.56,1.41,0.59,2,2,4,2,1,1,"35,85","28,78",1,9,2,0,3,2,2,0,1,4,9,13,4,5,5,8,20,19,56,44,1.75,1.39,1.12,1.46,2.90,54,90,64,26,11,32,80,54,90,9.59,5.37,2.08,3.10,3.35,1.38,2.25,4.00,8.00,1.95,1.80,Estádio Cidade de Barcelos (Barcelos)
1644161400,Feb 06 2022 - 3:30pm,complete,N/A,Boavista FC,FC Vizela,Fábio Oliveira Melo,21,1.50,1.00,1.29,0.82,2,2,4,1,0,1,"57,70","26,68",7,5,5,1,6,0,3,3,1,5,15,18,5,5,10,13,14,17,45,55,1.41,1.40,1.69,1.88,2.82,58,85,44,33,22,22,62,54,85,9.74,6.72,2.04,3.10,3.45,1.36,2.10,3.75,7.50,1.91,1.91,Estádio do Bessa Século XXI (Porto)
1644170400,Feb 06 2022 - 6:00pm,complete,N/A,FC Arouca,Porto,Hélder Miguel Azevedo Malheiro,21,1.11,2.60,1.12,2.59,0,2,2,0,0,0,"","54,57",3,3,5,0,4,0,2,3,0,4,8,17,2,7,6,10,14,18,45,55,1.49,2.13,0.94,1.92,3.37,63,100,74,37,21,46,100,53,95,10.82,5.28,7.60,4.90,1.31,1.18,1.57,2.50,4.33,1.95,1.80,Estádio Municipal de Arouca (Arouca)
1644179400,Feb 06 2022 - 8:30pm,complete,25640,Sporting CP,Famalicão,André Filipe Domingues Narciso,21,2.50,0.90,2.53,1.00,2,0,2,1,1,0,"6,63","",4,4,2,0,2,0,1,1,1,1,10,8,7,5,3,3,16,20,51,49,2.07,1.45,1.36,1.20,3.05,50,85,55,40,15,35,80,55,90,9.50,6.70,1.33,4.20,9.00,1.22,1.75,2.75,5.00,2.05,1.70,Estádio José Alvalade (Lisboa)
1644260400,Feb 07 2022 - 7:00pm,complete,N/A,CD Tondela,Benfica,João Pedro Silva Pinheiro,21,1.20,2.50,0.94,2.41,1,3,4,2,0,2,"88","23,34,53",4,9,1,1,1,0,1,1,1,0,11,19,3,8,8,11,15,16,38,62,1.47,1.80,1.21,2.22,3.55,55,90,75,45,30,55,80,55,90,10.40,5.70,7.80,5.20,1.38,1.15,1.48,2.30,3.75,1.75,2.00,Estádio João Cardoso (Tondela)
1644268500,Feb 07 2022 - 9:15pm,complete,N/A,Moreirense FC,Belenenses,Nuno Miguel Serrano Almeida,21,1.00,0.40,1.06,0.47,4,1,5,3,2,1,"18,43,67,88","25",2,0,2,0,1,1,1,1,2,0,17,4,9,2,8,2,13,16,62,38,1.21,1.31,2.27,0.66,2.19,44,69,33,22,6,32,69,33,64,8.36,6.18,2.06,3.38,3.78,1.42,2.30,4.33,8.50,1.95,1.80,Parque Desportivo Comendador Joaquim de Almeida Freitas (Moreira de Cónegos)
1644610500,Feb 11 2022 - 8:15pm,complete,48350,Porto,Sporting CP,João Pedro Silva Pinheiro,22,3.00,2.50,2.76,2.47,2,2,4,3,1,2,"38,78","8,34",9,0,4,2,6,3,2,4,3,6,22,8,7,4,15,4,18,13,62,38,2.13,1.75,2.50,0.91,3.15,60,90,70,35,20,45,80,60,90,11.40,6.80,1.80,3.70,4.33,1.25,1.73,3.00,5.50,1.67,2.10,Estádio Do Dragão (Porto)
1644679800,Feb 12 2022 - 3:30pm,complete,N/A,Sporting Braga,Paços de Ferreira,Gustavo Fernandes Correia,22,1.91,1.00,2.00,1.00,2,1,3,1,0,1,"67,90","45'1",3,8,4,1,2,0,1,4,1,1,17,11,6,4,11,7,22,17,57,43,1.99,1.27,1.82,1.18,2.12,38,67,38,18,5,23,57,47,72,10.54,6.31,1.38,4.60,7.20,1.25,1.86,3.10,5.50,2.10,1.67,Estádio Municipal de Braga (Braga)
1644688800,Feb 12 2022 - 6:00pm,complete,N/A,Benfica,Santa Clara,Hélder Miguel Azevedo Malheiro,22,1.90,0.60,1.94,0.59,2,1,3,1,0,1,"60,62","20",7,2,3,0,5,0,2,1,4,1,17,9,5,5,12,4,11,17,69,31,2.27,1.40,2.07,1.11,3.35,70,95,65,35,15,40,85,65,90,11.40,5.10,1.26,5.30,9.80,1.20,1.57,2.70,4.75,2.10,1.67,Estádio do Sport Lisboa e Benfica (da Luz) (Lisboa)
1644688800,Feb 12 2022 - 6:00pm,complete,N/A,Portimonense,Boavista FC,Cláudio Filipe Ruivo Pereira,22,0.82,0.40,0.94,0.94,1,1,2,2,1,1,"18","41",6,6,4,0,3,1,3,1,2,2,22,17,7,4,15,13,12,9,51,49,1.85,1.20,2.19,1.63,2.50,63,87,48,15,5,30,67,53,87,8.28,6.85,2.13,3.15,3.40,1.44,2.05,4.50,9.00,1.95,1.80,Estádio Municipal de Portimão (Portimão)
1644697800,Feb 12 2022 - 8:30pm,complete,N/A,GD Estoril Praia,CD Tondela,Vitor Jorge Fernandes Ferreira,22,0.90,0.80,1.18,0.71,1,0,1,0,0,0,"86","",1,2,2,0,3,0,1,1,1,2,16,8,7,3,9,5,21,14,45,55,1.34,1.06,1.79,0.98,2.90,70,85,60,35,10,35,75,50,90,7.70,6.90,2.05,3.60,3.15,1.28,1.73,3.10,6.00,1.70,2.10,Estádio António Coimbra da Mota (Estoril)
1644766200,Feb 13 2022 - 3:30pm,complete,N/A,Famalicão,Moreirense FC,Tiago Bruno Lopes Martins,22,0.80,0.64,1.29,0.65,5,0,5,4,4,0,"25,31,34,45,69","",4,5,4,0,5,0,2,2,4,1,13,8,9,5,4,3,15,10,58,42,1.54,1.45,1.67,1.18,2.04,48,62,38,14,10,20,48,43,72,10.00,5.77,2.00,3.25,3.41,1.36,1.92,3.75,7.50,1.85,1.90,Estádio Municipal 22 de Junho (Vila Nova de Famalicão)
1644775200,Feb 13 2022 - 6:00pm,complete,N/A,Belenenses,Vitória Guimarães,Rui Manuel Gomes Costa,22,0.80,0.91,1.06,1.06,1,0,1,0,0,0,"50","",5,3,5,0,4,0,1,4,2,2,13,21,4,3,9,18,11,22,42,58,0.96,1.30,1.31,1.86,2.88,67,77,58,29,24,34,86,38,67,7.08,8.20,3.98,3.28,1.84,1.36,1.96,3.75,7.50,1.90,1.83,Estádio Nacional (Jamor- Oeiras)
1644784200,Feb 13 2022 - 8:30pm,complete,N/A,FC Vizela,Gil Vicente,Nuno Miguel Serrano Almeida,22,1.18,1.90,1.12,1.59,0,1,1,1,0,1,"","27",12,2,3,0,4,0,1,2,1,3,20,7,3,3,17,4,13,14,46,54,1.68,1.50,1.98,0.96,2.38,58,76,39,19,5,28,53,48,86,10.50,6.58,2.44,3.26,2.61,1.30,1.83,3.40,6.50,1.75,2.05,Estádio Do Vizela (Caldas de Vizela)
1644869700,Feb 14 2022 - 8:15pm,complete,N/A,FC Arouca,CS Marítimo,Miguel Bertolo Nogueira,22,1.00,1.00,1.12,1.18,0,3,3,2,0,2,"","7,27,79",9,2,2,0,3,1,2,0,0,4,21,10,5,7,16,3,1,0,65,35,1.43,1.24,2.18,1.26,3.10,62,87,62,24,19,28,77,53,91,7.65,7.36,2.50,3.20,2.80,1.38,2.15,4.00,8.00,1.91,1.91,Estádio Municipal de Arouca (Arouca)
1645215300,Feb 18 2022 - 8:15pm,complete,N/A,Boavista FC,Benfica,Rui Manuel Gomes Costa,23,1.45,2.55,1.29,2.41,2,2,4,2,0,2,"74,80","21,30",9,4,5,0,4,0,1,4,2,2,15,11,4,5,11,6,15,14,44,56,1.43,1.83,1.51,1.29,3.00,60,87,46,37,18,32,82,46,82,11.63,6.00,7.40,5.00,1.40,1.20,1.63,2.60,4.50,1.87,1.90,Estádio do Bessa Século XXI (Porto)
1645284600,Feb 19 2022 - 3:30pm,complete,4862,Gil Vicente,Belenenses,João Pedro Silva Pinheiro,23,1.36,0.36,1.41,0.47,2,0,2,0,0,0,"68,78","",6,3,2,0,4,0,1,1,2,2,15,9,6,2,9,7,11,14,62,38,1.69,1.25,1.72,0.87,2.41,36,73,41,27,9,36,73,32,73,8.72,6.00,1.49,3.50,5.80,1.34,2.07,3.62,6.80,2.10,1.67,Estádio Cidade de Barcelos (Barcelos)
1645293600,Feb 19 2022 - 6:00pm,complete,3605,Paços de Ferreira,FC Vizela,David Rafael Oliveira Silva,23,1.00,1.00,1.24,0.82,2,1,3,2,1,1,"42,64","24",10,5,7,0,3,2,2,5,2,3,21,12,5,3,16,9,15,16,71,29,1.35,1.45,2.04,1.20,2.75,58,82,53,39,15,24,53,68,86,10.05,6.86,2.33,2.97,2.75,1.39,2.15,4.10,7.70,1.95,1.80,Estádio da Capital do Móvel (Paços de Ferreira)
1645302600,Feb 19 2022 - 8:30pm,complete,N/A,Vitória Guimarães,FC Arouca,Artur Manuel Ribeiro Soares Dias,23,2.00,0.73,1.76,0.71,1,3,4,4,1,3,"26","13,35,41",4,9,4,0,4,0,0,4,1,3,10,15,2,8,8,7,19,15,48,52,2.00,1.42,1.15,1.72,2.69,67,81,63,25,5,28,62,58,77,11.68,6.95,1.73,3.50,4.80,1.31,1.98,3.40,6.20,1.95,1.80,Estádio Dom Afonso Henriques (Guimarães)
1645371000,Feb 20 2022 - 3:30pm,complete,N/A,CS Marítimo,Famalicão,João António Ferreira Gonçalves,23,1.40,0.82,1.06,1.00,0,1,1,1,0,1,"","7",5,6,2,1,3,0,2,1,1,2,6,17,3,9,3,8,12,19,48,52,1.46,1.42,0.82,2.12,2.97,57,90,52,42,14,57,71,52,80,8.15,6.63,2.48,3.15,2.85,1.38,2.18,4.00,8.00,1.91,1.91,Estádio dos Barreiros (Funchal (Ilha da Madeira))
1645380000,Feb 20 2022 - 6:00pm,complete,35270,Sporting CP,GD Estoril Praia,Hélder Miguel Azevedo Malheiro,23,2.55,1.64,2.53,1.12,3,0,3,1,1,0,"40,76,81","",7,1,3,0,3,1,0,3,1,3,22,8,8,2,14,6,15,14,68,32,2.01,1.45,2.51,0.82,2.14,36,73,27,14,5,14,73,36,73,11.64,6.00,1.25,5.50,11.00,1.22,1.71,2.90,5.00,2.38,1.53,Estádio José Alvalade (Lisboa)
1645387200,Feb 20 2022 - 8:00pm,complete,3688,Moreirense FC,Porto,Luis Miguel Branco Godinho,23,1.20,2.64,1.06,2.59,0,1,1,1,0,1,"","40",2,9,7,1,3,1,4,4,1,3,10,17,0,7,10,10,16,14,35,65,1.32,2.11,0.82,2.05,3.14,67,90,67,38,19,52,81,58,86,10.57,5.34,9.00,4.80,1.32,1.22,1.71,2.90,5.00,2.05,1.70,Parque Desportivo Comendador Joaquim de Almeida Freitas (Moreira de Cónegos)
1645389900,Feb 20 2022 - 8:45pm,complete,N/A,CD Tondela,Sporting Braga,Tiago Bruno Lopes Martins,23,1.09,1.70,0.94,1.82,0,1,1,0,0,0,"","57",3,4,2,0,1,0,0,2,0,1,9,9,4,4,5,5,10,14,45,55,1.44,1.23,1.13,1.20,3.32,57,81,71,38,29,47,76,67,85,8.15,5.67,5.00,3.80,1.63,1.22,1.75,2.90,5.00,1.80,1.95,Estádio João Cardoso (Tondela)
1645474500,Feb 21 2022 - 8:15pm,complete,1203,Santa Clara,Portimonense,Manuel Mota,23,1.64,1.70,1.76,1.29,1,1,2,1,1,0,"43","80",3,2,1,0,1,0,1,0,0,1,14,14,5,8,9,6,11,8,49,51,1.33,1.07,1.50,1.80,2.60,43,71,52,23,14,28,71,38,87,7.85,7.84,2.19,3.28,3.48,1.42,2.22,4.33,8.50,2.00,1.75,Estádio de São Miguel (Ponta Delgada- Ilha de São Miguel- Açores)
1645820100,Feb 25 2022 - 8:15pm,complete,N/A,Belenenses,Paços de Ferreira,Artur Manuel Ribeiro Soares Dias,24,1.00,0.91,1.06,1.00,0,2,2,1,0,1,"","45'3,62",10,6,2,0,4,0,2,0,1,3,9,11,0,3,9,8,16,18,48,52,1.00,1.26,0.86,1.07,2.41,50,73,41,14,14,23,69,36,73,8.27,7.54,3.10,3.10,2.40,1.45,2.16,4.75,9.50,2.00,1.78,Estádio Nacional (Jamor- Oeiras)
1645889400,Feb 26 2022 - 3:30pm,complete,N/A,Famalicão,CD Tondela,Hélder Miguel Azevedo Malheiro,24,1.00,0.73,1.29,0.71,2,1,3,0,0,0,"67,71","90'2",6,3,5,0,3,0,0,5,0,3,14,11,3,4,11,7,16,18,50,50,1.56,1.05,1.48,1.21,2.59,55,78,50,23,14,32,59,46,87,8.73,5.91,1.70,3.60,4.90,1.35,1.96,3.68,7.25,2.00,1.77,Estádio Municipal 22 de Junho (Vila Nova de Famalicão)
1645898400,Feb 26 2022 - 6:00pm,complete,N/A,CS Marítimo,Sporting CP,Manuel Antonio Rodrigues Oliveira,24,1.27,2.36,1.06,2.47,1,1,2,2,1,1,"5","38",4,8,3,0,2,0,1,2,0,2,8,18,4,5,4,13,16,15,32,68,1.40,1.67,0.91,1.99,2.59,55,82,46,27,14,41,60,50,73,9.82,7.36,7.00,4.60,1.39,1.25,1.93,2.90,5.20,2.08,1.75,Estádio dos Barreiros (Funchal (Ilha da Madeira))
1645907400,Feb 26 2022 - 8:30pm,complete,N/A,FC Arouca,Moreirense FC,João Pedro Silva Pinheiro,24,0.91,0.58,1.12,0.65,1,1,2,1,0,1,"79","44",7,2,3,0,2,1,0,3,1,2,19,7,5,4,14,3,12,15,77,23,1.50,1.43,2.04,0.84,2.80,44,84,53,26,18,18,75,53,88,9.55,6.33,2.23,3.35,3.00,1.37,2.30,3.78,7.30,1.90,1.90,Estádio Municipal de Arouca (Arouca)
1645975800,Feb 27 2022 - 3:30pm,complete,3895,FC Vizela,Portimonense,Luis Miguel Branco Godinho,24,1.08,1.64,1.12,1.29,1,1,2,2,1,1,"36","17",11,2,1,0,2,0,0,1,1,1,18,12,3,2,15,10,15,20,56,44,1.71,1.13,1.80,1.13,2.22,43,70,31,13,9,26,61,34,88,9.77,7.08,2.21,3.20,3.20,1.38,2.23,4.00,8.00,1.90,1.87,Estádio Do Vizela (Caldas de Vizela)
1645984800,Feb 27 2022 - 6:00pm,complete,39846,Benfica,Vitória Guimarães,André Filipe Domingues Narciso,24,2.00,0.83,1.94,1.06,3,0,3,2,2,0,"23,37,52","",5,9,1,0,2,0,1,0,1,1,11,17,9,8,2,9,11,15,56,44,2.25,1.35,1.68,1.91,2.94,66,75,57,31,18,31,79,49,79,11.08,6.27,1.31,5.40,7.60,1.20,1.60,2.45,4.50,1.95,1.83,Estádio do Sport Lisboa e Benfica (da Luz) (Lisboa)
1645984800,Feb 27 2022 - 6:00pm,complete,1948,GD Estoril Praia,Boavista FC,Hugo Serafim Coelho Magalhães Silva,24,1.09,0.45,1.18,0.94,2,3,5,2,1,1,"6,54","20,50,85",5,1,2,0,4,0,0,2,0,4,12,15,3,5,9,10,19,11,46,54,1.38,1.24,1.25,1.47,2.68,73,82,55,32,9,50,69,41,87,6.81,7.00,2.35,3.20,3.00,1.42,2.25,4.33,8.50,1.95,1.80,Estádio António Coimbra da Mota (Estoril)
1645993800,Feb 27 2022 - 8:30pm,complete,N/A,Porto,Gil Vicente,Manuel Mota,24,2.82,2.00,2.76,1.59,1,1,2,0,0,0,"66","62",10,1,2,0,1,1,0,2,1,1,28,6,2,2,26,4,11,4,64,36,2.16,1.45,2.44,0.62,2.82,60,78,64,32,9,41,78,41,87,10.27,6.90,1.30,5.20,8.20,1.22,1.67,2.62,4.33,2.20,1.62,Estádio Do Dragão (Porto)
1646079300,Feb 28 2022 - 8:15pm,complete,7695,Sporting Braga,Santa Clara,Vitor Jorge Fernandes Ferreira,24,2.00,0.55,2.00,0.59,0,0,0,0,0,0,"","",2,8,3,0,3,2,2,1,2,3,18,10,0,2,18,8,14,12,60,40,1.97,1.37,1.67,1.07,2.88,62,88,66,30,9,35,79,70,83,9.60,6.26,1.53,4.00,6.00,1.25,1.85,3.10,5.50,1.91,1.91,Estádio Municipal de Braga (Braga)
1646424900,Mar 04 2022 - 8:15pm,complete,N/A,Gil Vicente,GD Estoril Praia,André Filipe Domingues Narciso,25,1.50,1.50,1.41,1.12,0,0,0,0,0,0,"","",6,2,2,0,1,0,1,1,0,1,17,11,4,2,13,9,12,21,64,36,1.69,1.39,1.94,1.02,2.50,42,79,46,25,4,29,71,46,80,10.75,6.00,1.95,3.40,3.80,1.36,2.03,3.75,7.50,1.90,1.87,Estádio Cidade de Barcelos (Barcelos)
1646494200,Mar 05 2022 - 3:30pm,complete,N/A,Boavista FC,Sporting Braga,Manuel Antonio Rodrigues Oliveira,25,1.42,1.82,1.29,1.82,1,1,2,1,0,1,"53","37",4,1,5,0,3,0,2,3,0,3,10,9,5,5,5,4,1,1,51,49,1.44,1.22,1.24,1.24,2.70,56,74,39,26,18,22,74,53,78,9.48,6.19,3.80,3.50,1.93,1.29,1.95,3.00,6.00,1.80,1.91,Estádio do Bessa Século XXI (Porto)
1646503200,Mar 05 2022 - 6:00pm,complete,N/A,Portimonense,Benfica,Fábio José Costa Veríssimo,25,0.83,2.42,0.94,2.41,1,2,3,2,1,1,"25","45'7,50",2,8,5,1,3,0,3,3,1,2,7,16,2,4,5,12,18,15,42,58,1.87,1.79,0.83,1.80,2.79,54,84,50,29,13,38,75,50,75,11.25,5.83,6.50,4.00,1.44,1.24,1.70,2.82,5.00,1.85,1.85,Estádio Municipal de Portimão (Portimão)
1646512200,Mar 05 2022 - 8:30pm,complete,25254,Sporting CP,FC Arouca,António Emanuel Carvalho Nobre,25,2.58,0.92,2.53,0.71,2,0,2,0,0,0,"46,52","",5,1,2,0,4,0,2,0,2,2,18,6,7,3,11,3,12,15,63,37,2.05,1.45,2.00,0.81,2.34,46,79,46,13,4,21,75,38,71,11.42,6.25,1.18,5.50,13.00,1.23,1.65,2.78,4.90,2.25,1.60,Estádio José Alvalade (Lisboa)
1646580600,Mar 06 2022 - 3:30pm,complete,N/A,Moreirense FC,CS Marítimo,Nuno Miguel Serrano Almeida,25,1.09,1.17,1.06,1.18,0,1,1,1,0,1,"","30",8,4,2,0,4,0,0,2,0,4,19,13,0,4,19,9,14,15,56,44,1.27,1.24,1.61,1.37,2.91,66,74,61,27,18,39,70,49,78,7.51,7.51,2.32,3.15,3.11,1.40,2.16,4.20,8.00,1.90,1.85,Parque Desportivo Comendador Joaquim de Almeida Freitas (Moreira de Cónegos)
1646589600,Mar 06 2022 - 6:00pm,complete,N/A,Paços de Ferreira,Porto,João Pedro Silva Pinheiro,25,1.17,2.67,1.24,2.59,2,4,6,3,1,2,"31,66","17,38,52,59",1,7,0,0,2,0,0,0,0,2,7,14,4,9,3,5,4,19,42,58,1.41,2.11,0.92,1.94,2.63,58,84,55,25,9,42,75,50,83,12.42,6.42,8.20,4.70,1.36,1.29,1.75,3.00,5.00,2.00,1.73,Estádio da Capital do Móvel (Paços de Ferreira)
1646598600,Mar 06 2022 - 8:30pm,complete,9659,Vitória Guimarães,Famalicão,Luis Miguel Branco Godinho,25,1.82,1.00,1.76,1.00,2,1,3,2,1,1,"45'1,47","6",7,2,5,0,2,0,2,3,1,1,17,10,7,6,10,4,18,15,52,48,1.92,1.48,2.07,1.14,3.34,66,87,70,52,13,43,74,66,87,10.02,7.22,2.10,3.35,3.39,1.32,1.95,3.46,6.40,1.80,2.01,Estádio Dom Afonso Henriques (Guimarães)
1646598600,Mar 06 2022 - 8:30pm,complete,1006,Santa Clara,FC Vizela,Artur Manuel Ribeiro Soares Dias,25,1.58,0.91,1.76,0.82,3,1,4,0,0,0,"66,68,90","82",6,1,0,0,2,0,0,0,0,2,16,8,6,3,10,5,16,15,58,42,1.35,1.43,1.75,0.94,3.14,61,87,66,44,22,35,69,62,83,8.88,7.15,2.27,3.25,3.11,1.36,2.07,3.78,7.20,1.89,1.91,Estádio de São Miguel (Ponta Delgada- Ilha de São Miguel- Açores)
1646684100,Mar 07 2022 - 8:15pm,complete,N/A,CD Tondela,Belenenses,Miguel Bertolo Nogueira,25,1.00,0.33,0.94,0.47,1,1,2,1,1,0,"32","63",4,5,4,0,3,0,1,3,1,2,9,11,3,4,6,7,18,16,55,45,1.42,1.22,1.11,1.38,2.67,42,75,50,30,17,46,71,42,79,7.75,6.59,2.00,3.30,3.80,1.33,2.05,3.60,7.00,1.88,1.82,Estádio João Cardoso (Tondela)
1647029700,Mar 11 2022 - 8:15pm,complete,N/A,Benfica,FC Vizela,Manuel Antonio Rodrigues Oliveira,26,2.08,0.83,1.94,0.82,1,1,2,0,0,0,"75","65",9,8,2,1,6,0,1,2,3,3,25,22,9,6,16,16,8,18,52,48,2.20,1.39,2.64,2.20,3.46,67,92,71,46,21,38,67,67,92,11.08,5.75,1.21,6.75,13.50,1.14,1.45,2.27,3.50,2.00,1.73,Estádio do Sport Lisboa e Benfica (da Luz) (Lisboa)
1647099000,Mar 12 2022 - 3:30pm,complete,N/A,Famalicão,Santa Clara,Fábio Oliveira Melo,26,1.17,0.58,1.29,0.59,0,0,0,0,0,0,"","",6,5,1,0,4,0,0,1,2,2,10,13,6,6,4,7,13,19,55,45,1.55,1.35,1.41,1.49,2.54,59,80,59,21,13,38,63,50,79,9.50,6.08,2.07,3.55,3.20,1.33,1.91,3.50,6.85,1.84,1.92,Estádio Municipal 22 de Junho (Vila Nova de Famalicão)
1647099000,Mar 12 2022 - 3:30pm,complete,1378,GD Estoril Praia,Portimonense,Artur Manuel Ribeiro Soares Dias,26,1.00,1.58,1.18,1.29,2,0,2,1,1,0,"29,46","",6,10,3,0,3,0,0,3,1,2,15,20,7,5,8,15,14,11,44,56,1.37,1.13,1.71,1.97,2.42,55,67,46,25,13,38,67,25,88,6.75,7.08,2.20,3.20,3.20,1.36,2.06,3.75,7.00,1.85,1.85,Estádio António Coimbra da Mota (Estoril)
1647108000,Mar 12 2022 - 6:00pm,complete,N/A,FC Arouca,Paços de Ferreira,Rui Manuel Gomes Costa,26,0.92,1.08,1.12,1.00,0,1,1,1,0,1,"","33",6,9,4,0,5,0,0,4,1,4,15,13,5,5,10,8,0,1,60,40,1.55,1.24,1.72,1.33,2.42,42,84,42,13,9,17,75,42,88,10.00,6.25,2.32,3.26,3.20,1.39,2.02,4.00,8.10,1.97,1.80,Estádio Municipal de Arouca (Arouca)
1647117000,Mar 12 2022 - 8:30pm,complete,N/A,Belenenses,Boavista FC,Nuno Miguel Serrano Almeida,26,0.92,0.67,1.06,0.94,0,0,0,0,0,0,"","",3,4,4,0,3,0,2,2,0,3,11,16,4,2,7,14,17,20,51,49,0.98,1.26,1.20,1.44,3.04,71,92,54,29,21,46,79,46,84,6.84,7.66,2.75,3.42,2.54,1.40,2.02,4.00,7.50,1.91,1.80,Estádio Nacional (Jamor- Oeiras)
1647185400,Mar 13 2022 - 3:30pm,complete,N/A,CS Marítimo,Vitória Guimarães,Hugo Serafim Coelho Magalhães Silva,26,1.25,0.77,1.06,1.06,0,1,1,0,0,0,"","82",3,3,2,0,3,0,0,2,0,3,8,24,5,8,3,16,14,23,56,44,1.36,1.39,1.10,2.41,2.23,52,69,40,20,12,41,68,32,60,9.04,6.77,2.75,3.30,2.35,1.30,1.85,3.40,6.50,1.70,2.05,Estádio dos Barreiros (Funchal (Ilha da Madeira))
1647194400,Mar 13 2022 - 6:00pm,complete,N/A,Porto,CD Tondela,Gustavo Fernandes Correia,26,2.67,0.67,2.76,0.71,4,0,4,1,1,0,"45,73,76,79","",5,4,1,0,2,1,1,0,2,1,16,10,9,2,7,8,20,16,67,33,2.19,1.06,2.04,0.97,3.13,67,92,67,34,13,38,80,59,96,10.08,6.58,1.12,7.00,15.00,1.12,1.42,2.10,3.40,2.63,1.44,Estádio Do Dragão (Porto)
1647203400,Mar 13 2022 - 8:30pm,complete,8092,Sporting Braga,Gil Vicente,Luis Miguel Branco Godinho,26,1.92,1.92,2.00,1.59,0,1,1,0,0,0,"","89",7,2,3,0,3,0,1,2,1,2,16,13,9,3,7,10,16,9,52,48,1.95,1.38,2.14,1.21,2.36,52,68,48,24,4,24,56,52,76,9.15,6.57,1.78,3.50,4.30,1.30,2.02,3.25,6.00,1.80,1.95,Estádio Municipal de Braga (Braga)
1647288900,Mar 14 2022 - 8:15pm,complete,2821,Moreirense FC,Sporting CP,João Pedro Silva Pinheiro,26,1.00,2.25,1.06,2.47,0,2,2,2,0,2,"","29,39",3,7,4,0,4,0,1,3,2,2,13,15,3,6,10,9,20,16,33,67,1.30,1.70,1.23,1.61,2.84,63,80,54,33,17,38,71,54,75,9.84,7.33,7.25,4.50,1.45,1.28,1.95,3.25,6.00,2.05,1.70,Parque Desportivo Comendador Joaquim de Almeida Freitas (Moreira de Cónegos)
1647634500,Mar 18 2022 - 8:15pm,complete,3449,FC Vizela,Famalicão,Luis Miguel Branco Godinho,27,1.08,0.92,1.12,1.00,1,1,2,1,0,1,"90'1","24",7,4,0,0,3,1,0,0,1,3,23,12,9,5,14,7,11,14,55,45,1.72,1.46,2.58,1.37,2.85,58,85,46,35,12,50,77,50,81,10.47,6.54,2.36,3.30,2.85,1.30,2.07,3.25,5.50,1.70,2.05,Estádio Do Vizela (Caldas de Vizela)
1647703800,Mar 19 2022 - 3:30pm,complete,2180,CD Tondela,FC Arouca,João Pedro Silva Pinheiro,27,1.00,0.85,0.94,0.71,2,2,4,3,2,1,"17,45'4","4,69",4,3,1,0,3,0,0,1,1,2,7,13,4,5,3,8,13,17,54,46,1.39,1.40,0.97,1.44,2.85,62,85,66,27,12,46,73,46,81,9.46,6.77,2.32,3.43,3.16,1.33,1.97,3.40,6.50,1.73,2.00,Estádio João Cardoso (Tondela)
1647712800,Mar 19 2022 - 6:00pm,complete,1164,Santa Clara,Belenenses,David Rafael Oliveira Silva,27,1.69,0.38,1.76,0.47,0,0,0,0,0,0,"","",7,8,3,0,5,0,1,2,1,4,11,9,4,4,7,5,15,19,58,42,1.38,1.23,1.34,1.22,2.46,47,77,39,27,12,31,73,39,70,8.00,6.53,1.60,3.90,6.15,1.36,2.03,3.50,6.50,2.00,1.73,Estádio de São Miguel (Ponta Delgada- Ilha de São Miguel- Açores)
1647721800,Mar 19 2022 - 8:30pm,complete,16122,Vitória Guimarães,Sporting CP,Fábio José Costa Veríssimo,27,1.92,2.31,1.76,2.47,1,3,4,2,1,1,"23","45'1,70,90'8",2,3,4,0,2,0,4,0,0,2,14,15,8,7,6,8,15,7,40,60,1.93,1.69,1.88,1.74,3.05,69,88,65,37,12,40,64,61,80,11.87,7.90,4.49,3.77,1.81,1.29,1.80,3.00,5.50,1.80,1.91,Estádio Dom Afonso Henriques (Guimarães)
1647790200,Mar 20 2022 - 3:30pm,complete,2740,Paços de Ferreira,Moreirense FC,Hélder Miguel Azevedo Malheiro,27,1.08,0.62,1.24,0.65,2,1,3,1,1,0,"39,70","50",7,3,3,0,4,0,0,3,1,3,14,18,8,2,6,16,18,21,50,50,1.37,1.38,1.72,1.55,2.42,54,73,42,23,12,20,62,50,81,10.31,6.76,2.32,3.24,3.33,1.36,1.90,3.75,7.00,2.00,1.75,Estádio da Capital do Móvel (Paços de Ferreira)
1647790200,Mar 20 2022 - 3:30pm,complete,7216,Gil Vicente,CS Marítimo,Cláudio Filipe Ruivo Pereira,27,1.46,1.31,1.41,1.18,1,1,2,2,1,1,"45'5","39",8,6,3,0,3,0,2,1,1,2,15,14,9,3,6,11,16,10,55,45,1.71,1.25,2.04,1.40,2.74,50,73,58,23,12,35,66,42,81,8.84,6.85,1.74,3.91,5.02,1.36,1.95,3.75,7.00,1.95,1.80,Estádio Cidade de Barcelos (Barcelos)
1647799200,Mar 20 2022 - 6:00pm,complete,N/A,Benfica,GD Estoril Praia,Nuno Miguel Serrano Almeida,27,2.00,1.46,1.94,1.12,2,1,3,1,1,0,"34,53","90'3",7,4,1,0,2,0,1,0,1,1,19,17,6,4,13,13,13,12,52,48,2.24,1.37,1.91,1.55,2.69,54,81,47,23,8,31,73,50,77,12.15,5.54,1.22,6.52,13.34,1.15,1.62,2.53,4.20,1.91,1.91,Estádio do Sport Lisboa e Benfica (da Luz) (Lisboa)
1647806400,Mar 20 2022 - 8:00pm,complete,N/A,Portimonense,Sporting Braga,Rui Manuel Gomes Costa,27,0.77,1.75,0.94,1.82,1,2,3,2,0,2,"63","5,22",7,9,1,0,1,0,1,0,0,1,15,17,9,7,6,10,11,16,55,45,1.79,1.23,1.87,1.93,2.42,52,72,40,13,13,24,68,48,72,8.50,6.10,4.46,3.59,1.86,1.36,1.96,3.78,7.30,1.95,1.80,Estádio Municipal de Portimão (Portimão)
1647809100,Mar 20 2022 - 8:45pm,complete,N/A,Boavista FC,Porto,Artur Manuel Ribeiro Soares Dias,27,1.38,2.69,1.29,2.59,0,1,1,1,0,1,"","32",3,5,2,0,2,0,2,0,1,1,10,12,2,2,8,10,18,16,45,55,1.42,2.10,1.00,1.30,2.93,66,89,50,31,16,39,89,46,85,12.16,6.69,8.23,4.88,1.42,1.22,1.62,2.74,4.80,1.91,1.91,Estádio do Bessa Século XXI (Porto)
1648840500,Apr 01 2022 - 7:15pm,complete,N/A,Sporting Braga,Benfica,Luis Miguel Branco Godinho,28,1.79,2.46,2.00,2.41,3,2,5,1,1,0,"28,59,79","74,77",2,9,2,0,1,0,2,0,1,0,12,12,6,6,6,6,15,7,37,63,1.96,1.79,1.52,1.58,2.95,53,78,60,42,15,46,71,56,78,11.44,5.52,3.10,3.50,2.15,1.22,1.70,2.95,5.50,1.63,2.25,Estádio Municipal de Braga (Braga)
1648909800,Apr 02 2022 - 2:30pm,complete,N/A,Belenenses,Portimonense,Hélder Miguel Azevedo Malheiro,28,0.92,1.46,1.06,1.29,2,0,2,1,1,0,"11,90'5","",1,8,5,0,3,1,1,4,3,1,12,19,6,5,6,14,1,2,44,56,1.00,1.20,1.31,2.06,2.46,46,73,39,16,16,27,73,23,81,7.31,7.77,3.20,3.10,2.30,1.53,2.47,4.50,9.00,2.00,1.80,Estádio Nacional (Jamor- Oeiras)
1648918800,Apr 02 2022 - 5:00pm,complete,N/A,FC Arouca,Gil Vicente,Fábio José Costa Veríssimo,28,0.85,2.00,1.12,1.59,2,1,3,0,0,0,"55,59","90'2",2,12,2,1,3,1,3,0,0,4,8,14,4,6,4,8,13,12,30,70,1.56,1.37,0.92,1.75,2.54,50,77,46,19,8,19,69,42,89,8.70,6.38,3.00,3.10,2.40,1.36,2.03,3.75,7.50,1.85,1.90,Estádio Municipal de Arouca (Arouca)
1648918800,Apr 02 2022 - 5:00pm,complete,N/A,GD Estoril Praia,FC Vizela,N/A,28,1.15,0.85,1.18,0.82,1,2,3,2,1,1,"35","16,63",7,2,2,0,2,0,0,2,0,2,11,7,4,5,7,2,11,14,68,32,1.40,1.45,1.55,1.04,2.97,66,81,62,46,19,39,58,54,89,8.31,7.08,2.30,3.30,3.00,1.33,1.90,3.60,6.50,1.78,2.00,Estádio António Coimbra da Mota (Estoril)
1648927800,Apr 02 2022 - 7:30pm,complete,N/A,Famalicão,Boavista FC,Rui Manuel Gomes Costa,28,1.15,0.69,1.29,0.94,1,2,3,2,0,2,"48","16,37",11,1,3,0,3,1,0,3,0,4,17,10,8,4,9,6,7,13,62,38,1.54,1.27,2.17,1.14,2.47,62,77,50,23,15,46,54,43,77,8.31,6.23,2.08,3.28,3.78,1.37,2.03,3.75,7.50,1.93,1.78,Estádio Municipal 22 de Junho (Vila Nova de Famalicão)
1648996200,Apr 03 2022 - 2:30pm,complete,N/A,CS Marítimo,CD Tondela,Manuel Mota,28,1.15,0.62,1.06,0.71,1,3,4,2,1,1,"33","12,86,90'6",9,4,3,0,2,0,3,0,1,1,13,15,6,7,7,8,9,15,58,42,1.34,1.06,1.72,1.61,2.54,54,81,43,23,8,31,62,50,77,8.23,6.08,2.07,3.25,3.60,1.36,2.10,3.75,7.50,1.87,1.83,Estádio dos Barreiros (Funchal (Ilha da Madeira))
1649005200,Apr 03 2022 - 5:00pm,complete,N/A,Moreirense FC,Vitória Guimarães,Gustavo Fernandes Correia,28,0.92,0.93,1.06,1.06,0,1,1,0,0,0,"","62",5,3,2,0,5,0,1,1,3,2,12,15,3,6,9,9,19,11,48,52,1.30,1.46,1.29,1.63,2.46,52,63,48,26,15,34,74,38,67,8.67,6.94,2.65,3.15,2.38,1.35,1.80,3.75,7.50,1.78,1.93,Parque Desportivo Comendador Joaquim de Almeida Freitas (Moreira de Cónegos)
1649014200,Apr 03 2022 - 7:30pm,complete,28788,Sporting CP,Paços de Ferreira,Vitor Jorge Fernandes Ferreira,28,2.62,1.23,2.53,1.00,2,0,2,1,1,0,"20,72","",5,2,2,0,4,0,1,1,1,3,16,3,5,2,11,1,20,14,52,48,2.05,1.25,1.67,0.52,1.96,27,70,27,4,4,4,66,39,77,11.39,6.15,1.16,5.60,14.00,1.28,1.79,3.30,6.50,2.95,1.36,Estádio José Alvalade (Lisboa)
1649099700,Apr 04 2022 - 7:15pm,complete,30250,Porto,Santa Clara,António Emanuel Carvalho Nobre,28,2.69,0.62,2.76,0.59,3,0,3,2,2,0,"38,41,84","",7,3,0,0,0,0,0,0,0,0,16,7,7,3,9,4,12,12,69,31,2.18,1.36,1.82,0.85,2.97,62,89,70,35,12,43,85,58,85,10.77,6.46,1.27,5.00,8.80,1.20,1.67,2.45,4.20,2.20,1.60,Estádio Do Dragão (Porto)
1649445300,Apr 08 2022 - 7:15pm,complete,4839,Gil Vicente,Moreirense FC,Nuno Miguel Serrano Almeida,29,1.43,0.57,1.41,0.65,1,2,3,0,0,0,"89","61,75",11,3,1,0,4,1,0,1,0,5,25,16,5,5,20,11,12,14,70,30,1.74,1.39,2.43,1.68,2.50,47,75,47,25,11,22,64,47,79,10.21,6.00,1.80,3.40,4.60,1.36,2.10,3.50,7.00,1.91,1.80,Estádio Cidade de Barcelos (Barcelos)
1649514600,Apr 09 2022 - 2:30pm,complete,2825,Paços de Ferreira,CS Marítimo,Hugo Serafim Coelho Magalhães Silva,29,1.21,1.29,1.24,1.18,2,0,2,2,2,0,"9,29","",5,2,0,0,1,0,0,0,0,1,15,15,6,7,9,8,16,19,50,50,1.40,1.26,1.56,1.82,2.65,64,75,54,18,11,36,68,47,79,9.28,7.57,2.33,3.18,3.30,1.43,2.35,4.33,8.85,2.05,1.73,Estádio da Capital do Móvel (Paços de Ferreira)
1649523600,Apr 09 2022 - 5:00pm,complete,N/A,Benfica,Belenenses,Gustavo Fernandes Correia,29,2.07,0.43,1.94,0.47,3,1,4,2,1,1,"22,54,58","3",11,6,1,0,7,0,0,1,2,5,28,9,9,2,19,7,18,18,62,38,2.21,1.23,2.84,0.96,2.58,50,79,39,22,11,33,72,43,75,10.86,5.71,1.17,7.90,16.00,1.16,1.47,2.16,3.78,2.33,1.62,Estádio do Sport Lisboa e Benfica (da Luz) (Lisboa)
1649523600,Apr 09 2022 - 5:00pm,complete,10218,Boavista FC,FC Arouca,Vitor Jorge Fernandes Ferreira,29,1.29,0.86,1.29,0.71,1,0,1,1,1,0,"12","",3,3,4,0,3,0,0,4,0,3,17,16,7,2,10,14,16,12,50,50,1.39,1.40,1.83,1.54,2.47,64,83,43,21,4,29,79,36,72,10.43,7.36,2.29,3.20,3.38,1.42,2.33,4.20,8.55,1.95,1.88,Estádio do Bessa Século XXI (Porto)
1649532600,Apr 09 2022 - 7:30pm,complete,4745,CD Tondela,Sporting CP,Luis Miguel Branco Godinho,29,1.00,2.36,0.94,2.47,1,3,4,2,0,2,"71","29,33,69",1,9,3,0,2,0,1,2,0,2,4,18,3,11,1,7,14,13,28,72,1.36,1.69,0.57,2.33,3.18,64,90,68,40,18,54,75,54,90,9.65,7.14,7.50,4.40,1.38,1.27,1.76,3.07,5.75,2.10,1.70,Estádio João Cardoso (Tondela)
1649601000,Apr 10 2022 - 2:30pm,complete,N/A,Portimonense,Famalicão,Manuel Mota,29,0.71,0.93,0.94,1.00,1,0,1,1,1,0,"42","",7,2,6,1,4,0,2,5,1,3,15,9,7,3,8,6,15,15,52,48,1.80,1.45,1.80,1.14,2.75,61,86,54,25,7,43,82,43,82,8.78,7.14,3.00,3.20,2.38,1.36,2.20,3.50,7.00,1.80,1.91,Estádio Municipal de Portimão (Portimão)
1649601000,Apr 10 2022 - 2:30pm,complete,829,Santa Clara,GD Estoril Praia,Miguel Bertolo Nogueira,29,1.64,1.36,1.76,1.12,2,0,2,1,1,0,"44,53","",5,1,2,0,1,0,0,2,0,1,8,17,5,5,3,12,19,17,43,57,1.38,1.38,1.02,1.72,2.43,50,75,47,25,7,25,71,47,68,9.71,6.28,2.20,3.13,3.40,1.44,2.30,4.33,8.00,2.00,1.73,Estádio de São Miguel (Ponta Delgada- Ilha de São Miguel- Açores)
1649610000,Apr 10 2022 - 5:00pm,complete,19232,Vitória Guimarães,Porto,João Pedro Silva Pinheiro,29,1.77,2.71,1.76,2.59,0,1,1,1,0,1,"","36",3,1,5,1,2,0,1,5,1,1,6,14,2,5,4,9,15,20,45,55,1.93,2.04,0.76,1.47,3.19,67,86,71,41,15,48,78,60,82,12.43,6.33,5.60,4.05,1.52,1.25,1.85,2.75,5.00,1.91,1.80,Estádio Dom Afonso Henriques (Guimarães)
1649619000,Apr 10 2022 - 7:30pm,complete,3810,FC Vizela,Sporting Braga,António Emanuel Carvalho Nobre,29,1.07,1.85,1.12,1.82,0,1,1,1,0,1,"","39",2,8,3,0,4,1,0,3,3,2,17,11,5,5,12,6,12,11,48,52,1.78,1.28,1.78,1.40,2.49,56,74,34,19,15,34,67,49,74,10.78,5.02,4.05,3.55,1.82,1.29,1.89,3.00,5.50,1.80,1.91,Estádio Do Vizela (Caldas de Vizela)
1650033000,Apr 15 2022 - 2:30pm,complete,N/A,FC Arouca,Santa Clara,Manuel Antonio Rodrigues Oliveira,30,1.00,0.57,1.12,0.59,1,1,2,0,0,0,"54","72",7,7,3,0,4,0,1,2,1,3,20,10,6,3,14,7,17,13,47,53,1.51,1.32,1.99,1.09,2.79,54,90,61,21,11,29,83,54,86,9.07,6.14,2.31,3.15,3.35,1.40,2.25,4.00,7.50,1.91,1.80,Estádio Municipal de Arouca (Arouca)
1650042000,Apr 15 2022 - 5:00pm,complete,N/A,Famalicão,Gil Vicente,André Filipe Domingues Narciso,30,1.07,1.86,1.29,1.59,2,2,4,3,2,1,"18,37","20,89",3,7,6,0,4,0,2,4,1,3,12,17,4,7,8,10,15,14,38,62,1.58,1.40,1.25,1.85,2.18,54,64,47,14,7,29,43,36,79,9.93,6.14,2.21,3.25,3.45,1.36,2.10,3.50,6.50,1.85,1.85,Estádio Municipal 22 de Junho (Vila Nova de Famalicão)
1650051000,Apr 15 2022 - 7:30pm,complete,14258,Vitória Guimarães,Paços de Ferreira,Hélder Miguel Azevedo Malheiro,30,1.64,1.14,1.76,1.00,4,0,4,2,2,0,"6,45,67,86","",2,4,0,0,4,1,0,0,2,3,18,7,8,2,10,5,14,15,37,63,1.85,1.20,1.92,0.84,2.39,50,72,46,22,4,22,64,47,75,11.08,7.36,1.80,3.60,4.50,1.36,2.02,3.50,6.50,1.91,1.80,Estádio Dom Afonso Henriques (Guimarães)
1650119400,Apr 16 2022 - 2:30pm,complete,2640,Moreirense FC,CD Tondela,Artur Manuel Ribeiro Soares Dias,30,0.86,0.79,1.06,0.71,2,0,2,2,2,0,"40,45'2","",4,1,6,0,5,0,0,6,0,5,13,5,3,3,10,2,19,15,39,61,1.29,1.10,1.42,0.70,2.82,57,79,54,33,11,29,71,57,82,8.15,6.21,1.85,3.10,3.75,1.36,2.10,3.75,7.00,1.85,1.85,Parque Desportivo Comendador Joaquim de Almeida Freitas (Moreira de Cónegos)
1650128400,Apr 16 2022 - 5:00pm,complete,N/A,CS Marítimo,Boavista FC,Gustavo Fernandes Correia,30,1.07,0.86,1.06,0.94,4,0,4,2,2,0,"41,45'3,63,69","",1,1,4,0,5,1,3,1,2,4,8,7,5,2,3,5,17,21,50,50,1.37,1.26,1.03,0.74,2.50,65,82,43,25,11,54,64,43,72,7.86,6.43,2.35,2.80,2.90,1.44,2.38,4.33,8.00,2.00,1.73,Estádio dos Barreiros (Funchal (Ilha da Madeira))
1650128400,Apr 16 2022 - 5:00pm,complete,N/A,Belenenses,FC Vizela,Nuno Miguel Serrano Almeida,30,1.07,1.00,1.06,0.82,1,0,1,1,1,0,"29","",2,7,2,0,2,0,2,0,0,2,7,16,5,4,2,12,15,14,38,62,1.02,1.42,1.03,1.74,3.00,61,86,57,36,21,33,65,50,82,7.79,7.78,3.05,2.93,2.18,1.40,2.30,4.00,7.50,1.91,1.80,Estádio Nacional (Jamor- Oeiras)
1650137400,Apr 16 2022 - 7:30pm,complete,48109,Porto,Portimonense,Tiago Bruno Lopes Martins,30,2.71,1.36,2.76,1.29,7,0,7,4,4,0,"19,28,34,40,47,55,60","",9,1,0,0,2,0,0,0,0,2,23,4,13,3,10,1,10,7,72,28,2.15,1.26,2.98,0.53,2.72,47,82,54,25,11,39,82,32,93,10.29,6.72,1.11,8.00,17.00,1.14,1.45,2.20,3.50,2.30,1.57,Estádio Do Dragão (Porto)
1650223800,Apr 17 2022 - 7:30pm,complete,40714,Sporting CP,Benfica,Fábio José Costa Veríssimo,30,2.64,2.29,2.53,2.41,0,2,2,1,0,1,"","14,90'2",7,5,2,0,4,0,1,1,1,3,17,13,4,6,13,7,9,13,61,39,2.02,1.78,1.89,1.46,2.93,43,86,50,32,18,29,79,50,86,12.15,4.93,1.98,3.45,3.65,1.25,1.86,3.00,5.25,1.67,2.10,Estádio José Alvalade (Lisboa)
1650310200,Apr 18 2022 - 7:30pm,complete,1246,GD Estoril Praia,Sporting Braga,Rui Manuel Gomes Costa,30,1.07,1.93,1.18,1.82,0,0,0,0,0,0,"","",7,5,1,0,0,0,0,1,0,0,16,14,6,2,10,12,5,9,36,64,1.41,1.29,1.71,1.37,2.64,57,68,50,29,18,40,71,40,79,8.21,5.71,3.80,3.50,2.00,1.33,1.93,3.50,6.50,1.87,1.83,Estádio António Coimbra da Mota (Estoril)
1650654900,Apr 22 2022 - 7:15pm,complete,2795,FC Vizela,FC Arouca,Artur Manuel Ribeiro Soares Dias,31,1.00,0.80,1.12,0.71,2,1,3,1,1,0,"38,72","49",6,2,4,0,1,0,1,3,1,0,16,15,6,7,10,8,19,9,46,54,1.78,1.41,1.85,1.81,2.27,57,77,37,17,4,37,70,37,64,11.40,6.27,2.12,3.25,3.40,1.33,2.02,3.40,6.00,1.80,1.91,Estádio Do Vizela (Caldas de Vizela)
1650724200,Apr 23 2022 - 2:30pm,complete,N/A,Portimonense,Moreirense FC,Fábio José Costa Veríssimo,31,0.87,0.73,0.94,0.65,1,0,1,1,1,0,"14","",6,6,2,0,5,0,1,1,1,4,20,16,8,8,12,8,0,1,51,49,1.80,1.41,2.13,1.87,2.27,53,73,44,10,7,17,67,43,74,9.80,7.40,2.10,3.20,3.60,1.40,2.15,4.00,7.50,2.00,1.73,Estádio Municipal de Portimão (Portimão)
1650733200,Apr 23 2022 - 5:00pm,complete,2,Benfica,Famalicão,António Emanuel Carvalho Nobre,31,2.13,0.87,1.94,1.00,0,0,0,0,0,0,"","",8,5,3,0,4,0,1,2,1,3,27,7,7,2,20,5,18,10,70,30,2.25,1.43,2.99,0.79,3.30,67,90,64,40,13,47,87,57,90,10.80,5.73,1.33,5.00,9.50,1.20,1.57,2.38,4.00,1.85,1.85,Estádio do Sport Lisboa e Benfica (da Luz) (Lisboa)
1650733200,Apr 23 2022 - 5:00pm,complete,1316,Santa Clara,CS Marítimo,André Filipe Domingues Narciso,31,1.73,1.20,1.76,1.18,2,2,4,2,2,0,"5,33","64,85",3,10,2,0,3,0,1,1,0,3,11,12,4,5,7,7,23,14,41,59,1.35,1.30,1.18,1.45,2.73,57,77,53,23,13,37,73,40,70,8.20,7.07,2.15,3.30,3.40,1.36,1.91,3.75,7.00,1.91,1.80,Estádio de São Miguel (Ponta Delgada- Ilha de São Miguel- Açores)
1650742200,Apr 23 2022 - 7:30pm,complete,5353,Gil Vicente,Paços de Ferreira,Rui Manuel Gomes Costa,31,1.33,1.07,1.41,1.00,1,1,2,0,0,0,"73","52",6,2,2,0,5,0,0,2,1,4,18,12,5,3,13,9,14,19,48,52,1.78,1.17,1.85,1.21,2.24,37,74,40,17,4,23,64,40,77,11.13,6.07,1.80,3.40,4.60,1.33,2.10,3.65,7.24,1.95,1.80,Estádio Cidade de Barcelos (Barcelos)
1650819600,Apr 24 2022 - 5:00pm,complete,1425,GD Estoril Praia,Belenenses,Tiago Bruno Lopes Martins,31,1.07,0.40,1.18,0.47,2,2,4,2,2,0,"27,45'1","66,90'6",2,8,6,3,3,2,2,7,1,4,10,26,5,5,5,21,18,10,44,56,1.43,1.21,1.17,2.37,2.20,47,67,37,27,10,40,67,27,70,8.20,6.80,1.82,3.40,4.92,1.42,2.19,4.33,8.50,2.05,1.72,Estádio António Coimbra da Mota (Estoril)
1650828600,Apr 24 2022 - 7:30pm,complete,N/A,CD Tondela,Vitória Guimarães,Gustavo Fernandes Correia,31,0.93,1.07,0.94,1.06,1,1,2,0,0,0,"63","67",4,3,2,0,4,0,2,0,2,2,12,10,6,4,6,6,15,17,42,58,1.31,1.47,1.31,1.35,2.80,57,70,64,34,17,44,74,40,87,8.34,6.94,3.30,3.56,2.11,1.28,1.83,3.30,6.00,1.72,2.05,Estádio João Cardoso (Tondela)
1650906000,Apr 25 2022 - 5:00pm,complete,N/A,Sporting Braga,Porto,Hugo Filipe Ferreira de Campos Moreira Miguel,31,1.87,2.73,2.00,2.59,1,0,1,0,0,0,"54","",2,10,2,0,2,0,1,1,0,2,10,22,5,4,5,18,13,7,36,64,1.93,2.00,1.24,2.19,2.77,50,74,57,33,17,40,77,54,73,11.14,5.67,3.78,3.69,1.77,1.22,1.61,3.00,5.50,1.65,2.10,Estádio Municipal de Braga (Braga)
1650915000,Apr 25 2022 - 7:30pm,complete,N/A,Boavista FC,Sporting CP,Manuel Mota,31,1.40,2.40,1.29,2.47,0,3,3,1,0,1,"","37,58,83",2,3,2,0,2,0,1,1,1,1,11,14,2,9,9,5,7,9,38,62,1.42,1.74,1.01,1.88,2.70,64,83,44,30,10,33,80,47,77,10.87,7.80,6.08,4.01,1.46,1.30,1.88,3.40,6.50,2.05,1.68,Estádio do Bessa Século XXI (Porto)
1651259700,Apr 29 2022 - 7:15pm,complete,N/A,Famalicão,GD Estoril Praia,Manuel Antonio Rodrigues Oliveira,32,1.07,1.27,1.29,1.12,3,1,4,1,1,0,"45'2,66,90'4","68",7,3,3,0,1,1,1,2,2,0,25,10,8,4,17,6,18,9,59,41,1.56,1.40,2.74,1.22,2.17,47,70,43,17,7,34,60,34,70,10.13,5.93,2.12,3.40,3.55,1.33,2.03,3.40,6.00,1.85,1.85,Estádio Municipal 22 de Junho (Vila Nova de Famalicão)
1651327200,Apr 30 2022 - 2:00pm,complete,N/A,FC Arouca,Portimonense,Luis Miguel Branco Godinho,32,1.00,1.27,1.12,1.29,1,0,1,0,0,0,"50","",5,7,1,0,2,0,1,0,1,1,16,8,7,5,9,3,12,15,52,48,1.55,1.21,1.87,1.14,2.67,43,83,43,17,13,24,77,37,93,8.60,6.74,2.21,3.38,3.36,1.33,2.10,3.50,6.50,1.80,1.91,Estádio Municipal de Arouca (Arouca)
1651334400,Apr 30 2022 - 4:00pm,complete,N/A,CS Marítimo,Benfica,Hélder Miguel Azevedo Malheiro,32,1.20,2.33,1.06,2.41,0,1,1,1,0,1,"","2",5,6,2,1,4,0,2,1,2,2,15,16,6,4,9,12,8,23,48,52,1.35,1.75,1.63,1.66,2.90,54,83,50,40,17,53,74,47,74,10.80,5.33,4.86,3.98,1.56,1.22,1.67,2.62,4.50,1.73,2.00,Estádio dos Barreiros (Funchal (Ilha da Madeira))
1651341600,Apr 30 2022 - 6:00pm,complete,46830,Porto,FC Vizela,Manuel Mota,32,2.73,0.93,2.76,0.82,4,2,6,3,2,1,"21,28,56,87","36,49",8,2,1,0,1,0,1,0,1,0,15,4,8,3,7,1,11,8,67,33,2.21,1.44,2.01,0.63,3.33,60,90,74,47,20,47,73,60,90,11.00,6.26,1.08,7.95,19.94,1.11,1.36,1.89,3.00,2.25,1.60,Estádio Do Dragão (Porto)
1651348800,Apr 30 2022 - 8:00pm,complete,N/A,Belenenses,Sporting Braga,André Filipe Domingues Narciso,32,1.20,1.87,1.06,1.82,0,1,1,0,0,0,"","90",2,6,3,2,3,0,2,3,0,3,9,26,2,8,7,18,7,16,37,63,1.02,1.29,0.91,2.50,2.54,47,67,40,20,20,27,74,37,67,7.60,6.33,5.25,3.78,1.55,1.30,1.90,3.25,6.00,1.85,1.85,Estádio Nacional (Jamor- Oeiras)
1651415400,May 01 2022 - 2:30pm,complete,13368,Vitória Guimarães,Santa Clara,N/A,32,1.73,0.60,1.76,0.59,1,1,2,1,1,0,"32","55",4,3,3,0,5,0,0,3,0,5,9,6,2,3,7,3,21,11,47,53,1.85,1.31,1.01,0.90,2.87,64,84,67,34,7,37,70,64,80,10.13,6.73,1.91,3.60,3.60,1.33,1.92,3.50,6.50,1.80,1.91,Estádio Dom Afonso Henriques (Guimarães)
1651424400,May 01 2022 - 5:00pm,complete,2681,Moreirense FC,Boavista FC,Tiago Bruno Lopes Martins,32,1.00,0.80,1.06,0.94,1,2,3,1,0,1,"88","20,89",5,3,4,1,4,2,0,5,3,3,15,9,3,3,12,6,8,17,57,43,1.30,1.23,1.66,1.02,2.70,60,80,50,30,13,50,73,47,74,7.26,7.07,2.20,3.20,3.20,1.40,2.15,4.07,8.20,2.03,1.75,Parque Desportivo Comendador Joaquim de Almeida Freitas (Moreira de Cónegos)
1651433400,May 01 2022 - 7:30pm,complete,25425,Sporting CP,Gil Vicente,Miguel Bertolo Nogueira,32,2.47,1.80,2.53,1.59,4,1,5,3,2,1,"21,36,53,62","45'2",13,2,4,0,2,0,0,4,1,1,26,6,15,4,11,2,18,14,56,44,2.01,1.43,3.07,0.87,2.27,40,74,37,14,4,10,60,40,87,10.47,6.07,1.33,5.20,9.60,1.24,1.77,2.82,5.15,2.15,1.67,Estádio José Alvalade (Lisboa)
1651518900,May 02 2022 - 7:15pm,complete,N/A,Paços de Ferreira,CD Tondela,Fábio José Costa Veríssimo,32,1.33,0.73,1.24,0.71,1,1,2,1,0,1,"90'2","32",7,0,1,0,5,1,1,0,3,3,20,10,6,6,14,4,14,12,67,33,1.41,1.07,2.18,1.17,2.77,60,87,54,27,7,30,70,60,87,9.20,6.40,2.25,3.20,3.10,1.33,2.05,3.60,7.00,1.82,1.88,Estádio da Capital do Móvel (Paços de Ferreira)
1651864500,May 06 2022 - 7:15pm,complete,N/A,Boavista FC,Vitória Guimarães,Nuno Miguel Serrano Almeida,33,1.31,1.06,1.29,1.06,1,1,2,1,0,1,"70","25",5,7,2,0,3,1,0,2,2,2,20,15,7,5,13,10,8,14,45,55,1.40,1.47,1.99,1.59,2.29,53,66,38,19,10,19,76,35,75,9.25,7.63,2.69,3.06,2.43,1.34,2.06,3.62,7.15,1.86,1.90,Estádio do Bessa Século XXI (Porto)
1651933800,May 07 2022 - 2:30pm,complete,1244,GD Estoril Praia,Moreirense FC,Manuel Mota,33,1.06,0.69,1.18,0.65,1,0,1,0,0,0,"64","",2,8,5,1,3,0,1,5,0,3,7,21,4,7,3,14,17,10,45,55,1.41,1.44,0.94,2.25,2.47,57,69,50,29,13,28,66,41,78,8.69,7.25,2.55,3.30,2.80,1.35,1.99,3.65,7.25,1.83,1.93,Estádio António Coimbra da Mota (Estoril)
1651942800,May 07 2022 - 5:00pm,complete,N/A,Benfica,Porto,Luis Miguel Branco Godinho,33,2.06,2.56,1.94,2.59,0,1,1,0,0,0,"","90'4",5,3,10,0,4,0,2,8,2,2,11,11,4,6,7,5,23,18,63,37,2.30,2.01,1.29,1.35,3.04,60,82,60,31,16,44,82,54,82,13.62,4.75,2.85,3.60,2.37,1.21,1.65,2.02,5.00,1.57,2.25,Estádio do Sport Lisboa e Benfica (da Luz) (Lisboa)
1651951800,May 07 2022 - 7:30pm,complete,N/A,Portimonense,Sporting CP,Rui Manuel Gomes Costa,33,1.00,2.44,0.94,2.47,2,3,5,3,2,1,"25,30","12,71,76",1,8,2,0,2,0,1,1,0,2,6,28,4,9,2,19,6,13,29,71,1.82,1.74,0.82,2.87,2.53,57,82,51,19,7,38,75,47,72,10.75,7.50,7.34,4.17,1.38,1.22,1.71,2.90,5.50,2.00,1.78,Estádio Municipal de Portimão (Portimão)
1652020200,May 08 2022 - 2:30pm,complete,10185,Gil Vicente,CD Tondela,Hugo Filipe Ferreira de Campos Moreira Miguel,33,1.31,0.75,1.41,0.71,3,0,3,0,0,0,"56,63,76","",8,0,1,0,2,1,0,1,1,2,10,5,6,4,4,1,21,8,66,34,1.79,1.08,1.42,0.76,2.78,57,88,53,28,6,28,66,57,88,9.32,5.88,1.88,3.89,3.86,1.27,1.80,3.05,5.80,1.79,1.98,Estádio Cidade de Barcelos (Barcelos)
1652020200,May 08 2022 - 2:30pm,complete,4519,FC Vizela,CS Marítimo,Cláudio Filipe Ruivo Pereira,33,1.13,1.19,1.12,1.18,1,1,2,0,0,0,"56","61",2,8,4,0,2,0,0,4,1,1,12,10,4,5,8,5,16,8,42,58,1.78,1.31,1.24,1.25,2.50,60,75,41,16,10,41,72,41,69,10.44,6.82,2.11,3.50,3.48,1.29,1.85,3.20,6.15,1.82,1.94,Estádio Do Vizela (Caldas de Vizela)
1652029200,May 08 2022 - 5:00pm,complete,N/A,Sporting Braga,FC Arouca,Tiago Bruno Lopes Martins,33,1.94,0.75,2.00,0.71,1,0,1,0,0,0,"87","",4,8,0,0,1,0,0,0,0,1,13,16,3,4,10,12,12,8,64,36,1.89,1.44,1.44,1.55,2.44,54,72,53,25,7,32,66,47,69,9.57,6.31,1.64,4.10,4.70,1.26,1.82,3.02,5.70,1.83,1.93,Estádio Municipal de Braga (Braga)
1652038200,May 08 2022 - 7:30pm,complete,1777,Santa Clara,Paços de Ferreira,David Rafael Oliveira Silva,33,1.69,1.06,1.76,1.00,2,0,2,1,1,0,"9,67","",10,0,3,0,3,1,0,3,2,2,21,4,8,0,13,4,24,17,55,45,1.34,1.18,2.28,0.34,2.35,44,75,41,22,7,22,69,44,75,9.56,6.69,1.96,3.35,3.80,1.36,2.20,3.80,7.55,2.00,1.77,Estádio de São Miguel (Ponta Delgada- Ilha de São Miguel- Açores)
1652123700,May 09 2022 - 7:15pm,complete,N/A,Belenenses,Famalicão,Hélder Miguel Azevedo Malheiro,33,1.13,0.88,1.06,1.00,2,3,5,1,1,0,"44,90'3","67,76,90'5",7,5,3,0,1,0,1,2,0,1,14,15,7,5,7,10,16,21,48,52,1.02,1.39,1.57,1.58,2.75,50,75,47,32,16,38,82,35,75,6.88,7.82,2.80,2.90,2.46,1.36,2.10,3.75,7.00,1.90,1.86,Estádio Nacional (Jamor- Oeiras)
1652469300,May 13 2022 - 7:15pm,complete,N/A,Paços de Ferreira,Benfica,Hugo Serafim Coelho Magalhães Silva,34,1.31,2.38,1.24,2.41,0,2,2,2,0,2,"","5,44",6,4,1,0,1,0,0,1,0,1,12,15,5,10,7,5,11,23,53,47,1.46,1.75,1.50,1.95,2.91,60,85,54,35,16,41,79,50,81,11.94,5.50,7.50,4.60,1.40,1.20,1.60,2.40,4.33,1.73,2.00,Estádio da Capital do Móvel (Paços de Ferreira)
1652538600,May 14 2022 - 2:30pm,complete,N/A,FC Arouca,Belenenses,Rui Manuel Gomes Costa,34,1.13,0.44,1.12,0.47,0,0,0,0,0,0,"","",8,4,2,0,2,0,1,1,0,2,23,9,6,4,17,5,13,11,57,43,1.57,1.28,2.22,1.23,2.41,44,79,38,22,10,29,72,41,79,9.06,6.88,2.50,3.20,2.80,1.41,2.20,4.15,8.35,1.93,1.83,Estádio Municipal de Arouca (Arouca)
1652538600,May 14 2022 - 2:30pm,complete,N/A,CD Tondela,Boavista FC,Artur Manuel Ribeiro Soares Dias,34,0.94,0.94,0.94,0.94,2,2,4,1,1,0,"41,77","51,86",4,5,1,0,3,0,0,1,1,2,12,14,7,6,5,8,13,16,43,57,1.31,1.21,1.55,1.50,3.13,72,91,69,38,16,56,75,56,94,7.00,7.00,1.70,3.60,5.00,1.29,1.80,3.00,5.50,1.80,1.91,Estádio João Cardoso (Tondela)
1652538600,May 14 2022 - 2:30pm,complete,N/A,Moreirense FC,FC Vizela,Nuno Miguel Serrano Almeida,34,0.94,0.88,1.06,0.82,4,1,5,3,3,0,"8,16,30,66","90'3",4,7,3,0,3,1,1,2,2,2,12,7,6,3,6,4,16,10,57,43,1.33,1.39,1.42,0.82,2.91,60,79,57,38,19,38,66,57,76,8.76,6.82,1.72,3.75,4.50,1.29,1.80,3.00,5.50,1.80,1.91,Parque Desportivo Comendador Joaquim de Almeida Freitas (Moreira de Cónegos)
1652547600,May 14 2022 - 5:00pm,complete,N/A,CS Marítimo,Portimonense,Vitor Jorge Fernandes Ferreira,34,1.13,1.19,1.06,1.29,0,1,1,0,0,0,"","80",4,2,3,0,2,0,2,1,2,0,12,16,7,5,5,11,16,21,48,52,1.37,1.21,1.48,1.59,2.29,38,69,31,19,10,38,66,29,75,8.56,6.56,2.20,3.40,3.00,1.25,1.67,2.75,4.75,1.62,2.20,Estádio dos Barreiros (Funchal (Ilha da Madeira))
1652547600,May 14 2022 - 5:00pm,complete,N/A,Porto,GD Estoril Praia,António Emanuel Carvalho Nobre,34,2.75,1.19,2.76,1.12,2,0,2,0,0,0,"48,88","",12,6,0,0,0,0,0,0,0,0,21,7,7,2,14,5,11,11,65,35,2.19,1.39,2.35,0.74,2.94,50,85,60,35,13,41,85,50,82,11.25,5.63,1.18,7.00,13.50,1.70,1.53,2.33,3.75,2.20,1.62,Estádio Do Dragão (Porto)
1652556600,May 14 2022 - 7:30pm,complete,28942,Sporting CP,Santa Clara,Hugo Filipe Ferreira de Campos Moreira Miguel,34,2.50,0.63,2.53,0.59,4,0,4,1,1,0,"41,51,56,78","",10,5,1,0,2,0,0,1,0,2,20,8,9,0,11,8,11,13,67,33,2.08,1.28,2.17,0.61,2.47,44,85,44,16,10,19,75,50,85,10.81,5.94,1.22,7.00,9.75,1.17,1.57,2.25,3.75,2.05,1.70,Estádio José Alvalade (Lisboa)
1652634000,May 15 2022 - 5:00pm,complete,N/A,Famalicão,Sporting Braga,Manuel Mota,34,1.19,1.94,1.29,1.82,3,2,5,3,1,2,"43,80,89","1,19",6,4,3,1,3,1,2,2,2,2,21,11,12,7,9,4,9,12,48,52,1.64,1.37,2.46,1.55,2.38,50,63,47,22,16,35,57,38,72,9.82,5.32,3.00,3.55,2.25,1.22,1.67,2.62,4.50,1.60,2.25,Estádio Municipal 22 de Junho (Vila Nova de Famalicão)
1652643000,May 15 2022 - 7:30pm,complete,N/A,Vitória Guimarães,Gil Vicente,André Filipe Domingues Narciso,34,1.69,1.69,1.76,1.59,5,0,5,1,1,0,"20,51,83,84,90","",1,3,1,0,0,0,0,1,0,0,15,9,8,5,7,4,14,15,48,52,1.80,1.39,1.75,1.24,2.78,66,75,60,35,6,32,60,54,85,9.88,6.94,2.20,3.50,3.15,1.25,1.73,2.75,5.00,1.62,2.20,Estádio Dom Afonso Henriques (Guimarães)
