timestamp,date_GMT,status,attendance,home_team_name,away_team_name,referee,Game Week,Pre-Match PPG (Home),Pre-Match PPG (Away),home_ppg,away_ppg,home_team_goal_count,away_team_goal_count,total_goal_count,total_goals_at_half_time,home_team_goal_count_half_time,away_team_goal_count_half_time,home_team_goal_timings,away_team_goal_timings,home_team_corner_count,away_team_corner_count,home_team_yellow_cards,home_team_red_cards,away_team_yellow_cards,away_team_red_cards,home_team_first_half_cards,home_team_second_half_cards,away_team_first_half_cards,away_team_second_half_cards,home_team_shots,away_team_shots,home_team_shots_on_target,away_team_shots_on_target,home_team_shots_off_target,away_team_shots_off_target,home_team_fouls,away_team_fouls,home_team_possession,away_team_possession,Home Team Pre-Match xG,Away Team Pre-Match xG,team_a_xg,team_b_xg,average_goals_per_match_pre_match,btts_percentage_pre_match,over_15_percentage_pre_match,over_25_percentage_pre_match,over_35_percentage_pre_match,over_45_percentage_pre_match,over_15_HT_FHG_percentage_pre_match,over_05_HT_FHG_percentage_pre_match,over_15_2HG_percentage_pre_match,over_05_2HG_percentage_pre_match,average_corners_per_match_pre_match,average_cards_per_match_pre_match,odds_ft_home_team_win,odds_ft_draw,odds_ft_away_team_win,odds_ft_over15,odds_ft_over25,odds_ft_over35,odds_ft_over45,odds_btts_yes,odds_btts_no,stadium_name
1723833900,Aug 16 2024 - 6:45pm,complete,N/A,Le Havre,PSG,Willy Delajod,1,0.00,0.00,0.69,2.47,1,4,5,1,0,1,"48","3,84,86,90",2,8,3,0,0,0,2,1,0,0,7,16,4,12,1,3,11,9,24,76,0.00,0.00,0.74,2.19,0.00,0,0,0,0,0,0,0,0,0,0.00,0.00,6.45,4.58,1.47,1.19,1.66,2.17,4.50,1.80,1.95,Stade Océane (Le Havre)
1723906800,Aug 17 2024 - 3:00pm,complete,N/A,Brest,Olympique Marseille,Benoît Bastien,1,0.00,0.00,1.80,1.80,1,5,6,4,1,3,"45'6","3,26,31,48,69",5,0,4,0,1,0,3,1,1,0,11,8,8,6,2,1,12,8,49,51,0.00,0.00,1.56,0.96,0.00,0,0,0,0,0,0,0,0,0,0.00,0.00,2.60,3.40,2.62,1.27,1.85,3.12,5.75,1.70,2.05,Stade Francis-Le Blé (Brest)
1723914000,Aug 17 2024 - 5:00pm,complete,N/A,Reims,Lille,Eric Wattellier,1,0.00,0.00,1.00,1.44,0,2,2,1,0,1,"","45'30,90'3",0,8,2,1,2,0,1,2,0,2,3,23,0,7,2,7,6,15,31,69,0.00,0.00,0.32,2.02,0.00,0,0,0,0,0,0,0,0,0,0.00,0.00,3.70,3.50,2.00,1.25,1.91,3.30,5.20,1.75,2.00,Stade Auguste-Delaune (Reims)
1723921200,Aug 17 2024 - 7:00pm,complete,14250,Monaco,Saint-Étienne,Clément Turpin,1,0.00,0.00,2.25,0.38,1,0,1,1,1,0,"28","",5,4,1,0,1,0,0,1,0,1,18,13,7,6,4,5,13,14,62,38,0.00,0.00,1.57,1.21,0.00,0,0,0,0,0,0,0,0,0,0.00,0.00,1.53,4.40,5.75,1.14,1.57,2.30,4.05,1.70,2.05,Stade Louis-II (Monaco)
1723986000,Aug 18 2024 - 1:00pm,complete,N/A,Auxerre,Nice,Romain Lissorgue,1,0.00,0.00,1.73,1.44,2,1,3,2,1,1,"44,90'5","21",3,5,0,0,0,0,0,0,0,0,17,10,8,3,8,4,11,17,45,55,0.00,0.00,1.86,0.97,0.00,0,0,0,0,0,0,0,0,0,0.00,0.00,3.10,3.05,2.12,1.40,1.96,4.20,8.50,1.91,1.91,Stade de l'Abbé Deschamps (Auxerre)
1723993200,Aug 18 2024 - 3:00pm,complete,N/A,Montpellier,Strasbourg,Mathieu Vernice,1,0.00,0.00,0.81,1.38,1,1,2,0,0,0,"67","58",6,4,4,0,3,0,1,3,1,2,9,12,6,5,1,6,19,18,42,58,0.00,0.00,1.21,1.23,0.00,0,0,0,0,0,0,0,0,0,0.00,0.00,1.94,3.46,3.40,1.32,1.79,3.40,6.50,1.75,2.00,Stade de la Mosson-Mondial 98 (Montpellier)
1723993200,Aug 18 2024 - 3:00pm,complete,N/A,Toulouse,Nantes,Jeremy Stinat,1,0.00,0.00,1.07,0.88,0,0,0,0,0,0,"","",10,5,1,0,3,0,1,0,1,2,13,11,7,3,3,5,14,11,54,46,0.00,0.00,1.52,1.11,0.00,0,0,0,0,0,0,0,0,0,0.00,0.00,1.97,3.36,3.40,1.38,1.92,3.88,7.70,1.95,1.80,Stadium de Toulouse (Toulouse)
1723993200,Aug 18 2024 - 3:00pm,complete,N/A,Angers SCO,Lens,Thomas Léonard,1,0.00,0.00,0.88,1.67,0,1,1,1,0,1,"","28",7,3,1,0,0,0,0,1,0,0,9,11,4,5,2,6,12,14,41,59,0.00,0.00,1.11,1.31,0.00,0,0,0,0,0,0,0,0,0,0.00,0.00,4.18,3.65,1.70,1.30,1.79,3.30,6.50,1.91,1.91,Stade Raymond Kopa (Angers)
1724006700,Aug 18 2024 - 6:45pm,complete,N/A,Rennes,Olympique Lyonnais,Benoît Millot,1,0.00,0.00,1.56,1.38,3,0,3,2,2,0,"19,21,90'1","",7,7,2,0,1,0,1,1,1,0,23,17,9,3,10,8,13,12,48,52,0.00,0.00,2.21,1.34,0.00,0,0,0,0,0,0,0,0,0,0.00,0.00,1.95,3.43,3.39,1.23,1.83,2.88,5.20,1.62,2.20,Roazhon Park (Rennes)
1724438700,Aug 23 2024 - 6:45pm,complete,N/A,PSG,Montpellier,Marc Bollengier,2,0.00,0.00,2.56,0.20,6,0,6,2,2,0,"4,24,53,58,60,82","",10,2,1,0,4,0,0,1,2,2,28,9,12,4,12,3,11,17,69,31,0.00,0.00,2.81,0.86,0.00,0,0,0,0,0,0,0,0,0,0.00,0.00,1.31,5.40,7.65,1.10,1.33,1.88,3.00,1.60,2.20,Parc des Princes (Paris)
1724511600,Aug 24 2024 - 3:00pm,complete,N/A,Olympique Lyonnais,Monaco,Stéphanie Frappart,2,0.00,0.00,2.13,1.27,0,2,2,0,0,0,"","65,80",0,6,2,0,2,1,0,2,1,2,2,22,0,7,2,10,19,9,39,61,0.00,0.00,0.40,1.93,0.00,0,0,0,0,0,0,0,0,0,0.00,0.00,2.36,3.61,2.66,1.15,1.48,2.13,3.80,1.40,2.70,Groupama Stadium (Décines-Charpieu)
1724518800,Aug 24 2024 - 5:00pm,complete,N/A,Lille,Angers SCO,Abdelatif Kherradji,2,0.00,0.00,2.20,1.07,2,0,2,1,1,0,"34,90'5","",3,2,1,0,2,0,1,0,1,1,12,7,7,3,2,3,9,18,64,36,0.00,0.00,1.52,0.69,0.00,0,0,0,0,0,0,0,0,0,0.00,0.00,1.34,4.50,8.28,1.28,1.90,3.25,6.25,2.25,1.57,Decathlon Arena - Stade Pierre-Mauroy (Villeneuve d'Ascq)
1724526000,Aug 24 2024 - 7:00pm,complete,N/A,Saint-Étienne,Le Havre,Florent Batta,2,0.00,0.00,1.40,1.13,0,2,2,0,0,0,"","57,67",2,4,3,0,3,0,2,1,2,1,20,15,6,6,9,7,12,10,59,41,0.00,0.00,1.65,1.58,0.00,0,0,0,0,0,0,0,0,0,0.00,0.00,1.85,3.42,4.03,1.35,2.03,3.80,7.50,1.85,1.85,Stade Geoffroy-Guichard (Saint-Ètienne)
1724590800,Aug 25 2024 - 1:00pm,complete,N/A,Lens,Brest,Jérémie Pignard,2,0.00,0.00,1.25,1.06,2,0,2,2,2,0,"19,45","",5,2,2,1,3,0,1,2,1,2,21,12,10,3,5,9,10,7,52,48,0.00,0.00,2.03,1.21,0.00,0,0,0,0,0,0,0,0,0,0.00,0.00,1.95,3.60,3.75,1.28,1.85,3.28,6.15,1.91,1.91,Stade Bollaert-Delelis (Lens)
1724598000,Aug 25 2024 - 3:00pm,complete,N/A,Strasbourg,Rennes,Eric Wattellier,2,0.00,0.00,2.13,0.87,3,1,4,1,1,0,"23,48,87","57",2,5,2,0,4,0,0,2,2,2,13,15,7,6,3,6,9,19,60,40,0.00,0.00,1.25,1.49,0.00,0,0,0,0,0,0,0,0,0,0.00,0.00,3.10,3.50,2.25,1.28,1.80,3.20,6.00,1.67,2.10,Stade de la Meinau (Strasbourg)
1724598000,Aug 25 2024 - 3:00pm,complete,N/A,Nantes,Auxerre,Gaël Angoula,2,0.00,0.00,1.20,0.94,2,0,2,1,1,0,"14,90'6","",3,12,2,0,1,1,0,2,1,1,10,13,6,4,3,4,9,6,35,65,0.00,0.00,1.39,1.17,0.00,0,0,0,0,0,0,0,0,0,0.00,0.00,2.20,3.40,3.25,1.33,2.00,3.55,7.00,1.80,1.95,Stade de la Beaujoire - Louis Fonteneau (Nantes)
1724598000,Aug 25 2024 - 3:00pm,complete,N/A,Nice,Toulouse,Bastien Dechepy,2,0.00,0.00,2.07,1.19,1,1,2,0,0,0,"53","73",4,4,4,0,2,0,1,3,0,2,11,17,4,4,5,7,12,21,57,43,0.00,0.00,1.16,1.17,0.00,0,0,0,0,0,0,0,0,0,0.00,0.00,1.71,3.80,4.60,1.32,1.85,3.50,6.50,1.80,1.95,Allianz Riviera (Nice)
1724611500,Aug 25 2024 - 6:45pm,complete,N/A,Olympique Marseille,Reims,Hakim Ben El Hadj,2,0.00,0.00,1.94,1.13,2,2,4,1,1,0,"25,71","51,55",2,4,1,0,1,0,0,1,0,1,22,14,12,4,5,5,10,13,66,34,0.00,0.00,2.21,1.11,0.00,0,0,0,0,0,0,0,0,0,0.00,0.00,1.62,4.20,5.00,1.20,1.60,2.70,4.75,1.70,2.05,Orange Vélodrome (Marseille)
1725043500,Aug 30 2024 - 6:45pm,complete,N/A,Olympique Lyonnais,Strasbourg,Thomas Léonard,3,0.00,1.00,2.13,1.38,4,3,7,2,1,1,"45'2,61,63,72","3,48,58",9,2,3,0,2,0,1,2,1,1,22,16,14,9,2,2,11,6,48,52,0.40,1.23,2.40,1.52,2.00,50,100,0,0,0,0,0,100,100,4.00,5.00,1.73,3.90,4.50,1.26,1.66,2.96,5.55,1.72,2.10,Groupama Stadium (Décines-Charpieu)
1725116400,Aug 31 2024 - 3:00pm,complete,N/A,Brest,Saint-Étienne,Gaël Angoula,3,0.00,0.00,1.80,0.38,4,0,4,2,2,0,"10,32,77,84","",7,2,0,0,5,0,0,0,1,4,24,7,10,0,8,5,12,28,47,53,1.56,1.21,2.16,0.59,3.50,50,50,50,50,50,50,100,50,50,9.00,5.00,1.75,3.80,4.00,1.33,1.85,3.60,7.00,1.88,1.90,Stade Francis-Le Blé (Brest)
1725123600,Aug 31 2024 - 5:00pm,complete,N/A,Montpellier,Nantes,Benoît Millot,3,1.00,1.00,0.81,0.88,1,3,4,3,1,2,"30","24,45'7,85",8,3,2,0,2,0,0,2,0,2,12,10,6,5,4,4,11,14,69,31,1.21,1.11,1.59,1.18,1.00,50,50,0,0,0,0,0,50,50,11.00,7.00,2.20,3.30,3.20,1.28,1.87,3.24,6.05,1.75,2.00,Stade de la Mosson-Mondial 98 (Montpellier)
1725130800,Aug 31 2024 - 7:00pm,complete,N/A,Toulouse,Olympique Marseille,Stéphanie Frappart,3,1.00,3.00,1.07,1.80,1,3,4,2,0,2,"90","16,17,52",2,3,4,1,2,0,2,3,1,1,4,14,2,5,2,4,10,15,24,76,1.52,0.96,0.57,1.34,3.00,50,50,50,50,50,50,50,50,50,10.00,2.00,3.90,3.70,2.00,1.25,1.68,3.00,5.50,1.73,2.06,Stadium de Toulouse (Toulouse)
1725195600,Sep 01 2024 - 1:00pm,complete,N/A,Monaco,Lens,Willy Delajod,3,3.00,3.00,2.25,1.67,1,1,2,0,0,0,"84","90'4",7,7,1,0,4,0,0,1,3,1,15,14,4,5,6,6,11,21,61,39,1.57,1.31,1.22,1.34,1.00,0,0,0,0,0,0,100,0,0,8.00,1.00,1.80,3.90,3.80,1.16,1.55,2.40,4.05,1.53,2.38,Stade Louis-II (Monaco)
1725202800,Sep 01 2024 - 3:00pm,complete,N/A,Angers SCO,Nice,Jeremy Stinat,3,0.00,0.00,0.88,1.44,1,4,5,2,0,2,"67","6,25,72,85",4,9,6,0,3,1,4,2,2,2,16,14,9,9,4,2,14,13,54,46,1.11,0.97,1.86,1.55,2.00,50,50,50,0,0,50,100,0,50,12.00,1.00,3.60,3.40,2.05,1.39,1.85,3.97,8.00,1.95,1.80,Stade Raymond Kopa (Angers)
1725202800,Sep 01 2024 - 3:00pm,complete,N/A,Le Havre,Auxerre,Marc Bollengier,3,0.00,0.00,0.69,0.94,3,1,4,2,1,1,"23,52,90'8","17",2,2,1,0,4,1,0,1,4,1,23,8,9,4,9,1,10,16,49,51,0.74,1.17,2.09,0.83,3.50,50,100,50,50,50,0,100,50,100,14.00,6.00,2.75,3.25,2.60,1.35,2.15,3.75,7.00,1.80,1.95,Stade Océane (Le Havre)
1725202800,Sep 01 2024 - 3:00pm,complete,N/A,Reims,Rennes,Mathieu Vernice,3,0.00,0.00,1.00,0.87,2,1,3,2,1,1,"41,48","13",3,5,2,0,1,0,1,1,0,1,12,14,8,6,3,3,9,13,53,47,0.32,1.49,1.51,1.31,3.00,50,100,50,50,0,0,100,50,100,5.00,8.00,2.88,3.50,2.38,1.23,1.75,2.85,5.15,1.67,2.10,Stade Auguste-Delaune (Reims)
1725216300,Sep 01 2024 - 6:45pm,complete,N/A,Lille,PSG,Benoît Bastien,3,3.00,3.00,2.20,2.47,1,3,4,2,0,2,"78","33,36,90'2",3,1,3,0,2,0,1,2,1,1,9,12,5,8,4,2,9,9,42,58,1.52,2.19,1.42,1.45,3.50,50,100,50,50,50,0,100,50,100,11.00,1.00,3.60,3.60,2.00,1.21,1.80,2.74,4.95,1.67,2.10,Decathlon Arena - Stade Pierre-Mauroy (Villeneuve d'Ascq)
1726253100,Sep 13 2024 - 6:45pm,complete,N/A,Saint-Étienne,Lille,François Letexier,4,0.00,3.00,1.40,1.44,1,0,1,1,1,0,"6","",2,7,1,0,1,0,0,1,0,1,11,19,6,5,5,8,12,10,29,71,1.65,2.02,1.31,1.75,2.00,0,100,0,0,0,0,50,50,100,10.00,5.00,4.10,3.50,1.95,1.30,1.88,3.40,6.50,1.75,2.00,Stade Geoffroy-Guichard (Saint-Ètienne)
1726326000,Sep 14 2024 - 3:00pm,complete,N/A,Olympique Marseille,Nice,Benoît Millot,4,1.00,1.50,1.94,1.44,2,0,2,1,1,0,"40,53","",1,2,4,1,3,0,1,4,2,1,11,12,6,5,3,4,18,4,56,44,2.21,1.26,1.14,1.24,4.00,100,100,100,75,25,50,100,75,100,9.00,3.00,1.77,3.85,4.40,1.22,1.76,2.82,5.15,1.75,2.00,Orange Vélodrome (Marseille)
1726333200,Sep 14 2024 - 5:00pm,complete,N/A,Auxerre,Monaco,Abdelatif Kherradji,4,3.00,3.00,1.73,1.27,0,3,3,2,0,2,"","8,25,89",1,6,3,0,0,0,3,0,0,0,14,20,4,10,5,4,13,16,42,58,1.86,1.93,1.36,1.91,2.50,50,100,50,0,0,50,50,50,100,9.00,3.00,3.80,3.80,1.88,1.15,1.57,2.20,3.75,1.44,2.63,Stade de l'Abbé Deschamps (Auxerre)
1726340400,Sep 14 2024 - 7:00pm,complete,N/A,PSG,Brest,Clément Turpin,4,3.00,0.00,2.56,1.06,3,1,4,2,1,1,"42,73,74","29",9,1,2,0,3,0,2,0,1,2,23,6,10,4,7,0,7,13,67,33,2.81,1.21,2.31,0.71,4.00,0,100,50,50,50,100,100,50,50,12.00,4.00,1.30,5.75,8.50,1.13,1.40,2.20,3.60,1.80,1.95,Parc des Princes (Paris)
1726405200,Sep 15 2024 - 1:00pm,complete,N/A,Rennes,Montpellier,Jérémie Pignard,4,3.00,0.00,1.56,0.20,3,0,3,2,2,0,"24,35,60","",3,4,1,0,3,0,1,0,1,2,12,13,7,5,5,4,10,7,51,49,2.21,0.86,1.68,1.21,4.50,0,100,100,50,50,100,100,50,100,9.00,6.00,1.58,4.05,5.00,1.16,1.62,2.60,4.50,1.67,2.10,Roazhon Park (Rennes)
1726412400,Sep 15 2024 - 3:00pm,complete,N/A,Nantes,Reims,Willy Delajod,4,3.00,1.00,1.20,1.13,1,2,3,2,1,1,"28","34,90'1",6,3,3,0,1,0,1,2,0,1,19,12,7,5,5,5,14,5,45,55,1.39,1.11,1.61,1.36,3.00,50,100,50,50,0,0,100,50,100,7.00,3.00,2.24,3.35,2.86,1.25,1.95,3.30,6.50,1.70,2.05,Stade de la Beaujoire - Louis Fonteneau (Nantes)
1726412400,Sep 15 2024 - 3:00pm,complete,N/A,Toulouse,Le Havre,Eric Wattellier,4,0.50,3.00,1.07,1.13,2,0,2,0,0,0,"70,86","",6,5,1,0,1,0,0,1,0,1,16,6,8,4,4,1,10,11,54,46,1.04,1.58,1.63,0.84,2.00,25,75,25,25,0,25,25,75,75,10.00,6.50,1.78,3.55,4.25,1.32,1.98,3.50,6.50,1.80,1.95,Stadium de Toulouse (Toulouse)
1726412400,Sep 15 2024 - 3:00pm,complete,N/A,Strasbourg,Angers SCO,Hakim Ben El Hadj,4,3.00,0.00,2.13,1.07,1,1,2,1,1,0,"31","62",6,9,4,0,1,0,2,2,0,1,11,13,6,3,4,5,11,14,51,49,1.25,0.69,1.28,1.09,3.00,50,100,50,50,0,0,100,50,100,4.00,4.00,1.73,3.60,4.45,1.30,1.97,3.40,6.50,1.91,1.91,Stade de la Meinau (Strasbourg)
1726425900,Sep 15 2024 - 6:45pm,complete,N/A,Lens,Olympique Lyonnais,Bastien Dechepy,4,3.00,0.00,1.25,1.38,0,0,0,0,0,0,"","",5,8,0,0,0,0,0,0,0,0,13,9,6,4,6,1,12,11,54,46,2.03,1.34,1.62,0.94,2.50,0,100,50,0,0,100,100,0,50,12.00,5.00,1.79,3.75,4.17,1.19,1.63,2.57,4.50,1.62,2.20,Stade Bollaert-Delelis (Lens)
1726857900,Sep 20 2024 - 6:45pm,complete,N/A,Nice,Saint-Étienne,Thomas Léonard,5,1.00,0.00,2.07,0.38,8,0,8,6,6,0,"4,7,24,26,36,39,75,86","",3,2,0,0,1,0,0,0,1,0,20,9,13,3,4,4,7,13,60,40,1.16,0.90,2.24,0.85,2.25,50,75,25,25,0,25,50,75,75,7.00,7.00,1.64,3.95,5.30,1.25,1.80,3.10,5.45,1.80,1.95,Allianz Riviera (Nice)
1726930800,Sep 21 2024 - 3:00pm,complete,N/A,Lille,Strasbourg,Jérôme Brisard,5,1.50,0.50,2.20,1.38,3,3,6,4,2,2,"15,27,84","30,42,66",9,5,2,0,2,0,0,2,1,1,16,14,8,10,6,1,16,12,64,36,1.47,1.38,1.91,1.53,3.75,75,100,50,50,25,50,75,75,100,6.00,4.50,1.70,3.60,5.00,1.28,1.91,3.20,6.00,1.91,1.91,Decathlon Arena - Stade Pierre-Mauroy (Villeneuve d'Ascq)
1726938000,Sep 21 2024 - 5:00pm,complete,N/A,Rennes,Lens,Jeremy Stinat,5,3.00,2.00,1.56,1.67,1,1,2,1,1,0,"24","90'6",4,3,2,0,4,0,1,1,1,3,12,11,7,3,3,3,16,20,40,60,1.95,1.33,1.34,0.98,2.25,25,75,50,0,0,50,75,25,75,10.00,3.50,2.35,3.30,2.97,1.33,1.98,3.60,7.00,1.80,1.95,Roazhon Park (Rennes)
1726945200,Sep 21 2024 - 7:00pm,complete,N/A,Reims,PSG,Jérémie Pignard,5,1.50,3.00,1.00,2.47,1,1,2,1,1,0,"9","68",3,5,2,0,1,0,1,1,1,0,9,12,2,5,3,5,11,6,22,78,0.92,1.82,0.59,1.57,3.50,75,100,75,50,25,50,100,50,100,6.00,4.00,6.00,5.00,1.44,1.16,1.55,2.30,4.00,1.70,2.05,Stade Auguste-Delaune (Reims)
1727010000,Sep 22 2024 - 1:00pm,complete,N/A,Monaco,Le Havre,Stéphanie Frappart,5,2.00,1.50,2.25,1.13,3,1,4,2,1,1,"9,66,70","30",6,4,1,0,3,0,1,0,2,1,13,9,5,3,4,3,10,17,62,38,1.39,1.21,1.27,0.87,1.75,25,75,0,0,0,0,25,75,75,10.50,3.00,1.55,4.33,5.50,1.14,1.77,2.30,3.82,1.80,1.95,Stade Louis-II (Monaco)
1727017200,Sep 22 2024 - 3:00pm,complete,N/A,Brest,Toulouse,Florent Batta,5,1.50,1.00,1.80,1.19,2,0,2,1,1,0,"21,90'1","",4,3,1,0,1,0,1,0,1,0,9,12,6,2,1,9,15,18,43,57,1.86,1.17,1.10,1.20,3.50,75,100,50,50,25,50,50,100,100,10.00,4.00,2.07,3.65,3.40,1.32,1.89,3.50,6.50,1.75,2.00,Stade Francis-Le Blé (Brest)
1727017200,Sep 22 2024 - 3:00pm,complete,N/A,Angers SCO,Nantes,Mathieu Vernice,5,0.00,2.00,0.88,0.88,1,1,2,2,1,1,"24","18",3,6,1,0,4,0,1,0,1,3,6,10,2,4,3,2,13,16,50,50,1.49,1.15,0.77,1.02,2.50,50,50,50,50,25,50,75,25,50,9.50,6.00,3.20,3.20,2.33,1.40,2.25,4.20,8.50,1.95,1.80,Stade Raymond Kopa (Angers)
1727017200,Sep 22 2024 - 3:00pm,complete,N/A,Montpellier,Auxerre,Hakim Ben El Hadj,5,0.50,0.00,0.81,0.94,3,2,5,1,0,1,"65,71,75","18,72",11,5,3,0,4,0,1,2,0,4,15,12,6,7,5,3,13,20,54,46,1.40,1.00,1.51,1.37,3.00,75,100,50,50,0,50,75,50,100,14.00,7.00,2.28,3.40,3.15,1.19,1.81,2.69,4.70,1.57,2.25,Stade de la Mosson-Mondial 98 (Montpellier)
1727030700,Sep 22 2024 - 6:45pm,complete,N/A,Olympique Lyonnais,Olympique Marseille,Benoît Bastien,5,1.50,3.00,2.13,1.80,2,3,5,0,0,0,"53,90'3","69,82,90'5",10,3,4,0,2,1,1,3,2,1,23,10,10,6,9,2,17,8,63,37,1.40,1.15,2.56,1.01,4.75,75,100,75,75,50,75,75,100,100,6.00,4.00,3.05,3.80,2.16,1.17,1.64,2.30,4.00,1.50,2.50,Groupama Stadium (Décines-Charpieu)
1727456400,Sep 27 2024 - 5:00pm,complete,N/A,Auxerre,Brest,Jeremy Stinat,6,1.50,0.00,1.73,1.06,3,0,3,2,2,0,"26,37,59","",2,3,2,0,0,0,1,1,0,0,16,9,5,5,6,4,13,16,38,62,1.61,0.96,1.39,1.18,3.00,50,100,75,25,0,100,100,25,75,3.50,4.50,2.98,3.44,2.58,1.30,1.82,3.30,6.50,1.70,2.05,Stade de l'Abbé Deschamps (Auxerre)
1727463600,Sep 27 2024 - 7:00pm,complete,47000,PSG,Rennes,Hakim Ben El Hadj,6,3.00,0.00,2.56,0.87,3,1,4,1,1,0,"30,58,68","75",6,4,1,0,3,0,0,1,2,1,25,13,9,6,9,3,12,13,62,38,2.56,1.40,2.02,1.36,4.25,75,100,100,75,25,75,100,75,100,14.50,4.00,1.46,5.38,6.89,1.13,1.42,2.01,3.60,1.67,2.10,Parc des Princes (Paris)
1727535600,Sep 28 2024 - 3:00pm,complete,N/A,Lens,Nice,François Letexier,6,2.00,1.00,1.25,1.44,0,0,0,0,0,0,"","",11,4,2,1,2,0,0,3,1,1,23,16,8,5,10,3,16,7,55,45,1.83,1.25,2.29,1.13,2.17,34,75,34,17,17,59,75,17,50,10.33,4.33,1.77,3.57,4.30,1.30,1.98,3.30,7.00,1.91,1.91,Stade Bollaert-Delelis (Lens)
1727542800,Sep 28 2024 - 5:00pm,complete,N/A,Le Havre,Lille,Bastien Dechepy,6,1.50,1.50,0.69,1.44,0,3,3,2,0,2,"","23,35,79",1,5,2,0,1,0,1,1,0,1,8,19,5,11,3,3,11,9,38,62,1.41,1.88,1.13,2.01,3.00,50,75,50,50,25,25,100,50,75,9.50,3.50,4.35,3.65,1.78,1.35,2.00,3.75,7.50,1.95,1.80,N/A
1727550000,Sep 28 2024 - 7:00pm,complete,N/A,Monaco,Montpellier,Marc Bollengier,6,2.33,0.00,2.25,0.20,2,1,3,2,1,1,"32,90'8","16",6,2,4,0,2,1,0,4,2,1,22,10,8,5,10,3,17,17,65,35,1.35,1.03,2.09,1.06,3.42,34,84,67,42,25,67,84,59,84,9.00,4.50,1.32,5.40,8.00,1.08,1.52,2.10,3.18,1.70,2.05,Stade Louis-II (Monaco)
1727614800,Sep 29 2024 - 1:00pm,complete,N/A,Toulouse,Olympique Lyonnais,Gaël Angoula,6,1.33,0.50,1.07,1.38,1,2,3,2,1,1,"14","28,90'5",3,4,2,0,2,0,0,2,1,1,12,5,5,2,4,1,12,15,45,55,1.24,1.14,1.29,0.64,1.75,17,59,42,17,0,42,42,34,59,13.50,3.17,2.50,3.40,2.70,1.24,1.91,2.95,5.30,1.70,2.05,Stadium de Toulouse (Toulouse)
1727622000,Sep 29 2024 - 3:00pm,complete,N/A,Nantes,Saint-Étienne,Abdelatif Kherradji,6,1.50,0.00,1.20,0.38,2,2,4,1,1,0,"10,49","57,67",8,4,2,1,2,0,0,3,0,2,18,7,5,4,6,2,11,12,61,39,1.50,0.88,1.57,0.88,3.42,25,84,59,34,17,59,100,34,84,7.17,4.83,2.05,3.40,3.60,1.31,1.95,3.41,5.55,1.80,1.95,Stade de la Beaujoire - Louis Fonteneau (Nantes)
1727622000,Sep 29 2024 - 3:00pm,complete,N/A,Angers SCO,Reims,Eric Wattellier,6,0.33,2.00,0.88,1.13,1,3,4,2,0,2,"84","9,25,79",5,4,0,0,3,0,0,0,2,1,15,22,4,11,6,9,7,11,53,47,1.25,1.23,1.27,2.23,3.09,84,84,67,42,17,59,100,42,67,8.17,3.67,3.10,3.30,2.30,1.36,1.91,3.36,6.25,1.91,1.91,Stade Raymond Kopa (Angers)
1727635500,Sep 29 2024 - 6:45pm,complete,N/A,Strasbourg,Olympique Marseille,Willy Delajod,6,2.00,3.00,2.13,1.80,1,0,1,1,1,0,"40","",8,3,2,0,1,0,0,2,0,1,15,11,7,4,6,5,17,7,41,59,1.26,1.11,1.61,1.12,4.00,100,100,75,75,34,34,84,75,100,6.00,5.00,3.75,3.70,1.89,1.15,1.67,2.30,4.33,1.53,2.38,Stade de la Meinau (Strasbourg)
1728067500,Oct 04 2024 - 6:45pm,complete,N/A,Olympique Marseille,Angers SCO,Romain Lissorgue,7,2.00,0.50,1.94,1.07,1,1,2,0,0,0,"51","54",9,3,3,1,0,1,4,0,1,0,17,11,5,4,6,4,15,9,76,24,1.67,0.89,1.66,1.02,2.50,50,100,25,25,0,0,100,25,100,7.00,4.50,1.22,5.60,9.60,1.17,1.58,2.20,4.20,2.10,1.67,Orange Vélodrome (Marseille)
1728140400,Oct 05 2024 - 3:00pm,complete,N/A,Saint-Étienne,Auxerre,Mathieu Vernice,7,1.50,0.00,1.40,0.94,3,1,4,1,1,0,"15,54,86","74",5,4,3,0,1,0,0,3,1,0,14,12,6,4,5,5,13,10,41,59,1.48,1.12,1.30,1.29,2.59,34,75,34,34,17,17,75,59,75,8.33,6.00,2.50,3.50,2.70,1.28,1.82,3.20,6.00,1.67,2.10,Stade Geoffroy-Guichard (Saint-Ètienne)
1728147600,Oct 05 2024 - 5:00pm,complete,N/A,Lille,Toulouse,Clément Turpin,7,1.33,0.50,2.20,1.19,2,1,3,1,0,1,"57,72","39",4,6,3,0,2,0,2,1,1,1,11,11,4,5,4,5,13,8,58,42,1.61,1.19,1.06,1.29,3.00,59,100,34,34,17,34,75,59,100,8.50,3.50,1.75,3.75,4.60,1.28,1.89,3.20,6.00,1.80,1.95,Decathlon Arena - Stade Pierre-Mauroy (Villeneuve d'Ascq)
1728154800,Oct 05 2024 - 7:00pm,complete,N/A,Rennes,Monaco,Thomas Léonard,7,2.33,3.00,1.56,1.27,1,2,3,3,1,2,"11","6,22",10,4,2,0,4,0,1,1,1,3,15,6,4,3,5,2,9,16,58,42,1.74,1.92,1.35,0.76,2.59,17,100,59,0,0,59,75,25,100,10.67,3.17,2.60,3.65,2.37,1.18,1.54,2.45,4.33,1.53,2.38,Roazhon Park (Rennes)
1728219600,Oct 06 2024 - 1:00pm,complete,N/A,Olympique Lyonnais,Nantes,Marc Bollengier,7,1.00,1.67,2.13,0.88,2,0,2,1,1,0,"22,54","",6,9,1,0,2,0,0,1,0,2,18,13,7,7,7,4,10,5,62,38,1.79,1.10,1.83,1.49,3.34,67,84,50,50,34,50,50,50,67,11.00,6.00,1.75,3.70,4.33,1.20,1.80,2.69,4.75,1.70,2.05,Groupama Stadium (Décines-Charpieu)
1728226800,Oct 06 2024 - 3:00pm,complete,N/A,Brest,Le Havre,Benoît Millot,N/A,2.00,1.00,1.80,1.13,2,0,2,1,1,0,"12,90'2","",1,9,3,1,0,1,2,2,0,1,9,15,4,0,2,10,19,11,53,47,1.60,1.10,0.93,0.99,3.34,33,100,50,50,17,50,67,84,100,9.66,4.00,1.75,3.55,4.70,1.32,2.02,3.90,7.00,1.95,1.80,N/A
1728226800,Oct 06 2024 - 3:00pm,complete,N/A,Strasbourg,Lens,Stéphanie Frappart,7,2.33,1.67,2.13,1.67,2,2,4,3,1,2,"18,60","5,44",3,5,2,0,4,0,2,0,2,2,11,13,6,6,4,3,15,18,37,63,1.38,1.21,1.24,1.36,2.00,67,67,17,17,0,0,84,33,67,9.66,5.34,3.35,3.50,2.08,1.23,1.82,2.90,5.25,1.67,2.10,Stade de la Meinau (Strasbourg)
1728226800,Oct 06 2024 - 3:00pm,complete,N/A,Reims,Montpellier,Benoît Bastien,7,1.33,0.00,1.00,0.20,4,2,6,3,2,1,"6,25,57,90'3","37,90'1",4,4,3,0,5,0,0,3,2,3,19,11,6,4,8,4,15,13,48,52,0.81,1.04,1.62,1.09,3.17,50,100,67,17,17,67,100,17,100,4.67,6.00,1.85,3.60,4.00,1.16,1.68,2.46,4.25,1.62,2.20,Stade Auguste-Delaune (Reims)
1728240300,Oct 06 2024 - 6:45pm,complete,30247,Nice,PSG,Jérôme Brisard,7,2.00,2.33,2.07,2.47,1,1,2,1,1,0,"38","52",5,15,1,0,2,0,0,1,2,0,10,20,4,10,3,5,7,9,29,71,1.70,1.74,0.93,2.25,4.34,75,100,59,59,42,42,75,84,100,8.17,3.00,4.25,3.80,1.77,1.17,1.68,2.55,4.40,1.70,2.05,Allianz Riviera (Nice)
1729277100,Oct 18 2024 - 6:45pm,complete,N/A,Monaco,Lille,Eric Wattellier,8,2.50,2.00,2.25,1.44,0,0,0,0,0,0,"","",6,1,1,1,5,0,1,1,3,2,12,4,6,2,6,2,12,14,54,46,1.54,1.93,1.62,0.67,2.25,38,71,42,13,0,42,88,25,71,12.67,3.08,1.95,3.60,3.60,1.24,1.60,2.85,5.00,1.57,2.25,Stade Louis-II (Monaco)
1729350000,Oct 19 2024 - 3:00pm,complete,N/A,Brest,Rennes,Bastien Dechepy,8,2.25,0.00,1.80,0.87,1,1,2,0,0,0,"54","86",2,4,2,0,2,0,0,2,1,1,14,7,3,5,7,2,18,15,56,44,1.43,1.39,1.11,0.98,3.59,63,100,75,59,13,42,100,59,100,8.92,4.92,2.59,3.22,2.46,1.35,1.88,3.75,7.50,1.80,1.95,Stade Francis-Le Blé (Brest)
1729357200,Oct 19 2024 - 5:00pm,complete,N/A,Saint-Étienne,Lens,Romain Lissorgue,N/A,2.00,1.50,1.40,1.67,0,2,2,1,0,1,"","20,79",2,7,2,0,2,0,0,2,1,1,16,14,2,6,7,7,12,16,36,64,1.42,1.25,0.93,1.63,2.29,54,71,29,29,0,13,71,46,71,7.50,5.33,6.00,4.50,1.53,1.30,1.75,3.30,5.50,1.95,1.80,N/A
1729364400,Oct 19 2024 - 7:00pm,complete,47590,PSG,Strasbourg,Jeremy Stinat,8,3.00,0.67,2.56,1.38,4,2,6,1,1,0,"18,47,66,90","58,90'2",5,5,2,0,2,0,0,2,1,1,19,18,11,9,5,1,10,12,55,45,2.38,1.43,2.00,1.60,4.84,84,100,84,84,50,67,84,100,100,12.00,3.66,1.28,6.15,8.25,1.05,1.33,1.91,3.15,1.62,2.20,Parc des Princes (Paris)
1729429200,Oct 20 2024 - 1:00pm,complete,N/A,Le Havre,Olympique Lyonnais,Abdelatif Kherradji,8,1.00,1.33,0.69,1.38,0,4,4,1,0,1,"","32,57,71,87",4,6,3,0,4,0,3,0,2,2,5,8,2,5,3,3,17,10,42,58,1.32,0.97,0.74,1.15,3.00,50,84,84,34,17,67,84,34,84,8.00,3.00,3.54,3.64,2.02,1.25,1.73,2.90,5.50,1.67,2.10,Stade Océane (Le Havre)
1729436400,Oct 20 2024 - 3:00pm,complete,N/A,Auxerre,Reims,Florent Batta,8,2.00,2.33,1.73,1.13,2,1,3,1,1,0,"16,52","90'5",5,9,2,0,3,0,1,1,1,2,6,5,4,3,2,2,7,8,40,60,1.54,1.56,0.97,0.96,3.34,67,100,100,34,0,84,100,34,100,5.67,3.34,2.20,3.50,3.00,1.25,1.67,2.90,5.50,1.57,2.25,Stade de l'Abbé Deschamps (Auxerre)
1729436400,Oct 20 2024 - 3:00pm,complete,N/A,Toulouse,Angers SCO,Willy Delajod,8,1.00,0.67,1.07,1.07,1,1,2,1,0,1,"64","5",8,2,2,0,4,0,1,1,2,2,12,4,6,3,6,1,10,9,65,35,1.25,0.93,1.67,0.68,2.13,59,88,25,13,0,25,59,42,88,9.92,4.17,1.50,4.20,6.50,1.35,1.85,3.75,7.50,2.05,1.70,Stadium de Toulouse (Toulouse)
1729436400,Oct 20 2024 - 3:00pm,complete,N/A,Nantes,Nice,Gaël Angoula,8,1.33,1.00,1.20,1.44,1,1,2,0,0,0,"67","72",4,8,2,0,1,0,2,0,0,1,9,13,7,8,2,5,9,10,40,60,1.52,1.22,1.38,1.84,2.75,59,88,59,29,13,42,88,29,88,10.67,5.25,2.75,3.30,2.50,1.42,2.15,4.33,9.00,1.91,1.91,Stade de la Beaujoire - Louis Fonteneau (Nantes)
1729449900,Oct 20 2024 - 6:45pm,complete,N/A,Montpellier,Olympique Marseille,Clément Turpin,8,1.33,2.25,0.81,1.80,0,5,5,3,0,3,"","1,36,40,58,73",3,2,1,1,3,0,1,1,1,2,9,11,5,6,4,5,11,15,40,60,1.44,1.11,1.12,1.52,3.84,88,88,71,71,42,42,71,71,88,10.58,4.75,4.20,4.00,1.75,1.18,1.53,2.25,4.20,1.53,2.38,Stade de la Mosson-Mondial 98 (Montpellier)
1729881900,Oct 25 2024 - 6:45pm,complete,N/A,Rennes,Le Havre,Florent Batta,N/A,1.75,0.75,1.56,1.13,1,0,1,0,0,0,"54","",14,0,2,0,3,1,1,1,1,3,14,3,5,2,9,1,10,7,61,39,1.65,1.07,1.76,0.58,2.63,38,100,50,13,0,50,75,38,88,11.50,4.00,1.57,3.94,5.29,1.30,1.83,3.40,6.50,1.95,1.80,N/A
1729954800,Oct 26 2024 - 3:00pm,complete,N/A,Angers SCO,Saint-Étienne,Marc Bollengier,9,0.25,0.25,0.88,0.38,4,2,6,3,2,1,"7,39,69,90'3","16,57",2,3,1,0,3,0,1,0,2,1,14,21,9,8,4,6,10,13,42,58,1.25,0.88,1.64,1.97,3.63,50,75,63,63,25,63,100,63,63,7.75,4.25,2.37,3.40,2.95,1.36,1.90,3.53,6.40,1.75,2.00,Stade Raymond Kopa (Angers)
1729962000,Oct 26 2024 - 5:00pm,complete,N/A,Reims,Brest,Jérôme Brisard,N/A,1.75,0.00,1.00,1.06,1,2,3,3,1,2,"29","4,18",7,3,3,0,2,0,0,3,1,1,12,14,4,5,6,4,15,11,53,47,1.01,1.03,1.42,1.19,3.13,54,100,59,29,13,75,100,29,84,4.50,4.75,2.31,3.35,2.94,1.28,1.81,3.20,6.00,1.70,2.05,N/A
1729969200,Oct 26 2024 - 7:00pm,complete,N/A,Lens,Lille,Benoît Bastien,9,1.67,1.75,1.25,1.44,0,2,2,0,0,0,"","90'8,90'11",8,2,4,0,5,0,1,3,1,4,12,12,5,4,2,1,16,14,58,42,1.98,1.61,1.17,0.89,1.09,0,42,13,0,0,29,54,0,25,12.25,4.58,2.35,3.30,3.00,1.32,1.93,3.40,6.50,1.75,2.00,Stade Bollaert-Delelis (Lens)
1730037600,Oct 27 2024 - 2:00pm,complete,N/A,Olympique Lyonnais,Auxerre,Jeremy Stinat,9,1.50,0.00,2.13,0.94,2,2,4,1,1,0,"45'5,62","47,72",5,5,0,0,4,0,0,0,2,2,13,20,9,7,2,7,7,15,63,37,1.80,1.16,1.73,1.59,3.88,63,100,63,63,38,25,75,75,100,12.00,5.75,1.54,4.10,4.80,1.14,1.53,2.45,3.60,1.57,2.25,Groupama Stadium (Décines-Charpieu)
1730044800,Oct 27 2024 - 4:00pm,complete,N/A,Nice,Monaco,Jérémie Pignard,9,1.67,3.00,2.07,1.27,2,1,3,2,1,1,"45'1,71","39",6,6,2,0,4,1,1,1,4,1,19,12,10,6,6,1,16,11,40,60,1.44,1.53,2.22,1.22,3.34,50,100,50,17,17,50,67,50,84,9.33,4.00,2.63,3.36,2.32,1.28,1.73,3.10,6.00,1.62,2.20,Allianz Riviera (Nice)
1730044800,Oct 27 2024 - 4:00pm,complete,N/A,Montpellier,Toulouse,Thomas Léonard,9,1.00,0.33,0.81,1.19,0,3,3,3,0,3,"","5,8,27",1,3,1,1,2,0,1,1,0,2,10,16,3,7,5,5,8,20,52,48,1.36,1.22,1.04,1.55,3.17,71,100,54,38,25,25,71,71,100,11.33,4.67,2.09,6.40,2.10,1.25,1.68,2.90,5.50,1.62,2.20,Stade de la Mosson-Mondial 98 (Montpellier)
1730044800,Oct 27 2024 - 4:00pm,complete,N/A,Strasbourg,Nantes,Hakim Ben El Hadj,9,2.00,1.25,2.13,0.88,3,1,4,1,1,0,"17,57,73","83",5,4,2,0,3,0,1,1,0,3,10,9,6,7,1,1,15,17,51,49,1.34,1.20,1.10,1.27,2.38,63,75,38,38,0,38,88,13,63,10.50,5.25,1.47,6.72,3.55,1.30,1.94,3.25,6.50,1.80,1.95,Stade de la Meinau (Strasbourg)
1730058300,Oct 27 2024 - 7:45pm,complete,N/A,Olympique Marseille,PSG,François Letexier,N/A,1.67,2.00,1.94,2.47,0,3,3,3,0,3,"","7,29,40",1,2,1,1,0,0,2,0,0,0,6,20,2,9,2,9,4,7,25,75,1.67,1.87,0.51,2.44,2.96,84,100,42,42,13,13,84,59,100,11.25,4.58,3.61,3.78,1.99,1.16,1.45,2.30,4.00,1.50,2.50,N/A
1730484000,Nov 01 2024 - 6:00pm,complete,N/A,Monaco,Angers SCO,Abdelatif Kherradji,10,2.20,0.75,2.25,1.07,0,1,1,1,0,1,"","29",4,4,1,0,1,0,1,0,0,1,12,11,4,4,4,3,16,12,64,36,1.55,0.87,1.31,0.95,2.00,68,80,20,10,0,20,68,33,80,10.00,4.25,1.20,7.00,13.00,1.15,1.44,2.05,4.00,2.00,1.75,Stade Louis-II (Monaco)
1730491200,Nov 01 2024 - 8:00pm,complete,N/A,Lille,Olympique Lyonnais,Jérôme Brisard,N/A,1.75,1.75,2.20,1.38,1,1,2,1,1,0,"17","90'1",4,9,3,0,1,0,1,2,1,0,15,15,3,4,8,6,12,10,47,53,1.48,1.02,1.25,1.34,3.13,50,88,75,38,13,50,88,50,88,11.00,4.00,1.95,3.80,3.60,1.20,1.61,2.60,4.50,1.57,2.25,N/A
1730563200,Nov 02 2024 - 4:00pm,complete,N/A,PSG,Lens,Willy Delajod,N/A,3.00,1.80,2.56,1.67,1,0,1,1,1,0,"4","",7,4,1,0,4,1,0,1,1,4,20,15,9,3,6,6,3,20,68,32,2.29,1.32,2.09,1.13,3.60,68,90,60,60,25,35,90,60,90,12.50,4.30,1.48,4.20,5.45,1.18,1.56,2.30,4.20,1.75,2.00,N/A
1730570400,Nov 02 2024 - 6:00pm,complete,N/A,Brest,Nice,Clément Turpin,10,2.00,1.00,1.80,1.44,0,1,1,1,0,1,"","42",6,2,0,0,2,0,0,0,0,2,17,13,7,4,9,8,9,4,63,37,1.37,1.35,1.88,1.25,2.80,50,90,40,30,20,40,70,50,90,9.40,4.20,2.48,3.18,2.82,1.38,1.99,3.75,8.00,1.80,1.95,Stade Francis-Le Blé (Brest)
1730577600,Nov 02 2024 - 8:00pm,complete,N/A,Saint-Étienne,Strasbourg,Eric Wattellier,N/A,1.50,0.50,1.40,1.38,2,0,2,0,0,0,"51,78","",2,3,2,0,1,0,1,1,1,0,14,10,4,4,8,4,10,4,35,65,1.30,1.47,1.19,1.16,3.75,63,88,50,50,38,25,75,75,88,6.75,4.50,3.17,3.47,2.12,1.24,1.74,2.85,5.00,1.62,2.20,N/A
1730642400,Nov 03 2024 - 2:00pm,complete,N/A,Toulouse,Reims,Mathieu Vernice,10,1.00,1.75,1.07,1.13,1,0,1,0,0,0,"84","",6,7,0,0,3,0,0,0,0,3,14,14,7,3,5,4,16,15,50,50,1.33,1.41,1.65,1.00,2.85,80,90,70,35,0,45,80,58,90,10.80,4.40,2.00,3.50,3.60,1.30,1.80,3.30,6.50,1.75,2.00,Stadium de Toulouse (Toulouse)
1730649600,Nov 03 2024 - 4:00pm,complete,N/A,Auxerre,Rennes,Gaël Angoula,10,2.25,0.25,1.73,0.87,4,0,4,2,2,0,"27,39,65,90'2","",3,8,0,0,2,0,0,0,1,1,17,8,9,5,7,1,11,15,39,61,1.39,1.28,1.87,1.10,3.13,75,100,88,25,0,50,88,50,100,7.25,4.25,3.34,3.67,2.26,1.26,1.74,3.00,5.50,1.67,2.10,Stade de l'Abbé Deschamps (Auxerre)
1730649600,Nov 03 2024 - 4:00pm,complete,N/A,Le Havre,Montpellier,Stéphanie Frappart,N/A,0.75,0.00,0.69,0.20,1,0,1,0,0,0,"73","",2,10,2,0,1,0,1,1,1,0,14,17,5,2,4,8,11,13,48,52,1.17,1.05,1.23,1.12,4.25,50,100,100,63,38,75,100,63,100,5.25,6.00,2.39,3.56,3.16,1.28,1.83,3.20,6.00,1.67,2.10,N/A
1730663100,Nov 03 2024 - 7:45pm,complete,N/A,Nantes,Olympique Marseille,Bastien Dechepy,10,1.25,2.40,1.20,1.80,1,2,3,2,1,1,"39","24,61",2,5,1,0,1,0,0,1,0,1,8,11,4,5,3,3,16,6,26,74,1.49,1.19,0.93,1.29,3.48,68,90,65,53,30,43,78,65,90,7.45,4.75,3.94,3.63,2.06,1.32,1.93,3.40,6.50,1.80,1.95,Stade de la Beaujoire - Louis Fonteneau (Nantes)
1731095100,Nov 08 2024 - 7:45pm,complete,N/A,Olympique Marseille,Auxerre,Marc Bollengier,11,1.25,0.20,1.94,0.94,1,3,4,3,0,3,"65","10,43,45",5,3,3,0,2,0,0,3,0,2,20,11,6,7,7,2,13,16,74,26,1.38,1.25,1.73,1.17,3.28,65,100,65,53,10,23,88,65,88,8.85,6.65,1.39,6.44,4.20,1.16,1.50,2.22,4.00,1.70,2.05,Orange Vélodrome (Marseille)
1731168000,Nov 09 2024 - 4:00pm,complete,N/A,Strasbourg,Monaco,Bastien Dechepy,11,2.20,2.25,2.13,1.27,1,3,4,1,1,0,"29","79,89,90'1",1,2,5,0,2,0,1,4,2,0,6,20,3,9,3,7,16,18,42,58,1.30,1.46,0.80,1.94,2.88,65,90,68,30,0,48,88,33,78,10.30,5.40,3.40,3.80,1.91,1.18,1.53,2.25,4.20,1.50,2.50,Stade de la Meinau (Strasbourg)
1731175200,Nov 09 2024 - 6:00pm,complete,N/A,Lens,Nantes,Clément Turpin,11,1.25,1.00,1.25,0.88,3,2,5,2,1,1,"21,86,90","36,71",6,1,2,0,0,0,2,0,0,0,16,10,4,4,7,5,14,8,67,33,1.78,1.21,1.31,1.04,1.70,30,65,20,20,0,33,53,23,43,12.65,5.55,1.65,4.19,5.90,1.32,1.91,3.50,7.00,2.00,1.75,Stade Bollaert-Delelis (Lens)
1731182400,Nov 09 2024 - 8:00pm,complete,N/A,Angers SCO,PSG,Benoît Millot,11,0.80,2.20,0.88,2.47,2,4,6,4,0,4,"90'1,90'7","17,20,31,45'2",6,8,0,0,3,0,0,0,1,2,11,27,4,13,5,9,5,16,30,70,1.33,1.98,1.10,2.89,3.40,80,90,60,50,30,60,100,50,70,10.40,2.80,11.60,6.88,1.28,1.12,1.40,2.00,3.30,1.80,1.95,Stade Raymond Kopa (Angers)
1731247200,Nov 10 2024 - 2:00pm,complete,N/A,Nice,Lille,Jeremy Stinat,11,2.00,2.00,2.07,1.44,2,2,4,1,0,1,"56,90'6","17,66",6,2,2,0,2,0,1,1,0,2,18,14,6,7,6,5,12,9,43,57,1.64,1.47,1.48,1.62,2.68,38,80,35,13,13,35,68,35,80,9.10,4.55,3.98,6.31,1.43,1.35,2.05,3.75,7.50,1.80,1.95,N/A
1731254400,Nov 10 2024 - 4:00pm,complete,N/A,Montpellier,Brest,Jérémie Pignard,11,0.80,0.75,0.81,1.06,3,1,4,2,2,0,"6,12,84","50",3,7,5,0,1,0,1,4,1,0,15,20,9,7,3,12,18,13,33,67,1.30,1.07,1.69,2.05,3.40,55,100,78,43,20,80,90,43,65,8.05,5.00,3.23,3.50,2.13,1.26,1.73,3.00,5.50,1.62,2.20,Stade de la Mosson-Mondial 98 (Montpellier)
1731254400,Nov 10 2024 - 4:00pm,complete,N/A,Le Havre,Reims,Hakim Ben El Hadj,11,1.20,1.40,0.69,1.13,0,3,3,2,0,2,"","15,21,57",8,7,1,0,4,0,1,0,3,1,11,19,4,8,5,6,10,17,55,45,1.18,1.33,1.18,1.70,3.20,60,80,80,50,10,40,80,60,100,7.60,4.40,3.17,3.30,2.24,1.33,1.99,3.60,7.00,1.80,1.95,Stade Océane (Le Havre)
1731254400,Nov 10 2024 - 4:00pm,complete,N/A,Rennes,Toulouse,Romain Lissorgue,N/A,2.00,1.00,1.56,1.19,0,2,2,2,0,2,"","14,23",5,3,3,0,1,0,3,0,0,1,8,10,2,3,2,6,16,16,67,33,1.67,1.30,0.84,1.06,2.45,45,90,55,0,0,43,78,25,78,11.60,3.55,2.13,3.40,3.32,1.33,1.98,3.60,7.00,1.80,1.95,N/A
1731267900,Nov 10 2024 - 7:45pm,complete,N/A,Olympique Lyonnais,Saint-Étienne,Willy Delajod,11,1.40,0.20,2.13,0.38,1,0,1,1,1,0,"29","",7,6,3,0,2,0,1,2,2,0,18,12,8,7,3,2,11,13,62,38,1.78,1.10,1.73,1.39,4.30,50,90,70,70,40,40,80,80,90,9.00,4.40,1.32,5.60,7.76,1.12,1.37,2.05,3.25,1.62,2.20,Groupama Stadium (Décines-Charpieu)
1732298400,Nov 22 2024 - 6:00pm,complete,N/A,Monaco,Brest,Thomas Léonard,12,1.83,0.60,2.25,1.06,3,2,5,2,2,0,"5,24,90'1","50,90'6",2,8,2,0,2,0,0,2,1,1,10,14,5,6,5,8,7,12,52,48,1.51,1.27,1.25,1.80,2.52,55,75,57,29,0,67,84,37,55,8.87,3.63,1.55,4.40,5.50,1.20,1.62,2.70,4.75,1.75,2.00,Stade Louis-II (Monaco)
1732305600,Nov 22 2024 - 8:00pm,complete,N/A,PSG,Toulouse,Gaël Angoula,12,3.00,1.40,2.56,1.19,3,0,3,1,1,0,"35,84,90'1","",7,5,1,0,2,0,1,0,1,1,18,12,9,3,9,9,11,14,73,27,2.25,1.26,2.24,1.30,3.30,50,90,60,40,20,40,90,60,70,11.20,3.00,1.33,5.75,8.00,1.14,1.45,2.17,3.75,1.75,2.00,Parc des Princes (Paris)
1732377600,Nov 23 2024 - 4:00pm,complete,N/A,Lens,Olympique Marseille,Eric Wattellier,12,1.60,2.50,1.25,1.80,1,3,4,0,0,0,"80","49,57,89",6,0,3,0,3,0,1,2,1,2,17,11,9,5,8,6,16,9,45,55,1.68,1.21,1.99,1.30,2.90,44,72,52,44,35,54,62,54,62,9.67,4.43,3.31,1.79,4.04,1.25,1.73,2.90,5.50,1.62,2.20,Stade Bollaert-Delelis (Lens)
1732384800,Nov 23 2024 - 6:00pm,complete,N/A,Saint-Étienne,Montpellier,Florent Batta,12,1.80,0.00,1.40,0.20,1,0,1,0,0,0,"47","",5,11,3,0,5,0,0,3,3,2,14,12,5,4,9,8,19,11,32,68,1.28,1.07,1.43,1.36,3.00,30,80,50,30,20,40,70,50,90,7.00,5.40,2.31,3.42,2.65,1.22,1.60,2.30,5.00,1.57,2.25,Stade Geoffroy-Guichard (Saint-Ètienne)
1732392000,Nov 23 2024 - 8:00pm,complete,N/A,Reims,Olympique Lyonnais,Stéphanie Frappart,12,1.40,1.60,1.00,1.38,1,1,2,1,0,1,"55","38",4,2,2,0,0,0,0,2,0,0,16,15,7,9,9,6,11,13,40,60,1.09,1.08,1.86,1.87,2.80,60,90,60,20,10,50,90,20,80,10.20,4.40,2.59,3.48,2.33,1.19,1.55,2.38,4.33,1.50,2.50,Stade Auguste-Delaune (Reims)
1732456800,Nov 24 2024 - 2:00pm,complete,N/A,Lille,Rennes,Mathieu Vernice,N/A,1.60,0.20,2.20,0.87,1,0,1,1,1,0,"45","",3,3,3,0,2,0,1,2,1,1,7,5,4,2,3,3,19,16,56,44,1.43,1.25,1.00,0.66,3.40,80,100,70,50,10,40,90,70,100,9.80,4.80,1.90,3.60,3.80,1.30,1.82,3.40,6.50,1.75,2.00,N/A
1732464000,Nov 24 2024 - 4:00pm,complete,N/A,Nantes,Le Havre,Jérôme Brisard,12,1.00,0.60,1.20,1.13,0,2,2,1,0,1,"","3,74",10,2,2,0,1,0,0,2,0,1,19,7,5,4,14,3,17,11,71,29,1.38,0.97,2.16,0.90,2.50,50,90,40,20,0,30,60,50,100,9.00,5.00,1.87,3.20,3.95,1.44,2.00,4.50,9.50,2.05,1.70,Stade de la Beaujoire - Louis Fonteneau (Nantes)
1732464000,Nov 24 2024 - 4:00pm,complete,N/A,Auxerre,Angers SCO,François Letexier,12,2.40,1.20,1.73,1.07,1,0,1,0,0,0,"90'3","",2,2,4,0,1,0,1,3,1,0,11,11,7,6,4,5,9,5,49,51,1.49,0.89,1.43,1.36,2.50,50,90,50,10,0,40,90,30,90,6.80,3.40,1.95,3.34,3.47,1.26,1.72,3.00,5.50,1.70,2.05,Stade de l'Abbé Deschamps (Auxerre)
1732477500,Nov 24 2024 - 7:45pm,complete,N/A,Nice,Strasbourg,Benoît Bastien,12,1.80,0.40,2.07,1.38,2,1,3,1,0,1,"54,62","19",4,7,2,0,0,0,1,1,0,0,16,11,7,4,9,7,16,8,54,46,1.61,1.41,1.93,1.16,4.20,80,100,60,50,40,40,70,80,100,8.60,3.80,1.84,3.37,3.84,1.26,1.83,3.10,5.50,1.75,2.00,Allianz Riviera (Nice)
1732909500,Nov 29 2024 - 7:45pm,complete,N/A,Reims,Lens,Abdelatif Kherradji,13,1.33,1.50,1.00,1.67,0,2,2,1,0,1,"","23,61",3,1,1,0,2,0,1,0,1,1,17,12,4,7,8,4,14,12,52,48,1.22,1.29,1.36,1.39,2.50,67,84,34,17,9,34,92,17,75,8.33,6.00,2.52,3.15,2.59,1.28,2.01,3.10,6.00,1.67,2.10,Stade Auguste-Delaune (Reims)
1732982400,Nov 30 2024 - 4:00pm,complete,N/A,Rennes,Saint-Étienne,Marc Bollengier,13,1.67,0.17,1.56,0.38,5,0,5,2,2,0,"39,45'6,53,61,67","",6,1,0,0,1,1,0,0,1,1,21,3,11,0,4,2,14,12,72,28,1.53,1.15,2.29,0.25,3.17,33,75,59,34,17,59,92,34,67,10.67,4.33,1.57,4.10,5.75,1.24,1.68,2.90,5.50,1.95,1.80,Roazhon Park (Rennes)
1732989600,Nov 30 2024 - 6:00pm,complete,N/A,Brest,Strasbourg,Romain Lissorgue,13,1.67,0.33,1.80,1.38,3,1,4,2,2,0,"12,45'1,90'2","85",4,3,3,0,2,0,3,0,1,1,12,13,9,5,1,5,15,8,38,62,1.45,1.37,1.50,1.27,3.58,58,92,50,42,34,33,75,75,92,8.50,3.50,2.04,3.14,3.12,1.30,1.88,3.25,6.50,1.70,2.05,Stade Francis-Le Blé (Brest)
1732996800,Nov 30 2024 - 8:00pm,complete,N/A,PSG,Nantes,Jeremy Stinat,13,3.00,0.83,2.56,0.88,1,1,2,2,1,1,"2","38",9,3,0,0,0,0,0,0,0,0,25,6,11,3,8,2,6,6,84,16,2.24,1.18,2.97,0.63,3.42,59,83,67,59,25,42,92,58,75,12.00,3.66,1.21,6.00,9.00,1.12,1.40,1.99,3.40,1.95,1.80,Parc des Princes (Paris)
1733061600,Dec 01 2024 - 2:00pm,complete,N/A,Montpellier,Lille,Benoît Millot,13,1.17,1.83,0.81,1.44,2,2,4,2,1,1,"45'2,90'3","44,54",7,2,4,1,5,1,2,3,1,5,12,14,6,5,5,7,9,21,42,58,1.36,1.49,1.37,1.41,2.92,42,84,58,42,17,42,75,50,75,9.50,6.00,4.10,3.94,1.76,1.22,1.70,2.80,5.00,1.62,2.20,Stade de la Mosson-Mondial 98 (Montpellier)
1733068800,Dec 01 2024 - 4:00pm,complete,N/A,Le Havre,Angers SCO,Willy Delajod,13,1.00,1.00,0.69,1.07,0,1,1,0,0,0,"","63",2,4,2,0,0,0,0,2,0,0,6,14,2,4,3,5,8,10,56,44,1.18,0.97,0.85,1.07,2.50,42,75,42,25,9,25,75,34,92,6.84,3.83,2.10,3.40,3.40,1.40,1.95,4.00,8.00,1.95,1.80,Stade Océane (Le Havre)
1733068800,Dec 01 2024 - 4:00pm,complete,N/A,Toulouse,Auxerre,Hakim Ben El Hadj,13,1.33,0.67,1.07,0.94,2,0,2,2,2,0,"32,39","",6,2,0,0,0,0,0,0,0,0,13,6,8,0,2,2,14,12,51,49,1.39,1.24,1.48,0.36,2.92,67,84,58,50,9,33,75,50,92,11.00,5.17,1.67,3.90,4.75,1.24,1.75,2.90,5.00,1.70,2.05,Stadium de Toulouse (Toulouse)
1733068800,Dec 01 2024 - 4:00pm,complete,N/A,Olympique Lyonnais,Nice,Bastien Dechepy,13,1.67,1.33,2.13,1.44,4,1,5,4,3,1,"4,41,43,69","22",5,4,1,0,2,0,0,1,0,2,17,18,9,9,4,3,11,11,53,47,1.77,1.33,1.84,1.77,2.84,50,75,42,34,25,25,67,50,75,11.17,4.17,2.00,3.60,3.50,1.22,1.83,2.70,5.00,1.62,2.20,Groupama Stadium (Décines-Charpieu)
1733082300,Dec 01 2024 - 7:45pm,complete,N/A,Olympique Marseille,Monaco,Clément Turpin,13,1.00,2.40,1.94,1.27,2,1,3,1,0,1,"53,89","41",5,3,0,0,1,0,0,0,0,1,10,8,5,5,2,1,15,16,63,37,1.45,1.55,1.15,1.01,3.00,60,100,70,30,0,50,80,40,80,8.40,6.00,2.45,3.60,2.62,1.18,1.70,2.40,4.20,1.44,2.63,Orange Vélodrome (Marseille)
1733508000,Dec 06 2024 - 6:00pm,complete,N/A,Lille,Brest,Benoît Bastien,14,1.83,0.50,2.20,1.06,3,1,4,2,2,0,"7,44,69","48",2,1,1,0,1,0,0,1,1,0,11,8,7,4,2,4,13,16,62,38,1.36,1.36,1.37,0.98,3.25,67,92,67,42,17,67,100,50,75,8.33,4.33,1.63,3.94,5.40,1.32,1.87,3.50,7.00,1.95,1.80,Decathlon Arena - Stade Pierre-Mauroy (Villeneuve d'Ascq)
1733515200,Dec 06 2024 - 8:00pm,complete,17028,Auxerre,PSG,Jérémie Pignard,14,2.50,2.33,1.73,2.47,0,0,0,0,0,0,"","",3,15,2,0,1,0,0,2,0,1,7,26,3,12,1,9,8,7,27,73,1.48,2.13,0.69,2.78,3.25,58,92,75,34,17,59,92,42,92,9.17,3.16,5.30,5.00,1.50,1.12,1.36,1.88,3.25,1.62,2.20,Stade de l'Abbé Deschamps (Auxerre)
1733587200,Dec 07 2024 - 4:00pm,complete,N/A,Monaco,Toulouse,Stéphanie Frappart,14,2.00,1.17,2.25,1.19,2,0,2,0,0,0,"50,82","",2,3,2,0,2,0,0,2,1,1,20,7,6,4,11,2,15,16,58,42,1.48,1.26,1.74,0.89,2.40,45,79,47,15,7,38,77,47,62,9.14,3.53,1.67,3.90,4.75,1.22,1.63,2.80,5.00,1.67,2.10,Stade Louis-II (Monaco)
1733594400,Dec 07 2024 - 6:00pm,complete,N/A,Nice,Le Havre,François Letexier,14,2.00,1.00,2.07,1.13,2,1,3,0,0,0,"55,75","90'2",5,8,3,0,2,0,0,3,0,2,18,13,6,3,6,5,10,10,51,49,1.66,0.96,1.46,1.09,2.92,50,92,42,25,9,25,67,59,100,8.67,4.16,1.50,4.60,7.10,1.30,1.96,3.30,6.50,2.00,1.75,Allianz Riviera (Nice)
1733601600,Dec 07 2024 - 8:00pm,complete,N/A,Angers SCO,Olympique Lyonnais,Marc Bollengier,14,0.67,1.50,0.88,1.38,0,3,3,1,0,1,"","26,55,88",2,7,0,0,2,0,0,0,1,1,11,17,3,11,6,1,13,13,36,64,1.29,1.21,1.03,2.01,3.17,67,83,59,42,25,58,92,42,75,10.50,2.83,4.70,4.30,1.73,1.19,1.57,2.35,4.33,1.62,2.20,Stade Raymond Kopa (Angers)
1733666400,Dec 08 2024 - 2:00pm,complete,N/A,Lens,Montpellier,Mathieu Vernice,14,1.33,0.00,1.25,0.20,2,0,2,1,1,0,"39,90'2","",6,3,2,0,3,0,0,2,1,2,19,10,5,5,8,4,15,7,55,45,1.73,1.12,1.68,1.15,2.75,33,67,50,33,25,50,50,42,75,12.33,6.17,1.26,4.75,7.50,1.18,1.52,2.35,4.33,1.91,1.91,Stade Bollaert-Delelis (Lens)
1733673600,Dec 08 2024 - 4:00pm,complete,N/A,Strasbourg,Reims,Thomas Léonard,14,1.83,1.67,2.13,1.13,0,0,0,0,0,0,"","",3,2,1,0,2,0,1,0,1,1,9,12,4,4,3,4,13,16,48,52,1.21,1.39,1.14,1.12,3.09,75,83,75,50,0,34,92,50,92,9.84,5.33,2.30,3.40,3.00,1.24,1.75,2.85,5.00,1.57,2.25,Stade de la Meinau (Strasbourg)
1733673600,Dec 08 2024 - 4:00pm,complete,N/A,Nantes,Rennes,Eric Wattellier,14,0.83,0.17,1.20,0.87,1,0,1,0,0,0,"89","",5,5,1,0,1,1,0,1,1,1,16,7,3,5,5,2,15,9,46,54,1.51,1.15,1.10,0.97,2.84,67,92,59,34,0,33,83,50,92,10.33,4.66,3.00,3.20,2.38,1.40,2.05,4.00,8.00,1.91,1.91,Stade de la Beaujoire - Louis Fonteneau (Nantes)
1733687100,Dec 08 2024 - 7:45pm,complete,N/A,Saint-Étienne,Olympique Marseille,Jérôme Brisard,14,2.00,2.57,1.40,1.80,0,2,2,1,0,1,"","17,65",0,9,1,0,1,0,0,1,0,1,5,22,3,11,1,4,13,10,31,69,1.30,1.22,0.58,2.03,3.00,44,77,52,44,22,29,61,61,85,5.29,4.33,5.00,4.00,1.60,1.25,1.67,3.00,5.50,1.75,2.00,Stade Geoffroy-Guichard (Saint-Ètienne)
1734119100,Dec 13 2024 - 7:45pm,complete,N/A,Toulouse,Saint-Étienne,Thomas Léonard,15,1.57,0.14,1.07,0.38,2,1,3,0,0,0,"55,85","53",2,3,3,0,4,0,1,2,1,3,12,4,5,3,4,1,16,15,39,61,1.40,1.02,1.35,0.68,3.07,36,71,50,43,22,50,79,50,71,9.00,4.14,1.48,4.50,6.50,1.25,1.75,3.00,5.50,1.95,1.80,Stadium de Toulouse (Toulouse)
1734192000,Dec 14 2024 - 4:00pm,complete,N/A,Olympique Marseille,Lille,Willy Delajod,15,1.33,1.71,1.94,1.44,1,1,2,1,1,0,"17","87",3,8,1,1,3,0,0,2,0,3,10,11,4,6,3,4,14,9,56,44,1.40,1.48,1.00,1.40,2.65,48,86,55,31,0,31,77,47,77,7.69,5.96,2.12,3.50,3.10,1.30,1.90,3.40,6.50,1.75,2.00,Orange Vélodrome (Marseille)
1734199200,Dec 14 2024 - 6:00pm,complete,N/A,Auxerre,Lens,Jeremy Stinat,N/A,2.29,1.71,1.73,1.67,2,2,4,3,1,2,"31,73","22,45",3,5,3,0,1,0,1,2,0,1,11,17,4,6,4,5,10,10,39,61,1.37,1.30,1.10,1.46,2.22,36,71,43,14,0,36,79,22,79,7.00,5.00,3.20,3.60,2.05,1.28,1.75,3.20,6.00,1.70,2.05,Stade de l'Abbé Deschamps (Auxerre)
1734206400,Dec 14 2024 - 8:00pm,complete,N/A,Reims,Monaco,Romain Lissorgue,15,1.14,2.00,1.00,1.27,0,0,0,0,0,0,"","",1,4,1,0,3,0,0,1,1,2,9,15,0,4,7,7,15,22,37,63,1.24,1.46,0.73,1.40,2.93,69,100,63,16,7,47,92,32,85,7.93,4.93,3.30,3.60,2.02,1.24,1.63,2.85,5.00,1.62,2.20,Stade Auguste-Delaune (Reims)
1734271200,Dec 15 2024 - 2:00pm,complete,N/A,Montpellier,Nice,Clément Turpin,15,1.14,1.14,0.81,1.44,2,2,4,3,1,2,"22,80","17,28",9,4,1,0,2,0,0,1,1,1,22,19,9,7,6,7,15,13,52,48,1.36,1.39,2.00,1.65,3.22,64,86,65,50,29,57,79,50,79,10.43,5.71,3.20,3.30,2.05,1.24,1.70,2.85,5.00,1.62,2.20,Stade de la Mosson-Mondial 98 (Montpellier)
1734278400,Dec 15 2024 - 4:00pm,complete,N/A,Rennes,Angers SCO,Hakim Ben El Hadj,15,1.86,1.29,1.56,1.07,2,0,2,1,1,0,"33,90'2","",2,1,3,0,1,0,1,2,0,1,8,6,5,2,2,3,18,12,45,55,1.64,0.98,1.06,0.81,2.14,36,72,29,7,7,36,72,14,79,10.71,3.28,1.46,4.00,6.00,1.30,1.88,3.30,6.50,1.95,1.80,Roazhon Park (Rennes)
1734278400,Dec 15 2024 - 4:00pm,complete,N/A,Le Havre,Strasbourg,Abdelatif Kherradji,15,0.86,0.29,0.69,1.38,0,3,3,2,0,2,"","28,32,90",3,2,0,0,1,0,0,0,0,1,12,10,2,6,9,3,11,7,56,44,1.14,1.35,1.25,1.15,3.65,58,86,71,50,29,43,71,72,100,7.14,3.71,2.60,3.10,2.42,1.33,2.02,3.50,7.00,1.75,2.00,Stade Océane (Le Havre)
1734278400,Dec 15 2024 - 4:00pm,complete,15019,Brest,Nantes,Gaël Angoula,15,1.86,0.86,1.80,0.88,4,1,5,2,2,0,"24,27,88,90'3","48",0,5,3,0,3,0,1,2,0,3,14,17,9,8,3,3,10,14,52,48,1.46,1.11,1.60,1.63,2.86,57,86,43,43,14,50,86,43,72,8.57,4.00,2.01,3.10,3.60,1.42,2.20,4.33,9.00,1.95,1.80,Stade Francis-Le Blé (Brest)
1734291900,Dec 15 2024 - 7:45pm,complete,N/A,PSG,Olympique Lyonnais,Benoît Bastien,15,2.71,1.71,2.56,1.38,3,1,4,3,2,1,"8,14,88","40",4,3,2,0,3,0,2,0,2,1,14,8,7,4,4,2,7,8,68,32,2.35,1.33,1.69,0.96,3.07,50,86,64,36,15,36,93,50,79,13.71,2.57,1.44,4.70,5.10,1.08,1.27,1.82,2.75,1.44,2.63,Parc des Princes (Paris)
1734552000,Dec 18 2024 - 8:00pm,complete,N/A,Monaco,PSG,François Letexier,16,2.13,2.14,2.25,2.47,2,4,6,1,0,1,"53,60","24,64,83,90'7",1,9,2,0,0,0,2,0,0,0,16,18,6,13,5,3,11,11,40,60,1.51,2.22,1.45,2.30,2.70,61,75,48,34,21,41,75,47,67,12.46,3.17,3.85,3.80,1.90,1.11,1.44,2.15,3.30,1.40,2.75,Stade Louis-II (Monaco)
1735934400,Jan 03 2025 - 8:00pm,complete,N/A,Nice,Rennes,Jérôme Brisard,16,2.14,0.14,2.07,0.87,3,2,5,4,3,1,"12,34,45'5","27,49",3,3,3,1,3,0,1,3,1,2,10,11,7,6,1,3,11,14,46,54,1.63,1.12,1.22,1.35,3.14,72,86,64,36,7,29,71,64,93,9.57,4.43,2.15,3.35,3.32,1.29,1.84,3.33,6.25,1.75,2.00,Allianz Riviera (Nice)
1736006400,Jan 04 2025 - 4:00pm,complete,N/A,Saint-Étienne,Reims,Stéphanie Frappart,16,1.71,1.57,1.40,1.13,3,1,4,1,0,1,"50,57,80","42",6,9,2,0,1,0,0,2,0,1,15,12,5,2,7,6,19,10,53,47,1.20,1.35,1.32,1.20,2.29,36,71,43,22,0,22,64,43,86,7.71,4.57,3.40,3.30,2.15,1.32,1.95,3.40,6.50,1.75,2.00,Stade Geoffroy-Guichard (Saint-Ètienne)
1736013600,Jan 04 2025 - 6:00pm,complete,N/A,Lille,Nantes,Jérémie Pignard,16,2.00,0.75,2.20,0.88,1,1,2,1,1,0,"40","70",2,0,1,0,2,0,0,1,0,2,14,7,4,3,4,3,6,10,71,29,1.36,1.17,1.39,0.70,3.07,73,87,54,47,20,53,94,48,75,8.50,4.42,1.50,4.20,6.50,1.32,1.91,3.50,7.00,2.05,1.70,Decathlon Arena - Stade Pierre-Mauroy (Villeneuve d'Ascq)
1736020800,Jan 04 2025 - 8:00pm,complete,48162,Olympique Lyonnais,Montpellier,Jeremy Stinat,16,1.86,0.00,2.13,0.20,1,0,1,0,0,0,"90'1","",3,5,1,0,2,0,0,1,0,2,14,17,4,7,7,8,8,10,58,42,1.78,1.12,1.39,1.71,3.43,43,79,57,43,36,43,71,43,93,11.14,5.43,1.30,5.75,8.50,1.12,1.36,1.91,3.25,1.62,2.20,Groupama Stadium (Décines-Charpieu)
1736085600,Jan 05 2025 - 2:00pm,complete,N/A,Lens,Toulouse,Hakim Ben El Hadj,16,1.57,1.00,1.25,1.19,0,1,1,0,0,0,"","73",7,1,5,1,2,0,2,4,1,1,15,9,2,5,6,1,20,12,66,34,1.73,1.21,1.24,0.92,2.29,29,86,36,15,7,29,57,50,64,10.57,4.28,1.95,3.55,4.10,1.33,1.85,3.60,7.00,1.80,1.95,Stade Bollaert-Delelis (Lens)
1736085600,Jan 05 2025 - 2:00pm,complete,N/A,Angers SCO,Brest,Benoît Millot,16,0.57,0.43,0.88,1.06,2,0,2,1,1,0,"6,90'5","",2,4,2,0,1,0,2,0,1,0,8,13,3,5,4,6,14,11,38,62,1.26,1.30,0.91,1.47,3.72,71,93,79,57,29,86,100,64,71,7.71,3.00,3.05,3.25,2.40,1.38,2.00,4.00,8.00,1.91,1.91,Stade Raymond Kopa (Angers)
1736085600,Jan 05 2025 - 2:00pm,complete,N/A,Strasbourg,Auxerre,Florent Batta,16,1.71,0.57,2.13,0.94,3,1,4,2,1,1,"45'4,59,87","14",4,3,1,0,2,0,1,0,1,1,12,15,5,8,3,6,10,13,60,40,1.20,1.11,1.12,1.63,3.14,71,86,64,64,7,29,93,50,79,8.71,5.28,1.85,3.65,4.20,1.22,1.68,2.75,5.00,1.62,2.20,Stade de la Meinau (Strasbourg)
1736106300,Jan 05 2025 - 7:45pm,complete,N/A,Olympique Marseille,Le Havre,Thomas Léonard,16,1.29,0.86,1.94,1.13,5,1,6,3,3,0,"25,39,43,66,75","85",4,0,1,0,0,0,1,0,0,0,16,5,10,2,5,2,12,6,70,30,1.34,0.98,2.22,0.45,2.58,50,93,43,22,0,22,65,50,93,8.28,5.00,1.30,5.50,8.78,1.20,1.60,2.75,5.00,2.05,1.70,Orange Vélodrome (Marseille)
1736532000,Jan 10 2025 - 6:00pm,complete,N/A,Nantes,Monaco,Marc Bollengier,17,1.14,1.86,1.20,1.27,2,2,4,1,1,0,"12,47","52,59",3,11,3,0,0,0,0,3,0,0,11,16,5,8,3,5,17,14,31,69,1.45,1.45,1.05,1.79,2.50,57,86,57,14,0,36,71,36,86,9.86,4.71,4.20,3.75,1.80,1.30,1.91,3.40,6.50,1.80,1.95,Stade de la Beaujoire - Louis Fonteneau (Nantes)
1736539500,Jan 10 2025 - 8:05pm,complete,N/A,Auxerre,Lille,Gaël Angoula,17,2.13,1.63,1.73,1.44,0,0,0,0,0,0,"","",6,10,0,1,4,0,0,1,2,2,14,14,4,6,5,1,7,8,29,71,1.33,1.47,1.08,1.38,2.44,38,75,57,25,0,44,75,32,82,7.13,5.25,3.76,3.74,1.92,1.26,1.78,3.00,5.50,1.67,2.10,Stade de l'Abbé Deschamps (Auxerre)
1736611200,Jan 11 2025 - 4:00pm,complete,N/A,Brest,Olympique Lyonnais,Eric Wattellier,17,2.00,1.50,1.80,1.38,2,1,3,3,2,1,"8,25","45'2",4,7,1,0,2,0,0,1,0,2,12,11,7,4,3,4,10,10,33,67,1.48,1.28,1.36,1.26,2.94,50,88,57,38,13,44,88,44,88,9.38,3.76,3.10,3.50,2.10,1.24,1.63,2.85,5.00,1.62,2.20,Stade Francis-Le Blé (Brest)
1736618400,Jan 11 2025 - 6:00pm,complete,N/A,Reims,Nice,Willy Delajod,17,1.13,1.13,1.00,1.44,2,4,6,3,1,2,"34,71","28,44,64,86",6,3,4,0,2,0,1,3,1,1,13,16,4,11,8,3,13,7,55,45,1.18,1.42,1.35,1.95,2.63,63,82,44,26,19,44,82,19,75,7.88,4.25,2.30,3.30,2.90,1.26,1.84,2.95,5.50,1.62,2.20,Stade Auguste-Delaune (Reims)
1736625900,Jan 11 2025 - 8:05pm,complete,N/A,Rennes,Olympique Marseille,Abdelatif Kherradji,17,2.00,2.63,1.56,1.80,1,2,3,2,1,1,"43","45,49",2,3,2,0,2,0,0,2,0,2,6,14,5,8,0,3,11,13,36,64,1.57,1.32,0.82,1.53,3.19,44,88,63,38,26,57,82,38,82,9.51,3.76,2.70,3.25,2.50,1.32,1.92,3.40,6.50,1.70,2.05,Roazhon Park (Rennes)
1736690400,Jan 12 2025 - 2:00pm,complete,N/A,Le Havre,Lens,Clément Turpin,17,0.75,1.63,0.69,1.67,1,2,3,2,1,1,"8","28,77",3,8,2,0,2,0,1,1,1,1,9,26,5,8,1,10,11,14,30,70,1.15,1.32,0.95,2.32,2.63,38,75,50,32,7,38,82,26,88,7.38,4.63,5.00,3.65,1.67,1.33,2.00,3.60,7.00,1.93,1.75,Stade Océane (Le Havre)
1736698500,Jan 12 2025 - 4:15pm,complete,N/A,Toulouse,Strasbourg,Benoît Bastien,17,1.75,0.63,1.07,1.38,1,2,3,3,1,2,"35","14,26",3,2,1,0,4,0,1,0,1,3,26,10,7,4,13,5,12,14,53,47,1.39,1.33,2.15,1.00,3.13,63,88,57,32,19,44,63,63,88,9.26,3.51,1.73,3.80,4.33,1.26,1.73,3.10,5.50,1.72,1.98,Stadium de Toulouse (Toulouse)
1736698500,Jan 12 2025 - 4:15pm,complete,N/A,Montpellier,Angers SCO,Romain Lissorgue,17,1.13,1.13,0.81,1.07,1,3,4,1,0,1,"61","30,69,90'9",3,3,5,2,2,0,2,5,0,2,13,27,4,10,7,13,11,15,58,42,1.44,0.96,1.44,2.48,2.76,57,82,44,38,13,38,76,38,88,9.38,4.88,2.00,3.50,3.50,1.30,1.73,3.30,6.50,1.71,1.98,Stade de la Mosson-Mondial 98 (Montpellier)
1736711100,Jan 12 2025 - 7:45pm,complete,N/A,PSG,Saint-Étienne,Mathieu Vernice,17,2.75,0.13,2.56,0.38,2,1,3,2,2,0,"13,23","64",7,3,1,0,2,0,0,1,0,2,28,11,10,4,16,4,16,11,59,41,2.26,0.98,2.92,1.12,3.88,51,82,75,63,32,50,94,69,75,10.26,3.88,1.06,12.00,21.00,1.05,1.22,1.67,2.35,2.00,1.70,Parc des Princes (Paris)
1737136800,Jan 17 2025 - 6:00pm,complete,N/A,Montpellier,Monaco,Jérôme Brisard,18,1.00,1.75,0.81,1.27,2,1,3,1,0,1,"54,82","32",4,16,1,0,2,0,0,1,0,2,15,35,6,11,7,18,7,9,33,67,1.44,1.50,1.44,3.02,3.32,71,94,82,52,11,53,82,59,82,10.92,6.14,4.30,4.10,1.71,1.16,1.48,2.10,4.00,1.62,2.20,Stade de la Mosson-Mondial 98 (Montpellier)
1737144300,Jan 17 2025 - 8:05pm,complete,N/A,Lille,Nice,François Letexier,18,1.88,1.33,2.20,1.44,2,1,3,1,0,1,"48,63","29",7,7,1,0,3,0,1,0,1,2,13,14,5,4,7,8,13,13,55,45,1.36,1.48,1.50,1.32,3.06,71,83,53,41,23,47,89,42,83,8.31,4.13,1.72,3.90,4.50,1.26,1.79,3.00,5.50,1.70,2.05,Decathlon Arena - Stade Pierre-Mauroy (Villeneuve d'Ascq)
1737216000,Jan 18 2025 - 4:00pm,complete,38120,Lens,PSG,Jérémie Pignard,18,1.38,2.25,1.25,2.47,1,2,3,1,1,0,"36","59,86",6,1,2,0,2,0,1,1,1,1,14,12,6,8,5,2,12,8,33,67,1.67,2.23,1.40,1.68,2.75,50,76,44,38,26,32,63,44,69,14.63,4.26,4.50,3.95,1.73,1.18,1.61,2.20,4.20,1.57,2.25,Stade Bollaert-Delelis (Lens)
1737223200,Jan 18 2025 - 6:00pm,complete,28238,Rennes,Brest,Thomas Léonard,18,1.78,0.38,1.56,1.06,1,2,3,1,0,1,"77","27,73",4,4,2,0,3,0,1,1,1,2,25,10,11,4,12,6,13,11,68,32,1.48,1.32,2.78,1.11,3.03,48,95,66,31,12,78,95,31,77,9.52,3.52,2.00,3.40,3.85,1.36,2.04,3.75,7.50,1.91,1.91,Roazhon Park (Rennes)
1737230700,Jan 18 2025 - 8:05pm,complete,42592,Olympique Lyonnais,Toulouse,Benoît Millot,18,2.00,1.25,2.13,1.19,0,0,0,0,0,0,"","",8,5,1,0,0,0,0,1,0,0,13,15,4,6,7,7,8,8,62,38,1.74,1.17,1.48,1.51,2.82,38,82,44,25,19,25,63,50,82,9.13,3.63,1.90,3.80,3.90,1.22,1.65,2.80,5.00,1.67,2.10,Groupama Stadium (Décines-Charpieu)
1737295200,Jan 19 2025 - 2:00pm,complete,N/A,Saint-Étienne,Nantes,Florent Batta,18,1.88,0.78,1.40,0.88,1,1,2,1,0,1,"86","14",7,7,2,0,1,0,2,0,1,0,19,12,4,5,11,4,9,11,75,25,1.21,1.12,1.73,1.17,2.57,52,82,35,35,11,28,76,42,78,7.00,4.24,2.50,3.20,2.84,1.36,2.02,3.75,7.50,1.80,1.95,Stade Geoffroy-Guichard (Saint-Ètienne)
1737303300,Jan 19 2025 - 4:15pm,complete,N/A,Reims,Le Havre,Mathieu Vernice,18,1.00,0.75,1.00,1.13,1,1,2,1,1,0,"26","67",6,6,2,0,2,0,1,1,1,1,12,6,4,3,6,3,9,8,55,45,1.20,0.91,1.40,0.79,2.82,53,89,41,24,18,35,70,43,89,7.44,4.44,1.70,3.75,5.00,1.32,1.95,3.50,7.00,1.95,1.80,Stade Auguste-Delaune (Reims)
1737303300,Jan 19 2025 - 4:15pm,complete,N/A,Angers SCO,Auxerre,Stéphanie Frappart,18,0.88,0.50,0.88,0.94,2,0,2,1,1,0,"18,47","",4,2,2,0,1,1,1,1,1,1,17,11,7,5,8,6,9,10,48,52,1.21,1.18,1.75,1.38,3.63,69,94,69,63,26,57,100,63,82,8.38,4.01,2.60,3.25,2.75,1.32,1.86,3.40,6.50,1.75,2.00,Stade Raymond Kopa (Angers)
1737315900,Jan 19 2025 - 7:45pm,complete,N/A,Olympique Marseille,Strasbourg,Bastien Dechepy,18,1.50,0.89,1.94,1.38,1,1,2,1,0,1,"68","23",9,3,3,0,3,0,0,3,3,0,24,11,4,4,14,5,13,14,70,30,1.45,1.29,1.88,0.98,3.63,77,100,71,41,23,47,83,64,89,7.42,4.39,1.45,4.50,6.50,1.18,1.55,2.38,4.33,1.67,2.10,Orange Vélodrome (Marseille)
1737747900,Jan 24 2025 - 7:45pm,complete,N/A,Auxerre,Saint-Étienne,Marc Bollengier,19,2.00,0.11,1.73,0.38,1,1,2,2,1,1,"27","45",3,4,2,0,0,0,0,2,0,0,12,11,6,2,5,6,15,13,37,63,1.30,0.99,1.47,0.95,3.11,39,73,73,39,17,56,78,45,78,6.22,4.56,1.86,3.91,4.20,1.26,1.81,3.00,5.50,1.67,2.10,Stade de l'Abbé Deschamps (Auxerre)
1737820800,Jan 25 2025 - 4:00pm,complete,5725,Monaco,Rennes,Jeremy Stinat,19,1.89,0.13,2.25,0.87,3,2,5,2,1,1,"15,52,56","45'1,67",4,2,3,0,3,0,0,3,0,3,25,13,10,6,11,7,12,16,52,48,1.50,1.15,2.35,1.58,2.84,60,71,54,42,18,36,71,53,78,8.96,4.39,1.75,3.80,4.50,1.22,1.75,2.80,5.00,1.70,2.05,Stade Louis-II (Monaco)
1737828000,Jan 25 2025 - 6:00pm,complete,5725,Strasbourg,Lille,Willy Delajod,19,1.88,1.56,2.13,1.44,2,1,3,1,0,1,"70,74","8",6,7,4,0,2,0,2,2,1,1,14,18,10,7,4,8,10,9,42,58,1.19,1.46,1.80,1.87,2.44,54,71,48,43,0,24,78,42,71,9.00,5.71,3.45,3.35,2.05,1.30,1.83,3.20,6.00,1.67,2.10,Stade de la Meinau (Strasbourg)
1737835500,Jan 25 2025 - 8:05pm,complete,N/A,PSG,Reims,Hakim Ben El Hadj,19,2.78,1.38,2.56,1.13,1,1,2,0,0,0,"47","56",8,1,2,0,2,0,1,1,1,1,25,8,8,4,11,3,13,13,78,22,2.34,1.33,2.46,0.91,3.21,65,82,77,47,11,47,88,53,83,12.74,3.47,1.18,7.25,12.00,1.12,1.36,1.93,3.50,1.91,1.91,Parc des Princes (Paris)
1737900000,Jan 26 2025 - 2:00pm,complete,17898,Le Havre,Brest,Romain Lissorgue,19,0.67,0.67,0.69,1.06,0,1,1,1,0,1,"","25",6,6,2,0,3,0,2,0,2,1,13,22,0,8,11,11,1,1,44,56,1.13,1.30,1.03,2.21,3.17,50,89,78,39,11,67,89,45,89,6.67,3.56,3.40,3.20,2.23,1.45,2.30,4.50,9.50,1.95,1.80,Stade Océane (Le Havre)
1737908100,Jan 26 2025 - 4:15pm,complete,N/A,Nantes,Olympique Lyonnais,Benoît Bastien,19,1.13,1.33,1.20,1.38,1,1,2,1,0,1,"90","10",4,8,3,0,1,0,1,2,0,1,9,15,7,5,1,7,14,11,37,63,1.40,1.28,1.30,1.41,2.65,60,89,59,24,0,35,82,30,89,11.02,3.92,3.35,3.52,2.16,1.27,1.75,3.01,5.35,1.67,2.10,Stade de la Beaujoire - Louis Fonteneau (Nantes)
1737908100,Jan 26 2025 - 4:15pm,complete,28382,Toulouse,Montpellier,Clément Turpin,19,1.56,0.00,1.07,0.20,1,2,3,0,0,0,"59","62,83",6,2,1,0,2,0,0,1,2,0,18,7,6,5,9,2,9,15,67,33,1.48,1.19,1.85,0.93,2.55,41,71,47,18,13,47,60,29,84,10.24,5.03,2.49,1.81,6.45,1.23,1.70,2.84,5.00,1.75,2.00,Stadium de Toulouse (Toulouse)
1737908100,Jan 26 2025 - 4:15pm,complete,37321,Lens,Angers SCO,Abdelatif Kherradji,19,1.22,1.33,1.25,1.07,1,0,1,0,0,0,"49","",4,4,1,0,1,0,0,1,0,1,21,6,6,2,12,2,16,10,65,35,1.64,1.13,2.16,0.56,2.00,39,67,22,17,6,11,56,33,78,10.00,4.56,1.12,7.50,12.37,1.27,1.84,3.05,5.25,1.95,1.80,Stade Bollaert-Delelis (Lens)
1737920700,Jan 26 2025 - 7:45pm,complete,N/A,Nice,Olympique Marseille,Eric Wattellier,19,2.25,2.67,2.07,1.80,2,0,2,1,1,0,"7,51","",6,12,1,0,1,0,0,1,0,1,15,26,6,6,9,15,12,9,29,71,1.58,1.35,1.60,2.18,3.71,78,95,77,47,29,47,77,60,95,7.61,4.27,3.24,2.98,2.16,1.24,1.63,2.85,5.00,1.57,2.25,Allianz Riviera (Nice)
1738352700,Jan 31 2025 - 7:45pm,complete,N/A,Montpellier,Lens,Bastien Dechepy,20,1.20,1.78,0.81,1.67,0,2,2,1,0,1,"","1,61",4,5,4,0,3,0,1,3,2,1,18,25,4,7,12,12,12,17,50,50,1.44,1.43,1.61,2.03,3.07,68,89,62,46,10,47,90,41,84,10.28,6.38,4.02,3.94,1.82,1.22,1.68,2.70,5.00,1.62,2.20,Stade de la Mosson-Mondial 98 (Montpellier)
1738425600,Feb 01 2025 - 4:00pm,complete,N/A,Brest,PSG,Benoît Bastien,20,2.11,2.33,1.80,2.47,2,5,7,1,0,1,"50,71","29,57,62,89,90'7",4,7,1,0,0,0,1,0,0,0,19,18,8,8,7,7,9,12,34,66,1.46,2.17,1.77,1.86,3.33,67,89,62,44,28,45,89,56,78,10.78,3.22,6.20,4.75,1.51,1.18,1.57,2.55,4.33,1.70,2.00,Stade Francis-Le Blé (Brest)
1738432800,Feb 01 2025 - 6:00pm,complete,N/A,Monaco,Auxerre,Abdelatif Kherradji,20,2.00,0.44,2.25,0.94,4,2,6,3,1,2,"35,57,63,65","38,45'7",5,4,2,0,2,0,1,1,1,1,13,14,8,8,4,6,17,15,57,43,1.59,1.20,1.69,1.67,3.17,64,85,59,54,21,42,85,58,80,8.52,4.67,1.36,5.70,7.90,1.13,1.40,2.15,3.60,1.75,2.00,Stade Louis-II (Monaco)
1738440300,Feb 01 2025 - 8:05pm,complete,N/A,Lille,Saint-Étienne,Eric Wattellier,20,2.00,0.20,2.20,0.38,4,1,5,2,1,1,"32,63,72,78","6",7,1,1,0,1,1,0,1,0,2,37,12,14,3,18,7,11,12,67,33,1.38,0.99,3.44,1.02,3.35,64,85,63,42,21,47,95,58,80,7.31,4.30,1.36,5.40,8.50,1.26,1.83,2.80,6.00,2.05,1.70,Decathlon Arena - Stade Pierre-Mauroy (Villeneuve d'Ascq)
1738504800,Feb 02 2025 - 2:00pm,complete,N/A,Toulouse,Nice,Thomas Léonard,20,1.40,1.20,1.07,1.44,1,1,2,1,0,1,"85","18",7,2,2,0,2,0,0,2,0,2,19,16,5,5,10,10,20,20,53,47,1.51,1.47,1.63,1.55,2.70,65,80,55,25,15,45,65,40,75,10.00,3.80,2.42,3.62,2.89,1.30,1.89,3.30,6.50,1.70,2.05,Stadium de Toulouse (Toulouse)
1738512900,Feb 02 2025 - 4:15pm,complete,N/A,Reims,Nantes,Benoît Millot,20,1.00,0.80,1.00,0.88,1,2,3,2,1,1,"45'1","42,70",9,3,3,1,3,0,0,4,0,3,20,14,3,8,13,4,14,10,54,46,1.22,1.12,1.72,1.55,2.80,75,90,40,30,20,45,90,25,75,8.00,4.40,2.19,3.45,3.50,1.33,2.00,3.60,7.00,1.80,1.95,Stade Auguste-Delaune (Reims)
1738512900,Feb 02 2025 - 4:15pm,complete,N/A,Angers SCO,Le Havre,Jérémie Pignard,20,1.11,0.78,0.88,1.13,1,1,2,0,0,0,"90","73",4,2,2,1,4,1,2,1,3,2,16,14,4,5,12,8,8,19,59,41,1.27,0.90,1.66,1.45,3.06,50,89,45,33,22,39,78,56,89,8.11,3.44,2.06,3.51,3.78,1.42,2.10,4.33,9.00,1.95,1.80,Stade Raymond Kopa (Angers)
1738512900,Feb 02 2025 - 4:15pm,complete,N/A,Rennes,Strasbourg,Stéphanie Frappart,20,1.60,0.90,1.56,1.38,1,0,1,0,0,0,"89","",6,2,3,0,3,0,1,2,0,3,14,8,4,4,7,3,14,10,45,55,1.61,1.26,1.31,0.99,3.25,60,95,65,25,20,55,85,45,85,9.30,3.90,2.15,3.64,3.38,1.30,1.89,3.30,6.50,1.75,2.00,Roazhon Park (Rennes)
1738525500,Feb 02 2025 - 7:45pm,complete,N/A,Olympique Marseille,Olympique Lyonnais,Jérôme Brisard,20,1.44,1.30,1.94,1.38,3,2,5,0,0,0,"61,64,85","53,72",6,2,4,0,1,0,1,3,0,1,20,13,12,5,8,6,13,10,64,36,1.50,1.29,2.46,1.23,2.86,69,95,58,27,6,37,90,32,85,10.43,4.16,2.03,4.00,3.45,1.18,1.56,2.30,4.20,1.53,2.38,Orange Vélodrome (Marseille)
1738951200,Feb 07 2025 - 6:00pm,complete,N/A,Nantes,Brest,Jérémie Pignard,21,1.11,0.90,1.20,1.06,0,2,2,1,0,1,"","9,90'6",12,4,3,0,2,0,0,3,1,1,18,13,4,7,11,5,15,13,59,41,1.39,1.39,1.71,1.52,2.83,64,90,57,31,5,46,89,42,85,8.90,4.23,2.50,3.10,2.90,1.40,2.20,4.20,8.50,1.90,1.90,Stade de la Beaujoire - Louis Fonteneau (Nantes)
1738958700,Feb 07 2025 - 8:05pm,complete,N/A,PSG,Monaco,Clément Turpin,21,2.60,1.56,2.56,1.27,4,1,5,2,1,1,"6,54,57,90","17",1,1,1,0,0,0,1,0,0,0,20,12,8,4,9,6,9,11,64,36,2.35,1.67,2.19,1.25,3.14,69,90,74,36,10,42,84,58,79,13.64,3.52,1.50,5.10,5.80,1.11,1.40,1.95,3.20,1.53,2.38,Parc des Princes (Paris)
1739030400,Feb 08 2025 - 4:00pm,complete,N/A,Nice,Lens,Romain Lissorgue,21,2.33,1.90,2.07,1.67,2,0,2,1,1,0,"10,64","",7,3,1,0,3,1,1,0,2,2,20,15,10,4,7,8,6,19,61,39,1.58,1.49,2.15,1.26,2.93,64,90,49,27,11,32,84,33,90,9.47,5.02,2.40,3.47,3.03,1.28,1.81,3.10,6.00,1.67,2.10,Allianz Riviera (Nice)
1739037600,Feb 08 2025 - 6:00pm,complete,N/A,Lille,Le Havre,Thomas Léonard,21,2.10,0.80,2.20,1.13,1,2,3,1,0,1,"90'7","38,56",8,10,2,0,1,0,0,2,0,1,17,14,7,9,10,5,16,8,67,33,1.58,0.96,2.09,1.65,2.90,65,90,45,30,15,30,75,60,95,8.40,4.30,1.40,5.00,8.40,1.28,1.87,3.20,6.00,2.20,1.62,Decathlon Arena - Stade Pierre-Mauroy (Villeneuve d'Ascq)
1739045100,Feb 08 2025 - 8:05pm,complete,N/A,Saint-Étienne,Rennes,Mathieu Vernice,21,1.78,0.11,1.40,0.87,0,2,2,1,0,1,"","15,84",2,4,1,0,5,0,0,1,3,2,12,21,4,8,6,11,13,6,53,47,1.27,1.20,1.48,2.19,2.72,50,78,45,39,11,22,73,50,89,7.77,4.67,3.25,3.47,2.29,1.33,1.89,3.50,7.00,1.75,2.00,Stade Geoffroy-Guichard (Saint-Ètienne)
1739109600,Feb 09 2025 - 2:00pm,complete,N/A,Olympique Lyonnais,Reims,François Letexier,21,1.89,1.33,2.13,1.13,4,0,4,1,1,0,"36,68,79,90'3","",6,6,2,0,2,1,1,1,1,2,18,12,9,3,6,6,10,12,68,32,1.71,1.29,2.02,1.05,2.84,56,73,56,39,17,28,62,50,84,11.00,4.00,1.57,4.60,5.50,1.17,1.75,2.30,4.00,1.67,2.10,Groupama Stadium (Décines-Charpieu)
1739117700,Feb 09 2025 - 4:15pm,complete,N/A,Auxerre,Toulouse,Jérôme Brisard,21,1.90,1.22,1.73,1.19,2,2,4,0,0,0,"62,73","68,89",3,5,1,0,1,0,0,1,0,1,13,9,4,4,6,4,11,9,54,46,1.32,1.21,1.21,1.08,2.15,31,74,47,10,0,41,63,32,69,6.77,3.56,3.41,3.50,2.19,1.33,1.89,3.60,7.00,1.75,2.00,Stade de l'Abbé Deschamps (Auxerre)
1739117700,Feb 09 2025 - 4:15pm,complete,N/A,Strasbourg,Montpellier,Jeremy Stinat,21,2.00,0.33,2.13,0.20,2,0,2,1,1,0,"45'2,69","",6,2,1,0,4,0,0,1,1,3,29,15,6,4,17,10,12,12,59,41,1.26,1.17,2.33,1.43,2.89,56,73,62,39,11,33,73,45,89,9.00,5.67,1.77,4.10,4.40,1.22,1.61,2.55,5.00,1.67,2.10,Stade de la Meinau (Strasbourg)
1739130300,Feb 09 2025 - 7:45pm,complete,N/A,Angers SCO,Olympique Marseille,Hakim Ben El Hadj,21,1.10,2.40,0.88,1.80,0,2,2,0,0,0,"","69,74",1,7,1,0,2,0,0,1,1,1,8,20,0,9,7,8,10,8,22,78,1.31,1.43,0.59,2.27,3.40,60,90,60,45,30,50,85,55,85,7.90,3.50,5.40,4.10,1.66,1.28,1.84,3.10,6.00,1.91,1.91,Stade Raymond Kopa (Angers)
1739562300,Feb 14 2025 - 7:45pm,complete,N/A,Brest,Auxerre,Bastien Dechepy,22,1.90,0.40,1.80,0.94,2,2,4,1,0,1,"60,79","18,74",6,4,2,0,2,0,1,1,1,1,23,15,10,6,10,6,9,12,64,36,1.49,1.25,2.34,1.41,3.65,65,95,65,60,25,50,95,60,85,7.90,4.50,1.92,3.77,4.00,1.30,1.82,3.30,6.50,1.70,2.05,Stade Francis-Le Blé (Brest)
1739635200,Feb 15 2025 - 4:00pm,complete,66199,Olympique Marseille,Saint-Étienne,Abdelatif Kherradji,22,1.60,0.18,1.94,0.38,5,1,6,1,1,0,"27,50,58,60,77","79",14,3,1,0,1,0,0,1,1,0,34,11,14,3,17,6,14,9,71,29,1.60,0.99,3.43,0.96,3.56,68,91,67,48,28,47,86,57,82,7.50,5.06,1.30,6.20,9.80,1.15,1.44,2.25,3.75,1.91,1.91,Orange Vélodrome (Marseille)
1739642400,Feb 15 2025 - 6:00pm,complete,6080,Monaco,Nantes,Thomas Léonard,22,2.09,1.00,2.25,0.88,7,1,8,3,2,1,"44,45,49,54,64,81,90'5","4",9,1,1,0,1,1,0,1,2,0,27,8,13,3,12,4,18,9,65,35,1.60,1.16,3.01,0.84,3.00,73,82,50,41,27,50,82,46,73,8.54,4.09,1.56,4.50,5.80,1.20,1.67,2.60,4.75,1.70,2.05,Stade Louis-II (Monaco)
1739649900,Feb 15 2025 - 8:05pm,complete,31703,Toulouse,PSG,Willy Delajod,22,1.36,2.40,1.07,2.47,0,1,1,0,0,0,"","52",5,2,2,0,0,0,1,1,0,0,17,25,5,7,10,14,9,6,23,77,1.53,2.14,1.48,2.39,3.04,72,86,58,30,20,33,73,48,77,12.46,2.83,6.00,4.75,1.53,1.18,1.52,2.25,4.20,1.67,2.10,Stadium de Toulouse (Toulouse)
1739714400,Feb 16 2025 - 2:00pm,complete,N/A,Montpellier,Olympique Lyonnais,Marc Bollengier,22,1.09,1.18,0.81,1.38,1,4,5,2,1,1,"38","3,50,53,73",7,4,3,0,1,0,2,1,0,1,18,13,6,7,7,4,14,12,37,63,1.46,1.29,1.60,1.39,3.23,69,96,73,46,14,46,87,46,87,11.09,5.19,4.50,4.20,1.73,1.16,1.47,2.25,4.00,1.53,2.38,Stade de la Mosson-Mondial 98 (Montpellier)
1739722500,Feb 16 2025 - 4:15pm,complete,38113,Lens,Strasbourg,Benoît Millot,22,1.40,0.82,1.25,1.38,0,2,2,0,0,0,"","81,90'6",7,3,3,1,2,0,1,3,0,2,10,17,0,5,8,9,12,15,56,44,1.69,1.23,0.93,1.46,2.78,52,76,47,28,19,33,57,52,81,9.85,4.89,1.75,4.10,4.60,1.24,1.73,2.82,5.00,1.67,2.10,Stade Bollaert-Delelis (Lens)
1739722500,Feb 16 2025 - 4:15pm,complete,11868,Reims,Angers SCO,Florent Batta,22,0.91,1.20,1.00,1.07,0,1,1,1,0,1,"","45'1",1,4,2,0,1,0,2,0,0,1,19,10,5,3,10,6,13,6,63,37,1.26,1.07,1.79,1.14,2.31,57,76,28,14,9,23,76,19,86,7.58,4.05,1.99,3.50,4.10,1.32,1.98,3.44,6.25,1.80,1.95,Stade Auguste-Delaune (Reims)
1739722500,Feb 16 2025 - 4:15pm,complete,17739,Le Havre,Nice,Stéphanie Frappart,22,0.60,1.18,0.69,1.44,1,3,4,3,1,2,"28","16,18,90'4",6,2,2,0,1,1,1,1,1,1,16,11,5,6,11,4,14,16,49,51,1.12,1.47,1.67,1.32,2.90,52,76,63,33,19,48,81,33,86,7.85,3.89,5.40,4.10,1.65,1.27,1.86,3.09,5.50,1.80,1.95,Stade Océane (Le Havre)
1739735100,Feb 16 2025 - 7:45pm,complete,27627,Rennes,Lille,Romain Lissorgue,22,1.73,1.40,1.56,1.44,0,2,2,0,0,0,"","80,86",4,8,2,1,1,0,1,2,1,0,6,23,3,7,2,12,9,18,37,63,1.59,1.50,0.68,2.12,2.33,38,76,48,15,5,38,76,29,76,10.93,5.20,2.54,3.36,2.91,1.33,2.01,3.50,7.00,1.75,2.00,Roazhon Park (Rennes)
1740167100,Feb 21 2025 - 7:45pm,complete,N/A,Rennes,Reims,Marc Bollengier,23,1.58,1.20,1.56,1.13,1,0,1,1,1,0,"10","",9,2,1,0,1,2,1,0,1,2,38,6,6,0,21,4,15,7,59,41,1.51,1.26,2.87,0.43,2.65,47,82,60,24,4,40,73,43,87,10.78,4.57,1.80,3.70,4.75,1.35,2.02,3.75,7.50,1.91,1.91,Roazhon Park (Rennes)
1740240000,Feb 22 2025 - 4:00pm,complete,N/A,Lille,Monaco,Benoît Bastien,23,1.91,1.40,2.20,1.27,2,1,3,3,2,1,"22,43","45'1",1,6,4,0,2,0,0,4,1,1,12,16,6,4,3,8,11,18,43,57,1.63,1.62,1.26,1.48,3.09,76,91,72,33,14,38,90,62,86,10.63,3.91,2.24,3.64,3.19,1.22,1.73,2.70,5.00,1.57,2.25,Decathlon Arena - Stade Pierre-Mauroy (Villeneuve d'Ascq)
1740247200,Feb 22 2025 - 6:00pm,complete,N/A,Saint-Étienne,Angers SCO,Bastien Dechepy,23,1.60,1.36,1.40,1.07,3,3,6,3,1,2,"36,52,73","7,17,90'4",4,3,3,0,0,0,2,1,0,0,25,13,9,5,11,8,13,16,62,38,1.29,1.08,2.38,1.40,1.97,33,68,15,15,0,0,67,29,86,6.75,3.45,2.50,3.31,3.00,1.33,1.93,3.60,7.00,1.80,1.95,Stade Geoffroy-Guichard (Saint-Ètienne)
1740254700,Feb 22 2025 - 8:05pm,complete,N/A,Auxerre,Olympique Marseille,Jeremy Stinat,23,1.82,2.45,1.73,1.80,3,0,3,1,1,0,"34,77,90'1","",2,5,1,0,2,1,0,1,1,2,12,10,7,4,4,5,9,13,21,79,1.31,1.50,1.32,1.26,2.91,50,82,64,36,14,50,69,41,82,7.36,3.73,5.00,4.10,1.70,1.20,1.73,2.60,4.50,1.67,2.10,Stade de l'Abbé Deschamps (Auxerre)
1740319200,Feb 23 2025 - 2:00pm,complete,N/A,Nantes,Lens,Jérôme Brisard,23,1.00,1.73,1.20,1.67,3,1,4,1,1,0,"36,60,90'5","65",2,11,2,0,4,1,0,2,2,3,16,21,7,5,8,10,13,18,35,65,1.42,1.47,1.69,1.62,2.39,53,86,34,19,0,24,86,20,91,10.34,5.31,3.67,3.41,2.13,1.33,2.03,3.60,7.00,1.80,1.95,Stade de la Beaujoire - Louis Fonteneau (Nantes)
1740327300,Feb 23 2025 - 4:15pm,complete,N/A,Le Havre,Toulouse,François Letexier,23,0.55,1.20,0.69,1.19,1,4,5,1,0,1,"51","9,56,63,78",5,3,0,1,2,0,0,1,0,2,13,16,4,7,8,6,11,13,54,46,1.17,1.20,1.37,1.56,2.56,33,77,57,23,5,38,66,39,81,7.35,3.32,3.91,3.47,2.03,1.33,2.03,3.60,7.00,1.91,1.91,Stade Océane (Le Havre)
1740327300,Feb 23 2025 - 4:15pm,complete,N/A,Strasbourg,Brest,Clément Turpin,23,2.10,1.09,2.13,1.06,0,0,0,0,0,0,"","",1,8,3,0,1,0,2,1,1,0,7,15,4,3,3,10,12,12,57,43,1.37,1.40,1.06,1.39,2.90,63,86,62,43,5,42,95,48,77,8.31,4.31,2.23,3.45,3.40,1.26,1.90,3.00,5.50,1.67,2.10,Stade de la Meinau (Strasbourg)
1740327300,Feb 23 2025 - 4:15pm,complete,N/A,Nice,Montpellier,Willy Delajod,23,2.40,0.30,2.07,0.20,2,0,2,1,1,0,"30,65","",8,5,1,0,1,0,0,1,0,1,18,17,7,4,10,11,17,15,57,43,1.64,1.19,1.92,1.52,3.10,50,85,55,25,20,35,70,40,100,9.40,5.30,1.48,4.80,6.50,1.15,1.57,2.20,3.75,1.70,2.05,Allianz Riviera (Nice)
1740339900,Feb 23 2025 - 7:45pm,complete,N/A,Olympique Lyonnais,PSG,Eric Wattellier,23,2.00,2.45,2.13,2.47,2,3,5,0,0,0,"83,90'2","53,59,85",5,4,1,0,1,0,0,1,1,0,18,21,8,9,7,7,12,8,35,65,1.74,2.16,1.77,2.02,3.33,57,76,57,48,33,24,71,53,81,12.54,2.80,4.20,4.20,1.78,1.13,1.36,1.97,3.40,1.44,2.63,Groupama Stadium (Décines-Charpieu)
1740771900,Feb 28 2025 - 7:45pm,complete,9069,Monaco,Reims,Eric Wattellier,24,2.17,1.09,2.25,1.13,3,0,3,2,2,0,"34,39,51","",7,2,0,0,0,0,0,0,0,0,27,12,10,8,14,3,7,7,56,44,1.71,1.19,2.70,1.55,3.11,61,74,61,43,21,39,74,61,79,9.66,4.47,1.48,5.00,6.30,1.13,1.44,2.05,3.60,1.67,2.10,Stade Louis-II (Monaco)
1740844800,Mar 01 2025 - 4:00pm,complete,9397,Saint-Étienne,Nice,Jérôme Brisard,24,1.55,1.33,1.40,1.44,1,3,4,2,1,1,"32","10,52,69",3,4,2,0,1,0,1,1,1,0,15,21,5,9,8,11,10,11,62,38,1.39,1.46,1.70,2.20,2.82,56,83,43,35,17,30,78,39,87,7.69,4.17,4.50,4.00,1.78,1.20,1.67,2.61,4.40,1.62,2.20,Stade Geoffroy-Guichard (Saint-Ètienne)
1740852000,Mar 01 2025 - 6:00pm,complete,N/A,Lens,Le Havre,Jérémie Pignard,24,1.27,1.00,1.25,1.13,3,4,7,4,2,2,"3,19,48","28,33,62,90'1",9,2,2,0,2,0,1,1,1,1,24,11,9,5,12,4,12,11,69,31,1.62,1.02,2.51,1.08,2.32,41,78,32,18,9,18,46,55,87,11.00,5.18,1.37,5.10,9.20,1.27,1.70,2.76,4.80,2.00,1.75,Stade Bollaert-Delelis (Lens)
1740859500,Mar 01 2025 - 8:05pm,complete,10284,PSG,Lille,François Letexier,24,2.64,1.55,2.56,1.44,4,1,5,4,4,0,"6,22,28,37","80",9,3,0,0,2,0,0,0,1,1,34,7,12,3,15,4,6,10,58,42,2.34,1.56,3.00,0.87,2.87,55,82,55,37,14,37,78,55,78,12.09,4.27,1.49,5.10,5.90,1.14,1.44,2.00,3.40,1.62,2.20,Parc des Princes (Paris)
1740924000,Mar 02 2025 - 2:00pm,complete,N/A,Olympique Lyonnais,Brest,Benoît Millot,24,1.82,1.08,2.13,1.06,2,1,3,2,1,1,"24,82","15",2,5,2,0,1,0,2,0,0,1,11,18,5,6,6,12,16,12,66,34,1.74,1.40,1.38,1.84,3.01,48,78,57,44,22,38,74,49,75,10.07,3.56,1.69,4.40,4.70,1.17,1.57,2.70,4.55,1.70,2.05,Groupama Stadium (Décines-Charpieu)
1740932100,Mar 02 2025 - 4:15pm,complete,19230,Montpellier,Rennes,Florent Batta,24,1.00,0.40,0.81,0.87,0,4,4,1,0,1,"","28,56,69,87",6,5,2,0,1,0,2,0,1,0,23,14,8,8,12,5,15,15,45,55,1.47,1.30,2.24,1.66,3.43,68,90,72,59,23,49,86,59,91,9.80,6.38,3.50,3.61,2.12,1.28,1.81,3.20,6.00,1.70,2.05,Stade de la Mosson-Mondial 98 (Montpellier)
1740932100,Mar 02 2025 - 4:15pm,complete,24515,Auxerre,Strasbourg,Mathieu Vernice,24,1.92,1.00,1.73,1.38,0,1,1,0,0,0,"","47",5,3,1,0,3,1,0,1,1,3,20,8,6,3,9,3,10,10,45,55,1.31,1.25,1.89,0.87,2.96,55,84,63,29,13,46,67,50,84,6.42,3.91,2.92,3.37,2.52,1.28,1.82,3.10,6.00,1.67,2.10,Stade de l'Abbé Deschamps (Auxerre)
1740932100,Mar 02 2025 - 4:15pm,complete,N/A,Angers SCO,Toulouse,Jeremy Stinat,24,1.00,1.36,0.88,1.19,0,4,4,0,0,0,"","51,57,71,90'4",4,9,3,0,3,0,1,2,1,2,9,21,2,14,5,7,0,1,46,54,1.25,1.23,0.88,2.66,2.82,46,87,45,27,18,32,69,60,78,7.37,3.19,2.88,3.41,2.53,1.42,2.00,4.33,9.00,1.95,1.80,Stade Raymond Kopa (Angers)
1740944700,Mar 02 2025 - 7:45pm,complete,41943,Olympique Marseille,Nantes,Stéphanie Frappart,24,1.73,0.92,1.94,0.88,2,0,2,0,0,0,"73,77","",3,2,1,0,2,0,1,0,0,2,26,10,8,3,15,6,14,15,75,25,1.76,1.14,2.40,1.08,3.40,83,96,57,44,26,43,87,44,83,9.28,4.72,1.36,5.60,8.20,1.19,1.60,2.45,4.20,1.80,1.95,Orange Vélodrome (Marseille)
1741376700,Mar 07 2025 - 7:45pm,complete,24293,Toulouse,Monaco,Marc Bollengier,25,1.25,1.27,1.07,1.27,1,1,2,1,0,1,"90'1","17",3,5,1,0,3,0,1,0,1,2,11,15,4,5,6,9,16,17,50,50,1.52,1.61,1.25,1.51,2.59,66,83,62,18,5,39,66,44,74,11.24,3.75,3.31,3.62,2.19,1.22,1.65,2.65,5.00,1.62,2.20,Stadium de Toulouse (Toulouse)
1741449600,Mar 08 2025 - 4:00pm,complete,34307,Rennes,PSG,Mathieu Vernice,25,1.69,2.50,1.56,2.47,1,4,5,1,0,1,"53","27,50,90'1,90'4",3,2,2,0,3,0,1,1,2,1,14,23,4,10,9,10,11,6,32,68,1.62,2.15,1.41,2.32,3.03,53,80,57,29,25,36,76,41,80,12.27,3.08,5.60,4.70,1.55,1.17,1.55,2.15,4.00,1.67,2.10,Roazhon Park (Rennes)
1741456800,Mar 08 2025 - 6:00pm,complete,24818,Lille,Montpellier,Jérémie Pignard,25,2.00,0.27,2.20,0.20,1,0,1,0,0,0,"50","",7,1,2,0,3,0,1,1,1,2,24,10,8,3,11,7,11,12,77,23,1.60,1.22,2.33,1.02,2.95,55,83,56,26,18,39,82,43,92,8.97,5.08,1.40,5.30,7.50,1.18,1.55,2.45,4.33,1.80,1.95,Decathlon Arena - Stade Pierre-Mauroy (Villeneuve d'Ascq)
1741464300,Mar 08 2025 - 8:05pm,complete,59043,Olympique Marseille,Lens,Thomas Léonard,25,1.83,1.58,1.94,1.67,0,1,1,0,0,0,"","90'4",7,0,3,0,1,0,0,3,0,1,19,5,6,2,11,2,15,12,76,24,1.82,1.48,2.15,0.51,2.92,63,92,46,34,13,25,84,38,88,10.34,5.59,1.64,4.30,5.20,1.22,1.67,2.70,5.00,1.67,2.10,Orange Vélodrome (Marseille)
1741528800,Mar 09 2025 - 2:00pm,complete,N/A,Brest,Angers SCO,Abdelatif Kherradji,25,1.82,1.33,1.80,1.07,2,0,2,1,1,0,"19,60","",6,6,1,0,1,0,1,0,0,1,23,10,9,3,11,6,14,8,50,50,1.57,1.10,2.28,1.00,2.86,53,75,41,36,18,27,79,45,83,7.33,3.24,1.86,3.66,4.50,1.35,2.03,3.60,7.50,1.91,1.91,Stade Francis-Le Blé (Brest)
1741536900,Mar 09 2025 - 4:15pm,complete,N/A,Le Havre,Saint-Étienne,Clément Turpin,25,0.50,0.17,0.69,0.38,1,1,2,2,1,1,"45'1","10",5,6,2,0,3,0,2,0,1,2,14,19,6,4,7,9,9,17,47,53,1.19,0.99,1.57,1.63,3.54,50,79,75,50,30,54,88,50,84,6.67,4.08,2.39,3.45,3.05,1.30,1.86,3.25,6.50,1.67,2.10,Stade Océane (Le Havre)
1741536900,Mar 09 2025 - 4:15pm,complete,4988,Reims,Auxerre,Romain Lissorgue,25,0.83,0.45,1.00,0.94,0,2,2,2,0,2,"","15,24",6,12,1,0,1,0,0,1,1,0,26,14,5,9,13,4,9,13,57,43,1.31,1.26,1.82,1.75,3.20,70,92,58,45,18,44,96,41,83,8.10,5.05,2.19,3.31,3.63,1.33,1.93,3.50,7.00,1.75,2.00,Stade Auguste-Delaune (Reims)
1741536900,Mar 09 2025 - 4:15pm,complete,N/A,Nantes,Strasbourg,Hakim Ben El Hadj,25,1.18,1.15,1.20,1.38,0,1,1,0,0,0,"","79",3,9,1,0,1,0,1,0,1,0,15,13,3,3,9,7,12,17,39,61,1.45,1.22,1.25,1.26,2.94,63,88,50,29,12,28,72,49,96,8.74,4.67,2.58,3.34,2.87,1.33,2.01,3.60,7.00,1.75,2.00,Stade de la Beaujoire - Louis Fonteneau (Nantes)
1741549500,Mar 09 2025 - 7:45pm,complete,4977,Nice,Olympique Lyonnais,Benoît Bastien,25,2.45,1.33,2.07,1.38,0,2,2,0,0,0,"","78,83",9,2,1,0,2,0,0,1,1,1,25,11,6,6,16,3,12,11,37,63,1.66,1.29,2.12,1.24,3.14,66,96,61,30,18,35,83,39,92,10.76,3.50,2.32,3.63,3.05,1.20,1.61,2.60,4.75,1.53,2.38,Allianz Riviera (Nice)
1741981500,Mar 14 2025 - 7:45pm,complete,N/A,Nice,Auxerre,Abdelatif Kherradji,26,2.25,0.67,2.07,0.94,1,1,2,1,1,0,"37","90'4",7,3,1,1,3,0,0,2,1,2,24,14,6,6,15,5,14,18,51,49,1.70,1.30,2.13,1.37,3.38,63,100,59,46,17,38,88,54,92,10.33,4.34,1.53,4.50,6.30,1.22,1.60,2.75,5.00,1.75,2.00,Allianz Riviera (Nice)
1742054400,Mar 15 2025 - 4:00pm,complete,28621,Nantes,Lille,Benoît Millot,26,1.08,1.42,1.20,1.44,1,0,1,0,0,0,"83","",3,5,2,1,3,0,1,2,0,3,10,10,3,4,6,5,9,15,32,68,1.43,1.50,1.12,1.45,2.42,50,79,42,25,4,21,71,38,88,10.42,5.17,3.57,3.47,2.14,1.33,1.97,3.55,7.00,1.80,1.95,Stade de la Beaujoire - Louis Fonteneau (Nantes)
1742061600,Mar 15 2025 - 6:00pm,complete,49100,Angers SCO,Monaco,Willy Delajod,26,0.92,1.25,0.88,1.27,0,2,2,0,0,0,"","77,88",0,9,1,0,2,0,0,1,1,1,7,20,4,9,3,8,12,11,43,57,1.22,1.60,1.12,2.42,3.09,63,92,63,34,17,42,79,59,79,9.50,3.83,5.70,4.50,1.56,1.17,1.57,2.30,4.20,1.70,2.05,Stade Raymond Kopa (Angers)
1742069100,Mar 15 2025 - 8:05pm,complete,N/A,Lens,Rennes,Stéphanie Frappart,26,1.17,0.64,1.25,0.87,1,0,1,0,0,0,"47","",5,4,1,0,1,0,0,1,1,0,13,16,6,6,4,7,17,14,45,55,1.69,1.33,1.73,2.19,2.80,44,75,49,40,18,31,62,53,83,11.03,5.47,2.01,3.61,3.85,1.30,1.92,3.25,6.25,1.75,2.00,Stade Bollaert-Delelis (Lens)
1742133600,Mar 16 2025 - 2:00pm,complete,N/A,Olympique Lyonnais,Le Havre,Bastien Dechepy,26,1.92,1.17,2.13,1.13,4,2,6,3,1,2,"22,78,82,90'6","31,45'1",4,1,2,0,3,0,1,1,0,3,16,16,9,6,6,7,20,12,67,33,1.71,1.02,1.91,1.45,3.13,54,84,50,38,25,25,58,59,92,9.83,4.00,1.37,5.60,8.00,1.15,1.49,2.25,4.00,1.80,1.95,Groupama Stadium (Décines-Charpieu)
1742141700,Mar 16 2025 - 4:15pm,complete,N/A,Montpellier,Saint-Étienne,François Letexier,26,0.92,0.23,0.81,0.38,0,2,2,1,0,1,"","11,53",4,6,1,0,2,1,1,0,3,0,14,12,4,7,7,2,4,7,41,59,1.53,1.04,1.36,1.40,3.81,66,93,77,62,31,58,92,66,81,8.77,5.77,2.15,3.86,3.21,1.20,1.61,2.60,4.50,1.53,2.38,Stade de la Mosson-Mondial 98 (Montpellier)
1742141700,Mar 16 2025 - 4:15pm,complete,N/A,Brest,Reims,Jérôme Brisard,26,1.92,1.00,1.80,1.13,0,0,0,0,0,0,"","",4,4,1,1,3,0,0,2,2,1,11,15,0,3,8,8,9,13,72,28,1.63,1.22,1.01,1.16,3.09,54,84,63,42,13,38,84,54,83,8.75,4.16,1.82,3.79,4.50,1.28,1.90,3.10,6.00,1.80,1.95,Stade Francis-Le Blé (Brest)
1742141700,Mar 16 2025 - 4:15pm,complete,N/A,Strasbourg,Toulouse,Florent Batta,26,2.00,1.50,2.13,1.19,2,1,3,1,0,1,"47,54","3",4,3,0,0,2,0,0,0,2,0,14,11,5,7,7,3,0,1,57,43,1.34,1.35,1.44,1.49,2.57,49,78,53,35,4,18,66,52,74,8.26,4.12,2.24,3.57,3.25,1.33,1.94,3.65,7.00,1.80,1.95,Stade de la Meinau (Strasbourg)
1742154300,Mar 16 2025 - 7:45pm,complete,N/A,PSG,Olympique Marseille,Clément Turpin,26,2.67,2.25,2.56,1.80,3,1,4,2,2,0,"17,42,76","51",5,5,1,0,0,0,1,0,0,0,21,18,6,3,11,9,7,9,60,40,2.39,1.48,1.79,1.26,3.54,63,92,71,50,29,50,84,58,88,11.16,3.09,1.47,5.30,6.00,1.11,1.37,2.00,3.30,1.57,2.25,Parc des Princes (Paris)
1743191100,Mar 28 2025 - 7:45pm,complete,N/A,Strasbourg,Olympique Lyonnais,Romain Lissorgue,27,2.08,1.46,2.13,1.38,4,2,6,0,0,0,"55,60,73,89","62,90'6",6,5,2,0,2,0,0,2,0,2,16,18,9,13,6,4,12,15,40,60,1.35,1.29,1.77,2.35,2.75,65,84,60,37,8,28,80,44,80,9.39,3.79,2.78,3.71,2.46,1.20,1.67,2.62,4.75,1.57,2.25,Stade de la Meinau (Strasbourg)
1743264000,Mar 29 2025 - 4:00pm,complete,N/A,Reims,Olympique Marseille,Willy Delajod,27,0.77,2.08,1.00,1.80,3,1,4,1,1,0,"29,51,68","78",0,13,0,0,0,0,0,0,0,0,8,23,6,7,2,13,6,9,20,80,1.35,1.47,1.00,2.58,3.00,58,89,54,31,19,46,85,39,81,8.46,4.15,5.60,4.10,1.62,1.22,1.81,2.80,5.25,1.75,2.00,Stade Auguste-Delaune (Reims)
1743271200,Mar 29 2025 - 6:00pm,complete,N/A,Saint-Étienne,PSG,Jeremy Stinat,27,1.42,2.54,1.40,2.47,1,6,7,2,1,1,"9","43,50,53,62,66,90",3,6,2,0,0,0,1,1,0,0,17,27,3,11,9,12,9,12,47,53,1.42,2.16,1.42,2.58,3.22,60,84,51,44,27,20,76,56,89,9.41,3.23,13.00,8.70,1.18,1.06,1.23,1.60,2.20,1.70,2.05,Stade Geoffroy-Guichard (Saint-Ètienne)
1743278700,Mar 29 2025 - 8:05pm,complete,N/A,Monaco,Nice,Jérôme Brisard,27,2.23,1.46,2.25,1.44,2,1,3,1,0,1,"55,73","41",7,4,2,0,4,1,1,1,1,4,21,11,8,5,10,5,17,14,57,43,1.79,1.52,2.04,1.23,3.35,70,81,62,46,31,54,81,50,81,9.23,3.77,1.90,3.93,3.93,1.18,1.77,2.30,4.33,1.57,2.25,Stade Louis-II (Monaco)
1743339600,Mar 30 2025 - 1:00pm,complete,N/A,Toulouse,Brest,Hakim Ben El Hadj,27,1.23,1.00,1.07,1.06,2,4,6,2,0,2,"65,78","22,26,62,90",10,3,0,0,5,0,0,0,2,3,19,8,6,6,10,2,10,18,53,47,1.50,1.44,1.80,1.05,2.46,58,81,50,20,4,47,73,35,73,9.46,3.46,2.02,3.36,4.10,1.38,2.05,3.80,7.50,1.91,1.91,Stadium de Toulouse (Toulouse)
1743347700,Mar 30 2025 - 3:15pm,complete,N/A,Angers SCO,Rennes,Thomas Léonard,27,0.85,0.58,0.88,0.87,0,3,3,1,0,1,"","13,70,90'5",6,5,1,0,0,0,1,0,0,0,12,16,5,9,6,7,10,16,42,58,1.21,1.40,1.41,2.04,3.08,48,84,52,44,20,36,72,60,89,7.71,4.19,4.00,3.45,2.02,1.33,1.96,3.45,6.50,1.80,1.95,Stade Raymond Kopa (Angers)
1743347700,Mar 30 2025 - 3:15pm,complete,N/A,Auxerre,Montpellier,Marc Bollengier,27,1.77,0.25,1.73,0.20,1,0,1,0,0,0,"82","",10,6,3,0,1,0,2,1,0,1,28,17,7,2,15,11,14,14,53,47,1.36,1.20,2.27,1.33,2.48,32,68,52,20,9,40,60,28,89,7.40,4.77,1.83,3.87,4.33,1.22,1.73,2.85,5.25,1.70,2.05,Stade de l'Abbé Deschamps (Auxerre)
1743347700,Mar 30 2025 - 3:15pm,complete,N/A,Le Havre,Nantes,Eric Wattellier,27,0.54,0.85,0.69,0.88,3,2,5,3,2,1,"13,27,88","23,48",3,4,1,0,2,0,1,0,0,2,19,10,5,3,10,5,16,9,52,48,1.21,1.13,1.61,0.88,3.08,62,85,58,38,19,54,85,35,81,7.54,4.00,2.97,3.33,2.51,1.38,2.15,3.85,7.50,1.80,1.95,Stade Océane (Le Havre)
1743360300,Mar 30 2025 - 6:45pm,complete,N/A,Lille,Lens,Mathieu Vernice,27,2.08,1.69,2.20,1.67,1,0,1,1,1,0,"19","",6,2,1,0,3,0,0,1,1,2,14,7,6,2,6,4,13,15,45,55,1.66,1.41,1.41,0.79,2.66,62,81,47,27,8,31,89,35,85,9.39,5.08,1.97,3.60,4.00,1.33,2.00,3.55,7.00,1.80,1.95,Decathlon Arena - Stade Pierre-Mauroy (Villeneuve d'Ascq)
1743792300,Apr 04 2025 - 6:45pm,complete,N/A,Nice,Nantes,Hakim Ben El Hadj,28,2.15,0.79,2.07,0.88,1,2,3,3,1,2,"14","11,38",11,2,1,0,1,0,1,0,0,1,29,8,9,5,14,3,9,14,76,24,1.74,1.11,2.78,0.93,3.19,71,97,48,33,22,40,82,45,90,9.41,4.14,1.54,4.50,6.20,1.25,1.80,2.90,5.50,1.91,1.91,Allianz Riviera (Nice)
1743865200,Apr 05 2025 - 3:00pm,complete,N/A,PSG,Angers SCO,Marc Bollengier,28,2.69,1.23,2.56,1.07,1,0,1,0,0,0,"55","",5,1,0,0,3,0,0,0,3,0,24,7,7,0,14,6,2,3,81,19,2.34,1.10,2.49,0.52,2.93,58,77,46,39,20,35,81,43,85,10.31,2.46,1.20,8.50,12.00,1.07,1.24,1.85,2.45,1.80,1.95,Parc des Princes (Paris)
1743872400,Apr 05 2025 - 5:00pm,complete,14713,Brest,Monaco,Thomas Léonard,28,1.85,1.38,1.80,1.27,2,1,3,1,1,0,"42,90'4","63",2,9,3,0,3,0,2,1,1,2,15,13,6,4,9,7,13,16,41,59,1.58,1.66,1.58,1.31,3.04,62,89,62,35,16,38,81,54,77,10.16,4.00,3.68,3.81,2.00,1.20,1.61,2.60,4.50,1.57,2.25,Stade Francis-Le Blé (Brest)
1743879900,Apr 05 2025 - 7:05pm,complete,53771,Olympique Lyonnais,Lille,Eric Wattellier,28,2.00,1.31,2.13,1.44,2,1,3,2,1,1,"38,70","1",1,3,3,0,2,0,2,1,0,2,12,12,6,5,5,6,15,14,56,44,1.73,1.50,1.33,1.37,2.85,46,73,50,39,23,27,62,46,81,10.61,4.69,2.19,3.73,3.23,1.22,1.61,2.70,5.00,1.62,2.20,Groupama Stadium (Décines-Charpieu)
1743944400,Apr 06 2025 - 1:00pm,complete,N/A,Lens,Saint-Étienne,Romain Lissorgue,28,1.31,0.43,1.25,0.38,1,0,1,0,0,0,"75","",6,3,3,0,2,0,2,1,1,1,22,10,6,3,16,6,14,20,61,39,1.70,1.06,2.21,1.00,3.01,44,74,48,37,26,40,66,52,74,9.97,5.05,1.60,4.60,5.10,1.18,1.87,2.30,4.33,1.67,2.10,Stade Bollaert-Delelis (Lens)
1743952500,Apr 06 2025 - 3:15pm,complete,N/A,Montpellier,Le Havre,Benoît Bastien,28,0.86,1.08,0.81,1.13,0,2,2,2,0,2,"","3,33",5,2,1,1,1,0,0,2,0,1,16,18,7,4,6,10,15,7,54,46,1.52,1.06,1.85,1.42,3.44,63,96,63,48,22,41,78,67,97,9.51,5.60,2.38,3.55,3.00,1.28,1.87,3.10,6.00,1.67,2.10,Stade de la Mosson-Mondial 98 (Montpellier)
1743952500,Apr 06 2025 - 3:15pm,complete,N/A,Reims,Strasbourg,Clément Turpin,28,0.93,1.29,1.00,1.38,0,1,1,1,0,1,"","4",4,7,2,1,2,1,1,2,0,3,17,16,6,6,10,7,11,9,48,52,1.32,1.23,1.77,1.53,2.89,61,83,47,25,18,40,75,39,82,7.58,4.42,3.25,3.50,2.27,1.30,1.94,3.35,6.50,1.75,2.00,Stade Auguste-Delaune (Reims)
1743952500,Apr 06 2025 - 3:15pm,complete,N/A,Rennes,Auxerre,Florent Batta,28,1.57,0.69,1.56,0.94,0,1,1,0,0,0,"","89",8,5,0,0,0,0,0,0,0,0,23,19,7,6,13,9,10,5,63,37,1.60,1.31,2.12,1.58,3.02,53,90,56,38,15,45,90,42,82,10.33,4.53,1.84,3.81,4.33,1.28,1.84,3.10,6.00,1.75,2.00,Roazhon Park (Rennes)
1743965100,Apr 06 2025 - 6:45pm,complete,N/A,Olympique Marseille,Toulouse,Jérémie Pignard,28,1.69,1.38,1.94,1.19,3,2,5,2,1,1,"21,57,64","28,76",5,1,2,0,3,0,1,1,1,2,14,10,8,5,5,5,11,15,67,33,1.84,1.36,1.71,1.13,2.93,54,89,54,31,16,19,62,58,85,9.39,4.15,1.65,4.10,5.40,1.25,1.83,3.00,5.75,1.80,1.95,Orange Vélodrome (Marseille)
1744397100,Apr 11 2025 - 6:45pm,complete,N/A,Lens,Reims,François Letexier,29,1.43,1.00,1.25,1.13,0,2,2,1,0,1,"","33,88",9,2,1,0,0,0,0,1,0,0,42,14,14,3,21,9,9,7,70,30,1.73,1.21,4.01,1.12,2.34,38,63,46,26,7,26,53,45,78,11.12,5.09,1.62,4.10,5.80,1.25,1.85,2.95,5.50,1.91,1.91,Stade Bollaert-Delelis (Lens)
1744470000,Apr 12 2025 - 3:00pm,complete,N/A,Monaco,Olympique Marseille,Benoît Bastien,29,2.29,1.93,2.25,1.80,3,0,3,1,1,0,"34,58,82","",4,4,2,0,1,0,1,1,0,1,15,11,8,5,5,5,2,5,41,59,1.81,1.55,1.63,1.35,3.47,61,86,68,47,29,47,79,64,86,10.07,3.43,2.05,3.88,3.45,1.17,1.47,2.30,3.95,1.50,2.50,Stade Louis-II (Monaco)
1744477200,Apr 12 2025 - 5:00pm,complete,N/A,Toulouse,Lille,Jérôme Brisard,29,1.14,1.21,1.07,1.44,1,2,3,3,1,2,"42","21,45'4",4,2,1,0,2,0,0,1,0,2,11,7,6,4,5,3,15,11,43,57,1.52,1.49,1.38,0.94,2.36,54,75,43,18,7,33,61,36,79,10.57,4.43,2.77,3.30,2.70,1.38,2.15,3.85,8.00,1.91,1.91,Stadium de Toulouse (Toulouse)
1744484700,Apr 12 2025 - 7:05pm,complete,N/A,Strasbourg,Nice,Jérémie Pignard,29,2.15,1.36,2.13,1.44,2,2,4,1,0,1,"51,54","38,90'4",2,9,1,0,2,0,0,1,0,2,16,28,5,7,7,17,5,8,47,53,1.38,1.50,1.34,2.55,3.00,74,82,63,45,15,33,82,49,82,8.52,4.52,2.80,3.50,2.55,1.25,1.82,3.00,5.50,1.67,2.10,Stade de la Meinau (Strasbourg)
1744549200,Apr 13 2025 - 1:00pm,complete,N/A,Saint-Étienne,Brest,Abdelatif Kherradji,29,1.31,1.14,1.40,1.06,3,3,6,5,2,3,"16,34,80","6,25,37",7,9,2,0,4,0,1,1,0,4,11,17,5,7,5,9,21,18,60,40,1.42,1.41,1.35,1.78,3.00,52,86,51,37,15,44,85,49,82,7.52,4.08,3.35,3.64,2.16,1.23,1.70,2.76,5.00,1.62,2.20,Stade Geoffroy-Guichard (Saint-Ètienne)
1744557300,Apr 13 2025 - 3:15pm,complete,N/A,Le Havre,Rennes,Willy Delajod,29,0.71,0.77,0.69,0.87,1,5,6,4,1,3,"42","1,12,15,57,89",4,3,2,0,3,0,1,1,2,1,13,10,3,7,8,3,16,11,56,44,1.24,1.45,1.34,1.30,3.07,48,78,67,45,18,44,82,45,89,8.09,4.10,3.73,3.56,2.06,1.30,1.94,3.38,6.25,1.75,2.00,Stade Océane (Le Havre)
1744557300,Apr 13 2025 - 3:15pm,complete,N/A,Angers SCO,Montpellier,Benoît Millot,29,0.79,0.23,0.88,0.20,2,0,2,2,2,0,"2,43","",6,1,0,0,2,0,0,0,2,0,11,7,4,2,7,5,12,13,37,63,1.22,1.21,1.20,1.03,2.80,33,78,44,26,18,34,63,47,93,7.95,4.49,1.85,3.85,4.30,1.29,1.81,3.23,5.75,1.75,2.00,Stade Raymond Kopa (Angers)
1744569900,Apr 13 2025 - 6:45pm,complete,N/A,Auxerre,Olympique Lyonnais,Stéphanie Frappart,29,1.86,1.36,1.73,1.38,1,3,4,0,0,0,"77","54,62,84",3,6,3,0,2,0,1,2,0,2,19,15,3,8,12,5,11,9,41,59,1.42,1.36,1.43,1.73,2.72,50,79,61,29,11,40,64,36,83,8.93,3.43,3.45,3.74,2.10,1.20,1.59,2.15,4.20,1.53,2.38,Stade de l'Abbé Deschamps (Auxerre)
1745001900,Apr 18 2025 - 6:45pm,complete,N/A,Rennes,Nantes,Abdelatif Kherradji,30,1.47,0.93,1.56,0.88,2,1,3,1,1,0,"23,86","54",10,2,3,0,5,1,2,1,4,2,23,6,7,2,14,3,24,13,66,34,1.64,1.10,2.38,0.60,2.87,57,83,50,27,20,50,80,34,77,9.47,4.00,1.81,3.81,4.60,1.30,1.93,3.35,6.50,1.80,1.95,N/A
1745074800,Apr 19 2025 - 3:00pm,complete,N/A,PSG,Le Havre,Mathieu Vernice,30,2.71,1.21,2.56,1.13,2,1,3,1,1,0,"8,50","60",7,3,0,0,0,0,0,0,0,0,21,11,12,2,7,8,7,10,70,30,2.35,1.08,2.56,1.02,3.36,64,90,57,43,25,47,75,61,90,10.50,3.28,1.17,8.90,14.00,1.07,1.24,1.67,2.60,1.75,2.00,N/A
1745082000,Apr 19 2025 - 5:00pm,complete,N/A,Monaco,Strasbourg,Eric Wattellier,30,2.33,1.40,2.25,1.38,0,0,0,0,0,0,"","",3,2,3,0,3,0,2,1,2,1,13,6,5,3,4,3,18,10,47,53,1.80,1.25,1.34,0.76,3.20,57,77,57,34,27,40,70,60,84,9.00,4.13,1.58,4.90,5.10,1.12,1.40,2.00,3.45,1.53,2.38,N/A
1745089500,Apr 19 2025 - 7:05pm,complete,N/A,Olympique Marseille,Montpellier,Jérôme Brisard,30,1.79,0.21,1.94,0.20,5,1,6,1,1,0,"8,60,67,74,90","83",8,2,2,0,2,0,1,1,0,2,24,10,10,2,10,5,11,11,68,32,1.83,1.20,2.40,0.72,2.90,46,79,47,29,22,33,64,39,93,9.43,5.22,1.25,6.90,11.00,1.11,1.38,2.01,3.35,1.95,1.80,N/A
1745154000,Apr 20 2025 - 1:00pm,complete,N/A,Lille,Auxerre,Thomas Léonard,30,2.14,0.86,2.20,0.94,3,1,4,2,2,0,"9,43,90'7","90'2",8,4,1,0,3,0,1,0,0,3,16,7,10,4,6,3,8,13,57,43,1.64,1.33,1.93,1.02,3.08,68,86,57,43,14,40,93,50,83,9.42,4.29,1.57,4.30,6.20,1.28,1.88,3.25,6.25,1.95,1.80,N/A
1745162100,Apr 20 2025 - 3:15pm,complete,N/A,Nice,Angers SCO,Jeremy Stinat,30,2.00,1.14,2.07,1.07,2,1,3,1,1,0,"36,47","52",4,2,1,0,1,0,0,1,0,1,29,9,10,4,13,3,10,8,53,47,1.81,1.06,2.65,0.95,2.54,50,79,32,18,11,18,72,32,90,9.43,3.36,1.38,5.30,8.30,1.20,1.65,2.70,5.00,2.00,1.75,N/A
1745162100,Apr 20 2025 - 3:15pm,complete,N/A,Brest,Lens,Benoît Millot,30,1.93,1.57,1.80,1.67,1,3,4,3,1,2,"13","17,45'7,90",7,6,0,1,0,0,1,0,0,0,14,19,5,10,6,9,11,11,44,56,1.58,1.37,1.29,2.27,2.71,50,79,43,32,11,29,86,36,79,8.50,5.00,2.50,3.45,2.89,1.30,1.86,3.25,6.25,1.70,2.05,N/A
1745162100,Apr 20 2025 - 3:15pm,complete,N/A,Reims,Toulouse,Marc Bollengier,30,0.87,1.29,1.00,1.19,1,0,1,1,1,0,"39","",0,9,1,0,0,1,0,1,1,0,9,21,3,5,6,14,11,12,52,48,1.35,1.34,1.04,1.95,2.70,52,83,49,25,14,31,75,42,73,7.66,4.12,3.58,3.28,2.22,1.35,2.03,3.60,7.00,1.75,2.00,N/A
1745174700,Apr 20 2025 - 6:45pm,complete,N/A,Saint-Étienne,Olympique Lyonnais,François Letexier,30,1.29,1.47,1.40,1.38,2,1,3,1,1,0,"10,67","76",8,7,3,0,4,0,1,2,2,2,24,21,6,3,13,13,12,13,41,59,1.41,1.39,2.05,1.56,3.21,59,90,55,42,21,31,73,49,90,8.90,3.67,4.50,4.33,1.71,1.14,1.40,2.01,3.55,1.50,2.50,N/A
1745347500,Apr 22 2025 - 6:45pm,complete,N/A,Nantes,PSG,Jérémie Pignard,29,1.23,2.57,1.20,2.47,1,1,2,1,0,1,"83","33",4,4,2,0,0,0,0,2,0,0,10,13,3,6,6,5,5,9,25,75,1.41,2.19,1.06,1.77,3.19,67,82,55,40,25,22,74,48,93,11.07,3.45,7.80,5.90,1.36,1.11,1.38,2.00,3.35,1.67,2.10,N/A
1745606700,Apr 25 2025 - 6:45pm,complete,N/A,PSG,Nice,Willy Delajod,31,2.73,1.33,2.56,1.44,1,3,4,2,1,1,"41","34,46,70",17,0,3,0,1,0,1,2,1,0,43,9,13,4,19,4,9,11,76,24,2.37,1.57,3.79,0.87,3.37,77,87,70,50,24,50,87,54,87,11.20,3.27,1.50,5.10,5.90,1.18,1.51,1.91,4.00,1.67,2.10,N/A
1745679600,Apr 26 2025 - 3:00pm,complete,19,Strasbourg,Saint-Étienne,Benoît Bastien,31,2.07,0.40,2.13,0.38,3,1,4,2,1,1,"7,63,83","19",5,8,1,0,0,0,1,0,0,0,24,22,9,7,11,11,10,7,51,49,1.38,1.06,2.27,2.05,3.23,62,80,62,49,20,34,83,55,76,7.47,4.47,1.63,4.70,4.80,1.17,1.49,2.20,4.00,1.62,2.20,N/A
1745686800,Apr 26 2025 - 5:00pm,complete,N/A,Le Havre,Monaco,Clément Turpin,31,0.67,1.29,0.69,1.27,1,1,2,1,1,0,"22","61",3,6,1,0,0,0,1,0,0,0,12,24,4,6,6,15,12,13,39,61,1.25,1.64,1.12,2.35,3.10,62,87,72,34,17,48,83,49,83,10.02,3.94,6.50,5.10,1.46,1.13,1.41,2.10,3.55,1.62,2.20,N/A
1745694300,Apr 26 2025 - 7:05pm,complete,N/A,Olympique Lyonnais,Rennes,Marc Bollengier,31,2.07,0.93,2.13,0.87,4,1,5,3,3,0,"8,25,39,77","50",7,2,0,0,0,0,0,0,0,0,20,12,11,5,6,6,12,8,54,46,1.70,1.44,2.09,1.37,3.32,54,79,64,50,29,36,72,54,90,9.36,4.22,1.77,4.30,4.20,1.18,1.54,2.30,4.33,1.57,2.25,N/A
1745758800,Apr 27 2025 - 1:00pm,complete,N/A,Angers SCO,Lille,Hakim Ben El Hadj,31,0.93,1.33,0.88,1.44,0,2,2,1,0,1,"","45'1,50",7,2,1,0,4,1,0,1,1,4,8,11,4,6,3,4,17,10,37,63,1.22,1.45,1.09,1.54,2.70,44,83,47,27,14,37,70,50,77,8.60,4.33,5.30,3.92,1.69,1.28,1.98,3.30,6.25,1.95,1.80,N/A
1745766900,Apr 27 2025 - 3:15pm,complete,N/A,Nantes,Toulouse,Florent Batta,31,1.21,1.20,1.20,1.19,0,0,0,0,0,0,"","",3,5,2,0,3,1,1,1,2,2,12,11,4,3,8,4,13,11,59,41,1.38,1.39,1.50,0.94,2.52,49,80,45,24,7,17,66,45,87,9.13,4.16,3.26,3.33,2.34,1.33,2.00,3.45,6.50,1.75,2.00,N/A
1745766900,Apr 27 2025 - 3:15pm,complete,N/A,Montpellier,Reims,Jérémie Pignard,31,0.80,1.14,0.81,1.13,0,0,0,0,0,0,"","",5,5,3,0,3,0,2,1,1,2,20,11,3,4,10,5,17,13,54,46,1.54,1.21,1.37,1.11,2.98,52,86,65,45,10,41,82,52,83,9.83,5.48,4.20,3.71,1.89,1.25,1.84,3.00,5.75,1.70,2.05,N/A
1745766900,Apr 27 2025 - 3:15pm,complete,N/A,Lens,Auxerre,Mathieu Vernice,31,1.33,0.80,1.25,0.94,0,4,4,3,0,3,"","33,40,44,73",8,1,4,1,4,0,1,4,1,3,16,13,5,8,9,4,12,13,66,34,1.89,1.31,1.63,1.51,2.77,47,77,44,40,13,34,67,47,84,11.34,4.93,1.69,4.10,5.00,1.22,1.70,2.80,5.25,1.70,2.05,N/A
1745779500,Apr 27 2025 - 6:45pm,complete,N/A,Olympique Marseille,Brest,Stéphanie Frappart,31,1.87,1.13,1.94,1.06,4,1,5,4,3,1,"8,37,45,63","25",4,3,1,0,4,0,1,0,1,3,13,10,8,5,4,5,14,16,54,46,1.87,1.43,1.51,1.19,3.37,67,90,64,44,27,47,83,50,83,10.00,4.53,1.56,4.50,5.70,1.20,1.60,2.30,4.33,1.67,2.10,N/A
1746211500,May 02 2025 - 6:45pm,incomplete,N/A,Nice,Reims,N/A,32,2.07,1.13,2.07,1.13,0,0,0,0,0,0,"","",-1,-1,-1,-1,-1,-1,-1,-1,-1,-1,-1,-1,-1,-1,-1,-1,-1,-1,-1,-1,1.87,1.20,0.00,0.00,2.67,54,84,53,24,7,27,74,44,83,10.34,4.14,1.46,4.90,6.80,1.18,1.57,2.50,4.33,1.75,2.00,Allianz Riviera (Nice)
1746284400,May 03 2025 - 3:00pm,incomplete,N/A,Strasbourg,PSG,N/A,32,2.13,2.47,2.13,2.47,0,0,0,0,0,0,"","",-1,-1,-1,-1,-1,-1,-1,-1,-1,-1,-1,-1,-1,-1,-1,-1,-1,-1,-1,-1,1.44,2.17,0.00,0.00,3.44,77,84,67,53,27,24,80,60,84,10.06,3.07,2.73,3.95,2.41,1.14,1.45,1.95,3.55,1.44,2.63,Stade de la Meinau (Strasbourg)
1746291600,May 03 2025 - 5:00pm,incomplete,N/A,Toulouse,Rennes,N/A,32,1.07,0.87,1.07,0.87,0,0,0,0,0,0,"","",-1,-1,-1,-1,-1,-1,-1,-1,-1,-1,-1,-1,-1,-1,-1,-1,-1,-1,-1,-1,1.51,1.44,0.00,0.00,2.90,60,80,57,33,17,40,70,47,83,9.53,3.73,2.13,3.51,3.57,1.30,1.95,3.35,6.50,1.75,2.00,Stadium de Toulouse (Toulouse)
1746299100,May 03 2025 - 7:05pm,incomplete,N/A,Saint-Étienne,Monaco,N/A,32,1.40,1.27,1.40,1.27,0,0,0,0,0,0,"","",-1,-1,-1,-1,-1,-1,-1,-1,-1,-1,-1,-1,-1,-1,-1,-1,-1,-1,-1,-1,1.46,1.69,0.00,0.00,3.00,63,90,57,30,14,30,80,53,87,10.14,4.13,6.00,5.30,1.47,1.09,1.30,1.83,2.85,1.50,2.50,Stade Geoffroy-Guichard (Saint-Ètienne)
1746363600,May 04 2025 - 1:00pm,incomplete,N/A,Nantes,Angers SCO,N/A,32,1.20,1.07,1.20,1.07,0,0,0,0,0,0,"","",-1,-1,-1,-1,-1,-1,-1,-1,-1,-1,-1,-1,-1,-1,-1,-1,-1,-1,-1,-1,1.39,1.05,0.00,0.00,2.14,47,67,27,17,4,10,67,27,90,8.13,3.73,1.94,3.45,4.33,0.00,2.01,0.00,0.00,0.00,0.00,Stade de la Beaujoire - Louis Fonteneau (Nantes)
1746371700,May 04 2025 - 3:15pm,incomplete,N/A,Olympique Lyonnais,Lens,N/A,32,2.13,1.67,2.13,1.67,0,0,0,0,0,0,"","",-1,-1,-1,-1,-1,-1,-1,-1,-1,-1,-1,-1,-1,-1,-1,-1,-1,-1,-1,-1,1.72,1.43,0.00,0.00,2.93,54,77,50,40,20,34,77,33,84,9.87,4.53,1.75,4.30,4.33,0.00,1.53,2.25,0.00,0.00,0.00,Groupama Stadium (Décines-Charpieu)
1746371700,May 04 2025 - 3:15pm,incomplete,N/A,Brest,Montpellier,N/A,32,1.80,0.20,1.80,0.20,0,0,0,0,0,0,"","",-1,-1,-1,-1,-1,-1,-1,-1,-1,-1,-1,-1,-1,-1,-1,-1,-1,-1,-1,-1,1.56,1.17,0.00,0.00,2.97,44,77,50,34,20,37,74,40,87,8.13,4.73,1.40,5.20,7.70,0.00,1.57,0.00,0.00,0.00,0.00,Stade Francis-Le Blé (Brest)
1746371700,May 04 2025 - 3:15pm,incomplete,N/A,Auxerre,Le Havre,N/A,32,1.73,1.13,1.73,1.13,0,0,0,0,0,0,"","",-1,-1,-1,-1,-1,-1,-1,-1,-1,-1,-1,-1,-1,-1,-1,-1,-1,-1,-1,-1,1.42,1.08,0.00,0.00,2.77,50,80,54,27,10,37,60,50,87,7.47,4.00,2.09,3.55,3.66,0.00,1.92,0.00,0.00,0.00,0.00,Stade de l'Abbé Deschamps (Auxerre)
1746384300,May 04 2025 - 6:45pm,incomplete,N/A,Lille,Olympique Marseille,N/A,32,2.20,1.80,2.20,1.80,0,0,0,0,0,0,"","",-1,-1,-1,-1,-1,-1,-1,-1,-1,-1,-1,-1,-1,-1,-1,-1,-1,-1,-1,-1,1.66,1.53,0.00,0.00,3.17,63,87,67,40,17,40,87,60,87,9.86,3.53,2.46,3.36,3.02,0.00,1.88,0.00,0.00,0.00,0.00,Decathlon Arena - Stade Pierre-Mauroy (Villeneuve d'Ascq)
1746914400,May 10 2025 - 10:00pm,incomplete,N/A,Reims,Saint-Étienne,N/A,33,1.00,0.38,1.00,0.38,0,0,0,0,0,0,"","",-1,-1,-1,-1,-1,-1,-1,-1,-1,-1,-1,-1,-1,-1,-1,-1,-1,-1,-1,-1,1.33,1.12,0.00,0.00,3.03,56,78,51,35,22,47,91,38,69,7.25,4.44,0.00,0.00,0.00,0.00,0.00,0.00,0.00,0.00,0.00,Stade Auguste-Delaune (Reims)
1746914400,May 10 2025 - 10:00pm,incomplete,N/A,Auxerre,Nantes,N/A,33,1.73,0.88,1.73,0.88,0,0,0,0,0,0,"","",-1,-1,-1,-1,-1,-1,-1,-1,-1,-1,-1,-1,-1,-1,-1,-1,-1,-1,-1,-1,1.42,1.07,0.00,0.00,2.83,61,81,58,33,13,48,71,39,78,7.16,4.31,0.00,0.00,0.00,0.00,0.00,0.00,0.00,0.00,0.00,Stade de l'Abbé Deschamps (Auxerre)
1746914400,May 10 2025 - 10:00pm,incomplete,N/A,Angers SCO,Strasbourg,N/A,33,0.88,1.38,0.88,1.38,0,0,0,0,0,0,"","",-1,-1,-1,-1,-1,-1,-1,-1,-1,-1,-1,-1,-1,-1,-1,-1,-1,-1,-1,-1,1.21,1.22,0.00,0.00,2.88,44,82,44,28,19,35,66,57,81,7.82,3.88,0.00,0.00,0.00,0.00,0.00,0.00,0.00,0.00,0.00,Stade Raymond Kopa (Angers)
1746914400,May 10 2025 - 10:00pm,incomplete,N/A,Le Havre,Olympique Marseille,N/A,33,0.69,1.80,0.69,1.80,0,0,0,0,0,0,"","",-1,-1,-1,-1,-1,-1,-1,-1,-1,-1,-1,-1,-1,-1,-1,-1,-1,-1,-1,-1,1.24,1.53,0.00,0.00,3.33,55,87,71,46,23,48,84,53,91,8.62,3.35,0.00,0.00,0.00,0.00,0.00,0.00,0.00,0.00,0.00,Stade Océane (Le Havre)
1746914400,May 10 2025 - 10:00pm,incomplete,N/A,Rennes,Nice,N/A,33,1.56,1.44,1.56,1.44,0,0,0,0,0,0,"","",-1,-1,-1,-1,-1,-1,-1,-1,-1,-1,-1,-1,-1,-1,-1,-1,-1,-1,-1,-1,1.68,1.52,0.00,0.00,2.88,60,82,60,32,16,44,82,41,85,10.37,4.19,0.00,0.00,0.00,0.00,0.00,0.00,0.00,0.00,0.00,Roazhon Park (Rennes)
1746914400,May 10 2025 - 10:00pm,incomplete,N/A,Montpellier,PSG,N/A,33,0.81,2.47,0.81,2.47,0,0,0,0,0,0,"","",-1,-1,-1,-1,-1,-1,-1,-1,-1,-1,-1,-1,-1,-1,-1,-1,-1,-1,-1,-1,1.53,2.17,0.00,0.00,3.59,68,91,68,55,33,39,84,58,84,11.31,4.25,0.00,0.00,0.00,0.00,0.00,0.00,0.00,0.00,0.00,Stade de la Mosson-Mondial 98 (Montpellier)
1746914400,May 10 2025 - 10:00pm,incomplete,N/A,Toulouse,Lens,N/A,33,1.07,1.67,1.07,1.67,0,0,0,0,0,0,"","",-1,-1,-1,-1,-1,-1,-1,-1,-1,-1,-1,-1,-1,-1,-1,-1,-1,-1,-1,-1,1.51,1.43,0.00,0.00,2.40,57,77,40,20,4,34,74,23,77,10.07,4.33,0.00,0.00,0.00,0.00,0.00,0.00,0.00,0.00,0.00,Stadium de Toulouse (Toulouse)
1746914400,May 10 2025 - 10:00pm,incomplete,N/A,Brest,Lille,N/A,33,1.80,1.44,1.80,1.44,0,0,0,0,0,0,"","",-1,-1,-1,-1,-1,-1,-1,-1,-1,-1,-1,-1,-1,-1,-1,-1,-1,-1,-1,-1,1.56,1.46,0.00,0.00,2.79,52,81,52,33,13,36,78,42,78,8.82,4.94,0.00,0.00,0.00,0.00,0.00,0.00,0.00,0.00,0.00,Stade Francis-Le Blé (Brest)
1746914400,May 10 2025 - 10:00pm,incomplete,N/A,Monaco,Olympique Lyonnais,N/A,33,2.25,1.38,2.25,1.38,0,0,0,0,0,0,"","",-1,-1,-1,-1,-1,-1,-1,-1,-1,-1,-1,-1,-1,-1,-1,-1,-1,-1,-1,-1,1.77,1.40,0.00,0.00,3.22,63,85,66,38,25,38,72,57,82,10.32,3.63,0.00,0.00,0.00,0.00,0.00,0.00,0.00,0.00,0.00,Stade Louis-II (Monaco)
1747519200,May 17 2025 - 10:00pm,incomplete,N/A,Olympique Marseille,Rennes,N/A,34,1.94,0.87,1.94,0.87,0,0,0,0,0,0,"","",-1,-1,-1,-1,-1,-1,-1,-1,-1,-1,-1,-1,-1,-1,-1,-1,-1,-1,-1,-1,1.85,1.44,0.00,0.00,3.48,64,87,65,52,33,36,78,58,94,9.51,4.51,0.00,0.00,0.00,0.00,0.00,0.00,0.00,0.00,0.00,Orange Vélodrome (Marseille)
1747519200,May 17 2025 - 10:00pm,incomplete,N/A,Olympique Lyonnais,Angers SCO,N/A,34,2.13,1.07,2.13,1.07,0,0,0,0,0,0,"","",-1,-1,-1,-1,-1,-1,-1,-1,-1,-1,-1,-1,-1,-1,-1,-1,-1,-1,-1,-1,1.72,1.05,0.00,0.00,2.80,50,70,44,33,24,24,67,40,87,8.53,3.13,0.00,0.00,0.00,0.00,0.00,0.00,0.00,0.00,0.00,Groupama Stadium (Décines-Charpieu)
1747519200,May 17 2025 - 10:00pm,incomplete,N/A,Nice,Brest,N/A,34,2.07,1.06,2.07,1.06,0,0,0,0,0,0,"","",-1,-1,-1,-1,-1,-1,-1,-1,-1,-1,-1,-1,-1,-1,-1,-1,-1,-1,-1,-1,1.87,1.42,0.00,0.00,3.19,65,94,61,32,19,48,87,43,84,10.31,4.12,0.00,0.00,0.00,0.00,0.00,0.00,0.00,0.00,0.00,Allianz Riviera (Nice)
1747519200,May 17 2025 - 10:00pm,incomplete,N/A,Saint-Étienne,Toulouse,N/A,34,1.40,1.19,1.40,1.19,0,0,0,0,0,0,"","",-1,-1,-1,-1,-1,-1,-1,-1,-1,-1,-1,-1,-1,-1,-1,-1,-1,-1,-1,-1,1.46,1.36,0.00,0.00,2.85,46,81,49,33,17,23,68,55,81,8.12,4.13,0.00,0.00,0.00,0.00,0.00,0.00,0.00,0.00,0.00,Stade Geoffroy-Guichard (Saint-Ètienne)
1747519200,May 17 2025 - 10:00pm,incomplete,N/A,Lille,Reims,N/A,34,2.20,1.13,2.20,1.13,0,0,0,0,0,0,"","",-1,-1,-1,-1,-1,-1,-1,-1,-1,-1,-1,-1,-1,-1,-1,-1,-1,-1,-1,-1,1.66,1.20,0.00,0.00,2.60,57,74,57,30,7,34,80,47,77,9.40,4.20,0.00,0.00,0.00,0.00,0.00,0.00,0.00,0.00,0.00,Decathlon Arena - Stade Pierre-Mauroy (Villeneuve d'Ascq)
1747519200,May 17 2025 - 10:00pm,incomplete,N/A,Strasbourg,Le Havre,N/A,34,2.13,1.13,2.13,1.13,0,0,0,0,0,0,"","",-1,-1,-1,-1,-1,-1,-1,-1,-1,-1,-1,-1,-1,-1,-1,-1,-1,-1,-1,-1,1.44,1.08,0.00,0.00,3.07,67,87,57,40,14,27,74,64,87,8.00,4.14,0.00,0.00,0.00,0.00,0.00,0.00,0.00,0.00,0.00,Stade de la Meinau (Strasbourg)
1747519200,May 17 2025 - 10:00pm,incomplete,N/A,Nantes,Montpellier,N/A,34,1.20,0.20,1.20,0.20,0,0,0,0,0,0,"","",-1,-1,-1,-1,-1,-1,-1,-1,-1,-1,-1,-1,-1,-1,-1,-1,-1,-1,-1,-1,1.39,1.17,0.00,0.00,2.44,40,70,37,20,10,23,64,27,93,8.80,5.06,0.00,0.00,0.00,0.00,0.00,0.00,0.00,0.00,0.00,Stade de la Beaujoire - Louis Fonteneau (Nantes)
1747519200,May 17 2025 - 10:00pm,incomplete,N/A,Lens,Monaco,N/A,34,1.25,1.27,1.25,1.27,0,0,0,0,0,0,"","",-1,-1,-1,-1,-1,-1,-1,-1,-1,-1,-1,-1,-1,-1,-1,-1,-1,-1,-1,-1,1.87,1.69,0.00,0.00,2.56,49,78,49,23,10,29,62,46,81,13.02,4.81,0.00,0.00,0.00,0.00,0.00,0.00,0.00,0.00,0.00,Stade Bollaert-Delelis (Lens)
1747519200,May 17 2025 - 10:00pm,incomplete,N/A,PSG,Auxerre,N/A,34,2.56,0.94,2.56,0.94,0,0,0,0,0,0,"","",-1,-1,-1,-1,-1,-1,-1,-1,-1,-1,-1,-1,-1,-1,-1,-1,-1,-1,-1,-1,2.46,1.32,0.00,0.00,3.47,69,91,69,60,19,53,91,57,88,11.69,3.57,0.00,0.00,0.00,0.00,0.00,0.00,0.00,0.00,0.00,Parc des Princes (Paris)
1691780400,Aug 11 2023 - 7:00pm,complete,N/A,Nice,Lille,Benoît Bastien,1,0.00,0.00,1.82,1.29,1,1,2,1,1,0,"18","90'4",3,3,3,0,2,0,2,1,2,0,9,13,4,6,3,3,12,10,40,60,0.00,0.00,0.93,1.39,0.00,0,0,0,0,0,0,0,0,0,0.00,0.00,3.00,3.45,2.25,1.30,1.80,3.25,6.50,1.70,2.05,Allianz Riviera (Nice)
1691852400,Aug 12 2023 - 3:00pm,complete,N/A,Olympique Marseille,Reims,Eric Wattellier,1,0.00,0.00,2.12,1.18,2,1,3,2,1,1,"23,73","10",10,10,1,0,3,0,0,1,2,1,15,12,5,5,6,4,5,11,42,58,0.00,0.00,1.35,1.30,0.00,0,0,0,0,0,0,0,0,0,0.00,0.00,1.56,3.90,4.90,1.20,1.75,2.85,5.00,1.80,1.95,Stade Orange Vélodrome (Marseille)
1691866800,Aug 12 2023 - 7:00pm,complete,N/A,PSG,Lorient,Bastien Dechepy,1,0.00,0.00,1.94,0.76,0,0,0,0,0,0,"","",9,2,0,0,0,0,0,0,0,0,21,6,5,0,8,4,10,6,77,23,0.00,0.00,2.03,0.38,0.00,0,0,0,0,0,0,0,0,0,0.00,0.00,1.17,7.30,16.50,1.13,1.33,1.98,3.40,1.80,1.95,Parc des Princes (Paris)
1691924400,Aug 13 2023 - 11:00am,complete,N/A,Brest,Lens,Jérémie Pignard,1,0.00,0.00,1.82,1.18,3,2,5,3,1,2,"45'2,56,87","10,22",6,8,2,0,3,1,2,0,0,4,16,12,9,4,4,4,10,12,48,52,0.00,0.00,1.83,1.08,0.00,0,0,0,0,0,0,0,0,0,0.00,0.00,3.90,3.30,1.76,1.33,1.78,3.60,7.00,1.80,1.95,Stade Francis-Le Blé (Brest)
1691931600,Aug 13 2023 - 1:00pm,complete,N/A,Nantes,Toulouse,Willy Delajod,1,0.00,0.00,0.71,1.59,1,2,3,1,1,0,"13","62,90'1",7,5,2,0,2,0,2,0,0,2,10,10,5,6,3,2,15,12,43,57,0.00,0.00,1.12,1.25,0.00,0,0,0,0,0,0,0,0,0,0.00,0.00,2.20,3.10,2.85,1.26,1.81,3.15,6.50,1.70,2.05,Stade de la Beaujoire - Louis Fonteneau (Nantes)
1691931600,Aug 13 2023 - 1:00pm,complete,N/A,Montpellier,Le Havre,Clément Turpin,1,0.00,0.00,1.06,0.71,2,2,4,1,0,1,"58,60","5,90",4,2,1,0,2,0,0,1,0,2,16,13,6,5,6,7,9,11,58,42,0.00,0.00,1.54,1.39,0.00,0,0,0,0,0,0,0,0,0,0.00,0.00,2.00,3.05,3.30,1.36,2.06,3.75,7.50,1.95,1.80,Stade de la Mosson-Mondial 98 (Montpellier)
1691931600,Aug 13 2023 - 1:00pm,complete,N/A,Clermont,Monaco,François Letexier,1,0.00,0.00,0.82,2.00,2,4,6,3,1,2,"7,53","26,43,70,90'3",6,2,0,0,4,0,0,0,2,2,16,15,8,9,7,2,8,14,54,46,0.00,0.00,1.79,1.52,0.00,0,0,0,0,0,0,0,0,0,0.00,0.00,3.25,3.35,1.90,1.24,1.70,2.85,5.00,1.62,2.20,Stade Gabriel Montpied (Clermont-Ferrand)
1691939100,Aug 13 2023 - 3:05pm,complete,N/A,Rennes,Metz,Jeremy Stinat,1,0.00,0.00,1.47,1.00,5,1,6,2,1,1,"20,51,67,87,90'4","21",5,4,0,0,2,0,0,0,1,1,30,10,15,4,7,2,7,10,70,30,0.00,0.00,2.92,1.01,0.00,0,0,0,0,0,0,0,0,0,0.00,0.00,1.44,4.50,8.00,1.25,1.73,2.85,5.25,2.00,1.75,Roazhon Park (Rennes)
1691952300,Aug 13 2023 - 6:45pm,complete,N/A,Strasbourg,Olympique Lyonnais,Jérôme Brisard,1,0.00,0.00,1.41,1.65,2,1,3,0,0,0,"63,75","88",1,6,2,0,2,0,2,0,1,1,9,24,3,8,3,8,8,11,36,64,0.00,0.00,0.87,2.07,0.00,0,0,0,0,0,0,0,0,0,0.00,0.00,2.65,3.65,2.49,1.22,1.67,2.80,5.00,1.57,2.25,Stade de la Meinau (Strasbourg)
1692385200,Aug 18 2023 - 7:00pm,complete,N/A,Metz,Olympique Marseille,Jérôme Brisard,2,0.00,0.00,0.71,0.82,2,2,4,1,0,1,"65,71","14,82",4,9,3,1,2,0,1,3,0,2,11,23,6,6,3,12,16,8,43,57,0.00,0.00,1.32,2.05,0.00,0,0,0,0,0,0,0,0,0,0.00,0.00,4.50,4.20,1.70,1.22,1.75,2.62,4.75,1.68,2.05,Stade Saint-Symphorien (Longeville-lès-Metz)
1692464400,Aug 19 2023 - 5:00pm,complete,N/A,Olympique Lyonnais,Montpellier,Mathieu Vernice,2,0.00,0.00,1.47,1.41,1,4,5,2,0,2,"69","20,39,66,89",6,2,4,1,1,0,3,2,0,1,8,15,4,9,3,4,15,9,65,35,0.00,0.00,1.18,1.59,0.00,0,0,0,0,0,0,0,0,0,0.00,0.00,1.71,4.20,4.31,1.17,1.55,2.25,4.00,1.57,2.25,Groupama Stadium (Décines-Charpieu)
1692471600,Aug 19 2023 - 7:00pm,complete,N/A,Toulouse,PSG,Thomas Léonard,2,0.00,0.00,0.94,2.53,1,1,2,0,0,0,"87","62",5,5,0,0,3,0,0,0,1,2,9,18,3,4,4,7,7,8,24,76,0.00,0.00,0.87,1.46,0.00,0,0,0,0,0,0,0,0,0,0.00,0.00,4.66,4.20,1.66,1.20,1.58,1.95,4.00,1.58,2.20,Stadium de Toulouse (Toulouse)
1692529200,Aug 20 2023 - 11:00am,complete,N/A,Lille,Nantes,Pierre Gaillouste,2,0.00,0.00,2.18,1.24,2,0,2,0,0,0,"66,90'4","",7,5,0,1,2,0,0,1,1,1,19,16,9,6,4,2,9,13,64,36,0.00,0.00,1.95,1.22,0.00,0,0,0,0,0,0,0,0,0,0.00,0.00,1.45,4.75,6.60,1.22,1.65,2.62,4.50,1.89,1.89,Decathlon Arena – Stade Pierre-Mauroy (Villeneuve d'Ascq)
1692536400,Aug 20 2023 - 1:00pm,complete,N/A,Lorient,Nice,Hakim Ben El Hadj,2,0.00,0.00,0.94,1.41,1,1,2,0,0,0,"77","64",0,9,1,0,1,0,0,1,0,1,10,22,3,9,3,7,9,10,40,60,0.00,0.00,0.74,2.15,0.00,0,0,0,0,0,0,0,0,0,0.00,0.00,3.25,3.50,2.20,1.30,1.98,3.27,6.30,1.75,2.05,Stade Yves Allainmat - Le Moustoir (Lorient)
1692536400,Aug 20 2023 - 1:00pm,complete,N/A,Reims,Clermont,Romain Lissorgue,2,0.00,0.00,1.59,0.65,2,0,2,1,1,0,"17,84","",3,10,0,0,0,0,0,0,0,0,9,12,5,5,2,6,9,6,47,53,0.00,0.00,1.16,1.47,0.00,0,0,0,0,0,0,0,0,0,0.00,0.00,1.84,3.80,4.10,1.26,1.74,2.99,5.60,1.75,2.00,Stade Auguste-Delaune II (Reims)
1692536400,Aug 20 2023 - 1:00pm,complete,N/A,Le Havre,Brest,Florent Batta,2,0.00,0.00,1.18,1.76,1,2,3,1,0,1,"52","28,56",5,3,0,0,2,0,0,0,0,2,19,11,8,6,6,3,19,16,56,44,0.00,0.00,1.86,1.27,0.00,0,0,0,0,0,0,0,0,0,0.00,0.00,2.65,3.20,2.74,1.38,2.14,3.75,7.00,1.85,1.92,Stade Océane (Le Havre)
1692550800,Aug 20 2023 - 5:00pm,complete,N/A,Monaco,Strasbourg,Ruddy Buquet,2,0.00,0.00,1.94,0.88,3,0,3,2,2,0,"20,36,58","",4,3,2,0,1,0,1,1,0,1,10,5,5,2,4,2,19,16,57,43,0.00,0.00,1.26,0.66,0.00,0,0,0,0,0,0,0,0,0,0.00,0.00,1.72,3.69,4.04,1.18,1.73,2.55,4.80,1.61,2.25,Stade Louis II (Monaco)
1692557100,Aug 20 2023 - 6:45pm,complete,N/A,Lens,Rennes,Benoît Millot,2,0.00,0.00,1.82,1.24,1,1,2,1,1,0,"3","53",11,0,2,0,1,0,0,2,0,1,17,11,5,6,9,4,14,9,50,50,0.00,0.00,1.72,1.29,0.00,0,0,0,0,0,0,0,0,0,0.00,0.00,2.01,3.51,3.16,1.23,1.77,2.85,5.05,1.67,2.28,Stade Bollaert-Delelis (Lens)
1692990000,Aug 25 2023 - 7:00pm,complete,N/A,Nantes,Monaco,Jérémie Pignard,3,0.00,3.00,0.71,2.00,3,3,6,3,2,1,"5,15,48","27,58,85",1,10,2,0,2,0,1,1,1,1,4,28,4,11,0,11,8,6,41,59,1.12,1.52,0.71,2.62,4.50,100,100,100,50,50,50,100,100,100,9.00,6.00,3.05,3.45,2.11,1.22,1.62,2.75,5.00,1.62,2.20,Stade de la Beaujoire - Louis Fonteneau (Nantes)
1693069200,Aug 26 2023 - 5:00pm,complete,N/A,Olympique Marseille,Brest,Jeremy Stinat,3,3.00,3.00,2.12,1.76,2,0,2,1,1,0,"4,65","",3,10,0,0,1,0,0,0,0,1,16,19,7,8,5,5,6,9,44,56,1.35,1.27,1.55,1.87,3.00,100,100,100,0,0,50,100,50,100,13.00,3.00,1.53,4.40,6.00,1.22,1.61,2.80,5.00,1.91,1.91,Stade Orange Vélodrome (Marseille)
1693076400,Aug 26 2023 - 7:00pm,complete,N/A,PSG,Lens,François Letexier,3,1.00,0.00,1.94,1.18,3,1,4,1,1,0,"44,52,90","90'5",5,5,0,0,5,0,0,0,2,3,18,13,8,5,6,7,8,12,66,34,2.03,1.08,1.84,1.35,2.50,50,50,50,50,50,50,50,50,50,17.00,5.00,1.60,4.20,5.50,1.19,1.57,2.15,4.40,1.67,2.10,Parc des Princes (Paris)
1693134000,Aug 27 2023 - 11:00am,complete,N/A,Rennes,Le Havre,Eric Wattellier,3,3.00,1.00,1.47,0.71,2,2,4,3,2,1,"10,24","40,70",5,2,1,0,1,1,0,1,1,1,23,8,9,4,9,4,5,7,60,40,2.92,1.39,2.33,1.06,5.00,100,100,100,100,50,50,100,100,100,7.00,2.00,1.40,4.33,6.50,1.25,1.80,2.90,5.25,2.00,1.75,Roazhon Park (Rennes)
1693141200,Aug 27 2023 - 1:00pm,complete,N/A,Strasbourg,Toulouse,Benoît Bastien,3,3.00,3.00,1.41,1.59,2,0,2,0,0,0,"52,89","",3,3,1,0,3,0,1,0,0,3,12,8,4,2,6,3,16,17,39,61,0.87,1.25,1.20,0.74,3.00,100,100,100,0,0,0,50,100,100,6.00,4.00,1.91,3.70,3.50,1.22,1.78,2.85,5.40,1.62,2.20,Stade de la Meinau (Strasbourg)
1693141200,Aug 27 2023 - 1:00pm,complete,N/A,Clermont,Metz,Gaël Angoula,3,0.00,0.00,0.82,1.00,0,1,1,0,0,0,"","69",10,2,1,0,1,0,0,1,0,1,18,11,5,6,7,4,9,12,72,28,1.79,1.01,1.47,1.26,6.00,100,100,100,100,100,100,100,100,100,10.00,2.00,1.85,3.70,3.90,1.24,1.80,2.94,5.30,1.75,2.00,Stade Gabriel Montpied (Clermont-Ferrand)
1693141200,Aug 27 2023 - 1:00pm,complete,N/A,Montpellier,Reims,Marc Bollengier,3,1.00,0.00,1.06,1.18,1,3,4,3,1,2,"45'4","8,41,56",5,3,1,0,1,0,0,1,0,1,21,13,4,7,10,4,7,17,51,49,1.54,1.30,1.62,1.53,3.50,100,100,100,50,0,50,100,50,100,14.00,4.00,2.40,3.40,2.75,1.22,1.70,2.70,4.75,1.57,2.25,Stade de la Mosson-Mondial 98 (Montpellier)
1693148700,Aug 27 2023 - 3:05pm,complete,N/A,Lorient,Lille,Willy Delajod,3,1.00,1.00,0.94,1.29,4,1,5,2,2,0,"9,10,62,67","55",5,8,2,0,4,0,0,2,2,2,10,19,7,8,3,5,19,12,35,65,0.74,1.39,1.33,1.96,2.00,100,100,0,0,0,0,50,50,100,3.00,3.00,4.32,4.24,1.66,1.21,1.59,2.80,5.30,1.67,2.10,Stade Yves Allainmat - Le Moustoir (Lorient)
1693161900,Aug 27 2023 - 6:45pm,complete,N/A,Nice,Olympique Lyonnais,Bastien Dechepy,3,1.00,0.00,1.82,1.65,0,0,0,0,0,0,"","",7,2,1,0,3,0,1,0,0,3,22,7,5,2,10,4,6,12,58,42,0.93,2.07,1.68,0.73,2.50,100,100,50,0,0,0,50,50,100,9.00,5.00,2.47,3.81,2.87,1.18,1.59,2.50,4.33,1.53,2.38,Allianz Riviera (Nice)
1693594800,Sep 01 2023 - 7:00pm,complete,N/A,Nantes,Olympique Marseille,Ruddy Buquet,4,0.50,1.00,0.71,0.82,1,1,2,2,1,1,"39","4",2,7,0,1,2,0,1,0,1,1,11,27,3,10,2,12,8,14,36,64,0.92,2.05,0.73,2.75,4.25,100,100,100,75,25,25,100,100,100,13.00,4.00,4.10,3.85,1.83,1.25,1.69,2.95,5.50,1.70,2.05,Stade de la Beaujoire - Louis Fonteneau (Nantes)
1693666800,Sep 02 2023 - 3:00pm,complete,N/A,Brest,Rennes,Hakim Ben El Hadj,4,3.00,1.00,1.82,1.24,0,0,0,0,0,0,"","",7,5,3,0,1,0,1,2,0,1,14,7,3,4,6,1,7,8,51,49,1.83,1.29,1.15,0.88,3.50,100,100,50,50,50,50,100,50,100,6.00,3.00,3.20,3.50,2.15,1.28,1.65,3.10,6.00,1.67,2.10,Stade Francis-Le Blé (Brest)
1693681200,Sep 02 2023 - 7:00pm,complete,N/A,Monaco,Lens,Willy Delajod,4,3.00,0.00,1.94,1.18,3,0,3,2,2,0,"24,36,59","",5,2,4,0,2,0,1,3,1,1,14,13,7,2,2,6,21,16,56,44,1.26,1.21,1.34,0.96,3.75,50,100,100,50,25,75,100,50,100,10.50,7.00,2.34,3.85,3.05,1.19,1.60,2.40,4.50,1.53,2.38,Stade Louis II (Monaco)
1693738800,Sep 03 2023 - 11:00am,complete,N/A,Toulouse,Clermont,Florent Batta,4,1.00,0.00,0.94,0.65,2,2,4,3,2,1,"8,14","34,90'6",0,8,1,0,3,0,0,1,1,2,10,16,6,4,1,6,19,21,37,63,0.87,1.47,0.99,1.22,2.00,50,100,0,0,0,0,50,50,100,15.00,0.00,2.46,2.13,4.30,1.24,1.67,3.00,6.00,1.70,2.05,Stadium de Toulouse (Toulouse)
1693746000,Sep 03 2023 - 1:00pm,complete,N/A,Lille,Montpellier,Benoît Millot,4,3.00,3.00,2.18,1.41,1,0,1,1,1,0,"2","",5,5,2,0,1,0,0,2,0,1,16,11,7,7,6,4,15,17,60,40,1.95,1.59,1.60,1.50,3.50,50,100,50,50,50,50,50,100,100,9.00,3.00,1.59,4.10,4.40,1.19,1.57,2.55,4.10,1.57,2.25,Decathlon Arena – Stade Pierre-Mauroy (Villeneuve d'Ascq)
1693746000,Sep 03 2023 - 1:00pm,complete,N/A,Le Havre,Lorient,Romain Lissorgue,4,0.00,1.00,1.18,0.76,3,0,3,0,0,0,"53,70,90'6","",5,4,0,0,0,0,0,0,0,0,19,10,7,3,8,2,9,7,43,57,1.86,0.38,1.70,0.84,1.50,50,50,50,0,0,0,50,50,50,7.00,0.00,2.45,3.10,2.69,1.37,2.08,3.80,8.00,1.91,1.91,Stade Océane (Le Havre)
1693746000,Sep 03 2023 - 1:00pm,complete,N/A,Metz,Reims,Mathieu Vernice,4,1.00,1.50,0.71,1.18,2,2,4,2,1,1,"7,63","17,52",4,1,0,0,4,0,0,0,2,2,13,13,5,3,4,7,11,17,36,64,1.32,1.42,1.17,1.31,3.75,100,100,100,75,0,50,100,50,100,10.50,7.00,2.99,3.30,2.16,1.25,1.80,3.00,5.25,1.70,2.05,Stade Saint-Symphorien (Longeville-lès-Metz)
1693753500,Sep 03 2023 - 3:05pm,complete,N/A,Nice,Strasbourg,Jeremy Stinat,4,1.00,0.00,1.82,0.88,2,0,2,1,1,0,"45'2,75","",5,2,2,0,1,0,1,1,0,1,18,5,7,0,7,4,7,11,62,38,1.31,0.66,1.74,0.44,2.00,25,75,50,0,0,50,75,0,75,8.00,3.00,1.83,3.65,4.00,1.28,1.80,3.25,6.75,1.75,2.00,Allianz Riviera (Nice)
1693766700,Sep 03 2023 - 6:45pm,complete,N/A,Olympique Lyonnais,PSG,Eric Wattellier,4,0.00,1.00,1.47,2.53,1,4,5,4,0,4,"74","4,20,38,45'2",5,2,2,0,2,0,1,1,0,2,21,23,9,9,8,9,8,4,31,69,1.18,1.46,2.06,2.13,3.50,100,100,50,50,50,50,50,100,100,11.00,9.00,4.00,4.10,1.73,1.10,1.45,2.06,3.25,1.53,2.38,Groupama Stadium (Décines-Charpieu)
1694804400,Sep 15 2023 - 7:00pm,complete,N/A,PSG,Nice,Clément Turpin,5,2.00,1.00,1.94,1.41,2,3,5,2,1,1,"29,87","21,53,68",4,3,2,0,5,0,0,2,1,4,13,15,4,9,6,2,8,19,69,31,1.93,2.15,1.40,1.52,2.00,75,75,25,25,0,0,25,75,75,16.00,1.00,1.44,4.50,6.50,1.16,1.50,2.25,4.00,1.67,2.10,Parc des Princes (Paris)
1694876400,Sep 16 2023 - 3:00pm,complete,N/A,Rennes,Lille,Jérôme Brisard,5,2.00,0.50,1.47,1.29,2,2,4,1,0,1,"74,89","33,62",5,2,1,0,4,0,1,0,1,3,8,11,5,7,3,1,11,14,41,59,2.63,1.67,1.11,1.30,4.25,100,100,75,75,50,75,100,50,100,10.50,3.50,2.15,3.65,3.20,1.24,1.71,2.85,5.00,1.62,2.20,Roazhon Park (Rennes)
1694890800,Sep 16 2023 - 7:00pm,complete,N/A,Lens,Metz,Stéphanie Frappart,5,1.00,1.50,1.82,1.00,0,1,1,1,0,1,"","37",9,1,1,0,2,0,0,1,1,1,32,3,11,3,11,0,11,12,75,25,1.72,1.13,2.83,0.53,2.75,75,75,25,25,25,25,75,25,100,14.00,3.50,1.50,4.50,6.00,1.20,1.61,2.70,5.00,1.80,1.95,Stade Bollaert-Delelis (Lens)
1694948400,Sep 17 2023 - 11:00am,complete,N/A,Lorient,Monaco,Marc Bollengier,5,2.00,2.00,0.94,2.00,2,2,4,2,1,1,"2,90'8","17,69",8,6,0,0,2,0,0,0,0,2,11,21,4,8,4,8,13,14,41,59,1.04,2.07,1.07,2.04,4.75,100,100,75,75,75,75,75,100,100,8.50,4.50,4.10,3.95,1.75,1.20,1.61,2.35,4.50,1.57,2.25,Stade Yves Allainmat - Le Moustoir (Lorient)
1694955600,Sep 17 2023 - 1:00pm,complete,N/A,Strasbourg,Montpellier,Pierre Gaillouste,5,3.00,1.50,1.41,1.41,2,2,4,2,0,2,"63,69","35,40",2,4,4,0,6,0,2,2,2,4,15,13,8,6,6,5,17,19,45,55,1.03,1.54,1.78,1.41,2.75,50,75,50,25,25,25,50,75,75,5.50,2.50,2.16,3.55,3.15,1.28,1.80,3.10,6.00,1.67,2.10,Stade de la Meinau (Strasbourg)
1694955600,Sep 17 2023 - 1:00pm,complete,N/A,Clermont,Nantes,Thomas Léonard,5,0.00,0.00,0.82,1.24,0,1,1,0,0,0,"","48",6,3,2,0,3,0,0,2,0,3,18,9,4,6,9,2,18,16,51,49,1.63,1.22,1.42,1.13,2.75,25,75,25,25,25,25,25,75,100,13.00,2.50,1.94,3.55,3.75,1.33,1.91,3.60,7.00,1.80,1.95,Stade Gabriel Montpied (Clermont-Ferrand)
1694955600,Sep 17 2023 - 1:00pm,complete,N/A,Reims,Brest,Gaël Angoula,5,3.00,1.50,1.59,1.76,1,2,3,1,1,0,"19","50,56",8,8,2,0,4,0,1,1,2,2,15,20,8,8,5,4,5,11,52,48,1.16,1.57,1.82,1.74,2.25,25,100,25,0,0,0,100,25,100,9.50,1.50,1.79,3.65,4.35,1.26,1.82,3.00,5.50,1.70,2.05,Stade Auguste-Delaune II (Reims)
1694963100,Sep 17 2023 - 3:05pm,complete,N/A,Olympique Marseille,Toulouse,François Letexier,5,3.00,1.50,2.12,1.59,0,0,0,0,0,0,"","",6,1,2,0,5,0,0,2,2,3,25,11,7,4,9,5,10,11,60,40,1.45,1.00,2.12,1.12,2.50,50,100,50,0,0,25,75,50,100,10.50,3.00,1.46,4.80,6.20,1.18,1.47,2.20,4.20,1.70,2.05,Stade Orange Vélodrome (Marseille)
1694976300,Sep 17 2023 - 6:45pm,complete,N/A,Olympique Lyonnais,Le Havre,Benoît Bastien,5,0.00,1.00,1.47,0.71,0,0,0,0,0,0,"","",6,1,3,0,2,0,2,1,1,1,24,8,8,0,8,5,13,12,58,42,1.62,1.23,1.94,0.58,4.50,100,100,100,100,50,75,100,50,100,7.50,6.00,1.73,3.80,4.60,1.22,1.67,2.75,5.00,1.67,2.10,Groupama Stadium (Décines-Charpieu)
1695409200,Sep 22 2023 - 7:00pm,complete,N/A,Monaco,Nice,Benoît Millot,6,3.00,2.00,1.94,1.41,0,1,1,0,0,0,"","90'1",5,2,1,0,1,0,0,1,0,1,10,14,4,8,3,5,9,5,54,46,1.30,1.84,1.03,1.58,3.25,50,100,75,25,25,75,75,50,100,10.50,6.00,1.87,3.75,3.80,1.18,1.57,2.40,4.33,1.53,2.38,Stade Louis II (Monaco)
1695481200,Sep 23 2023 - 3:00pm,complete,N/A,Nantes,Lorient,Florent Batta,6,0.67,0.50,0.71,0.76,5,3,8,2,1,1,"42,46,55,83,90'9","6,75,85",4,2,1,0,3,0,0,1,0,3,20,11,10,8,6,2,7,14,44,56,0.85,0.61,2.16,1.57,2.59,50,75,59,17,17,34,50,59,59,6.33,2.00,2.13,3.42,2.90,1.32,1.89,3.50,6.50,1.75,2.00,Stade de la Beaujoire - Louis Fonteneau (Nantes)
1695495600,Sep 23 2023 - 7:00pm,complete,N/A,Brest,Olympique Lyonnais,Thomas Léonard,6,2.00,0.50,1.82,1.65,1,0,1,0,0,0,"87","",10,1,3,0,1,0,1,2,1,0,28,7,12,4,11,2,17,16,56,44,1.49,1.40,2.79,0.88,2.00,50,50,50,25,25,25,25,50,50,10.50,5.00,2.50,3.60,2.63,1.20,1.62,2.65,4.75,1.53,2.38,Stade Francis-Le Blé (Brest)
1695553200,Sep 24 2023 - 11:00am,complete,N/A,Metz,Strasbourg,Clément Turpin,6,1.00,0.00,0.71,0.88,0,1,1,0,0,0,"","83",1,1,2,0,0,0,1,1,0,0,14,5,2,2,6,2,15,15,52,48,1.24,0.55,0.92,0.69,3.25,50,100,75,50,0,50,100,50,100,6.50,3.50,3.10,3.30,2.35,1.38,2.02,4.00,8.00,1.91,1.91,Stade Saint-Symphorien (Longeville-lès-Metz)
1695560400,Sep 24 2023 - 1:00pm,complete,N/A,Lens,Toulouse,Hakim Ben El Hadj,6,0.50,1.33,1.82,1.59,2,1,3,2,1,1,"45'2,84","33",9,4,2,0,1,0,0,2,0,1,28,8,8,3,8,3,15,15,61,39,2.27,1.04,2.35,0.76,1.59,42,59,17,0,0,0,67,34,59,13.00,4.83,1.65,4.20,4.90,1.25,1.60,3.00,5.50,1.70,2.05,Stade Bollaert-Delelis (Lens)
1695560400,Sep 24 2023 - 1:00pm,complete,N/A,Le Havre,Clermont,Mathieu Vernice,6,1.50,0.50,1.18,0.65,2,1,3,3,2,1,"4,7","45'2",1,3,2,0,3,0,0,2,1,2,10,12,4,5,3,2,15,14,32,68,1.78,1.34,0.94,1.26,3.00,50,100,75,25,0,25,75,50,100,14.00,1.50,2.70,3.40,2.60,1.36,2.03,3.75,7.50,1.91,1.91,Stade Océane (Le Havre)
1695567900,Sep 24 2023 - 3:05pm,complete,N/A,Montpellier,Rennes,Stéphanie Frappart,6,0.50,1.00,1.06,1.24,0,0,0,0,0,0,"","",3,5,2,0,1,0,0,2,1,0,14,19,5,7,4,7,10,16,37,63,1.58,1.08,1.25,1.70,2.50,75,75,50,50,0,25,75,25,75,7.00,2.00,2.73,3.40,2.50,1.25,1.79,2.30,5.50,1.57,2.25,Stade de la Mosson-Mondial 98 (Montpellier)
1695581100,Sep 24 2023 - 6:45pm,complete,N/A,PSG,Olympique Marseille,Willy Delajod,6,1.33,1.00,1.94,0.82,4,0,4,2,2,0,"8,37,47,89","",8,3,0,0,3,0,0,0,0,3,16,7,6,0,5,6,11,14,77,23,1.75,2.40,1.72,0.50,3.00,84,84,59,59,17,42,84,59,59,14.00,2.67,1.55,4.33,5.50,1.13,1.50,2.30,3.88,1.57,2.25,Parc des Princes (Paris)
1695754800,Sep 26 2023 - 7:00pm,complete,N/A,Lille,Reims,Jérémie Pignard,6,3.00,1.33,2.18,1.18,1,2,3,2,0,2,"79","12,16",4,2,1,0,2,0,0,1,0,2,15,5,4,5,7,0,5,19,67,33,1.77,1.38,1.56,0.80,2.59,50,75,50,34,0,50,75,42,75,10.67,4.67,1.70,4.07,4.24,1.16,1.62,2.38,4.40,1.57,2.25,Decathlon Arena – Stade Pierre-Mauroy (Villeneuve d'Ascq)
1696014000,Sep 29 2023 - 7:00pm,complete,N/A,Strasbourg,Lens,Jérôme Brisard,7,2.33,0.00,1.41,1.18,0,1,1,1,0,1,"","16",2,3,2,0,4,0,0,2,2,2,9,10,3,3,5,5,16,15,48,52,1.28,1.13,0.91,0.96,3.50,67,100,84,50,17,50,67,84,100,7.00,6.33,2.83,3.55,2.41,1.30,1.94,3.40,6.50,1.75,2.00,Stade de la Meinau (Strasbourg)
1696086000,Sep 30 2023 - 3:00pm,complete,N/A,Clermont,PSG,Marc Bollengier,7,0.00,2.00,0.82,2.53,0,0,0,0,0,0,"","",6,9,2,0,3,0,0,2,0,3,13,22,4,11,3,6,10,16,33,67,1.56,1.80,1.03,2.54,3.09,67,67,42,42,42,42,42,42,100,10.83,3.50,5.70,4.30,1.39,1.18,1.50,2.25,4.33,1.75,2.00,Stade Gabriel Montpied (Clermont-Ferrand)
1696100400,Sep 30 2023 - 7:00pm,complete,N/A,Monaco,Olympique Marseille,Benoît Bastien,7,2.00,0.67,1.94,0.82,3,2,5,4,2,2,"8,23,52","1,18",2,6,4,0,4,0,1,3,0,4,11,9,8,5,2,3,17,14,46,54,1.21,1.77,1.48,1.21,2.83,34,84,67,34,0,67,84,34,84,11.00,4.66,2.36,3.75,2.78,1.18,1.55,2.34,4.20,1.50,2.50,Stade Louis II (Monaco)
1696158000,Oct 01 2023 - 11:00am,complete,N/A,Reims,Olympique Lyonnais,François Letexier,7,1.50,0.33,1.59,1.65,2,0,2,1,1,0,"45'1,71","",1,5,2,0,2,0,1,1,1,1,10,12,4,7,4,1,15,15,49,51,1.49,1.23,1.11,1.43,1.92,42,67,42,0,0,0,50,42,84,8.50,3.00,2.14,3.80,3.15,1.20,1.44,2.25,4.33,1.57,2.25,Stade Auguste-Delaune II (Reims)
1696165200,Oct 01 2023 - 1:00pm,complete,N/A,Toulouse,Metz,Gaël Angoula,7,1.00,2.00,0.94,1.00,3,0,3,2,2,0,"31,43,82","",4,6,3,0,0,0,1,2,0,0,16,9,11,4,3,3,14,9,57,43,0.93,0.93,1.90,1.11,2.84,67,67,42,42,17,42,59,42,84,4.83,2.17,1.75,4.10,4.20,1.30,1.73,3.40,6.50,1.80,1.95,Stadium de Toulouse (Toulouse)
1696165200,Oct 01 2023 - 1:00pm,complete,N/A,Nice,Brest,Romain Lissorgue,7,1.67,2.00,1.82,1.76,0,0,0,0,0,0,"","",6,4,1,0,3,0,0,1,2,1,13,8,2,3,8,3,12,9,55,45,1.45,1.63,1.24,0.97,2.00,50,84,34,0,0,0,84,34,84,12.00,4.33,1.73,3.90,4.50,1.28,1.79,3.20,6.00,1.80,1.95,Allianz Riviera (Nice)
1696165200,Oct 01 2023 - 1:00pm,complete,N/A,Le Havre,Lille,Bastien Dechepy,7,2.00,0.67,1.18,1.29,0,2,2,1,0,1,"","40,52",6,6,0,0,0,0,0,0,0,0,6,17,0,7,5,6,18,7,38,62,1.50,1.55,0.51,1.72,3.34,84,100,84,34,17,33,84,67,84,8.00,4.00,4.10,3.60,1.88,1.33,1.91,3.75,7.50,1.91,1.91,Stade Océane (Le Havre)
1696172700,Oct 01 2023 - 3:05pm,complete,N/A,Lorient,Montpellier,Jeremy Stinat,7,1.67,1.33,0.94,1.41,0,3,3,1,0,1,"","30,73,89",8,3,2,0,1,0,2,0,0,1,16,15,4,9,5,4,13,7,50,50,1.05,1.50,1.46,1.82,3.50,84,84,67,67,33,67,84,84,84,8.00,3.67,2.95,3.55,2.30,1.26,1.71,3.00,5.50,1.62,2.20,Stade Yves Allainmat - Le Moustoir (Lorient)
1696185900,Oct 01 2023 - 6:45pm,complete,N/A,Rennes,Nantes,Ruddy Buquet,7,1.67,1.50,1.47,1.24,3,1,4,2,1,1,"6,73,90'7","45",6,4,3,0,6,1,0,3,1,6,17,12,6,5,10,3,11,18,59,41,2.12,1.18,1.85,1.06,3.09,50,75,50,50,17,34,50,59,100,9.00,3.17,1.50,4.55,5.93,1.18,1.62,2.60,4.80,1.80,1.95,Roazhon Park (Rennes)
1696618800,Oct 06 2023 - 7:00pm,complete,N/A,Strasbourg,Nantes,Stéphanie Frappart,8,1.75,1.00,1.41,1.24,1,2,3,0,0,0,"90'2","50,58",3,11,3,0,1,0,2,1,1,0,12,17,4,8,5,5,13,13,44,56,1.19,1.14,1.19,1.75,2.42,42,71,42,29,0,29,42,71,88,6.00,6.58,2.15,3.25,3.50,1.33,2.10,3.75,7.50,1.80,1.95,Stade de la Meinau (Strasbourg)
1696690800,Oct 07 2023 - 3:00pm,complete,N/A,Metz,Nice,Jérôme Brisard,8,0.67,2.33,0.71,1.41,0,1,1,1,0,1,"","14",1,4,0,0,1,0,0,0,1,0,11,8,4,5,2,1,9,12,32,68,1.13,1.75,0.90,1.09,2.84,67,67,50,50,17,33,50,67,100,7.67,4.66,4.30,3.90,1.78,1.30,1.92,3.40,6.50,1.80,1.95,Stade Saint-Symphorien (Longeville-lès-Metz)
1696705200,Oct 07 2023 - 7:00pm,complete,N/A,Reims,Monaco,Hakim Ben El Hadj,8,2.00,1.67,1.59,2.00,1,3,4,1,0,1,"57","42,46,49",10,5,0,0,3,0,0,0,0,3,13,12,5,5,3,4,11,13,54,46,1.36,2.06,1.37,1.21,3.83,67,100,67,50,34,50,100,67,100,10.00,4.00,2.50,3.80,2.50,1.18,1.58,2.08,4.33,1.50,2.50,Stade Auguste-Delaune II (Reims)
1696762800,Oct 08 2023 - 11:00am,complete,N/A,Olympique Marseille,Le Havre,Thomas Léonard,8,2.33,1.00,2.12,0.71,3,0,3,2,2,0,"18,21,84","",4,3,0,0,2,1,0,0,2,1,15,9,7,2,5,5,7,15,64,36,1.68,1.01,1.67,0.68,2.17,50,67,50,34,0,33,67,17,67,8.00,3.00,1.50,4.33,6.50,1.22,1.65,2.85,5.00,1.91,1.91,Stade Orange Vélodrome (Marseille)
1696770000,Oct 08 2023 - 1:00pm,complete,N/A,Olympique Lyonnais,Lorient,Clément Turpin,8,0.33,0.33,1.47,0.76,3,3,6,4,3,1,"21,22,41","16,54,79",5,2,0,0,0,0,0,0,0,0,10,8,7,7,1,1,22,9,50,50,1.73,0.93,1.29,1.21,3.50,50,67,67,50,50,50,50,50,67,8.34,4.67,1.65,4.00,5.00,1.22,1.62,2.40,5.00,1.70,2.05,Groupama Stadium (Décines-Charpieu)
1696770000,Oct 08 2023 - 1:00pm,complete,N/A,Brest,Toulouse,Pierre Gaillouste,8,2.33,1.00,1.82,1.59,1,1,2,1,0,1,"90'2","27",3,5,2,0,2,0,1,1,1,1,14,11,3,4,7,2,16,22,55,45,1.92,0.97,1.17,0.89,2.00,42,54,42,17,17,29,42,42,71,10.92,5.42,1.75,3.60,4.60,1.29,1.90,3.20,5.75,1.80,1.95,Stade Francis-Le Blé (Brest)
1696777500,Oct 08 2023 - 3:05pm,complete,N/A,Lens,Lille,Benoît Millot,8,1.33,1.25,1.82,1.29,1,1,2,1,0,1,"70","45'3",8,5,2,0,4,0,1,1,1,3,15,9,6,4,5,3,14,16,44,56,2.30,1.59,1.51,0.93,2.63,71,84,42,25,13,29,100,25,84,14.42,4.17,2.20,3.55,3.14,1.32,1.92,3.50,6.50,1.75,2.00,Stade Bollaert-Delelis (Lens)
1696790700,Oct 08 2023 - 6:45pm,complete,N/A,Rennes,PSG,Benoît Bastien,8,2.00,1.67,1.47,2.53,1,3,4,2,0,2,"56","32,36,58",1,7,1,0,0,0,1,0,0,0,15,18,5,8,8,3,12,12,42,58,2.05,2.04,1.59,1.68,3.42,84,84,67,67,29,54,67,54,84,10.58,3.92,3.46,3.60,2.05,1.22,1.73,2.85,5.60,1.62,2.20,Roazhon Park (Rennes)
1697828400,Oct 20 2023 - 7:00pm,complete,N/A,Le Havre,Lens,François Letexier,9,1.50,0.75,1.18,1.18,0,0,0,0,0,0,"","",3,3,2,0,3,0,1,1,3,0,16,14,6,8,7,3,15,5,39,61,1.25,1.09,1.56,1.64,3.00,50,88,75,25,13,38,88,50,75,8.75,4.50,3.40,3.60,2.05,1.33,2.02,3.55,7.00,1.91,1.91,Stade Océane (Le Havre)
1697900400,Oct 21 2023 - 3:00pm,complete,N/A,PSG,Strasbourg,Bastien Dechepy,9,1.75,1.00,1.94,0.88,3,0,3,2,2,0,"10,31,77","",1,6,2,0,0,0,0,2,0,0,9,8,5,2,3,4,11,10,78,22,1.75,0.60,1.29,0.79,2.63,25,71,54,38,13,42,71,38,88,8.50,1.17,1.18,6.50,12.00,1.13,1.45,2.00,3.60,1.95,1.80,Parc des Princes (Paris)
1697914800,Oct 21 2023 - 7:00pm,complete,N/A,Nice,Olympique Marseille,Ruddy Buquet,9,1.50,0.50,1.82,0.82,1,0,1,0,0,0,"79","",4,2,4,0,2,1,2,2,0,3,11,10,3,2,5,6,13,6,50,50,1.40,1.63,0.99,0.95,2.38,50,75,38,38,13,38,75,25,63,11.50,4.50,2.30,3.50,2.95,1.32,1.75,3.40,6.50,1.70,2.05,Allianz Riviera (Nice)
1697972400,Oct 22 2023 - 11:00am,complete,N/A,Lorient,Rennes,Gaël Angoula,9,1.25,1.00,0.94,1.24,2,1,3,3,2,1,"4,45'2","21",6,16,0,0,2,0,0,0,0,2,6,21,5,7,1,5,5,14,31,69,1.15,1.29,0.93,1.99,2.09,54,67,38,25,13,25,54,50,67,8.58,2.25,3.90,3.60,1.85,1.26,1.83,2.99,5.25,1.75,2.00,Stade Yves Allainmat - Le Moustoir (Lorient)
1697979600,Oct 22 2023 - 1:00pm,complete,N/A,Toulouse,Reims,Jeremy Stinat,9,1.67,1.75,0.94,1.18,1,1,2,0,0,0,"51","48",5,7,2,0,0,0,0,2,0,0,12,16,6,5,4,6,18,15,49,51,1.25,1.24,1.44,1.40,3.25,84,100,84,42,0,84,84,29,100,7.00,3.83,2.80,3.40,2.40,1.26,1.70,3.01,5.00,1.62,2.20,Stadium de Toulouse (Toulouse)
1697979600,Oct 22 2023 - 1:00pm,complete,N/A,Lille,Brest,Hakim Ben El Hadj,9,2.00,1.75,2.18,1.76,1,0,1,1,1,0,"6","",3,5,2,0,3,0,1,1,1,2,7,10,5,2,1,6,12,13,44,56,1.70,1.46,1.04,1.02,2.00,42,71,42,0,0,17,71,42,71,11.58,4.17,1.67,3.90,4.75,1.33,1.78,3.45,6.25,1.91,1.91,Decathlon Arena – Stade Pierre-Mauroy (Villeneuve d'Ascq)
1697979600,Oct 22 2023 - 1:00pm,complete,N/A,Nantes,Montpellier,Marc Bollengier,9,1.25,1.75,0.71,1.41,2,0,2,1,1,0,"44,74","",4,3,2,0,1,0,0,2,0,1,15,12,6,7,7,2,16,13,57,43,1.18,1.58,1.64,1.48,4.00,75,88,75,50,38,63,100,75,75,7.00,4.00,2.80,3.30,2.40,1.26,1.83,2.92,5.00,1.62,2.20,Stade de la Beaujoire - Louis Fonteneau (Nantes)
1697987100,Oct 22 2023 - 3:05pm,complete,N/A,Monaco,Metz,Romain Lissorgue,9,2.25,1.50,1.94,1.00,2,1,3,2,1,1,"42,55","4",10,2,1,0,3,0,0,1,0,3,28,9,14,5,9,3,12,11,76,24,1.28,0.98,2.98,1.05,2.88,25,63,63,25,25,63,75,13,88,7.25,4.00,1.25,5.40,8.10,1.14,1.43,2.25,3.30,1.70,2.05,Stade Louis II (Monaco)
1698000300,Oct 22 2023 - 6:45pm,complete,N/A,Olympique Lyonnais,Clermont,Willy Delajod,9,0.50,0.33,1.47,0.65,1,2,3,2,0,2,"52","10,35",10,3,4,0,5,0,2,2,2,3,27,13,8,6,11,1,16,12,63,37,1.62,1.31,2.51,1.10,3.50,71,88,71,54,38,71,88,25,71,12.50,4.75,1.67,3.75,4.15,1.22,1.66,2.80,5.00,1.67,2.10,Groupama Stadium (Décines-Charpieu)
1698433200,Oct 27 2023 - 7:00pm,complete,N/A,Clermont,Nice,Jérémie Pignard,10,0.25,2.50,0.82,1.41,0,1,1,0,0,0,"","74",2,2,0,0,2,0,0,0,0,2,9,13,4,6,4,4,15,12,44,56,1.43,1.58,0.94,1.37,2.13,38,38,25,25,25,25,38,38,75,11.50,3.25,3.75,3.50,1.95,1.38,1.96,4.00,8.00,1.95,1.80,Stade Gabriel Montpied (Clermont-Ferrand)
1698505200,Oct 28 2023 - 3:00pm,complete,N/A,Reims,Lorient,Benoît Bastien,10,1.50,0.50,1.59,0.76,1,0,1,0,0,0,"84","",4,4,1,0,3,0,1,0,0,3,13,10,6,2,4,4,14,7,57,43,1.37,1.00,1.57,0.79,3.50,50,88,63,38,25,25,75,63,88,8.00,1.75,1.64,4.20,4.95,1.22,1.70,2.70,5.00,1.75,2.00,Stade Auguste-Delaune II (Reims)
1698519600,Oct 28 2023 - 7:00pm,complete,N/A,Lens,Nantes,Pierre Gaillouste,10,1.25,1.50,1.82,1.24,4,0,4,1,1,0,"27,58,72,89","",4,1,1,0,2,0,0,1,0,2,13,12,8,2,4,7,8,10,54,46,2.10,1.29,1.62,1.00,2.25,63,75,38,13,0,25,63,38,88,15.00,5.25,1.57,4.20,5.60,1.24,1.74,2.90,5.50,1.80,1.95,Stade Bollaert-Delelis (Lens)
1698580800,Oct 29 2023 - 12:00pm,complete,N/A,Brest,PSG,Jérôme Brisard,10,2.00,2.00,1.82,2.53,2,3,5,3,1,2,"43,52","16,28,89",9,5,3,0,4,0,0,3,0,4,23,18,6,11,9,3,13,11,44,56,1.74,1.95,1.74,1.89,2.38,63,63,38,38,25,38,50,38,75,12.25,4.50,5.00,4.35,1.61,1.20,1.58,2.20,4.75,1.75,2.00,Stade Francis-Le Blé (Brest)
1698588000,Oct 29 2023 - 2:00pm,complete,N/A,Metz,Le Havre,Hakim Ben El Hadj,10,0.50,0.75,0.71,0.71,0,0,0,0,0,0,"","",5,6,2,0,2,0,1,1,1,1,10,14,4,3,4,5,15,16,41,59,1.07,0.93,1.09,1.08,2.63,50,63,63,50,0,38,75,38,75,4.50,4.00,2.40,3.30,3.00,1.40,2.02,4.00,8.00,1.91,1.91,Stade Saint-Symphorien (Longeville-lès-Metz)
1698588000,Oct 29 2023 - 2:00pm,complete,N/A,Montpellier,Toulouse,Thomas Léonard,10,0.67,1.00,1.06,1.59,3,0,3,1,1,0,"13,63,72","",3,4,2,0,3,0,2,0,2,1,20,18,7,6,10,6,13,14,39,61,1.47,0.95,1.80,1.63,2.34,64,74,54,34,0,27,64,37,74,7.60,3.93,1.66,4.10,4.80,1.25,1.67,3.00,5.50,1.75,2.00,Stade de la Mosson-Mondial 98 (Montpellier)
1698588000,Oct 29 2023 - 2:00pm,complete,N/A,Lille,Monaco,Clément Turpin,10,2.25,2.00,2.18,2.00,2,0,2,2,2,0,"32,42","",2,8,1,0,2,0,0,1,0,2,8,17,6,7,0,8,17,14,42,58,1.54,1.85,0.99,1.93,3.38,63,75,63,50,25,50,88,63,75,10.50,4.50,2.33,3.75,2.80,1.19,1.57,2.38,4.33,1.50,2.50,Decathlon Arena – Stade Pierre-Mauroy (Villeneuve d'Ascq)
1698595500,Oct 29 2023 - 4:05pm,complete,N/A,Rennes,Strasbourg,Florent Batta,10,1.60,0.75,1.47,0.88,1,1,2,1,1,0,"23","81",7,5,2,0,2,0,1,1,2,0,21,12,4,4,9,5,14,16,60,40,1.96,0.64,1.49,1.20,3.33,50,88,75,50,10,65,88,40,100,7.40,1.70,1.60,4.10,5.00,1.28,1.70,3.10,6.00,1.95,1.80,Roazhon Park (Rennes)
1699041600,Nov 03 2023 - 8:00pm,complete,N/A,PSG,Montpellier,Ruddy Buquet,11,2.00,1.40,1.94,1.41,3,0,3,1,1,0,"10,58,66","",9,2,1,0,0,0,0,1,0,0,22,8,11,3,5,3,11,12,64,36,1.66,1.56,2.39,0.78,3.10,40,80,70,50,20,50,90,60,80,8.80,2.80,1.26,6.50,9.50,1.11,1.34,1.75,3.20,1.70,2.05,Parc des Princes (Paris)
1699113600,Nov 04 2023 - 4:00pm,complete,N/A,Lorient,Lens,Bastien Dechepy,11,1.60,0.80,0.94,1.18,0,0,0,0,0,0,"","",1,5,3,0,3,0,1,2,0,3,8,15,3,8,2,4,12,15,43,57,1.11,1.20,0.75,1.72,3.00,60,80,70,40,20,50,80,60,70,9.60,4.80,3.70,3.70,1.95,1.28,1.80,3.10,6.00,1.80,1.95,Stade Yves Allainmat - Le Moustoir (Lorient)
1699128000,Nov 04 2023 - 8:00pm,complete,N/A,Olympique Marseille,Lille,Stéphanie Frappart,11,2.50,1.20,2.12,1.29,0,0,0,0,0,0,"","",2,8,2,0,3,0,1,1,1,2,9,12,4,2,5,2,10,12,46,54,1.67,1.46,1.22,0.70,2.50,53,88,45,20,10,35,88,20,88,10.55,3.55,2.02,3.70,3.45,1.28,1.85,3.20,6.00,1.70,2.05,Stade Orange Vélodrome (Marseille)
1699185600,Nov 05 2023 - 12:00pm,complete,N/A,Olympique Lyonnais,Metz,Benoît Millot,11,0.40,1.20,1.47,1.00,1,1,2,0,0,0,"84","77",4,9,1,0,1,0,1,0,0,1,16,12,5,6,3,4,16,14,67,33,1.80,0.99,1.31,1.25,3.30,60,70,70,40,40,70,80,30,80,9.40,4.60,1.81,4.16,4.52,1.23,1.67,2.78,5.10,1.70,2.05,Groupama Stadium (Décines-Charpieu)
1699192800,Nov 05 2023 - 2:00pm,complete,N/A,Strasbourg,Clermont,Jeremy Stinat,11,1.40,1.00,1.41,0.65,0,0,0,0,0,0,"","",4,6,1,1,0,0,0,2,0,0,19,11,6,3,6,6,13,5,39,61,1.19,1.26,1.52,1.21,2.80,68,90,68,23,0,48,70,40,78,8.20,5.15,2.22,3.56,3.52,1.42,1.97,3.92,7.70,1.95,1.80,Stade de la Meinau (Strasbourg)
1699192800,Nov 05 2023 - 2:00pm,complete,N/A,Toulouse,Le Havre,Marc Bollengier,11,1.50,0.80,0.94,0.71,1,2,3,0,0,0,"49","83,90'6",4,6,2,0,2,0,2,0,1,1,18,17,6,8,7,5,10,12,52,48,1.30,0.96,1.65,1.63,2.48,58,80,55,33,0,45,55,35,80,6.30,3.70,2.19,3.66,3.50,1.32,1.96,3.40,6.50,1.80,1.95,Stadium de Toulouse (Toulouse)
1699192800,Nov 05 2023 - 2:00pm,complete,N/A,Nantes,Reims,Gaël Angoula,11,1.60,1.60,0.71,1.18,0,1,1,0,0,0,"","75",10,6,1,0,2,0,0,1,0,2,18,8,5,5,7,2,5,12,50,50,1.27,1.27,1.55,1.06,3.70,90,100,70,40,20,70,90,50,90,8.20,3.80,3.22,3.60,2.35,1.27,1.88,3.30,6.00,1.70,2.05,Stade de la Beaujoire - Louis Fonteneau (Nantes)
1699200300,Nov 05 2023 - 4:05pm,complete,N/A,Monaco,Brest,Eric Wattellier,11,2.40,1.40,1.94,1.76,2,0,2,1,1,0,"16,69","",6,4,2,0,3,1,0,2,1,3,13,17,7,2,3,10,15,11,46,54,1.62,1.37,1.44,1.25,2.40,40,70,60,10,10,40,80,20,80,11.20,5.00,1.57,4.20,5.50,1.19,1.60,2.48,4.33,1.62,2.20,Stade Louis II (Monaco)
1699213500,Nov 05 2023 - 7:45pm,complete,N/A,Nice,Rennes,Clément Turpin,11,1.80,0.75,1.82,1.24,2,0,2,1,1,0,"45,87","",2,1,0,1,2,1,0,1,1,2,16,12,4,5,10,2,5,11,47,53,1.32,1.46,1.45,1.20,1.13,35,45,13,0,0,13,45,0,43,11.50,3.45,2.25,3.30,3.25,1.32,1.93,3.60,7.00,1.91,1.91,Allianz Riviera (Nice)
1699646400,Nov 10 2023 - 8:00pm,complete,N/A,Montpellier,Nice,Hakim Ben El Hadj,12,1.25,2.60,1.06,1.41,0,0,0,0,0,0,"","",3,7,0,0,4,0,0,0,2,2,10,16,2,5,5,8,11,15,41,59,1.55,1.54,0.77,1.56,2.38,45,58,48,35,10,23,58,45,78,7.75,3.50,2.69,3.25,2.50,1.33,1.75,3.60,7.50,1.80,1.95,Stade de la Mosson-Mondial 98 (Montpellier)
1699718400,Nov 11 2023 - 4:00pm,complete,N/A,Reims,PSG,Willy Delajod,12,1.80,2.20,1.59,2.53,0,3,3,1,0,1,"","3,59,82",8,3,1,0,0,0,0,1,0,0,21,15,8,7,6,5,15,7,38,62,1.41,1.94,1.96,1.56,2.80,60,80,50,40,20,30,70,50,90,10.80,3.40,4.24,4.13,1.69,1.19,1.48,2.35,4.33,1.62,2.20,Stade Auguste-Delaune II (Reims)
1699732800,Nov 11 2023 - 8:00pm,complete,N/A,Le Havre,Monaco,Thomas Léonard,12,1.40,1.60,1.18,2.00,0,0,0,0,0,0,"","",2,4,2,0,3,0,1,1,1,2,10,12,6,5,1,5,9,16,37,63,1.31,1.86,1.18,1.31,3.30,60,90,70,40,20,50,80,60,70,10.20,3.40,3.72,3.46,1.96,1.24,1.74,2.84,5.50,1.70,2.05,Stade Océane (Le Havre)
1699797600,Nov 12 2023 - 2:00pm,complete,N/A,Lille,Toulouse,Mathieu Vernice,12,2.40,0.83,2.18,1.59,1,1,2,1,1,0,"30","65",11,1,3,0,4,0,1,2,0,4,15,3,7,2,3,1,13,14,60,40,1.43,1.07,1.58,0.57,1.99,35,72,35,0,0,29,74,35,62,7.87,4.27,1.50,4.46,6.16,1.22,1.64,2.62,4.75,1.80,1.95,Decathlon Arena – Stade Pierre-Mauroy (Villeneuve d'Ascq)
1699797600,Nov 12 2023 - 2:00pm,complete,N/A,Clermont,Lorient,Romain Lissorgue,12,0.20,0.40,0.82,0.76,1,0,1,0,0,0,"69","",5,4,3,0,2,0,1,2,0,2,19,11,7,4,9,6,14,9,56,44,1.33,0.96,1.83,1.29,2.70,30,40,40,30,30,30,30,40,80,8.80,2.20,2.02,3.39,3.82,1.33,1.94,3.50,7.00,1.91,1.91,Stade Gabriel Montpied (Clermont-Ferrand)
1699797600,Nov 12 2023 - 2:00pm,complete,N/A,Metz,Nantes,Florent Batta,12,0.60,1.20,0.71,1.24,3,1,4,3,2,1,"3,28,85","12",2,5,0,0,0,0,0,0,0,0,10,17,5,4,4,7,8,6,33,67,1.08,1.23,1.10,1.39,2.40,40,60,50,40,0,20,50,60,80,7.80,5.00,2.69,3.19,2.41,1.30,1.88,3.50,7.00,1.75,2.00,Stade Saint-Symphorien (Longeville-lès-Metz)
1699805100,Nov 12 2023 - 4:05pm,complete,N/A,Rennes,Olympique Lyonnais,Stéphanie Frappart,12,1.50,0.25,1.47,1.65,0,1,1,0,0,0,"","67",6,9,3,1,1,0,2,2,0,1,9,14,3,6,4,6,4,16,42,58,1.88,1.28,0.91,1.76,2.75,63,75,54,42,9,34,63,46,88,8.33,3.33,2.78,4.27,1.94,1.18,1.60,2.60,4.90,1.70,2.05,Roazhon Park (Rennes)
1699818300,Nov 12 2023 - 7:45pm,complete,36223,Lens,Olympique Marseille,Benoît Bastien,12,1.60,0.40,1.82,0.82,1,0,1,0,0,0,"90","",4,5,2,0,2,0,1,1,2,0,15,9,4,3,7,4,17,14,47,53,2.01,1.49,1.52,1.00,2.80,60,80,50,40,10,40,90,30,80,13.60,4.40,3.90,6.94,1.41,1.25,1.83,2.88,5.00,1.67,2.10,Stade Bollaert-Delelis (Lens)
1700856000,Nov 24 2023 - 8:00pm,complete,N/A,PSG,Monaco,Benoît Bastien,13,2.17,1.50,1.94,2.00,5,2,7,3,2,1,"18,39,70,72,90'6","22,75",2,10,0,0,1,0,0,0,0,1,17,15,12,8,2,3,7,16,54,46,1.78,1.77,2.14,1.69,3.42,50,83,75,59,25,59,83,67,75,11.83,3.50,1.44,4.75,6.50,1.12,1.36,2.05,3.30,1.53,2.38,Parc des Princes (Paris)
1700928000,Nov 25 2023 - 4:00pm,complete,N/A,Clermont,Lens,Benoît Millot,13,0.67,0.83,0.82,1.18,0,3,3,1,0,1,"","11,50,82",2,4,2,1,2,1,2,1,2,1,14,17,5,11,6,3,15,12,48,52,1.41,1.28,1.39,1.88,1.92,25,34,34,25,17,25,42,25,67,10.16,5.00,3.44,3.32,2.16,1.36,1.87,3.75,7.50,1.91,1.91,Stade Gabriel Montpied (Clermont-Ferrand)
1700942400,Nov 25 2023 - 8:00pm,complete,N/A,Strasbourg,Olympique Marseille,Jérôme Brisard,13,1.33,0.33,1.41,0.82,1,1,2,2,1,1,"6","27",7,11,1,0,2,0,0,1,0,2,16,17,8,4,6,8,14,15,40,60,1.25,1.41,1.75,1.50,2.50,50,67,50,34,9,34,50,50,75,7.83,5.00,4.02,3.62,1.89,1.33,1.75,3.60,7.00,1.80,1.95,Stade de la Meinau (Strasbourg)
1701000000,Nov 26 2023 - 12:00pm,complete,21849,Nice,Toulouse,François Letexier,13,2.00,0.86,1.82,1.59,1,0,1,0,0,0,"54","",4,2,0,0,4,0,0,0,1,3,9,21,4,4,3,8,8,18,54,46,1.34,0.99,0.95,1.45,1.66,37,68,22,0,0,7,61,22,77,7.79,5.03,1.56,4.29,5.98,1.32,1.76,3.50,7.00,2.05,1.70,Allianz Riviera (Nice)
1701007200,Nov 26 2023 - 2:00pm,complete,14469,Lorient,Metz,Jérémie Pignard,13,1.50,1.17,0.94,1.00,2,3,5,3,2,1,"7,22","1,65,83",5,6,2,0,1,0,0,2,1,0,13,15,6,6,5,6,9,16,68,32,1.05,1.03,1.56,1.39,2.75,59,75,59,25,17,50,67,50,75,8.67,2.83,1.88,3.63,4.25,1.36,1.83,3.75,7.50,1.95,1.80,Stade Yves Allainmat - Le Moustoir (Lorient)
1701007200,Nov 26 2023 - 2:00pm,complete,29346,Nantes,Le Havre,Miguel Bertolo Nogueira,13,1.33,1.17,0.71,0.71,0,0,0,0,0,0,"","",10,5,1,0,2,1,1,0,0,3,20,8,4,0,9,6,11,17,62,38,1.32,1.07,1.64,0.60,3.00,59,75,59,33,17,42,67,42,75,8.00,3.84,2.18,3.31,3.57,1.36,2.01,3.75,7.50,1.95,1.80,Stade de la Beaujoire - Louis Fonteneau (Nantes)
1701007200,Nov 26 2023 - 2:00pm,complete,12311,Montpellier,Brest,Pierre Gaillouste,13,1.20,1.17,1.06,1.76,1,3,4,1,0,1,"51","20,64,90'3",9,1,2,0,2,0,1,1,2,0,18,18,6,6,7,9,13,18,52,48,1.40,1.35,1.70,1.69,2.02,37,64,47,20,0,10,72,37,64,9.27,4.03,1.97,3.58,3.93,1.32,1.81,3.40,6.50,1.75,2.00,Stade de la Mosson-Mondial 98 (Montpellier)
1701014700,Nov 26 2023 - 4:05pm,complete,27718,Rennes,Reims,Ruddy Buquet,13,1.29,1.83,1.47,1.18,3,1,4,2,1,1,"4,46,66","45'1",1,8,2,0,2,0,0,2,0,2,11,17,6,6,2,5,10,20,37,63,1.74,1.23,1.13,1.56,3.20,85,85,69,52,7,62,77,45,100,9.83,3.86,1.75,3.95,4.40,1.30,1.72,3.25,6.50,1.75,2.00,Roazhon Park (Rennes)
1701027900,Nov 26 2023 - 7:45pm,complete,40029,Olympique Lyonnais,Lille,Eric Wattellier,13,0.50,1.17,1.47,1.29,0,2,2,2,0,2,"","27,32",3,5,2,0,2,0,0,2,2,0,12,16,6,9,4,3,17,5,47,53,1.72,1.33,1.30,1.60,3.00,75,83,50,42,34,42,75,42,83,11.33,5.50,3.00,3.60,2.25,1.30,1.75,3.40,6.50,1.67,2.10,Groupama Stadium (Décines-Charpieu)
1701280800,Nov 29 2023 - 6:00pm,complete,N/A,Montpellier,Clermont,Mathieu Vernice,8,1.00,1.00,1.06,0.65,1,1,2,1,0,1,"87","7",8,0,5,1,6,1,1,5,2,5,33,12,11,7,10,4,24,15,63,37,1.45,1.25,2.74,1.34,2.45,55,74,64,35,0,39,74,25,64,10.50,3.53,1.85,3.60,3.90,1.26,1.97,3.04,5.50,1.70,2.05,Stade de la Mosson-Mondial 98 (Montpellier)
1701460800,Dec 01 2023 - 8:00pm,complete,N/A,Reims,Strasbourg,Hakim Ben El Hadj,14,1.50,0.80,1.59,0.88,2,1,3,2,2,0,"10,42","88",4,5,1,0,1,0,0,1,0,1,14,12,5,5,5,5,6,7,51,49,1.50,0.76,1.31,1.39,2.35,27,82,45,9,0,20,82,25,100,9.07,1.80,2.04,4.41,2.55,1.25,1.85,2.90,5.70,1.75,2.00,Stade Auguste-Delaune II (Reims)
1701532800,Dec 02 2023 - 4:00pm,complete,N/A,Lens,Olympique Lyonnais,Clément Turpin,14,1.83,0.80,1.82,1.65,3,2,5,2,1,1,"26,52,74","15,72",3,6,2,1,0,0,2,1,0,0,11,13,8,8,2,1,12,14,52,48,1.93,1.37,1.62,1.51,1.79,35,54,27,9,0,9,52,19,82,12.10,3.47,1.65,3.75,4.30,1.25,1.70,3.00,5.50,1.75,2.00,Stade Bollaert-Delelis (Lens)
1701547200,Dec 02 2023 - 8:00pm,complete,N/A,Nantes,Nice,Ruddy Buquet,14,1.29,2.33,0.71,1.41,1,0,1,1,1,0,"25","",5,6,3,0,0,0,1,2,0,0,14,14,5,7,7,4,15,18,38,62,1.36,1.54,1.34,1.45,2.41,45,52,30,23,23,30,52,38,69,9.93,3.90,3.35,3.15,2.05,1.37,2.20,3.70,7.50,1.95,1.80,Stade de la Beaujoire - Louis Fonteneau (Nantes)
1701604800,Dec 03 2023 - 12:00pm,complete,N/A,Le Havre,PSG,Bastien Dechepy,14,1.33,2.33,1.18,2.53,0,2,2,1,0,1,"","23,89",9,2,2,0,1,1,0,2,1,1,23,10,8,6,8,3,11,9,60,40,1.29,1.88,2.31,1.11,2.50,50,75,59,25,17,34,59,50,67,8.84,3.00,9.75,5.77,1.35,1.18,1.53,2.30,4.20,1.91,1.91,Stade Océane (Le Havre)
1701612000,Dec 03 2023 - 2:00pm,complete,N/A,Toulouse,Lorient,Thomas Léonard,14,1.20,0.33,0.94,0.76,1,1,2,0,0,0,"72","90'1",3,4,2,0,4,0,1,1,2,2,12,12,7,6,2,4,18,10,51,49,1.37,1.01,1.49,1.37,2.99,57,75,55,27,17,37,37,55,92,6.60,2.93,2.29,3.62,3.31,1.27,1.83,3.10,5.70,1.75,2.00,Stadium de Toulouse (Toulouse)
1701612000,Dec 03 2023 - 2:00pm,complete,N/A,Brest,Clermont,Marc Bollengier,14,1.60,1.00,1.82,0.65,3,0,3,2,2,0,"20,34,51","",4,2,1,0,2,0,1,0,1,1,13,11,8,2,3,4,12,13,56,44,1.74,1.27,1.62,0.78,2.47,64,72,45,29,20,45,72,20,74,12.00,5.77,1.94,3.62,4.46,1.30,2.00,3.40,6.50,1.91,1.91,Stade Francis-Le Blé (Brest)
1701612000,Dec 03 2023 - 2:00pm,complete,N/A,Monaco,Montpellier,Jeremy Stinat,14,2.50,1.17,1.94,1.41,2,0,2,1,1,0,"9,90'2","",8,2,2,0,3,1,1,1,1,3,28,10,10,5,9,2,13,11,64,36,1.59,1.43,2.38,1.09,2.92,33,83,67,25,17,50,92,34,92,8.50,4.00,1.65,4.42,5.50,1.16,1.53,2.30,4.00,1.53,2.38,Stade Louis II (Monaco)
1701619500,Dec 03 2023 - 4:05pm,complete,N/A,Lille,Metz,Gaël Angoula,14,2.17,1.43,2.18,1.00,2,0,2,2,2,0,"45'2,45'6","",6,1,0,0,0,0,0,0,0,0,17,8,7,5,8,3,6,10,66,34,1.45,1.08,1.81,1.03,2.42,45,69,37,15,15,45,77,30,68,9.62,3.26,1.36,4.80,9.50,1.23,1.67,2.70,4.80,1.95,1.80,Decathlon Arena – Stade Pierre-Mauroy (Villeneuve d'Ascq)
1701632700,Dec 03 2023 - 7:45pm,complete,N/A,Olympique Marseille,Rennes,Willy Delajod,14,2.20,0.60,2.12,1.24,2,0,2,1,1,0,"8,65","",1,6,1,1,3,1,0,2,1,3,7,11,4,0,1,9,9,15,43,57,1.58,1.41,0.93,1.04,1.50,30,60,30,0,0,30,60,0,50,10.40,2.80,1.83,3.70,4.20,1.25,1.70,2.98,5.40,1.75,2.00,Stade Orange Vélodrome (Marseille)
1701892800,Dec 06 2023 - 8:00pm,complete,N/A,Olympique Marseille,Olympique Lyonnais,François Letexier,10,2.33,0.67,2.12,1.65,3,0,3,2,2,0,"21,25,55","",10,3,1,0,2,0,0,1,1,1,13,7,6,2,5,3,12,10,54,46,1.47,1.40,1.44,0.66,1.84,25,59,33,9,9,25,50,17,75,9.16,2.83,1.67,3.75,4.75,1.20,1.75,2.40,4.33,1.62,2.20,Stade Orange Vélodrome (Marseille)
1701977400,Dec 07 2023 - 7:30pm,complete,N/A,Brest,Strasbourg,Jérémie Pignard,12,1.83,0.67,1.82,0.88,1,1,2,1,1,0,"44","80",6,0,1,0,0,0,1,0,0,0,15,10,5,6,7,2,11,16,64,36,1.72,0.86,1.78,1.32,2.50,42,75,50,17,17,50,75,17,92,10.17,3.16,2.00,3.35,3.45,1.37,2.02,3.60,7.00,1.95,1.80,Stade Francis-Le Blé (Brest)
1702065600,Dec 08 2023 - 8:00pm,complete,N/A,Montpellier,Lens,Stéphanie Frappart,15,1.00,1.14,1.06,1.18,0,0,0,0,0,0,"","",4,3,2,0,3,0,0,2,2,1,19,14,5,6,6,4,17,11,34,66,1.63,1.37,1.29,1.50,2.36,43,64,57,36,7,22,71,43,64,9.29,5.57,3.00,3.45,2.33,1.30,1.73,3.25,6.50,1.67,2.10,Stade de la Mosson-Mondial 98 (Montpellier)
1702137600,Dec 09 2023 - 4:00pm,complete,N/A,Rennes,Monaco,Clément Turpin,15,1.50,1.29,1.47,2.00,1,2,3,0,0,0,"90","51,85",5,5,2,0,5,1,1,1,1,5,16,13,6,6,7,5,8,19,46,54,1.67,1.76,1.55,1.45,3.89,80,87,73,73,28,67,87,67,86,10.93,4.31,2.57,3.70,2.57,1.22,1.68,2.70,5.00,1.53,2.38,Roazhon Park (Rennes)
1702152000,Dec 09 2023 - 8:00pm,complete,N/A,PSG,Nantes,Jérôme Brisard,15,2.29,1.00,1.94,1.24,2,1,3,1,1,0,"41,83","55",5,3,1,0,3,0,0,1,1,2,17,11,7,5,4,2,9,12,65,35,1.83,1.26,1.72,1.01,3.36,47,85,77,54,15,45,68,69,93,10.26,3.38,1.24,6.60,10.50,1.11,1.38,2.03,3.20,1.80,1.95,Parc des Princes (Paris)
1702209600,Dec 10 2023 - 12:00pm,complete,N/A,Nice,Reims,Benoît Bastien,15,2.14,1.57,1.82,1.18,2,1,3,0,0,0,"55,82","78",9,0,2,0,3,0,0,2,0,3,16,10,6,3,8,4,14,5,52,48,1.28,1.28,1.71,0.88,2.07,50,65,36,22,0,36,57,22,86,9.72,3.86,1.84,3.55,4.45,1.38,2.05,4.00,8.00,1.95,1.80,Allianz Riviera (Nice)
1702216800,Dec 10 2023 - 2:00pm,complete,N/A,Strasbourg,Le Havre,Benoît Millot,15,1.29,1.14,1.41,0.71,2,1,3,1,1,0,"21,90'7","49",4,3,3,0,1,0,2,1,1,0,13,16,4,4,4,7,15,17,44,56,1.32,1.00,1.13,1.36,2.07,50,64,50,22,0,29,43,43,57,6.71,4.57,2.10,3.35,3.65,1.42,2.12,4.33,9.00,1.95,1.80,Stade de la Meinau (Strasbourg)
1702216800,Dec 10 2023 - 2:00pm,complete,N/A,Clermont,Lille,Florent Batta,15,0.57,1.43,0.82,1.29,0,0,0,0,0,0,"","",3,5,2,0,2,0,0,2,1,1,17,13,6,4,8,5,18,9,47,53,1.41,1.37,1.60,1.15,2.15,36,58,29,22,14,22,58,29,79,10.58,4.42,3.65,3.45,2.05,1.36,1.98,3.75,7.50,1.95,1.80,Stade Gabriel Montpied (Clermont-Ferrand)
1702216800,Dec 10 2023 - 2:00pm,complete,N/A,Metz,Brest,Romain Lissorgue,15,1.00,1.43,0.71,1.76,0,1,1,0,0,0,"","75",3,2,3,0,2,0,2,1,2,0,8,5,4,4,2,1,14,16,32,68,1.08,1.40,0.92,1.11,2.24,47,61,47,32,0,17,77,38,69,7.83,4.21,3.20,3.35,2.28,1.35,2.04,3.50,6.50,1.91,1.91,Stade Saint-Symphorien (Longeville-lès-Metz)
1702224300,Dec 10 2023 - 4:05pm,complete,N/A,Olympique Lyonnais,Toulouse,Pierre Gaillouste,15,0.43,0.75,1.47,1.59,3,0,3,2,2,0,"25,29,80","",2,1,2,0,4,0,0,2,2,2,16,17,8,7,7,4,14,15,49,51,1.66,1.05,1.75,1.57,2.65,61,81,48,22,22,42,67,41,80,8.70,5.57,1.83,3.83,3.83,1.25,1.71,2.95,5.50,1.67,2.10,Groupama Stadium (Décines-Charpieu)
1702237500,Dec 10 2023 - 7:45pm,complete,N/A,Lorient,Olympique Marseille,Eric Wattellier,15,1.29,0.43,0.94,0.82,2,4,6,5,1,4,"41,52","3,9,33,42",4,6,5,0,3,1,3,2,1,3,16,19,10,9,4,5,17,17,50,50,1.12,1.42,1.93,1.81,2.93,64,79,57,43,22,57,71,50,71,10.85,4.00,3.88,3.73,1.84,1.28,1.94,3.20,6.00,1.80,1.95,Stade Yves Allainmat - Le Moustoir (Lorient)
1702670400,Dec 15 2023 - 8:00pm,complete,N/A,Monaco,Olympique Lyonnais,Ruddy Buquet,16,2.57,0.57,1.94,1.65,0,1,1,0,0,0,"","85",6,1,1,0,2,0,1,0,1,1,21,6,5,3,12,2,13,12,59,41,1.70,1.29,1.92,0.73,2.43,29,72,50,14,14,43,65,15,93,10.28,3.86,1.57,4.25,5.00,1.13,1.38,2.05,3.60,1.50,2.50,Stade Louis II (Monaco)
1702742400,Dec 16 2023 - 4:00pm,complete,N/A,Le Havre,Nice,Jérémie Pignard,16,1.14,2.00,1.18,1.41,3,1,4,2,2,0,"5,35,51","90'1",2,9,3,1,2,1,1,3,0,3,11,14,6,7,2,4,10,9,38,62,1.44,1.53,1.09,1.54,1.72,29,50,29,7,7,14,50,29,57,9.14,3.14,4.50,3.25,1.87,1.47,2.35,4.75,10.00,2.10,1.67,Stade Océane (Le Havre)
1702756800,Dec 16 2023 - 8:00pm,complete,N/A,Lens,Reims,François Letexier,16,2.00,1.38,1.82,1.18,2,0,2,1,1,0,"43,75","",4,7,0,0,1,0,0,0,1,0,8,16,3,4,3,8,10,10,46,54,1.88,1.23,0.84,1.40,2.79,73,80,59,34,7,46,75,40,93,11.49,4.13,1.80,3.70,4.25,1.26,1.70,3.10,5.50,1.75,2.00,Stade Bollaert-Delelis (Lens)
1702814400,Dec 17 2023 - 12:00pm,complete,N/A,Nantes,Brest,Benoît Millot,16,1.50,1.63,0.71,1.76,0,2,2,0,0,0,"","49,57",4,3,1,0,3,0,0,1,1,2,16,16,6,9,6,3,13,7,47,53,1.36,1.36,1.60,1.65,2.44,44,63,38,19,13,19,75,38,69,10.01,4.38,2.60,3.30,2.70,1.40,2.09,4.00,8.00,1.91,1.91,Stade de la Beaujoire - Louis Fonteneau (Nantes)
1702821600,Dec 17 2023 - 2:00pm,complete,N/A,Toulouse,Rennes,Jeremy Stinat,16,1.17,0.50,0.94,1.24,0,0,0,0,0,0,"","",4,4,3,0,2,0,1,2,2,0,16,12,7,5,3,1,18,15,48,52,1.39,1.35,1.57,1.12,2.09,58,84,34,9,0,25,50,34,75,9.00,4.00,3.10,3.60,2.26,1.28,1.80,3.10,6.00,1.67,2.10,Stadium de Toulouse (Toulouse)
1702821600,Dec 17 2023 - 2:00pm,complete,N/A,Lorient,Strasbourg,Bastien Dechepy,16,1.13,0.71,0.94,0.88,1,2,3,1,0,1,"53","14,49",6,1,3,0,2,0,1,2,0,2,8,14,2,10,3,1,16,12,52,48,1.22,0.93,0.92,1.62,2.90,59,87,59,25,19,53,81,32,88,7.77,2.59,2.60,3.20,2.90,1.40,2.08,4.20,8.50,1.91,1.91,Stade Yves Allainmat - Le Moustoir (Lorient)
1702821600,Dec 17 2023 - 2:00pm,complete,N/A,Metz,Montpellier,Marc Bollengier,16,0.86,1.00,0.71,1.41,0,1,1,1,0,1,"","9",12,5,2,0,2,0,0,2,0,2,20,7,5,4,4,0,16,14,51,49,1.06,1.38,1.44,0.78,2.50,36,65,50,36,7,29,79,43,79,5.86,3.85,3.20,3.30,2.31,1.36,1.98,3.75,7.50,1.80,1.95,Stade Saint-Symphorien (Longeville-lès-Metz)
1702829100,Dec 17 2023 - 4:05pm,complete,N/A,Olympique Marseille,Clermont,Gaël Angoula,16,2.43,0.86,2.12,0.65,2,1,3,2,2,0,"26,42","58",4,1,0,0,2,0,0,0,0,2,16,6,7,3,8,2,12,14,55,45,1.47,1.20,1.79,0.76,2.15,36,79,50,7,0,50,79,0,71,9.71,4.29,1.45,4.40,7.00,1.24,1.75,2.90,5.50,1.95,1.80,Stade Orange Vélodrome (Marseille)
1702842300,Dec 17 2023 - 7:45pm,complete,N/A,Lille,PSG,Willy Delajod,16,2.29,2.43,2.18,2.53,1,1,2,0,0,0,"90'4","66",8,8,1,0,1,0,0,1,1,0,17,11,4,3,4,2,9,20,41,59,1.50,1.77,1.07,0.99,2.43,43,79,36,22,15,43,79,36,65,10.14,3.71,3.60,3.75,1.95,1.22,1.55,2.80,5.00,1.62,2.20,Decathlon Arena – Stade Pierre-Mauroy (Villeneuve d'Ascq)
1703102400,Dec 20 2023 - 8:00pm,complete,N/A,PSG,Metz,Ruddy Buquet,17,2.38,1.25,1.94,1.00,3,1,4,0,0,0,"49,60,83","72",5,5,0,0,1,0,0,0,1,0,14,4,6,2,4,2,5,8,75,25,1.82,1.08,1.73,0.57,3.26,50,82,69,38,25,57,82,57,82,9.26,2.00,1.13,8.00,19.00,1.09,1.36,2.05,3.00,2.00,1.75,Parc des Princes (Paris)
1703102400,Dec 20 2023 - 8:00pm,complete,N/A,Strasbourg,Lille,Clément Turpin,17,1.50,1.38,1.41,1.29,2,1,3,2,1,1,"41,76","20",6,5,1,0,2,0,1,0,1,1,11,10,4,3,3,3,19,11,32,68,1.29,1.34,0.91,0.88,2.19,57,75,38,19,7,25,63,44,63,8.50,4.88,4.10,3.30,1.95,1.33,2.10,3.75,7.50,1.80,1.95,Stade de la Meinau (Strasbourg)
1703102400,Dec 20 2023 - 8:00pm,complete,N/A,Toulouse,Monaco,Jérôme Brisard,17,1.14,1.50,0.94,2.00,1,2,3,3,1,2,"5","26,44",4,5,2,0,3,1,1,1,1,3,21,13,6,5,9,4,14,10,55,45,1.42,1.72,1.92,1.27,3.15,73,87,59,39,19,46,52,66,81,9.82,4.74,4.50,3.90,1.73,1.18,1.65,2.25,4.20,1.53,2.38,Stadium de Toulouse (Toulouse)
1703102400,Dec 20 2023 - 8:00pm,complete,N/A,Olympique Lyonnais,Nantes,Benoît Bastien,17,0.75,0.86,1.47,1.24,1,0,1,0,0,0,"49","",7,7,1,1,2,0,0,2,2,0,10,9,8,0,1,6,9,18,39,61,1.67,1.22,1.43,0.84,3.13,60,87,67,41,19,52,66,55,88,9.70,5.21,1.75,3.75,4.60,1.24,1.73,2.90,5.50,1.70,2.05,Groupama Stadium (Décines-Charpieu)
1703102400,Dec 20 2023 - 8:00pm,complete,N/A,Nice,Lens,Hakim Ben El Hadj,17,2.25,1.13,1.82,1.18,2,0,2,0,0,0,"76,78","",5,6,2,0,2,0,1,1,0,2,15,11,6,4,5,4,15,9,40,60,1.34,1.39,1.40,1.05,1.69,25,50,32,13,7,13,51,26,63,9.13,5.38,2.20,3.20,3.40,1.42,2.15,4.33,9.00,1.95,1.80,Allianz Riviera (Nice)
1703102400,Dec 20 2023 - 8:00pm,complete,N/A,Clermont,Rennes,Eric Wattellier,17,0.63,0.57,0.82,1.24,1,3,4,1,1,0,"4","52,88,90'7",4,5,0,1,3,0,1,0,1,2,15,27,7,12,2,10,8,11,44,56,1.43,1.32,1.36,2.68,1.46,21,41,20,7,7,14,41,13,59,10.29,4.04,3.20,3.20,2.30,1.30,2.10,3.40,6.50,1.70,2.05,Stade Gabriel Montpied (Clermont-Ferrand)
1703102400,Dec 20 2023 - 8:00pm,complete,N/A,Reims,Le Havre,Stéphanie Frappart,17,1.71,1.00,1.59,0.71,1,0,1,1,1,0,"25","",6,2,1,0,1,1,0,1,1,1,23,5,8,2,8,3,7,7,65,35,1.47,1.05,2.33,0.68,2.35,47,75,60,20,0,20,68,41,82,8.93,3.25,1.70,3.70,5.00,1.28,1.91,3.20,6.00,1.91,1.91,Stade Auguste-Delaune II (Reims)
1703102400,Dec 20 2023 - 8:00pm,complete,N/A,Montpellier,Olympique Marseille,Thomas Léonard,17,1.00,0.75,1.06,0.82,1,1,2,1,1,0,"14","52",5,10,2,0,1,0,1,1,0,1,13,18,7,5,5,8,22,11,32,68,1.59,1.47,1.46,1.58,2.63,57,69,50,44,13,38,69,32,69,11.01,4.88,3.75,3.50,1.95,1.25,1.80,2.95,5.50,1.62,2.20,Stade de la Mosson-Mondial 98 (Montpellier)
1703102400,Dec 20 2023 - 8:00pm,complete,N/A,Brest,Lorient,Mathieu Vernice,17,1.71,0.43,1.82,0.76,4,0,4,4,4,0,"22,25,29,45'3","",1,0,1,0,2,0,0,1,0,2,13,8,8,4,3,3,7,17,60,40,1.73,1.07,1.56,0.95,2.79,50,64,43,29,29,36,50,43,86,9.57,3.85,1.62,3.75,5.75,1.30,2.00,3.40,6.50,1.95,1.80,Stade Francis-Le Blé (Brest)
1705089600,Jan 12 2024 - 8:00pm,complete,N/A,Olympique Marseille,Strasbourg,Marc Bollengier,18,2.50,1.00,2.12,0.88,1,1,2,1,1,0,"3","90'2",6,4,3,0,2,0,1,2,0,2,9,19,3,5,5,6,11,10,47,53,1.51,1.01,0.98,1.38,2.19,38,82,50,0,0,44,82,7,88,7.88,2.01,1.50,4.33,5.75,1.28,1.80,3.20,6.00,1.95,1.80,Orange Vélodrome (Marseille)
1705161600,Jan 13 2024 - 4:00pm,complete,N/A,Monaco,Reims,François Letexier,18,2.25,1.22,1.94,1.18,1,3,4,1,0,1,"49","35,55,90'5",6,6,3,0,2,0,1,2,0,2,10,14,6,6,4,6,11,5,57,43,1.73,1.25,1.42,1.47,2.70,52,82,59,23,7,53,71,22,100,10.64,4.13,1.74,4.10,4.40,1.19,1.57,2.45,4.33,1.62,2.20,Stade Louis-II (Monaco)
1705176000,Jan 13 2024 - 8:00pm,complete,N/A,Rennes,Nice,Bastien Dechepy,18,1.33,1.75,1.47,1.41,2,0,2,1,1,0,"31,54","",6,6,1,0,0,0,0,1,0,0,16,10,6,3,4,3,13,11,43,57,1.65,1.53,1.38,0.85,2.72,64,64,52,46,12,41,64,53,82,9.81,4.14,2.55,3.30,2.85,1.40,2.05,4.00,8.00,1.95,1.80,Roazhon Park (Rennes)
1705233600,Jan 14 2024 - 12:00pm,complete,N/A,Lille,Lorient,Pierre Gaillouste,18,2.13,0.38,2.18,0.76,3,0,3,1,1,0,"37,90,90'3","",7,1,1,0,4,0,1,0,2,2,25,2,11,0,6,2,10,22,58,42,1.45,1.05,2.43,0.23,2.51,38,69,32,19,13,38,57,38,63,8.50,3.25,1.39,4.95,7.50,1.22,1.70,2.85,5.00,2.00,1.75,Decathlon Arena - Stade Pierre-Mauroy (Villeneuve d'Ascq)
1705240800,Jan 14 2024 - 2:00pm,complete,N/A,Nantes,Clermont,Romain Lissorgue,18,1.33,0.75,0.71,0.65,1,2,3,1,0,1,"47","29,89",11,5,1,1,1,0,1,1,0,1,22,17,11,7,5,7,9,6,52,48,1.39,1.14,2.18,1.66,2.64,54,78,48,18,11,48,78,22,71,9.35,4.55,1.99,3.45,3.85,1.38,2.08,4.00,8.00,1.95,1.80,Stade de la Beaujoire - Louis Fonteneau (Nantes)
1705240800,Jan 14 2024 - 2:00pm,complete,N/A,Metz,Toulouse,Florent Batta,18,0.75,0.67,0.71,1.59,0,1,1,1,0,1,"","12",5,2,3,1,2,0,3,1,1,1,15,6,3,3,8,2,19,17,49,51,1.11,1.11,1.38,0.80,2.06,41,58,41,19,0,24,65,29,76,6.89,4.86,2.95,3.25,2.47,1.40,2.03,4.00,7.50,1.95,1.80,Stade Saint-Symphorien (Longeville-lès-Metz)
1705240800,Jan 14 2024 - 2:00pm,complete,N/A,Brest,Montpellier,Jérémie Pignard,18,1.88,1.25,1.82,1.41,2,0,2,0,0,0,"48,90'2","",3,3,1,0,2,0,1,0,1,1,27,10,10,5,8,2,7,7,65,35,1.70,1.30,2.34,1.02,2.69,38,75,50,32,19,38,88,38,75,9.00,4.13,1.87,3.80,3.95,1.30,1.94,3.40,6.50,1.80,1.95,Stade Francis-Le Blé (Brest)
1705248300,Jan 14 2024 - 4:05pm,complete,N/A,Le Havre,Olympique Lyonnais,Gaël Angoula,18,1.38,0.88,1.18,1.65,3,1,4,1,1,0,"18,50,62","54",3,7,1,0,0,2,0,1,1,1,15,10,8,3,4,3,9,3,42,58,1.39,1.22,1.61,0.97,2.07,32,63,44,13,7,25,51,32,76,8.26,3.26,3.04,3.48,2.51,1.33,2.05,3.60,7.00,1.80,1.95,Stade Océane (Le Havre)
1705261500,Jan 14 2024 - 7:45pm,complete,N/A,Lens,PSG,Jérôme Brisard,18,2.13,2.25,1.82,2.53,0,2,2,1,0,1,"","30,89",5,6,0,1,1,0,1,0,0,1,18,16,6,8,5,3,12,8,34,66,1.75,1.67,1.38,1.83,2.69,57,82,44,32,19,32,76,44,88,11.63,3.75,3.86,3.96,1.99,1.20,1.65,2.60,4.50,1.57,2.25,Stade Bollaert-Delelis (Lens)
1706299200,Jan 26 2024 - 8:00pm,complete,N/A,Olympique Lyonnais,Rennes,Thomas Léonard,19,1.00,0.88,1.47,1.24,2,3,5,3,0,3,"57,78","22,36,41",3,2,2,0,2,0,1,1,1,1,13,12,7,6,3,4,13,12,63,37,1.64,1.49,1.52,1.25,2.32,47,71,41,23,17,40,65,23,64,10.58,4.94,2.36,3.10,2.80,1.32,1.83,3.40,6.50,1.75,2.00,Groupama Stadium (Décines-Charpieu)
1706371200,Jan 27 2024 - 4:00pm,complete,N/A,Nice,Metz,Stéphanie Frappart,19,2.33,1.11,1.82,1.00,1,0,1,0,0,0,"77","",5,2,1,0,1,0,0,1,0,1,16,3,10,2,3,1,10,12,66,34,1.34,1.02,1.87,0.59,2.22,39,67,34,17,11,28,50,33,78,9.00,3.11,1.40,4.33,8.00,1.33,1.71,3.60,6.90,2.50,1.50,Allianz Riviera (Nice)
1706385600,Jan 27 2024 - 8:00pm,complete,N/A,Olympique Marseille,Monaco,Willy Delajod,19,2.33,1.67,2.12,2.00,2,2,4,3,1,2,"38,50","7,45'4",10,1,1,0,2,2,0,1,1,3,24,7,10,6,8,1,11,13,69,31,1.45,1.67,2.40,1.08,2.95,56,84,61,28,17,56,78,34,73,11.22,4.44,2.25,3.70,2.75,1.22,1.68,2.80,5.00,1.62,2.20,Orange Vélodrome (Marseille)
1706443200,Jan 28 2024 - 12:00pm,complete,N/A,Montpellier,Lille,Hakim Ben El Hadj,19,1.00,1.22,1.06,1.29,0,0,0,0,0,0,"","",5,2,4,0,2,1,1,3,2,1,13,13,8,0,3,8,13,14,39,61,1.58,1.29,1.55,0.79,2.17,56,73,39,28,6,22,73,28,67,10.11,4.56,3.70,3.60,1.99,1.28,1.96,3.24,6.05,1.80,1.95,Stade de la Mosson-Mondial 98 (Montpellier)
1706450400,Jan 28 2024 - 2:00pm,complete,N/A,Lorient,Le Havre,Jeremy Stinat,19,1.00,0.89,0.94,0.71,3,3,6,2,1,1,"33,51,90'2","15,85,90'4",1,4,4,0,4,0,4,0,2,2,14,16,7,6,6,3,16,19,43,57,1.19,1.01,1.62,1.35,2.72,61,73,67,33,17,39,67,50,67,8.11,4.33,2.85,3.10,2.70,1.43,1.96,4.40,8.60,2.00,1.75,Stade du Moustoir - Yves Allainmat (Lorient)
1706450400,Jan 28 2024 - 2:00pm,complete,N/A,Clermont,Strasbourg,Benoît Millot,19,0.56,1.00,0.82,0.88,1,1,2,1,0,1,"52","34",5,2,1,0,3,0,1,0,0,3,15,7,7,3,3,4,12,15,53,47,1.42,1.06,1.43,0.90,2.11,39,61,39,11,6,22,61,22,89,7.89,2.78,2.70,3.25,2.70,1.38,2.17,3.88,7.60,1.95,1.80,Stade Gabriel-Montpied (Clermont-Ferrand)
1706450400,Jan 28 2024 - 2:00pm,complete,N/A,Reims,Nantes,Jérémie Pignard,19,1.88,0.75,1.59,1.24,0,0,0,0,0,0,"","",6,2,3,0,2,0,0,3,0,2,12,8,2,6,9,1,10,16,49,51,1.58,1.18,1.20,1.15,2.57,44,75,57,26,0,19,69,51,94,10.38,3.63,1.87,3.65,4.10,1.25,1.91,3.02,5.55,1.80,1.95,Stade Auguste-Delaune (Reims)
1706457900,Jan 28 2024 - 4:05pm,complete,N/A,Toulouse,Lens,Mathieu Vernice,19,1.00,1.00,0.94,1.18,0,2,2,1,0,1,"","42,55",10,7,3,0,3,0,2,1,1,2,14,14,5,6,4,6,11,14,54,46,1.48,1.35,1.37,1.44,2.19,49,72,47,18,6,30,47,47,66,7.96,5.21,3.50,3.50,2.00,1.28,1.88,3.24,6.05,1.80,1.95,Stadium de Toulouse (Toulouse)
1706471100,Jan 28 2024 - 7:45pm,complete,N/A,PSG,Brest,Clément Turpin,19,2.44,1.78,1.94,1.76,2,2,4,2,2,0,"38,45","55,80",7,0,4,1,3,0,1,4,1,2,11,10,5,7,3,2,13,10,54,46,1.81,1.40,1.26,1.37,2.84,45,78,61,34,11,22,73,61,84,9.77,3.34,1.33,5.50,7.00,1.18,1.55,2.14,4.33,1.80,1.95,Parc des Princes (Paris)
1706904000,Feb 02 2024 - 8:00pm,complete,N/A,Strasbourg,PSG,Ruddy Buquet,20,1.67,2.33,1.41,2.53,1,2,3,1,0,1,"68","31,49",3,4,3,0,1,0,1,2,1,0,21,10,9,6,8,2,7,10,37,63,1.25,1.69,2.08,1.19,2.56,62,84,50,22,11,33,62,56,78,8.78,4.00,5.75,4.40,1.50,1.20,1.57,2.60,4.50,1.70,2.05,Stade de la Meinau (Strasbourg)
1706976000,Feb 03 2024 - 4:00pm,complete,N/A,Rennes,Montpellier,Mathieu Vernice,20,1.50,1.11,1.47,1.41,2,1,3,1,1,0,"3,48","73",5,3,4,0,3,0,1,3,2,1,11,18,5,10,3,3,15,12,49,51,1.63,1.27,1.15,1.95,2.98,51,84,57,41,11,36,85,58,89,7.92,3.91,2.07,3.71,3.81,1.26,1.83,3.10,5.50,1.80,1.95,Roazhon Park (Rennes)
1706990400,Feb 03 2024 - 8:00pm,complete,N/A,Nantes,Lens,Florent Batta,20,1.20,1.20,0.71,1.18,0,1,1,0,0,0,"","48",2,3,2,0,2,0,1,1,0,2,8,13,3,5,4,6,16,11,42,58,1.47,1.36,0.90,1.41,2.40,35,65,40,20,15,25,65,45,65,10.40,5.10,3.62,3.62,2.16,1.30,2.02,3.40,6.50,1.80,1.95,Stade de la Beaujoire - Louis Fonteneau (Nantes)
1707048000,Feb 04 2024 - 12:00pm,complete,N/A,Monaco,Le Havre,Jérôme Brisard,20,2.00,0.90,1.94,0.71,1,1,2,0,0,0,"63","65",9,4,3,0,2,0,1,2,0,2,18,4,6,0,8,3,17,12,61,39,1.69,1.04,1.90,0.48,2.54,42,69,58,26,11,37,69,26,80,9.18,4.72,1.47,4.45,6.90,1.24,1.70,2.90,5.50,1.80,1.95,Stade Louis-II (Monaco)
1707055200,Feb 04 2024 - 2:00pm,complete,N/A,Lille,Clermont,Bastien Dechepy,20,2.22,1.00,2.18,0.65,4,0,4,4,4,0,"10,24,38,40","",12,1,0,0,1,0,0,0,1,0,24,5,14,4,7,0,8,12,60,40,1.56,1.20,2.80,0.70,2.28,50,84,45,6,0,45,84,22,67,10.11,4.11,1.41,4.69,7.56,1.26,1.75,3.10,6.00,2.05,1.70,Decathlon Arena - Stade Pierre-Mauroy (Villeneuve d'Ascq)
1707055200,Feb 04 2024 - 2:00pm,complete,N/A,Reims,Toulouse,Pierre Gaillouste,20,1.78,0.90,1.59,1.59,2,3,5,3,0,3,"49,90'1","11,31,45'2",10,6,2,0,3,0,2,0,1,2,18,11,6,5,8,2,13,16,62,38,1.54,1.08,1.81,1.03,2.06,37,69,42,6,0,16,74,32,79,8.36,4.22,1.76,3.78,4.48,1.30,1.87,3.30,6.50,1.80,1.95,Stade Auguste-Delaune (Reims)
1707055200,Feb 04 2024 - 2:00pm,complete,N/A,Metz,Lorient,Romain Lissorgue,20,0.67,0.33,0.71,0.76,1,2,3,2,1,1,"22","19,58",4,3,3,0,1,0,1,2,0,1,11,13,4,5,5,4,12,11,43,57,1.14,0.96,1.27,1.31,2.50,33,50,45,33,11,28,56,39,67,6.67,4.11,3.81,1.71,3.83,1.50,2.33,5.00,10.00,2.10,1.67,Stade Saint-Symphorien (Longeville-lès-Metz)
1707062700,Feb 04 2024 - 4:05pm,complete,N/A,Brest,Nice,Jeremy Stinat,20,2.00,1.56,1.82,1.41,0,0,0,0,0,0,"","",3,5,3,0,1,0,1,2,0,1,18,15,3,2,7,4,10,8,53,47,1.78,1.46,1.36,0.75,2.28,39,61,33,28,17,33,62,33,73,10.77,3.89,2.60,3.25,2.70,1.44,2.33,4.33,8.00,2.00,1.75,Stade Francis-Le Blé (Brest)
1707075900,Feb 04 2024 - 7:45pm,complete,N/A,Olympique Lyonnais,Olympique Marseille,Benoît Bastien,20,0.90,0.78,1.47,0.82,1,0,1,1,1,0,"37","",3,2,2,0,1,0,1,1,0,1,13,9,8,2,2,5,14,10,37,63,1.63,1.48,1.53,1.00,3.10,64,79,52,42,31,63,74,31,79,11.66,5.17,2.80,3.40,2.45,1.29,1.87,3.20,5.75,1.70,2.05,Groupama Stadium (Décines-Charpieu)
1707508800,Feb 09 2024 - 8:00pm,complete,N/A,Olympique Marseille,Metz,Hakim Ben El Hadj,21,2.20,1.00,2.12,1.00,1,1,2,0,0,0,"56","61",6,3,2,1,0,0,1,2,0,0,19,8,7,4,8,1,11,15,66,34,1.55,0.98,1.86,0.82,2.50,45,75,50,20,10,50,70,20,80,9.40,2.50,1.33,5.10,9.50,1.28,1.83,3.30,6.50,2.25,1.57,Orange Vélodrome (Marseille)
1707580800,Feb 10 2024 - 4:00pm,complete,N/A,Lens,Strasbourg,Willy Delajod,21,1.89,1.00,1.82,0.88,3,1,4,3,2,1,"16,30,58","43",4,5,2,0,1,0,1,1,0,1,11,20,7,6,2,8,14,14,50,50,1.71,1.04,1.33,1.66,2.37,52,84,37,11,6,26,90,16,95,9.23,2.98,1.65,3.70,5.50,1.32,1.95,3.50,7.00,1.95,1.80,Stade Bollaert-Delelis (Lens)
1707595200,Feb 10 2024 - 8:00pm,complete,N/A,PSG,Lille,François Letexier,21,2.30,1.20,1.94,1.29,3,1,4,3,2,1,"10,17,80","6",6,8,2,0,3,0,1,1,2,1,17,11,9,4,5,3,12,10,52,48,1.75,1.24,1.84,1.05,2.85,55,80,60,40,15,40,75,50,75,10.40,3.70,1.73,3.75,4.75,1.20,1.75,2.60,4.75,1.75,2.00,Parc des Princes (Paris)
1707652800,Feb 11 2024 - 12:00pm,complete,N/A,Le Havre,Rennes,Benoît Millot,21,1.56,1.11,1.18,1.24,0,1,1,0,0,0,"","60",5,1,2,0,1,0,1,1,0,1,14,12,6,3,4,5,15,7,49,51,1.42,1.46,1.58,1.02,2.17,44,73,45,22,6,22,67,33,62,8.89,3.89,3.40,3.40,2.16,1.40,2.15,4.20,8.50,1.95,1.80,Stade Océane (Le Havre)
1707660000,Feb 11 2024 - 2:00pm,complete,N/A,Toulouse,Nantes,Gaël Angoula,21,0.89,0.78,0.94,1.24,1,2,3,1,0,1,"90'6","2,51",12,0,2,0,1,0,2,0,1,0,17,6,4,3,5,2,11,13,74,26,1.47,1.17,1.48,0.61,2.39,56,78,50,22,0,28,44,50,84,8.89,4.56,2.25,3.45,3.15,1.36,2.03,3.75,7.50,1.80,1.95,Stadium de Toulouse (Toulouse)
1707660000,Feb 11 2024 - 2:00pm,complete,N/A,Lorient,Reims,Marc Bollengier,21,1.00,1.40,0.94,1.18,2,0,2,0,0,0,"70,87","",1,7,1,0,1,0,1,0,1,0,18,24,6,7,6,8,9,14,40,60,1.23,1.27,1.36,2.03,3.35,80,90,75,45,20,55,75,60,90,9.40,4.20,3.65,3.65,1.98,1.32,1.94,3.40,6.50,1.75,2.00,Stade du Moustoir - Yves Allainmat (Lorient)
1707660000,Feb 11 2024 - 2:00pm,complete,N/A,Clermont,Brest,Stéphanie Frappart,21,0.60,1.70,0.82,1.76,1,1,2,0,0,0,"69","50",2,4,2,1,4,1,1,2,2,3,8,17,3,10,4,7,8,9,46,54,1.42,1.39,0.93,2.20,2.05,35,55,35,20,5,10,55,40,80,8.90,4.40,3.60,3.45,2.08,1.40,2.21,4.00,8.00,1.95,1.80,Stade Gabriel-Montpied (Clermont-Ferrand)
1707667500,Feb 11 2024 - 4:05pm,complete,N/A,Montpellier,Olympique Lyonnais,Pierre Gaillouste,21,1.00,0.78,1.06,1.65,1,2,3,1,1,0,"23","74,82",1,5,1,0,2,0,0,1,1,1,16,20,9,6,4,10,8,9,45,55,1.57,1.19,1.90,1.87,2.06,42,58,42,26,6,16,52,32,75,9.34,4.09,2.60,3.25,2.70,1.33,2.00,3.60,7.00,1.75,2.00,Stade de la Mosson-Mondial 98 (Montpellier)
1707680700,Feb 11 2024 - 7:45pm,complete,N/A,Nice,Monaco,Eric Wattellier,21,2.40,1.60,1.82,2.00,2,3,5,2,1,1,"37,74","16,50,77",8,2,5,1,4,0,1,5,2,2,17,10,6,6,7,3,16,13,47,53,1.40,1.61,1.59,1.33,2.65,50,70,45,30,15,35,55,40,75,10.60,5.10,2.30,3.25,3.10,1.33,1.99,3.60,7.00,1.80,1.95,Allianz Riviera (Nice)
1708113600,Feb 16 2024 - 8:00pm,complete,N/A,Olympique Lyonnais,Nice,Clément Turpin,22,1.09,1.50,1.47,1.41,1,0,1,1,1,0,"22","",4,9,0,0,1,0,0,0,1,0,10,21,2,7,4,6,7,13,48,52,1.62,1.39,0.87,1.71,2.35,43,57,38,28,23,42,62,33,67,10.21,4.35,2.63,3.19,2.73,1.38,2.04,3.85,7.50,1.91,1.91,Groupama Stadium (Décines-Charpieu)
1708185600,Feb 17 2024 - 4:00pm,complete,N/A,Lille,Le Havre,Jérémie Pignard,22,2.30,0.91,2.18,0.71,3,0,3,2,2,0,"14,44,49","",1,3,2,0,3,0,1,1,1,2,18,7,9,3,6,1,8,16,62,38,1.68,0.99,1.82,0.70,2.28,43,72,43,19,5,34,68,38,57,9.95,3.75,1.40,4.33,7.00,1.28,1.86,3.60,7.00,2.20,1.62,Decathlon Arena - Stade Pierre-Mauroy (Villeneuve d'Ascq)
1708200000,Feb 17 2024 - 8:00pm,complete,34038,Nantes,PSG,Jérôme Brisard,22,1.09,2.40,0.71,2.53,0,2,2,0,0,0,"","60,78",3,8,1,0,0,0,0,1,0,0,13,13,8,3,2,6,10,12,22,78,1.42,1.64,1.42,1.60,2.72,53,77,43,24,19,29,67,53,82,10.55,3.62,5.50,4.33,1.50,1.19,1.56,2.33,4.50,1.70,2.05,Stade de la Beaujoire - Louis Fonteneau (Nantes)
1708257600,Feb 18 2024 - 12:00pm,complete,N/A,Strasbourg,Lorient,Thomas Léonard,22,1.50,0.60,1.41,0.76,1,3,4,2,0,2,"51","2,45'2,49",9,4,3,1,1,0,1,3,0,1,19,14,5,7,10,3,13,12,62,38,1.33,1.00,1.91,1.37,2.75,55,75,60,20,10,35,55,55,75,6.10,4.10,1.69,3.70,4.25,1.28,1.90,2.21,5.75,1.91,1.91,Stade de la Meinau (Strasbourg)
1708264800,Feb 18 2024 - 2:00pm,complete,N/A,Rennes,Clermont,Romain Lissorgue,22,1.64,0.90,1.47,0.65,3,1,4,1,1,0,"31,58,64","62",4,4,1,0,0,1,0,1,0,1,17,15,9,6,6,8,9,10,53,47,1.58,1.15,1.97,1.65,3.03,71,91,72,38,5,53,86,37,85,8.63,4.50,1.49,4.10,5.40,1.24,1.73,2.75,5.00,1.95,1.80,Roazhon Park (Rennes)
1708264800,Feb 18 2024 - 2:00pm,complete,N/A,Monaco,Toulouse,Benoît Bastien,22,1.90,1.09,1.94,1.59,1,2,3,1,0,1,"48","41,70",4,6,1,0,3,0,1,0,0,3,23,15,6,8,5,4,18,12,65,35,1.72,1.07,1.55,1.58,2.44,43,77,48,15,10,34,72,28,91,9.19,5.30,1.49,4.25,5.20,1.18,1.58,2.25,4.50,1.70,2.05,Stade Louis-II (Monaco)
1708264800,Feb 18 2024 - 2:00pm,complete,N/A,Montpellier,Metz,Jeremy Stinat,22,0.91,1.00,1.06,1.00,3,0,3,1,1,0,"3,50,86","",7,4,3,0,3,0,2,1,0,3,22,15,8,5,7,4,17,12,54,46,1.60,0.96,1.84,1.23,2.37,55,69,45,27,9,27,60,41,73,8.28,3.18,1.70,3.60,4.30,1.38,2.12,4.00,7.50,2.00,1.75,Stade de la Mosson-Mondial 98 (Montpellier)
1708272300,Feb 18 2024 - 4:05pm,complete,N/A,Reims,Lens,Benoît Millot,22,1.60,1.36,1.59,1.18,1,1,2,2,1,1,"41","45'2",3,2,2,0,2,0,1,1,1,1,13,10,3,2,4,5,14,9,54,46,1.56,1.36,0.97,0.75,2.16,29,63,43,19,10,19,68,38,72,10.45,4.48,2.46,3.10,2.46,1.32,1.83,3.43,6.75,1.75,2.00,Stade Auguste-Delaune (Reims)
1708285500,Feb 18 2024 - 7:45pm,complete,N/A,Brest,Olympique Marseille,Ruddy Buquet,22,1.90,0.70,1.82,0.82,1,0,1,0,0,0,"88","",6,4,3,1,1,0,2,2,0,1,16,10,6,3,9,4,14,9,42,58,1.73,1.44,1.69,1.09,2.60,50,70,40,35,20,45,70,25,70,11.30,4.50,2.40,3.05,2.58,1.35,1.94,3.65,7.30,1.80,1.95,Stade Francis-Le Blé (Brest)
1708718400,Feb 23 2024 - 8:00pm,complete,N/A,Metz,Olympique Lyonnais,Marc Bollengier,23,0.60,1.00,0.71,1.65,1,2,3,2,1,1,"13","45'1,60",4,3,1,0,2,0,0,1,0,2,16,12,5,6,8,3,13,12,37,63,1.15,1.26,1.52,1.43,2.15,40,50,45,25,5,25,60,30,75,8.60,4.10,3.80,3.35,1.83,1.31,2.01,3.44,6.45,1.95,1.80,Stade Saint-Symphorien (Longeville-lès-Metz)
1708790400,Feb 24 2024 - 4:00pm,complete,N/A,Lorient,Nantes,Willy Delajod,23,1.18,1.00,0.94,1.24,0,1,1,0,0,0,"","49",3,8,0,0,2,0,0,0,0,2,7,8,2,7,2,1,12,10,64,36,1.24,1.12,0.88,1.25,3.03,62,81,67,38,18,38,62,67,86,8.19,4.49,2.55,3.20,2.85,1.38,2.14,3.85,7.50,1.91,1.91,Stade du Moustoir - Yves Allainmat (Lorient)
1708804800,Feb 24 2024 - 8:00pm,complete,N/A,Strasbourg,Brest,Jérôme Brisard,23,1.36,1.64,1.41,1.76,0,3,3,2,0,2,"","33,40,60",0,4,3,0,0,0,0,3,0,0,7,16,3,9,2,3,20,11,48,52,1.39,1.47,0.82,1.74,2.37,59,78,50,18,0,23,64,60,78,8.00,5.45,2.75,3.10,2.75,1.38,2.23,3.85,8.00,1.80,1.95,Stade de la Meinau (Strasbourg)
1708862400,Feb 25 2024 - 12:00pm,complete,N/A,Lens,Monaco,François Letexier,23,2.00,1.73,1.82,2.00,2,3,5,3,1,2,"31,77","19,30,90'2",9,3,5,0,3,0,1,4,1,2,22,17,12,10,7,3,10,13,60,40,1.67,1.59,2.51,1.78,3.30,66,86,61,47,23,52,86,42,82,11.37,5.16,2.38,3.40,2.88,1.26,1.70,3.00,5.50,1.62,2.20,Stade Bollaert-Delelis (Lens)
1708869600,Feb 25 2024 - 2:00pm,complete,N/A,Toulouse,Lille,Mathieu Vernice,23,0.80,1.09,0.94,1.29,3,1,4,1,0,1,"49,60,66","45",6,8,2,0,0,0,1,1,0,0,15,13,5,3,3,6,19,6,32,68,1.47,1.22,1.10,1.15,2.29,63,82,43,19,5,33,62,34,72,10.28,4.64,3.55,3.55,1.93,1.28,1.81,3.24,6.05,1.80,1.95,Stadium de Toulouse (Toulouse)
1708869600,Feb 25 2024 - 2:00pm,complete,N/A,Nice,Clermont,Hakim Ben El Hadj,23,2.18,0.82,1.82,0.65,0,0,0,0,0,0,"","",8,1,2,0,1,0,2,0,1,0,25,14,5,6,13,3,6,9,57,43,1.41,1.20,1.96,1.22,2.28,46,73,46,18,5,32,64,23,78,9.18,4.72,1.40,4.33,8.50,1.36,2.00,4.00,8.00,2.25,1.57,Allianz Riviera (Nice)
1708869600,Feb 25 2024 - 2:00pm,complete,N/A,Le Havre,Reims,Florent Batta,23,1.40,1.27,1.18,1.18,1,2,3,0,0,0,"74","64,90'6",5,5,3,0,2,1,0,3,1,2,20,17,6,6,7,5,11,13,50,50,1.43,1.34,1.59,1.36,2.56,57,81,57,28,0,33,62,48,85,9.28,3.51,3.10,3.13,2.38,1.40,2.15,4.00,8.00,1.91,1.91,Stade Océane (Le Havre)
1708877100,Feb 25 2024 - 4:05pm,complete,N/A,PSG,Rennes,Bastien Dechepy,23,2.36,1.30,1.94,1.24,1,1,2,1,0,1,"90'7","33",4,0,5,0,3,0,0,5,0,3,16,4,4,2,8,2,13,13,66,34,1.76,1.42,1.70,0.55,2.82,52,76,61,42,14,38,71,47,76,10.05,3.38,1.53,4.60,5.60,1.15,1.60,2.40,4.00,1.75,2.00,Parc des Princes (Paris)
1708890300,Feb 25 2024 - 7:45pm,complete,N/A,Olympique Marseille,Montpellier,Jérémie Pignard,23,2.09,1.00,2.12,1.41,4,1,5,3,2,1,"31,43,62,82","5",7,4,2,0,4,0,1,1,1,3,17,10,7,5,8,3,8,11,58,42,1.57,1.34,1.90,1.08,2.39,38,81,48,15,5,33,82,35,81,8.84,3.75,1.63,4.00,5.30,1.26,1.79,3.10,5.50,1.80,1.95,Orange Vélodrome (Marseille)
1709323200,Mar 01 2024 - 8:00pm,complete,N/A,Monaco,PSG,Ruddy Buquet,24,1.73,2.45,1.94,2.53,0,0,0,0,0,0,"","",5,6,0,0,0,0,0,0,0,0,15,17,7,8,3,7,11,13,32,68,1.70,1.63,1.44,1.91,2.69,50,87,50,23,14,32,69,46,96,11.27,3.82,3.25,3.90,1.95,1.17,1.46,2.30,4.00,1.50,2.50,Stade Louis-II (Monaco)
1709395200,Mar 02 2024 - 4:00pm,complete,16452,Reims,Lille,Jeremy Stinat,24,1.55,1.00,1.59,1.29,0,1,1,0,0,0,"","56",4,4,4,0,2,0,2,2,0,2,9,9,4,4,2,3,12,10,57,43,1.51,1.22,1.13,0.98,2.35,52,74,44,26,9,30,79,31,70,11.15,3.78,2.78,3.30,2.55,1.30,1.92,2.20,6.50,1.70,2.05,Stade Auguste-Delaune (Reims)
1709409600,Mar 02 2024 - 8:00pm,complete,N/A,Clermont,Olympique Marseille,Thomas Léonard,24,0.64,0.64,0.82,0.82,1,5,6,1,0,1,"53","23,59,67,80,90'2",7,4,2,0,1,0,2,0,0,1,8,18,3,12,3,3,9,14,44,56,1.38,1.40,0.78,2.22,2.28,46,55,32,27,14,27,55,27,78,10.55,4.27,4.23,3.60,1.85,1.30,1.83,3.40,6.50,1.80,1.95,Stade Gabriel-Montpied (Clermont-Ferrand)
1709467200,Mar 03 2024 - 12:00pm,complete,25507,Toulouse,Nice,Jérémie Pignard,24,1.00,1.36,0.94,1.41,2,1,3,1,0,1,"65,69","8",7,6,2,0,2,0,1,1,1,1,18,11,7,7,5,1,14,10,51,49,1.43,1.41,1.66,1.25,2.10,50,64,37,18,5,23,55,41,69,10.82,3.82,3.70,3.30,2.09,1.37,2.25,4.30,8.00,1.95,1.80,Stadium de Toulouse (Toulouse)
1709474400,Mar 03 2024 - 2:00pm,complete,27132,Nantes,Metz,Eric Wattellier,24,1.00,0.92,0.71,1.00,0,2,2,0,0,0,"","58,60",10,3,3,0,2,0,0,3,2,0,10,14,3,5,6,6,7,11,48,52,1.42,0.99,1.25,1.33,2.67,46,71,42,21,17,34,58,50,79,9.00,3.00,1.82,3.60,4.50,1.45,2.20,4.20,8.10,2.05,1.70,Stade de la Beaujoire - Louis Fonteneau (Nantes)
1709474400,Mar 03 2024 - 2:00pm,complete,N/A,Montpellier,Strasbourg,Stéphanie Frappart,24,1.08,0.91,1.06,0.88,2,2,4,0,0,0,"71,87","47,83",8,4,1,0,3,0,1,0,1,2,23,13,8,5,7,5,10,17,59,41,1.62,1.10,1.98,1.28,2.27,57,79,48,17,0,22,79,26,84,7.84,3.35,2.13,3.45,3.40,1.30,2.05,3.38,5.90,1.80,1.95,Stade de la Mosson-Mondial 98 (Montpellier)
1709474400,Mar 03 2024 - 2:00pm,complete,28615,Brest,Le Havre,Pierre Gaillouste,24,2.00,0.83,1.82,0.71,1,0,1,1,1,0,"34","",0,2,4,0,1,0,0,4,0,1,10,12,5,3,4,6,20,17,60,40,1.73,0.97,1.10,1.07,2.35,43,66,47,26,13,35,57,35,70,8.69,4.77,1.61,4.00,5.60,1.37,2.04,3.54,6.60,2.05,1.70,Stade Francis-Le Blé (Brest)
1709481900,Mar 03 2024 - 4:05pm,complete,28615,Rennes,Lorient,Benoît Bastien,24,1.75,0.82,1.47,0.76,1,2,3,0,0,0,"90'4","59,90",6,3,1,0,2,0,0,1,0,2,24,13,7,7,11,4,12,9,55,45,1.62,1.03,2.31,1.41,3.30,64,83,70,47,13,44,69,61,91,7.40,3.74,1.43,4.70,7.25,1.24,1.75,2.90,5.50,1.95,1.80,Roazhon Park (Rennes)
1709495100,Mar 03 2024 - 7:45pm,complete,N/A,Olympique Lyonnais,Lens,Jérôme Brisard,24,1.25,1.33,1.47,1.18,0,3,3,1,0,1,"","43,53,87",2,4,0,1,2,0,0,1,1,1,14,19,5,9,5,4,5,15,47,53,1.56,1.31,1.28,1.80,2.38,38,63,42,25,21,42,67,33,63,9.08,5.33,2.55,3.35,2.80,1.32,1.88,3.40,6.50,1.75,2.00,Groupama Stadium (Décines-Charpieu)
1709928000,Mar 08 2024 - 8:00pm,complete,N/A,Nice,Montpellier,Ruddy Buquet,25,2.08,0.91,1.82,1.41,1,2,3,3,1,2,"12","10,42",8,5,1,0,2,0,1,0,0,2,20,8,6,3,7,3,15,11,65,35,1.46,1.32,1.72,0.80,2.20,31,66,36,18,13,18,62,45,79,8.77,4.61,1.80,3.40,4.80,1.35,2.15,3.75,7.50,1.95,1.80,Allianz Riviera (Nice)
1710000000,Mar 09 2024 - 4:00pm,complete,N/A,Lorient,Olympique Lyonnais,Mathieu Vernice,25,1.08,1.18,0.94,1.65,0,2,2,0,0,0,"","52,64",4,7,0,0,0,0,0,0,0,0,10,14,0,7,8,3,10,7,48,52,1.21,1.28,0.78,1.54,2.85,56,74,61,30,21,39,61,52,87,8.36,3.83,3.10,3.30,2.30,1.25,1.87,3.10,6.50,1.75,2.00,Stade du Moustoir - Yves Allainmat (Lorient)
1710014400,Mar 09 2024 - 8:00pm,complete,N/A,Lens,Brest,Stéphanie Frappart,25,1.82,1.75,1.82,1.76,1,0,1,1,1,0,"32","",2,4,1,0,2,0,1,0,0,2,7,11,3,4,2,4,13,10,40,60,1.75,1.49,0.74,1.20,2.54,49,79,44,27,9,27,79,39,87,10.36,4.84,1.89,3.38,3.92,1.38,2.07,4.00,8.00,1.95,1.80,Stade Bollaert-Delelis (Lens)
1710072000,Mar 10 2024 - 12:00pm,complete,N/A,PSG,Reims,Willy Delajod,25,2.25,1.42,1.94,1.18,2,2,4,4,2,2,"17,19","7,45",7,2,2,0,2,0,1,1,1,1,20,10,7,4,5,4,10,12,64,36,1.76,1.34,1.75,1.07,3.25,71,92,75,46,9,46,71,63,96,10.59,3.50,1.42,5.00,6.80,1.14,1.49,2.27,4.00,1.70,2.05,Parc des Princes (Paris)
1710079200,Mar 10 2024 - 2:00pm,complete,N/A,Le Havre,Toulouse,Romain Lissorgue,25,1.27,1.25,1.18,1.59,1,0,1,0,0,0,"60","",3,3,2,0,1,0,0,2,0,1,13,7,5,2,4,3,13,17,50,50,1.45,1.12,1.20,0.77,2.30,48,74,53,13,4,22,65,44,78,7.51,4.73,2.48,3.30,2.90,1.40,2.03,4.00,8.00,1.91,1.91,Stade Océane (Le Havre)
1710079200,Mar 10 2024 - 2:00pm,complete,N/A,Metz,Clermont,Gaël Angoula,25,0.55,0.83,0.71,0.65,1,0,1,1,1,0,"33","",5,7,1,0,3,0,1,0,1,2,12,15,3,7,6,3,11,10,34,66,1.18,1.20,1.10,1.57,2.34,52,64,56,26,0,43,78,18,66,7.76,4.42,2.47,3.25,2.95,1.40,2.07,4.00,8.00,1.91,1.91,Stade Saint-Symphorien (Longeville-lès-Metz)
1710079200,Mar 10 2024 - 2:00pm,complete,N/A,Strasbourg,Monaco,Clément Turpin,25,1.25,1.83,1.41,2.00,0,1,1,0,0,0,"","72",5,8,1,0,3,0,0,1,2,1,9,18,2,7,6,4,10,15,34,66,1.34,1.60,0.92,1.61,3.33,75,88,75,42,21,59,75,63,75,8.75,5.83,3.35,3.75,2.06,1.19,1.65,2.60,4.60,1.57,2.25,Stade de la Meinau (Strasbourg)
1710086700,Mar 10 2024 - 4:05pm,complete,N/A,Lille,Rennes,Benoît Millot,25,2.36,1.27,2.18,1.24,2,2,4,2,0,2,"84,90'2","1,20",6,3,5,0,2,0,2,3,1,1,16,12,9,4,5,5,17,21,59,41,1.70,1.34,1.90,1.06,2.09,36,73,32,14,5,32,73,23,60,10.09,3.63,2.10,3.45,3.46,1.31,1.93,3.25,6.25,1.80,1.95,Decathlon Arena - Stade Pierre-Mauroy (Villeneuve d'Ascq)
1710099900,Mar 10 2024 - 7:45pm,complete,N/A,Olympique Marseille,Nantes,François Letexier,25,2.17,1.18,2.12,1.24,2,0,2,1,1,0,"17,79","",2,8,2,0,3,0,0,2,2,1,13,12,5,4,4,2,10,15,54,46,1.60,1.13,1.15,0.90,2.39,48,74,53,22,4,34,60,36,87,10.20,3.94,1.52,4.05,6.24,1.28,1.83,3.00,5.75,1.95,1.80,Orange Vélodrome (Marseille)
1710532800,Mar 15 2024 - 8:00pm,complete,N/A,Toulouse,Olympique Lyonnais,Jeremy Stinat,26,1.17,1.33,0.94,1.65,2,3,5,1,0,1,"53,59","33,77,81",5,3,2,0,2,0,2,0,2,0,14,19,6,7,2,6,16,12,49,51,1.45,1.30,1.39,1.66,2.46,59,80,54,17,4,25,54,50,88,9.91,3.75,2.93,2.46,2.78,1.32,1.99,3.40,6.50,1.75,2.00,Stadium de Toulouse (Toulouse)
1710604800,Mar 16 2024 - 4:00pm,complete,N/A,Nantes,Strasbourg,Jérémie Pignard,26,0.92,0.92,0.71,0.88,1,3,4,2,1,1,"35","3,62,78",4,5,2,0,3,0,1,1,2,1,12,12,3,7,6,4,17,16,64,36,1.40,1.11,1.27,1.45,2.56,53,81,41,16,8,28,69,36,89,8.79,3.18,2.23,3.20,3.05,1.38,2.11,4.00,8.00,1.91,1.91,Stade de la Beaujoire - Louis Fonteneau (Nantes)
1710619200,Mar 16 2024 - 8:00pm,complete,N/A,Lens,Nice,Benoît Bastien,26,1.92,1.25,1.82,1.41,1,3,4,1,0,1,"76","11,53,67",11,3,4,0,3,0,1,3,1,2,21,9,5,4,6,3,8,10,59,41,1.67,1.40,1.66,0.89,2.21,42,59,34,25,13,25,75,29,71,11.67,3.83,1.95,3.50,3.80,1.42,2.15,4.33,9.00,1.95,1.80,Stade Bollaert-Delelis (Lens)
1710676800,Mar 17 2024 - 12:00pm,complete,N/A,Brest,Lille,Clément Turpin,26,2.08,1.15,1.82,1.29,1,1,2,0,0,0,"79","67",3,3,3,0,0,0,1,2,0,0,17,14,5,9,6,4,9,12,51,49,1.68,1.20,1.41,1.77,2.20,44,64,36,28,13,32,64,24,68,10.14,4.80,2.50,3.10,3.00,1.42,2.30,4.33,8.50,1.95,1.80,Stade Francis-Le Blé (Brest)
1710684000,Mar 17 2024 - 2:00pm,complete,N/A,Clermont,Le Havre,Marc Bollengier,26,0.58,0.77,0.82,0.71,2,1,3,3,2,1,"12,45'5","45'1",3,5,3,1,4,1,3,1,2,3,11,15,6,6,3,5,13,17,40,60,1.33,0.98,1.14,1.52,2.28,44,56,44,24,13,20,52,40,73,8.14,4.30,2.63,3.10,2.80,1.42,2.20,4.33,9.00,1.95,1.80,Stade Gabriel-Montpied (Clermont-Ferrand)
1710684000,Mar 17 2024 - 2:00pm,complete,N/A,Reims,Metz,Hakim Ben El Hadj,26,1.42,1.08,1.59,1.00,2,1,3,2,1,1,"3,79","14",7,7,4,0,4,0,1,3,2,2,18,13,8,5,6,5,18,12,66,34,1.48,1.01,1.90,1.24,2.47,44,72,44,20,12,32,65,44,80,9.27,2.89,1.55,3.90,6.50,1.32,1.93,3.50,7.00,2.00,1.75,Stade Auguste-Delaune (Reims)
1710684000,Mar 17 2024 - 2:00pm,complete,N/A,Monaco,Lorient,Bastien Dechepy,26,1.67,1.00,1.94,0.76,2,2,4,2,1,1,"27,60","1,90'5",10,8,2,1,1,1,0,3,0,2,24,12,9,7,11,3,19,10,52,48,1.68,1.06,2.48,1.49,2.80,46,75,59,25,13,38,59,42,88,8.58,3.83,1.30,5.50,9.50,1.18,1.57,2.30,4.33,1.80,1.95,Stade Louis-II (Monaco)
1710691500,Mar 17 2024 - 4:05pm,complete,N/A,Rennes,Olympique Marseille,Eric Wattellier,26,1.62,0.83,1.47,0.82,2,0,2,1,1,0,"21,77","",4,5,1,0,3,0,0,1,1,2,8,10,5,3,1,4,9,12,43,57,1.67,1.47,0.99,1.08,3.15,72,80,60,48,17,40,76,47,88,10.52,4.10,2.38,3.40,2.88,1.30,1.86,3.25,6.50,1.70,2.05,Roazhon Park (Rennes)
1710704700,Mar 17 2024 - 7:45pm,complete,N/A,Montpellier,PSG,Florent Batta,26,1.08,2.33,1.06,2.53,2,6,8,4,2,2,"30,45'2","14,22,50,53,63,89",7,4,0,0,3,0,0,0,2,1,15,17,8,10,4,3,10,12,33,67,1.65,1.66,1.54,1.84,2.37,52,76,48,28,9,17,60,52,76,10.42,3.58,4.75,4.50,1.57,1.15,1.53,2.20,3.75,1.57,2.25,Stade de la Mosson-Mondial 98 (Montpellier)
1711742400,Mar 29 2024 - 8:00pm,complete,N/A,Lille,Lens,Willy Delajod,27,2.25,1.46,2.18,1.18,2,1,3,1,1,0,"9,60","78",5,5,3,0,3,0,0,3,1,2,16,10,7,4,2,3,12,12,49,51,1.71,1.35,1.54,1.08,2.21,28,73,40,16,4,37,73,36,60,10.23,4.67,2.09,3.50,3.50,1.32,2.00,3.55,6.20,1.80,1.95,Decathlon Arena - Stade Pierre-Mauroy (Villeneuve d'Ascq)
1711814400,Mar 30 2024 - 4:00pm,complete,N/A,Metz,Monaco,Eric Wattellier,27,0.75,1.92,0.71,2.00,2,5,7,3,0,3,"78,84","4,10,16,76,87",5,5,0,0,0,0,0,0,0,0,14,18,8,8,3,7,6,8,36,64,1.18,1.60,1.50,1.83,2.93,60,64,60,44,19,51,76,40,68,9.48,5.31,4.70,4.00,1.57,1.24,1.70,2.90,5.50,1.75,2.00,Stade Saint-Symphorien (Longeville-lès-Metz)
1711828800,Mar 30 2024 - 8:00pm,complete,N/A,Olympique Lyonnais,Reims,Thomas Léonard,27,1.15,1.38,1.47,1.18,1,1,2,0,0,0,"65","55",7,8,2,0,3,0,0,2,1,2,18,18,4,6,8,7,7,9,64,36,1.54,1.32,1.68,1.45,2.93,62,81,62,35,16,50,70,46,81,9.54,4.23,2.00,3.55,3.10,1.26,1.85,3.00,5.50,1.62,2.20,Groupama Stadium (Décines-Charpieu)
1711882800,Mar 31 2024 - 11:00am,complete,N/A,Lorient,Brest,Jérôme Brisard,27,1.00,1.62,0.94,1.76,0,1,1,0,0,0,"","86",6,4,1,0,3,1,0,1,1,3,12,11,6,3,5,5,11,18,54,46,1.18,1.47,1.50,0.94,2.69,50,77,50,27,16,31,66,58,81,8.00,4.46,3.80,3.50,1.95,1.41,2.14,3.78,7.30,1.95,1.80,Stade du Moustoir - Yves Allainmat (Lorient)
1711890000,Mar 31 2024 - 1:00pm,complete,N/A,Nice,Nantes,Bastien Dechepy,27,1.92,1.08,1.82,1.24,1,2,3,1,0,1,"72","19,77",9,3,2,0,5,0,0,2,0,5,13,15,4,5,3,6,6,18,57,43,1.48,1.11,1.12,1.28,2.01,37,61,37,17,4,16,44,37,81,10.44,4.57,1.60,3.80,5.80,1.40,2.23,4.20,8.50,2.05,1.70,Allianz Riviera (Nice)
1711890000,Mar 31 2024 - 1:00pm,complete,N/A,Clermont,Toulouse,Pierre Gaillouste,27,0.77,1.15,0.82,1.59,0,3,3,1,0,1,"","8,73,79",12,3,3,0,1,0,2,1,1,0,16,12,6,6,3,3,15,12,56,44,1.31,1.09,1.26,1.21,2.27,46,62,42,16,12,19,58,38,81,8.00,5.00,2.90,3.50,2.30,1.30,1.93,3.40,7.00,1.80,1.95,Stade Gabriel-Montpied (Clermont-Ferrand)
1711890000,Mar 31 2024 - 1:00pm,complete,N/A,Le Havre,Montpellier,Mathieu Vernice,27,1.42,1.08,1.18,1.41,0,2,2,0,0,0,"","72,80",6,6,2,0,2,0,1,1,0,2,15,15,4,6,6,5,11,13,53,47,1.43,1.27,1.39,1.54,2.50,42,75,54,21,9,25,71,50,75,7.50,4.08,2.60,3.40,2.62,1.33,2.04,3.60,7.00,1.75,2.00,Stade Océane (Le Havre)
1711897500,Mar 31 2024 - 3:05pm,complete,N/A,Strasbourg,Rennes,Hakim Ben El Hadj,27,1.15,1.25,1.41,1.24,2,0,2,0,0,0,"71,73","",4,5,1,0,2,0,0,1,2,0,15,14,8,2,3,7,13,18,40,60,1.31,1.31,1.47,1.15,2.27,56,72,48,20,4,32,65,40,72,7.77,4.63,3.10,3.50,2.26,1.30,1.90,3.30,6.50,1.70,2.05,Stade de la Meinau (Strasbourg)
1711910700,Mar 31 2024 - 6:45pm,complete,N/A,Olympique Marseille,PSG,Benoît Bastien,27,2.23,2.38,2.12,2.53,0,2,2,0,0,0,"","53,85",5,3,0,0,4,1,0,0,5,0,23,9,11,4,7,3,10,8,47,53,1.57,1.67,2.40,0.92,2.65,50,85,46,23,16,39,70,39,85,10.77,3.24,3.10,3.80,2.15,1.19,1.63,2.50,4.50,1.53,2.38,Orange Vélodrome (Marseille)
1712343600,Apr 05 2024 - 7:00pm,complete,N/A,Lille,Olympique Marseille,Bastien Dechepy,28,2.31,0.77,2.18,0.82,3,1,4,0,0,0,"54,71,84","81",4,2,1,0,6,0,1,0,1,5,15,15,7,5,6,7,13,18,54,46,1.70,1.44,1.57,1.37,2.66,46,77,42,27,12,42,81,31,70,11.61,4.08,2.09,3.33,3.33,1.33,1.85,3.60,7.00,1.75,2.00,Decathlon Arena - Stade Pierre-Mauroy (Villeneuve d'Ascq)
1712415600,Apr 06 2024 - 3:00pm,complete,N/A,Lens,Le Havre,François Letexier,28,1.77,0.71,1.82,0.71,1,1,2,0,0,0,"58","78",7,4,2,0,5,0,0,2,0,5,19,12,9,4,5,5,12,11,58,42,1.66,1.01,2.11,1.22,2.57,52,71,52,30,11,34,78,34,71,9.81,4.72,1.51,4.35,6.30,1.32,1.96,3.50,7.00,2.00,1.75,Stade Bollaert-Delelis (Lens)
1712430000,Apr 06 2024 - 7:00pm,complete,N/A,PSG,Clermont,Gaël Angoula,28,2.15,0.77,1.94,0.65,1,1,2,1,0,1,"85","32",17,2,1,0,0,0,0,1,0,0,24,7,8,4,5,2,12,7,72,28,1.75,1.23,2.00,0.79,3.04,62,85,74,43,8,50,85,39,74,9.46,3.92,1.17,8.20,14.50,1.08,1.32,1.86,2.85,1.80,1.95,Parc des Princes (Paris)
1712487600,Apr 07 2024 - 11:00am,complete,N/A,Brest,Metz,Benoît Millot,28,2.00,1.00,1.82,1.00,4,3,7,4,3,1,"12,31,38,60","6,74,80",8,5,0,0,1,0,0,0,0,1,26,9,12,7,7,1,11,17,66,34,1.66,1.03,2.47,1.21,2.43,44,71,41,22,15,37,56,41,78,8.62,3.96,1.50,4.00,7.00,1.40,2.10,4.33,8.50,2.20,1.62,Stade Francis-Le Blé (Brest)
1712494800,Apr 07 2024 - 1:00pm,complete,N/A,Toulouse,Strasbourg,Ruddy Buquet,28,1.08,1.08,0.94,0.88,0,0,0,0,0,0,"","",4,3,2,0,0,0,1,1,0,0,12,9,3,2,7,4,16,13,48,52,1.45,1.14,1.16,0.77,2.73,73,92,58,23,4,31,74,43,93,8.62,3.46,2.10,3.40,3.40,1.29,1.85,3.25,6.40,1.70,2.05,Stadium de Toulouse (Toulouse)
1712494800,Apr 07 2024 - 1:00pm,complete,N/A,Reims,Nice,Eric Wattellier,28,1.54,1.38,1.59,1.41,0,0,0,0,0,0,"","",2,5,2,0,1,0,2,0,0,1,11,19,4,4,4,7,15,15,52,48,1.51,1.36,1.17,1.24,2.12,42,58,39,19,8,23,70,35,70,11.15,3.69,2.40,3.20,3.00,1.30,2.00,3.30,6.50,1.80,1.95,Stade Auguste-Delaune (Reims)
1712494800,Apr 07 2024 - 1:00pm,complete,N/A,Montpellier,Lorient,Romain Lissorgue,28,1.00,1.00,1.06,0.76,2,0,2,0,0,0,"55,90","",5,7,3,0,6,0,2,1,2,4,14,21,6,6,7,7,10,15,45,55,1.64,1.09,1.53,1.77,2.94,56,74,63,37,11,30,59,56,78,8.29,3.85,1.78,4.00,4.00,1.24,1.70,2.85,5.00,1.67,2.10,Stade de la Mosson-Mondial 98 (Montpellier)
1712502300,Apr 07 2024 - 3:05pm,complete,N/A,Monaco,Rennes,Stéphanie Frappart,28,1.62,1.15,1.94,1.24,1,0,1,1,1,0,"25","",6,3,2,1,1,1,1,2,0,2,17,13,6,8,6,3,15,16,52,48,1.74,1.30,1.55,1.62,2.31,46,73,43,23,8,31,66,31,81,10.23,4.31,1.83,4.00,3.80,1.17,1.57,2.50,4.00,1.53,2.38,Stade Louis-II (Monaco)
1712515500,Apr 07 2024 - 6:45pm,complete,N/A,Nantes,Olympique Lyonnais,Jérôme Brisard,28,0.86,1.46,0.71,1.65,1,3,4,1,1,0,"16","75,77,90'7",5,5,2,0,2,0,1,1,0,2,15,20,7,11,5,4,8,15,41,59,1.39,1.33,1.56,2.17,2.59,45,70,45,22,15,26,56,52,86,9.96,3.63,3.00,3.20,2.23,1.35,2.00,3.67,7.30,1.80,1.95,Stade de la Beaujoire - Louis Fonteneau (Nantes)
1712948400,Apr 12 2024 - 7:00pm,complete,N/A,Metz,Lens,Romain Lissorgue,29,0.69,1.36,0.71,1.18,2,1,3,3,2,1,"34,45'3","13",5,2,2,0,5,0,2,0,2,3,12,18,6,3,3,11,12,17,38,62,1.20,1.33,1.20,1.52,2.23,38,55,45,23,8,30,71,33,63,8.52,4.85,4.10,3.60,1.83,1.32,1.88,3.50,6.50,1.80,1.95,Stade Saint-Symphorien (Longeville-lès-Metz)
1713020400,Apr 13 2024 - 3:00pm,complete,N/A,Strasbourg,Reims,Willy Delajod,29,1.29,1.36,1.41,1.18,3,1,4,2,1,1,"44,50,90'3","7",5,4,1,0,2,1,1,0,2,1,14,9,7,3,3,3,8,17,48,52,1.32,1.33,1.43,0.77,2.68,68,86,61,25,0,40,57,57,86,8.93,4.36,2.70,3.50,2.50,1.32,1.82,3.40,6.50,1.75,2.00,Stade de la Meinau (Strasbourg)
1713034800,Apr 13 2024 - 7:00pm,complete,N/A,Rennes,Toulouse,Florent Batta,29,1.71,1.29,1.47,1.59,1,2,3,3,1,2,"20","22,32",8,4,3,0,3,0,0,3,1,2,20,11,5,4,8,5,20,20,55,45,1.62,1.10,1.56,1.05,2.79,61,82,61,29,7,29,75,54,93,8.00,4.50,1.90,3.60,3.65,1.30,1.85,3.30,6.50,1.80,1.95,Roazhon Park (Rennes)
1713092400,Apr 14 2024 - 11:00am,complete,N/A,Le Havre,Nantes,Hakim Ben El Hadj,29,1.31,1.23,1.18,1.24,0,1,1,0,0,0,"","90'3",6,7,3,0,2,0,1,2,0,2,11,13,2,5,5,4,14,12,44,56,1.42,1.12,1.05,1.22,2.27,42,69,50,19,0,15,50,50,85,8.85,4.39,2.49,3.10,3.10,1.50,2.45,4.45,8.80,2.05,1.70,Stade Océane (Le Havre)
1713099600,Apr 14 2024 - 1:00pm,complete,N/A,Clermont,Montpellier,Thomas Léonard,29,0.71,1.23,0.82,1.41,1,1,2,1,1,0,"45'5","56",3,4,1,0,1,0,0,1,0,1,11,15,3,7,4,5,13,10,51,49,1.31,1.29,0.96,1.59,2.57,41,71,49,22,15,23,68,53,78,8.83,4.52,3.30,3.55,2.15,1.20,1.81,2.70,5.00,1.62,2.20,Stade Gabriel-Montpied (Clermont-Ferrand)
1713120300,Apr 14 2024 - 6:45pm,complete,N/A,Olympique Lyonnais,Brest,Mathieu Vernice,29,1.14,1.71,1.47,1.76,4,3,7,1,1,0,"18,70,79,90'16","59,64,67",10,7,4,1,4,1,0,5,2,3,17,23,9,8,5,5,14,7,52,48,1.55,1.43,1.90,1.66,2.43,43,68,43,22,15,32,68,43,75,8.79,5.07,2.47,3.25,2.87,1.33,2.03,3.63,6.40,1.80,1.95,Groupama Stadium (Décines-Charpieu)
1713553200,Apr 19 2024 - 7:00pm,complete,N/A,Nice,Lorient,Jeremy Stinat,30,1.79,0.93,1.82,0.76,3,0,3,1,1,0,"22,53,89","",2,3,0,0,2,0,0,0,1,1,21,11,11,5,9,4,11,7,51,49,1.45,1.14,2.32,1.33,2.47,43,68,47,22,11,29,47,47,79,9.36,4.35,1.50,4.00,7.00,1.32,1.95,3.60,7.00,2.05,1.70,Allianz Riviera (Nice)
1713625200,Apr 20 2024 - 3:00pm,complete,N/A,Nantes,Rennes,Willy Delajod,30,0.80,1.07,0.71,1.24,0,3,3,0,0,0,"","67,76,90'1",3,7,1,0,4,0,0,1,2,2,7,15,5,6,1,4,16,11,43,57,1.40,1.32,0.90,1.47,2.37,45,69,35,24,10,24,62,45,72,9.47,4.16,3.00,3.45,2.35,1.36,1.98,3.75,7.50,1.91,1.91,Stade de la Beaujoire - Louis Fonteneau (Nantes)
1713639600,Apr 20 2024 - 7:00pm,complete,N/A,Lens,Clermont,Benoît Bastien,30,1.71,0.79,1.82,0.65,1,0,1,1,1,0,"3","",4,3,1,0,4,0,0,1,3,1,19,9,6,2,9,4,14,17,48,52,1.70,1.19,1.73,0.80,2.57,57,79,50,29,7,36,86,25,75,10.22,4.35,1.36,5.10,8.30,1.25,1.85,3.00,5.50,2.00,1.75,Stade Bollaert-Delelis (Lens)
1713704400,Apr 21 2024 - 1:00pm,complete,N/A,Lille,Strasbourg,Benoît Millot,30,2.36,1.07,2.18,0.88,1,0,1,1,1,0,"12","",4,4,2,0,3,0,1,1,1,2,7,9,3,3,3,5,12,18,52,48,1.69,1.11,0.92,0.94,2.54,54,86,50,21,0,40,79,32,79,9.08,3.07,1.52,4.33,6.00,1.28,1.80,3.20,6.00,1.91,1.91,Decathlon Arena - Stade Pierre-Mauroy (Villeneuve d'Ascq)
1713704400,Apr 21 2024 - 1:00pm,complete,N/A,Reims,Montpellier,Pierre Gaillouste,30,1.50,1.21,1.59,1.41,1,2,3,1,0,1,"66","26,86",8,4,3,0,3,0,1,2,0,3,23,13,5,6,11,4,15,10,52,48,1.49,1.32,1.85,1.30,2.43,43,75,47,18,11,29,79,43,75,9.07,4.00,1.87,3.70,4.00,1.22,1.61,2.70,4.75,1.62,2.20,Stade Auguste-Delaune (Reims)
1713704400,Apr 21 2024 - 1:00pm,complete,N/A,Le Havre,Metz,Marc Bollengier,30,1.21,0.93,1.18,1.00,0,1,1,0,0,0,"","46",4,2,2,0,3,0,1,1,1,2,17,10,5,3,9,5,8,22,64,36,1.40,1.04,1.70,0.92,2.54,45,72,48,21,10,31,52,48,83,8.36,3.33,2.00,3.20,4.10,1.45,2.30,4.50,9.50,2.00,1.75,Stade Océane (Le Havre)
1713711900,Apr 21 2024 - 3:05pm,complete,N/A,Brest,Monaco,Ruddy Buquet,30,2.07,2.00,1.82,2.00,0,2,2,1,0,1,"","40,48",7,4,5,0,2,2,0,5,1,3,13,9,3,4,7,2,8,9,57,43,1.71,1.62,1.19,0.96,3.29,61,75,58,47,32,54,68,50,75,10.22,5.36,2.65,3.45,2.60,1.25,1.76,2.88,5.25,1.62,2.20,Stade Francis-Le Blé (Brest)
1713719700,Apr 21 2024 - 5:15pm,complete,N/A,Toulouse,Olympique Marseille,Clément Turpin,30,1.07,0.71,0.94,0.82,2,2,4,2,1,1,"45'2,82","38,90'6",7,4,1,0,2,0,1,0,1,1,11,13,4,4,4,6,8,11,45,55,1.43,1.44,1.16,1.12,2.75,64,79,50,32,14,29,64,43,79,10.64,4.57,3.10,3.35,2.30,1.30,1.85,3.20,6.00,1.70,2.05,Stadium de Toulouse (Toulouse)
1713726000,Apr 21 2024 - 7:00pm,complete,N/A,PSG,Olympique Lyonnais,François Letexier,30,2.07,1.57,1.94,1.65,4,1,5,5,4,1,"3,6,32,42","37",4,10,0,0,0,0,0,0,0,0,15,17,7,7,5,6,9,6,63,37,1.77,1.39,1.63,1.85,3.07,61,82,68,43,14,36,72,54,90,10.86,3.29,1.38,5.30,6.75,1.14,1.71,2.18,3.55,1.62,2.20,Parc des Princes (Paris)
1713978000,Apr 24 2024 - 5:00pm,complete,N/A,Lorient,PSG,Marc Bollengier,29,0.93,2.43,0.94,2.53,1,4,5,2,0,2,"73","19,22,60,90",3,6,1,0,1,0,0,1,1,0,12,16,7,8,4,5,7,7,40,60,1.20,1.62,1.56,1.71,2.97,54,83,50,33,25,36,57,64,86,9.28,3.64,8.00,4.80,1.40,1.11,1.45,2.20,3.44,1.67,2.10,Stade du Moustoir - Yves Allainmat (Lorient)
1713985200,Apr 24 2024 - 7:00pm,complete,N/A,Olympique Marseille,Nice,Jérémie Pignard,29,2.07,1.36,2.12,1.41,2,2,4,2,1,1,"31,56","13,72",3,2,1,1,3,0,2,0,1,2,12,11,5,5,4,3,7,15,48,52,1.63,1.35,1.23,1.17,2.08,40,65,36,18,7,29,64,29,72,10.86,3.36,2.15,3.30,3.40,1.30,2.00,3.38,6.35,1.80,1.95,Orange Vélodrome (Marseille)
1713985200,Apr 24 2024 - 7:00pm,complete,N/A,Monaco,Lille,Clément Turpin,29,1.71,1.14,1.94,1.29,1,0,1,0,0,0,"61","",7,5,1,0,2,0,1,0,0,2,20,14,8,5,6,7,9,9,43,57,1.73,1.24,1.79,1.41,2.32,50,71,43,25,7,33,68,29,79,11.28,4.35,2.20,3.60,3.10,1.23,1.60,2.74,5.00,1.57,2.25,Stade Louis-II (Monaco)
1714158000,Apr 26 2024 - 7:00pm,complete,N/A,Montpellier,Nantes,Jeremy Stinat,31,1.13,1.36,1.06,1.24,1,1,2,2,1,1,"2","7",3,6,2,2,1,0,2,2,1,0,9,16,2,6,5,4,6,11,54,46,1.64,1.13,0.89,1.39,2.45,48,69,52,27,4,14,55,52,83,9.92,4.57,1.95,3.60,3.75,1.26,1.83,3.00,5.50,1.70,2.05,Stade de la Mosson-Mondial 98 (Montpellier)
1714244400,Apr 27 2024 - 7:00pm,complete,N/A,PSG,Le Havre,Willy Delajod,31,2.13,0.73,1.94,0.71,3,3,6,3,1,2,"29,78,90'5","19,38,61",11,2,2,0,1,0,0,2,0,1,18,7,5,5,8,1,10,8,77,23,1.76,1.03,1.92,0.87,2.97,63,80,67,40,14,43,74,47,70,9.67,4.13,1.19,6.00,9.30,1.16,1.66,2.15,4.20,1.91,1.91,Parc des Princes (Paris)
1714302000,Apr 28 2024 - 11:00am,complete,N/A,Metz,Lille,Stéphanie Frappart,31,0.86,1.07,0.71,1.29,1,2,3,3,1,2,"23","31,44",2,4,1,0,2,0,0,1,1,1,6,15,3,5,2,6,15,12,29,71,1.20,1.25,0.72,1.45,2.28,52,59,42,28,7,35,70,24,65,9.42,4.06,6.57,8.26,1.19,1.26,1.88,3.06,5.70,1.80,1.95,Stade Saint-Symphorien (Longeville-lès-Metz)
1714309200,Apr 28 2024 - 1:00pm,complete,N/A,Strasbourg,Nice,Thomas Léonard,31,1.40,1.33,1.41,1.41,1,3,4,2,1,1,"18","44,52,84",2,3,2,0,3,0,0,2,1,2,14,9,6,5,6,3,8,13,47,53,1.33,1.34,1.53,1.08,2.23,50,64,47,24,4,30,60,50,70,9.07,4.13,4.31,6.72,1.37,1.38,2.10,4.00,8.00,1.80,1.95,Stade de la Meinau (Strasbourg)
1714309200,Apr 28 2024 - 1:00pm,complete,N/A,Lorient,Toulouse,Gaël Angoula,31,0.87,1.40,0.94,1.59,1,2,3,1,1,0,"19","59,83",5,1,1,0,3,0,1,0,1,2,16,15,6,6,6,7,6,10,51,49,1.23,1.09,1.58,1.45,2.77,54,77,57,24,20,37,67,54,84,7.40,4.40,3.34,3.66,1.86,1.33,2.04,3.60,7.00,1.75,2.00,Stade du Moustoir - Yves Allainmat (Lorient)
1714309200,Apr 28 2024 - 1:00pm,complete,N/A,Clermont,Reims,Florent Batta,31,0.73,1.27,0.82,1.18,4,1,5,2,1,1,"31,56,79,90","33",5,5,0,0,3,1,0,0,0,4,14,11,7,4,2,6,10,9,50,50,1.29,1.29,1.39,1.32,2.67,64,77,54,30,7,30,57,50,87,10.14,4.26,1.93,3.74,3.09,1.30,1.84,3.30,6.50,1.70,2.05,Stade Gabriel-Montpied (Clermont-Ferrand)
1714316700,Apr 28 2024 - 3:05pm,complete,N/A,Rennes,Brest,Benoît Bastien,31,1.60,1.60,1.47,1.76,4,5,9,3,2,1,"4,9,68,79","11,48,54,66,90'6",7,4,4,0,1,0,1,3,0,1,22,11,8,6,3,4,13,15,47,53,1.62,1.44,1.64,1.38,2.84,60,80,57,34,7,27,74,54,87,9.13,4.87,3.20,2.34,2.72,1.36,2.05,3.75,7.50,1.80,1.95,Roazhon Park (Rennes)
1714323600,Apr 28 2024 - 5:00pm,complete,N/A,Olympique Lyonnais,Monaco,Bastien Dechepy,31,1.27,2.07,1.47,2.00,3,2,5,3,2,1,"22,26,84","1,60",3,3,1,0,3,0,1,0,1,2,16,14,5,6,5,5,14,11,47,53,1.57,1.58,1.42,1.57,3.50,63,80,63,47,37,57,77,54,77,10.33,5.67,2.27,3.45,2.48,1.18,1.81,2.35,4.20,1.50,2.50,Groupama Stadium (Décines-Charpieu)
1714330800,Apr 28 2024 - 7:00pm,complete,N/A,Olympique Marseille,Lens,Eric Wattellier,31,2.00,1.27,2.12,1.18,2,1,3,1,1,0,"1,85","77",3,11,2,0,2,0,1,1,0,2,14,19,7,6,4,9,7,9,43,57,1.60,1.34,1.35,1.66,2.30,40,77,47,17,7,37,70,34,74,9.40,4.66,2.34,3.15,2.58,1.25,1.88,3.30,6.50,1.70,2.05,Orange Vélodrome (Marseille)
1714755600,May 03 2024 - 5:00pm,complete,N/A,Toulouse,Montpellier,Marc Bollengier,32,1.07,1.33,0.94,1.41,1,2,3,2,1,1,"34","27,81",8,0,2,1,3,1,0,3,2,2,16,6,6,4,5,1,17,14,63,37,1.41,1.31,1.82,0.79,2.70,60,87,57,24,10,27,74,60,80,9.00,4.20,2.07,3.40,3.10,1.24,1.70,2.85,5.00,1.62,2.30,Stadium de Toulouse (Toulouse)
1714762800,May 03 2024 - 7:00pm,complete,N/A,Lens,Lorient,Jérémie Pignard,32,1.80,0.87,1.82,0.76,2,0,2,0,0,0,"57,81","",4,4,1,0,2,0,0,1,1,1,20,13,7,6,10,3,11,14,57,43,1.70,1.15,1.99,1.35,2.87,50,77,54,33,13,34,70,50,84,9.67,4.27,1.39,4.30,6.60,1.20,1.70,2.70,5.00,1.87,1.92,Stade Bollaert-Delelis (Lens)
1714827600,May 04 2024 - 1:00pm,complete,N/A,Le Havre,Strasbourg,Jérôme Brisard,32,1.13,1.00,1.18,0.88,3,1,4,1,1,0,"24,65,90'6","86",3,2,3,0,1,0,1,2,0,1,16,6,8,4,4,2,6,13,39,61,1.42,1.10,1.61,1.02,2.20,47,70,44,17,0,23,60,30,84,7.66,3.34,2.35,3.10,3.20,1.44,2.25,4.50,9.50,1.98,1.80,Stade Océane (Le Havre)
1714834800,May 04 2024 - 3:00pm,complete,N/A,Monaco,Clermont,Hakim Ben El Hadj,32,1.80,0.73,1.94,0.65,4,1,5,3,2,1,"16,37,57,87","34",4,4,3,0,1,0,0,3,0,1,24,11,9,2,5,7,12,12,62,38,1.73,1.17,1.85,0.87,2.33,47,70,50,20,4,37,77,20,74,9.93,4.40,1.30,5.50,9.50,1.12,1.36,2.00,3.25,1.66,2.20,Stade Louis-II (Monaco)
1714842000,May 04 2024 - 5:00pm,complete,N/A,Metz,Rennes,Ruddy Buquet,32,0.80,1.20,0.71,1.24,2,3,5,3,2,1,"17,45","23,73,90'3",2,5,2,1,3,0,0,3,1,2,8,22,5,10,3,5,14,14,35,65,1.17,1.33,0.98,2.10,2.27,47,60,43,24,7,34,70,27,60,8.33,4.20,3.60,3.70,1.94,1.30,1.83,3.30,6.50,1.72,2.10,Stade Saint-Symphorien (Longeville-lès-Metz)
1714849200,May 04 2024 - 7:00pm,complete,N/A,Brest,Nantes,Clément Turpin,32,1.93,1.33,1.82,1.24,0,0,0,0,0,0,"","",6,0,3,0,2,0,1,2,0,2,10,10,3,2,5,6,6,14,72,28,1.68,1.15,1.10,0.85,2.37,44,67,40,24,10,27,57,40,80,9.94,4.94,1.71,3.65,4.90,1.38,2.08,4.00,8.00,2.10,1.82,Stade Francis-Le Blé (Brest)
1715022000,May 06 2024 - 7:00pm,complete,N/A,Lille,Olympique Lyonnais,Benoît Bastien,32,2.40,1.47,2.18,1.65,3,4,7,2,2,0,"21,37,85","65,82,88,90'2",4,4,3,0,1,0,1,2,1,0,9,12,6,8,2,3,14,13,44,56,1.64,1.42,1.17,1.77,2.64,47,77,54,27,10,34,70,44,74,10.54,3.40,1.90,3.60,3.65,1.25,1.84,2.95,5.50,1.67,2.10,Decathlon Arena - Stade Pierre-Mauroy (Villeneuve d'Ascq)
1715367600,May 10 2024 - 7:00pm,complete,N/A,Nice,Le Havre,Benoît Bastien,33,1.87,0.75,1.82,0.71,1,0,1,1,1,0,"12","",6,1,2,0,0,0,1,1,0,0,14,12,7,3,5,7,10,9,58,42,1.51,1.02,1.73,1.28,2.22,45,65,45,16,10,26,55,39,68,9.05,4.63,1.50,4.00,6.50,1.30,2.03,3.40,6.50,2.00,1.75,Allianz Riviera (Nice)
1715367600,May 10 2024 - 7:00pm,complete,N/A,Brest,Reims,Jérôme Brisard,33,1.88,1.19,1.82,1.18,1,1,2,2,1,1,"45'2","25",3,4,2,0,3,0,0,2,2,1,17,9,6,3,8,3,12,12,60,40,1.64,1.29,1.79,0.89,2.72,60,79,50,35,13,41,60,47,82,10.19,4.81,1.85,3.60,4.00,1.22,1.90,2.80,5.00,1.75,2.00,Stade Francis-Le Blé (Brest)
1715540400,May 12 2024 - 7:00pm,complete,N/A,PSG,Toulouse,Florent Batta,33,2.06,1.50,1.94,1.59,1,3,4,2,1,1,"8","13,68,90'5",4,6,0,0,0,0,0,0,0,0,16,19,4,6,8,11,12,8,64,36,1.77,1.12,1.36,1.88,3.07,63,85,69,35,16,41,82,50,81,9.69,4.19,1.34,5.70,7.70,1.12,1.38,1.90,3.30,1.62,2.20,Parc des Princes (Paris)
1715540400,May 12 2024 - 7:00pm,complete,N/A,Strasbourg,Metz,François Letexier,33,1.31,1.06,1.41,1.00,2,1,3,0,0,0,"89,90'1","54",3,6,2,0,2,0,0,2,1,1,12,13,3,3,5,8,10,9,72,28,1.34,1.03,1.06,1.08,2.76,57,78,57,25,10,44,60,57,85,7.63,3.75,1.96,3.62,3.74,1.30,1.90,3.40,6.50,1.75,2.00,Stade de la Meinau (Strasbourg)
1715540400,May 12 2024 - 7:00pm,complete,N/A,Rennes,Lens,Benoît Millot,33,1.50,1.19,1.47,1.18,1,1,2,0,0,0,"82","48",4,3,2,0,3,0,1,1,2,1,17,9,7,5,6,2,11,13,57,43,1.62,1.36,1.68,1.07,2.91,60,82,63,32,10,35,75,54,79,9.62,5.06,2.68,3.46,2.56,1.28,1.89,3.20,6.00,1.67,2.10,Roazhon Park (Rennes)
1715540400,May 12 2024 - 7:00pm,complete,N/A,Olympique Marseille,Lorient,Bastien Dechepy,33,2.06,0.81,2.12,0.76,3,1,4,3,2,1,"36,41,54","43",9,5,3,0,4,0,0,3,1,3,14,15,5,4,6,9,5,3,58,42,1.58,1.17,1.50,1.38,2.78,47,85,57,25,10,41,63,50,88,8.57,3.75,1.30,5.55,9.30,1.17,1.57,2.30,4.00,1.70,2.05,Orange Vélodrome (Marseille)
1715540400,May 12 2024 - 7:00pm,complete,N/A,Clermont,Olympique Lyonnais,Pierre Gaillouste,33,0.88,1.56,0.82,1.65,0,1,1,0,0,0,"","53",7,2,1,0,2,0,0,1,0,2,19,7,6,3,9,3,9,11,51,49,1.29,1.44,1.96,0.82,2.78,53,69,54,32,22,25,60,47,85,9.87,3.63,3.62,3.84,1.93,1.14,1.64,2.00,3.53,1.53,2.38,Stade Gabriel-Montpied (Clermont-Ferrand)
1715540400,May 12 2024 - 7:00pm,complete,N/A,Nantes,Lille,Eric Wattellier,33,0.75,1.19,0.71,1.29,1,2,3,2,0,2,"54","8,11",5,4,4,0,2,0,2,2,1,1,10,13,6,4,3,6,18,7,29,71,1.37,1.26,1.29,1.22,2.47,50,72,41,25,10,28,60,44,75,10.37,4.00,3.80,3.52,1.97,1.36,2.03,3.75,7.50,1.91,1.91,Stade de la Beaujoire - Louis Fonteneau (Nantes)
1715540400,May 12 2024 - 7:00pm,complete,N/A,Montpellier,Monaco,Stéphanie Frappart,33,1.13,1.94,1.06,2.00,0,2,2,0,0,0,"","52,65",3,3,1,0,1,0,1,0,0,1,15,20,4,10,8,5,21,11,45,55,1.59,1.58,1.41,1.92,3.28,66,82,63,47,25,44,72,57,75,10.06,5.50,3.18,4.04,2.04,1.12,1.38,2.06,3.40,1.40,2.75,Stade de la Mosson-Mondial 98 (Montpellier)
1715799600,May 15 2024 - 7:00pm,complete,N/A,Nice,PSG,Ruddy Buquet,32,1.94,2.47,1.82,2.53,1,2,3,3,1,2,"32","18,23",7,2,1,1,3,0,0,2,3,0,13,12,5,5,6,4,13,8,37,63,1.52,1.62,1.33,1.07,2.41,42,72,39,20,17,23,55,49,78,10.89,3.87,2.86,3.55,2.14,1.19,1.60,2.50,4.50,1.53,2.38,Allianz Riviera (Nice)
1715799600,May 15 2024 - 7:00pm,complete,N/A,Reims,Olympique Marseille,Hakim Ben El Hadj,32,1.40,0.73,1.59,0.82,1,0,1,1,1,0,"33","",3,10,3,0,1,0,2,1,0,1,11,21,4,4,4,10,15,11,38,62,1.51,1.42,1.04,1.65,2.60,54,70,47,30,14,34,73,33,77,10.93,4.40,2.44,3.50,2.60,1.24,1.70,2.85,5.00,1.57,2.25,Stade Auguste-Delaune (Reims)
1716145200,May 19 2024 - 7:00pm,complete,N/A,Toulouse,Brest,Jérémie Pignard,34,1.00,1.69,0.94,1.76,0,3,3,0,0,0,"","48,54,90",6,2,1,0,2,0,0,1,0,2,14,14,4,7,6,6,12,16,52,48,1.44,1.44,1.18,1.59,2.75,60,79,54,25,10,25,66,53,81,9.69,4.88,3.20,3.70,2.10,1.22,1.67,2.30,5.00,1.66,2.26,Stadium de Toulouse (Toulouse)
1716145200,May 19 2024 - 7:00pm,complete,N/A,Lorient,Clermont,Clément Turpin,34,0.81,0.69,0.94,0.65,5,0,5,2,2,0,"38,42,54,63,90","",9,2,3,0,3,0,1,2,1,2,37,12,11,5,22,5,20,8,45,55,1.25,1.15,3.30,1.22,2.85,60,78,60,32,19,44,76,44,76,7.88,3.88,1.91,3.80,3.70,1.15,1.70,2.20,3.92,1.57,2.34,Stade du Moustoir - Yves Allainmat (Lorient)
1716145200,May 19 2024 - 7:00pm,complete,N/A,Monaco,Nantes,Romain Lissorgue,34,1.88,1.31,1.94,1.24,4,0,4,3,3,0,"6,10,24,61","",2,2,1,0,2,0,1,0,2,0,12,9,7,4,5,3,14,21,62,38,1.74,1.13,1.48,1.02,2.32,44,66,47,22,7,29,60,38,85,10.62,4.57,1.50,4.60,5.80,1.12,1.39,2.30,3.20,1.60,2.30,Stade Louis-II (Monaco)
1716145200,May 19 2024 - 7:00pm,complete,N/A,Lille,Nice,Willy Delajod,34,2.25,1.44,2.18,1.41,2,2,4,1,0,1,"55,73","10,90'3",3,5,3,1,3,0,0,4,0,3,14,14,4,6,9,6,5,7,55,45,1.61,1.32,1.44,1.43,2.41,44,66,44,28,6,35,72,44,63,10.62,3.81,2.05,3.50,3.50,1.29,1.85,3.20,5.75,1.85,1.91,Decathlon Arena - Stade Pierre-Mauroy (Villeneuve d'Ascq)
1716145200,May 19 2024 - 7:00pm,complete,N/A,Olympique Lyonnais,Strasbourg,Eric Wattellier,34,1.38,0.94,1.47,0.88,2,1,3,1,1,0,"39,90'6","63",7,2,1,0,0,0,0,1,0,0,19,12,6,5,11,7,7,8,64,36,1.56,1.09,1.85,1.35,2.85,60,78,53,32,19,41,78,38,82,8.25,3.75,1.44,4.75,6.00,1.14,1.38,2.30,3.50,1.62,2.25,Groupama Stadium (Décines-Charpieu)
1716145200,May 19 2024 - 7:00pm,complete,N/A,Reims,Rennes,Mathieu Vernice,34,1.50,1.31,1.59,1.24,2,1,3,0,0,0,"48,80","90'5",2,4,1,0,1,0,0,1,0,1,8,24,5,6,2,10,6,15,35,65,1.48,1.38,0.96,2.01,2.19,44,66,41,19,10,25,69,35,69,9.69,4.38,2.50,3.70,2.60,1.18,1.61,2.30,4.33,1.50,2.50,Stade Auguste-Delaune (Reims)
1716145200,May 19 2024 - 7:00pm,complete,N/A,Lens,Montpellier,Thomas Léonard,34,1.88,1.44,1.82,1.41,2,2,4,2,2,0,"4,45'3","58,74",1,0,0,0,1,0,0,0,0,1,35,19,14,4,16,8,11,11,54,46,1.72,1.28,3.30,1.23,2.66,50,82,47,25,13,28,85,47,81,9.57,4.44,1.50,4.60,5.80,1.14,1.42,2.30,3.45,1.58,2.42,Stade Bollaert-Delelis (Lens)
1716145200,May 19 2024 - 7:00pm,complete,N/A,Le Havre,Olympique Marseille,Jeremy Stinat,34,1.25,0.69,1.18,0.82,1,2,3,0,0,0,"90'7","64,77",5,3,1,0,0,0,0,1,0,0,15,28,7,9,7,15,11,10,44,56,1.43,1.43,1.56,2.52,2.51,47,66,44,32,10,26,60,38,78,9.88,4.38,3.60,3.70,1.95,1.25,1.85,3.00,5.75,1.78,2.00,Stade Océane (Le Havre)
1716145200,May 19 2024 - 7:00pm,complete,N/A,Metz,PSG,Gaël Angoula,34,0.75,2.50,0.71,2.53,0,2,2,2,0,2,"","7,12",1,10,2,0,1,0,0,2,1,0,13,24,3,9,8,12,5,9,24,76,1.16,1.59,1.15,2.37,2.82,56,72,53,31,19,44,72,44,69,9.00,3.88,5.80,5.00,1.44,1.11,1.42,1.95,3.20,1.48,2.60,Stade Saint-Symphorien (Longeville-lès-Metz)
1659726000,Aug 05 2022 - 7:00pm,complete,N/A,Olympique Lyonnais,Ajaccio,Benoît Bastien,1,0.00,0.00,1.84,0.58,2,1,3,3,2,1,"12,22","31",4,3,1,1,5,1,2,0,5,1,12,9,5,5,6,4,10,18,68,32,0.00,0.00,1.29,1.19,0.00,0,0,0,0,0,0,0,0,0,0.00,0.00,1.36,4.91,7.68,1.19,1.53,2.60,4.50,1.95,1.80,Groupama Stadium (Décines-Charpieu)
1659798000,Aug 06 2022 - 3:00pm,complete,N/A,Strasbourg,Monaco,François Letexier,1,0.00,0.00,1.16,1.84,1,2,3,1,0,1,"65","43,53",3,7,0,0,2,0,0,0,0,2,15,32,9,15,5,14,17,15,53,47,0.00,0.00,1.77,3.26,0.00,0,0,0,0,0,0,0,0,0,0.00,0.00,3.20,3.30,2.30,1.30,1.83,3.30,6.50,1.70,2.05,Stade de la Meinau (Strasbourg)
1659812400,Aug 06 2022 - 7:00pm,complete,N/A,Clermont,PSG,Jeremy Stinat,1,0.00,0.00,1.58,2.32,0,5,5,3,0,3,"","9,26,38,80,86",0,6,2,0,1,0,1,1,1,0,12,23,2,13,7,8,13,13,39,61,0.00,0.00,0.87,2.58,0.00,0,0,0,0,0,0,0,0,0,0.00,0.00,9.33,7.00,1.25,1.11,1.34,1.96,3.00,1.67,2.10,Stade Gabriel Montpied (Clermont-Ferrand)
1659870000,Aug 07 2022 - 11:00am,complete,20567,Toulouse,Nice,Johan Hamel,1,0.00,0.00,1.26,1.58,1,1,2,1,1,0,"20","78",6,3,1,0,2,0,0,1,0,2,9,15,3,6,4,8,10,8,46,54,0.00,0.00,1.13,1.62,0.00,0,0,0,0,0,0,0,0,0,0.00,0.00,2.80,3.30,2.40,1.30,1.86,3.25,6.50,1.67,2.10,Stadium de Toulouse (Toulouse)
1659877200,Aug 07 2022 - 1:00pm,complete,N/A,Lille,Auxerre,Eric Wattellier,1,0.00,0.00,2.26,0.68,4,1,5,3,3,0,"1,3,39,64","68",7,2,2,0,1,0,0,2,1,0,20,15,7,3,9,9,10,9,60,40,0.00,0.00,1.87,1.30,0.00,0,0,0,0,0,0,0,0,0,0.00,0.00,1.75,3.50,4.50,1.25,2.03,2.98,5.40,1.80,1.95,Stade Pierre-Mauroy (Villeneuve d'Ascq)
1659877200,Aug 07 2022 - 1:00pm,complete,N/A,Angers SCO,Nantes,Hakim Ben El Hadj,1,0.00,0.00,0.63,0.68,0,0,0,0,0,0,"","",3,6,3,0,3,0,1,2,1,2,20,19,8,5,9,9,15,13,49,51,0.00,0.00,1.98,1.56,0.00,0,0,0,0,0,0,0,0,0,0.00,0.00,2.38,3.20,2.90,1.36,2.00,3.75,7.50,1.80,1.95,Stade Raymond-Kopa (Angers)
1659877200,Aug 07 2022 - 1:00pm,complete,N/A,Montpellier,Troyes,Pierre Gaillouste,1,0.00,0.00,1.26,0.53,3,2,5,4,2,2,"3,15,81","12,17",3,6,1,0,0,0,0,1,0,0,20,20,5,11,12,7,13,10,53,47,0.00,0.00,1.63,2.16,0.00,0,0,0,0,0,0,0,0,0,0.00,0.00,2.15,3.30,3.20,1.28,1.85,3.20,6.00,1.67,2.10,Stade de la Mosson (Montpellier)
1659877200,Aug 07 2022 - 1:00pm,complete,N/A,Lens,Brest,Thomas Léonard,1,0.00,0.00,2.74,0.95,3,2,5,1,1,0,"27,62,65","66,82",6,3,2,0,4,0,1,1,2,2,17,8,7,6,10,2,16,14,62,38,0.00,0.00,1.79,1.18,0.00,0,0,0,0,0,0,0,0,0,0.00,0.00,1.50,4.33,5.00,1.20,1.63,2.65,4.75,1.75,2.00,Stade Bollaert-Delelis (Lens)
1659884700,Aug 07 2022 - 3:05pm,complete,N/A,Rennes,Lorient,Bastien Dechepy,1,0.00,0.00,2.37,1.26,0,1,1,0,0,0,"","65",7,2,3,0,1,0,0,3,0,1,23,8,4,4,15,4,11,5,64,36,0.00,0.00,1.89,0.94,0.00,0,0,0,0,0,0,0,0,0,0.00,0.00,1.33,5.00,9.50,1.18,1.65,2.30,4.33,1.91,1.91,Roazhon Park (Rennes)
1659897900,Aug 07 2022 - 6:45pm,complete,62738,Olympique Marseille,Reims,Jérôme Brisard,1,0.00,0.00,1.79,1.11,4,1,5,2,2,0,"13,45'1,75,90'4","84",6,7,1,0,0,0,0,1,0,0,17,17,8,7,9,10,14,10,56,44,0.00,0.00,2.00,1.87,0.00,0,0,0,0,0,0,0,0,0,0.00,0.00,1.55,3.90,6.50,1.30,1.93,3.30,6.50,1.95,1.80,Stade Orange Vélodrome (Marseille)
1660330800,Aug 12 2022 - 7:00pm,complete,30689,Nantes,Lille,Bastien Dechepy,2,0.00,0.00,1.21,1.26,1,1,2,1,1,0,"28","76",5,11,1,0,4,0,0,1,4,0,14,26,2,2,8,17,14,10,30,70,0.00,0.00,1.00,1.89,0.00,0,0,0,0,0,0,0,0,0,0.00,0.00,2.59,3.06,2.59,1.33,1.95,3.60,7.00,1.75,2.05,Stade de la Beaujoire - Louis Fonteneau (Nantes)
1660402800,Aug 13 2022 - 3:00pm,complete,N/A,Monaco,Rennes,Jérémie Pignard,2,0.00,0.00,1.58,1.21,1,1,2,0,0,0,"72","59",1,6,0,1,3,0,1,0,3,0,14,31,4,9,8,15,6,11,34,66,0.00,0.00,1.35,2.61,0.00,0,0,0,0,0,0,0,0,0,0.00,0.00,2.14,3.35,3.15,1.26,1.84,3.00,5.50,1.60,2.20,Stade Louis II (Monaco)
1660417200,Aug 13 2022 - 7:00pm,complete,N/A,PSG,Montpellier,Willy Delajod,2,0.00,0.00,2.16,1.37,5,2,7,2,2,0,"39,43,51,69,87","58,90'2",11,0,2,0,1,0,0,2,0,1,26,7,13,4,11,3,15,18,59,41,0.00,0.00,3.14,0.86,0.00,0,0,0,0,0,0,0,0,0,0.00,0.00,1.09,11.00,24.00,1.06,1.20,1.69,2.25,1.98,1.73,Parc des Princes (Paris)
1660482000,Aug 14 2022 - 1:00pm,complete,N/A,Ajaccio,Lens,Stéphanie Frappart,2,0.00,0.00,0.79,1.68,0,0,0,0,0,0,"","",1,3,5,0,2,0,3,2,0,2,11,14,3,5,7,9,2,3,36,64,0.00,0.00,1.08,1.58,0.00,0,0,0,0,0,0,0,0,0,0.00,0.00,3.35,3.15,2.31,1.40,2.25,4.20,8.50,1.90,1.80,Stade François Coty (Ajaccio)
1660482000,Aug 14 2022 - 1:00pm,complete,N/A,Auxerre,Angers SCO,Ruddy Buquet,2,0.00,0.00,1.16,0.32,2,2,4,3,2,1,"4,10","22,77",4,5,4,1,3,0,3,2,1,2,15,13,7,3,7,9,0,1,40,60,0.00,0.00,1.58,1.47,0.00,0,0,0,0,0,0,0,0,0,0.00,0.00,2.28,3.30,3.20,1.40,2.35,4.20,8.50,1.93,1.77,Stade de l'Abbé Deschamps (Auxerre)
1660482000,Aug 14 2022 - 1:00pm,complete,N/A,Reims,Clermont,Johan Hamel,2,0.00,0.00,1.58,1.53,2,4,6,2,2,0,"23,30","51,62,72,77",1,6,3,1,3,0,1,3,3,0,13,13,6,7,5,5,1,0,41,59,0.00,0.00,1.44,1.51,0.00,0,0,0,0,0,0,0,0,0,0.00,0.00,2.07,3.25,3.80,1.38,1.95,4.00,8.00,1.85,1.85,Stade Auguste-Delaune II (Reims)
1660482000,Aug 14 2022 - 1:00pm,complete,N/A,Troyes,Toulouse,Marc Bollengier,2,0.00,0.00,0.74,1.26,0,3,3,1,0,1,"","36,54,85",6,6,2,0,1,0,1,1,1,0,16,16,2,6,11,7,14,19,32,68,0.00,0.00,1.19,1.58,0.00,0,0,0,0,0,0,0,0,0,0.00,0.00,2.70,3.40,2.60,1.38,2.15,4.00,8.00,1.85,1.85,Stade de l'Aube (Troyes)
1660489500,Aug 14 2022 - 3:05pm,complete,N/A,Nice,Strasbourg,Hakim Ben El Hadj,2,0.00,0.00,1.47,0.95,1,1,2,1,1,0,"35","55",7,3,1,0,4,0,0,1,2,2,14,11,3,6,10,4,7,13,54,46,0.00,0.00,1.40,1.34,0.00,0,0,0,0,0,0,0,0,0,0.00,0.00,2.15,3.30,3.30,1.36,2.00,3.75,7.50,1.78,1.93,Allianz Riviera (Nice)
1660502700,Aug 14 2022 - 6:45pm,complete,N/A,Brest,Olympique Marseille,Jeremy Stinat,2,0.00,0.00,1.37,2.05,1,1,2,1,0,1,"61","38",7,5,1,0,4,0,0,1,1,3,21,7,7,3,11,3,10,15,46,54,0.00,0.00,2.00,0.81,0.00,0,0,0,0,0,0,0,0,0,0.00,0.00,3.70,3.70,1.89,1.25,1.62,2.95,5.50,1.66,2.10,Stade Francis-Le Blé (Brest)
1660935600,Aug 19 2022 - 7:00pm,complete,N/A,Olympique Lyonnais,Troyes,Eric Wattellier,3,3.00,0.00,1.84,0.53,4,1,5,2,1,1,"3,47,49,75","39",4,5,0,0,1,0,0,0,0,1,16,5,8,2,6,3,9,7,66,34,1.29,2.16,1.95,0.74,4.00,100,100,100,50,50,100,100,0,50,10.00,3.00,1.34,5.00,7.60,1.15,1.42,2.25,3.75,1.77,1.93,Groupama Stadium (Décines-Charpieu)
1661007600,Aug 20 2022 - 3:00pm,complete,N/A,Monaco,Lens,Willy Delajod,3,1.00,1.00,1.58,1.68,1,4,5,3,1,2,"41","7,38,55,78",3,5,3,1,0,0,1,3,0,0,14,18,6,7,7,8,18,13,46,54,1.35,1.58,1.53,1.65,1.00,50,50,0,0,0,0,0,50,50,4.00,4.00,1.79,3.75,4.35,1.22,1.68,2.70,5.00,1.66,2.10,Stade Louis II (Monaco)
1661022000,Aug 20 2022 - 7:00pm,complete,N/A,Olympique Marseille,Nantes,Jérémie Pignard,3,3.00,1.00,1.79,0.68,2,1,3,0,0,0,"70,82","78",7,4,4,1,1,0,0,5,0,1,18,15,7,5,10,9,15,6,56,44,2.00,1.56,1.96,1.56,2.50,50,50,50,50,50,50,50,50,50,12.00,4.00,1.57,4.00,5.80,1.28,1.70,3.10,6.00,1.85,1.85,Stade Orange Vélodrome (Marseille)
1661079600,Aug 21 2022 - 11:00am,complete,N/A,Strasbourg,Reims,Ruddy Buquet,3,0.00,0.00,1.16,1.11,1,1,2,1,1,0,"45'3","81",5,4,1,0,4,0,1,0,1,3,14,15,3,8,9,7,12,16,64,36,1.77,1.87,1.40,1.75,4.00,100,100,100,50,50,50,100,100,100,10.00,0.00,1.77,3.60,4.70,1.39,2.05,3.67,7.25,2.00,1.75,Stade de la Meinau (Strasbourg)
1661086800,Aug 21 2022 - 1:00pm,complete,N/A,Angers SCO,Brest,Jérôme Brisard,3,1.00,0.00,0.63,0.95,1,3,4,2,0,2,"70","10,38,65",3,6,2,1,0,0,1,2,0,0,7,14,6,9,1,4,9,10,51,49,1.98,1.18,1.19,1.86,2.50,50,50,50,50,50,0,50,50,50,6.00,7.00,2.30,3.30,2.88,1.33,2.02,3.60,7.00,1.75,2.00,Stade Raymond-Kopa (Angers)
1661086800,Aug 21 2022 - 1:00pm,complete,N/A,Clermont,Nice,Thomas Léonard,3,0.00,1.00,1.58,1.58,1,0,1,1,1,0,"6","",3,6,1,0,1,2,0,1,0,3,7,17,4,4,3,9,4,21,48,52,0.87,1.62,0.98,1.51,3.50,50,100,50,50,50,50,100,50,100,3.00,4.00,3.60,3.50,1.95,1.33,2.04,3.60,7.00,1.80,1.95,Stade Gabriel Montpied (Clermont-Ferrand)
1661086800,Aug 21 2022 - 1:00pm,complete,N/A,Montpellier,Auxerre,Mathieu Vernice,3,3.00,0.00,1.26,0.68,1,2,3,1,1,0,"39","70,75",7,2,1,2,2,2,0,3,2,2,18,9,10,3,5,6,10,13,64,36,1.63,1.30,2.07,0.89,5.00,100,100,100,100,100,100,100,50,100,5.00,2.00,2.10,3.30,3.50,1.33,2.07,3.60,7.00,1.75,2.00,Stade de la Mosson (Montpellier)
1661086800,Aug 21 2022 - 1:00pm,complete,N/A,Toulouse,Lorient,Gustavo Fernandes Correia,3,1.00,3.00,1.26,1.26,2,2,4,2,1,1,"31,64","2,80",3,6,2,0,1,0,1,1,1,0,15,16,6,4,7,9,14,10,52,48,1.13,0.94,1.74,1.48,1.50,50,50,0,0,0,0,50,0,100,8.00,2.00,2.10,3.40,3.40,1.34,2.03,3.67,6.75,1.80,1.95,Stadium de Toulouse (Toulouse)
1661094300,Aug 21 2022 - 3:05pm,complete,N/A,Rennes,Ajaccio,Hakim Ben El Hadj,3,0.00,0.00,2.37,0.58,2,1,3,1,1,0,"18,62","57",4,8,4,2,2,0,1,5,1,1,19,15,9,6,8,7,13,11,55,45,1.89,1.19,2.17,1.52,2.00,50,50,50,0,0,50,50,0,50,10.00,9.00,1.33,4.75,8.00,1.32,1.90,3.49,5.75,2.10,1.67,Roazhon Park (Rennes)
1661107500,Aug 21 2022 - 6:45pm,complete,N/A,Lille,PSG,Clément Turpin,3,3.00,3.00,2.26,2.32,1,7,8,4,0,4,"54","1,27,39,43,52,66,87",2,4,2,0,1,0,1,1,1,0,20,19,9,11,8,7,13,8,48,52,1.87,2.58,1.88,2.22,5.00,50,100,100,100,100,100,100,100,100,13.00,3.00,5.20,4.50,1.52,1.17,1.55,2.45,3.80,1.70,2.05,Stade Pierre-Mauroy (Villeneuve d'Ascq)
1661540400,Aug 26 2022 - 7:00pm,complete,N/A,Ajaccio,Lille,Thomas Léonard,4,1.00,1.00,0.79,1.26,1,3,4,2,0,2,"84","17,43,66",6,0,3,0,2,0,0,3,0,2,9,9,2,5,3,2,13,13,42,58,1.08,1.89,0.85,1.10,1.00,50,50,0,0,0,0,50,0,50,12.00,9.00,3.20,3.25,2.17,1.40,2.17,3.75,7.00,1.95,1.80,Stade François Coty (Ajaccio)
1661612400,Aug 27 2022 - 3:00pm,complete,16059,Auxerre,Strasbourg,Johan Hamel,4,1.00,1.00,1.16,0.95,1,0,1,1,1,0,"29","",2,5,0,0,1,0,0,0,1,0,10,16,4,5,4,10,4,6,42,58,1.58,1.34,1.13,1.83,3.00,100,100,50,50,0,50,100,0,100,7.00,9.00,3.68,3.48,2.03,1.32,1.89,3.40,6.50,1.80,1.95,Stade de l'Abbé Deschamps (Auxerre)
1661626800,Aug 27 2022 - 7:00pm,complete,37848,Lens,Rennes,Jérôme Brisard,4,3.00,1.00,2.74,1.21,2,1,3,0,0,0,"66,70","90'1",7,2,0,0,1,0,0,0,1,0,25,14,5,7,14,6,15,13,51,49,1.79,2.61,1.84,1.63,3.50,100,100,50,50,50,0,50,100,100,12.00,5.00,2.63,3.75,2.48,1.26,1.66,3.00,5.50,1.62,2.20,Stade Bollaert-Delelis (Lens)
1661684400,Aug 28 2022 - 11:00am,complete,26574,Nantes,Toulouse,Mathieu Vernice,4,1.00,3.00,1.21,1.26,3,1,4,1,0,1,"50,55,61","15",4,5,0,0,3,0,0,0,2,1,21,12,10,2,8,7,11,9,50,50,1.00,1.58,2.25,1.02,2.50,50,100,50,0,0,0,100,50,100,11.00,2.00,2.40,3.45,2.90,1.30,2.02,3.30,6.50,1.70,2.05,Stade de la Beaujoire - Louis Fonteneau (Nantes)
1661691600,Aug 28 2022 - 1:00pm,complete,10591,Lorient,Clermont,Willy Delajod,4,0.00,3.00,1.63,1.53,2,1,3,2,2,0,"24,41","62",3,4,1,0,2,1,1,0,2,1,27,13,11,3,11,7,12,9,39,61,0.00,1.51,2.44,1.29,3.00,50,50,50,50,50,50,50,50,50,6.00,3.00,2.05,3.45,3.70,1.33,2.04,3.55,6.50,1.80,1.95,Stade Yves Allainmat - Le Moustoir (Lorient)
1661691600,Aug 28 2022 - 1:00pm,complete,N/A,Nice,Olympique Marseille,François Letexier,4,1.00,1.00,1.47,2.05,0,3,3,3,0,3,"","10,37,42",7,5,1,0,1,0,0,1,0,1,26,18,3,4,15,9,7,15,49,51,1.40,0.81,1.58,1.56,2.00,100,100,0,0,0,0,100,0,100,12.00,5.00,2.65,3.40,2.60,1.32,2.00,3.40,6.50,1.70,2.05,Allianz Riviera (Nice)
1661691600,Aug 28 2022 - 1:00pm,complete,N/A,Brest,Montpellier,Marc Bollengier,4,1.00,0.00,1.37,1.37,0,7,7,5,0,5,"","6,10,11,25,31,64,84",5,4,0,1,2,0,0,1,0,2,10,15,2,9,7,5,15,16,52,48,2.00,0.86,1.06,1.69,4.50,100,100,50,50,50,50,100,50,100,7.00,2.00,1.90,3.70,3.80,1.25,1.80,2.90,5.50,1.62,2.20,Stade Francis-Le Blé (Brest)
1661691600,Aug 28 2022 - 1:00pm,complete,6673,Troyes,Angers SCO,Stéphanie Frappart,4,0.00,1.00,0.74,0.32,3,1,4,1,1,0,"12,61,82","67",8,3,2,0,2,1,2,0,2,1,28,8,14,3,14,5,8,12,49,51,1.19,1.47,3.16,1.00,3.50,50,100,100,50,0,50,100,50,100,11.00,5.00,2.45,3.30,2.95,1.35,1.96,3.75,7.50,1.80,1.95,Stade de l'Aube (Troyes)
1661699100,Aug 28 2022 - 3:05pm,complete,14930,Reims,Olympique Lyonnais,Jeremy Stinat,4,0.00,0.00,1.58,1.42,1,1,2,1,1,0,"24","86",2,7,1,1,1,0,0,2,0,1,11,22,6,6,3,13,12,12,26,74,1.44,0.00,1.17,2.34,3.00,50,50,50,50,50,50,50,50,50,1.00,5.00,4.20,4.00,1.77,1.19,1.68,2.55,4.50,1.62,2.20,Stade Auguste-Delaune II (Reims)
1661712300,Aug 28 2022 - 6:45pm,complete,N/A,PSG,Monaco,Benoît Bastien,4,3.00,3.00,2.16,1.84,1,1,2,1,0,1,"70","20",4,3,4,0,4,0,1,3,1,3,21,5,6,4,13,1,12,15,67,33,3.14,3.26,2.01,0.81,5.00,100,100,100,50,50,50,100,100,100,18.00,4.00,1.35,5.50,6.50,1.06,1.40,2.08,2.45,1.67,2.10,Parc des Princes (Paris)
1661965200,Aug 31 2022 - 5:00pm,complete,4045,Monaco,Troyes,Ruddy Buquet,5,0.50,0.00,1.58,0.53,2,4,6,3,1,2,"10,63","22,45'3,48,78",8,6,2,1,1,0,2,1,0,1,9,22,7,12,2,8,13,11,52,48,1.44,1.45,1.42,2.47,4.25,100,100,75,75,75,75,75,75,100,7.50,3.50,1.28,6.05,9.90,1.18,1.53,2.24,4.20,1.90,1.80,Stade Louis II (Monaco)
1661965200,Aug 31 2022 - 5:00pm,complete,6500,Angers SCO,Reims,Jérémie Pignard,5,0.50,0.50,0.63,1.11,2,4,6,2,0,2,"59,67","23,45,70,90",4,3,1,0,5,1,0,1,0,6,13,14,5,6,6,6,9,15,59,41,1.59,1.81,1.39,1.47,2.75,75,75,50,50,25,50,75,50,75,8.50,5.50,2.25,3.42,3.20,1.33,2.03,3.60,7.00,1.80,1.90,Stade Raymond-Kopa (Angers)
1661965200,Aug 31 2022 - 5:00pm,complete,10051,Montpellier,Ajaccio,Bastien Dechepy,5,1.50,0.00,1.26,0.58,2,0,2,1,1,0,"28,77","",3,8,2,1,3,1,2,1,2,2,14,22,5,2,7,14,9,17,38,62,1.85,1.35,1.25,1.60,3.50,100,100,100,25,25,50,100,50,75,10.50,7.00,1.90,3.67,3.97,1.32,1.83,3.40,6.50,1.78,1.93,Stade de la Mosson (Montpellier)
1661965200,Aug 31 2022 - 5:00pm,complete,38609,Olympique Lyonnais,Auxerre,Pierre Gaillouste,5,3.00,1.50,1.84,0.68,2,1,3,1,1,0,"29,72","80",9,3,0,0,2,0,0,0,0,2,31,7,8,3,14,4,13,13,62,38,1.62,1.09,2.44,0.94,4.00,100,100,100,50,50,75,100,75,75,6.00,4.50,1.28,5.95,10.25,1.12,1.50,2.31,3.25,1.78,1.93,Groupama Stadium (Décines-Charpieu)
1661965200,Aug 31 2022 - 5:00pm,complete,25162,Strasbourg,Nantes,Clément Turpin,5,0.50,0.50,1.16,0.68,1,1,2,1,1,0,"28","85",3,6,0,0,3,0,0,0,1,2,10,17,4,5,4,8,13,18,46,54,1.58,1.56,1.06,1.50,2.00,75,75,50,0,0,0,50,50,75,9.00,2.50,1.53,4.43,5.95,1.29,1.75,3.25,5.95,1.80,1.90,Stade de la Meinau (Strasbourg)
1661972400,Aug 31 2022 - 7:00pm,complete,30254,Lille,Nice,Jeremy Stinat,5,1.50,0.50,2.26,1.58,1,2,3,3,1,2,"20","22,29",6,3,1,0,4,0,0,1,1,3,21,5,7,3,13,1,15,21,63,37,1.88,1.56,2.42,0.66,4.00,75,75,50,50,50,50,100,50,75,9.00,5.00,2.26,3.52,3.10,1.33,1.95,3.60,7.00,1.77,1.95,Decathlon Arena – Stade Pierre-Mauroy (Villeneuve d'Ascq)
1661972400,Aug 31 2022 - 7:00pm,complete,62763,Olympique Marseille,Clermont,Eric Wattellier,5,3.00,1.50,1.79,1.53,1,0,1,0,0,0,"49","",7,1,2,0,2,0,1,1,1,1,23,4,9,0,13,4,16,12,60,40,1.98,1.40,2.45,0.47,4.25,100,100,100,50,50,75,75,75,100,11.50,6.00,1.44,4.78,6.85,1.20,1.62,2.65,4.75,1.82,1.88,Stade Orange Vélodrome (Marseille)
1661972400,Aug 31 2022 - 7:00pm,complete,N/A,Lens,Lorient,Benoît Bastien,5,3.00,2.00,2.74,1.26,5,2,7,3,2,1,"24,28,57,77,86","41,50",4,5,1,0,3,0,0,1,0,3,17,12,9,5,8,7,10,6,58,42,1.81,1.21,2.04,1.34,3.25,75,75,75,50,25,25,50,75,100,10.50,2.00,1.53,4.42,5.80,1.25,1.69,3.00,5.50,1.88,1.82,Stade Bollaert-Delelis (Lens)
1661972400,Aug 31 2022 - 7:00pm,complete,N/A,Rennes,Brest,Benoît Millot,5,1.50,1.50,2.37,0.95,3,1,4,0,0,0,"53,89,90'1","57",7,3,2,0,0,0,0,2,0,0,22,8,9,3,10,5,11,6,65,35,2.03,1.52,2.37,0.96,3.25,75,75,75,50,25,25,75,75,100,10.00,7.00,1.31,6.25,8.00,1.19,1.60,2.20,4.50,1.75,1.95,Roazhon Park (Rennes)
1661972400,Aug 31 2022 - 7:00pm,complete,N/A,Toulouse,PSG,Hakim Ben El Hadj,5,1.00,3.00,1.26,2.32,0,3,3,1,0,1,"","37,50,90",3,9,1,0,0,0,0,1,0,0,17,23,8,14,8,8,10,7,38,62,1.44,2.40,1.80,2.72,4.75,75,100,75,75,50,75,100,75,100,9.50,2.50,13.75,7.95,1.17,1.10,1.32,1.81,3.00,1.83,1.87,Stadium de Toulouse (Toulouse)
1662217200,Sep 03 2022 - 3:00pm,complete,17025,Auxerre,Olympique Marseille,Willy Delajod,6,2.00,2.00,1.16,2.05,0,2,2,1,0,1,"","7,84",4,1,1,0,1,0,1,0,0,1,12,16,4,8,7,8,8,14,47,53,1.36,1.18,1.32,2.02,2.50,50,75,50,25,0,50,100,0,50,8.00,5.00,4.40,3.95,1.75,1.23,1.71,2.78,5.10,1.70,2.15,Stade de l'Abbé Deschamps (Auxerre)
1662224400,Sep 03 2022 - 5:00pm,complete,N/A,Olympique Lyonnais,Angers SCO,Thomas Léonard,6,3.00,0.50,1.84,0.32,5,0,5,2,2,0,"31,38,59,62,88","",13,3,2,0,1,0,0,2,0,1,25,15,16,3,8,6,5,9,64,36,1.89,1.23,2.95,1.03,3.84,100,100,100,67,17,59,100,59,84,9.67,4.00,1.31,5.80,8.40,1.15,1.50,2.25,3.75,1.75,1.98,Groupama Stadium (Décines-Charpieu)
1662231600,Sep 03 2022 - 7:00pm,complete,N/A,Nantes,PSG,Pierre Gaillouste,6,2.00,3.00,1.21,2.32,0,3,3,1,0,1,"","18,54,68",1,7,1,1,4,0,2,0,1,3,11,23,2,5,8,16,6,12,41,59,1.62,2.51,1.03,2.29,4.17,67,100,75,59,34,34,100,75,100,10.83,1.17,5.95,5.60,1.42,1.12,1.33,1.87,3.40,1.78,1.93,Stade de la Beaujoire - Louis Fonteneau (Nantes)
1662289200,Sep 04 2022 - 11:00am,complete,12215,Montpellier,Lille,Jérôme Brisard,6,2.00,2.00,1.26,1.26,1,3,4,2,1,1,"20","41,57,90'5",1,9,0,1,4,0,1,0,1,3,8,35,3,6,3,21,8,11,24,76,1.65,1.50,0.75,2.74,3.17,84,100,59,42,17,42,100,42,100,9.83,6.33,3.45,3.70,2.02,1.24,1.78,2.87,5.00,1.65,2.10,Stade de la Mosson (Montpellier)
1662296400,Sep 04 2022 - 1:00pm,complete,7000,Ajaccio,Lorient,Jeremy Stinat,6,0.50,1.33,0.79,1.26,0,1,1,0,0,0,"","51",3,3,4,0,1,0,1,3,1,0,24,10,4,5,14,4,16,12,58,42,0.97,1.25,1.95,1.07,3.00,59,59,59,59,17,59,59,59,75,7.83,5.67,2.40,3.30,2.88,1.35,1.92,3.60,7.00,1.83,1.87,Stade François Coty (Ajaccio)
1662296400,Sep 04 2022 - 1:00pm,complete,10085,Clermont,Toulouse,François Letexier,6,1.50,1.50,1.58,1.26,2,0,2,0,0,0,"46,90'6","",4,6,4,0,1,0,2,2,0,1,15,15,4,5,9,9,14,12,33,67,0.92,1.30,1.33,1.70,3.25,25,75,75,50,25,25,100,75,75,7.00,3.50,2.43,3.47,2.72,1.29,1.90,3.10,6.00,1.72,2.00,Stade Gabriel Montpied (Clermont-Ferrand)
1662296400,Sep 04 2022 - 1:00pm,complete,15761,Brest,Strasbourg,Bastien Dechepy,6,0.50,0.50,1.37,0.95,1,1,2,2,1,1,"6","28",7,3,3,0,1,1,1,2,1,1,16,13,3,5,10,7,15,9,59,41,1.53,1.59,1.41,1.39,3.00,50,75,25,25,25,25,100,25,75,10.00,4.00,2.86,3.43,2.34,1.26,1.91,2.98,5.50,1.68,2.05,Stade Francis-Le Blé (Brest)
1662296400,Sep 04 2022 - 1:00pm,complete,15761,Reims,Lens,Eric Wattellier,6,0.50,2.00,1.58,1.68,1,1,2,0,0,0,"71","82",4,4,2,0,2,1,1,1,1,2,19,22,5,4,13,15,9,11,36,64,1.31,1.62,1.77,1.82,3.25,75,75,50,50,50,50,75,50,75,5.50,5.00,3.42,3.52,2.03,1.30,1.98,3.27,6.00,1.75,1.95,Stade Auguste-Delaune II (Reims)
1662303900,Sep 04 2022 - 3:05pm,complete,8000,Troyes,Rennes,Mathieu Vernice,6,1.50,0.50,0.74,1.21,1,1,2,1,1,0,"14","48",3,5,2,1,2,0,1,2,1,1,11,22,2,7,7,13,13,22,29,71,2.18,2.12,0.84,2.37,3.00,75,100,75,25,0,0,50,100,100,11.00,4.00,4.67,3.87,1.68,1.25,1.84,2.96,5.25,1.75,1.95,Stade de l'Aube (Troyes)
1662317100,Sep 04 2022 - 6:45pm,complete,N/A,Nice,Monaco,Benoît Millot,6,0.50,2.00,1.47,1.84,0,1,1,0,0,0,"","69",3,6,2,0,1,0,0,2,1,0,15,18,6,4,7,10,10,12,53,47,1.49,2.03,1.47,1.61,2.50,75,100,50,0,0,25,100,25,75,12.00,4.00,2.70,3.40,2.50,1.28,1.73,3.10,6.00,1.65,2.10,Allianz Riviera (Nice)
1662570000,Sep 07 2022 - 5:00pm,complete,13685,Lorient,Olympique Lyonnais,Bastien Dechepy,2,3.00,1.00,1.63,1.42,3,1,4,3,2,1,"6,33,49","28",1,6,1,0,3,0,1,0,1,2,12,21,7,9,5,7,8,18,33,67,2.44,2.34,1.40,2.25,2.50,100,100,50,0,0,50,100,0,100,10.00,2.00,4.16,4.23,1.74,1.22,1.56,2.43,5.00,1.62,2.15,Stade Yves Allainmat - Le Moustoir (Lorient)
1662750000,Sep 09 2022 - 7:00pm,complete,N/A,Lens,Troyes,Hakim Ben El Hadj,7,3.00,1.00,2.74,0.53,1,0,1,1,1,0,"39","",9,1,2,0,1,0,1,1,0,1,15,10,4,3,8,5,16,10,63,37,1.89,1.79,1.58,0.90,5.17,100,100,100,84,84,67,84,84,100,11.34,1.67,1.53,4.00,6.50,1.21,1.86,2.77,4.70,1.80,1.95,Stade Bollaert-Delelis (Lens)
1662822000,Sep 10 2022 - 3:00pm,complete,45000,PSG,Brest,Jérémie Pignard,7,2.00,1.00,2.16,0.95,1,0,1,1,1,0,"30","",3,5,4,0,2,0,1,3,1,1,18,8,6,3,10,5,13,16,61,39,2.57,1.33,1.79,0.94,4.42,100,100,75,75,42,42,84,75,100,11.50,4.33,1.05,9.67,22.09,1.05,1.16,1.55,2.23,2.05,1.70,Parc des Princes (Paris)
1662836400,Sep 10 2022 - 7:00pm,complete,62985,Olympique Marseille,Lille,Benoît Millot,7,3.00,2.33,1.79,1.26,2,1,3,2,1,1,"26,61","12",4,3,5,0,1,0,1,4,0,1,18,8,7,4,8,3,22,17,53,47,2.14,1.91,1.80,1.00,3.17,84,84,67,50,17,50,67,67,100,13.34,6.00,1.96,3.75,3.65,1.26,1.90,3.00,5.50,1.67,2.10,Stade Orange Vélodrome (Marseille)
1662894000,Sep 11 2022 - 11:00am,complete,25089,Strasbourg,Clermont,Marc Bollengier,7,0.67,1.00,1.16,1.53,0,0,0,0,0,0,"","",3,5,3,1,2,0,3,1,1,1,18,14,4,3,10,9,20,15,43,57,1.41,1.09,1.44,1.16,2.83,84,84,50,17,17,34,84,33,100,7.34,3.00,1.60,3.75,4.70,1.28,1.89,3.00,5.75,1.80,1.95,Stade de la Meinau (Strasbourg)
1662901200,Sep 11 2022 - 1:00pm,complete,7068,Ajaccio,Nice,Eric Wattellier,7,0.33,1.33,0.79,1.58,0,1,1,0,0,0,"","65",2,3,1,0,5,0,1,0,0,5,11,14,4,4,6,9,9,11,44,56,1.29,1.26,1.29,1.35,1.84,50,50,33,17,0,33,67,17,50,7.33,7.33,3.01,3.33,2.30,1.45,2.45,4.54,8.70,2.00,1.75,Stade François Coty (Ajaccio)
1662901200,Sep 11 2022 - 1:00pm,complete,6165,Angers SCO,Montpellier,François Letexier,7,0.33,1.50,0.63,1.37,2,1,3,2,1,1,"9,69","7",2,5,2,0,4,0,0,2,0,4,15,11,5,3,8,6,1,0,45,55,1.52,1.28,1.45,1.09,5.17,59,84,84,84,67,84,84,84,84,5.33,4.17,2.49,3.42,2.67,1.25,1.84,2.85,5.25,1.67,2.10,Stade Raymond-Kopa (Angers)
1662901200,Sep 11 2022 - 1:00pm,complete,15081,Lorient,Nantes,Johan Hamel,7,3.00,0.67,1.63,0.68,3,2,5,2,1,1,"19,60,74","13,85",2,5,2,0,3,0,0,2,2,1,16,11,6,6,7,5,1,0,48,52,1.92,1.54,1.56,1.56,2.59,84,84,67,25,0,50,67,17,84,7.33,3.33,2.48,3.09,2.93,1.33,1.99,3.53,6.15,1.75,2.00,Stade Yves Allainmat - Le Moustoir (Lorient)
1662901200,Sep 11 2022 - 1:00pm,complete,21315,Toulouse,Reims,Stéphanie Frappart,7,0.67,1.33,1.26,1.11,1,0,1,1,1,0,"31","",4,6,1,0,2,1,0,1,0,3,17,13,4,2,11,9,1,0,47,53,1.56,1.69,1.46,1.21,3.67,84,100,67,50,34,50,100,67,100,8.67,4.66,2.13,3.46,3.24,1.26,1.90,3.10,5.60,1.70,2.05,Stadium de Toulouse (Toulouse)
1662908700,Sep 11 2022 - 3:05pm,complete,27837,Rennes,Auxerre,Thomas Léonard,7,2.00,1.00,2.37,0.68,5,0,5,1,1,0,"3,60,68,78,85","",2,1,1,0,1,0,1,0,0,1,13,13,9,2,3,8,11,9,48,52,2.14,1.04,1.64,1.13,3.17,84,84,84,33,17,17,67,84,100,8.33,6.67,1.49,4.36,6.01,1.20,1.62,2.50,4.40,1.80,1.95,Roazhon Park (Rennes)
1662921900,Sep 11 2022 - 6:45pm,complete,N/A,Monaco,Olympique Lyonnais,Clément Turpin,7,0.33,0.50,1.58,1.42,2,1,3,0,0,0,"55,63","81",1,6,1,0,2,0,0,1,0,2,13,24,4,6,7,11,12,9,39,61,1.43,2.29,1.14,1.85,3.67,100,100,59,59,34,59,84,50,100,10.50,5.00,2.50,3.55,2.58,1.18,1.57,2.10,4.20,1.44,2.63,Stade Louis II (Monaco)
1663354800,Sep 16 2022 - 7:00pm,complete,N/A,Auxerre,Lorient,Ruddy Buquet,8,1.33,1.75,1.16,1.26,1,3,4,3,0,3,"50","15,36,42",9,5,3,0,1,0,1,2,0,1,18,13,5,8,12,4,13,11,57,43,1.34,1.20,2.05,1.58,2.79,42,59,42,42,13,42,75,25,84,7.33,3.50,2.80,3.30,2.55,1.30,1.98,3.40,6.50,1.70,2.05,Stade de l'Abbé Deschamps (Auxerre)
1663426800,Sep 17 2022 - 3:00pm,complete,N/A,Montpellier,Strasbourg,Jeremy Stinat,8,1.50,0.67,1.26,0.95,2,1,3,1,1,0,"17,90'5","85",8,6,4,0,4,0,2,2,2,2,14,9,4,3,6,5,11,20,50,50,1.43,1.52,1.28,1.07,2.59,71,84,38,25,13,42,100,25,67,7.17,5.67,2.70,3.60,2.45,1.29,1.83,3.12,5.50,1.67,2.10,Stade de la Mosson (Montpellier)
1663441200,Sep 17 2022 - 7:00pm,complete,N/A,Lille,Toulouse,Pierre Gaillouste,8,1.00,1.00,2.26,1.26,2,1,3,1,1,0,"5,53","48",6,7,2,0,0,0,1,1,0,0,14,20,5,6,6,10,20,14,45,55,2.06,1.43,1.30,1.82,4.17,67,100,84,50,34,50,84,84,84,10.67,3.34,1.82,3.90,4.00,1.22,1.67,2.62,4.33,1.67,2.10,Decathlon Arena – Stade Pierre-Mauroy (Villeneuve d'Ascq)
1663498800,Sep 18 2022 - 11:00am,complete,10000,Reims,Monaco,Marc Bollengier,8,0.67,2.33,1.58,1.84,0,3,3,0,0,0,"","47,87,90",5,4,3,1,3,0,4,0,1,2,11,27,4,10,6,12,14,16,32,68,1.46,1.89,1.18,2.67,2.67,84,84,33,17,17,17,67,50,100,7.66,5.66,3.50,3.35,2.05,1.23,1.75,2.93,4.80,1.62,2.20,Stade Auguste-Delaune II (Reims)
1663506000,Sep 18 2022 - 1:00pm,complete,10753,Clermont,Troyes,Jérôme Brisard,8,2.00,0.75,1.58,0.53,1,3,4,2,1,1,"3","23,54,83",5,1,0,0,3,0,0,0,0,3,17,11,3,5,13,6,8,15,59,41,1.06,1.57,1.56,1.29,3.46,38,71,54,54,54,54,84,59,71,6.83,3.08,2.26,3.44,2.99,1.33,1.90,3.54,5.75,1.75,2.00,Stade Gabriel Montpied (Clermont-Ferrand)
1663506000,Sep 18 2022 - 1:00pm,complete,18545,Nice,Angers SCO,Bastien Dechepy,8,0.33,0.33,1.47,0.32,0,1,1,1,0,1,"","43",5,4,0,1,3,1,1,0,2,2,22,22,6,3,12,14,9,11,50,50,1.48,1.17,1.78,1.78,3.17,50,84,67,50,17,50,84,34,84,9.34,3.66,1.50,4.11,6.41,1.29,1.90,3.24,5.75,1.91,1.91,Allianz Riviera (Nice)
1663506000,Sep 18 2022 - 1:00pm,complete,N/A,Olympique Marseille,Rennes,Benoît Bastien,8,3.00,0.67,1.79,1.21,1,1,2,1,0,1,"52","25",11,7,3,0,4,0,0,3,3,1,21,16,6,7,11,7,13,13,59,41,2.05,2.20,1.97,1.80,2.67,88,88,54,13,13,25,42,59,100,10.33,5.25,2.12,3.54,3.18,1.27,1.80,2.97,5.25,1.67,2.10,Stade Orange Vélodrome (Marseille)
1663506000,Sep 18 2022 - 1:00pm,complete,N/A,Brest,Ajaccio,Stéphanie Frappart,8,0.67,0.00,1.37,0.58,0,1,1,0,0,0,"","65",6,2,2,0,2,0,1,1,2,0,13,9,5,4,6,3,13,12,59,41,1.49,1.43,1.41,0.91,3.17,67,100,50,17,17,50,100,33,67,12.66,6.00,2.02,3.40,3.58,1.40,2.18,4.00,8.00,2.00,1.75,Stade Francis-Le Blé (Brest)
1663513500,Sep 18 2022 - 3:05pm,complete,N/A,Nantes,Lens,Willy Delajod,8,1.33,1.67,1.21,1.68,0,0,0,0,0,0,"","",3,7,1,0,1,0,0,1,0,1,17,11,5,3,8,6,1,0,42,58,1.43,1.68,1.50,1.14,2.67,67,84,50,33,17,17,67,67,84,7.33,3.33,2.82,3.61,2.29,1.25,1.78,3.02,5.25,1.62,2.20,Stade de la Beaujoire - Louis Fonteneau (Nantes)
1663526700,Sep 18 2022 - 6:45pm,complete,N/A,Olympique Lyonnais,PSG,François Letexier,8,3.00,3.00,1.84,2.32,0,1,1,1,0,1,"","5",3,7,0,0,2,0,0,0,1,1,18,24,4,10,10,7,14,4,34,66,2.16,2.45,1.56,2.17,4.38,50,100,100,50,50,63,100,88,88,14.00,2.75,4.20,4.50,1.55,1.12,1.36,1.93,3.25,1.44,2.63,Groupama Stadium (Décines-Charpieu)
1664564400,Sep 30 2022 - 7:00pm,complete,N/A,Angers SCO,Olympique Marseille,Johan Hamel,9,1.00,2.33,0.63,2.05,0,3,3,1,0,1,"","35,50,59",6,3,0,0,0,0,0,0,0,0,19,17,5,7,12,8,9,14,43,57,1.50,1.46,1.62,1.72,2.79,54,88,54,25,13,54,88,25,71,6.67,4.50,4.20,3.60,1.83,1.25,1.70,2.95,5.50,1.70,2.05,Stade Raymond-Kopa (Angers)
1664636400,Oct 01 2022 - 3:00pm,complete,N/A,Strasbourg,Rennes,Eric Wattellier,9,0.75,0.75,1.16,1.21,1,3,4,1,0,1,"72","38,49,61",1,5,0,1,2,0,1,0,0,2,12,23,5,8,6,11,9,13,39,61,1.41,2.10,1.25,2.11,2.00,88,88,25,0,0,0,63,38,88,8.50,3.75,3.00,3.40,2.30,1.30,1.96,3.25,6.50,1.67,2.10,Stade de la Meinau (Strasbourg)
1664650800,Oct 01 2022 - 7:00pm,complete,N/A,PSG,Nice,Jérôme Brisard,9,2.33,1.75,2.16,1.58,2,1,3,1,1,0,"29,83","47",4,0,1,0,1,0,0,1,1,0,14,7,5,2,8,4,16,9,57,43,2.31,1.28,1.47,0.85,2.54,59,59,29,17,17,29,88,17,59,9.75,7.08,1.18,7.63,14.30,1.09,1.33,1.82,2.90,1.95,1.80,Parc des Princes (Paris)
1664708400,Oct 02 2022 - 11:00am,complete,N/A,Lorient,Lille,Hakim Ben El Hadj,9,3.00,1.75,1.63,1.26,2,1,3,1,1,0,"9,87","78",0,14,2,1,3,0,2,1,2,1,10,30,6,7,3,16,13,14,37,63,1.80,1.68,1.16,2.60,3.63,100,100,88,59,17,88,100,42,100,7.75,4.08,2.95,3.40,2.33,1.28,1.90,2.91,5.50,1.62,2.20,Stade Yves Allainmat - Le Moustoir (Lorient)
1664715600,Oct 02 2022 - 1:00pm,complete,N/A,Ajaccio,Clermont,Clément Turpin,9,0.25,1.00,0.79,1.53,1,3,4,1,0,1,"70","11,89,90'1",4,4,3,0,3,0,0,3,1,2,12,11,3,5,8,3,0,1,52,48,1.29,1.11,1.35,1.08,2.00,38,38,38,25,13,38,38,25,75,7.00,5.75,2.40,3.35,2.88,1.52,2.30,4.20,8.75,2.05,1.70,Stade François Coty (Ajaccio)
1664715600,Oct 02 2022 - 1:00pm,complete,N/A,Auxerre,Brest,Florent Batta,9,1.00,0.75,1.16,0.95,1,1,2,0,0,0,"86","64",0,6,3,1,4,0,2,2,1,3,13,10,4,3,8,7,15,18,49,51,1.52,1.24,1.32,1.11,3.13,63,75,63,63,13,38,88,38,75,9.00,3.75,2.43,3.35,2.80,1.29,1.95,3.01,5.25,1.62,2.20,Stade de l'Abbé Deschamps (Auxerre)
1664715600,Oct 02 2022 - 1:00pm,complete,N/A,Toulouse,Montpellier,Jérémie Pignard,9,1.25,1.00,1.26,1.37,4,2,6,4,3,1,"18,24,31,48","7,68",3,12,4,1,4,0,2,3,2,2,13,36,6,4,7,20,0,1,43,57,1.53,1.21,1.46,2.21,4.09,59,88,75,46,34,63,100,59,88,7.00,3.58,2.10,3.45,3.40,1.27,1.85,2.90,4.74,1.67,2.10,Stadium de Toulouse (Toulouse)
1664715600,Oct 02 2022 - 1:00pm,complete,N/A,Troyes,Reims,Benoît Millot,9,1.33,1.00,0.74,1.11,2,2,4,1,0,1,"51,90","12,54",10,2,4,0,2,1,1,3,0,3,24,9,7,3,13,5,13,13,67,33,1.73,1.57,2.35,0.80,3.25,71,88,59,42,25,25,100,59,88,10.67,6.17,2.60,3.35,2.63,1.32,2.00,3.36,5.75,1.75,2.00,Stade de l'Aube (Troyes)
1664723100,Oct 02 2022 - 3:05pm,complete,N/A,Monaco,Nantes,Thomas Léonard,9,1.00,0.50,1.58,0.68,4,1,5,3,3,0,"2,6,28,62","79",7,7,0,0,1,0,0,0,0,1,13,10,6,4,5,5,8,10,48,52,1.36,1.54,1.45,1.14,3.25,88,88,63,38,38,38,50,75,88,8.50,5.00,1.57,4.40,5.10,1.20,1.61,2.60,4.40,1.75,2.00,Stade Louis II (Monaco)
1664736300,Oct 02 2022 - 6:45pm,complete,N/A,Lens,Olympique Lyonnais,Benoît Bastien,9,3.00,0.33,2.74,1.42,1,0,1,0,0,0,"82","",6,2,2,0,2,0,0,2,1,1,27,7,8,0,15,5,19,16,52,48,1.81,2.15,2.45,0.53,3.50,88,88,71,42,25,29,71,54,88,12.83,3.25,2.55,3.85,2.50,1.19,1.57,2.40,4.33,1.50,2.50,Stade Bollaert-Delelis (Lens)
1665169200,Oct 07 2022 - 7:00pm,complete,N/A,Olympique Lyonnais,Toulouse,Ruddy Buquet,10,2.40,0.75,1.84,1.26,1,1,2,1,1,0,"2","67",4,5,2,0,2,0,0,2,2,0,25,6,7,4,13,2,13,11,58,42,2.04,1.53,2.21,0.97,3.20,55,90,78,33,20,30,88,80,80,12.60,2.25,1.43,5.05,6.05,1.10,1.39,2.25,3.40,1.62,2.20,Groupama Stadium (Décines-Charpieu)
1665241200,Oct 08 2022 - 3:00pm,complete,N/A,Olympique Marseille,Ajaccio,Willy Delajod,10,2.60,0.75,1.79,0.58,1,2,3,2,1,1,"15","25,47",11,2,0,0,2,0,0,0,1,1,17,11,4,3,10,6,17,18,65,35,2.04,1.30,1.56,0.96,2.53,65,78,55,10,10,33,68,33,88,12.25,6.70,1.38,4.60,9.26,1.25,1.78,2.94,5.30,2.05,1.70,Stade Orange Vélodrome (Marseille)
1665255600,Oct 08 2022 - 7:00pm,complete,N/A,Reims,PSG,Pierre Gaillouste,10,0.50,3.00,1.58,2.32,0,0,0,0,0,0,"","",7,3,3,0,5,1,1,2,3,3,33,15,5,4,21,9,20,12,37,63,1.39,2.40,2.39,1.42,3.63,48,90,65,33,33,33,75,78,90,9.60,5.35,9.80,6.40,1.23,1.12,1.30,2.15,3.25,1.75,2.00,Stade Auguste-Delaune II (Reims)
1665313200,Oct 09 2022 - 11:00am,complete,N/A,Montpellier,Monaco,Benoît Millot,10,1.80,2.50,1.26,1.84,0,2,2,1,0,1,"","45'1,80",7,2,2,0,3,0,1,1,1,2,14,13,2,9,11,3,13,16,51,49,1.40,2.09,1.38,1.81,2.83,65,88,65,20,10,20,75,55,100,9.40,5.70,3.84,3.96,1.99,1.19,1.63,2.40,4.33,1.53,2.38,Stade de la Mosson (Montpellier)
1665320400,Oct 09 2022 - 1:00pm,complete,N/A,Angers SCO,Strasbourg,Clément Turpin,10,0.80,0.50,0.63,0.95,2,3,5,3,1,2,"11,87","7,33,58",6,6,1,0,1,0,1,0,0,1,16,19,7,9,7,8,16,14,55,45,1.52,1.41,1.73,2.17,2.60,68,78,53,20,10,43,90,43,65,7.85,5.00,2.87,3.52,2.60,1.33,2.01,3.42,6.25,1.75,2.00,Stade Raymond-Kopa (Angers)
1665320400,Oct 09 2022 - 1:00pm,complete,N/A,Clermont,Auxerre,Mathieu Vernice,10,1.50,0.75,1.58,0.68,2,1,3,0,0,0,"55,58","90'2",4,4,0,0,0,0,0,0,0,0,13,17,9,5,3,9,4,17,48,52,1.19,1.06,1.77,1.59,3.50,50,88,75,50,38,38,88,88,88,5.00,4.00,2.22,3.70,3.38,1.34,1.92,3.57,6.00,1.75,2.00,Stade Gabriel Montpied (Clermont-Ferrand)
1665320400,Oct 09 2022 - 1:00pm,complete,N/A,Nice,Troyes,Johan Hamel,10,0.25,1.20,1.47,0.53,3,2,5,2,2,0,"2,37,50","82,90",5,5,1,0,1,0,0,1,0,1,18,19,7,7,9,11,8,9,61,39,1.56,1.51,1.83,1.97,2.98,53,65,53,40,30,53,88,30,65,9.30,2.70,1.72,4.12,5.25,1.32,1.82,3.42,5.80,1.80,1.95,Allianz Riviera (Nice)
1665320400,Oct 09 2022 - 1:00pm,complete,N/A,Brest,Lorient,Bastien Dechepy,10,0.50,2.00,1.37,1.26,1,2,3,2,1,1,"17","24,53",7,8,3,0,1,0,1,2,0,1,18,17,7,6,9,8,14,13,50,50,1.47,1.28,1.93,1.58,3.20,55,68,43,43,23,55,68,33,88,10.45,3.40,2.46,3.66,2.97,1.30,2.05,3.23,5.50,1.70,2.05,Stade Francis-Le Blé (Brest)
1665327900,Oct 09 2022 - 3:05pm,complete,N/A,Rennes,Nantes,Florent Batta,10,2.25,0.40,2.37,0.68,3,0,3,1,1,0,"26,79,84","",4,3,1,1,0,0,0,2,0,0,18,11,6,4,10,5,13,14,58,42,2.02,1.46,1.83,1.14,3.13,65,78,68,45,33,20,55,68,90,10.60,5.45,1.60,4.48,5.90,1.24,1.67,2.80,5.00,1.80,1.95,Roazhon Park (Rennes)
1665341100,Oct 09 2022 - 6:45pm,complete,N/A,Lille,Lens,François Letexier,10,1.50,1.50,2.26,1.68,1,0,1,1,1,0,"44","",5,9,3,0,5,0,3,0,3,2,15,14,7,3,6,8,0,1,45,55,1.87,1.55,1.61,1.23,3.25,75,75,63,38,38,50,63,63,63,10.00,3.50,2.43,3.45,2.75,1.22,1.75,2.79,4.75,1.62,2.20,Decathlon Arena – Stade Pierre-Mauroy (Villeneuve d'Ascq)
1665774000,Oct 14 2022 - 7:00pm,complete,N/A,Strasbourg,Lille,Jérémie Pignard,11,0.60,1.40,1.16,1.26,0,3,3,1,0,1,"","41,76,80",3,0,3,0,1,0,2,1,1,0,11,10,2,6,5,2,12,17,43,57,1.38,1.87,0.90,1.14,2.70,90,90,60,30,0,30,90,50,90,10.40,4.20,2.58,3.45,2.68,1.33,1.96,3.60,7.00,1.80,1.95,Stade de la Meinau (Strasbourg)
1665846000,Oct 15 2022 - 3:00pm,complete,N/A,Lorient,Reims,Mathieu Vernice,11,3.00,1.00,1.63,1.11,0,0,0,0,0,0,"","",2,2,1,0,2,2,1,0,2,2,13,9,5,2,8,7,10,17,49,51,1.64,1.42,1.54,1.08,3.68,90,90,80,55,33,58,100,55,90,5.90,5.35,2.15,3.00,3.00,1.32,1.88,3.40,6.50,1.70,2.05,Stade Yves Allainmat - Le Moustoir (Lorient)
1665860400,Oct 15 2022 - 7:00pm,complete,N/A,Lens,Montpellier,Hakim Ben El Hadj,11,3.00,0.75,2.74,1.37,1,0,1,0,0,0,"67","",4,5,2,0,2,0,1,1,2,0,19,9,7,3,11,6,12,10,66,34,1.94,1.46,2.14,1.00,4.58,68,80,80,58,58,60,80,68,90,11.65,4.15,1.49,4.45,5.70,1.18,1.57,2.33,4.33,1.75,2.00,Stade Bollaert-Delelis (Lens)
1665918000,Oct 16 2022 - 11:00am,complete,N/A,Toulouse,Angers SCO,Benoît Bastien,11,1.60,1.00,1.26,0.32,3,2,5,3,2,1,"10,40,67","33,90'3",2,8,3,0,2,0,1,2,1,1,17,17,7,6,9,9,12,15,56,44,1.52,1.32,1.87,1.56,3.35,55,78,68,58,23,45,100,55,78,7.55,4.75,1.91,3.50,3.90,1.28,1.80,2.87,4.80,1.67,2.10,Stadium de Toulouse (Toulouse)
1665925200,Oct 16 2022 - 1:00pm,complete,N/A,Auxerre,Nice,Eric Wattellier,11,1.00,1.40,1.16,1.58,1,1,2,2,1,1,"42","20",2,6,0,0,0,0,0,0,0,0,14,12,4,3,8,8,11,3,45,55,1.48,1.20,1.41,1.18,2.30,60,70,40,20,0,30,80,20,70,6.80,5.80,3.70,3.40,2.00,1.35,1.80,3.56,6.00,1.75,2.00,Stade de l'Abbé Deschamps (Auxerre)
1665925200,Oct 16 2022 - 1:00pm,complete,N/A,Nantes,Brest,Marc Bollengier,11,1.25,0.80,1.21,0.95,4,1,5,3,2,1,"35,36,70,88","18",7,5,0,0,2,0,0,0,2,0,26,15,6,5,14,9,12,10,55,45,1.45,1.21,2.04,1.59,2.73,65,78,55,43,10,10,68,65,78,7.85,3.25,2.10,3.25,3.50,1.37,2.05,3.66,7.00,1.80,1.95,Stade de la Beaujoire - Louis Fonteneau (Nantes)
1665925200,Oct 16 2022 - 1:00pm,complete,N/A,Rennes,Olympique Lyonnais,Stéphanie Frappart,11,2.40,0.25,2.37,1.42,3,2,5,2,1,1,"38,47,77","23,72",3,2,2,0,2,0,2,0,1,1,18,10,6,7,9,3,13,14,41,59,1.98,1.74,1.58,1.34,2.85,58,78,65,33,10,13,55,53,100,10.05,5.20,2.30,3.50,2.87,1.22,1.60,2.76,4.60,1.57,2.25,Roazhon Park (Rennes)
1665925200,Oct 16 2022 - 1:00pm,complete,N/A,Troyes,Ajaccio,Jérôme Brisard,11,1.25,1.20,0.74,0.58,1,1,2,0,0,0,"76","88",3,5,2,0,1,0,1,1,1,0,15,18,5,7,9,9,8,14,50,50,1.88,1.23,1.52,1.76,2.83,68,90,68,25,0,20,90,48,90,11.35,6.20,2.30,3.10,3.30,1.45,2.30,4.20,8.75,1.95,1.80,Stade de l'Aube (Troyes)
1665932700,Oct 16 2022 - 3:05pm,complete,N/A,Monaco,Clermont,Ruddy Buquet,11,1.40,1.40,1.58,1.53,1,1,2,1,1,0,"31","53",3,4,3,1,4,0,1,3,0,4,7,23,5,6,2,14,8,11,34,66,1.38,1.10,1.02,2.06,3.50,80,80,70,50,40,50,60,70,90,8.00,4.60,1.33,5.00,9.50,1.19,1.57,2.45,4.10,1.95,1.80,Stade Louis II (Monaco)
1665945900,Oct 16 2022 - 6:45pm,complete,N/A,PSG,Olympique Marseille,Clément Turpin,11,2.50,2.50,2.16,2.05,1,0,1,1,1,0,"45'2","",7,6,1,0,1,1,0,1,1,1,28,24,9,8,15,12,9,16,50,50,2.10,1.53,2.50,2.23,2.88,50,88,50,13,13,25,100,38,75,9.00,4.25,1.40,4.80,7.50,1.15,1.30,2.25,4.00,1.75,2.00,Parc des Princes (Paris)
1666378800,Oct 21 2022 - 7:00pm,complete,N/A,Ajaccio,PSG,Johan Hamel,12,0.20,2.67,0.79,2.32,0,3,3,1,0,1,"","24,78,82",3,8,0,0,1,0,0,0,1,0,12,13,3,7,6,6,13,13,35,65,1.30,2.23,1.18,1.64,2.67,29,54,54,37,17,27,62,54,74,9.20,5.70,10.72,5.70,1.28,1.22,1.65,2.01,5.00,2.10,1.67,Stade François Coty (Ajaccio)
1666450800,Oct 22 2022 - 3:00pm,complete,N/A,Montpellier,Olympique Lyonnais,Thomas Léonard,12,1.50,0.20,1.26,1.42,1,2,3,1,0,1,"70","33,90",4,7,2,1,2,1,0,3,1,2,11,28,5,12,6,11,8,18,38,62,1.39,1.66,1.23,2.71,3.09,74,90,64,37,19,37,80,45,100,9.43,5.00,4.22,4.22,1.85,1.19,1.60,2.30,4.33,1.57,2.25,Stade de la Mosson (Montpellier)
1666465200,Oct 22 2022 - 7:00pm,complete,N/A,Olympique Marseille,Lens,Benoît Millot,12,2.17,1.20,1.79,1.68,0,1,1,0,0,0,"","78",7,3,3,0,3,0,2,1,2,1,20,17,4,6,11,8,19,20,56,44,1.96,1.48,1.77,1.53,2.22,62,62,44,19,19,35,54,37,70,13.27,5.07,1.95,3.77,3.57,1.30,1.89,3.40,6.50,1.75,2.00,Stade Orange Vélodrome (Marseille)
1666522800,Oct 23 2022 - 11:00am,complete,N/A,Angers SCO,Rennes,Pierre Gaillouste,12,0.67,1.20,0.63,1.21,1,2,3,1,0,1,"53","43,90'3",5,6,2,0,2,0,0,2,0,2,9,19,3,6,6,9,9,11,30,70,1.56,2.11,0.94,1.63,3.05,84,92,62,35,17,34,72,64,92,9.00,4.23,3.90,3.80,1.84,1.21,1.70,2.84,4.64,1.67,2.10,Stade Raymond-Kopa (Angers)
1666530000,Oct 23 2022 - 1:00pm,complete,N/A,Clermont,Brest,Jérémie Pignard,12,1.80,0.67,1.58,0.95,1,3,4,1,0,1,"89","15,55,68",7,4,4,0,1,0,2,2,1,0,18,23,5,12,10,8,10,17,62,38,1.30,1.27,1.76,2.35,3.25,62,82,64,54,27,37,64,82,82,7.87,3.40,2.55,3.50,2.60,1.34,1.90,3.56,6.20,1.75,2.00,Stade Gabriel Montpied (Clermont-Ferrand)
1666530000,Oct 23 2022 - 1:00pm,complete,N/A,Reims,Auxerre,Hakim Ben El Hadj,12,0.60,0.60,1.58,0.68,2,1,3,2,1,1,"28,87","33",8,2,4,0,0,0,2,2,0,0,20,19,10,3,9,11,13,12,54,46,1.59,1.17,2.46,1.41,3.20,70,90,70,30,30,20,60,80,90,6.20,5.40,1.84,3.75,4.00,1.33,1.85,3.54,6.05,1.80,1.95,Stade Auguste-Delaune II (Reims)
1666530000,Oct 23 2022 - 1:00pm,complete,N/A,Toulouse,Strasbourg,Jeremy Stinat,12,1.83,1.00,1.26,0.95,2,2,4,1,1,0,"44,55","65,73",6,6,1,1,1,0,1,1,1,0,20,12,8,6,12,6,14,8,48,52,1.58,1.56,2.20,1.52,3.05,74,82,54,35,27,45,100,54,72,8.10,4.77,2.32,3.65,2.80,1.28,1.72,3.07,5.25,1.70,2.05,Stadium de Toulouse (Toulouse)
1666530000,Oct 23 2022 - 1:00pm,complete,N/A,Troyes,Lorient,Marc Bollengier,12,1.20,2.17,0.74,1.26,2,2,4,1,1,0,"34,61","50,81",3,6,2,0,0,0,1,1,0,0,16,25,6,7,9,15,8,9,43,57,1.81,1.33,1.78,2.31,3.17,74,84,64,45,9,34,74,57,100,10.83,4.13,2.55,3.55,2.55,1.29,1.83,3.12,5.20,1.57,2.25,Stade de l'Aube (Troyes)
1666537500,Oct 23 2022 - 3:05pm,complete,N/A,Nice,Nantes,François Letexier,12,0.80,0.33,1.47,0.68,1,1,2,0,0,0,"90'7","49",7,3,3,0,3,2,0,3,0,5,15,14,7,6,6,6,9,9,66,34,1.61,1.41,1.76,1.47,2.70,54,72,54,27,27,37,74,44,72,10.57,3.23,1.81,3.75,4.10,1.35,1.88,3.56,6.20,1.91,1.91,Allianz Riviera (Nice)
1666550700,Oct 23 2022 - 6:45pm,complete,N/A,Lille,Monaco,Willy Delajod,12,1.80,2.60,2.26,1.84,4,3,7,4,2,2,"22,39,62,71","34,44,53",6,6,1,0,2,0,0,1,1,1,24,11,7,7,14,2,8,10,60,40,1.81,2.03,2.10,1.27,3.10,60,80,60,20,20,30,80,50,80,9.60,4.60,2.50,3.60,2.55,1.22,1.64,2.80,4.60,1.62,2.20,Decathlon Arena – Stade Pierre-Mauroy (Villeneuve d'Ascq)
1666983600,Oct 28 2022 - 7:00pm,complete,N/A,Lens,Toulouse,Florent Batta,13,3.00,0.80,2.74,1.26,3,0,3,0,0,0,"60,86,90'2","",6,8,2,0,1,0,0,2,0,1,13,14,8,0,5,10,12,13,53,47,1.97,1.42,1.75,0.90,2.90,55,75,55,27,17,9,65,65,92,11.80,2.90,1.54,3.95,4.45,1.17,1.58,2.72,4.20,1.70,2.05,Stade Bollaert-Delelis (Lens)
1667055600,Oct 29 2022 - 3:00pm,complete,N/A,PSG,Troyes,Eric Wattellier,13,2.60,1.00,2.16,0.53,4,3,7,2,1,1,"24,55,62,77","3,52,88",8,4,0,0,3,0,0,0,0,3,20,15,12,5,8,10,9,12,67,33,2.18,1.59,2.70,1.55,3.57,72,72,62,52,44,52,100,54,72,9.80,3.57,1.08,9.50,29.00,1.07,1.33,1.86,2.52,2.20,1.62,Parc des Princes (Paris)
1667070000,Oct 29 2022 - 7:00pm,complete,N/A,Strasbourg,Olympique Marseille,Ruddy Buquet,13,0.50,2.00,1.16,2.05,2,2,4,2,0,2,"76,90'3","8,35",3,0,0,0,2,0,0,0,0,2,15,18,6,5,7,9,14,11,50,50,1.30,1.67,1.48,1.44,2.27,44,82,45,9,0,10,92,35,72,7.00,3.47,3.08,3.57,2.00,1.29,1.84,3.21,5.50,1.70,2.05,Stade de la Meinau (Strasbourg)
1667131200,Oct 30 2022 - 12:00pm,complete,N/A,Auxerre,Ajaccio,Benoît Millot,13,1.00,1.17,1.16,0.58,1,0,1,1,1,0,"8","",5,5,1,1,1,1,1,1,1,1,24,8,6,2,14,4,13,12,42,58,1.47,1.32,1.92,0.92,2.42,67,83,42,17,0,42,75,25,75,8.17,5.00,2.60,3.25,2.75,1.47,2.30,4.75,10.00,2.00,1.75,Stade de l'Abbé Deschamps (Auxerre)
1667138400,Oct 30 2022 - 2:00pm,complete,N/A,Monaco,Angers SCO,Stéphanie Frappart,13,1.33,0.80,1.58,0.32,2,0,2,0,0,0,"54,70","",7,0,3,0,3,0,2,1,1,2,9,11,5,5,4,5,18,14,52,48,1.32,1.37,1.22,1.19,3.82,80,90,74,65,45,55,84,72,90,8.43,5.10,1.37,5.25,7.50,1.15,1.53,2.35,4.00,1.75,2.00,Stade Louis II (Monaco)
1667138400,Oct 30 2022 - 2:00pm,complete,N/A,Nantes,Clermont,Benoît Bastien,13,1.60,1.33,1.21,1.53,1,1,2,0,0,0,"73","54",2,2,0,0,2,0,0,0,1,1,17,9,4,5,11,4,15,9,56,44,1.57,1.26,1.76,1.22,2.74,64,74,55,37,19,27,74,47,82,8.00,3.83,1.95,3.80,3.60,1.28,1.82,3.10,6.00,1.67,2.10,Stade de la Beaujoire - Louis Fonteneau (Nantes)
1667138400,Oct 30 2022 - 2:00pm,complete,N/A,Brest,Reims,Willy Delajod,13,0.40,1.00,1.37,1.11,0,0,0,0,0,0,"","",5,5,1,0,1,0,0,1,0,1,14,11,7,4,7,7,15,13,51,49,1.56,1.36,1.81,1.31,3.00,64,74,45,35,27,47,82,35,74,10.40,6.03,2.40,3.50,2.80,1.32,1.94,3.50,6.50,1.75,2.00,Stade Francis-Le Blé (Brest)
1667138400,Oct 30 2022 - 2:00pm,complete,N/A,Rennes,Montpellier,Bastien Dechepy,13,2.50,0.60,2.37,1.37,3,0,3,2,2,0,"15,23,85","",3,4,1,0,2,0,0,1,1,1,17,10,5,3,11,6,15,12,56,44,1.91,1.37,1.75,1.03,4.15,55,82,82,55,47,49,74,72,100,9.70,5.60,1.40,5.20,7.00,1.18,1.60,2.40,4.33,1.80,1.95,Roazhon Park (Rennes)
1667145900,Oct 30 2022 - 4:05pm,complete,N/A,Lorient,Nice,Clément Turpin,13,2.60,1.33,1.63,1.58,1,2,3,1,1,0,"18","61,69",8,3,0,0,1,0,0,0,0,1,17,20,8,8,8,10,7,7,44,56,1.62,1.19,1.93,2.02,2.50,74,74,57,20,10,47,82,29,65,5.10,4.27,2.71,3.15,2.42,1.36,2.05,3.75,7.50,1.80,1.95,Stade Yves Allainmat - Le Moustoir (Lorient)
1667159100,Oct 30 2022 - 7:45pm,complete,N/A,Olympique Lyonnais,Lille,Jérôme Brisard,13,2.17,1.67,1.84,1.26,1,0,1,0,0,0,"74","",3,6,3,0,1,0,1,2,0,1,8,18,4,7,3,9,11,15,45,55,2.07,1.75,1.06,1.84,3.17,75,92,75,33,17,50,100,59,84,12.34,3.67,2.08,3.45,3.05,1.20,1.56,2.35,4.50,1.53,2.38,Groupama Stadium (Décines-Charpieu)
1667592000,Nov 04 2022 - 8:00pm,complete,N/A,Troyes,Auxerre,Pierre Gaillouste,14,1.17,0.50,0.74,0.68,1,1,2,1,1,0,"28","86",10,5,2,0,0,0,1,1,0,0,27,18,6,3,16,13,9,10,50,50,1.81,1.21,2.21,1.56,3.42,83,100,84,42,17,17,83,83,100,7.83,4.17,2.00,3.15,4.10,1.26,1.88,3.10,5.60,1.75,2.00,Stade de l'Aube (Troyes)
1667664000,Nov 05 2022 - 4:00pm,complete,N/A,Ajaccio,Strasbourg,Mathieu Vernice,14,0.17,1.00,0.79,0.95,4,2,6,6,4,2,"33,34,40,45'3","6,17",4,3,0,1,4,0,0,1,2,2,15,10,8,6,7,4,15,20,49,51,1.28,1.55,1.79,1.27,2.50,58,67,50,33,9,25,75,50,75,8.00,5.00,2.55,3.15,2.80,1.44,2.30,4.50,9.50,1.95,1.80,Stade François Coty (Ajaccio)
1667678400,Nov 05 2022 - 8:00pm,complete,N/A,Angers SCO,Lens,Thomas Léonard,14,0.57,1.50,0.63,1.68,1,2,3,1,0,1,"87","21,51",3,4,1,0,2,0,0,1,0,2,7,14,4,6,3,8,16,6,44,56,1.47,1.49,0.92,1.57,2.47,52,60,52,30,23,37,60,52,68,9.31,4.36,4.32,3.90,1.77,1.24,1.73,2.90,5.50,1.70,2.05,Stade Raymond-Kopa (Angers)
1667736000,Nov 06 2022 - 12:00pm,complete,N/A,Lorient,PSG,Benoît Bastien,14,2.17,2.71,1.63,2.32,1,2,3,1,0,1,"53","9,81",5,8,1,0,1,0,0,1,0,1,9,20,3,9,5,8,10,9,41,59,1.67,2.15,1.11,2.26,3.15,49,77,77,31,23,40,85,61,77,8.96,3.62,8.33,5.54,1.30,1.10,1.45,2.15,3.10,1.75,2.00,Stade Yves Allainmat - Le Moustoir (Lorient)
1667743200,Nov 06 2022 - 2:00pm,complete,N/A,Clermont,Montpellier,Marc Bollengier,14,1.50,0.50,1.58,1.37,1,1,2,1,0,1,"62","10",5,1,1,0,2,0,1,0,1,1,13,9,6,4,7,4,14,17,54,46,1.38,1.31,1.61,1.16,3.84,50,83,75,50,34,58,75,67,92,8.83,4.33,2.29,3.51,2.89,1.22,1.70,2.95,5.50,1.62,2.20,Stade Gabriel Montpied (Clermont-Ferrand)
1667743200,Nov 06 2022 - 2:00pm,complete,N/A,Nice,Brest,Jeremy Stinat,14,0.83,1.00,1.47,0.95,1,0,1,0,0,0,"54","",2,6,1,0,1,0,0,1,0,1,18,16,11,3,5,10,6,11,56,44,1.63,1.43,2.08,1.48,2.95,68,77,52,44,23,31,69,60,77,10.24,3.53,1.78,3.71,4.22,1.27,1.86,3.30,6.30,1.80,1.95,Allianz Riviera (Nice)
1667743200,Nov 06 2022 - 2:00pm,complete,N/A,Reims,Nantes,Ruddy Buquet,14,1.00,0.43,1.58,0.68,1,0,1,0,0,0,"82","",10,4,2,0,3,1,1,1,1,3,31,18,11,5,13,11,7,13,57,43,1.74,1.42,2.96,1.72,2.77,69,85,54,23,23,31,54,61,85,9.36,6.10,2.12,3.44,3.26,1.27,1.93,3.30,6.30,1.80,1.95,Stade Auguste-Delaune II (Reims)
1667743200,Nov 06 2022 - 2:00pm,complete,N/A,Toulouse,Monaco,Benoît Millot,14,1.71,2.17,1.26,1.84,0,2,2,0,0,0,"","46,60",7,6,0,0,1,0,0,0,0,1,14,26,6,11,6,13,9,11,49,51,1.67,1.90,1.56,2.76,3.29,61,85,61,37,23,30,84,61,93,8.53,4.64,3.27,3.78,2.01,1.15,1.60,2.30,4.00,1.50,2.50,Stadium de Toulouse (Toulouse)
1667750700,Nov 06 2022 - 4:05pm,complete,N/A,Lille,Rennes,Johan Hamel,14,2.00,1.50,2.26,1.21,1,1,2,1,1,0,"16","58",6,2,4,0,1,1,0,4,1,1,26,4,8,3,12,1,9,14,62,38,1.86,2.03,2.28,0.63,3.59,92,92,67,34,25,34,84,67,84,10.50,4.16,2.30,3.60,2.95,1.22,1.70,2.70,5.00,1.62,2.20,Decathlon Arena – Stade Pierre-Mauroy (Villeneuve d'Ascq)
1667763900,Nov 06 2022 - 7:45pm,complete,N/A,Olympique Marseille,Olympique Lyonnais,François Letexier,14,1.86,0.67,1.79,1.42,1,0,1,1,1,0,"43","",6,4,0,0,1,0,0,0,0,1,10,15,4,5,4,7,9,13,46,54,1.93,1.84,1.23,1.41,2.79,77,77,62,24,16,38,62,40,100,12.57,5.04,2.21,3.60,3.10,1.20,1.78,2.65,5.00,1.62,2.20,Stade Orange Vélodrome (Marseille)
1668196800,Nov 11 2022 - 8:00pm,complete,N/A,Olympique Lyonnais,Nice,Eric Wattellier,15,2.29,1.57,1.84,1.58,1,1,2,1,0,1,"89","38",3,4,1,0,0,0,1,0,0,0,11,17,3,6,7,8,7,7,63,37,1.92,1.31,1.28,1.56,2.50,64,71,50,15,15,36,86,36,64,9.14,3.86,1.62,4.25,5.05,1.24,1.66,2.43,5.50,1.75,2.00,Groupama Stadium (Décines-Charpieu)
1668268800,Nov 12 2022 - 4:00pm,complete,N/A,Lens,Clermont,Hakim Ben El Hadj,15,3.00,1.29,2.74,1.53,2,1,3,1,0,1,"60,68","39",5,3,1,0,3,0,0,1,2,1,22,8,5,5,12,3,1,0,61,39,1.94,1.26,1.93,1.03,2.79,57,64,50,29,22,22,50,50,86,9.71,4.28,1.50,4.48,6.15,1.18,1.61,2.60,4.50,1.91,1.91,Stade Bollaert-Delelis (Lens)
1668283200,Nov 12 2022 - 8:00pm,complete,N/A,Rennes,Toulouse,Willy Delajod,15,2.57,0.67,2.37,1.26,2,1,3,1,1,0,"25,58","55",4,4,0,0,0,0,0,0,0,0,17,14,8,6,9,6,9,10,46,54,1.89,1.33,1.94,1.52,3.13,47,93,77,30,15,15,69,77,100,10.46,4.04,1.53,4.20,6.00,1.17,1.62,2.45,4.30,1.75,2.00,Roazhon Park (Rennes)
1668340800,Nov 13 2022 - 12:00pm,complete,N/A,PSG,Auxerre,Thomas Léonard,15,2.67,0.57,2.16,0.68,5,0,5,1,1,0,"11,51,57,81,84","",3,7,0,0,0,0,0,0,0,0,13,11,7,4,5,7,5,7,59,41,2.27,1.26,1.66,1.25,3.47,77,84,68,31,31,31,93,61,84,8.88,3.29,1.08,10.00,23.00,1.07,1.21,1.74,2.60,2.05,1.70,Parc des Princes (Paris)
1668348000,Nov 13 2022 - 2:00pm,complete,N/A,Nantes,Ajaccio,Jérémie Pignard,15,1.50,1.00,1.21,0.58,2,2,4,0,0,0,"70,89","57,66",9,6,3,0,4,0,2,1,2,2,20,17,6,6,10,9,16,17,53,47,1.60,1.26,1.78,1.71,2.41,62,77,47,17,9,23,69,48,77,8.38,3.69,1.95,3.30,3.65,1.42,2.07,4.33,9.00,2.00,1.75,Stade de la Beaujoire - Louis Fonteneau (Nantes)
1668348000,Nov 13 2022 - 2:00pm,complete,N/A,Lille,Angers SCO,Miguel Bertolo Nogueira,15,1.86,0.67,2.26,0.32,1,0,1,1,1,0,"36","",2,6,3,1,1,0,0,4,1,0,13,11,5,3,5,7,18,12,58,42,1.92,1.34,1.27,1.06,3.82,68,85,69,55,38,54,92,62,77,9.26,4.81,1.33,4.95,7.45,1.20,1.59,2.60,4.50,1.95,1.80,Decathlon Arena – Stade Pierre-Mauroy (Villeneuve d'Ascq)
1668348000,Nov 13 2022 - 2:00pm,complete,N/A,Montpellier,Reims,Florent Batta,15,1.29,1.00,1.26,1.11,1,1,2,0,0,0,"90'1","87",11,7,2,0,2,0,2,0,1,1,19,24,9,7,9,11,15,15,49,51,1.37,1.35,2.21,1.87,2.86,64,79,57,36,22,29,86,50,79,8.85,6.57,2.43,3.40,2.62,1.28,1.73,3.10,6.00,1.62,2.20,Stade de la Mosson (Montpellier)
1668348000,Nov 13 2022 - 2:00pm,complete,N/A,Brest,Troyes,Ruddy Buquet,15,0.50,0.86,1.37,0.53,2,1,3,0,0,0,"55,77","60",5,5,3,0,2,1,0,3,2,1,17,14,7,4,10,8,13,12,54,46,1.60,1.58,1.89,1.28,3.61,68,77,60,52,44,68,84,44,77,10.17,3.43,2.04,3.50,3.20,1.26,1.77,3.00,5.50,1.67,2.10,Stade Francis-Le Blé (Brest)
1668355500,Nov 13 2022 - 4:05pm,complete,N/A,Strasbourg,Lorient,Pierre Gaillouste,15,0.57,2.00,1.16,1.26,1,1,2,1,0,1,"87","5",4,2,4,0,1,0,2,2,1,0,22,10,5,3,16,5,9,9,61,39,1.33,1.47,2.34,0.95,3.00,71,79,64,43,7,36,79,50,93,8.00,2.57,2.14,3.70,3.58,1.28,1.90,3.20,6.00,1.67,2.10,Stade de la Meinau (Strasbourg)
1668368700,Nov 13 2022 - 7:45pm,complete,N/A,Monaco,Olympique Marseille,Benoît Bastien,15,1.57,1.83,1.58,2.05,2,3,5,2,1,1,"45,72","35,83,90'8",5,4,3,0,1,0,0,3,0,1,13,10,9,4,3,5,17,9,42,58,1.31,1.63,1.63,1.03,3.04,60,92,54,30,22,38,79,60,84,7.62,4.40,2.25,3.72,3.28,1.22,1.64,2.70,5.00,1.57,2.25,Stade Louis II (Monaco)
1672236000,Dec 28 2022 - 2:00pm,complete,N/A,Ajaccio,Angers SCO,Jeremy Stinat,16,0.57,0.57,0.79,0.32,1,0,1,1,1,0,"40","",3,5,1,0,0,0,0,1,0,0,15,18,4,6,8,10,13,13,46,54,1.36,1.30,1.34,1.72,2.93,43,64,57,50,22,36,72,50,71,7.43,5.00,2.05,3.20,3.75,1.44,2.33,4.33,8.50,2.00,1.75,Stade François Coty (Ajaccio)
1672236000,Dec 28 2022 - 2:00pm,complete,N/A,Troyes,Nantes,Stéphanie Frappart,16,1.14,0.38,0.74,0.68,0,0,0,0,0,0,"","",4,4,0,0,2,0,0,0,1,1,7,24,3,6,4,14,9,13,55,45,1.86,1.46,1.06,2.07,2.82,75,88,54,34,13,13,68,67,94,10.89,5.20,2.38,3.40,2.88,1.28,1.92,3.10,6.00,1.62,2.20,Stade de l'Aube (Troyes)
1672243200,Dec 28 2022 - 4:00pm,complete,N/A,Auxerre,Monaco,Marc Bollengier,16,1.29,2.29,1.16,1.84,2,3,5,2,1,1,"30,68","45'3,58,85",1,3,1,0,0,0,1,0,0,0,13,9,8,4,5,4,9,15,38,62,1.53,2.03,1.61,1.19,2.58,50,79,36,22,7,29,72,36,79,8.57,4.58,4.50,3.60,1.75,1.25,1.86,2.90,5.50,1.70,2.05,Stade de l'Abbé Deschamps (Auxerre)
1672250400,Dec 28 2022 - 6:00pm,complete,N/A,Clermont,Lille,François Letexier,16,1.43,1.43,1.58,1.26,0,2,2,0,0,0,"","68,90'4",3,3,3,1,2,0,3,1,1,1,12,21,3,5,8,11,9,17,43,57,1.41,1.76,1.21,1.64,2.93,64,86,64,36,7,36,79,64,93,10.14,4.00,4.33,3.50,1.83,1.25,1.80,3.00,5.25,1.70,2.05,Stade Gabriel Montpied (Clermont-Ferrand)
1672257600,Dec 28 2022 - 8:00pm,complete,N/A,PSG,Strasbourg,Clément Turpin,16,2.71,0.86,2.16,0.95,2,1,3,1,1,0,"14,90'6","51",8,3,3,1,1,0,0,4,0,1,14,14,8,4,4,8,9,13,71,29,2.18,1.51,1.74,1.33,3.50,72,79,57,43,36,36,100,50,64,10.28,4.28,1.14,8.00,17.00,1.12,1.32,1.95,3.40,1.91,1.91,Parc des Princes (Paris)
1672257600,Dec 28 2022 - 8:00pm,complete,N/A,Brest,Olympique Lyonnais,Bastien Dechepy,16,0.86,0.57,1.37,1.42,2,4,6,4,1,3,"29,72","21,32,35,49",6,6,2,0,2,0,2,0,2,0,19,20,7,10,10,7,8,19,43,57,1.65,1.78,1.84,2.17,2.64,64,71,50,22,14,36,64,36,79,10.86,4.28,3.75,3.50,1.95,1.25,1.75,2.80,5.00,1.67,2.10,Stade Francis-Le Blé (Brest)
1672329600,Dec 29 2022 - 4:00pm,complete,N/A,Lorient,Montpellier,Willy Delajod,16,1.86,0.57,1.63,1.37,0,2,2,2,0,2,"","3,22",5,2,3,0,4,0,1,2,2,2,13,15,6,6,7,9,15,15,48,52,1.59,1.29,1.60,1.55,3.57,72,86,79,36,29,57,86,50,93,7.43,3.72,2.05,3.70,3.55,1.26,1.71,3.00,5.50,1.67,2.10,Stade Yves Allainmat - Le Moustoir (Lorient)
1672336800,Dec 29 2022 - 6:00pm,complete,N/A,Reims,Rennes,Hakim Ben El Hadj,16,1.29,1.43,1.58,1.21,3,1,4,3,2,1,"6,22,84","45'1",4,6,2,0,2,0,1,1,1,1,14,17,6,7,7,7,8,8,33,67,1.91,1.83,1.48,1.84,2.50,79,86,43,14,7,15,57,50,93,10.00,5.86,3.30,3.45,2.25,1.30,1.75,3.30,6.50,1.67,2.10,Stade Auguste-Delaune II (Reims)
1672344000,Dec 29 2022 - 8:00pm,complete,N/A,Nice,Lens,Benoît Millot,16,1.14,1.71,1.47,1.68,0,0,0,0,0,0,"","",4,6,2,0,3,0,0,2,1,2,14,15,7,4,4,8,11,18,41,59,1.70,1.50,1.36,1.32,1.93,43,50,29,14,14,22,50,36,64,10.14,4.00,3.00,2.86,2.45,1.40,1.98,4.00,8.00,1.91,1.91,Allianz Riviera (Nice)
1672344000,Dec 29 2022 - 8:00pm,complete,N/A,Olympique Marseille,Toulouse,Jérémie Pignard,16,2.00,0.57,1.79,1.26,6,1,7,2,2,0,"13,41,51,62,80,82","66",1,6,1,0,2,0,0,1,0,2,19,13,9,6,8,5,14,8,51,49,1.84,1.36,2.02,1.45,2.62,60,82,61,14,7,19,67,56,94,13.24,3.52,1.46,4.40,5.60,1.20,1.59,2.65,4.75,1.80,1.95,Stade Orange Vélodrome (Marseille)
1672581600,Jan 01 2023 - 2:00pm,complete,N/A,Monaco,Brest,Jeremy Stinat,17,1.38,0.88,1.58,0.95,1,0,1,0,0,0,"54","",7,5,3,0,4,0,1,2,1,3,21,13,6,6,12,6,23,14,52,48,1.35,1.43,1.87,1.47,3.50,82,88,63,57,38,38,63,82,94,9.13,4.38,1.45,4.40,5.75,1.18,1.61,2.29,4.20,1.75,2.00,Stade Louis II (Monaco)
1672581600,Jan 01 2023 - 2:00pm,complete,N/A,Nantes,Auxerre,Benoît Bastien,17,1.43,0.50,1.21,0.68,1,0,1,0,0,0,"74","",3,7,1,0,2,0,0,1,1,1,11,19,4,8,5,8,10,19,51,49,1.62,1.26,1.17,1.91,3.25,73,93,73,41,26,20,73,73,93,7.68,2.27,1.93,3.25,3.80,1.27,1.86,3.20,6.30,1.75,2.00,Stade de la Beaujoire - Louis Fonteneau (Nantes)
1672581600,Jan 01 2023 - 2:00pm,complete,N/A,Toulouse,Ajaccio,Pierre Gaillouste,17,1.50,1.00,1.26,0.58,2,0,2,0,0,0,"46,62","",5,2,3,0,1,0,1,2,0,1,17,2,6,0,9,2,15,15,63,37,1.65,1.32,1.74,0.36,2.88,63,82,57,32,13,32,76,57,82,9.13,4.88,1.94,3.40,3.60,1.30,1.89,3.40,6.50,1.80,1.95,Stadium de Toulouse (Toulouse)
1672581600,Jan 01 2023 - 2:00pm,complete,N/A,Angers SCO,Lorient,Florent Batta,17,0.50,1.88,0.63,1.26,1,2,3,1,1,0,"10","79,88",7,7,3,0,0,0,2,1,0,0,18,14,8,7,9,6,16,9,41,59,1.40,1.41,2.00,1.66,3.32,75,82,76,44,19,50,82,57,94,8.63,2.88,2.52,3.40,2.52,1.35,1.81,3.60,7.00,1.80,1.95,Stade Raymond-Kopa (Angers)
1672588800,Jan 01 2023 - 4:00pm,complete,N/A,Olympique Lyonnais,Clermont,Stéphanie Frappart,17,2.13,1.13,1.84,1.53,0,1,1,0,0,0,"","87",7,4,1,0,3,0,0,1,2,1,16,21,3,5,11,9,0,1,60,40,1.84,1.23,1.46,1.46,2.69,69,75,50,25,19,32,76,44,82,9.01,4.13,1.40,4.60,8.00,1.18,1.55,2.35,4.33,1.80,1.95,Groupama Stadium (Décines-Charpieu)
1672602300,Jan 01 2023 - 7:45pm,complete,N/A,Lens,PSG,Jérôme Brisard,17,3.00,2.75,2.74,2.32,3,1,4,3,2,1,"5,28,47","8",3,7,2,0,3,0,2,0,1,2,11,21,5,7,5,10,16,12,41,59,1.94,2.16,1.24,2.03,3.13,38,69,69,25,25,19,69,69,82,12.38,3.63,3.80,3.75,1.91,1.18,1.43,2.11,4.33,1.57,2.25,Stade Bollaert-Delelis (Lens)
1672668000,Jan 02 2023 - 2:00pm,complete,N/A,Strasbourg,Troyes,Benoît Millot,17,0.63,0.75,1.16,0.53,2,3,5,3,1,2,"41,54","16,20,78",3,1,1,0,2,0,0,1,0,2,18,11,9,6,9,3,10,12,56,44,1.45,1.54,2.27,1.19,3.50,82,88,69,50,32,44,88,63,88,7.26,3.50,1.80,3.97,4.62,1.29,1.81,3.00,5.25,1.75,2.00,Stade de la Meinau (Strasbourg)
1672675200,Jan 02 2023 - 4:00pm,complete,N/A,Lille,Reims,Eric Wattellier,17,2.00,1.00,2.26,1.11,1,1,2,1,1,0,"32","79",5,1,1,0,1,0,0,1,1,0,17,13,5,7,11,5,8,12,62,38,1.84,1.42,1.74,1.49,3.13,69,69,51,38,32,38,82,50,63,9.50,5.75,1.76,4.02,4.86,1.29,1.81,3.00,5.25,1.80,1.95,Decathlon Arena – Stade Pierre-Mauroy (Villeneuve d'Ascq)
1672682400,Jan 02 2023 - 6:00pm,complete,N/A,Montpellier,Olympique Marseille,Ruddy Buquet,17,1.25,2.00,1.26,2.05,1,2,3,0,0,0,"90'1","47,61",5,7,2,0,2,1,0,2,1,2,14,22,2,9,8,9,10,14,40,60,1.48,1.54,1.05,2.15,2.93,59,93,60,27,14,34,94,53,86,8.93,4.71,4.08,4.00,1.89,1.22,1.67,2.70,4.75,1.67,2.10,Stade de la Mosson (Montpellier)
1672689600,Jan 02 2023 - 8:00pm,complete,N/A,Rennes,Nice,Thomas Léonard,17,2.63,1.50,2.37,1.58,2,1,3,2,1,1,"5,89","21",5,2,1,0,1,0,0,1,0,1,24,9,7,4,13,4,16,7,63,37,1.90,1.34,2.35,0.96,2.76,63,82,63,19,13,25,82,50,82,7.75,4.51,1.76,4.04,4.82,1.25,1.72,2.87,5.25,1.80,1.95,Roazhon Park (Rennes)
1673460000,Jan 11 2023 - 6:00pm,complete,N/A,Ajaccio,Reims,Willy Delajod,18,0.88,1.00,0.79,1.11,0,1,1,1,0,1,"","3",2,2,3,0,3,0,2,1,0,3,16,14,2,3,11,8,20,22,47,53,1.35,1.43,1.44,1.04,2.47,53,59,42,36,18,24,65,41,65,7.36,5.38,2.72,3.20,2.44,1.44,2.07,4.50,9.50,1.95,1.80,Stade François Coty (Ajaccio)
1673460000,Jan 11 2023 - 6:00pm,complete,N/A,Auxerre,Toulouse,Florent Batta,18,1.13,0.50,1.16,1.26,0,5,5,3,0,3,"","4,33,41,75,88",7,4,3,0,1,0,1,2,1,0,21,13,5,9,15,3,22,13,47,53,1.54,1.37,2.01,1.60,3.01,63,88,57,32,13,32,82,57,82,9.26,3.38,2.72,3.40,2.34,1.25,1.82,3.10,5.50,1.67,2.10,Stade de l'Abbé Deschamps (Auxerre)
1673460000,Jan 11 2023 - 6:00pm,complete,N/A,Clermont,Rennes,Clément Turpin,18,1.25,1.25,1.58,1.21,2,1,3,1,1,0,"31,90'5","74",4,1,0,0,1,2,0,0,1,2,12,12,3,3,8,7,12,13,38,62,1.39,1.83,1.09,1.14,2.82,75,94,50,32,7,19,69,63,94,8.76,4.38,4.20,3.55,1.75,1.30,1.86,3.30,6.50,1.75,2.00,Stade Gabriel Montpied (Clermont-Ferrand)
1673460000,Jan 11 2023 - 6:00pm,complete,N/A,Nantes,Olympique Lyonnais,Marc Bollengier,18,1.63,0.88,1.21,1.42,0,0,0,0,0,0,"","",6,1,2,0,3,0,0,2,0,3,17,14,5,7,8,5,12,15,39,61,1.57,1.82,1.51,1.62,2.88,69,75,57,38,19,26,63,57,88,9.25,3.26,3.40,3.55,1.95,1.25,1.71,2.95,5.50,1.67,2.10,Stade de la Beaujoire - Louis Fonteneau (Nantes)
1673460000,Jan 11 2023 - 6:00pm,complete,N/A,Brest,Lille,Mathieu Vernice,18,0.75,1.63,1.37,1.26,0,0,0,0,0,0,"","",0,8,0,0,0,0,0,0,0,0,6,14,0,6,6,7,14,12,28,72,1.67,1.74,0.53,1.75,2.88,63,82,57,25,13,44,69,51,88,11.75,4.38,3.45,3.50,1.94,1.28,1.77,3.20,6.00,1.70,2.05,Stade Francis-Le Blé (Brest)
1673467200,Jan 11 2023 - 8:00pm,complete,N/A,Lorient,Monaco,Jérôme Brisard,18,1.63,2.38,1.63,1.84,2,2,4,0,0,0,"75,77","61,90'3",3,4,1,0,1,0,1,0,1,0,11,18,8,6,3,11,8,13,42,58,1.59,1.92,1.47,1.98,3.01,63,88,63,25,19,38,76,57,88,7.88,3.50,3.25,3.60,1.98,1.22,1.61,2.80,5.00,1.62,2.20,Stade Yves Allainmat - Le Moustoir (Lorient)
1673467200,Jan 11 2023 - 8:00pm,complete,N/A,Nice,Montpellier,Bastien Dechepy,18,1.13,0.88,1.47,1.37,6,1,7,2,2,0,"15,35,56,75,82,85","80",3,4,1,0,1,0,0,1,0,1,21,7,11,3,6,3,16,17,59,41,1.66,1.32,2.21,0.85,2.88,44,69,44,26,26,50,69,32,76,9.13,4.26,1.76,3.60,4.10,1.30,1.84,3.40,6.50,1.80,1.95,Allianz Riviera (Nice)
1673467200,Jan 11 2023 - 8:00pm,complete,N/A,PSG,Angers SCO,Eric Wattellier,18,2.75,0.50,2.16,0.32,2,0,2,1,1,0,"5,72","",5,1,1,0,2,0,0,1,0,2,16,11,9,0,3,7,5,10,66,34,2.13,1.35,1.69,0.68,3.26,51,69,57,44,32,32,94,57,69,10.25,4.13,1.05,10.50,22.00,1.06,1.17,1.57,2.18,1.95,1.80,Parc des Princes (Paris)
1673467200,Jan 11 2023 - 8:00pm,complete,N/A,Strasbourg,Lens,François Letexier,18,0.56,1.63,1.16,1.68,2,2,4,4,2,2,"13,16","11,33",3,4,1,0,1,0,1,0,1,0,10,18,7,8,3,9,15,10,35,65,1.54,1.48,1.27,2.25,2.14,58,64,41,23,12,18,64,47,70,8.24,4.17,3.40,3.45,1.99,1.32,1.84,3.50,6.50,1.80,1.95,Stade de la Meinau (Strasbourg)
1673467200,Jan 11 2023 - 8:00pm,complete,N/A,Troyes,Olympique Marseille,Hakim Ben El Hadj,18,1.13,2.13,0.74,2.05,0,2,2,1,0,1,"","10,46",4,7,2,0,3,0,0,2,1,2,8,14,2,4,4,8,12,13,32,68,1.76,1.62,0.68,1.53,2.76,63,88,57,32,7,19,82,57,82,9.76,4.25,4.00,3.70,1.75,1.24,1.68,2.90,5.50,1.70,2.05,Stade de l'Aube (Troyes)
1673712000,Jan 14 2023 - 4:00pm,complete,N/A,Lens,Auxerre,Willy Delajod,19,3.00,0.44,2.74,0.68,1,0,1,0,0,0,"59","",9,2,2,0,2,1,1,1,0,3,15,7,4,2,10,5,21,16,68,32,1.86,1.33,1.66,0.73,3.22,62,78,73,33,28,22,67,62,95,9.23,2.78,1.39,4.60,7.60,1.25,1.67,2.75,5.00,1.95,1.80,Stade Bollaert-Delelis (Lens)
1673719200,Jan 14 2023 - 6:00pm,complete,N/A,Olympique Marseille,Lorient,Bastien Dechepy,19,2.11,2.00,1.79,1.26,3,1,4,2,1,1,"38,53,59","29",6,3,1,0,0,0,0,1,0,0,17,14,8,3,9,9,14,12,69,31,1.86,1.43,2.13,1.15,3.06,73,73,62,33,17,44,73,39,95,11.56,3.22,1.34,5.30,7.50,1.20,1.63,2.50,4.33,1.80,1.95,Stade Orange Vélodrome (Marseille)
1673726400,Jan 14 2023 - 8:00pm,complete,N/A,Olympique Lyonnais,Strasbourg,Jeremy Stinat,19,1.89,0.75,1.84,0.95,1,2,3,3,1,2,"45'2","29,32",14,2,1,0,3,0,0,1,0,3,35,8,8,5,23,2,10,16,72,28,1.80,1.49,3.20,0.90,2.91,72,78,54,30,24,36,89,42,71,9.94,3.71,1.67,4.00,4.60,1.22,1.84,2.62,4.50,1.80,1.95,Groupama Stadium (Décines-Charpieu)
1673784000,Jan 15 2023 - 12:00pm,complete,N/A,Lille,Troyes,Pierre Gaillouste,19,1.89,1.00,2.26,0.53,5,1,6,2,2,0,"16,45'2,47,75,88","65",7,2,1,0,0,0,1,0,0,0,24,11,11,3,10,8,12,5,67,33,1.83,1.50,2.46,1.04,4.06,84,84,73,56,50,61,95,61,78,8.78,4.11,1.46,4.10,5.86,1.17,1.61,2.60,4.70,1.80,1.95,Decathlon Arena – Stade Pierre-Mauroy (Villeneuve d'Ascq)
1673791200,Jan 15 2023 - 2:00pm,complete,N/A,Angers SCO,Clermont,Mathieu Vernice,19,0.44,1.33,0.63,1.53,1,2,3,1,0,1,"80","40,47",3,1,2,0,2,0,1,1,0,2,6,12,3,7,3,4,15,11,59,41,1.47,1.25,0.96,1.49,2.89,73,78,67,28,17,33,73,61,89,8.00,4.67,2.38,3.28,2.66,1.30,1.86,3.40,6.50,1.70,2.05,Stade Raymond-Kopa (Angers)
1673791200,Jan 15 2023 - 2:00pm,complete,N/A,Montpellier,Nantes,Thomas Léonard,19,1.11,0.44,1.26,0.68,0,3,3,1,0,1,"","45'13,81,84",3,5,1,2,2,0,1,2,1,1,13,15,7,7,5,6,13,14,47,53,1.43,1.52,1.53,1.68,2.67,67,84,56,22,17,22,61,62,89,10.11,5.45,2.32,3.36,2.70,1.25,1.77,2.95,5.00,1.67,2.10,Stade de la Mosson (Montpellier)
1673791200,Jan 15 2023 - 2:00pm,complete,N/A,Reims,Nice,François Letexier,19,1.50,1.33,1.58,1.58,0,0,0,0,0,0,"","",5,3,1,0,1,0,0,1,0,1,18,9,3,6,11,3,5,5,51,49,1.86,1.30,1.56,1.22,2.43,71,77,47,13,7,36,70,30,78,8.46,5.25,2.55,3.16,2.55,1.33,2.08,3.80,7.50,1.80,1.95,Stade Auguste-Delaune II (Reims)
1673791200,Jan 15 2023 - 2:00pm,complete,N/A,Toulouse,Brest,Benoît Millot,19,1.67,0.78,1.26,0.95,1,1,2,1,0,1,"65","18",10,5,2,0,2,0,1,1,2,0,20,18,7,6,12,10,16,12,64,36,1.66,1.44,2.19,1.70,3.11,62,78,56,50,22,28,67,73,89,9.11,4.00,1.95,3.46,3.37,1.25,1.79,2.95,5.70,1.67,2.10,Stadium de Toulouse (Toulouse)
1673798700,Jan 15 2023 - 4:05pm,complete,N/A,Monaco,Ajaccio,Ruddy Buquet,19,1.56,0.89,1.58,0.58,7,1,8,6,5,1,"2,6,21,28,35,63,89","11",3,3,1,0,2,0,1,0,1,1,10,6,8,3,2,3,8,14,66,34,1.40,1.21,1.51,0.75,2.89,67,84,50,28,22,33,56,61,89,9.23,5.45,1.47,4.60,6.25,1.20,1.67,2.70,4.70,2.00,1.75,Stade Louis II (Monaco)
1673811900,Jan 15 2023 - 7:45pm,complete,N/A,Rennes,PSG,Benoît Bastien,19,2.67,2.44,2.37,2.32,1,0,1,0,0,0,"65","",4,5,0,0,0,0,0,0,0,0,12,12,7,3,4,7,8,17,35,65,1.95,2.15,1.42,1.26,3.33,45,84,84,33,22,33,84,67,89,10.89,4.44,4.20,3.90,1.80,1.15,1.53,2.33,4.30,1.57,2.25,Roazhon Park (Rennes)
1674849600,Jan 27 2023 - 8:00pm,complete,N/A,Lorient,Rennes,Benoît Millot,20,1.56,1.11,1.63,1.21,2,1,3,2,2,0,"13,31","73",2,10,1,0,1,0,0,1,0,1,6,30,6,6,0,17,4,6,33,67,1.58,1.75,1.00,2.77,2.89,89,95,67,28,6,28,78,56,89,7.66,4.00,3.50,3.50,1.80,1.30,1.68,3.30,6.50,1.75,2.00,Stade Yves Allainmat - Le Moustoir (Lorient)
1674921600,Jan 28 2023 - 4:00pm,complete,N/A,Troyes,Lens,Clément Turpin,20,1.00,1.56,0.74,1.68,1,1,2,0,0,0,"50","88",3,11,2,0,1,0,1,1,1,0,8,27,2,3,5,20,12,7,27,73,1.64,1.57,0.71,2.44,2.17,56,67,39,28,6,11,61,45,67,10.67,4.55,4.00,3.75,1.71,1.30,1.80,3.30,6.50,1.91,1.91,Stade de l'Aube (Troyes)
1674936000,Jan 28 2023 - 8:00pm,complete,N/A,Olympique Marseille,Monaco,Jérémie Pignard,20,2.20,2.22,1.79,1.84,1,1,2,1,0,1,"47","17",6,3,2,0,2,0,0,2,0,2,23,14,6,5,14,8,7,9,61,39,1.89,1.93,2.17,1.36,3.11,63,80,58,32,21,36,63,54,95,11.16,3.99,2.08,3.74,3.72,1.25,1.77,2.95,5.50,1.62,2.20,Stade Orange Vélodrome (Marseille)
1674993600,Jan 29 2023 - 12:00pm,complete,N/A,Nice,Lille,Eric Wattellier,20,1.33,1.56,1.47,1.26,1,0,1,1,1,0,"34","",5,7,3,0,2,0,1,2,0,2,14,21,7,7,5,10,12,11,44,56,1.72,1.74,1.58,1.92,2.44,50,67,45,22,11,33,62,45,78,10.78,3.56,2.84,3.30,2.50,1.32,1.99,3.50,7.00,1.80,1.95,Allianz Riviera (Nice)
1675000800,Jan 29 2023 - 2:00pm,complete,N/A,Auxerre,Montpellier,Jeremy Stinat,20,1.00,0.78,1.16,1.37,0,2,2,0,0,0,"","62,80",5,3,1,0,3,0,0,1,1,2,18,6,4,4,13,1,13,18,58,42,1.60,1.27,1.82,0.86,3.56,56,84,56,44,33,67,89,39,78,7.89,4.66,2.50,3.35,2.81,1.30,1.96,3.40,6.30,1.75,2.00,Stade de l'Abbé Deschamps (Auxerre)
1675000800,Jan 29 2023 - 2:00pm,complete,N/A,Clermont,Nantes,Florent Batta,20,1.44,0.70,1.58,0.68,0,0,0,0,0,0,"","",9,1,2,0,1,0,1,1,1,0,14,6,0,2,10,3,9,23,60,40,1.35,1.54,1.15,0.74,2.65,53,80,53,27,16,21,59,69,85,8.59,4.28,2.43,3.25,2.98,1.33,2.06,3.80,7.50,1.80,1.95,Stade Gabriel Montpied (Clermont-Ferrand)
1675000800,Jan 29 2023 - 2:00pm,complete,N/A,Strasbourg,Toulouse,Hakim Ben El Hadj,20,0.60,0.78,1.16,1.26,1,2,3,2,1,1,"20","25,51",4,2,2,1,1,0,0,3,0,1,14,12,3,4,10,7,14,10,54,46,1.52,1.40,1.38,1.17,3.23,68,95,69,37,16,26,84,70,90,8.77,2.82,2.30,3.50,2.99,1.25,1.76,2.85,5.00,1.62,2.20,Stade de la Meinau (Strasbourg)
1675000800,Jan 29 2023 - 2:00pm,complete,N/A,Brest,Angers SCO,Marc Bollengier,20,0.78,0.44,1.37,0.32,4,0,4,2,2,0,"14,34,59,84","",4,5,0,0,2,0,0,0,1,1,11,10,8,2,2,6,10,17,41,59,1.54,1.28,1.39,0.90,2.73,45,67,44,33,22,39,73,39,67,9.22,4.00,2.10,3.45,3.46,1.27,1.90,3.20,6.30,1.80,1.95,Stade Francis-Le Blé (Brest)
1675008300,Jan 29 2023 - 4:05pm,complete,N/A,Ajaccio,Olympique Lyonnais,Thomas Léonard,20,0.78,0.89,0.79,1.42,0,2,2,1,0,1,"","20,71",5,1,2,0,3,0,1,1,0,3,18,12,6,3,9,6,22,18,51,49,1.36,1.80,1.82,1.02,2.56,50,56,50,33,17,28,67,39,67,7.67,4.66,4.30,3.80,1.80,1.30,2.02,3.30,6.00,1.91,1.91,Stade François Coty (Ajaccio)
1675021500,Jan 29 2023 - 7:45pm,complete,N/A,PSG,Reims,Ruddy Buquet,20,2.78,1.20,2.16,1.11,1,1,2,0,0,0,"51","90'6",3,3,2,1,1,0,1,2,1,0,14,20,7,6,6,12,5,10,59,41,2.08,1.39,1.66,1.96,2.87,58,69,43,32,27,21,85,48,69,9.79,4.89,1.25,6.40,10.50,1.12,1.36,2.01,3.50,1.95,1.80,Parc des Princes (Paris)
1675274400,Feb 01 2023 - 6:00pm,complete,N/A,Nantes,Olympique Marseille,Willy Delajod,21,1.56,2.22,1.21,2.05,0,2,2,0,0,0,"","57,90'3",5,7,4,0,3,0,3,1,1,2,17,21,3,6,10,10,14,16,41,59,1.56,1.61,1.25,1.81,2.56,50,78,50,28,11,22,67,50,78,8.66,3.33,4.74,3.60,1.15,1.30,1.87,3.40,6.50,1.75,2.00,Stade de la Beaujoire - Louis Fonteneau (Nantes)
1675274400,Feb 01 2023 - 6:00pm,complete,N/A,Reims,Lorient,Florent Batta,21,1.44,1.80,1.58,1.26,4,2,6,3,1,2,"44,51,61,64","10,35",5,7,1,0,0,0,0,1,0,0,34,11,10,5,22,6,11,7,58,42,1.82,1.41,3.21,1.42,2.82,68,74,57,36,11,42,62,42,89,9.81,3.90,1.39,2.66,2.18,1.32,1.93,3.50,6.50,1.80,1.95,Stade Auguste-Delaune II (Reims)
1675274400,Feb 01 2023 - 6:00pm,complete,N/A,Angers SCO,Ajaccio,Bastien Dechepy,21,0.40,0.80,0.63,0.58,1,2,3,1,1,0,"13","65,90'4",2,6,1,1,2,0,0,2,2,0,8,11,3,4,4,6,18,11,39,61,1.42,1.17,0.84,1.21,3.10,70,85,70,25,15,35,75,65,85,8.60,4.60,1.69,2.33,1.72,1.44,2.22,4.50,9.50,2.00,1.75,Stade Raymond-Kopa (Angers)
1675274400,Feb 01 2023 - 6:00pm,complete,N/A,Lille,Clermont,Jeremy Stinat,21,2.00,1.50,2.26,1.53,0,0,0,0,0,0,"","",8,3,0,0,1,0,0,0,0,1,28,14,7,6,17,7,15,11,67,33,1.89,1.28,2.56,1.41,3.15,75,75,55,30,25,35,80,50,80,8.60,4.90,1.19,3.30,3.69,1.26,1.74,3.10,6.00,1.95,1.80,Decathlon Arena – Stade Pierre-Mauroy (Villeneuve d'Ascq)
1675274400,Feb 01 2023 - 6:00pm,complete,N/A,Toulouse,Troyes,Mathieu Vernice,21,1.60,0.90,1.26,0.53,4,1,5,3,2,1,"16,36,55,88","12",8,0,2,0,3,0,2,0,2,1,15,14,7,5,7,7,12,14,56,44,1.72,1.46,1.67,1.24,3.90,75,90,70,60,45,55,85,75,90,8.50,3.60,1.33,3.00,2.24,1.22,1.72,2.80,5.00,1.62,2.20,Stadium de Toulouse (Toulouse)
1675281600,Feb 01 2023 - 8:00pm,complete,N/A,Olympique Lyonnais,Brest,Ruddy Buquet,21,1.70,0.80,1.84,0.95,0,0,0,0,0,0,"","",15,2,0,0,0,0,0,0,0,0,31,9,9,2,19,7,10,13,75,25,1.94,1.46,3.08,0.91,2.75,65,70,50,35,20,30,70,45,80,11.20,3.30,1.51,4.50,6.00,1.22,1.68,2.75,5.00,1.80,1.95,Groupama Stadium (Décines-Charpieu)
1675281600,Feb 01 2023 - 8:00pm,complete,N/A,Monaco,Auxerre,Eric Wattellier,21,1.70,0.40,1.58,0.68,3,2,5,2,2,0,"11,30,82","68,84",5,4,0,0,0,0,0,0,0,0,21,14,7,4,10,8,11,7,44,56,1.42,1.27,1.90,1.38,3.50,70,85,65,40,40,35,65,70,100,8.00,3.90,1.34,5.60,8.20,1.17,1.53,2.30,4.00,1.80,1.95,Stade Louis II (Monaco)
1675281600,Feb 01 2023 - 8:00pm,complete,N/A,Montpellier,PSG,Jérémie Pignard,21,1.00,2.20,1.26,2.32,1,3,4,0,0,0,"89","55,72,90'2",1,3,1,0,1,0,1,0,1,0,7,24,4,11,3,10,9,12,34,66,1.44,2.06,0.95,2.52,3.05,50,85,70,25,15,25,80,65,90,11.60,5.10,8.60,5.80,1.31,1.13,1.42,2.12,3.60,1.75,2.00,Stade de la Mosson (Montpellier)
1675281600,Feb 01 2023 - 8:00pm,complete,N/A,Lens,Nice,Thomas Léonard,21,3.00,1.30,2.74,1.58,0,1,1,0,0,0,"","57",5,3,0,0,2,0,0,0,0,2,14,13,5,5,6,7,12,8,56,44,1.84,1.29,1.42,1.40,2.45,60,65,50,15,10,25,65,35,75,9.20,3.50,1.85,3.50,4.50,1.38,2.12,4.00,8.00,1.95,1.80,Stade Bollaert-Delelis (Lens)
1675281600,Feb 01 2023 - 8:00pm,complete,N/A,Rennes,Strasbourg,Marc Bollengier,21,2.70,1.00,2.37,0.95,3,0,3,2,2,0,"3,21,51","",4,0,0,0,1,0,0,0,1,0,11,6,5,0,3,4,4,6,59,41,1.89,1.42,1.02,0.50,3.16,70,85,74,32,21,37,85,52,78,8.41,4.44,1.61,4.10,5.40,1.28,1.82,3.10,6.00,1.95,1.80,Roazhon Park (Rennes)
1675526400,Feb 04 2023 - 4:00pm,complete,N/A,PSG,Toulouse,Bastien Dechepy,22,2.60,1.00,2.16,1.26,2,1,3,2,1,1,"38,58","20",6,2,2,0,2,0,2,0,0,2,29,17,6,7,18,9,9,14,61,39,2.04,1.37,2.49,1.69,3.40,60,90,65,30,25,25,85,70,90,10.90,3.30,1.17,8.00,14.00,1.07,1.31,1.92,2.94,1.86,1.91,Parc des Princes (Paris)
1675533600,Feb 04 2023 - 6:00pm,complete,N/A,Troyes,Olympique Lyonnais,François Letexier,22,1.00,1.10,0.74,1.42,1,3,4,1,0,1,"62","43,59,90'3",5,6,0,0,1,0,0,0,1,0,11,11,3,7,7,3,10,14,41,59,1.55,1.72,1.11,1.50,2.60,65,80,45,30,10,15,70,50,85,9.60,4.50,4.20,3.75,1.80,1.20,1.62,2.63,4.60,1.66,2.16,Stade de l'Aube (Troyes)
1675540800,Feb 04 2023 - 8:00pm,complete,N/A,Rennes,Lille,Florent Batta,22,2.73,1.40,2.37,1.26,1,3,4,1,1,0,"1","59,85,90'4",2,1,1,0,2,0,0,1,1,1,11,21,7,9,4,8,16,9,39,61,1.81,1.76,1.45,2.05,2.70,48,76,66,24,9,33,72,53,90,10.37,3.82,2.30,3.40,3.00,1.29,1.93,3.10,6.00,1.75,2.06,Roazhon Park (Rennes)
1675598400,Feb 05 2023 - 12:00pm,complete,N/A,Clermont,Monaco,Marc Bollengier,22,1.40,2.10,1.58,1.84,0,2,2,2,0,2,"","3,13",2,4,1,0,2,0,0,1,0,2,9,15,4,5,5,10,9,21,51,49,1.33,1.87,1.09,1.63,2.85,55,85,50,30,15,20,60,65,90,8.80,3.70,4.13,4.03,1.73,1.25,1.78,3.00,5.50,1.68,2.15,Stade Gabriel Montpied (Clermont-Ferrand)
1675605600,Feb 05 2023 - 2:00pm,complete,N/A,Ajaccio,Nantes,Ruddy Buquet,22,0.70,0.73,0.79,0.68,0,2,2,0,0,0,"","64,89",2,1,2,1,1,0,1,2,0,1,10,11,3,5,6,4,16,16,43,57,1.41,1.47,1.10,1.19,2.24,38,57,43,24,14,19,58,43,67,7.66,4.76,2.51,3.34,2.70,1.48,2.43,4.75,10.00,2.00,1.78,Stade François Coty (Ajaccio)
1675605600,Feb 05 2023 - 2:00pm,complete,N/A,Auxerre,Reims,Pierre Gaillouste,22,0.90,1.18,1.16,1.11,0,0,0,0,0,0,"","",4,5,2,0,0,0,2,0,0,0,16,13,5,6,10,6,13,10,39,61,1.62,1.44,1.72,1.49,2.54,57,72,34,34,19,34,72,43,67,7.72,4.92,3.17,3.44,2.16,1.36,1.99,3.73,7.40,1.83,1.96,Stade de l'Abbé Deschamps (Auxerre)
1675605600,Feb 05 2023 - 2:00pm,complete,N/A,Lorient,Angers SCO,Willy Delajod,22,1.70,0.40,1.63,0.32,0,0,0,0,0,0,"","",8,6,2,0,4,0,0,2,1,3,17,15,3,6,11,7,16,16,56,44,1.52,1.24,1.55,1.63,2.95,55,80,65,40,15,45,85,50,75,7.10,3.50,1.97,3.75,3.40,1.32,1.80,3.42,6.65,1.85,1.95,Stade Yves Allainmat - Le Moustoir (Lorient)
1675605600,Feb 05 2023 - 2:00pm,complete,N/A,Strasbourg,Montpellier,Stéphanie Frappart,22,0.55,1.00,1.16,1.37,2,0,2,2,2,0,"1,45","",4,7,3,1,1,0,2,2,1,0,7,13,3,3,3,10,11,16,32,68,1.50,1.23,0.74,1.45,3.46,66,91,62,38,25,53,86,48,86,7.18,4.32,1.99,3.00,3.80,1.33,1.96,3.40,6.00,1.82,1.95,Stade de la Meinau (Strasbourg)
1675613100,Feb 05 2023 - 4:05pm,complete,N/A,Brest,Lens,Benoît Bastien,22,1.00,1.50,1.37,1.68,1,1,2,0,0,0,"54","83",11,5,4,0,2,0,3,1,1,1,19,23,4,6,13,13,14,9,34,66,1.53,1.65,1.62,2.25,2.30,50,60,40,25,15,35,50,40,60,10.80,3.90,3.02,4.60,1.78,1.32,1.83,3.50,7.00,1.85,1.95,Stade Francis-Le Blé (Brest)
1675626300,Feb 05 2023 - 7:45pm,complete,N/A,Olympique Marseille,Nice,Clément Turpin,22,2.09,1.45,1.79,1.58,1,3,4,2,0,2,"60","38,44,85",9,1,0,0,1,0,0,0,0,1,26,15,6,7,15,7,10,5,58,42,1.91,1.30,2.32,1.56,2.41,69,69,46,14,9,36,73,27,78,9.82,4.00,1.70,3.70,4.80,1.29,1.80,3.22,6.15,1.83,1.98,Stade Orange Vélodrome (Marseille)
1676059200,Feb 10 2023 - 8:00pm,complete,N/A,Nice,Ajaccio,Stéphanie Frappart,23,1.50,1.00,1.47,0.58,3,0,3,1,1,0,"3,69,90","",5,5,1,0,0,0,0,1,0,0,15,8,4,5,8,3,9,7,62,38,1.71,1.17,1.24,1.13,2.61,52,66,43,19,15,29,62,43,71,9.35,4.34,1.60,3.30,5.00,1.42,2.30,4.33,9.50,2.38,1.53,Allianz Riviera (Nice)
1676131200,Feb 11 2023 - 4:00pm,complete,N/A,Monaco,PSG,Clément Turpin,23,1.82,2.27,1.58,2.32,3,1,4,4,3,1,"4,18,45'2","39",3,2,0,0,1,0,0,0,0,1,23,13,11,2,9,6,9,11,42,58,1.46,2.10,2.46,0.94,3.59,59,82,69,46,37,41,69,73,91,10.64,4.18,2.70,3.85,2.10,1.20,1.73,2.43,4.75,1.57,2.25,Stade Louis II (Monaco)
1676148300,Feb 11 2023 - 8:45pm,complete,N/A,Clermont,Olympique Marseille,Ruddy Buquet,23,1.27,2.30,1.58,2.05,0,2,2,1,0,1,"","44,81",3,4,4,0,3,0,3,1,1,2,6,10,5,5,1,5,12,16,39,61,1.31,1.63,0.89,1.58,2.63,43,86,48,24,10,29,72,57,77,8.68,3.93,4.30,3.80,1.80,1.33,2.03,3.60,7.00,1.91,1.91,Stade Gabriel Montpied (Clermont-Ferrand)
1676203200,Feb 12 2023 - 12:00pm,complete,N/A,Toulouse,Rennes,Jeremy Stinat,23,1.73,1.00,1.26,1.21,3,1,4,3,3,0,"27,28,37","55",2,7,1,0,1,0,1,0,0,1,13,17,7,6,6,7,12,17,32,68,1.71,1.85,1.56,1.88,3.04,82,96,58,33,14,28,81,62,96,10.18,4.40,2.98,3.40,2.35,1.27,1.72,3.01,5.25,1.62,2.20,Stadium de Toulouse (Toulouse)
1676210400,Feb 12 2023 - 2:00pm,complete,N/A,Angers SCO,Auxerre,Thomas Léonard,23,0.36,0.36,0.63,0.68,1,1,2,2,1,1,"2","22",6,4,2,0,0,0,0,2,0,0,14,21,7,5,5,12,10,9,49,51,1.36,1.28,1.52,1.69,3.27,73,87,82,32,27,32,82,73,96,7.55,3.27,2.27,3.35,3.16,1.36,2.01,3.75,7.50,1.91,1.91,Stade Raymond-Kopa (Angers)
1676210400,Feb 12 2023 - 2:00pm,complete,N/A,Lille,Strasbourg,Hakim Ben El Hadj,23,1.91,0.90,2.26,0.95,2,0,2,2,2,0,"23,28","",5,4,1,0,2,0,0,1,1,1,15,9,10,3,3,4,13,13,67,33,1.95,1.33,2.00,0.94,3.33,77,82,63,33,28,48,96,43,62,9.15,4.30,1.49,4.40,6.39,1.27,1.72,3.04,5.25,1.95,1.80,Decathlon Arena – Stade Pierre-Mauroy (Villeneuve d'Ascq)
1676210400,Feb 12 2023 - 2:00pm,complete,N/A,Montpellier,Brest,Florent Batta,23,0.91,0.82,1.26,0.95,3,0,3,2,2,0,"4,17,54","",4,3,1,0,2,0,1,0,0,2,20,11,10,2,8,8,15,20,44,56,1.39,1.41,2.14,1.04,2.87,69,82,59,36,14,18,64,64,91,9.37,4.73,2.36,3.35,3.01,1.31,1.90,3.25,6.25,1.75,2.00,Stade de la Mosson (Montpellier)
1676210400,Feb 12 2023 - 2:00pm,complete,N/A,Reims,Troyes,Jérémie Pignard,23,1.60,0.82,1.58,0.53,4,0,4,2,2,0,"10,44,50,82","",5,2,1,0,2,0,1,0,1,1,25,8,12,3,9,5,13,14,54,46,1.96,1.44,2.61,0.97,3.72,76,81,71,56,47,61,71,61,86,8.37,4.53,1.54,4.30,5.78,1.26,1.75,2.87,5.00,1.80,1.95,Stade Auguste-Delaune II (Reims)
1676217900,Feb 12 2023 - 4:05pm,complete,N/A,Nantes,Lorient,Mathieu Vernice,23,1.40,1.64,1.21,1.26,1,0,1,0,0,0,"66","",7,3,0,0,0,0,0,0,0,0,16,11,7,5,6,5,12,11,49,51,1.53,1.41,1.75,1.31,2.93,66,76,57,43,14,33,61,58,90,9.41,2.32,1.99,3.52,3.74,1.35,2.01,3.67,6.75,1.91,1.91,Stade de la Beaujoire - Louis Fonteneau (Nantes)
1676231100,Feb 12 2023 - 7:45pm,complete,N/A,Olympique Lyonnais,Lens,Eric Wattellier,23,1.64,1.45,1.84,1.68,2,1,3,2,1,1,"23,64","39",2,5,1,0,1,0,1,0,0,1,16,19,7,5,6,10,15,11,41,59,2.05,1.71,1.54,1.80,2.09,55,60,36,18,14,27,55,36,60,12.73,3.36,2.43,3.48,2.81,1.26,1.88,3.10,5.60,1.70,2.05,Groupama Stadium (Décines-Charpieu)
1676664000,Feb 17 2023 - 8:00pm,complete,N/A,Auxerre,Olympique Lyonnais,Jérôme Brisard,24,0.91,1.27,1.16,1.42,2,1,3,1,0,1,"51,53","36",6,4,4,0,2,0,1,3,0,2,9,7,4,5,1,2,17,12,35,65,1.63,1.70,0.85,1.16,2.69,55,73,46,36,18,36,73,41,73,8.27,4.27,4.64,3.96,1.82,1.25,1.80,2.95,5.20,1.80,1.95,Stade de l'Abbé Deschamps (Auxerre)
1676736000,Feb 18 2023 - 4:00pm,complete,N/A,Nice,Reims,Marc Bollengier,24,1.64,1.17,1.47,1.11,0,0,0,0,0,0,"","",9,0,1,0,1,0,1,0,0,1,17,11,2,3,8,5,9,13,53,47,1.66,1.44,1.22,0.95,2.22,47,57,31,22,18,22,61,39,61,8.74,4.22,2.08,3.35,3.65,1.36,2.12,3.75,7.50,1.91,1.91,Allianz Riviera (Nice)
1676750400,Feb 18 2023 - 8:00pm,complete,N/A,Strasbourg,Angers SCO,François Letexier,24,0.75,0.45,1.16,0.32,2,1,3,2,2,0,"14,42","73",4,5,3,0,3,0,1,2,2,1,19,11,6,4,7,5,14,16,37,63,1.44,1.28,1.52,1.11,2.74,51,78,52,39,13,39,87,44,70,7.43,4.35,1.90,3.52,4.08,1.33,2.10,3.50,7.50,1.91,1.91,Stade de la Meinau (Strasbourg)
1676808000,Feb 19 2023 - 12:00pm,complete,N/A,PSG,Lille,Willy Delajod,24,2.64,1.55,2.16,1.26,4,3,7,3,2,1,"11,17,87,90'5","24,58,69",3,6,2,0,4,0,0,2,1,3,13,17,11,8,1,6,9,19,47,53,2.08,1.79,1.80,1.77,2.86,60,78,55,27,14,27,82,55,82,11.28,4.09,1.74,4.34,4.74,1.20,1.57,2.35,4.50,1.67,2.10,Parc des Princes (Paris)
1676815200,Feb 19 2023 - 2:00pm,complete,N/A,Lorient,Ajaccio,Eric Wattellier,24,1.64,0.92,1.63,0.58,3,0,3,2,2,0,"6,43,58","",2,2,0,0,2,0,0,0,1,1,2,2,2,2,0,0,11,14,61,39,1.52,1.17,0.54,0.47,2.83,66,83,66,22,9,35,70,52,78,8.13,3.87,2.33,3.46,3.36,1.44,2.20,4.50,9.50,2.00,1.75,Stade Yves Allainmat - Le Moustoir (Lorient)
1676815200,Feb 19 2023 - 2:00pm,complete,N/A,Brest,Monaco,Hakim Ben El Hadj,24,1.00,2.18,1.37,1.84,1,2,3,1,0,1,"86","39,73",5,5,1,0,2,0,1,0,0,2,4,3,2,2,2,1,7,11,49,51,1.54,1.85,0.76,0.74,2.87,55,82,45,27,18,36,60,50,82,10.09,3.82,4.24,4.06,1.87,1.24,1.67,2.90,5.00,1.70,2.05,Stade Francis-Le Blé (Brest)
1676815200,Feb 19 2023 - 2:00pm,complete,N/A,Rennes,Clermont,Bastien Dechepy,24,2.50,1.45,2.37,1.53,2,0,2,1,1,0,"37,64","",2,7,0,0,2,0,0,0,0,2,6,5,3,4,3,1,9,10,57,43,1.78,1.29,0.87,0.88,2.72,57,74,64,26,13,26,65,52,91,7.44,4.30,1.65,4.14,6.00,1.32,1.95,3.40,6.50,2.00,1.75,Roazhon Park (Rennes)
1676815200,Feb 19 2023 - 2:00pm,complete,N/A,Troyes,Montpellier,Benoît Bastien,24,0.91,0.91,0.74,1.37,0,1,1,0,0,0,"","90",2,10,2,1,1,1,1,2,0,2,5,20,3,8,1,8,12,9,51,49,1.51,1.25,0.85,2.12,3.23,59,91,50,36,18,37,78,55,87,9.63,4.36,2.36,3.56,3.20,1.30,1.95,3.30,6.50,1.70,2.05,Stade de l'Aube (Troyes)
1676822700,Feb 19 2023 - 4:05pm,complete,N/A,Lens,Nantes,Pierre Gaillouste,24,2.73,0.92,2.74,0.68,3,1,4,3,2,1,"34,36,74","40",2,5,0,0,0,0,0,0,0,0,27,9,9,4,15,2,9,14,57,43,1.80,1.44,2.43,0.90,2.45,44,61,49,22,18,18,44,52,83,9.90,3.70,1.62,3.70,4.70,1.30,1.96,3.30,6.50,1.95,1.80,Stade Bollaert-Delelis (Lens)
1676835900,Feb 19 2023 - 7:45pm,complete,N/A,Toulouse,Olympique Marseille,Stéphanie Frappart,24,1.83,2.36,1.26,2.05,2,3,5,1,1,0,"3,87","52,59,78",3,10,0,0,2,0,0,0,0,2,16,16,7,8,4,5,8,10,52,48,1.70,1.63,1.55,1.86,2.99,52,92,52,34,17,35,83,56,87,9.37,4.19,3.15,3.50,2.02,1.22,1.65,2.70,5.00,1.62,2.20,Stadium de Toulouse (Toulouse)
1677268800,Feb 24 2023 - 8:00pm,complete,N/A,Lille,Brest,Pierre Gaillouste,25,2.00,0.75,2.26,0.95,2,1,3,1,0,1,"60,80","8",11,2,2,0,2,1,0,2,0,3,22,4,6,2,14,2,6,6,70,30,1.96,1.38,2.28,0.61,3.00,63,71,50,38,25,38,75,46,71,9.84,3.75,1.40,4.20,6.00,1.22,1.60,2.80,5.00,2.00,1.75,Decathlon Arena – Stade Pierre-Mauroy (Villeneuve d'Ascq)
1677340800,Feb 25 2023 - 4:00pm,complete,N/A,Angers SCO,Olympique Lyonnais,Florent Batta,25,0.42,1.17,0.63,1.42,1,3,4,1,0,1,"87","38,80,90",2,2,0,0,0,0,0,0,0,0,16,8,5,6,9,2,16,6,42,58,1.38,1.66,1.60,1.21,3.00,75,84,71,29,17,34,84,63,83,8.50,4.17,3.95,3.55,1.68,1.26,1.70,3.10,5.50,1.80,1.95,Stade Raymond-Kopa (Angers)
1677355200,Feb 25 2023 - 8:00pm,complete,N/A,Montpellier,Lens,Jérôme Brisard,25,1.08,1.33,1.26,1.68,1,1,2,1,0,1,"59","4",4,6,0,0,3,0,0,0,2,1,10,23,4,7,6,13,12,13,38,62,1.46,1.72,1.15,2.08,2.50,63,79,54,21,8,25,59,55,79,10.25,4.83,4.30,3.70,1.83,1.30,1.73,3.40,6.50,1.80,1.95,Stade de la Mosson (Montpellier)
1677412800,Feb 26 2023 - 12:00pm,complete,N/A,Lorient,Auxerre,Benoît Millot,25,1.75,0.42,1.63,0.68,0,1,1,0,0,0,"","58",10,0,2,0,3,0,0,2,1,2,23,14,5,2,14,8,12,21,61,39,1.44,1.32,1.96,0.97,2.96,67,83,71,29,21,42,75,50,84,7.00,2.50,2.05,3.40,3.40,1.27,1.95,3.20,6.30,1.70,2.05,Stade Yves Allainmat - Le Moustoir (Lorient)
1677420000,Feb 26 2023 - 2:00pm,complete,N/A,Ajaccio,Troyes,Marc Bollengier,25,0.64,0.75,0.79,0.53,2,1,3,1,0,1,"62,68","23",6,3,2,0,1,1,0,2,0,2,18,14,7,6,8,6,8,15,54,46,1.38,1.40,1.77,1.46,3.47,55,74,64,55,38,51,78,60,78,6.35,4.30,2.10,3.20,3.50,1.42,2.23,4.30,9.50,2.00,1.75,Stade François Coty (Ajaccio)
1677420000,Feb 26 2023 - 2:00pm,complete,N/A,Clermont,Strasbourg,Willy Delajod,25,1.17,0.82,1.58,0.95,1,1,2,1,0,1,"65","34",7,2,1,0,4,0,1,0,3,1,15,13,5,7,6,6,17,25,56,44,1.28,1.30,1.29,1.57,2.80,58,87,53,26,13,40,84,47,65,7.81,4.19,2.30,3.20,3.10,1.38,2.10,3.80,8.00,1.95,1.80,Stade Gabriel Montpied (Clermont-Ferrand)
1677420000,Feb 26 2023 - 2:00pm,complete,N/A,Nantes,Rennes,Jérémie Pignard,25,1.55,0.91,1.21,1.21,0,1,1,1,0,1,"","19",12,4,2,0,2,0,0,2,0,2,25,14,8,4,13,7,8,12,55,45,1.55,1.86,2.46,1.23,2.55,73,82,50,27,5,18,59,50,91,9.91,3.63,3.30,3.25,2.15,1.32,1.98,3.80,7.50,1.91,1.91,Stade de la Beaujoire - Louis Fonteneau (Nantes)
1677420000,Feb 26 2023 - 2:00pm,complete,N/A,Reims,Toulouse,Mathieu Vernice,25,1.73,0.91,1.58,1.26,3,0,3,2,2,0,"4,7,68","",4,2,0,0,0,0,0,0,0,0,24,18,7,7,12,8,12,14,48,52,2.02,1.40,2.11,1.72,3.14,60,87,69,32,18,41,69,59,91,10.09,3.91,2.10,3.40,3.30,1.20,1.81,2.65,4.70,1.57,2.25,Stade Auguste-Delaune II (Reims)
1677427500,Feb 26 2023 - 4:05pm,complete,N/A,Monaco,Nice,Benoît Bastien,25,1.92,1.58,1.58,1.58,0,3,3,3,0,3,"","8,26,43",5,3,0,0,1,0,0,0,1,0,21,13,5,8,11,5,8,12,56,44,1.54,1.32,1.99,1.52,3.04,75,80,55,33,25,46,71,50,80,7.50,3.91,1.75,3.80,4.20,1.26,1.84,3.10,5.60,1.75,2.00,Stade Louis II (Monaco)
1677440700,Feb 26 2023 - 7:45pm,complete,N/A,Olympique Marseille,PSG,Clément Turpin,25,1.92,2.08,1.79,2.32,0,3,3,2,0,2,"","25,29,55",7,4,0,0,0,0,0,0,0,0,24,14,8,8,13,5,20,14,54,46,1.95,2.00,2.29,1.58,3.13,59,75,67,38,17,42,75,50,84,12.50,3.75,2.63,3.40,2.55,1.20,1.70,2.52,4.52,1.53,2.38,Stade Orange Vélodrome (Marseille)
1677873600,Mar 03 2023 - 8:00pm,complete,N/A,Nice,Auxerre,Bastien Dechepy,26,1.58,0.62,1.47,0.68,1,1,2,2,1,1,"45'1","36",8,0,0,0,1,0,0,0,1,0,18,4,6,2,6,2,10,12,65,35,1.63,1.29,1.65,0.58,2.59,48,64,48,24,24,28,64,44,75,8.48,2.89,1.64,3.90,5.35,1.30,1.96,3.40,6.50,1.95,1.80,Allianz Riviera (Nice)
1677945600,Mar 04 2023 - 4:00pm,complete,N/A,Lens,Lille,François Letexier,26,2.75,1.42,2.74,1.26,1,1,2,1,1,0,"41","69",10,3,2,0,4,0,1,1,3,1,11,12,2,7,6,3,18,14,38,62,1.86,1.79,0.97,1.48,2.83,54,67,58,33,13,29,63,50,88,11.17,3.50,2.45,3.40,2.90,1.33,1.86,3.60,7.00,1.75,2.00,Stade Bollaert-Delelis (Lens)
1677960000,Mar 04 2023 - 8:00pm,complete,N/A,PSG,Nantes,Jeremy Stinat,26,2.67,0.85,2.16,0.68,4,2,6,4,2,2,"12,17,60,90'2","31,38",4,6,0,0,2,0,0,0,0,2,20,10,13,6,5,3,7,8,67,33,2.05,1.40,2.58,1.23,2.95,57,76,52,28,24,28,69,56,80,9.57,4.16,1.33,5.50,8.75,1.17,1.48,2.35,4.00,1.95,1.80,Parc des Princes (Paris)
1678017600,Mar 05 2023 - 12:00pm,complete,N/A,Troyes,Monaco,Stéphanie Frappart,26,0.83,2.25,0.74,1.84,2,2,4,1,1,0,"31,90'1","80,83",3,4,0,0,1,0,0,0,1,0,20,20,6,5,8,14,8,8,39,61,1.45,1.76,1.54,2.14,2.75,63,88,46,29,9,13,67,58,92,9.50,4.09,5.93,4.28,1.50,1.20,1.69,2.60,4.75,1.80,1.95,Stade de l'Aube (Troyes)
1678024800,Mar 05 2023 - 2:00pm,complete,N/A,Montpellier,Angers SCO,Benoît Millot,26,1.08,0.42,1.26,0.32,5,0,5,3,3,0,"2,25,45'3,51,73","",6,5,1,0,3,1,1,0,1,3,13,8,9,3,3,5,10,18,60,40,1.43,1.26,1.58,0.83,2.84,51,84,60,33,13,33,80,52,84,8.94,4.87,1.89,3.68,3.73,1.30,1.93,3.60,7.00,1.91,1.91,Stade de la Mosson (Montpellier)
1678024800,Mar 05 2023 - 2:00pm,complete,N/A,Strasbourg,Brest,Ruddy Buquet,26,0.92,0.69,1.16,0.95,0,1,1,1,0,1,"","45'2",9,2,2,0,1,0,1,1,0,1,18,9,5,2,9,7,11,15,62,38,1.45,1.32,1.39,0.87,2.77,70,81,58,35,12,35,77,46,81,7.54,4.15,2.04,3.28,3.68,1.35,2.10,3.60,7.00,1.91,1.91,Stade de la Meinau (Strasbourg)
1678024800,Mar 05 2023 - 2:00pm,complete,N/A,Reims,Ajaccio,Jérôme Brisard,26,1.83,0.85,1.58,0.58,1,0,1,0,0,0,"90'5","",2,1,3,0,3,0,0,3,0,3,9,5,5,2,2,2,19,18,64,36,2.03,1.11,1.14,0.47,2.88,52,80,60,24,13,41,64,48,84,9.38,4.80,1.64,3.77,5.21,1.33,2.04,3.60,7.50,2.10,1.67,Stade Auguste-Delaune II (Reims)
1678024800,Mar 05 2023 - 2:00pm,complete,N/A,Toulouse,Clermont,Florent Batta,26,1.69,1.33,1.26,1.53,0,1,1,0,0,0,"","76",4,5,4,0,1,0,2,2,1,0,8,9,0,2,7,5,19,2,51,49,1.69,1.25,0.69,0.67,2.86,64,80,52,36,20,28,72,56,88,8.44,4.27,1.77,3.88,4.08,1.25,1.80,2.90,5.70,1.75,2.00,Stadium de Toulouse (Toulouse)
1678032300,Mar 05 2023 - 4:05pm,complete,N/A,Olympique Lyonnais,Lorient,Thomas Léonard,26,1.75,1.50,1.84,1.26,0,0,0,0,0,0,"","",6,5,1,0,0,0,0,1,0,0,21,19,7,2,10,11,19,6,53,47,2.00,1.40,2.15,1.27,2.88,67,71,59,34,17,46,75,38,84,11.50,1.92,1.53,4.16,5.69,1.20,1.72,2.65,5.00,1.80,1.95,Groupama Stadium (Décines-Charpieu)
1678045500,Mar 05 2023 - 7:45pm,complete,N/A,Rennes,Olympique Marseille,Eric Wattellier,26,2.54,2.42,2.37,2.05,0,1,1,0,0,0,"","57",4,3,1,0,1,0,0,1,0,1,20,14,4,5,11,7,10,10,55,45,1.71,1.64,1.68,1.41,2.96,44,89,64,28,16,28,80,52,92,8.84,3.87,2.75,3.60,2.40,1.22,1.84,2.95,5.00,1.62,2.20,Roazhon Park (Rennes)
1678478400,Mar 10 2023 - 8:00pm,complete,N/A,Lille,Olympique Lyonnais,Benoît Bastien,27,2.08,1.31,2.26,1.42,3,3,6,0,0,0,"46,61,79","64,83,89",4,0,5,0,4,0,1,4,1,3,9,7,7,6,2,1,20,19,55,45,1.98,1.62,1.39,1.12,3.12,69,77,58,35,23,35,85,50,74,10.00,3.92,1.87,3.50,3.70,1.26,1.70,3.00,5.50,1.67,2.10,Decathlon Arena – Stade Pierre-Mauroy (Villeneuve d'Ascq)
1678550400,Mar 11 2023 - 4:00pm,complete,N/A,Auxerre,Rennes,Mathieu Vernice,27,1.08,1.08,1.16,1.21,0,0,0,0,0,0,"","",8,0,2,0,2,0,0,2,1,1,13,8,0,3,10,3,14,11,32,68,1.56,1.80,1.04,1.11,2.67,71,84,50,29,9,34,79,42,80,9.16,4.50,4.00,3.50,1.94,1.33,2.00,3.53,6.95,1.91,1.91,Stade de l'Abbé Deschamps (Auxerre)
1678564800,Mar 11 2023 - 8:00pm,complete,N/A,Brest,PSG,Marc Bollengier,27,0.92,2.15,1.37,2.32,1,2,3,2,1,1,"43","37,90",6,3,1,0,1,0,0,1,0,1,9,21,3,8,6,10,6,12,39,61,1.47,1.97,1.08,2.33,2.99,48,76,64,32,16,40,68,52,76,11.29,3.52,7.50,4.60,1.40,1.19,1.57,2.40,4.37,1.80,1.95,Stade Francis-Le Blé (Brest)
1678622400,Mar 12 2023 - 12:00pm,complete,N/A,Clermont,Lens,Jeremy Stinat,27,1.15,1.31,1.58,1.68,0,4,4,3,0,3,"","30,34,35,76",6,4,1,0,2,0,1,0,1,1,10,14,7,7,2,7,13,13,47,53,1.28,1.75,1.25,1.68,2.19,54,74,35,19,8,23,58,46,70,9.85,4.00,4.30,3.20,1.71,1.39,2.15,3.90,8.00,2.00,1.75,Stade Gabriel Montpied (Clermont-Ferrand)
1678629600,Mar 12 2023 - 2:00pm,complete,N/A,Ajaccio,Montpellier,Hakim Ben El Hadj,27,0.83,1.08,0.79,1.37,0,1,1,0,0,0,"","68",1,3,2,0,2,0,1,1,1,1,8,13,2,5,3,5,13,18,48,52,1.41,1.32,0.68,1.13,2.96,38,71,46,29,21,42,71,42,75,8.17,4.92,2.78,2.87,2.38,1.41,2.35,4.10,8.25,1.95,1.80,Stade François Coty (Ajaccio)
1678629600,Mar 12 2023 - 2:00pm,complete,N/A,Angers SCO,Toulouse,Pierre Gaillouste,27,0.38,0.83,0.63,1.26,0,2,2,1,0,1,"","37,46",6,8,0,0,1,0,0,0,1,0,14,9,3,6,8,1,7,11,40,60,1.39,1.43,1.23,1.12,3.33,72,96,84,28,16,40,88,72,93,8.75,3.02,3.55,3.55,1.77,1.23,1.63,2.70,4.80,1.62,2.20,Stade Raymond-Kopa (Angers)
1678629600,Mar 12 2023 - 2:00pm,complete,N/A,Lorient,Troyes,Clément Turpin,27,1.62,0.69,1.63,0.53,2,0,2,1,1,0,"8,90'2","",1,4,0,0,2,0,0,0,0,2,17,10,7,3,4,4,11,6,52,48,1.48,1.40,1.41,0.97,3.58,74,85,81,50,35,62,81,62,85,7.07,3.15,1.69,3.45,4.05,1.25,1.84,2.95,5.50,1.75,2.00,Stade Yves Allainmat - Le Moustoir (Lorient)
1678629600,Mar 12 2023 - 2:00pm,complete,N/A,Nantes,Nice,Willy Delajod,27,1.42,1.69,1.21,1.58,2,2,4,2,1,1,"31,88","5,71",1,10,1,0,1,0,1,0,1,0,8,16,4,7,2,9,9,11,45,55,1.63,1.34,0.84,1.74,2.12,52,64,40,17,4,23,60,37,69,8.41,3.19,2.73,2.88,2.41,1.40,2.27,4.00,9.00,1.95,1.80,Stade de la Beaujoire - Louis Fonteneau (Nantes)
1678637100,Mar 12 2023 - 4:05pm,complete,N/A,Monaco,Reims,Thomas Léonard,27,1.77,1.15,1.58,1.11,0,1,1,0,0,0,"","51",3,3,1,0,2,0,0,1,0,2,15,18,4,9,7,5,9,14,49,51,1.58,1.41,1.35,1.84,2.92,66,73,46,39,31,39,62,54,70,8.08,4.38,1.69,3.50,3.95,1.24,1.73,2.75,5.00,1.70,2.05,Stade Louis II (Monaco)
1678650300,Mar 12 2023 - 7:45pm,complete,N/A,Olympique Marseille,Strasbourg,Jérémie Pignard,27,1.77,0.83,1.79,0.95,2,2,4,0,0,0,"49,76","88,89",1,8,0,1,4,0,1,0,2,2,7,28,4,8,3,17,6,15,41,59,1.97,1.32,0.92,2.47,3.00,72,85,60,28,16,52,89,36,75,10.35,4.19,1.33,4.65,6.90,1.22,1.72,2.65,4.75,1.95,1.80,Stade Orange Vélodrome (Marseille)
1679083200,Mar 17 2023 - 8:00pm,complete,N/A,Olympique Lyonnais,Nantes,Benoît Millot,28,1.69,0.79,1.84,0.68,1,1,2,2,1,1,"24","2",5,2,0,0,1,0,0,0,1,0,11,15,6,3,5,10,13,7,67,33,2.01,1.39,1.45,1.27,2.40,52,67,48,22,18,34,60,40,71,10.98,3.22,1.65,3.75,4.40,1.26,1.93,2.90,5.50,1.80,1.95,Groupama Stadium (Décines-Charpieu)
1679155200,Mar 18 2023 - 4:00pm,complete,N/A,Toulouse,Lille,Hakim Ben El Hadj,28,1.57,1.38,1.26,1.26,0,2,2,0,0,0,"","85,90'11",12,8,2,0,0,0,0,2,0,0,18,22,6,5,11,14,12,2,47,53,1.62,1.76,1.84,1.92,3.03,63,82,56,41,19,34,78,59,89,10.17,4.24,3.30,3.65,2.10,1.21,1.63,2.66,4.82,1.57,2.25,Stadium de Toulouse (Toulouse)
1679169600,Mar 18 2023 - 8:00pm,complete,N/A,Lens,Angers SCO,Bastien Dechepy,28,2.62,0.38,2.74,0.32,3,0,3,2,2,0,"26,30,46","",4,4,0,0,0,0,0,0,0,0,13,4,7,2,2,2,7,15,46,54,1.79,1.23,1.28,0.71,2.81,43,66,54,39,19,35,70,42,81,10.16,3.84,1.27,5.75,11.00,1.17,1.62,2.20,4.30,2.20,1.62,Stade Bollaert-Delelis (Lens)
1679227200,Mar 19 2023 - 12:00pm,complete,N/A,Ajaccio,Monaco,Jeremy Stinat,28,0.77,2.15,0.79,1.84,0,2,2,1,0,1,"","27,84",1,4,2,1,1,0,2,1,0,1,11,9,2,5,6,2,20,13,42,58,1.36,1.79,0.93,1.16,2.66,47,73,46,27,12,19,66,50,81,7.61,4.31,4.55,3.70,1.62,1.32,2.01,3.40,6.50,1.95,1.80,Stade François Coty (Ajaccio)
1679234400,Mar 19 2023 - 2:00pm,complete,N/A,Montpellier,Clermont,Pierre Gaillouste,28,1.21,1.46,1.26,1.53,2,1,3,1,0,1,"61,72","32",11,4,2,1,1,0,0,3,0,1,24,17,10,9,8,6,15,15,56,44,1.44,1.21,2.39,1.77,2.65,59,81,55,22,11,22,67,51,93,8.56,4.81,1.98,3.45,3.90,1.36,2.20,3.75,8.00,1.95,1.80,Stade de la Mosson (Montpellier)
1679234400,Mar 19 2023 - 2:00pm,complete,N/A,Nice,Lorient,Ruddy Buquet,28,1.54,1.46,1.47,1.26,1,1,2,1,0,1,"77","30",10,2,0,0,2,1,0,0,0,3,17,10,2,4,9,2,13,10,54,46,1.63,1.39,1.34,0.83,2.62,54,62,47,31,15,39,66,39,73,10.15,2.15,1.58,3.95,5.90,1.30,1.92,3.20,6.25,1.95,1.80,Allianz Riviera (Nice)
1679234400,Mar 19 2023 - 2:00pm,complete,N/A,Strasbourg,Auxerre,Eric Wattellier,28,0.86,0.64,1.16,0.68,2,0,2,1,1,0,"5,85","",5,4,2,0,1,0,1,1,1,0,14,9,7,2,6,6,14,11,51,49,1.44,1.24,1.62,0.86,2.82,68,83,57,29,18,40,82,43,79,6.78,3.43,2.08,3.45,3.55,1.35,2.10,3.60,7.00,1.95,1.80,Stade de la Meinau (Strasbourg)
1679234400,Mar 19 2023 - 2:00pm,complete,N/A,Troyes,Brest,Florent Batta,28,0.85,0.86,0.74,0.95,2,2,4,3,2,1,"34,38","30,74",7,4,1,0,1,0,1,0,0,1,16,10,6,3,7,2,10,10,48,52,1.46,1.29,1.62,0.82,2.60,63,75,48,37,7,11,67,56,86,8.99,3.93,2.68,3.45,2.58,1.30,1.96,3.25,6.25,1.75,2.00,Stade de l'Aube (Troyes)
1679241900,Mar 19 2023 - 4:05pm,complete,N/A,PSG,Rennes,Willy Delajod,28,2.69,1.08,2.16,1.21,0,2,2,1,0,1,"","45,48",6,3,1,0,1,0,0,1,0,1,18,11,9,4,5,5,11,12,60,40,2.09,1.75,1.94,1.11,3.16,77,85,58,31,19,31,85,50,85,10.00,4.15,1.50,4.65,5.85,1.18,1.60,2.27,4.10,1.70,2.05,Parc des Princes (Paris)
1679255100,Mar 19 2023 - 7:45pm,complete,N/A,Reims,Olympique Marseille,François Letexier,28,1.92,2.46,1.58,2.05,1,2,3,3,1,2,"13","16,29",6,4,2,0,3,0,1,1,2,1,20,13,7,6,9,5,13,11,56,44,1.96,1.63,1.99,1.46,2.69,42,77,50,27,15,35,66,42,85,9.54,4.61,3.10,3.50,2.15,1.27,1.80,2.95,5.50,1.67,2.10,Stade Auguste-Delaune II (Reims)
1680289200,Mar 31 2023 - 7:00pm,complete,N/A,Olympique Marseille,Montpellier,Thomas Léonard,29,1.71,1.23,1.79,1.37,1,1,2,2,1,1,"44","12",1,3,2,0,2,0,1,1,1,1,14,10,3,4,5,5,15,9,68,32,1.90,1.31,1.31,1.05,3.23,55,78,55,34,23,56,70,41,89,10.98,4.17,1.47,5.00,7.30,1.22,1.72,2.62,4.50,1.95,1.80,Stade Orange Vélodrome (Marseille)
1680361200,Apr 01 2023 - 3:00pm,complete,N/A,Auxerre,Troyes,Jérôme Brisard,29,1.08,0.64,1.16,0.53,1,0,1,0,0,0,"73","",4,5,0,0,0,0,0,0,0,0,14,15,6,3,5,6,7,15,38,62,1.52,1.37,1.42,1.19,3.37,63,81,62,51,36,55,81,59,78,7.59,4.02,1.83,3.60,4.20,1.33,2.05,3.55,7.25,1.95,1.80,Stade de l'Abbé Deschamps (Auxerre)
1680375600,Apr 01 2023 - 7:00pm,complete,N/A,Rennes,Lens,Clément Turpin,29,2.36,1.43,2.37,1.68,0,1,1,1,0,1,"","31",5,5,2,0,2,0,1,1,1,1,16,13,5,4,8,8,13,11,56,44,1.71,1.74,1.51,1.30,2.50,50,72,54,25,11,29,61,43,82,9.36,3.71,2.38,3.40,2.90,1.31,2.04,3.20,6.50,1.75,2.00,Roazhon Park (Rennes)
1680433200,Apr 02 2023 - 11:00am,complete,N/A,Lille,Lorient,Jérémie Pignard,29,2.00,1.43,2.26,1.26,3,1,4,1,1,0,"13,89,90'1","77",5,1,3,0,2,1,0,3,1,2,24,3,8,2,13,1,14,9,60,40,1.94,1.35,2.33,0.57,3.25,71,75,57,40,25,43,79,47,79,10.28,3.07,1.36,5.00,7.50,1.19,1.55,2.30,4.40,1.80,1.95,Decathlon Arena – Stade Pierre-Mauroy (Villeneuve d'Ascq)
1680440400,Apr 02 2023 - 1:00pm,complete,N/A,Angers SCO,Nice,Eric Wattellier,29,0.36,1.64,0.63,1.58,1,1,2,2,1,1,"15","4",5,2,1,0,1,0,0,1,0,1,14,13,7,4,6,6,8,11,37,63,1.38,1.37,1.69,1.43,2.72,72,82,65,22,7,40,86,50,75,7.71,3.42,6.00,3.75,1.57,1.35,2.10,3.75,8.00,2.20,1.62,Stade Raymond-Kopa (Angers)
1680440400,Apr 02 2023 - 1:00pm,complete,N/A,Clermont,Ajaccio,Mathieu Vernice,29,1.07,0.79,1.58,0.58,2,1,3,1,0,1,"60,90'3","25",5,1,2,0,5,1,0,2,0,6,15,4,7,3,7,1,15,22,68,32,1.27,1.07,1.73,0.55,2.68,47,83,50,22,7,29,68,50,83,8.57,4.22,2.10,3.20,3.60,1.50,2.55,5.20,12.50,2.10,1.67,Stade Gabriel Montpied (Clermont-Ferrand)
1680440400,Apr 02 2023 - 1:00pm,complete,N/A,Nantes,Reims,Marc Bollengier,29,1.38,1.29,1.21,1.11,0,3,3,2,0,2,"","38,39,58",3,4,1,0,2,0,0,1,1,1,13,15,7,10,4,4,10,13,48,52,1.57,1.44,1.67,1.89,2.05,48,56,30,26,11,15,48,45,67,8.57,3.81,2.75,3.30,2.50,1.34,2.05,3.55,7.50,1.80,1.95,Stade de la Beaujoire - Louis Fonteneau (Nantes)
1680440400,Apr 02 2023 - 1:00pm,complete,N/A,Brest,Toulouse,Stéphanie Frappart,29,0.85,1.00,1.37,1.26,3,1,4,2,1,1,"33,63,84","10",4,2,2,0,4,1,2,0,2,3,18,9,8,4,8,1,14,12,41,59,1.44,1.41,1.98,0.84,3.04,58,89,66,23,15,42,74,54,89,10.69,2.92,2.70,3.40,2.50,1.27,1.89,3.00,5.80,1.67,2.10,Stade Francis-Le Blé (Brest)
1680447900,Apr 02 2023 - 3:05pm,complete,N/A,Monaco,Strasbourg,Willy Delajod,29,1.64,0.85,1.58,0.95,4,3,7,3,1,2,"19,54,58,65","32,41,90'3",3,3,2,1,1,0,2,1,0,1,10,14,8,7,1,5,15,17,51,49,1.56,1.41,1.39,1.49,3.40,74,89,63,41,29,52,78,51,74,8.28,4.40,1.44,4.50,6.50,1.23,1.80,2.75,5.00,1.80,1.95,Stade Louis II (Monaco)
1680461100,Apr 02 2023 - 6:45pm,complete,N/A,PSG,Olympique Lyonnais,François Letexier,29,2.50,1.29,2.16,1.42,0,1,1,0,0,0,"","56",7,1,3,0,3,0,3,0,1,2,17,11,6,4,7,4,10,16,62,38,2.08,1.59,1.94,1.00,3.39,68,83,61,40,29,29,82,57,86,9.22,4.00,1.40,5.20,6.75,1.16,1.49,2.18,3.70,1.67,2.10,Parc des Princes (Paris)
1680894000,Apr 07 2023 - 7:00pm,complete,N/A,Lens,Strasbourg,Pierre Gaillouste,30,2.64,0.79,2.74,0.95,2,1,3,1,1,0,"11,65","84",5,1,1,0,4,1,1,0,1,4,14,14,10,4,2,5,19,19,55,45,1.75,1.41,1.70,1.22,3.08,65,79,61,33,18,40,75,40,79,9.57,3.72,1.51,4.40,6.00,1.28,1.98,3.15,6.25,2.08,1.72,Stade Bollaert-Delelis (Lens)
1680966000,Apr 08 2023 - 3:00pm,complete,N/A,Angers SCO,Lille,Mathieu Vernice,30,0.40,1.50,0.63,1.26,1,0,1,0,0,0,"84","",3,6,2,0,3,0,2,0,1,2,6,19,4,7,2,10,18,18,33,67,1.40,1.77,0.89,2.01,2.89,69,86,62,28,10,35,82,62,83,9.84,3.81,7.00,4.40,1.44,1.20,1.61,2.61,4.55,1.95,1.80,Stade Raymond-Kopa (Angers)
1680980400,Apr 08 2023 - 7:00pm,complete,N/A,Nice,PSG,Jérémie Pignard,30,1.50,2.21,1.47,2.32,0,2,2,1,0,1,"","26,76",10,5,1,0,0,0,0,1,0,0,26,20,7,5,15,10,8,2,46,54,1.61,2.00,2.49,1.65,2.68,43,68,54,25,14,36,72,40,68,11.14,3.00,4.25,3.70,1.80,1.25,1.70,3.00,5.00,1.67,2.10,Allianz Riviera (Nice)
1681038000,Apr 09 2023 - 11:00am,complete,N/A,Olympique Lyonnais,Rennes,Benoît Bastien,30,1.64,1.21,1.84,1.21,3,1,4,1,0,1,"60,68,79","11",7,2,2,0,2,0,2,0,2,0,12,12,4,4,3,5,14,17,60,40,1.97,1.70,1.15,1.10,2.36,68,75,47,18,7,32,75,29,72,11.14,3.21,1.48,4.74,4.49,1.25,1.88,2.99,5.45,1.67,2.10,Groupama Stadium (Décines-Charpieu)
1681045200,Apr 09 2023 - 1:00pm,complete,N/A,Ajaccio,Auxerre,Bastien Dechepy,30,0.71,0.60,0.79,0.68,0,3,3,3,0,3,"","3,6,45'2",7,5,1,0,3,0,0,1,1,2,10,12,3,5,6,6,13,15,57,43,1.33,1.21,1.16,1.29,2.54,45,69,45,24,17,24,69,42,79,6.20,3.84,2.43,2.50,3.37,1.53,2.50,4.80,9.50,2.20,1.62,Stade François Coty (Ajaccio)
1681045200,Apr 09 2023 - 1:00pm,complete,N/A,Montpellier,Toulouse,Florent Batta,30,1.33,0.93,1.26,1.26,1,2,3,1,0,1,"88","31,85",4,3,0,0,2,0,0,0,0,2,16,16,9,9,3,6,16,19,51,49,1.51,1.37,1.78,1.80,3.25,62,100,76,28,14,35,83,66,100,9.99,3.90,1.82,2.71,5.27,1.24,2.00,2.87,5.25,1.67,2.10,Stade de la Mosson (Montpellier)
1681045200,Apr 09 2023 - 1:00pm,complete,N/A,Reims,Brest,Benoît Millot,30,1.79,0.87,1.58,0.95,1,1,2,1,0,1,"90'1","6",6,3,0,0,1,0,0,0,0,1,24,13,8,6,15,4,9,13,61,39,1.96,1.26,2.61,1.26,2.69,55,69,55,35,14,39,62,42,80,8.93,4.30,1.85,4.10,3.09,1.25,1.83,3.00,6.00,1.80,1.95,Stade Auguste-Delaune II (Reims)
1681045200,Apr 09 2023 - 1:00pm,complete,N/A,Troyes,Clermont,Jeremy Stinat,30,0.86,1.36,0.74,1.53,0,2,2,2,0,2,"","27,30",3,2,3,0,2,0,2,1,0,2,10,13,4,5,3,6,18,8,43,57,1.47,1.25,1.10,1.40,2.46,64,75,47,29,4,11,64,50,90,8.86,4.22,3.55,7.77,1.43,1.36,2.05,3.50,7.40,1.80,1.95,Stade de l'Aube (Troyes)
1681052700,Apr 09 2023 - 3:05pm,complete,N/A,Nantes,Monaco,Clément Turpin,30,1.29,2.21,1.21,1.84,2,2,4,2,0,2,"65,78","21,30",6,8,3,0,1,0,0,3,0,1,10,17,3,11,4,1,13,11,49,51,1.57,1.74,0.97,1.94,2.65,50,79,47,29,11,21,61,54,86,9.22,3.15,3.70,3.70,1.95,1.28,1.85,2.85,5.20,1.70,2.05,Stade de la Beaujoire - Louis Fonteneau (Nantes)
1681065900,Apr 09 2023 - 6:45pm,complete,N/A,Lorient,Olympique Marseille,Willy Delajod,30,1.71,2.50,1.63,2.05,0,0,0,0,0,0,"","",3,6,0,0,2,0,0,0,0,2,10,14,6,3,2,5,9,18,40,60,1.48,1.61,1.14,1.25,2.64,50,83,57,21,11,36,75,40,79,8.42,3.50,4.45,3.95,1.75,1.21,1.83,2.75,5.25,1.75,2.00,Stade Yves Allainmat - Le Moustoir (Lorient)
1681498800,Apr 14 2023 - 7:00pm,complete,N/A,Toulouse,Olympique Lyonnais,François Letexier,31,1.47,1.40,1.26,1.42,1,2,3,2,1,1,"37","34,88",8,5,1,0,4,0,0,1,2,2,20,17,6,5,8,10,14,10,43,57,1.63,1.55,1.65,1.86,3.10,64,80,57,44,24,27,70,60,90,8.87,4.13,2.65,3.69,2.59,1.17,1.70,2.45,4.70,1.53,2.38,Stadium de Toulouse (Toulouse)
1681570800,Apr 15 2023 - 3:00pm,complete,N/A,Rennes,Reims,Jeremy Stinat,31,2.20,1.40,2.37,1.11,3,0,3,2,2,0,"9,19,68","",6,4,1,0,2,0,0,1,0,2,28,5,10,2,13,3,12,14,51,49,1.70,1.47,2.51,0.79,2.37,44,63,47,24,13,24,63,40,77,7.60,4.00,2.20,3.50,3.18,1.30,1.83,3.50,7.50,1.80,1.95,Roazhon Park (Rennes)
1681585200,Apr 15 2023 - 7:00pm,complete,N/A,PSG,Lens,Willy Delajod,31,2.33,1.53,2.16,1.68,3,1,4,3,3,0,"31,37,40","60",3,10,0,0,0,1,0,0,1,0,16,15,8,8,2,3,12,8,62,38,2.07,1.71,1.47,1.50,2.74,57,70,43,27,20,30,70,43,74,10.87,4.06,1.65,4.15,4.90,1.22,1.66,2.68,4.83,1.67,2.10,Parc des Princes (Paris)
1681642800,Apr 16 2023 - 11:00am,complete,N/A,Lille,Montpellier,Jérôme Brisard,31,2.07,1.21,2.26,1.37,2,1,3,1,0,1,"70,72","24",8,4,1,0,3,0,1,0,1,2,18,5,8,2,4,1,15,19,70,30,1.97,1.29,1.95,0.53,3.41,58,80,52,35,31,52,79,45,73,10.17,4.56,1.49,4.50,6.10,1.19,1.65,2.63,5.00,1.70,2.05,Decathlon Arena – Stade Pierre-Mauroy (Villeneuve d'Ascq)
1681650000,Apr 16 2023 - 1:00pm,complete,N/A,Auxerre,Nantes,Eric Wattellier,31,1.21,0.80,1.16,0.68,2,1,3,2,2,0,"5,43","55",3,6,2,0,2,0,1,1,1,1,14,18,8,8,4,8,14,8,31,69,1.52,1.38,1.51,2.07,2.41,48,69,42,28,17,35,59,45,69,8.49,4.07,2.50,3.20,2.90,1.42,2.38,4.33,8.00,2.00,1.75,Stade de l'Abbé Deschamps (Auxerre)
1681650000,Apr 16 2023 - 1:00pm,complete,N/A,Clermont,Angers SCO,Thomas Léonard,31,1.20,0.36,1.58,0.32,2,1,3,3,2,1,"33,39","28",6,6,1,2,3,0,1,2,1,2,13,8,6,5,2,2,12,15,53,47,1.30,1.19,1.25,1.21,2.73,38,79,52,35,14,39,80,48,76,8.76,4.09,1.79,3.70,4.40,1.32,1.94,3.55,7.50,1.95,1.80,Stade Gabriel Montpied (Clermont-Ferrand)
1681650000,Apr 16 2023 - 1:00pm,complete,N/A,Strasbourg,Ajaccio,Stéphanie Frappart,31,1.00,0.73,1.16,0.58,3,1,4,1,1,0,"26,71,89","76",5,0,2,0,5,0,0,2,1,4,13,9,7,2,6,3,12,17,43,57,1.45,1.03,1.62,0.70,2.74,60,84,57,20,7,34,80,43,80,7.73,4.86,1.71,3.65,5.20,1.44,2.28,4.33,9.00,2.20,1.62,Stade de la Meinau (Strasbourg)
1681650000,Apr 16 2023 - 1:00pm,complete,N/A,Brest,Nice,Benoît Bastien,31,1.00,1.60,1.37,1.58,1,0,1,1,1,0,"12","",3,5,1,0,3,0,0,1,1,2,15,13,4,7,5,4,15,14,52,48,1.48,1.37,1.24,1.33,2.57,66,76,52,21,7,49,72,39,70,9.04,3.46,3.85,3.35,2.02,1.41,2.28,4.25,9.50,1.91,1.91,Stade Francis-Le Blé (Brest)
1681657500,Apr 16 2023 - 3:05pm,complete,N/A,Monaco,Lorient,Bastien Dechepy,31,1.73,1.33,1.58,1.26,3,1,4,2,2,0,"14,27,55","86",5,3,0,0,1,0,0,0,1,0,16,11,7,5,6,4,18,10,46,54,1.55,1.30,1.87,1.15,3.50,73,80,64,50,30,50,70,57,90,8.60,3.00,1.38,5.25,7.50,1.14,1.50,2.30,3.75,1.67,2.10,Stade Louis II (Monaco)
1681670700,Apr 16 2023 - 6:45pm,complete,N/A,Olympique Marseille,Troyes,Benoît Millot,31,1.67,0.60,1.79,0.53,3,1,4,2,2,0,"2,40,64","90'1",8,1,0,0,2,0,0,0,0,2,29,5,7,3,14,2,13,8,72,28,1.86,1.36,2.40,0.66,3.57,73,84,70,50,33,60,80,57,90,9.33,3.47,1.22,6.50,15.00,1.14,1.44,2.20,3.60,2.00,1.75,Stade Orange Vélodrome (Marseille)
1682103600,Apr 21 2023 - 7:00pm,complete,N/A,Angers SCO,PSG,Eric Wattellier,32,0.56,2.27,0.63,2.32,1,2,3,2,0,2,"87","9,26",5,8,0,0,0,0,0,0,0,0,17,11,5,5,8,1,6,8,34,66,1.37,1.97,1.63,1.10,3.04,58,84,71,29,13,39,84,55,81,9.53,3.22,11.00,5.50,1.28,1.14,1.39,2.10,3.40,1.78,1.90,Stade Raymond-Kopa (Angers)
1682175600,Apr 22 2023 - 3:00pm,complete,N/A,Auxerre,Lille,Stéphanie Frappart,32,1.33,1.40,1.16,1.26,1,1,2,1,0,1,"62","36",4,4,0,0,1,0,0,0,1,0,9,15,5,7,3,6,12,12,30,70,1.51,1.79,1.07,1.75,2.47,50,70,44,27,10,34,67,43,77,9.94,4.27,4.75,3.60,1.73,1.25,1.83,3.00,5.00,1.82,1.87,Stade de l'Abbé Deschamps (Auxerre)
1682190000,Apr 22 2023 - 7:00pm,complete,N/A,Lens,Monaco,François Letexier,32,2.67,2.13,2.74,1.84,3,0,3,2,2,0,"9,16,56","",2,4,0,0,2,0,0,0,1,1,22,12,9,5,10,4,8,14,63,37,1.75,1.76,2.14,1.23,2.94,57,80,57,30,13,27,67,50,93,10.27,3.00,2.05,3.40,3.50,1.29,1.80,3.00,5.50,1.68,2.05,Stade Bollaert-Delelis (Lens)
1682247600,Apr 23 2023 - 11:00am,complete,N/A,Reims,Strasbourg,Clément Turpin,32,1.73,0.73,1.58,0.95,0,2,2,2,0,2,"","1,37",5,4,2,0,1,0,1,1,1,0,16,10,6,4,6,5,11,12,73,27,2.01,1.40,1.84,1.07,3.00,67,83,60,30,17,47,77,40,74,8.60,4.87,1.80,3.90,4.00,1.32,1.88,3.50,7.00,1.80,1.98,Stade Auguste-Delaune II (Reims)
1682254800,Apr 23 2023 - 1:00pm,complete,N/A,Ajaccio,Brest,Jeremy Stinat,32,0.67,0.88,0.79,0.95,0,0,0,0,0,0,"","",4,4,2,1,2,0,1,2,2,0,4,11,3,3,0,4,11,20,43,57,1.32,1.26,0.62,1.19,2.45,45,65,45,29,10,23,68,39,74,7.33,4.28,2.85,3.10,2.50,1.50,2.40,5.50,11.00,2.16,1.67,Stade François Coty (Ajaccio)
1682254800,Apr 23 2023 - 1:00pm,complete,N/A,Lorient,Toulouse,Marc Bollengier,32,1.67,1.07,1.63,1.26,0,1,1,0,0,0,"","68",2,7,3,0,2,0,0,3,0,2,10,14,2,5,1,7,13,12,53,47,1.45,1.39,0.87,1.42,2.87,57,87,70,24,10,40,77,50,87,8.34,2.67,2.50,3.60,2.60,1.25,1.80,2.95,5.50,1.62,2.20,Stade Yves Allainmat - Le Moustoir (Lorient)
1682254800,Apr 23 2023 - 1:00pm,complete,N/A,Nantes,Troyes,Jérémie Pignard,32,1.27,0.56,1.21,0.53,2,2,4,1,1,0,"25,90'6","64,90'2",13,4,1,0,0,0,0,1,0,0,20,10,10,5,6,3,12,10,54,46,1.53,1.32,2.38,1.21,3.27,61,78,64,51,29,48,71,64,87,8.12,3.16,1.65,3.85,5.00,1.26,1.80,2.99,5.60,1.82,1.95,Stade de la Beaujoire - Louis Fonteneau (Nantes)
1682254800,Apr 23 2023 - 1:00pm,complete,N/A,Nice,Clermont,Benoît Millot,32,1.40,1.47,1.47,1.53,1,2,3,2,1,1,"41","37,83",6,2,1,0,2,0,1,0,0,2,16,10,6,4,7,5,11,4,56,44,1.67,1.26,1.58,1.12,2.17,47,64,34,13,10,24,64,34,70,9.67,3.60,1.60,3.85,5.50,1.33,2.00,3.50,6.50,1.95,1.80,Allianz Riviera (Nice)
1682262300,Apr 23 2023 - 3:05pm,complete,N/A,Montpellier,Rennes,Ruddy Buquet,32,1.25,1.13,1.26,1.21,1,0,1,0,0,0,"84","",4,4,3,1,2,0,0,4,1,1,12,17,3,5,4,9,12,15,30,70,1.52,1.66,0.89,1.88,2.87,75,94,64,26,7,23,81,55,94,9.53,4.44,2.80,3.35,2.45,1.31,1.95,3.30,6.50,1.75,2.00,Stade de la Mosson (Montpellier)
1682275500,Apr 23 2023 - 6:45pm,complete,N/A,Olympique Lyonnais,Olympique Marseille,Jérôme Brisard,32,1.73,2.40,1.84,2.05,1,2,3,1,0,1,"68","44,90'2",5,3,2,0,1,0,1,1,0,1,8,15,3,8,4,5,11,18,60,40,1.92,1.59,0.96,1.73,2.43,50,74,47,20,13,34,73,34,67,11.40,3.33,2.37,3.61,2.91,1.20,1.66,2.54,4.53,1.62,2.20,Groupama Stadium (Décines-Charpieu)
1682708400,Apr 28 2023 - 7:00pm,complete,N/A,Strasbourg,Olympique Lyonnais,Ruddy Buquet,33,1.13,1.50,1.16,1.42,1,2,3,3,1,2,"15","32,36",5,4,2,0,3,1,1,1,1,3,12,8,4,5,5,2,13,24,53,47,1.46,1.57,1.29,1.04,2.88,69,82,60,35,13,32,82,44,82,7.63,4.44,3.26,3.68,2.29,1.32,1.77,3.50,6.50,1.75,2.00,Stade de la Meinau (Strasbourg)
1682780400,Apr 29 2023 - 3:00pm,complete,N/A,Lille,Ajaccio,François Letexier,33,2.13,0.69,2.26,0.58,3,0,3,3,3,0,"22,33,37","",9,0,1,0,2,0,1,0,1,1,14,3,7,0,6,3,10,13,77,23,1.96,1.01,1.71,0.29,3.19,66,81,63,29,19,32,79,56,79,9.50,5.01,1.22,5.50,15.00,1.22,1.68,2.80,5.00,2.50,1.50,Decathlon Arena – Stade Pierre-Mauroy (Villeneuve d'Ascq)
1682852400,Apr 30 2023 - 11:00am,complete,N/A,Monaco,Montpellier,Marc Bollengier,33,1.81,1.13,1.58,1.37,0,4,4,1,0,1,"","28,65,72,79",3,11,2,0,1,0,2,0,0,1,9,23,6,11,3,10,11,12,54,46,1.57,1.24,1.35,2.34,3.61,61,84,58,42,36,62,71,55,84,8.78,4.21,1.47,4.70,6.25,1.18,1.62,2.40,4.00,1.70,2.05,Stade Louis II (Monaco)
1682859600,Apr 30 2023 - 1:00pm,complete,N/A,Clermont,Reims,Stéphanie Frappart,33,1.31,1.31,1.58,1.11,1,0,1,1,1,0,"4","",6,8,0,1,2,0,0,1,0,2,7,14,3,3,3,5,8,12,33,67,1.30,1.43,0.76,1.23,2.32,47,72,41,22,10,28,66,41,69,8.19,4.38,3.30,3.50,2.15,1.30,1.97,3.40,6.50,1.80,1.95,Stade Gabriel Montpied (Clermont-Ferrand)
1682859600,Apr 30 2023 - 1:00pm,complete,N/A,Rennes,Angers SCO,Florent Batta,33,2.25,0.33,2.37,0.32,4,2,6,4,2,2,"25,35,54,84","19,42",7,5,1,0,2,0,0,1,1,1,14,5,5,3,4,2,14,11,64,36,1.75,1.19,1.29,0.76,2.84,36,74,65,33,17,42,81,42,81,8.53,3.89,1.29,5.50,10.50,1.24,1.71,2.90,5.50,2.20,1.62,Roazhon Park (Rennes)
1682859600,Apr 30 2023 - 1:00pm,complete,N/A,Troyes,Nice,Eric Wattellier,33,0.80,1.50,0.74,1.58,0,1,1,1,0,1,"","2",3,14,0,0,2,0,0,0,0,2,10,30,7,14,2,10,7,10,36,64,1.45,1.37,1.25,3.09,2.43,65,78,46,27,0,29,77,39,72,8.49,3.75,4.60,3.95,1.71,1.30,1.85,3.40,6.50,1.91,1.91,Stade de l'Aube (Troyes)
1682867100,Apr 30 2023 - 3:05pm,complete,N/A,PSG,Lorient,Jérôme Brisard,33,2.38,1.25,2.16,1.26,1,3,4,3,1,2,"29","15,39,88",2,3,3,1,3,0,2,2,1,2,14,15,5,8,5,5,15,14,54,46,2.04,1.29,1.38,1.64,3.32,69,78,60,44,22,41,82,50,91,9.56,2.87,1.16,8.00,15.00,1.08,1.28,1.88,2.75,1.80,1.95,Parc des Princes (Paris)
1682880300,Apr 30 2023 - 6:45pm,complete,N/A,Olympique Marseille,Auxerre,Jérémie Pignard,33,1.75,0.75,1.79,0.68,2,1,3,1,0,1,"75,77","33",12,1,1,0,0,0,1,0,0,0,39,13,6,4,23,7,7,6,70,30,1.89,1.22,3.03,1.19,2.97,66,81,60,32,19,47,75,44,85,9.38,3.07,1.33,5.00,9.50,1.17,1.60,2.60,4.50,2.05,1.70,Stade Orange Vélodrome (Marseille)
1683054000,May 02 2023 - 7:00pm,complete,N/A,Toulouse,Lens,Bastien Dechepy,33,1.38,1.44,1.26,1.68,0,1,1,1,0,1,"","33",5,0,1,0,2,0,0,1,0,2,12,17,3,4,6,12,5,7,46,54,1.63,1.70,1.09,1.58,2.66,60,76,47,35,16,35,66,47,79,11.07,4.01,3.48,3.75,1.99,1.24,1.75,2.40,5.50,1.70,2.05,Stadium de Toulouse (Toulouse)
1683140400,May 03 2023 - 7:00pm,complete,N/A,Brest,Nantes,Willy Delajod,33,1.13,0.75,1.37,0.68,2,0,2,2,2,0,"18,35","",2,4,0,0,1,0,0,0,0,1,14,18,5,7,6,7,7,15,53,47,1.46,1.43,1.34,1.79,2.65,58,74,52,26,16,43,62,49,74,9.65,3.73,2.20,3.30,3.30,1.33,1.91,3.60,7.00,1.75,2.00,Stade Francis-Le Blé (Brest)
1683385200,May 06 2023 - 3:00pm,complete,N/A,Nice,Rennes,Willy Delajod,34,1.31,1.06,1.47,1.21,2,1,3,0,0,0,"50,72","78",4,7,0,0,1,0,0,0,0,1,17,19,5,5,8,11,11,11,46,54,1.66,1.68,1.47,1.77,2.35,60,72,41,19,7,25,72,32,76,10.38,3.44,2.28,3.07,2.97,1.36,2.15,3.75,7.50,1.82,1.87,Allianz Riviera (Nice)
1683392400,May 06 2023 - 5:00pm,complete,N/A,Reims,Lille,Thomas Léonard,34,1.63,1.38,1.58,1.26,1,0,1,1,1,0,"21","",4,7,2,0,3,0,0,2,1,2,17,15,5,6,10,6,17,10,36,64,2.00,1.79,1.56,1.64,2.60,53,75,47,25,10,38,66,41,82,10.50,4.38,2.97,3.67,2.04,1.24,1.70,2.85,5.00,1.63,2.10,Stade Auguste-Delaune II (Reims)
1683399600,May 06 2023 - 7:00pm,complete,N/A,Lens,Olympique Marseille,Clément Turpin,34,2.69,2.44,2.74,2.05,2,1,3,1,1,0,"42,60","88",7,7,5,0,2,0,3,2,1,1,12,20,4,5,7,11,12,16,42,58,1.77,1.60,1.20,1.76,2.69,47,75,57,22,13,28,69,41,85,10.13,3.32,2.28,3.32,2.78,1.30,1.81,3.30,6.50,1.68,2.05,Stade Bollaert-Delelis (Lens)
1683457200,May 07 2023 - 11:00am,complete,N/A,Angers SCO,Monaco,Jeremy Stinat,34,0.53,2.00,0.63,1.84,1,2,3,1,0,1,"64","45,60",4,3,3,0,2,0,0,3,0,2,16,20,4,7,7,9,13,17,61,39,1.39,1.72,1.37,1.86,3.00,66,91,64,28,13,36,82,58,88,8.74,3.34,5.70,4.60,1.40,1.18,1.57,2.27,4.18,1.75,2.00,Stade Raymond-Kopa (Angers)
1683464400,May 07 2023 - 1:00pm,complete,N/A,Ajaccio,Toulouse,Florent Batta,34,0.69,1.19,0.79,1.26,0,0,0,0,0,0,"","",4,7,3,0,0,0,0,3,0,0,5,18,3,6,2,10,10,8,39,61,1.27,1.40,0.88,1.97,2.66,41,75,57,22,10,29,72,47,82,8.19,4.06,3.08,3.33,2.08,1.36,2.10,3.50,7.00,1.91,1.91,Stade François Coty (Ajaccio)
1683464400,May 07 2023 - 1:00pm,complete,N/A,Auxerre,Clermont,Marc Bollengier,34,1.31,1.56,1.16,1.53,1,1,2,1,1,0,"36","54",2,2,1,0,0,0,0,1,0,0,12,12,5,5,6,4,18,13,46,54,1.49,1.25,1.37,1.13,2.28,53,69,41,19,10,32,66,35,75,7.81,4.19,2.23,3.18,2.90,1.36,2.20,3.75,7.00,1.95,1.80,Stade de l'Abbé Deschamps (Auxerre)
1683464400,May 07 2023 - 1:00pm,complete,N/A,Lorient,Brest,Benoît Millot,34,1.56,0.88,1.63,0.95,2,1,3,1,1,0,"32,51","69",4,6,2,1,2,0,0,3,1,1,9,20,4,4,3,12,13,22,46,54,1.42,1.25,0.93,1.74,2.39,55,67,52,27,9,31,64,36,76,7.56,3.13,2.18,3.47,2.78,1.29,1.88,3.20,5.75,1.70,2.05,Stade Yves Allainmat - Le Moustoir (Lorient)
1683464400,May 07 2023 - 1:00pm,complete,N/A,Nantes,Strasbourg,Benoît Bastien,34,1.25,0.88,1.21,0.95,0,2,2,1,0,1,"","26,47",11,1,3,0,1,0,1,2,0,1,18,11,7,7,8,4,22,15,54,46,1.59,1.38,1.89,1.40,2.88,63,82,57,35,13,38,75,50,72,9.13,3.94,2.43,3.33,2.53,1.33,2.01,3.40,6.00,1.80,1.95,Stade de la Beaujoire - Louis Fonteneau (Nantes)
1683471900,May 07 2023 - 3:05pm,complete,N/A,Olympique Lyonnais,Montpellier,Bastien Dechepy,34,1.63,1.25,1.84,1.37,5,4,9,3,1,2,"31,59,70,82,90'10","40,41,53,55",3,5,0,0,3,0,0,0,0,3,24,17,10,7,9,6,12,14,70,30,1.86,1.31,2.38,1.61,2.85,54,75,50,25,19,47,75,38,72,11.38,3.50,1.65,4.20,4.80,1.22,1.71,2.62,4.50,1.75,2.00,Groupama Stadium (Décines-Charpieu)
1683485100,May 07 2023 - 6:45pm,complete,N/A,Troyes,PSG,Ruddy Buquet,34,0.75,2.31,0.74,2.32,1,3,4,1,0,1,"83","8,59,86",6,6,1,0,0,0,1,0,0,0,8,32,4,13,1,11,5,5,39,61,1.43,1.92,0.88,3.01,2.85,54,81,60,35,7,29,78,47,81,10.37,3.32,8.50,6.00,1.30,1.12,1.38,1.98,3.25,1.80,1.95,Stade de l'Aube (Troyes)
1683918000,May 12 2023 - 7:00pm,complete,N/A,Lens,Reims,Jérémie Pignard,35,2.71,1.24,2.74,1.11,2,1,3,2,1,1,"39,55","23",0,14,1,1,3,0,1,1,1,2,10,26,7,6,2,14,7,19,40,60,1.74,1.41,1.17,2.11,2.38,47,62,47,21,12,27,62,35,77,9.41,3.76,1.62,4.30,5.00,1.25,1.67,3.00,5.50,1.80,1.95,Stade Bollaert-Delelis (Lens)
1683990000,May 13 2023 - 3:00pm,complete,N/A,Strasbourg,Nice,Jeremy Stinat,35,1.06,1.59,1.16,1.58,2,0,2,1,1,0,"1,59","",2,3,1,0,1,0,0,1,0,1,19,12,4,5,9,6,14,9,39,61,1.45,1.47,1.43,1.28,2.44,65,77,50,21,3,41,88,30,62,8.12,3.88,2.30,3.30,3.00,1.36,2.08,3.75,7.50,1.91,1.91,Stade de la Meinau (Strasbourg)
1684004400,May 13 2023 - 7:00pm,complete,N/A,PSG,Ajaccio,Pierre Gaillouste,35,2.24,0.65,2.16,0.58,5,0,5,2,2,0,"22,33,47,54,73","",8,3,1,1,1,1,0,2,0,2,24,9,10,3,8,5,7,6,73,27,2.00,0.97,2.65,0.82,3.21,59,82,62,30,18,35,80,50,85,8.59,4.76,1.12,9.20,21.00,1.13,1.41,2.20,3.60,2.75,1.40,Parc des Princes (Paris)
1684062000,May 14 2023 - 11:00am,complete,N/A,Clermont,Olympique Lyonnais,Ruddy Buquet,35,1.41,1.59,1.58,1.42,2,1,3,2,1,1,"25,65","22",5,2,3,0,3,0,1,2,0,3,10,23,7,5,3,11,17,10,38,62,1.27,1.54,1.34,1.72,2.77,59,79,56,30,12,29,74,47,77,8.41,4.41,3.90,3.78,2.02,1.24,1.96,2.90,5.50,1.67,2.10,Stade Gabriel Montpied (Clermont-Ferrand)
1684069200,May 14 2023 - 1:00pm,complete,N/A,Montpellier,Lorient,Mathieu Vernice,35,1.35,1.35,1.26,1.26,1,1,2,0,0,0,"90'4","68",11,5,2,0,3,0,1,1,2,1,18,16,5,4,10,8,20,15,43,57,1.49,1.31,1.65,1.45,3.09,71,85,68,39,12,36,76,56,97,9.24,3.65,2.03,3.74,3.90,1.28,1.63,3.10,6.00,1.70,2.05,Stade de la Mosson (Montpellier)
1684069200,May 14 2023 - 1:00pm,complete,N/A,Brest,Auxerre,Eric Wattellier,35,1.25,0.71,1.37,0.68,1,0,1,0,0,0,"69","",6,0,0,0,0,0,0,0,0,0,17,14,11,3,4,8,8,8,46,54,1.46,1.22,2.19,1.12,2.79,58,79,55,25,19,43,73,46,76,8.31,2.92,2.10,3.62,3.80,1.40,2.20,4.00,8.50,1.95,1.80,Stade Francis-Le Blé (Brest)
1684069200,May 14 2023 - 1:00pm,complete,N/A,Rennes,Troyes,Stéphanie Frappart,35,2.29,0.59,2.37,0.53,4,0,4,1,1,0,"14,65,70,74","",9,1,0,0,1,0,0,0,1,0,33,7,11,0,16,5,4,9,67,33,1.72,1.31,2.93,0.51,3.56,59,82,77,50,33,50,82,62,94,7.53,3.12,1.33,5.90,10.50,1.17,1.58,2.15,3.80,2.00,1.75,Roazhon Park (Rennes)
1684074600,May 14 2023 - 2:30pm,complete,N/A,Toulouse,Nantes,Jérôme Brisard,35,1.29,0.71,1.26,0.68,0,0,0,0,0,0,"","",10,5,1,0,1,0,0,1,0,1,18,11,7,2,8,6,8,13,71,29,1.60,1.45,2.09,0.79,2.80,56,79,50,33,21,38,68,53,80,9.59,3.76,2.10,3.76,3.64,1.22,1.78,2.85,5.00,1.62,2.20,Stadium de Toulouse (Toulouse)
1684076700,May 14 2023 - 3:05pm,complete,N/A,Monaco,Lille,Benoît Bastien,35,1.71,1.29,1.58,1.26,0,0,0,0,0,0,"","",3,4,0,0,2,0,0,0,0,2,14,13,4,5,6,6,19,12,41,59,1.56,1.78,1.30,1.33,3.21,62,80,56,42,24,42,71,59,85,9.89,4.00,3.17,3.15,2.11,1.19,1.58,2.30,4.50,1.50,2.50,Stade Louis II (Monaco)
1684089900,May 14 2023 - 6:45pm,complete,N/A,Olympique Marseille,Angers SCO,Benoît Millot,35,1.82,0.31,1.79,0.32,3,1,4,2,1,1,"34,48,77","28",7,0,1,0,2,0,0,1,2,0,19,6,8,2,9,3,17,9,62,38,1.96,1.17,2.10,0.60,3.06,57,79,64,40,19,55,82,46,79,10.91,3.96,1.14,6.90,13.00,1.14,1.46,2.12,3.75,2.05,1.70,Stade Orange Vélodrome (Marseille)
1684522800,May 19 2023 - 7:00pm,complete,N/A,Olympique Lyonnais,Monaco,Benoît Millot,36,1.71,2.06,1.84,1.84,3,1,4,2,1,1,"38,57,78","2",2,8,0,0,3,0,0,0,1,2,30,19,12,10,12,5,8,14,62,38,1.89,1.73,2.63,2.01,2.91,62,83,56,27,15,35,76,47,80,10.76,2.88,2.14,4.00,3.00,1.18,1.50,2.30,4.20,1.50,2.50,Groupama Stadium (Décines-Charpieu)
1684594800,May 20 2023 - 3:00pm,complete,N/A,Nantes,Montpellier,Ruddy Buquet,36,1.18,1.18,1.21,1.37,0,3,3,1,0,1,"","38,47,88",10,6,4,0,0,0,1,3,0,0,19,19,5,8,10,8,14,9,43,57,1.60,1.33,1.78,1.71,3.06,47,77,50,35,18,42,68,50,82,10.64,3.88,2.35,3.35,2.85,1.30,1.88,3.40,6.50,1.70,2.05,Stade de la Beaujoire - Louis Fonteneau (Nantes)
1684609200,May 20 2023 - 7:00pm,complete,N/A,Lille,Olympique Marseille,Jérôme Brisard,36,2.18,2.29,2.26,2.05,2,1,3,1,0,1,"50,72","29",3,4,3,0,2,0,0,3,1,1,14,12,4,5,9,5,14,20,47,53,1.95,1.61,1.34,1.16,3.03,59,82,59,27,21,33,82,50,71,10.82,4.18,2.25,3.50,2.88,1.24,1.70,2.85,5.00,1.62,2.20,Decathlon Arena – Stade Pierre-Mauroy (Villeneuve d'Ascq)
1684666800,May 21 2023 - 11:00am,complete,N/A,Ajaccio,Rennes,Eric Wattellier,36,0.71,1.00,0.79,1.21,0,5,5,4,0,4,"","14,31,37,40,71",2,5,1,1,2,0,0,2,1,1,4,15,0,9,4,6,8,14,41,59,1.25,1.68,0.49,1.86,2.27,50,68,44,21,3,18,65,35,74,7.94,4.65,7.50,4.20,1.45,1.39,1.90,4.02,8.00,2.20,1.62,Stade François Coty (Ajaccio)
1684674000,May 21 2023 - 1:00pm,complete,N/A,Nice,Toulouse,Jérémie Pignard,36,1.41,1.18,1.47,1.26,0,0,0,0,0,0,"","",6,3,2,0,2,0,1,1,1,1,28,9,9,5,14,3,5,12,51,49,1.65,1.43,2.58,1.18,2.62,50,77,53,18,12,32,71,44,80,10.82,2.65,1.85,3.70,4.00,1.25,1.67,3.00,5.50,1.67,2.10,Allianz Riviera (Nice)
1684674000,May 21 2023 - 1:00pm,complete,N/A,Brest,Clermont,Bastien Dechepy,36,1.35,1.53,1.37,1.53,2,1,3,2,1,1,"45,48","43",7,1,3,0,4,0,0,3,0,4,14,12,4,3,8,7,16,11,41,59,1.50,1.24,1.28,1.23,2.42,56,71,44,18,9,36,65,38,77,8.71,3.65,2.10,3.30,3.60,1.32,2.05,3.47,6.75,1.80,1.95,Stade Francis-Le Blé (Brest)
1684674000,May 21 2023 - 1:00pm,complete,N/A,Reims,Angers SCO,Florent Batta,36,1.71,0.29,1.58,0.32,2,2,4,1,1,0,"10,54","46,60",7,3,0,0,2,0,0,0,0,2,16,9,6,4,8,4,14,12,57,43,1.97,1.13,1.67,1.11,2.83,44,74,56,36,18,53,77,38,71,9.06,4.53,1.40,4.75,7.50,1.19,1.60,2.60,4.50,1.80,1.95,Stade Auguste-Delaune II (Reims)
1684674000,May 21 2023 - 1:00pm,complete,N/A,Troyes,Strasbourg,Clément Turpin,36,0.71,1.00,0.74,0.95,1,1,2,1,0,1,"73","27",4,6,1,1,1,1,1,1,0,2,13,19,5,6,6,11,10,18,45,55,1.40,1.38,1.20,1.86,2.92,68,88,53,35,9,30,85,47,74,8.41,4.23,6.00,4.10,1.53,1.24,1.70,2.87,5.30,1.80,1.95,Stade de l'Aube (Troyes)
1684681500,May 21 2023 - 3:05pm,complete,N/A,Lorient,Lens,Stéphanie Frappart,36,1.65,1.53,1.63,1.68,1,3,4,3,1,2,"6","20,25,87",3,5,2,0,2,0,0,2,2,0,20,22,6,8,8,8,14,14,47,53,1.39,1.69,1.57,1.93,2.21,53,65,47,21,6,32,62,32,68,8.94,3.53,5.04,4.13,1.59,1.21,1.73,2.73,4.80,1.80,1.95,Stade Yves Allainmat - Le Moustoir (Lorient)
1684694700,May 21 2023 - 6:45pm,complete,N/A,Auxerre,PSG,Benoît Bastien,36,1.29,2.35,1.16,2.32,1,2,3,2,0,2,"51","6,8",4,6,1,0,0,0,0,1,0,0,18,23,8,6,7,10,11,6,37,63,1.48,1.98,1.89,1.72,2.74,50,77,56,30,12,38,77,38,77,9.71,3.23,6.47,4.95,1.41,1.18,1.53,2.40,4.33,1.91,1.91,Stade de l'Abbé Deschamps (Auxerre)
1685214000,May 27 2023 - 7:00pm,complete,N/A,Angers SCO,Troyes,Karim Abed,37,0.50,0.56,0.63,0.53,2,1,3,2,1,1,"38,90","13",14,3,1,0,1,0,0,1,0,1,25,6,6,4,13,2,12,7,61,39,1.39,1.27,2.05,0.88,3.53,75,89,78,47,28,50,89,70,89,7.28,3.23,2.05,3.50,3.40,1.25,1.80,2.45,4.75,1.60,2.15,Stade Raymond-Kopa (Angers)
1685214000,May 27 2023 - 7:00pm,complete,N/A,Clermont,Lorient,Florent Batta,37,1.50,1.33,1.58,1.26,2,0,2,1,1,0,"44,74","",9,1,0,0,0,0,0,0,0,0,26,11,8,2,11,6,13,12,46,54,1.27,1.32,2.02,1.02,2.84,64,81,56,36,9,39,75,47,83,8.89,3.34,2.10,3.35,3.35,1.33,1.95,3.40,6.50,1.80,1.91,Stade Gabriel Montpied (Clermont-Ferrand)
1685214000,May 27 2023 - 7:00pm,complete,N/A,Lille,Nantes,Eric Wattellier,37,2.22,0.72,2.26,0.68,2,1,3,1,0,1,"51,88","17",5,3,2,0,4,0,1,1,1,3,15,10,5,4,7,4,7,12,66,34,1.92,1.41,1.55,0.98,2.92,61,78,56,28,23,39,73,50,67,10.11,4.00,1.40,4.75,7.00,1.22,1.70,2.62,4.50,1.88,1.80,Decathlon Arena – Stade Pierre-Mauroy (Villeneuve d'Ascq)
1685214000,May 27 2023 - 7:00pm,complete,N/A,Montpellier,Nice,Benoît Millot,37,1.33,1.50,1.26,1.58,2,3,5,2,2,0,"7,17","53,67,79",2,10,0,0,3,0,0,0,0,3,16,28,9,16,6,9,12,16,47,53,1.50,1.46,1.85,3.13,2.53,62,81,53,17,6,31,78,45,78,9.50,4.16,2.55,3.30,2.65,1.29,1.80,3.00,5.50,1.65,2.10,Stade de la Mosson (Montpellier)
1685214000,May 27 2023 - 7:00pm,complete,N/A,Olympique Lyonnais,Reims,Jeremy Stinat,37,1.78,1.17,1.84,1.11,3,0,3,2,2,0,"2,9,82","",7,4,1,0,1,1,0,1,0,2,33,17,10,4,16,9,11,15,55,45,1.93,1.45,2.70,1.37,2.42,56,64,45,23,14,36,70,34,64,10.50,3.45,1.67,4.20,4.33,1.17,1.53,2.19,4.00,1.57,2.30,Groupama Stadium (Décines-Charpieu)
1685214000,May 27 2023 - 7:00pm,complete,N/A,Olympique Marseille,Brest,Stéphanie Frappart,37,1.89,0.83,1.79,0.95,1,2,3,0,0,0,"75","57,81",3,5,2,0,2,0,0,2,0,2,14,19,5,6,6,11,14,16,63,37,1.97,1.28,1.40,1.72,2.81,70,75,59,36,11,39,73,47,84,10.61,3.44,1.36,5.00,7.00,1.20,1.65,2.30,4.33,1.88,1.80,Stade Orange Vélodrome (Marseille)
1685214000,May 27 2023 - 7:00pm,complete,N/A,Lens,Ajaccio,Thomas Léonard,37,2.72,0.61,2.74,0.58,3,0,3,3,3,0,"16,22,35","",9,2,1,0,2,0,0,1,2,0,16,9,4,0,10,7,12,12,79,21,1.71,0.96,1.83,0.49,2.92,53,78,67,22,11,33,70,48,89,8.66,4.33,1.14,7.25,17.00,1.20,1.67,2.35,4.33,2.75,1.40,Stade Bollaert-Delelis (Lens)
1685214000,May 27 2023 - 7:00pm,complete,N/A,Strasbourg,PSG,Jérôme Brisard,37,1.17,2.39,1.16,2.32,1,1,2,0,0,0,"79","59",4,2,1,0,2,0,1,0,1,1,23,9,6,3,12,5,9,8,34,66,1.45,1.97,1.74,0.89,2.95,59,86,67,31,9,42,89,39,78,9.44,3.34,4.75,4.20,1.60,1.17,1.57,2.30,3.75,1.60,2.15,Stade de la Meinau (Strasbourg)
1685214000,May 27 2023 - 7:00pm,complete,N/A,Rennes,Monaco,Clément Turpin,37,2.33,1.94,2.37,1.84,2,0,2,0,0,0,"52,73","",7,3,0,0,3,0,0,0,1,2,16,16,8,4,6,8,11,7,57,43,1.79,1.75,1.73,1.43,3.09,50,86,67,33,14,33,78,56,94,9.23,3.27,2.05,3.65,3.25,1.20,1.60,2.30,4.33,1.53,2.30,Roazhon Park (Rennes)
1685214000,May 27 2023 - 7:00pm,complete,N/A,Toulouse,Auxerre,Mathieu Vernice,37,1.28,0.67,1.26,0.68,1,1,2,2,1,1,"44","24",6,3,1,0,3,0,0,1,2,1,14,22,5,3,7,13,18,14,61,39,1.63,1.21,1.56,1.48,2.84,56,78,53,31,22,33,72,50,83,8.55,3.00,2.10,3.60,3.20,1.25,1.80,2.75,5.00,1.65,2.10,Stadium de Toulouse (Toulouse)
1685818800,Jun 03 2023 - 7:00pm,complete,N/A,Ajaccio,Olympique Marseille,Benoît Bastien,38,0.67,2.17,0.79,2.05,1,0,1,0,0,0,"88","",2,3,1,0,1,0,0,1,1,0,4,19,2,6,0,10,19,15,28,72,1.21,1.58,0.44,2.06,2.39,36,70,48,20,11,22,70,39,70,8.11,4.72,9.00,5.00,1.33,1.18,1.57,2.40,4.20,1.91,1.85,Stade François Coty (Ajaccio)
1685818800,Jun 03 2023 - 7:00pm,complete,N/A,Auxerre,Lens,Benoît Millot,38,1.22,1.61,1.16,1.68,1,3,4,1,0,1,"71","19,48,78",5,5,1,0,3,0,1,0,1,2,19,16,6,8,6,4,10,16,51,49,1.50,1.71,1.51,1.58,2.25,56,67,39,25,9,36,67,28,67,9.44,3.94,3.20,3.50,2.15,1.25,1.70,2.62,4.75,1.61,2.25,Stade de l'Abbé Deschamps (Auxerre)
1685818800,Jun 03 2023 - 7:00pm,complete,N/A,Monaco,Toulouse,Stéphanie Frappart,38,1.67,1.17,1.58,1.26,1,2,3,0,0,0,"78","70,90'4",4,7,1,0,2,0,1,0,0,2,20,23,8,9,9,9,10,11,57,43,1.54,1.42,2.13,2.01,3.28,59,83,67,39,25,45,70,62,86,9.00,3.16,1.40,5.00,7.00,1.09,1.44,1.95,3.25,1.60,2.30,Stade Louis II (Monaco)
1685818800,Jun 03 2023 - 7:00pm,complete,N/A,Lorient,Strasbourg,Bastien Dechepy,38,1.56,1.00,1.63,0.95,2,1,3,2,2,0,"10,36","57",4,4,1,0,1,0,0,1,0,1,6,16,4,8,0,6,9,15,53,47,1.40,1.41,0.75,1.82,2.78,64,83,59,25,12,42,81,36,73,7.23,3.88,2.90,3.50,2.30,1.25,1.70,2.75,5.00,1.57,2.25,Stade Yves Allainmat - Le Moustoir (Lorient)
1685818800,Jun 03 2023 - 7:00pm,complete,N/A,Nantes,Angers SCO,Clément Turpin,38,1.11,0.33,1.21,0.32,1,0,1,1,1,0,"16","",8,1,1,0,0,0,0,1,0,0,12,6,8,2,3,4,12,13,33,67,1.61,1.13,1.51,0.77,2.84,44,75,59,42,14,39,75,53,78,10.11,3.95,1.36,4.80,8.00,1.18,1.55,2.08,4.17,1.90,1.85,Stade de la Beaujoire - Louis Fonteneau (Nantes)
1685818800,Jun 03 2023 - 7:00pm,complete,N/A,Nice,Olympique Lyonnais,Eric Wattellier,38,1.39,1.50,1.47,1.42,3,1,4,4,3,1,"5,28,33","41",3,2,0,0,1,0,0,0,0,1,18,18,7,8,4,9,8,12,43,57,1.70,1.55,1.48,2.00,2.56,58,70,50,22,14,31,67,36,72,9.56,3.72,2.40,3.90,2.60,1.14,1.58,2.00,4.00,1.45,2.70,Allianz Riviera (Nice)
1685818800,Jun 03 2023 - 7:00pm,complete,N/A,PSG,Clermont,Thomas Léonard,38,2.28,1.44,2.16,1.53,2,3,5,4,2,2,"16,21","24,45'1,63",6,2,2,0,1,0,1,1,0,1,17,13,7,6,7,5,17,11,54,46,2.03,1.24,1.57,1.41,2.95,61,78,53,28,20,36,78,42,86,8.61,4.22,1.20,7.00,12.00,1.07,1.30,1.78,2.29,1.81,2.01,Parc des Princes (Paris)
1685818800,Jun 03 2023 - 7:00pm,complete,N/A,Brest,Rennes,Jérôme Brisard,38,1.44,1.11,1.37,1.21,1,2,3,3,1,2,"36","13,45'4",3,3,2,0,4,0,2,0,1,3,15,13,6,4,4,6,10,14,53,47,1.49,1.69,1.47,1.14,2.64,64,78,53,25,9,36,70,39,81,9.89,3.67,5.50,4.20,1.57,1.20,1.57,2.50,4.50,1.71,2.09,Stade Francis-Le Blé (Brest)
1685818800,Jun 03 2023 - 7:00pm,complete,N/A,Reims,Montpellier,Pierre Gaillouste,38,1.67,1.28,1.58,1.37,1,3,4,1,1,0,"28","54,59,76",4,7,1,0,2,0,1,0,1,1,12,17,6,9,5,2,16,9,48,52,1.95,1.35,1.44,1.71,3.11,47,78,53,31,20,50,73,42,78,9.94,4.33,1.83,4.00,3.80,1.14,1.58,2.10,3.75,1.45,2.70,Stade Auguste-Delaune II (Reims)
1685818800,Jun 03 2023 - 7:00pm,complete,N/A,Troyes,Lille,Jeremy Stinat,38,0.72,1.28,0.74,1.26,1,1,2,0,0,0,"72","52",2,8,0,0,4,0,0,0,3,1,9,19,4,8,3,9,9,15,34,66,1.39,1.75,0.92,2.31,2.47,59,75,42,31,3,17,73,47,81,10.39,4.06,17.00,8.00,1.14,1.11,1.40,1.80,3.00,1.83,1.95,Stade de l'Aube (Troyes)
1628276400,Aug 06 2021 - 7:00pm,complete,7500,Monaco,Nantes,Antony Gautier,1,0.00,0.00,2.11,0.95,1,1,2,2,1,1,"14","42",5,2,0,0,0,0,0,0,0,0,14,6,4,2,10,4,7,13,75,25,0.00,0.00,1.75,0.67,0.00,0,0,0,0,0,0,0,0,0,0.00,0.00,1.44,4.60,7.50,1.30,1.77,2.90,5.50,2.05,1.80,Stade Louis II (Monaco)
1628348400,Aug 07 2021 - 3:00pm,complete,29018,Olympique Lyonnais,Brest,Mikael Lesage,1,0.00,0.00,2.00,1.21,1,1,2,1,0,1,"62","43",9,4,1,0,1,0,0,1,0,1,19,14,5,8,14,6,10,12,69,31,0.00,0.00,1.94,1.70,0.00,0,0,0,0,0,0,0,0,0,0.00,0.00,1.33,5.00,8.50,1.15,1.35,1.98,3.35,1.69,2.20,Groupama Stadium (Décines-Charpieu)
1628362800,Aug 07 2021 - 7:00pm,complete,15248,Troyes,PSG,Amaury Delerue,1,0.00,0.00,1.16,1.84,1,2,3,3,1,2,"9","19,21",9,1,1,0,4,0,0,1,2,2,16,13,8,3,8,10,3,14,43,57,0.00,0.00,1.81,1.58,0.00,0,0,0,0,0,0,0,0,0,0.00,0.00,8.50,5.50,1.35,1.24,1.61,2.45,4.35,2.00,1.83,Stade de l'Aube (Troyes)
1628420400,Aug 08 2021 - 11:00am,complete,22567,Rennes,Lens,Bastien Dechepy,1,0.00,0.00,2.26,1.47,1,1,2,2,1,1,"14","19",3,9,0,0,2,0,0,0,1,1,12,13,3,8,9,5,8,10,60,40,0.00,0.00,1.32,1.61,0.00,0,0,0,0,0,0,0,0,0,0.00,0.00,1.75,3.70,4.25,1.32,1.87,3.35,6.50,1.91,1.91,Roazhon Park (Rennes)
1628427600,Aug 08 2021 - 1:00pm,complete,0,Bordeaux,Clermont,Florent Batta,1,0.00,0.00,0.84,0.95,0,2,2,0,0,0,"","82,90'3",5,10,1,0,0,0,1,0,0,0,11,23,7,13,4,10,12,9,44,56,0.00,0.00,1.47,2.63,0.00,0,0,0,0,0,0,0,0,0,0.00,0.00,2.60,3.20,2.90,1.43,2.20,3.75,7.25,1.95,1.87,Stade Matmut-Atlantique (Bordeaux)
1628427600,Aug 08 2021 - 1:00pm,complete,18030,Nice,Reims,Johan Hamel,1,0.00,0.00,1.79,1.32,0,0,0,0,0,0,"","",4,2,1,0,1,0,1,0,0,1,13,6,3,0,10,6,11,7,61,39,0.00,0.00,1.47,0.59,0.00,0,0,0,0,0,0,0,0,0,0.00,0.00,1.83,3.45,4.80,1.49,2.35,4.25,8.50,2.20,1.67,Allianz Riviera (Nice)
1628427600,Aug 08 2021 - 1:00pm,complete,20641,Saint-Étienne,Lorient,Thomas Léonard,1,0.00,0.00,0.95,0.63,1,1,2,0,0,0,"70","52",8,4,2,0,3,0,1,1,1,2,21,13,4,4,17,9,10,12,61,39,0.00,0.00,2.02,1.42,0.00,0,0,0,0,0,0,0,0,0,0.00,0.00,2.30,3.40,3.20,1.38,2.05,3.40,6.25,1.87,1.95,Stade Geoffroy-Guichard (Saint-Ètienne)
1628427600,Aug 08 2021 - 1:00pm,complete,23250,Strasbourg,Angers SCO,Jeremy Stinat,1,0.00,0.00,2.00,0.79,0,2,2,0,0,0,"","57,81",5,4,2,0,3,0,2,0,2,1,10,11,4,4,6,7,18,17,57,43,0.00,0.00,1.34,1.19,0.00,0,0,0,0,0,0,0,0,0,0.00,0.00,2.15,3.30,3.60,1.42,2.15,3.60,7.00,1.95,1.87,Stade de la Meinau (Strasbourg)
1628434800,Aug 08 2021 - 3:00pm,complete,15551,Metz,Lille,Eric Wattellier,1,0.00,0.00,0.84,1.37,3,3,6,3,2,1,"31,41,52","23,81,90'7",4,5,1,1,2,0,0,2,0,2,12,19,6,9,6,10,10,10,38,62,0.00,0.00,1.43,2.15,0.00,0,0,0,0,0,0,0,0,0,0.00,0.00,5.00,3.50,1.68,1.40,2.25,4.25,8.50,2.20,1.69,Stade Saint-Symphorien (Longeville-lès-Metz)
1628448300,Aug 08 2021 - 6:45pm,complete,13459,Montpellier,Olympique Marseille,Jérémie Pignard,1,0.00,0.00,1.37,2.05,2,3,5,2,2,0,"30,34","68,75,80",6,11,0,0,1,0,0,0,1,0,10,23,3,9,7,14,10,6,41,59,0.00,0.00,1.10,2.58,0.00,0,0,0,0,0,0,0,0,0,0.00,0.00,3.35,3.40,2.20,1.32,1.91,3.05,5.75,1.74,2.10,Stade de la Mosson (Montpellier)
1628881200,Aug 13 2021 - 7:00pm,complete,12149,Lorient,Monaco,Hakim Ben El Hadj,2,0.00,0.00,1.26,1.53,1,0,1,1,1,0,"31","",0,6,3,0,2,0,0,3,1,1,3,15,3,4,0,11,16,10,28,72,0.00,0.00,0.53,1.88,0.00,0,0,0,0,0,0,0,0,0,0.00,0.00,4.25,3.50,1.91,1.36,2.00,3.25,6.00,1.91,1.95,Stade Yves Allainmat - Le Moustoir (Lorient)
1628953200,Aug 14 2021 - 3:00pm,complete,30144,Lille,Nice,Jérôme Brisard,2,0.00,0.00,1.53,1.74,0,4,4,3,0,3,"","1,5,45'4,64",8,7,3,0,1,0,2,1,1,0,11,10,2,7,9,3,8,8,62,38,0.00,0.00,1.25,1.30,0.00,0,0,0,0,0,0,0,0,0,0.00,0.00,1.83,3.40,4.30,1.36,2.10,3.55,7.00,2.00,1.83,Stade Pierre-Mauroy (Villeneuve d'Ascq)
1628967600,Aug 14 2021 - 7:00pm,complete,46962,PSG,Strasbourg,Willy Delajod,2,0.00,0.00,2.68,1.32,4,2,6,3,3,0,"3,25,27,86","53,64",4,4,1,0,3,1,0,1,0,4,12,9,7,3,5,6,7,19,65,35,0.00,0.00,1.69,0.98,0.00,0,0,0,0,0,0,0,0,0,0.00,0.00,1.25,7.00,11.00,1.17,1.48,2.15,3.60,1.95,1.87,Parc des Princes (Paris)
1629025200,Aug 15 2021 - 11:00am,complete,6154,Angers SCO,Olympique Lyonnais,Clément Turpin,2,0.00,0.00,1.37,1.26,3,0,3,1,1,0,"20,53,77","",6,4,1,0,4,1,0,1,2,3,15,9,8,4,7,5,12,16,42,58,0.00,0.00,1.89,1.09,0.00,0,0,0,0,0,0,0,0,0,0.00,0.00,4.50,3.72,1.83,1.29,1.80,2.80,5.25,1.77,2.10,Stade Raymond-Kopa (Angers)
1629032400,Aug 15 2021 - 1:00pm,complete,14271,Brest,Rennes,Benoît Bastien,2,0.00,0.00,1.32,1.21,1,1,2,0,0,0,"90'1","84",6,11,2,0,3,0,2,0,1,2,11,8,5,4,6,4,8,16,41,59,0.00,0.00,1.33,1.22,0.00,0,0,0,0,0,0,0,0,0,0.00,0.00,3.45,3.40,2.20,1.30,1.83,2.90,5.25,1.71,2.15,Stade Francis-Le Blé (Brest)
1629032400,Aug 15 2021 - 1:00pm,complete,11005,Clermont,Troyes,Romain Lissorgue,2,0.00,0.00,0.95,0.84,2,0,2,0,0,0,"53,65","",9,2,1,0,2,1,1,0,3,0,20,7,9,2,11,5,6,11,64,36,0.00,0.00,2.34,0.73,0.00,0,0,0,0,0,0,0,0,0,0.00,0.00,1.95,3.65,3.80,1.35,1.95,3.25,6.25,1.83,2.00,Stade Gabriel Montpied (Clermont-Ferrand)
1629032400,Aug 15 2021 - 1:00pm,complete,12054,Nantes,Metz,Johan Hamel,2,0.00,0.00,1.95,0.79,2,0,2,1,1,0,"12,49","",6,6,2,0,0,0,0,2,0,0,13,11,8,6,5,5,17,10,36,64,0.00,0.00,1.72,1.40,0.00,0,0,0,0,0,0,0,0,0,0.00,0.00,2.15,3.25,3.75,1.48,2.30,4.05,8.25,2.10,1.77,Stade de la Beaujoire - Louis Fonteneau (Nantes)
1629032400,Aug 15 2021 - 1:00pm,complete,8887,Reims,Montpellier,Jeremy Stinat,2,0.00,0.00,1.11,0.89,3,3,6,5,2,3,"7,26,82","5,38,43",8,7,2,0,1,0,1,1,1,0,21,15,10,6,11,9,12,11,57,43,0.00,0.00,2.52,1.65,0.00,0,0,0,0,0,0,0,0,0,0.00,0.00,2.55,3.30,2.90,1.37,2.00,3.30,6.25,1.83,2.00,Stade Auguste-Delaune II (Reims)
1629039600,Aug 15 2021 - 3:00pm,complete,35541,Lens,Saint-Étienne,Amaury Delerue,2,0.00,0.00,1.79,0.74,2,2,4,2,1,1,"36,77","1,52",7,2,1,0,6,0,1,0,2,4,23,12,10,6,13,6,9,17,58,42,0.00,0.00,2.54,1.34,0.00,0,0,0,0,0,0,0,0,0,0.00,0.00,1.77,3.50,4.00,1.33,1.86,3.40,6.00,1.80,2.05,Stade Bollaert-Delelis (Lens)
1629053100,Aug 15 2021 - 6:45pm,complete,50000,Olympique Marseille,Bordeaux,Ruddy Buquet,2,0.00,0.00,1.68,0.79,2,2,4,2,2,0,"34,41","51,57",3,4,2,1,2,0,0,3,1,1,11,9,4,3,7,6,6,11,68,32,0.00,0.00,1.32,0.99,0.00,0,0,0,0,0,0,0,0,0,0.00,0.00,1.54,4.30,6.50,1.29,1.80,3.00,5.75,1.95,1.87,Orange Vélodrome (Marseille)
1629486000,Aug 20 2021 - 7:00pm,complete,N/A,Brest,PSG,Eric Wattellier,3,1.00,3.00,1.32,1.84,2,4,6,3,1,2,"42,85","23,36,73,90",3,9,1,0,2,0,0,1,0,2,9,13,4,9,5,4,9,7,26,74,1.33,1.58,1.08,1.89,2.50,100,100,50,0,0,50,50,50,50,7.00,6.00,11.00,6.50,1.27,1.16,1.45,2.10,3.50,1.95,1.91,Stade Francis-Le Blé (Brest)
1629558000,Aug 21 2021 - 3:00pm,complete,N/A,Monaco,Lens,Jérémie Pignard,3,1.00,1.00,2.11,1.47,0,2,2,0,0,0,"","51,90'4",13,3,1,1,1,1,0,2,0,2,10,6,3,3,7,3,12,13,71,29,1.75,1.61,1.27,0.76,2.00,100,100,0,0,0,100,100,0,0,14.00,2.00,1.44,3.98,5.61,1.32,1.96,2.80,5.75,1.83,2.00,Stade Louis II (Monaco)
1629572400,Aug 21 2021 - 7:00pm,complete,N/A,Saint-Étienne,Lille,Mikael Lesage,3,1.00,1.00,0.95,1.37,1,1,2,1,0,1,"85","38",5,3,1,0,3,0,0,1,2,1,10,9,3,7,7,2,9,8,48,52,2.02,2.15,1.17,1.48,4.00,100,100,50,50,50,50,50,100,100,13.00,4.00,3.00,3.20,2.55,1.43,2.15,3.70,7.00,1.95,1.87,Stade Geoffroy-Guichard (Saint-Ètienne)
1629630000,Aug 22 2021 - 11:00am,complete,34713,Olympique Lyonnais,Clermont,Thomas Léonard,3,1.00,3.00,2.00,0.95,3,3,6,4,3,1,"5,21,45'1","12,80,90'1",5,8,2,0,2,0,2,0,0,2,24,19,11,7,13,12,8,5,55,45,1.94,2.63,2.70,2.01,2.00,50,100,0,0,0,0,50,50,100,19.00,1.00,1.36,4.26,6.57,1.25,1.62,2.55,4.40,1.71,2.15,Groupama Stadium (Décines-Charpieu)
1629637200,Aug 22 2021 - 1:00pm,complete,18281,Bordeaux,Angers SCO,Pierre Gaillouste,3,0.00,3.00,0.84,0.79,1,1,2,2,1,1,"10","38",3,3,2,0,0,0,0,2,0,0,15,6,6,5,9,1,21,6,53,47,1.47,1.19,1.80,0.94,2.00,0,100,0,0,0,0,0,100,100,9.00,4.00,3.00,3.15,2.55,1.44,2.20,3.75,7.25,1.95,1.87,Stade Matmut-Atlantique (Bordeaux)
1629637200,Aug 22 2021 - 1:00pm,complete,14799,Metz,Reims,Florent Batta,3,1.00,1.00,0.84,1.32,1,1,2,2,1,1,"14","7",5,8,4,0,2,0,3,1,1,1,10,14,4,6,6,8,21,13,58,42,1.43,0.59,1.08,1.70,3.00,50,50,50,50,50,50,50,50,50,6.00,4.00,2.35,3.05,3.45,1.49,2.35,4.20,8.50,2.10,1.77,Stade Saint-Symphorien (Longeville-lès-Metz)
1629637200,Aug 22 2021 - 1:00pm,complete,6527,Montpellier,Lorient,Bastien Dechepy,3,0.00,1.00,1.37,0.63,3,1,4,1,0,1,"50,58,83","21",5,1,0,0,4,2,0,0,0,6,32,6,13,5,19,1,9,12,57,43,1.10,1.42,3.35,0.92,3.50,100,100,50,50,50,50,50,100,100,10.00,3.00,2.25,3.40,3.30,1.28,1.77,2.75,4.85,1.65,2.25,Stade de la Mosson (Montpellier)
1629637200,Aug 22 2021 - 1:00pm,complete,22185,Strasbourg,Troyes,Jérôme Brisard,3,0.00,0.00,2.00,0.84,1,1,2,1,0,1,"77","19",6,3,3,0,1,0,2,1,1,0,17,12,6,7,11,5,14,13,60,40,1.34,0.73,2.11,1.41,2.00,0,100,0,0,0,0,0,100,100,7.00,5.00,2.10,3.45,3.70,1.38,2.05,3.40,6.50,1.95,1.91,Stade de la Meinau (Strasbourg)
1629644400,Aug 22 2021 - 3:00pm,complete,27569,Rennes,Nantes,Stéphanie Frappart,3,1.00,1.00,2.26,0.95,1,0,1,0,0,0,"58","",6,2,2,0,2,0,1,1,1,1,15,5,6,2,9,3,14,12,62,38,1.32,0.67,1.78,0.71,2.00,100,100,0,0,0,100,100,0,0,5.00,0.00,1.86,3.68,4.15,1.32,1.90,3.65,7.00,2.00,1.80,Roazhon Park (Rennes)
1630090800,Aug 27 2021 - 7:00pm,complete,23177,Nantes,Olympique Lyonnais,Jérôme Brisard,4,3.00,0.00,1.95,1.26,0,1,1,1,0,1,"","35",6,6,2,0,1,1,1,1,1,1,19,12,6,5,13,7,8,12,36,64,1.72,1.09,2.08,1.42,2.50,0,100,50,0,0,0,100,50,100,10.00,7.00,4.75,3.95,1.74,1.27,1.74,2.75,4.85,1.77,2.10,Stade de la Beaujoire - Louis Fonteneau (Nantes)
1630162800,Aug 28 2021 - 3:00pm,complete,1,Nice,Bordeaux,Jérémie Pignard,4,1.00,1.00,1.79,0.79,4,0,4,3,3,0,"7,33,42,85","",3,0,3,0,2,0,1,2,1,1,12,12,7,5,5,7,20,10,43,57,1.47,0.99,1.43,1.37,2.00,50,50,50,50,0,50,50,50,50,8.00,3.00,1.65,3.90,5.75,1.31,1.87,3.05,5.75,1.91,1.91,Allianz Riviera (Nice)
1630177200,Aug 28 2021 - 7:00pm,complete,55039,Olympique Marseille,Saint-Étienne,Benoît Millot,4,1.00,1.00,1.68,0.74,3,1,4,2,1,1,"23,51,68","32",5,4,1,0,3,0,0,1,1,2,15,10,6,6,9,4,11,18,64,36,1.32,1.34,1.52,1.26,4.00,100,100,100,100,0,100,100,100,100,5.00,10.00,1.71,3.85,5.00,1.30,1.83,3.00,5.50,1.83,2.00,Orange Vélodrome (Marseille)
1630234800,Aug 29 2021 - 11:00am,complete,9866,Troyes,Monaco,Johan Hamel,4,0.00,0.00,1.16,1.53,1,2,3,1,0,1,"51","40,58",5,3,1,0,2,0,0,1,1,1,15,9,5,6,10,3,11,13,49,51,1.81,1.88,1.68,1.28,2.00,50,50,50,0,0,50,100,0,0,15.00,3.00,4.40,3.75,1.83,1.32,1.91,3.10,5.75,1.87,1.95,Stade de l'Aube (Troyes)
1630242000,Aug 29 2021 - 1:00pm,complete,6473,Angers SCO,Rennes,Antony Gautier,4,3.00,1.00,1.37,1.21,2,0,2,0,0,0,"57,88","",3,1,1,0,1,1,0,1,2,0,14,8,5,3,9,5,14,11,53,47,1.89,1.22,1.72,1.06,2.50,50,100,50,0,0,0,50,100,100,17.00,4.00,2.90,3.20,2.60,1.41,2.10,3.50,6.75,1.87,1.95,Stade Raymond-Kopa (Angers)
1630242000,Aug 29 2021 - 1:00pm,complete,N/A,Clermont,Metz,Hakim Ben El Hadj,4,3.00,0.00,0.95,0.79,2,2,4,3,1,2,"35,58","10,29",6,3,1,0,2,0,1,0,1,1,16,15,6,6,10,9,9,16,60,40,2.34,1.40,1.87,1.60,2.00,0,100,0,0,0,0,50,50,100,15.00,1.00,1.62,3.75,6.00,1.38,2.10,3.55,7.00,2.10,1.77,Stade Gabriel Montpied (Clermont-Ferrand)
1630242000,Aug 29 2021 - 1:00pm,complete,35029,Lens,Lorient,Willy Delajod,4,1.00,0.50,1.79,0.63,2,2,4,3,1,2,"24,70","27,35",8,4,2,0,4,0,1,1,3,1,20,15,10,3,10,12,10,10,54,46,2.54,1.17,2.31,1.36,3.50,100,100,75,75,0,50,75,100,100,9.50,5.50,1.62,3.95,5.50,1.29,1.80,2.90,5.25,1.83,2.00,Stade Bollaert-Delelis (Lens)
1630242000,Aug 29 2021 - 1:00pm,complete,22341,Strasbourg,Brest,Romain Lissorgue,4,0.50,1.00,2.00,1.21,3,1,4,3,2,1,"24,42,84","26",1,9,1,0,1,0,0,1,0,1,12,13,7,8,5,5,12,11,49,51,1.73,1.70,1.55,1.76,2.00,75,100,0,0,0,0,75,25,100,9.50,3.50,1.95,3.60,3.90,1.27,1.77,2.80,4.90,1.69,2.20,Stade de la Meinau (Strasbourg)
1630249200,Aug 29 2021 - 3:00pm,complete,28859,Lille,Montpellier,Amaury Delerue,4,0.00,1.00,1.53,0.89,2,1,3,2,1,1,"45'1,56","45'4",3,4,3,0,6,1,3,0,3,4,18,7,7,3,11,4,15,19,45,55,1.25,1.65,1.94,0.96,5.00,50,100,100,100,50,100,100,0,100,15.00,4.00,1.44,3.98,6.58,1.29,1.89,3.20,5.25,1.87,1.95,Stade Pierre-Mauroy (Villeneuve d'Ascq)
1630262700,Aug 29 2021 - 6:45pm,complete,20525,Reims,PSG,François Letexier,4,1.00,3.00,1.11,1.84,0,2,2,1,0,1,"","16,63",3,3,1,0,3,0,0,1,1,2,13,13,5,4,8,9,15,11,33,67,2.52,1.73,1.45,1.51,5.25,100,100,100,75,75,100,100,25,75,13.00,5.00,17.00,8.25,1.17,1.14,1.41,1.95,3.20,2.05,1.80,Stade Auguste-Delaune II (Reims)
1631300400,Sep 10 2021 - 7:00pm,complete,N/A,Lorient,Lille,Clément Turpin,5,3.00,1.00,1.26,1.37,2,1,3,2,1,1,"7,87","25",2,5,2,0,2,0,1,1,1,1,15,10,8,4,7,6,12,11,44,56,0.53,1.81,1.75,1.21,2.50,50,50,25,25,25,25,100,25,50,4.00,5.50,3.60,3.35,2.15,1.40,2.10,3.60,6.75,1.91,1.91,Stade Yves Allainmat - Le Moustoir (Lorient)
1631372400,Sep 11 2021 - 3:00pm,complete,N/A,PSG,Clermont,Mikael Lesage,5,3.00,2.00,2.68,0.95,4,0,4,2,2,0,"20,31,55,65","",4,4,0,0,1,0,0,0,1,0,14,15,7,4,7,11,14,9,52,48,1.69,2.32,1.58,1.54,5.00,75,100,75,75,75,75,75,100,100,13.00,2.00,1.35,5.75,8.25,1.20,1.54,2.30,3.90,1.87,1.95,Parc des Princes (Paris)
1631386800,Sep 11 2021 - 7:00pm,complete,N/A,Monaco,Olympique Marseille,Stéphanie Frappart,5,0.50,3.00,2.11,2.05,0,2,2,1,0,1,"","37,60",3,2,4,0,1,0,1,3,1,0,8,15,0,6,8,9,18,7,51,49,1.51,2.58,0.99,1.65,3.50,75,100,50,50,50,75,75,75,75,20.00,2.50,2.05,3.60,3.50,1.36,1.91,3.40,6.00,1.87,1.95,Stade Louis II (Monaco)
1631444400,Sep 12 2021 - 11:00am,complete,N/A,Montpellier,Saint-Étienne,Benoît Bastien,5,1.50,0.50,1.37,0.74,2,0,2,1,1,0,"32,62","",7,6,1,0,4,0,1,0,0,4,16,15,8,3,8,12,15,18,42,58,2.23,1.30,1.88,1.47,4.25,100,100,100,100,25,75,100,100,100,8.50,4.50,2.30,3.66,3.05,1.28,1.74,2.90,4.85,1.65,2.25,Stade de la Mosson (Montpellier)
1631451600,Sep 12 2021 - 1:00pm,complete,N/A,Bordeaux,Lens,Luis Miguel Branco Godinho,5,0.50,2.00,0.84,1.47,2,3,5,2,0,2,"60,88","39,43,90'6",2,7,3,0,2,0,0,3,0,2,10,14,4,5,6,9,5,12,55,45,1.63,1.19,1.18,1.47,2.00,50,100,0,0,0,50,50,50,50,10.00,4.00,3.20,3.50,2.25,1.35,1.95,3.25,6.00,1.83,2.00,Stade Matmut-Atlantique (Bordeaux)
1631451600,Sep 12 2021 - 1:00pm,complete,N/A,Brest,Angers SCO,Jeremy Stinat,5,0.50,2.00,1.32,0.79,1,1,2,0,0,0,"62","78",5,3,2,0,2,0,2,0,1,1,14,9,8,3,6,6,15,8,49,51,1.21,1.06,1.75,1.04,3.00,75,100,25,25,25,50,50,75,75,8.00,3.00,2.75,3.20,2.70,1.35,1.95,3.15,6.00,1.77,2.10,Stade Francis-Le Blé (Brest)
1631451600,Sep 12 2021 - 1:00pm,complete,15269,Metz,Troyes,Pierre Gaillouste,5,1.00,0.50,0.84,0.84,0,2,2,0,0,0,"","50,84",2,1,2,0,1,0,1,1,0,1,16,11,3,6,13,5,13,12,63,37,1.25,1.07,1.53,1.26,3.00,75,100,25,25,25,50,75,50,75,7.00,5.50,2.65,3.15,2.90,1.43,2.20,3.75,7.25,1.95,1.87,Stade Saint-Symphorien (Longeville-lès-Metz)
1631451600,Sep 12 2021 - 1:00pm,complete,24486,Rennes,Reims,Thomas Léonard,5,2.00,1.00,2.26,1.32,0,2,2,1,0,1,"","26,67",4,6,1,0,2,0,0,1,0,2,11,7,2,4,9,3,14,11,64,36,1.55,1.14,1.24,1.03,1.25,50,50,0,0,0,50,50,0,25,9.50,2.50,1.77,3.50,5.25,1.43,2.20,3.85,7.50,2.10,1.74,Roazhon Park (Rennes)
1631458800,Sep 12 2021 - 3:00pm,complete,N/A,Nantes,Nice,Benoît Millot,5,1.50,3.00,1.95,1.74,0,2,2,0,0,0,"","75,80",8,3,2,0,3,0,1,1,1,2,18,11,7,4,11,7,6,14,50,50,1.90,1.30,2.13,1.16,2.75,0,75,50,50,0,50,100,0,75,13.00,3.00,3.25,3.25,2.23,1.36,2.08,3.95,7.75,2.05,1.80,Stade de la Beaujoire - Louis Fonteneau (Nantes)
1631472300,Sep 12 2021 - 6:45pm,complete,N/A,Olympique Lyonnais,Strasbourg,Ruddy Buquet,5,1.00,0.00,2.00,1.32,3,1,4,1,1,0,"8,64,87","90'7",4,6,2,0,1,0,1,1,0,1,15,14,8,6,7,8,8,11,59,41,2.32,0.98,1.88,1.68,5.00,100,100,75,75,75,75,100,75,100,11.00,5.50,1.53,4.45,6.50,1.21,1.61,2.45,4.15,1.74,2.10,Groupama Stadium (Décines-Charpieu)
1631905200,Sep 17 2021 - 7:00pm,complete,N/A,Strasbourg,Metz,Eric Wattellier,6,1.33,0.50,2.00,0.79,3,0,3,3,3,0,"6,26,40","",3,7,2,0,4,0,2,0,2,2,12,18,7,7,5,11,17,7,46,54,1.67,1.50,1.53,2.06,2.84,59,100,42,42,0,42,84,17,100,8.50,3.00,1.91,3.45,4.35,1.41,2.15,3.65,7.00,2.00,1.80,Stade de la Meinau (Strasbourg)
1631977200,Sep 18 2021 - 3:00pm,complete,N/A,Lens,Lille,Benoît Millot,6,1.00,0.67,1.79,1.37,1,0,1,0,0,0,"74","",4,3,2,0,2,0,0,2,1,1,13,10,6,3,7,7,11,9,47,53,2.42,1.61,1.56,1.10,3.84,100,100,84,67,17,84,100,42,100,11.83,3.83,2.55,3.20,2.95,1.38,2.05,3.40,6.50,1.83,2.00,Stade Bollaert-Delelis (Lens)
1631991600,Sep 18 2021 - 7:00pm,complete,N/A,Saint-Étienne,Bordeaux,Antony Gautier,6,1.00,0.50,0.95,0.79,1,2,3,1,0,1,"73","7,80",7,2,1,0,4,0,1,0,1,3,13,13,4,4,9,9,12,11,55,45,1.59,1.18,1.58,1.40,3.00,75,100,50,50,0,50,75,50,100,8.50,3.50,1.95,3.30,3.75,1.35,2.05,2.90,5.25,1.74,2.10,Stade Geoffroy-Guichard (Saint-Ètienne)
1632049200,Sep 19 2021 - 11:00am,complete,N/A,Nice,Monaco,François Letexier,6,2.00,1.50,1.79,1.53,2,2,4,1,0,1,"51,73","39,77",5,2,2,0,3,0,0,2,0,3,13,9,5,4,8,5,13,9,49,51,1.45,1.58,1.44,1.09,2.00,25,50,50,25,0,25,75,25,50,8.00,4.00,2.90,3.35,2.50,1.34,1.95,3.15,6.00,1.80,2.05,Allianz Riviera (Nice)
1632056400,Sep 19 2021 - 1:00pm,complete,9046,Angers SCO,Nantes,Amaury Delerue,6,3.00,0.50,1.37,0.95,1,4,5,4,1,3,"10","3,6,23,79",10,5,2,0,2,0,2,0,2,0,11,10,7,6,4,4,10,15,66,34,1.80,0.69,1.59,1.38,2.00,25,75,25,0,0,25,50,50,75,6.50,2.00,2.10,3.15,3.95,1.51,2.40,4.25,8.50,2.10,1.74,Stade Raymond-Kopa (Angers)
1632056400,Sep 19 2021 - 1:00pm,complete,11224,Clermont,Brest,Bastien Dechepy,6,2.00,0.50,0.95,1.21,1,1,2,0,0,0,"65","52",3,5,1,1,1,0,1,1,1,0,8,7,5,3,3,4,8,15,58,42,2.10,1.73,1.12,0.99,3.00,75,100,50,50,0,50,75,25,100,14.00,2.00,1.80,3.80,4.45,1.30,1.80,2.95,5.25,1.80,2.05,Stade Gabriel Montpied (Clermont-Ferrand)
1632056400,Sep 19 2021 - 1:00pm,complete,9443,Reims,Lorient,Hakim Ben El Hadj,6,0.50,0.67,1.11,0.63,0,0,0,0,0,0,"","",5,6,2,0,3,0,1,1,0,3,13,7,5,4,8,3,12,14,43,57,1.98,1.23,1.56,0.96,3.67,75,100,59,59,25,42,84,34,100,8.50,5.83,2.25,3.40,3.35,1.43,2.15,3.75,7.25,2.00,1.83,Stade Auguste-Delaune II (Reims)
1632056400,Sep 19 2021 - 1:00pm,complete,7405,Troyes,Montpellier,Florent Batta,6,0.00,0.50,1.16,0.89,1,1,2,1,1,0,"37","87",1,6,4,0,3,1,1,3,1,3,9,7,4,3,5,4,16,13,42,58,1.75,1.31,1.06,1.05,3.75,100,100,100,25,25,75,100,25,75,12.50,5.00,2.35,3.45,3.00,1.25,1.67,2.50,4.20,1.56,2.45,Stade de l'Aube (Troyes)
1632063600,Sep 19 2021 - 3:00pm,complete,54188,Olympique Marseille,Rennes,Willy Delajod,6,2.00,0.50,1.68,1.21,2,0,2,0,0,0,"48,71","",6,7,0,0,2,0,0,0,1,1,18,14,7,3,11,11,5,13,65,35,1.42,1.14,2.09,1.38,3.00,75,100,50,50,0,50,50,100,100,10.00,5.00,1.85,3.65,4.33,1.35,1.96,3.40,6.25,1.91,1.91,Orange Vélodrome (Marseille)
1632077100,Sep 19 2021 - 6:45pm,complete,47611,PSG,Olympique Lyonnais,Clément Turpin,6,3.00,1.50,2.68,1.26,2,1,3,0,0,0,"66,90'3","54",10,4,3,0,1,0,1,2,0,1,15,13,5,6,10,7,14,19,54,46,1.64,1.26,1.79,1.52,3.50,25,75,75,50,25,50,100,75,75,9.00,4.00,1.38,5.25,8.00,1.12,1.34,1.83,2.80,1.48,2.65,Parc des Princes (Paris)
1632330000,Sep 22 2021 - 5:00pm,complete,N/A,Lille,Reims,Johan Hamel,7,1.50,1.67,1.53,1.32,2,1,3,2,2,0,"31,43","74",4,4,2,0,1,0,0,2,0,1,7,13,4,5,3,8,16,14,53,47,1.59,1.11,1.04,1.41,2.42,42,84,50,25,0,67,84,0,67,10.83,4.67,1.80,3.35,5.50,1.48,2.35,4.20,8.50,2.20,1.69,Stade Pierre-Mauroy (Villeneuve d'Ascq)
1632330000,Sep 22 2021 - 5:00pm,complete,N/A,Monaco,Saint-Étienne,Jérôme Brisard,7,0.33,0.33,2.11,0.74,3,1,4,2,1,1,"27,62,86","41",6,3,1,0,1,1,1,0,1,1,15,9,7,3,8,6,17,13,66,34,1.33,1.36,1.94,1.00,2.67,50,100,34,34,0,50,84,50,84,11.00,6.66,1.51,4.40,6.75,1.29,1.77,2.90,5.25,1.95,1.91,Stade Louis II (Monaco)
1632330000,Sep 22 2021 - 5:00pm,complete,N/A,Montpellier,Bordeaux,Mikael Lesage,7,2.00,1.33,1.37,0.79,3,3,6,3,1,2,"11,50,71","18,29,85",6,6,0,0,2,0,0,0,0,2,16,17,7,8,9,9,11,6,55,45,2.11,1.25,1.94,2.00,3.67,67,100,84,67,17,50,100,67,100,8.00,3.00,2.15,3.45,3.45,1.28,1.77,2.80,4.85,1.67,2.25,Stade de la Mosson (Montpellier)
1632330000,Sep 22 2021 - 5:00pm,complete,N/A,Nantes,Brest,Thomas Léonard,7,1.00,0.67,1.95,1.21,3,1,4,1,1,0,"27,55,58","67",4,4,1,0,2,0,1,0,0,2,15,11,6,3,9,8,8,13,42,58,1.98,1.48,1.72,1.22,2.17,50,84,17,17,0,17,67,33,84,12.67,3.00,2.10,3.30,3.85,1.38,2.05,3.40,6.75,1.91,1.95,Stade de la Beaujoire - Louis Fonteneau (Nantes)
1632330000,Sep 22 2021 - 5:00pm,complete,N/A,Rennes,Clermont,Benoît Bastien,7,1.33,1.33,2.26,0.95,6,0,6,2,2,0,"32,36,55,57,64,77","",5,7,1,0,1,0,0,1,0,1,21,5,8,2,13,3,14,5,56,44,1.45,2.06,2.17,0.68,2.84,33,84,34,34,17,50,67,50,84,11.66,2.00,2.20,3.25,3.60,1.35,1.95,3.25,6.00,1.83,2.00,Roazhon Park (Rennes)
1632337200,Sep 22 2021 - 7:00pm,complete,N/A,Angers SCO,Olympique Marseille,Ruddy Buquet,7,2.00,3.00,1.37,2.05,0,0,0,0,0,0,"","",4,2,1,0,3,0,1,0,0,3,10,7,2,2,8,5,9,7,41,59,1.73,2.11,1.17,0.99,3.42,42,100,59,42,42,42,84,59,100,12.83,2.33,3.35,3.20,2.35,1.41,2.10,3.55,6.75,1.87,1.95,Stade Raymond-Kopa (Angers)
1632337200,Sep 22 2021 - 7:00pm,complete,N/A,Lens,Strasbourg,Jeremy Stinat,7,1.67,0.00,1.79,1.32,0,1,1,0,0,0,"","67",7,3,2,1,3,0,1,2,0,3,15,7,4,2,11,5,13,7,60,40,2.14,1.33,1.64,0.79,4.00,84,84,84,84,25,59,84,67,100,11.33,4.17,2.05,3.40,3.80,1.35,1.95,3.20,6.00,1.83,2.00,Stade Bollaert-Delelis (Lens)
1632337200,Sep 22 2021 - 7:00pm,complete,N/A,Lorient,Nice,Romain Lissorgue,7,3.00,3.00,1.26,1.74,1,0,1,1,1,0,"23","",6,5,1,1,4,0,0,2,1,3,10,12,2,2,8,10,12,16,36,64,1.14,1.23,1.05,1.22,2.50,25,75,50,25,0,50,75,25,75,6.00,4.50,3.25,3.25,2.35,1.38,2.05,3.35,6.50,1.83,2.00,Stade Yves Allainmat - Le Moustoir (Lorient)
1632337200,Sep 22 2021 - 7:00pm,complete,N/A,Olympique Lyonnais,Troyes,Stéphanie Frappart,7,1.67,1.33,2.00,0.84,3,1,4,1,0,1,"48,72,87","45",7,3,1,0,3,0,0,1,2,1,15,12,9,6,6,6,7,8,69,31,2.18,1.13,1.99,1.40,3.00,67,100,34,34,17,17,67,67,100,8.00,3.34,1.32,5.75,9.25,1.18,1.50,2.25,3.70,1.87,2.00,Groupama Stadium (Décines-Charpieu)
1632337200,Sep 22 2021 - 7:00pm,complete,N/A,Metz,PSG,Jérémie Pignard,7,0.67,3.00,0.84,1.84,1,2,3,2,1,1,"39","5,90'5",3,3,5,1,2,0,1,5,0,2,7,17,3,6,4,11,14,11,26,74,1.35,1.66,0.78,1.86,3.50,67,100,50,33,33,67,84,50,67,8.00,6.00,11.00,6.75,1.26,1.17,1.49,2.20,3.75,2.00,1.83,Stade Saint-Symphorien (Longeville-lès-Metz)
1632582000,Sep 25 2021 - 3:00pm,complete,N/A,Saint-Étienne,Nice,Amaury Delerue,8,0.67,2.00,0.95,1.74,0,3,3,1,0,1,"","15,54,83",2,9,0,0,2,0,0,0,1,1,13,14,5,9,8,5,10,12,60,40,1.59,1.23,1.64,1.76,2.33,50,84,33,17,0,17,67,50,84,11.67,4.00,3.20,3.35,2.30,1.33,1.91,3.05,5.50,1.74,2.10,Stade Geoffroy-Guichard (Saint-Ètienne)
1632589200,Sep 25 2021 - 5:00pm,complete,N/A,Strasbourg,Lille,François Letexier,8,1.75,0.50,2.00,1.37,1,2,3,1,0,1,"75","23,57",8,8,4,1,4,0,3,2,0,4,11,18,4,8,7,10,16,12,58,42,1.63,1.49,1.37,1.93,2.88,63,88,50,25,13,50,75,25,88,7.75,4.25,2.70,3.15,2.70,1.40,1.70,3.75,7.25,1.95,1.87,Stade de la Meinau (Strasbourg)
1632596400,Sep 25 2021 - 7:00pm,complete,N/A,Olympique Lyonnais,Lorient,Bastien Dechepy,8,2.00,0.75,2.00,0.63,1,1,2,1,0,1,"50","20",9,3,1,1,2,0,1,1,1,1,14,13,4,6,10,7,11,11,53,47,2.13,1.17,1.58,1.52,3.25,88,88,63,63,13,25,75,63,88,10.00,5.50,1.40,5.00,7.75,1.25,1.60,1.73,4.55,1.95,1.87,Groupama Stadium (Décines-Charpieu)
1632596400,Sep 25 2021 - 7:00pm,complete,N/A,PSG,Montpellier,Antony Gautier,8,3.00,0.67,2.68,0.89,2,0,2,1,1,0,"14,89","",8,7,0,0,1,0,0,0,0,1,17,11,6,5,11,6,11,9,54,46,1.69,1.22,1.98,1.29,4.00,84,100,84,50,33,67,84,50,100,11.67,5.33,1.20,7.75,13.00,1.12,1.31,2.20,3.00,1.87,1.95,Parc des Princes (Paris)
1632654000,Sep 26 2021 - 11:00am,complete,N/A,Bordeaux,Rennes,Hakim Ben El Hadj,8,0.33,0.33,0.84,1.21,1,1,2,0,0,0,"88","56",8,6,1,0,4,0,0,1,2,2,11,20,4,11,7,9,6,19,46,54,1.48,1.22,1.24,2.33,2.50,50,100,17,17,17,34,34,84,84,9.66,4.33,3.42,3.50,2.17,1.36,2.15,3.60,7.00,1.95,1.87,Stade Matmut-Atlantique (Bordeaux)
1632661200,Sep 26 2021 - 1:00pm,complete,N/A,Brest,Metz,Willy Delajod,8,0.67,0.33,1.32,0.79,1,2,3,1,0,1,"68","26,73",4,3,3,0,2,0,0,3,1,1,12,7,3,4,9,3,15,14,66,34,1.39,1.69,1.59,0.93,3.17,67,100,50,33,17,50,67,50,84,10.00,3.67,2.10,3.45,3.70,1.36,2.00,3.30,6.25,1.91,1.95,Stade Francis-Le Blé (Brest)
1632661200,Sep 26 2021 - 1:00pm,complete,N/A,Reims,Nantes,Eric Wattellier,8,0.67,1.33,1.11,0.95,3,1,4,0,0,0,"51,72,78","62",3,7,1,0,1,0,1,0,1,0,10,12,6,2,4,10,13,9,45,55,1.84,0.92,1.29,1.42,2.67,50,67,33,33,33,50,67,0,67,8.33,3.00,2.70,3.10,2.90,1.49,2.30,4.05,7.75,2.05,1.80,Stade Auguste-Delaune II (Reims)
1632661200,Sep 26 2021 - 1:00pm,complete,N/A,Troyes,Angers SCO,Thomas Léonard,8,0.33,1.67,1.16,0.79,1,1,2,1,1,0,"22","65",2,9,3,1,2,0,2,2,1,1,8,18,5,6,3,12,9,9,37,63,1.52,1.05,1.10,1.95,2.34,84,100,34,0,0,33,67,50,67,8.33,3.67,2.80,3.15,2.75,1.44,2.20,3.75,7.25,1.95,1.87,Stade de l'Aube (Troyes)
1632668400,Sep 26 2021 - 3:00pm,complete,N/A,Clermont,Monaco,Benoît Millot,8,1.67,1.33,0.95,1.53,1,3,4,2,1,1,"7","25,48,90'1",5,1,2,0,4,0,1,1,2,2,13,7,5,4,8,3,9,11,54,46,1.77,1.42,1.55,0.96,2.67,67,84,50,33,0,17,67,67,84,9.67,4.00,3.75,3.55,2.05,1.34,1.91,3.15,6.00,1.83,2.00,Stade Gabriel Montpied (Clermont-Ferrand)
1632681900,Sep 26 2021 - 6:45pm,complete,N/A,Olympique Marseille,Lens,Mikael Lesage,8,2.33,2.33,1.68,1.47,2,3,5,4,2,2,"33,45'3","9,27,71",5,7,2,0,1,0,2,0,0,1,16,14,5,7,11,7,1,14,60,40,1.64,1.28,1.59,1.64,3.17,67,100,50,50,17,67,67,84,84,11.00,4.00,1.83,3.80,4.40,1.35,1.95,3.25,6.25,1.95,1.91,Orange Vélodrome (Marseille)
1633114800,Oct 01 2021 - 7:00pm,complete,N/A,Lens,Reims,Benoît Bastien,9,1.25,1.25,1.79,1.32,2,0,2,1,1,0,"45'1,52","",5,3,3,0,1,1,2,1,1,1,13,4,6,0,7,4,14,10,61,39,2.01,1.18,1.63,0.45,2.13,50,63,38,25,0,50,63,13,75,11.50,3.75,1.95,3.35,4.45,1.40,2.10,3.60,7.00,2.00,1.83,Stade Bollaert-Delelis (Lens)
1633186800,Oct 02 2021 - 3:00pm,complete,N/A,Montpellier,Strasbourg,Hakim Ben El Hadj,9,1.75,1.00,1.37,1.32,1,1,2,2,1,1,"12","28",3,4,2,0,0,0,0,2,0,0,14,8,5,4,9,4,12,15,55,45,2.07,1.15,1.51,1.03,3.96,71,84,71,71,42,42,84,71,100,10.33,2.92,2.60,3.40,2.80,1.30,1.83,2.90,5.25,1.69,2.20,Stade de la Mosson (Montpellier)
1633201200,Oct 02 2021 - 7:00pm,complete,N/A,Nice,Brest,António Emanuel Carvalho Nobre,9,1.67,0.50,1.79,1.21,2,1,3,1,1,0,"45,61","90'2",6,2,1,0,1,0,0,1,0,1,21,5,11,2,10,3,10,10,70,30,1.45,1.42,2.56,0.64,2.84,67,84,59,59,0,29,71,42,84,9.50,3.25,1.83,3.70,4.45,1.32,1.87,3.10,5.75,1.83,2.00,Allianz Riviera (Nice)
1633258800,Oct 03 2021 - 11:00am,complete,28092,Rennes,PSG,Ruddy Buquet,9,1.75,3.00,2.26,1.84,2,0,2,1,1,0,"45,46","",4,4,2,0,3,0,1,1,0,3,13,15,5,2,8,13,9,4,33,67,1.63,1.71,1.58,1.59,3.13,50,88,50,25,25,63,88,25,75,8.50,3.75,4.60,4.15,1.55,1.19,1.57,2.28,3.95,1.77,2.10,Roazhon Park (Rennes)
1633266000,Oct 03 2021 - 1:00pm,complete,3989,Angers SCO,Metz,Stéphanie Frappart,9,1.75,1.00,1.37,0.79,3,2,5,1,0,1,"53,65,90'3","10,58",12,2,1,0,3,0,0,1,2,1,18,3,6,3,12,0,15,12,58,42,1.59,1.50,1.93,0.64,2.75,38,88,63,25,13,38,75,38,75,10.50,3.25,2.00,3.40,4.10,1.42,2.10,3.60,7.00,2.00,1.83,Stade Raymond-Kopa (Angers)
1633266000,Oct 03 2021 - 1:00pm,complete,12611,Lorient,Clermont,Pierre Gaillouste,9,3.00,1.00,1.26,0.95,1,1,2,1,0,1,"54","15",4,4,2,0,1,0,0,2,1,0,7,9,2,5,5,4,19,10,46,54,1.11,1.72,0.86,1.11,3.09,29,67,54,38,25,54,88,50,67,9.92,3.33,2.20,3.40,3.50,1.43,2.10,3.65,7.00,1.95,1.87,Stade Yves Allainmat - Le Moustoir (Lorient)
1633266000,Oct 03 2021 - 1:00pm,complete,3667,Monaco,Bordeaux,Clément Turpin,9,1.00,1.25,2.11,0.79,3,0,3,1,1,0,"35,48,64","",10,2,2,0,1,0,1,1,0,1,15,5,7,0,8,5,14,12,57,43,1.48,1.44,1.75,0.55,3.38,63,100,63,50,13,63,88,63,88,9.75,4.50,1.47,4.75,6.75,1.27,1.71,2.70,4.80,1.91,1.91,Stade Louis II (Monaco)
1633266000,Oct 03 2021 - 1:00pm,complete,15150,Nantes,Troyes,Jérôme Brisard,9,1.50,1.00,1.95,0.84,2,0,2,0,0,0,"58,69","",3,7,2,0,2,0,1,1,0,2,10,15,6,4,4,11,12,11,54,46,1.91,1.20,1.35,1.65,2.38,38,88,25,25,0,0,63,63,88,8.25,3.75,1.87,3.60,4.45,1.40,2.10,3.60,7.00,2.05,1.77,Stade de la Beaujoire - Louis Fonteneau (Nantes)
1633273200,Oct 03 2021 - 3:00pm,complete,44839,Lille,Olympique Marseille,Jérémie Pignard,9,2.00,2.33,1.53,2.05,2,0,2,1,1,0,"28,90'5","",3,5,2,0,2,1,1,1,2,1,16,12,9,4,7,8,10,12,36,64,1.41,1.74,1.98,1.37,2.83,50,84,67,33,17,67,84,17,84,10.00,4.34,2.47,3.40,2.90,1.35,1.98,3.45,6.75,1.91,1.91,Stade Pierre-Mauroy (Villeneuve d'Ascq)
1633286700,Oct 03 2021 - 6:45pm,complete,33643,Saint-Étienne,Olympique Lyonnais,François Letexier,9,0.50,1.00,0.95,1.26,1,1,2,1,0,1,"90'5","42",6,4,2,0,3,1,2,0,1,3,20,19,10,7,10,12,11,7,44,56,1.60,1.34,2.31,2.02,2.42,54,84,59,0,0,0,71,71,84,10.17,3.67,3.75,3.75,1.95,1.27,1.74,2.75,4.80,1.71,2.15,Stade Geoffroy-Guichard (Saint-Ètienne)
1634324400,Oct 15 2021 - 7:00pm,complete,N/A,PSG,Angers SCO,Bastien Dechepy,10,3.00,1.50,2.68,0.79,2,1,3,1,0,1,"69,87","36",6,5,1,0,2,0,0,1,0,2,14,10,5,4,9,6,10,9,73,27,1.76,1.28,1.82,1.09,2.88,63,100,38,25,13,38,63,63,88,11.25,2.75,1.25,6.60,12.67,1.15,1.50,2.08,4.00,1.91,1.91,Parc des Princes (Paris)
1634396400,Oct 16 2021 - 3:00pm,complete,N/A,Clermont,Lille,Eric Wattellier,10,1.25,1.00,0.95,1.37,1,0,1,1,1,0,"32","",6,10,1,0,3,0,0,1,1,2,10,11,5,3,5,8,9,9,43,57,1.72,1.57,1.44,1.31,3.00,78,90,55,35,10,45,65,58,100,10.55,4.35,3.17,3.40,2.27,1.32,1.91,3.50,7.00,1.75,2.00,Stade Gabriel Montpied (Clermont-Ferrand)
1634410800,Oct 16 2021 - 7:00pm,complete,N/A,Olympique Lyonnais,Monaco,Amaury Delerue,10,1.80,1.75,2.00,1.53,2,0,2,0,0,0,"75,90","",2,4,1,0,2,0,0,1,0,2,14,10,7,4,7,6,7,7,62,38,2.02,1.30,1.71,1.14,3.30,88,88,68,55,10,23,100,68,88,9.80,4.55,2.20,3.70,3.00,1.20,1.67,2.70,4.50,1.57,2.25,Groupama Stadium (Décines-Charpieu)
1634468400,Oct 17 2021 - 11:00am,complete,N/A,Troyes,Nice,Johan Hamel,10,0.50,2.25,1.16,1.74,1,0,1,1,1,0,"4","",3,3,2,0,1,0,1,1,0,1,10,12,6,4,4,8,12,18,38,62,1.41,1.36,1.34,1.39,2.50,50,88,50,13,0,25,88,38,75,10.25,5.00,3.68,3.70,2.05,1.28,1.83,3.00,6.00,1.70,2.05,Stade de l'Aube (Troyes)
1634475600,Oct 17 2021 - 1:00pm,complete,N/A,Bordeaux,Nantes,Willy Delajod,10,0.50,1.00,0.84,0.95,1,1,2,0,0,0,"62","75",2,5,2,0,3,0,0,2,2,1,9,14,2,9,7,5,11,15,60,40,1.42,1.04,1.01,1.88,2.88,75,88,38,38,25,50,50,50,75,8.50,3.00,2.85,3.39,2.60,1.36,2.08,3.75,7.50,1.80,1.95,Stade Matmut-Atlantique (Bordeaux)
1634475600,Oct 17 2021 - 1:00pm,complete,N/A,Brest,Reims,Jeremy Stinat,10,0.50,1.00,1.32,1.32,1,1,2,1,0,1,"74","12",7,7,3,0,4,0,2,1,1,3,10,14,6,3,4,11,16,14,55,45,1.44,1.04,1.57,1.39,2.53,70,90,35,13,13,33,65,50,80,9.10,3.80,2.32,3.30,3.36,1.36,2.04,4.00,8.00,1.91,1.91,Stade Francis-Le Blé (Brest)
1634475600,Oct 17 2021 - 1:00pm,complete,N/A,Metz,Rennes,Benoît Millot,10,0.50,0.50,0.84,1.21,0,3,3,3,0,3,"","24,37,45",4,10,3,0,1,0,1,2,1,0,10,22,3,8,7,14,14,10,35,65,1.20,1.50,1.06,2.35,2.63,63,100,25,13,13,38,38,75,88,9.75,6.50,4.22,3.49,1.97,1.38,2.14,4.00,8.00,2.00,1.75,Stade Saint-Symphorien (Longeville-lès-Metz)
1634475600,Oct 17 2021 - 1:00pm,complete,N/A,Strasbourg,Saint-Étienne,Mikael Lesage,10,1.40,0.25,2.00,0.74,5,1,6,3,2,1,"26,38,69,73,85","45'5",7,4,3,0,2,1,2,1,2,1,14,6,7,3,7,3,18,10,52,48,1.58,1.27,1.64,0.88,3.15,68,100,68,48,0,58,90,58,90,8.35,6.80,2.02,3.70,3.77,1.28,1.89,3.40,6.00,1.70,2.05,Stade de la Meinau (Strasbourg)
1634482800,Oct 17 2021 - 3:00pm,complete,N/A,Montpellier,Lens,Florent Batta,10,1.60,2.50,1.37,1.47,1,0,1,0,0,0,"48","",3,2,3,1,4,0,0,4,1,3,16,20,5,6,11,14,6,17,50,50,1.96,1.37,1.76,2.07,3.65,78,100,55,55,45,68,88,55,78,11.90,2.60,2.82,3.56,2.16,1.22,1.60,2.70,4.75,1.53,2.38,Stade de la Mosson (Montpellier)
1634496300,Oct 17 2021 - 6:45pm,complete,N/A,Olympique Marseille,Lorient,Antony Gautier,10,1.75,0.80,1.68,0.63,4,1,5,2,1,1,"27,56,85,90'2","13",6,4,0,0,1,0,0,0,0,1,16,16,6,7,10,9,6,10,66,34,1.63,1.24,1.75,1.64,3.08,78,90,58,58,13,48,68,58,90,8.35,5.35,1.50,4.06,5.34,1.22,1.61,2.90,5.00,1.80,1.95,Orange Vélodrome (Marseille)
1634932500,Oct 22 2021 - 7:55pm,complete,N/A,Saint-Étienne,Angers SCO,Antony Gautier,11,0.60,1.20,0.95,0.79,2,2,4,1,0,1,"61,90'4","28,56",6,1,0,0,3,0,0,0,1,2,19,5,7,3,12,2,12,22,64,36,1.74,1.24,2.24,0.75,2.30,80,100,30,0,0,10,70,60,90,10.40,3.00,2.50,3.45,2.77,1.36,2.08,3.40,7.50,1.80,1.95,Stade Geoffroy-Guichard (Saint-Ètienne)
1635001200,Oct 23 2021 - 3:00pm,complete,N/A,Nantes,Clermont,Romain Lissorgue,11,1.80,1.00,1.95,0.95,2,1,3,1,1,0,"38,61","49",1,3,1,1,0,1,2,0,1,0,9,6,4,2,5,4,15,10,46,54,1.80,1.60,1.21,0.72,3.10,30,90,40,40,20,30,70,70,90,12.00,2.80,2.00,3.50,3.40,1.32,1.94,3.25,6.50,1.75,2.00,Stade de la Beaujoire - Louis Fonteneau (Nantes)
1635015600,Oct 23 2021 - 7:00pm,complete,N/A,Lille,Brest,Clément Turpin,11,2.25,0.40,1.53,1.21,1,1,2,2,1,1,"19","32",5,4,1,0,2,0,1,0,0,2,14,14,4,7,10,7,11,16,63,37,1.55,1.26,1.65,1.63,3.00,75,100,68,33,0,48,90,30,100,9.30,3.70,1.63,4.34,5.85,1.30,1.91,3.00,6.50,1.95,1.80,Stade Pierre-Mauroy (Villeneuve d'Ascq)
1635073200,Oct 24 2021 - 11:00am,complete,N/A,Nice,Olympique Lyonnais,Jérôme Brisard,11,2.00,1.00,1.79,1.26,3,2,5,1,0,1,"80,89,90'2","35,68",3,2,1,0,0,1,0,1,0,1,17,12,9,7,8,5,10,7,42,58,1.73,1.51,1.96,1.55,2.50,50,75,63,25,0,13,75,50,75,9.00,5.00,2.69,3.70,2.36,1.19,1.54,2.50,4.50,1.50,2.50,Allianz Riviera (Nice)
1635080400,Oct 24 2021 - 1:00pm,complete,N/A,Lens,Metz,Jérémie Pignard,11,1.60,0.80,1.79,0.79,4,1,5,3,2,1,"14,37,83,90","33",5,6,2,0,3,0,0,2,2,1,9,8,6,5,3,3,12,14,56,44,1.94,1.33,1.28,1.11,2.90,50,80,60,40,10,40,80,30,90,10.40,4.60,1.63,4.17,5.54,1.28,1.84,3.30,6.28,1.91,1.91,Stade Bollaert-Delelis (Lens)
1635080400,Oct 24 2021 - 1:00pm,complete,N/A,Lorient,Bordeaux,Thomas Léonard,11,2.50,1.00,1.26,0.79,1,1,2,0,0,0,"76","46",9,4,4,0,2,1,1,3,1,2,16,11,5,5,11,6,10,11,54,46,1.04,1.26,1.75,1.29,2.88,55,75,63,30,10,43,100,40,75,5.80,4.45,2.09,3.65,3.57,1.32,1.93,3.40,6.52,1.80,1.95,Stade Yves Allainmat - Le Moustoir (Lorient)
1635080400,Oct 24 2021 - 1:00pm,complete,N/A,Reims,Troyes,Pierre Gaillouste,11,1.25,0.80,1.11,0.84,1,2,3,2,1,1,"6","41,66",7,1,3,1,2,0,2,2,1,1,19,7,6,4,13,3,15,14,55,45,1.71,1.29,2.01,0.87,2.70,45,88,35,35,13,13,45,53,88,7.95,3.50,2.09,3.36,3.45,1.38,2.25,4.01,8.50,1.95,1.80,Stade Auguste-Delaune II (Reims)
1635080400,Oct 24 2021 - 1:00pm,complete,N/A,Rennes,Strasbourg,Stéphanie Frappart,11,2.00,1.00,2.26,1.32,1,0,1,0,0,0,"82","",11,6,1,0,2,0,1,0,1,1,18,10,3,4,15,6,6,10,64,36,1.62,1.12,1.86,1.29,2.93,48,78,35,35,23,45,78,35,78,8.65,3.20,1.92,3.68,4.18,1.33,1.99,3.40,6.50,1.80,1.95,Roazhon Park (Rennes)
1635087600,Oct 24 2021 - 3:00pm,complete,N/A,Monaco,Montpellier,François Letexier,11,1.40,0.50,2.11,0.89,3,1,4,2,2,0,"12,17,61","81",4,4,1,0,4,0,1,0,1,3,14,14,5,4,9,10,11,14,65,35,1.54,1.24,1.55,1.38,2.93,58,100,45,23,13,45,90,30,90,13.40,5.25,1.35,5.17,7.11,1.18,1.59,2.45,4.26,1.80,1.95,Stade Louis II (Monaco)
1635101100,Oct 24 2021 - 6:45pm,complete,65121,Olympique Marseille,PSG,Benoît Bastien,11,2.00,2.40,1.68,1.84,0,0,0,0,0,0,"","",4,5,1,0,2,1,1,0,0,3,18,13,3,6,15,7,7,8,49,51,1.65,1.68,1.66,1.47,3.60,70,100,70,50,30,70,90,50,90,9.00,4.20,5.65,4.48,1.57,1.20,1.62,2.25,4.50,1.57,2.25,Orange Vélodrome (Marseille)
1635361200,Oct 27 2021 - 7:00pm,complete,N/A,Nice,Olympique Marseille,Clément Turpin,3,2.20,1.75,1.79,2.05,1,1,2,2,1,1,"6","42",6,5,2,0,2,0,1,1,0,2,5,4,4,2,1,2,14,6,45,55,1.77,1.65,0.72,0.54,2.73,43,78,53,43,23,23,78,43,78,9.20,3.60,2.40,3.50,2.80,1.38,1.89,3.25,6.25,1.83,2.00,Stade de l'Aube (Troyes)
1635534000,Oct 29 2021 - 7:00pm,complete,N/A,PSG,Lille,Amaury Delerue,12,3.00,0.83,2.68,1.37,2,1,3,1,0,1,"74,88","31",4,5,1,0,5,0,0,1,2,3,18,12,7,5,11,7,7,12,60,40,1.77,1.53,2.03,1.42,3.14,64,84,65,29,19,37,82,57,92,12.07,3.67,1.22,5.00,9.10,1.15,1.57,2.35,4.00,1.95,1.80,Parc des Princes (Paris)
1635606000,Oct 30 2021 - 3:00pm,complete,N/A,Metz,Saint-Étienne,Stéphanie Frappart,12,0.40,0.20,0.84,0.74,1,1,2,2,1,1,"9","16",5,8,0,0,3,0,0,0,2,1,9,14,4,6,5,8,16,11,37,63,1.17,1.19,1.12,1.62,3.60,70,100,70,50,20,80,90,60,80,7.40,7.60,2.65,3.30,2.45,1.32,1.87,3.50,6.50,1.70,2.05,Stade Saint-Symphorien (Longeville-lès-Metz)
1635620400,Oct 30 2021 - 7:00pm,complete,N/A,Olympique Lyonnais,Lens,Mikael Lesage,12,2.00,2.00,2.00,1.47,2,1,3,2,2,0,"25,41","61",3,5,1,0,2,0,1,0,1,1,13,19,4,9,9,10,6,13,55,45,1.97,1.51,1.35,2.27,3.17,72,90,45,45,29,39,72,54,90,11.60,4.07,1.61,4.38,5.25,1.18,1.52,2.38,4.20,1.62,2.20,Groupama Stadium (Décines-Charpieu)
1635681600,Oct 31 2021 - 12:00pm,complete,6802,Angers SCO,Nice,Willy Delajod,12,2.00,1.80,1.37,1.74,1,2,3,1,1,0,"29","57,90'1",3,8,1,0,2,0,1,0,1,1,5,15,5,6,0,9,14,9,37,63,1.66,1.37,0.79,1.88,2.60,20,70,50,30,20,20,70,50,70,12.40,3.40,2.85,3.30,2.55,1.37,2.08,3.60,7.25,1.80,1.95,Stade Raymond-Kopa (Angers)
1635688800,Oct 31 2021 - 2:00pm,complete,11020,Bordeaux,Reims,Eric Wattellier,12,0.60,1.00,0.84,1.32,3,2,5,1,0,1,"73,78,90'5","37,63",12,2,2,0,2,0,0,2,0,2,20,12,9,8,11,4,6,9,52,48,1.34,1.09,2.31,1.53,2.22,65,92,19,10,10,37,62,40,74,9.00,3.97,2.42,3.19,2.68,1.43,2.14,4.00,8.00,1.95,1.80,Stade Matmut-Atlantique (Bordeaux)
1635688800,Oct 31 2021 - 2:00pm,complete,11267,Montpellier,Nantes,Bastien Dechepy,12,1.83,1.00,1.37,0.95,2,0,2,0,0,0,"64,71","",5,5,3,0,5,0,2,1,2,3,20,13,11,3,9,10,12,24,58,42,1.92,1.21,2.34,1.38,3.07,74,82,45,45,27,45,62,45,82,9.20,2.77,2.12,3.26,3.10,1.30,1.94,3.25,6.50,1.70,2.05,Stade de la Mosson (Montpellier)
1635688800,Oct 31 2021 - 2:00pm,complete,24002,Strasbourg,Lorient,Florent Batta,12,1.67,0.67,2.00,0.63,4,0,4,3,3,0,"28,39,45'2,64","",6,3,1,0,0,0,1,0,0,0,16,6,7,0,9,6,9,8,53,47,1.59,1.30,1.87,0.53,3.08,75,92,59,42,17,42,75,50,83,8.67,6.00,2.02,3.23,3.38,1.33,2.04,3.60,7.00,1.80,1.95,Stade de la Meinau (Strasbourg)
1635688800,Oct 31 2021 - 2:00pm,complete,8550,Troyes,Rennes,Jeremy Stinat,12,1.00,1.00,1.16,1.21,2,2,4,3,2,1,"38,40","9,81",5,12,0,0,1,0,0,0,1,0,16,16,7,7,9,9,6,15,38,62,1.40,1.67,1.79,1.97,2.20,60,90,30,0,0,20,60,50,70,11.00,4.80,3.42,3.27,1.99,1.33,1.98,3.75,7.50,1.80,1.95,Stade de l'Aube (Troyes)
1635696000,Oct 31 2021 - 4:00pm,complete,12463,Brest,Monaco,Johan Hamel,12,0.60,1.40,1.32,1.53,2,0,2,1,1,0,"18,79","",2,5,1,0,4,0,0,1,2,2,8,6,4,3,4,3,9,17,33,67,1.47,1.27,1.09,0.91,2.90,80,90,50,30,10,20,70,80,90,8.20,4.80,4.20,3.90,1.80,1.28,1.65,3.10,6.00,1.70,2.05,Stade Francis-Le Blé (Brest)
1635709500,Oct 31 2021 - 7:45pm,complete,N/A,Clermont,Olympique Marseille,Benoît Millot,12,1.60,1.60,0.95,2.05,0,1,1,1,0,1,"","25",4,2,1,0,4,0,0,1,3,1,13,12,0,6,13,6,15,14,41,59,1.66,1.43,1.09,1.54,2.40,50,80,30,30,10,40,70,40,70,10.80,3.60,3.00,3.50,2.30,1.28,1.92,3.05,6.00,1.70,2.05,Stade Gabriel Montpied (Clermont-Ferrand)
1636142400,Nov 05 2021 - 8:00pm,complete,N/A,Lens,Troyes,Thomas Léonard,13,1.83,1.17,1.79,0.84,4,0,4,3,3,0,"14,29,35,60","",4,2,1,0,1,0,0,1,0,1,19,9,13,4,6,5,13,9,60,40,1.83,1.22,2.40,1.09,2.67,50,84,42,34,9,34,59,50,100,8.83,4.33,1.65,4.10,5.00,1.26,1.80,3.10,5.50,1.80,1.95,Stade Bollaert-Delelis (Lens)
1636214400,Nov 06 2021 - 4:00pm,complete,N/A,Lille,Angers SCO,François Letexier,13,2.00,1.17,1.53,0.79,1,1,2,1,1,0,"27","83",4,8,2,1,2,0,1,2,1,1,13,10,6,5,7,5,14,8,46,54,1.57,1.16,1.53,1.30,2.65,72,100,47,19,0,49,84,34,82,8.77,4.20,1.84,3.50,4.55,1.38,2.03,4.00,8.00,2.00,1.75,Stade Pierre-Mauroy (Villeneuve d'Ascq)
1636228800,Nov 06 2021 - 8:00pm,complete,N/A,Bordeaux,PSG,Ruddy Buquet,13,1.00,2.17,0.84,1.84,2,3,5,2,0,2,"78,90'2","26,43,63",10,5,2,0,1,0,1,1,0,1,10,8,7,6,3,2,9,10,44,56,1.50,1.65,1.46,1.21,2.84,67,92,42,25,25,42,67,50,75,9.50,4.83,9.20,6.10,1.28,1.15,1.36,1.92,3.70,1.75,2.00,Stade Matmut-Atlantique (Bordeaux)
1636286400,Nov 07 2021 - 12:00pm,complete,61539,Olympique Marseille,Metz,Jérôme Brisard,13,1.83,0.67,1.68,0.79,0,0,0,0,0,0,"","",9,7,1,0,3,1,0,1,2,2,12,10,5,5,7,5,7,9,76,24,1.65,1.29,1.56,1.24,3.50,67,92,75,59,33,59,84,59,83,9.33,3.66,1.40,4.70,7.00,1.22,1.73,2.80,5.00,1.95,1.80,Orange Vélodrome (Marseille)
1636293600,Nov 07 2021 - 2:00pm,complete,14649,Lorient,Brest,Romain Lissorgue,13,2.20,0.50,1.26,1.21,1,2,3,1,1,0,"5","58,80",3,6,1,1,1,0,1,1,1,0,11,20,5,7,6,13,7,10,39,61,1.19,1.32,1.18,2.20,2.32,80,80,35,17,0,27,82,35,72,8.87,3.93,2.04,3.40,3.50,1.32,1.98,3.40,6.50,1.70,2.05,Stade Yves Allainmat - Le Moustoir (Lorient)
1636293600,Nov 07 2021 - 2:00pm,complete,18853,Nantes,Strasbourg,Clément Turpin,13,2.00,0.80,1.95,1.32,2,2,4,2,1,1,"20,48","44,68",9,5,2,0,1,1,1,1,1,1,24,17,6,7,18,10,14,13,48,52,1.70,1.15,2.28,1.91,2.57,47,72,37,29,10,20,64,54,82,9.27,4.00,2.23,3.25,3.20,1.38,1.91,2.12,8.00,1.91,1.91,Stade de la Beaujoire - Louis Fonteneau (Nantes)
1636293600,Nov 07 2021 - 2:00pm,complete,12080,Reims,Monaco,Jérémie Pignard,13,1.00,1.17,1.11,1.53,0,0,0,0,0,0,"","",5,6,0,0,2,0,0,0,1,1,12,13,5,4,7,9,9,13,42,58,1.77,1.21,1.47,1.52,2.84,55,82,55,37,10,29,72,44,82,8.70,4.83,4.00,3.45,1.88,1.36,1.91,3.75,7.50,1.91,1.91,Stade Auguste-Delaune II (Reims)
1636293600,Nov 07 2021 - 2:00pm,complete,N/A,Saint-Étienne,Clermont,Pierre Gaillouste,13,0.67,0.83,0.95,0.95,3,2,5,0,0,0,"78,90'2,90'4","59,64",9,2,1,0,1,0,0,1,0,1,19,13,5,4,14,9,7,10,49,51,1.83,1.45,1.88,1.45,3.25,67,100,59,34,17,25,83,75,100,11.67,2.17,2.48,3.20,2.85,1.26,1.87,2.95,5.50,1.62,2.20,Stade Geoffroy-Guichard (Saint-Ètienne)
1636300800,Nov 07 2021 - 4:00pm,complete,N/A,Nice,Montpellier,Antony Gautier,13,2.00,0.40,1.79,0.89,0,1,1,0,0,0,"","80",8,2,2,0,0,0,0,2,0,0,23,10,7,3,16,7,9,8,69,31,1.60,1.27,2.52,0.98,3.20,74,92,64,45,19,47,92,35,84,10.10,5.07,1.73,4.20,4.50,1.21,1.53,2.55,4.40,1.70,2.05,Allianz Riviera (Nice)
1636314300,Nov 07 2021 - 7:45pm,complete,N/A,Rennes,Olympique Lyonnais,Benoît Bastien,13,2.17,0.80,2.26,1.26,4,1,5,1,1,0,"45,50,76,83","90'3",7,2,2,0,2,0,2,0,1,1,24,7,11,4,13,3,5,12,48,52,1.66,1.52,2.72,0.97,2.57,39,74,39,19,19,17,74,39,82,9.50,4.17,2.98,3.72,2.31,1.22,1.62,2.55,4.50,1.50,2.50,Roazhon Park (Rennes)
1637352000,Nov 19 2021 - 8:00pm,complete,3778,Monaco,Lille,Willy Delajod,14,1.67,0.71,2.11,1.37,2,2,4,3,1,2,"41,83","5,9",6,5,2,1,5,0,1,2,2,3,15,14,9,9,6,5,15,16,53,47,1.54,1.52,2.00,1.81,2.77,61,86,54,24,7,40,85,55,85,12.40,4.83,2.15,3.50,3.40,1.33,1.95,3.60,7.00,1.75,2.00,Stade Louis II (Monaco)
1637424000,Nov 20 2021 - 4:00pm,complete,N/A,PSG,Nantes,Jeremy Stinat,14,3.00,0.83,2.68,0.95,3,1,4,1,1,0,"2,81,87","76",4,3,1,1,2,0,0,2,1,1,10,11,8,7,2,4,8,12,66,34,1.81,1.24,1.62,1.52,3.09,67,92,58,33,17,33,58,67,92,10.33,3.17,1.24,6.20,11.50,1.17,1.51,1.87,4.20,1.95,1.80,Parc des Princes (Paris)
1637438400,Nov 20 2021 - 8:00pm,complete,27003,Rennes,Montpellier,Mikael Lesage,14,2.29,0.83,2.26,0.89,2,0,2,2,2,0,"8,28","",8,2,1,0,2,1,0,1,3,0,22,3,8,3,14,0,9,10,68,32,1.81,1.22,2.48,0.54,2.86,48,77,40,31,23,40,77,23,93,10.71,4.12,1.50,4.70,5.80,1.20,1.57,2.65,4.75,1.75,2.00,Roazhon Park (Rennes)
1637496000,Nov 21 2021 - 12:00pm,complete,N/A,Brest,Lens,Eric Wattellier,14,1.00,1.67,1.32,1.47,4,0,4,3,3,0,"3,13,33,69","",5,5,1,0,2,1,0,1,1,2,14,14,6,5,8,9,7,7,36,64,1.40,1.64,1.58,1.55,2.92,75,92,42,25,25,42,67,50,92,10.00,4.33,2.78,3.43,2.23,1.28,1.70,3.20,6.00,1.67,2.10,Stade Francis-Le Blé (Brest)
1637503200,Nov 21 2021 - 2:00pm,complete,N/A,Angers SCO,Lorient,Pierre Gaillouste,14,1.67,0.57,1.37,0.63,1,0,1,0,0,0,"68","",6,3,4,0,0,0,2,2,0,0,9,9,5,4,4,5,15,13,54,46,1.51,1.19,1.34,1.07,3.00,61,85,62,45,24,30,69,55,85,9.90,3.88,1.77,3.65,4.34,1.38,1.98,4.00,8.00,1.95,1.80,Stade Raymond-Kopa (Angers)
1637503200,Nov 21 2021 - 2:00pm,complete,N/A,Metz,Bordeaux,Benoît Millot,14,0.50,1.00,0.84,0.79,3,3,6,3,1,2,"45,51,70","17,39,65",2,4,2,1,2,0,1,2,1,1,19,22,10,7,9,15,12,11,46,54,1.17,1.27,2.22,2.19,3.34,67,100,67,34,17,67,83,58,75,6.83,5.50,2.35,3.51,3.12,1.36,1.95,3.75,7.50,1.80,1.95,Stade Saint-Symphorien (Longeville-lès-Metz)
1637503200,Nov 21 2021 - 2:00pm,complete,N/A,Strasbourg,Reims,Amaury Delerue,14,1.86,0.86,2.00,1.32,1,1,2,1,0,1,"90'7","22",5,4,1,0,4,0,0,1,2,2,23,11,4,5,19,6,8,13,68,32,1.63,1.16,2.40,1.16,2.86,57,93,50,29,14,43,86,29,79,9.71,4.71,1.87,3.43,4.11,1.45,2.13,4.50,10.00,2.05,1.70,Stade de la Meinau (Strasbourg)
1637503200,Nov 21 2021 - 2:00pm,complete,N/A,Troyes,Saint-Étienne,Florent Batta,14,1.00,0.33,1.16,0.74,0,1,1,0,0,0,"","60",6,8,1,0,4,0,1,0,1,3,14,15,4,5,10,10,13,11,47,53,1.46,1.26,1.52,1.52,3.09,83,92,59,42,9,58,100,42,75,8.67,5.83,2.46,3.51,2.68,1.28,1.95,3.10,6.00,1.67,2.10,Stade de l'Aube (Troyes)
1637510400,Nov 21 2021 - 4:00pm,complete,N/A,Clermont,Nice,Stéphanie Frappart,14,1.33,2.00,0.95,1.74,1,2,3,1,1,0,"17","76,82",3,5,1,0,4,0,0,1,1,3,18,10,6,6,12,4,7,16,51,49,1.57,1.45,1.82,1.36,2.33,34,67,42,25,0,25,75,50,67,11.33,3.67,3.15,3.55,2.23,1.30,1.94,3.40,6.50,1.70,2.05,Stade Gabriel Montpied (Clermont-Ferrand)
1637956800,Nov 26 2021 - 8:00pm,complete,N/A,Lens,Angers SCO,Florent Batta,15,2.00,1.14,1.79,0.79,2,2,4,1,0,1,"48,55","40,70",5,5,2,0,0,0,0,2,0,0,10,13,5,5,5,8,15,6,49,51,1.91,1.18,1.25,1.49,2.72,65,86,43,36,7,36,71,43,93,10.42,4.14,1.91,3.60,4.00,1.27,1.75,3.05,5.75,1.70,2.05,Stade Bollaert-Delelis (Lens)
1638028800,Nov 27 2021 - 4:00pm,complete,N/A,Lille,Nantes,Johan Hamel,15,1.83,0.71,1.53,0.95,1,1,2,2,1,1,"9","24",12,1,1,0,2,1,0,1,1,2,14,8,6,4,8,4,7,12,59,41,1.56,1.28,1.78,1.03,2.77,69,93,47,30,7,48,72,29,85,8.64,4.64,1.62,3.82,5.28,1.33,1.94,3.45,6.75,1.95,1.80,Stade Pierre-Mauroy (Villeneuve d'Ascq)
1638043200,Nov 27 2021 - 8:00pm,complete,N/A,Nice,Metz,François Letexier,15,1.71,0.71,1.79,0.79,0,1,1,1,0,1,"","31",8,1,2,0,2,0,2,0,2,0,21,6,3,3,18,3,13,12,70,30,1.73,1.28,1.99,0.71,2.93,57,79,64,43,22,36,79,43,71,9.86,4.42,1.46,4.38,6.57,1.24,1.77,2.99,5.43,1.95,1.80,Allianz Riviera (Nice)
1638100800,Nov 28 2021 - 12:00pm,complete,N/A,Saint-Étienne,PSG,Jérôme Brisard,15,1.00,2.29,0.95,1.84,1,3,4,2,1,1,"23","45'2,79,90'1",5,5,3,1,1,0,4,0,1,0,7,18,4,11,3,7,7,10,29,71,1.83,1.59,0.88,2.47,3.00,72,93,57,29,22,29,79,50,86,10.43,3.71,8.50,6.00,1.28,1.13,1.42,1.96,3.65,1.70,2.05,Stade Geoffroy-Guichard (Saint-Ètienne)
1638108000,Nov 28 2021 - 2:00pm,complete,N/A,Bordeaux,Brest,Pierre Gaillouste,15,0.86,0.86,0.84,1.21,1,2,3,1,1,0,"43","59,66",5,2,3,0,1,0,0,3,0,1,17,15,6,5,11,10,13,11,65,35,1.49,1.45,1.91,1.67,3.08,93,100,50,36,22,36,72,72,86,10.86,3.15,2.15,3.60,3.15,1.26,1.79,3.00,5.50,1.62,2.20,Stade Matmut-Atlantique (Bordeaux)
1638108000,Nov 28 2021 - 2:00pm,complete,N/A,Lorient,Rennes,Bastien Dechepy,15,1.83,1.00,1.26,1.21,0,2,2,0,0,0,"","75,78",3,4,0,0,2,0,0,0,1,1,8,12,0,6,8,6,11,11,42,58,1.18,1.72,0.82,1.44,2.25,59,84,33,9,0,25,58,50,75,11.83,4.84,3.50,3.45,2.00,1.27,1.87,3.05,5.75,1.80,1.95,Stade Yves Allainmat - Le Moustoir (Lorient)
1638108000,Nov 28 2021 - 2:00pm,complete,N/A,Monaco,Strasbourg,Antony Gautier,15,1.57,0.83,2.11,1.32,1,1,2,1,1,0,"45'1","48",4,3,2,0,1,0,0,2,1,0,10,8,5,4,5,4,12,9,59,41,1.60,1.28,1.30,1.03,3.00,62,84,54,47,9,54,77,54,85,11.38,4.17,1.50,4.40,5.75,1.28,1.72,3.15,6.00,1.80,1.95,Stade Louis II (Monaco)
1638108000,Nov 28 2021 - 2:00pm,complete,N/A,Reims,Clermont,Benoît Bastien,15,1.00,0.71,1.11,0.95,1,0,1,0,0,0,"90'1","",4,1,2,0,2,0,2,0,0,2,13,5,3,0,10,5,13,13,41,59,1.72,1.45,1.29,0.65,3.25,54,84,61,45,30,38,61,52,84,10.60,2.81,2.65,3.30,2.60,1.42,2.23,3.95,8.00,1.95,1.80,Stade Auguste-Delaune II (Reims)
1638115200,Nov 28 2021 - 4:00pm,complete,N/A,Montpellier,Olympique Lyonnais,Thomas Léonard,15,2.00,0.67,1.37,1.26,0,1,1,1,0,1,"","17",8,5,1,0,4,0,0,1,3,1,14,11,5,4,9,7,7,15,44,56,1.98,1.43,1.54,1.42,3.16,62,85,55,38,31,22,77,62,85,8.67,4.26,4.00,4.20,1.70,1.17,1.45,2.23,3.75,1.50,2.50,Stade de la Mosson (Montpellier)
1638128700,Nov 28 2021 - 7:45pm,complete,N/A,Olympique Marseille,Troyes,Jérémie Pignard,15,1.71,1.00,1.68,0.84,1,0,1,0,0,0,"74","",7,3,1,0,4,0,1,0,3,1,13,5,4,2,9,3,10,17,56,44,1.64,1.20,1.38,0.53,2.79,50,86,50,43,15,43,57,57,86,8.14,3.15,1.46,4.56,6.09,1.22,1.67,2.80,5.00,1.80,1.95,Orange Vélodrome (Marseille)
1638381600,Dec 01 2021 - 6:00pm,complete,N/A,Angers SCO,Monaco,Romain Lissorgue,16,1.86,1.14,1.37,1.53,1,3,4,2,0,2,"55","25,45,73",4,4,1,0,2,0,1,0,2,0,11,17,5,11,6,6,13,18,48,52,1.49,1.26,1.29,2.24,2.50,43,71,50,29,15,14,64,57,79,10.15,4.28,3.00,3.40,2.25,1.36,1.93,3.75,7.50,1.82,1.88,Stade Raymond-Kopa (Angers)
1638381600,Dec 01 2021 - 6:00pm,complete,N/A,Brest,Saint-Étienne,Mikael Lesage,16,1.29,0.71,1.32,0.74,1,0,1,0,0,0,"64","",1,3,2,0,3,0,0,2,0,3,9,12,4,4,5,8,8,9,35,65,1.43,1.30,1.19,1.33,3.15,71,93,50,43,14,50,79,57,93,9.57,5.72,2.20,3.55,3.00,1.25,1.74,2.95,5.50,1.63,2.15,Stade Francis-Le Blé (Brest)
1638381600,Dec 01 2021 - 6:00pm,complete,N/A,Metz,Montpellier,Ruddy Buquet,16,0.57,0.71,0.84,0.89,1,3,4,2,0,2,"70","36,45'1,48",7,4,2,0,2,0,2,0,0,2,22,12,7,4,15,8,14,9,46,54,1.32,1.12,2.28,1.24,3.15,64,93,50,29,22,72,86,29,72,8.14,6.00,2.45,3.35,2.75,1.30,1.92,3.25,6.50,1.66,2.10,Stade Saint-Symphorien (Longeville-lès-Metz)
1638381600,Dec 01 2021 - 6:00pm,complete,N/A,Strasbourg,Bordeaux,Willy Delajod,16,1.75,1.00,2.00,0.79,5,2,7,4,3,1,"22,43,45'1,48,65","7,57",5,2,2,0,3,0,2,0,2,1,22,14,7,3,15,11,14,13,50,50,1.73,1.40,2.21,1.38,3.63,67,100,75,48,21,54,87,62,94,8.27,4.81,1.83,3.60,4.00,1.28,1.89,3.20,6.00,1.85,1.85,Stade de la Meinau (Strasbourg)
1638381600,Dec 01 2021 - 6:00pm,complete,N/A,Troyes,Lorient,Jeremy Stinat,16,0.86,0.50,1.16,0.63,2,0,2,2,2,0,"6,34","",4,3,1,0,1,0,0,1,0,1,10,7,4,4,6,3,12,11,56,44,1.47,1.18,1.22,1.00,2.52,67,73,47,32,7,34,75,26,80,7.93,4.24,2.30,3.40,2.95,1.33,1.88,3.60,7.00,1.77,1.93,Stade de l'Aube (Troyes)
1638388800,Dec 01 2021 - 8:00pm,complete,N/A,Clermont,Lens,Amaury Delerue,16,1.14,1.43,0.95,1.47,2,2,4,2,1,1,"41,65","12,47",5,3,4,1,5,0,2,3,2,3,22,11,7,4,15,7,7,13,53,47,1.60,1.63,2.20,1.16,2.79,57,79,50,36,15,50,71,43,79,10.57,4.00,2.70,3.60,2.35,1.25,1.76,2.95,5.50,1.65,2.10,Stade Gabriel Montpied (Clermont-Ferrand)
1638388800,Dec 01 2021 - 8:00pm,complete,N/A,Olympique Lyonnais,Reims,Benoît Millot,16,2.14,0.88,2.00,1.32,1,2,3,0,0,0,"66","56,90'3",3,4,3,0,2,0,1,2,0,2,15,6,5,4,10,2,14,17,63,37,1.88,1.16,1.72,1.01,2.77,75,94,41,28,14,27,87,35,88,10.07,3.95,1.37,5.25,6.75,1.20,1.62,1.92,4.75,1.72,2.00,Groupama Stadium (Décines-Charpieu)
1638388800,Dec 01 2021 - 8:00pm,complete,N/A,Nantes,Olympique Marseille,Eric Wattellier,16,1.86,1.83,1.95,2.05,0,1,1,1,0,1,"","30",4,6,2,1,2,0,2,1,0,2,5,17,2,7,3,10,13,7,29,71,1.78,1.44,0.64,2.01,2.29,38,77,30,23,9,24,77,44,68,9.79,4.33,3.40,3.60,2.00,1.28,1.86,3.20,6.00,1.68,2.05,Stade de la Beaujoire - Louis Fonteneau (Nantes)
1638388800,Dec 01 2021 - 8:00pm,complete,N/A,Rennes,Lille,Stéphanie Frappart,16,2.38,0.75,2.26,1.37,1,2,3,2,0,2,"85","31,45",3,1,2,0,1,0,0,2,0,1,11,7,3,3,8,4,12,12,65,35,1.89,1.55,1.43,0.80,2.76,50,75,44,25,19,38,82,32,82,11.50,4.50,2.15,3.35,3.25,1.32,2.00,3.40,6.50,1.80,1.90,Roazhon Park (Rennes)
1638389100,Dec 01 2021 - 8:05pm,complete,N/A,PSG,Nice,Clément Turpin,16,3.00,2.14,2.68,1.74,0,0,0,0,0,0,"","",6,5,1,0,3,0,1,0,0,3,23,6,6,0,17,6,5,13,70,30,1.79,1.44,2.49,0.55,3.00,50,86,72,29,7,22,86,72,86,11.42,3.72,1.33,5.75,7.25,1.15,1.45,2.25,3.75,1.68,2.05,Parc des Princes (Paris)
1638633600,Dec 04 2021 - 4:00pm,complete,N/A,Olympique Marseille,Brest,Gaël Angoula,17,1.88,1.13,1.68,1.21,1,2,3,1,1,0,"29","53,70",5,0,1,0,2,0,0,1,0,2,15,10,5,6,10,4,2,1,74,26,1.61,1.48,1.63,1.27,2.76,75,82,57,38,13,38,69,57,82,10.13,2.50,1.53,4.33,5.50,1.22,1.62,2.72,4.95,1.80,1.96,Orange Vélodrome (Marseille)
1638640800,Dec 04 2021 - 6:00pm,complete,N/A,Lille,Troyes,Benoît Bastien,17,1.71,0.88,1.53,0.84,2,1,3,1,0,1,"48,85","6",8,6,3,0,4,0,1,2,3,1,13,6,6,4,7,2,11,9,45,55,1.60,1.12,1.75,1.09,2.54,55,94,41,20,0,48,75,25,86,8.32,4.42,1.36,4.75,7.00,1.26,1.75,3.02,5.60,2.05,1.73,Stade Pierre-Mauroy (Villeneuve d'Ascq)
1638648000,Dec 04 2021 - 8:00pm,complete,36685,Lens,PSG,François Letexier,17,1.88,2.38,1.79,1.84,1,1,2,0,0,0,"62","90'2",8,5,2,0,2,0,0,2,0,2,19,14,8,7,11,7,12,9,36,64,1.83,1.70,2.06,1.72,3.13,57,82,63,51,19,57,82,38,88,10.01,4.63,4.50,4.33,1.60,1.18,1.55,2.38,4.22,1.62,2.23,Stade Bollaert-Delelis (Lens)
1638705600,Dec 05 2021 - 12:00pm,complete,N/A,Saint-Étienne,Rennes,Thomas Léonard,17,0.88,1.29,0.95,1.21,0,5,5,3,0,3,"","22,28,45,48,83",7,2,1,0,0,0,0,1,0,0,14,17,4,11,10,6,10,7,44,56,1.72,1.68,1.43,2.19,2.78,66,100,46,26,7,21,52,73,93,13.29,3.64,4.20,3.60,1.83,1.25,1.83,2.93,5.50,1.75,2.16,Stade Geoffroy-Guichard (Saint-Ètienne)
1638712800,Dec 05 2021 - 2:00pm,complete,N/A,Lorient,Nantes,Ruddy Buquet,17,1.57,0.75,1.26,0.95,0,1,1,0,0,0,"","83",8,3,1,0,3,0,1,0,1,2,17,6,3,2,14,4,8,13,54,46,1.13,1.25,1.71,0.81,2.38,66,80,34,19,7,26,61,47,73,7.61,4.67,2.80,3.13,2.60,1.39,2.25,3.97,8.00,1.92,1.84,Stade Yves Allainmat - Le Moustoir (Lorient)
1638712800,Dec 05 2021 - 2:00pm,complete,N/A,Monaco,Metz,Bastien Dechepy,17,1.50,1.00,2.11,0.79,4,0,4,2,2,0,"2,44,57,87","",5,4,1,0,2,0,0,1,0,2,10,7,6,0,4,7,13,13,65,35,1.57,1.21,1.41,0.68,2.88,57,88,57,38,13,44,88,44,76,10.76,4.63,1.30,5.00,10.00,1.24,1.73,2.83,5.20,2.05,1.73,Stade Louis II (Monaco)
1638712800,Dec 05 2021 - 2:00pm,complete,N/A,Montpellier,Clermont,Florent Batta,17,1.75,0.63,1.37,0.95,1,0,1,1,1,0,"28","",1,3,3,0,3,0,1,2,0,3,9,10,3,0,6,10,19,15,48,52,1.93,1.35,0.95,1.03,3.26,50,82,51,44,32,38,69,63,88,10.26,2.63,2.15,3.50,3.25,1.22,1.73,2.69,4.90,1.61,2.38,Stade de la Mosson (Montpellier)
1638712800,Dec 05 2021 - 2:00pm,complete,N/A,Reims,Angers SCO,Johan Hamel,17,1.29,1.13,1.11,0.79,1,2,3,0,0,0,"59","49,75",7,4,3,1,3,0,3,1,2,1,8,14,4,5,4,9,8,13,43,57,1.66,1.22,1.09,1.60,2.46,66,79,41,27,7,21,59,39,80,9.75,3.46,2.40,3.00,3.20,1.50,2.40,5.05,10.50,2.15,1.67,Stade Auguste-Delaune II (Reims)
1638720000,Dec 05 2021 - 4:00pm,complete,N/A,Nice,Strasbourg,Jérémie Pignard,17,1.50,0.86,1.79,1.32,0,3,3,1,0,1,"","21,81,84",9,4,3,0,3,0,1,2,2,1,12,17,6,5,6,12,9,14,60,40,1.76,1.25,1.49,1.57,2.68,61,67,47,41,14,34,73,41,75,9.81,3.75,1.83,3.60,4.33,1.28,1.87,3.14,5.70,1.82,2.06,Allianz Riviera (Nice)
1638733500,Dec 05 2021 - 7:45pm,complete,N/A,Bordeaux,Olympique Lyonnais,Jérôme Brisard,17,0.75,1.00,0.84,1.26,2,2,4,3,1,2,"36,58","29,41",3,8,0,0,0,0,0,0,0,0,15,20,8,3,7,17,11,9,30,70,1.55,1.43,1.68,2.05,3.06,73,86,54,34,34,19,75,73,80,9.74,5.00,5.00,4.20,1.61,1.14,1.56,2.30,4.10,1.61,2.38,Stade Matmut-Atlantique (Bordeaux)
1639166400,Dec 10 2021 - 8:00pm,complete,N/A,Nantes,Lens,Stéphanie Frappart,18,1.63,1.38,1.95,1.47,3,2,5,2,0,2,"49,57,90","7,14",8,2,3,0,3,0,1,2,0,3,16,6,6,3,10,3,10,10,40,60,1.64,1.57,1.75,0.84,2.82,51,82,51,38,13,44,75,51,82,10.26,5.01,2.61,3.52,2.88,1.31,1.95,3.25,6.25,1.73,2.00,Stade de la Beaujoire - Louis Fonteneau (Nantes)
1639238400,Dec 11 2021 - 4:00pm,complete,N/A,Brest,Montpellier,Benoît Millot,18,1.50,1.00,1.32,0.89,0,4,4,1,0,1,"","45'1,47,60,85",8,2,2,0,1,0,0,2,0,1,18,10,7,5,11,5,16,6,44,56,1.40,1.14,2.03,1.14,2.88,63,88,44,32,13,44,76,38,94,8.63,4.63,1.90,3.20,3.35,1.24,1.84,2.86,5.15,1.60,2.20,Stade Francis-Le Blé (Brest)
1639252800,Dec 11 2021 - 8:00pm,complete,N/A,Reims,Saint-Étienne,Pierre Gaillouste,18,1.13,0.63,1.11,0.74,2,0,2,1,1,0,"23,89","",11,5,2,0,2,1,0,2,1,2,18,5,6,0,12,5,19,16,53,47,1.59,1.30,1.91,0.52,2.69,57,69,50,38,13,44,57,38,82,10.00,5.75,2.10,2.95,3.00,1.42,2.30,4.20,8.10,1.98,1.73,Stade Auguste-Delaune II (Reims)
1639310400,Dec 12 2021 - 12:00pm,complete,N/A,Lille,Olympique Lyonnais,Amaury Delerue,18,1.88,1.00,1.53,1.26,0,0,0,0,0,0,"","",4,3,2,0,6,0,2,0,2,4,15,16,3,0,12,16,11,15,51,49,1.61,1.51,1.52,1.33,2.82,69,88,57,26,13,38,94,32,75,10.26,5.01,2.30,3.43,3.10,1.21,1.93,2.69,4.70,1.58,2.25,Stade Pierre-Mauroy (Villeneuve d'Ascq)
1639317600,Dec 12 2021 - 2:00pm,complete,N/A,Angers SCO,Clermont,Jeremy Stinat,18,1.63,0.56,1.37,0.95,0,1,1,0,0,0,"","84",8,3,1,0,2,0,0,1,0,2,15,16,5,4,10,12,8,12,64,36,1.46,1.31,1.74,1.55,3.11,47,77,60,41,29,29,65,65,89,10.67,2.94,1.96,3.45,4.00,1.35,2.09,3.62,6.90,1.87,1.83,Stade Raymond-Kopa (Angers)
1639317600,Dec 12 2021 - 2:00pm,complete,N/A,Metz,Lorient,Eric Wattellier,18,0.50,0.44,0.84,0.63,4,1,5,3,3,0,"5,9,19,80","69",3,8,2,0,2,0,0,2,2,0,8,19,5,7,3,12,10,8,33,67,1.44,1.16,1.05,2.28,3.09,66,89,54,41,18,66,78,42,71,7.44,5.22,2.30,3.47,3.05,1.35,1.88,3.62,6.80,1.82,1.88,Stade Saint-Symphorien (Longeville-lès-Metz)
1639317600,Dec 12 2021 - 2:00pm,complete,N/A,Rennes,Nice,Willy Delajod,18,2.11,2.00,2.26,1.74,1,2,3,1,0,1,"59","19,51",11,6,1,0,4,0,1,0,1,3,22,9,8,4,14,5,10,11,67,33,1.84,1.33,2.52,1.03,2.40,29,71,42,18,11,29,77,36,71,11.30,3.83,2.10,3.43,3.57,1.27,1.98,3.10,5.60,1.73,1.98,Roazhon Park (Rennes)
1639317600,Dec 12 2021 - 2:00pm,complete,N/A,Troyes,Bordeaux,Romain Lissorgue,18,1.13,0.88,1.16,0.79,1,2,3,2,1,1,"28","30,54",8,1,3,0,3,0,1,2,0,3,21,9,4,7,17,2,11,15,65,35,1.44,1.40,2.20,1.17,3.32,69,88,63,38,19,51,88,51,82,7.38,4.25,2.30,3.43,3.10,1.26,1.93,2.99,5.40,1.72,2.00,Stade de l'Aube (Troyes)
1639324800,Dec 12 2021 - 4:00pm,complete,N/A,Strasbourg,Olympique Marseille,Mikael Lesage,18,1.89,2.00,2.00,2.05,0,2,2,0,0,0,"","62,82",8,3,2,0,1,0,0,2,0,1,11,9,2,4,9,5,10,12,49,51,1.78,1.53,1.20,1.01,2.77,48,79,41,29,18,43,88,29,66,9.82,4.62,2.47,3.40,2.80,1.30,1.97,3.32,6.20,1.71,2.00,Stade de la Meinau (Strasbourg)
1639338300,Dec 12 2021 - 7:45pm,complete,N/A,PSG,Monaco,Benoît Bastien,18,2.75,1.38,2.68,1.53,2,0,2,2,2,0,"12,45","",1,6,3,0,4,0,1,2,2,2,10,16,3,5,7,11,8,15,53,47,1.87,1.38,1.08,1.74,2.82,57,82,63,38,7,25,75,69,82,9.63,3.88,1.43,4.70,7.00,1.13,1.57,2.28,3.78,1.63,2.15,Parc des Princes (Paris)
1640203200,Dec 22 2021 - 8:00pm,complete,N/A,Bordeaux,Lille,Mikael Lesage,19,0.78,1.00,0.84,1.37,2,3,5,3,2,1,"17,45","33,77,84",5,6,1,0,3,0,1,0,2,1,14,14,5,5,9,9,11,7,41,59,1.56,1.47,1.52,1.52,3.11,84,89,62,33,22,44,78,56,89,10.56,4.78,4.00,3.70,1.89,1.26,1.77,3.00,5.50,1.73,2.00,Stade Matmut-Atlantique (Bordeaux)
1640203200,Dec 22 2021 - 8:00pm,complete,16603,Lorient,PSG,Jérémie Pignard,19,1.38,2.22,1.26,1.84,1,1,2,1,1,0,"40","90'1",6,8,1,0,2,1,1,0,0,3,18,19,6,5,12,14,6,8,23,77,1.21,1.70,1.76,2.41,2.44,59,76,41,17,11,35,71,41,77,8.82,4.57,8.60,5.85,1.31,1.17,1.44,2.04,4.05,1.67,2.10,Stade Yves Allainmat - Le Moustoir (Lorient)
1640203200,Dec 22 2021 - 8:00pm,complete,N/A,Olympique Lyonnais,Metz,Pierre Gaillouste,19,1.88,0.89,2.00,0.79,1,1,2,0,0,0,"56","58",13,2,2,0,3,0,2,0,1,2,21,7,5,3,16,4,12,19,76,24,1.86,1.15,2.18,0.79,3.13,66,89,65,41,18,35,82,54,84,9.58,4.31,1.22,6.95,11.50,1.14,1.44,1.92,3.75,1.67,2.10,Groupama Stadium (Décines-Charpieu)
1640203200,Dec 22 2021 - 8:00pm,complete,N/A,Olympique Marseille,Reims,François Letexier,19,1.67,1.11,1.68,1.32,1,1,2,0,0,0,"90'8","75",7,4,4,1,3,1,2,3,0,4,14,7,4,4,10,3,12,6,73,27,1.61,1.14,1.71,0.88,2.50,62,78,45,28,17,33,67,39,78,10.00,3.55,1.63,3.98,5.35,1.40,1.88,3.95,8.25,2.10,1.67,Stade Orange Vélodrome (Marseille)
1640203200,Dec 22 2021 - 8:00pm,complete,N/A,Monaco,Rennes,Ruddy Buquet,19,1.67,1.50,2.11,1.21,2,1,3,2,1,1,"35,72","16",7,5,2,0,1,0,0,2,1,0,13,17,4,7,9,10,11,9,48,52,1.55,1.74,1.46,1.84,2.88,47,100,47,35,7,47,64,66,89,12.85,3.77,2.16,3.57,3.25,1.30,1.78,3.10,6.00,1.67,2.10,Stade Louis II (Monaco)
1640203200,Dec 22 2021 - 8:00pm,complete,N/A,Montpellier,Angers SCO,Hugo Filipe Ferreira de Campos Moreira Miguel,19,1.89,1.33,1.37,0.79,4,1,5,3,2,1,"14,30,51,76","45'1",1,6,1,0,1,0,0,1,1,0,9,17,6,7,3,10,13,13,47,53,1.82,1.26,1.20,1.96,2.67,67,84,39,28,11,22,73,56,78,9.56,3.45,2.27,3.50,3.10,1.30,1.81,3.20,6.00,1.67,2.10,Stade de la Mosson (Montpellier)
1640203200,Dec 22 2021 - 8:00pm,complete,N/A,Nice,Lens,Jérôme Brisard,19,1.33,1.22,1.79,1.47,2,1,3,1,0,1,"63,79","30",5,4,0,0,2,0,0,0,1,1,10,9,5,4,5,5,7,9,55,45,1.73,1.49,1.47,1.08,3.00,56,78,62,45,22,50,78,44,78,10.56,4.78,2.12,3.58,3.35,1.27,1.80,2.95,5.75,1.67,2.10,Allianz Riviera (Nice)
1640203200,Dec 22 2021 - 8:00pm,complete,N/A,Saint-Étienne,Nantes,Clément Turpin,19,0.78,1.00,0.95,0.95,0,1,1,0,0,0,"","83",5,4,1,0,1,0,0,1,0,1,13,9,7,4,6,5,13,12,50,50,1.68,1.20,1.56,1.36,2.95,73,89,50,39,17,28,61,61,89,9.78,3.88,2.60,3.57,2.60,1.36,1.79,3.45,7.00,1.73,2.00,Stade Geoffroy-Guichard (Saint-Ètienne)
1640203200,Dec 22 2021 - 8:00pm,complete,N/A,Troyes,Brest,Johan Hamel,19,1.00,1.33,1.16,1.21,1,1,2,1,0,1,"80","5",9,0,2,1,2,0,3,0,1,1,15,10,6,3,9,7,16,10,66,34,1.52,1.45,1.82,1.05,2.61,84,89,56,17,0,33,89,39,78,8.78,3.22,2.43,3.62,2.77,1.29,1.76,3.05,6.00,1.67,2.10,Stade de l'Aube (Troyes)
1641585600,Jan 07 2022 - 8:00pm,complete,N/A,Bordeaux,Olympique Marseille,Eric Wattellier,20,0.70,2.13,0.84,2.05,0,1,1,1,0,1,"","37",3,9,1,0,1,0,1,0,0,1,7,20,3,7,4,13,13,7,34,66,1.56,1.46,0.78,2.15,2.69,58,82,37,32,27,38,73,53,70,10.00,3.83,3.40,3.40,2.10,1.20,1.67,2.70,4.75,1.62,2.20,Stade Matmut-Atlantique (Bordeaux)
1641672000,Jan 08 2022 - 8:00pm,complete,N/A,Lens,Rennes,Benoît Bastien,20,1.78,1.33,1.79,1.21,1,0,1,0,0,0,"89","",12,1,1,0,1,0,1,0,0,1,12,7,5,2,7,5,5,6,58,42,1.85,1.75,1.45,0.98,2.89,50,89,50,39,11,44,56,56,95,12.33,3.89,2.79,3.45,2.49,1.30,1.83,3.25,6.50,1.67,2.10,Stade Bollaert-Delelis (Lens)
1641729600,Jan 09 2022 - 12:00pm,complete,N/A,Brest,Nice,Stéphanie Frappart,20,1.33,2.11,1.32,1.74,0,3,3,1,0,1,"","13,79,90'4",14,3,0,0,3,1,0,0,2,2,24,10,10,4,14,6,5,11,63,37,1.47,1.29,2.93,1.05,2.56,45,78,50,22,6,17,73,56,84,10.23,4.56,2.99,3.45,2.35,1.30,1.86,3.25,6.50,1.67,2.10,Stade Francis-Le Blé (Brest)
1641736800,Jan 09 2022 - 2:00pm,complete,N/A,Clermont,Reims,Florent Batta,20,1.13,1.10,0.95,1.32,0,0,0,0,0,0,"","",6,2,1,1,3,0,2,0,1,2,15,8,7,3,8,5,13,24,55,45,1.68,1.11,1.83,0.97,2.47,67,83,40,24,5,29,73,47,78,9.53,4.50,2.41,3.46,3.20,1.50,2.30,5.00,10.00,2.00,1.73,Stade Gabriel Montpied (Clermont-Ferrand)
1641736800,Jan 09 2022 - 2:00pm,complete,N/A,Metz,Strasbourg,Antony Gautier,20,0.78,1.13,0.84,1.32,0,2,2,0,0,0,"","50,90'1",4,3,1,0,1,0,0,1,0,1,8,19,2,7,6,12,11,6,41,59,1.39,1.29,0.87,2.04,3.28,71,88,59,41,23,64,82,53,78,8.27,5.02,3.32,3.56,2.30,1.32,1.95,3.52,6.25,1.83,1.91,Stade Saint-Symphorien (Longeville-lès-Metz)
1641744300,Jan 09 2022 - 4:05pm,complete,N/A,Nantes,Monaco,Thomas Léonard,20,1.78,1.22,1.95,1.53,0,0,0,0,0,0,"","",5,2,1,0,2,0,1,0,0,2,9,10,5,2,4,8,17,12,31,69,1.65,1.42,1.19,1.27,2.56,44,78,44,33,6,28,78,62,73,9.55,5.00,3.40,3.54,2.27,1.40,2.05,3.90,7.75,1.83,1.91,Stade de la Beaujoire - Louis Fonteneau (Nantes)
1641757500,Jan 09 2022 - 7:45pm,complete,N/A,Olympique Lyonnais,PSG,François Letexier,20,1.78,2.10,2.00,1.84,1,1,2,1,1,0,"7","76",2,7,2,0,2,0,0,2,1,1,12,17,5,6,7,11,18,13,32,68,1.90,1.77,1.23,1.97,3.01,80,95,53,32,16,36,74,54,90,10.91,4.28,4.54,4.58,1.73,1.15,1.44,2.10,3.65,1.44,2.63,Groupama Stadium (Décines-Charpieu)
1642190400,Jan 14 2022 - 8:00pm,complete,N/A,Nice,Nantes,Ruddy Buquet,21,1.50,1.20,1.79,0.95,2,1,3,2,1,1,"21,56","45",3,5,2,0,1,0,1,1,1,0,14,12,6,4,8,8,8,17,55,45,1.70,1.22,1.69,1.36,2.50,55,70,45,30,10,25,60,45,75,9.40,4.00,1.74,3.55,4.15,1.35,1.81,3.75,7.50,1.85,1.85,Allianz Riviera (Nice)
1642262400,Jan 15 2022 - 4:00pm,complete,N/A,Saint-Étienne,Lens,François Letexier,21,0.70,1.10,0.95,1.47,1,2,3,1,1,0,"38","77,90'5",6,6,1,0,1,0,0,1,1,0,14,14,4,5,10,9,9,13,40,60,1.67,1.45,1.41,1.62,3.25,70,90,65,45,25,45,75,60,95,10.70,4.20,3.10,3.30,2.25,1.30,1.85,3.40,6.50,1.75,1.95,Stade Geoffroy-Guichard (Saint-Ètienne)
1642276800,Jan 15 2022 - 8:00pm,complete,N/A,PSG,Brest,Mikael Lesage,21,2.78,1.30,2.68,1.21,2,0,2,1,1,0,"32,53","",9,6,5,0,3,0,2,3,2,1,23,7,11,4,12,3,10,8,69,31,1.79,1.41,2.71,0.94,2.90,78,95,64,27,6,27,84,64,84,8.82,2.84,1.18,7.00,15.00,1.09,1.30,1.75,2.95,1.78,1.93,Parc des Princes (Paris)
1642334400,Jan 16 2022 - 12:00pm,complete,4951,Rennes,Bordeaux,Bastien Dechepy,21,1.90,1.11,2.26,0.79,6,0,6,2,2,0,"32,43,61,69,89,90'2","",9,1,1,0,4,1,0,1,2,3,22,6,10,2,12,4,10,9,58,42,1.91,1.37,2.61,0.75,3.46,59,90,65,38,27,54,85,54,90,8.98,3.86,1.40,4.75,7.00,1.17,1.50,2.30,4.00,1.73,2.00,Roazhon Park (Rennes)
1642341600,Jan 16 2022 - 2:00pm,complete,4387,Lorient,Angers SCO,Johan Hamel,21,1.33,1.20,1.26,0.79,0,0,0,0,0,0,"","",6,1,3,0,1,1,0,3,1,1,17,7,5,2,12,5,12,9,54,46,1.27,1.33,1.89,0.81,2.40,73,84,36,15,5,16,69,52,84,9.36,3.80,2.30,3.25,3.00,1.36,2.00,3.75,7.50,1.80,1.91,Stade Yves Allainmat - Le Moustoir (Lorient)
1642341600,Jan 16 2022 - 2:00pm,complete,2633,Monaco,Clermont,Jeremy Stinat,21,1.80,0.80,2.11,0.95,4,0,4,1,1,0,"45'2,55,62,83","",6,1,0,0,1,0,0,0,0,1,17,8,8,2,9,6,9,10,53,47,1.54,1.34,2.15,0.95,3.05,50,85,55,40,15,45,75,55,90,10.80,3.40,1.45,4.50,6.50,1.22,1.60,2.85,5.00,1.83,1.91,Stade Louis II (Monaco)
1642341600,Jan 16 2022 - 2:00pm,complete,3923,Reims,Metz,Jérémie Pignard,21,1.33,0.90,1.11,0.79,0,1,1,0,0,0,"","61",11,4,4,0,4,0,1,3,3,1,14,17,3,7,11,10,14,16,58,42,1.62,1.12,1.55,1.77,2.62,47,74,52,31,16,31,62,36,74,9.99,4.60,1.91,3.30,4.00,1.44,2.20,4.50,9.50,2.00,1.73,Stade Auguste-Delaune II (Reims)
1642341600,Jan 16 2022 - 2:00pm,complete,5217,Strasbourg,Montpellier,Pierre Gaillouste,21,1.70,1.22,2.00,0.89,3,1,4,1,0,1,"77,84,86","11",7,3,2,0,2,1,1,1,0,3,20,9,10,5,10,4,18,9,56,44,1.72,1.14,2.52,1.09,3.31,58,95,58,42,16,53,85,42,90,9.62,4.86,1.83,3.60,4.00,1.30,2.05,3.30,6.50,1.73,2.00,Stade de la Meinau (Strasbourg)
1642349100,Jan 16 2022 - 4:05pm,complete,4224,Troyes,Olympique Lyonnais,Jérôme Brisard,21,1.00,1.00,1.16,1.26,0,1,1,1,0,1,"","33",4,7,2,0,1,0,1,1,0,1,7,19,2,8,5,11,9,12,38,62,1.55,1.49,0.79,2.23,2.49,63,74,48,22,11,26,84,27,69,9.42,5.00,3.64,3.59,1.75,1.26,1.64,2.25,5.50,1.73,1.98,Stade de l'Aube (Troyes)
1642362300,Jan 16 2022 - 7:45pm,complete,5034,Olympique Marseille,Lille,Amaury Delerue,21,1.60,1.20,1.68,1.37,1,1,2,1,0,1,"75","15",15,2,1,0,4,1,1,0,2,3,23,8,8,6,15,2,10,12,78,22,1.62,1.47,2.86,1.02,2.85,70,75,60,35,20,45,70,50,85,10.80,4.70,2.48,3.05,2.71,1.33,2.03,3.60,7.00,1.73,2.00,Stade Orange Vélodrome (Marseille)
1642615200,Jan 19 2022 - 6:00pm,complete,N/A,Clermont,Strasbourg,Bastien Dechepy,19,1.11,1.33,0.95,1.32,0,2,2,1,0,1,"","44,77",6,4,2,0,0,0,0,2,0,0,8,12,2,8,6,4,8,13,56,44,1.69,1.37,1.05,1.72,2.56,56,73,44,33,6,33,67,56,78,9.44,4.11,2.73,3.33,2.61,1.30,1.93,3.10,6.00,1.73,2.00,Stade Gabriel Montpied (Clermont-Ferrand)
1642615200,Jan 19 2022 - 6:00pm,complete,N/A,Lille,Lorient,Florent Batta,20,1.78,0.40,1.53,0.63,3,1,4,3,3,0,"10,19,30","90'2",4,2,0,0,0,0,0,0,0,0,15,19,7,7,8,12,8,11,55,45,1.60,1.27,1.78,1.97,2.62,64,85,47,31,10,53,80,26,74,9.57,4.53,1.57,4.07,5.95,1.32,1.92,3.50,7.00,1.91,1.80,Stade Pierre-Mauroy (Villeneuve d'Ascq)
1642615200,Jan 19 2022 - 6:00pm,complete,N/A,Montpellier,Troyes,Jeremy Stinat,20,2.00,0.78,1.37,0.84,0,1,1,0,0,0,"","74",5,4,5,1,1,0,1,5,1,0,13,14,4,6,9,8,12,10,52,48,1.76,1.11,1.36,1.53,2.73,47,80,42,31,15,31,68,53,85,7.61,3.83,1.65,4.02,5.10,1.33,1.80,3.53,6.25,1.83,1.83,Stade de la Mosson (Montpellier)
1642795200,Jan 21 2022 - 8:00pm,complete,N/A,Olympique Lyonnais,Saint-Étienne,Antony Gautier,22,1.70,0.56,2.00,0.74,1,0,1,1,1,0,"15","",2,2,1,0,4,0,0,1,2,2,12,5,4,2,8,3,15,17,59,41,1.83,1.21,1.37,0.65,2.95,73,89,47,37,11,38,74,52,95,10.48,5.58,1.33,4.55,7.50,1.19,1.73,2.30,4.50,1.83,1.91,Groupama Stadium (Décines-Charpieu)
1642867200,Jan 22 2022 - 4:00pm,complete,4358,Brest,Lille,Jérôme Brisard,22,1.20,1.18,1.32,1.37,2,0,2,1,1,0,"3,90'5","",5,10,2,0,3,0,2,0,0,3,12,19,6,6,6,13,7,10,38,62,1.62,1.43,1.41,2.16,2.95,66,86,57,29,14,33,81,48,96,10.32,4.88,2.95,3.50,2.30,1.29,1.86,3.10,6.00,1.67,2.10,Stade Francis-Le Blé (Brest)
1642881600,Jan 22 2022 - 8:00pm,complete,5000,Lens,Olympique Marseille,Stéphanie Frappart,22,1.90,2.22,1.79,2.05,0,2,2,1,0,1,"","34,77",8,5,3,0,2,0,2,1,0,2,10,11,4,6,6,5,7,6,47,53,1.81,1.54,1.23,1.46,2.29,36,63,31,31,11,31,69,31,72,11.50,4.00,2.55,3.40,2.70,1.30,1.96,3.15,6.00,1.73,2.10,Stade Bollaert-Delelis (Lens)
1642939200,Jan 23 2022 - 12:00pm,complete,5000,Metz,Nice,Amaury Delerue,22,0.70,2.20,0.84,1.74,0,2,2,0,0,0,"","58,86",3,4,3,0,1,0,1,2,0,1,9,9,0,8,9,1,14,6,53,47,1.34,1.27,0.91,1.28,2.90,50,85,60,25,15,45,80,60,70,9.30,5.60,3.69,3.35,1.85,1.24,1.83,2.90,5.25,1.73,2.00,Stade Saint-Symphorien (Longeville-lès-Metz)
1642946400,Jan 23 2022 - 2:00pm,complete,N/A,Angers SCO,Troyes,Romain Lissorgue,22,1.44,1.00,1.37,0.84,2,1,3,3,2,1,"26,37","11",3,3,1,0,3,0,0,1,1,2,11,11,4,5,7,6,16,21,43,57,1.49,1.16,1.22,1.35,2.54,42,74,48,27,11,21,53,53,95,9.42,3.64,2.05,3.16,3.35,1.47,2.27,4.40,9.50,1.91,1.80,Stade Raymond-Kopa (Angers)
1642946400,Jan 23 2022 - 2:00pm,complete,3308,Bordeaux,Strasbourg,Mikael Lesage,22,0.64,1.50,0.84,1.32,4,3,7,4,3,1,"17,21,39,90","43,57,90'7",1,3,5,0,2,0,1,4,1,1,14,22,7,8,7,14,11,11,34,66,1.49,1.40,1.54,2.48,2.99,66,86,48,38,23,38,72,62,86,9.47,3.44,3.16,3.21,2.08,1.25,1.71,2.70,4.90,1.62,2.20,Stade Matmut-Atlantique (Bordeaux)
1642946400,Jan 23 2022 - 2:00pm,complete,4535,Clermont,Rennes,Thomas Léonard,22,1.00,1.20,0.95,1.21,2,1,3,1,0,1,"60,71","19",4,6,2,0,3,0,1,1,0,3,11,13,5,5,6,8,9,17,47,53,1.63,1.68,1.43,1.43,2.45,45,80,40,25,5,35,55,55,80,11.20,3.80,3.45,3.35,1.93,1.27,1.90,3.00,5.75,1.80,2.00,Stade Gabriel Montpied (Clermont-Ferrand)
1642946400,Jan 23 2022 - 2:00pm,complete,4275,Nantes,Lorient,Pierre Gaillouste,22,1.70,0.36,1.95,0.63,4,2,6,1,1,0,"39,53,69,86","56,85",7,6,3,0,0,0,1,2,0,0,13,14,8,6,5,8,12,10,54,46,1.61,1.33,1.81,1.69,2.70,52,76,48,43,14,38,72,48,76,9.13,4.10,2.10,3.11,3.21,1.45,2.19,4.25,9.00,1.91,1.80,Stade de la Beaujoire - Louis Fonteneau (Nantes)
1642953900,Jan 23 2022 - 4:05pm,complete,N/A,Montpellier,Monaco,Jérémie Pignard,22,1.82,1.20,1.37,1.53,3,2,5,3,2,1,"13,32,90'1","34,81",5,10,2,0,2,0,0,2,1,1,15,20,8,9,7,11,10,10,39,61,1.72,1.40,1.77,2.50,2.47,43,67,38,33,14,33,72,48,67,8.45,4.70,4.10,3.50,1.92,1.28,1.90,3.00,5.75,1.67,2.10,Stade de la Mosson (Montpellier)
1642967100,Jan 23 2022 - 7:45pm,complete,N/A,PSG,Reims,Eric Wattellier,22,2.80,1.09,2.68,1.32,4,0,4,1,1,0,"44,62,67,75","",14,0,0,0,1,0,0,0,0,1,22,8,9,4,13,4,6,10,68,32,1.88,1.10,2.43,1.05,2.50,57,86,44,20,10,24,72,44,77,9.78,4.35,1.22,6.70,12.50,1.16,1.50,2.14,4.25,2.25,1.62,Parc des Princes (Paris)
1643220000,Jan 26 2022 - 6:00pm,complete,N/A,Angers SCO,Saint-Étienne,Clément Turpin,20,1.60,0.50,1.37,0.74,0,1,1,1,0,1,"","43",3,1,1,0,1,0,0,1,0,1,8,10,4,7,4,3,7,13,53,47,1.47,1.16,1.18,1.40,2.70,50,70,50,35,15,40,70,45,80,10.40,5.20,2.15,3.30,3.40,1.36,1.95,3.75,7.50,1.78,1.93,Stade Raymond-Kopa (Angers)
1643745600,Feb 01 2022 - 8:00pm,complete,N/A,Olympique Lyonnais,Olympique Marseille,Benoît Bastien,14,1.82,2.30,2.00,2.05,2,1,3,1,0,1,"76,89","10",4,6,0,0,0,0,0,0,0,0,13,9,5,3,8,6,8,8,55,45,1.79,1.53,1.68,1.16,2.31,51,76,28,19,10,19,77,38,71,10.36,3.73,2.45,3.40,2.65,1.18,1.88,2.30,4.20,1.50,2.50,Groupama Stadium (Décines-Charpieu)
1644004800,Feb 04 2022 - 8:00pm,complete,N/A,Olympique Marseille,Angers SCO,Jeremy Stinat,23,1.55,1.18,1.68,0.79,5,2,7,4,2,2,"18,21,70,78,85","8,11",6,2,0,0,3,0,0,0,0,3,18,5,8,3,10,2,13,13,60,40,1.73,1.28,2.02,0.69,2.60,73,82,45,32,14,27,60,60,82,11.00,3.55,1.66,4.18,5.75,1.28,1.99,3.30,6.00,1.95,1.80,Stade Orange Vélodrome (Marseille)
1644076800,Feb 05 2022 - 4:00pm,complete,N/A,Saint-Étienne,Montpellier,Thomas Léonard,23,0.64,1.10,0.95,0.89,3,1,4,1,0,1,"82,90,90'3","11",11,0,1,0,0,0,1,0,0,0,28,4,9,3,19,1,11,4,61,39,1.65,1.13,3.05,0.59,3.15,67,91,62,43,14,34,82,57,95,10.10,4.06,2.67,3.35,2.34,1.33,1.84,3.35,6.50,1.70,2.05,Stade Geoffroy-Guichard (Saint-Ètienne)
1644091200,Feb 05 2022 - 8:00pm,complete,N/A,Monaco,Olympique Lyonnais,Ruddy Buquet,23,1.91,1.20,2.11,1.26,2,0,2,2,2,0,"2,27","",3,4,1,0,2,0,0,1,0,2,12,20,8,5,4,15,17,14,36,64,1.60,1.56,1.65,2.01,2.80,53,80,57,38,10,33,86,48,76,10.77,4.53,2.17,3.82,3.01,1.25,1.65,2.75,4.90,1.62,2.20,Stade Louis II (Monaco)
1644148800,Feb 06 2022 - 12:00pm,complete,N/A,Lorient,Lens,Romain Lissorgue,23,1.30,1.27,1.26,1.47,2,0,2,1,1,0,"43,76","",1,4,0,0,3,1,0,0,1,3,8,8,4,0,4,8,14,11,36,64,1.33,1.46,0.96,0.87,2.53,62,76,47,23,14,37,71,43,81,9.52,4.74,3.11,3.26,2.09,1.30,1.95,3.40,6.50,1.75,2.00,Stade Yves Allainmat - Le Moustoir (Lorient)
1644156000,Feb 06 2022 - 2:00pm,complete,N/A,Nice,Clermont,Jérôme Brisard,23,1.64,0.73,1.79,0.95,0,1,1,0,0,0,"","77",5,3,1,0,1,0,1,0,0,1,8,15,4,6,4,9,10,9,55,45,1.70,1.30,1.17,1.73,2.91,46,73,60,36,18,27,73,55,82,9.63,3.18,1.61,3.69,4.65,1.25,1.84,3.10,5.50,1.91,1.91,Allianz Riviera (Nice)
1644156000,Feb 06 2022 - 2:00pm,complete,N/A,Reims,Bordeaux,Antony Gautier,23,1.20,1.00,1.11,0.79,5,0,5,1,1,0,"40,46,59,62,76","",7,4,0,0,1,1,0,0,1,1,17,7,8,0,9,7,5,12,49,51,1.62,1.31,2.01,0.68,3.30,55,80,65,40,25,45,65,50,90,9.00,5.00,2.08,3.30,3.06,1.36,2.08,3.75,7.50,1.91,1.91,Stade Auguste-Delaune II (Reims)
1644156000,Feb 06 2022 - 2:00pm,complete,N/A,Strasbourg,Nantes,Jérémie Pignard,23,1.82,1.09,2.00,0.95,1,0,1,0,0,0,"74","",7,9,3,0,3,0,0,3,1,2,13,12,3,3,10,9,7,8,51,49,1.79,1.23,1.45,1.34,3.00,64,87,50,36,14,41,64,46,87,9.37,4.45,1.86,3.35,3.69,1.33,2.06,3.60,7.00,1.95,1.80,Stade de la Meinau (Strasbourg)
1644156000,Feb 06 2022 - 2:00pm,complete,N/A,Troyes,Metz,Pierre Gaillouste,23,0.91,1.09,1.16,0.79,0,0,0,0,0,0,"","",6,7,1,0,2,0,1,0,2,0,10,7,3,0,7,7,8,14,47,53,1.48,1.18,1.16,0.69,2.46,55,73,46,23,9,36,82,27,69,9.18,4.73,2.09,3.21,2.97,1.36,2.08,3.75,7.50,1.95,1.80,Stade de l'Aube (Troyes)
1644163200,Feb 06 2022 - 4:00pm,complete,N/A,Rennes,Brest,Johan Hamel,23,2.00,1.18,2.26,1.21,2,0,2,1,1,0,"20,90","",6,1,3,0,1,0,2,1,0,1,20,7,10,2,10,5,11,8,61,39,1.97,1.37,2.29,0.89,2.87,64,91,50,23,14,32,87,46,87,10.27,2.82,1.55,4.10,5.40,1.22,1.84,2.90,5.00,1.80,1.95,Roazhon Park (Rennes)
1644176700,Feb 06 2022 - 7:45pm,complete,N/A,Lille,PSG,Amaury Delerue,23,1.90,2.00,1.53,1.84,1,5,6,4,1,3,"28","10,32,38,51,67",4,3,2,0,1,0,0,2,1,0,12,20,6,8,6,12,19,9,41,59,1.62,1.79,1.52,2.21,2.66,72,91,48,24,9,53,86,23,76,10.50,4.55,4.10,3.65,1.80,1.25,1.70,3.10,5.50,1.70,2.05,Stade Pierre-Mauroy (Villeneuve d'Ascq)
1644609600,Feb 11 2022 - 8:00pm,complete,N/A,PSG,Rennes,Benoît Bastien,24,2.82,1.09,2.68,1.21,1,0,1,0,0,0,"90'3","",5,3,2,0,1,0,1,1,0,1,15,15,4,3,11,12,13,10,64,36,1.93,1.65,1.76,1.40,2.82,45,91,55,27,9,32,64,64,87,12.27,3.46,1.44,4.50,7.00,1.20,1.61,2.70,4.75,1.75,1.95,Parc des Princes (Paris)
1644681600,Feb 12 2022 - 4:00pm,complete,N/A,Montpellier,Lille,Stéphanie Frappart,24,1.92,1.08,1.37,1.37,0,1,1,0,0,0,"","77",6,4,3,0,4,0,0,3,3,1,16,17,6,7,10,10,13,15,56,44,1.73,1.49,1.82,1.92,2.92,63,75,50,34,25,42,84,42,84,9.83,5.17,3.15,3.60,2.18,1.30,1.84,3.25,6.50,1.68,2.05,Stade de la Mosson (Montpellier)
1644696000,Feb 12 2022 - 8:00pm,complete,N/A,Olympique Lyonnais,Nice,Benoît Millot,24,1.92,2.27,2.00,1.74,2,0,2,1,1,0,"8,52","",4,1,0,0,1,0,0,0,0,1,13,2,9,2,4,0,11,9,60,40,1.78,1.27,1.92,0.52,2.55,55,83,53,17,4,13,74,61,83,10.52,4.31,2.02,3.75,3.50,1.28,1.73,3.10,6.00,1.63,2.15,Groupama Stadium (Décines-Charpieu)
1644753600,Feb 13 2022 - 12:00pm,complete,N/A,Monaco,Lorient,Bastien Dechepy,24,2.00,0.33,2.11,0.63,0,0,0,0,0,0,"","",11,2,3,0,2,0,1,2,1,1,17,6,5,2,12,4,18,11,65,35,1.60,1.36,2.04,0.65,3.13,59,92,58,50,13,54,84,46,83,9.92,3.50,1.33,4.60,7.50,1.26,1.81,3.10,6.00,2.10,1.66,Stade Louis II (Monaco)
1644760800,Feb 13 2022 - 2:00pm,complete,N/A,Angers SCO,Strasbourg,Pierre Gaillouste,24,1.45,1.36,1.37,1.32,0,1,1,1,0,1,"","11",5,3,3,0,1,0,1,2,1,0,9,11,3,2,6,9,20,11,64,36,1.44,1.50,1.27,1.17,2.82,50,73,50,32,18,32,69,50,82,9.73,3.18,3.00,3.30,2.25,1.33,2.00,3.60,7.00,1.78,1.93,Stade Raymond-Kopa (Angers)
1644760800,Feb 13 2022 - 2:00pm,complete,N/A,Brest,Troyes,Florent Batta,24,1.36,0.91,1.32,0.84,5,1,6,3,2,1,"7,27,49,67,82","45",1,5,1,0,1,0,1,0,1,0,13,6,6,3,7,3,13,11,58,42,1.60,1.17,1.62,0.82,2.64,45,87,45,23,5,23,64,50,96,8.63,4.00,1.91,3.40,4.00,1.33,1.90,3.60,7.50,1.93,1.78,Stade Francis-Le Blé (Brest)
1644760800,Feb 13 2022 - 2:00pm,complete,N/A,Clermont,Saint-Étienne,Ruddy Buquet,24,1.18,0.73,0.95,0.74,1,2,3,1,1,0,"39","71,82",6,3,4,0,1,0,1,3,1,0,11,7,5,4,6,3,16,10,46,54,1.61,1.18,1.29,0.92,2.46,50,69,41,32,5,36,78,46,73,9.36,5.64,2.20,3.30,3.10,1.33,2.00,3.60,7.00,1.71,2.00,Stade Gabriel Montpied (Clermont-Ferrand)
1644760800,Feb 13 2022 - 2:00pm,complete,N/A,Nantes,Reims,Johan Hamel,24,1.82,1.00,1.95,1.32,1,0,1,1,1,0,"17","",5,5,1,0,0,1,0,1,1,0,14,9,4,4,10,5,17,8,61,39,1.63,1.10,1.71,1.05,2.49,52,78,39,27,13,18,70,49,74,9.38,4.60,2.10,3.10,3.50,1.48,2.38,4.75,10.00,1.95,1.75,Stade de la Beaujoire - Louis Fonteneau (Nantes)
1644768300,Feb 13 2022 - 4:05pm,complete,N/A,Lens,Bordeaux,François Letexier,24,1.73,0.91,1.79,0.79,3,2,5,4,3,1,"10,22,26","33,53",6,2,3,0,2,0,1,2,0,2,11,11,9,5,2,6,9,7,43,57,1.76,1.25,1.57,1.25,3.59,55,87,68,55,27,50,78,59,100,9.37,4.91,1.44,4.19,5.94,1.19,1.60,2.50,4.50,1.71,2.00,Stade Bollaert-Delelis (Lens)
1644781500,Feb 13 2022 - 7:45pm,complete,N/A,Metz,Olympique Marseille,Eric Wattellier,24,0.64,2.09,0.84,2.05,1,2,3,1,0,1,"52","26,82",3,8,2,0,2,0,2,0,0,2,12,13,5,4,7,9,11,6,46,54,1.30,1.50,1.35,1.40,2.64,46,82,37,23,18,46,78,46,64,8.91,4.55,4.14,3.63,1.72,1.28,1.76,3.20,6.00,1.87,1.83,Stade Saint-Symphorien (Longeville-lès-Metz)
1645214400,Feb 18 2022 - 8:00pm,complete,N/A,Lille,Metz,Bastien Dechepy,25,1.73,1.08,1.53,0.79,0,0,0,0,0,0,"","",10,1,3,1,4,0,0,4,1,3,13,8,2,0,11,8,10,13,64,36,1.61,1.14,1.37,0.64,2.66,58,79,53,30,13,49,79,30,70,9.69,4.76,1.51,4.12,7.94,1.30,1.85,3.25,6.00,2.20,1.62,Stade Pierre-Mauroy (Villeneuve d'Ascq)
1645286400,Feb 19 2022 - 4:00pm,complete,N/A,Lens,Olympique Lyonnais,Jérôme Brisard,25,1.83,1.09,1.79,1.26,1,1,2,2,1,1,"13","44",4,4,0,0,2,0,0,0,0,2,14,10,7,3,7,7,8,10,37,63,1.74,1.60,1.60,1.26,2.69,48,70,48,39,18,30,75,35,78,11.03,4.90,2.77,3.25,2.18,1.29,1.72,3.00,5.50,1.62,2.20,Stade Bollaert-Delelis (Lens)
1645300800,Feb 19 2022 - 8:00pm,complete,N/A,Nantes,PSG,Mikael Lesage,25,1.92,2.08,1.95,1.84,3,1,4,3,3,0,"4,16,45'6","47",5,7,2,0,6,0,2,0,2,4,14,16,8,9,6,7,16,10,28,72,1.63,1.82,1.72,2.08,2.83,59,80,46,33,21,34,79,50,75,10.33,4.41,6.25,4.20,1.50,1.20,1.64,2.38,4.00,1.70,2.05,Stade de la Beaujoire - Louis Fonteneau (Nantes)
1645358400,Feb 20 2022 - 12:00pm,complete,N/A,Nice,Angers SCO,Romain Lissorgue,25,1.50,1.08,1.79,0.79,1,0,1,1,1,0,"19","",4,5,2,0,2,0,0,2,1,1,14,12,8,4,6,8,11,17,57,43,1.66,1.23,1.87,1.29,2.75,67,80,54,29,13,25,71,55,79,9.67,3.67,1.64,3.65,4.60,1.30,1.84,3.25,6.00,1.80,1.95,Allianz Riviera (Nice)
1645365600,Feb 20 2022 - 2:00pm,complete,N/A,Lorient,Montpellier,Jeremy Stinat,25,1.45,1.00,1.26,0.89,0,1,1,0,0,0,"","56",8,5,2,0,2,0,1,1,0,2,18,8,5,6,13,2,15,9,48,52,1.30,1.08,1.93,1.24,2.50,55,78,41,28,5,27,78,36,82,8.09,4.36,2.50,3.35,2.50,1.33,1.77,3.62,6.75,1.75,2.00,Stade Yves Allainmat - Le Moustoir (Lorient)
1645365600,Feb 20 2022 - 2:00pm,complete,N/A,Reims,Brest,Hakim Ben El Hadj,25,1.36,1.08,1.11,1.21,1,1,2,2,1,1,"4","34",1,6,1,0,2,0,0,1,0,2,9,14,4,4,5,10,10,17,44,56,1.65,1.33,1.03,1.52,2.56,60,82,48,22,9,18,69,39,87,10.03,3.50,2.25,3.30,2.90,1.36,2.05,3.50,6.50,1.80,1.95,Stade Auguste-Delaune II (Reims)
1645365600,Feb 20 2022 - 2:00pm,complete,N/A,Rennes,Troyes,Clément Turpin,25,2.08,0.83,2.26,0.84,4,1,5,3,2,1,"14,20,75,87","39",6,7,1,0,4,0,1,0,0,4,18,4,10,2,8,2,11,16,63,37,2.00,1.14,2.17,0.63,2.84,42,83,46,25,17,38,71,42,88,9.75,3.59,1.35,4.55,7.00,1.25,1.74,2.75,5.00,2.00,1.75,Roazhon Park (Rennes)
1645365600,Feb 20 2022 - 2:00pm,complete,N/A,Saint-Étienne,Strasbourg,Antony Gautier,25,0.83,1.50,0.95,1.32,2,2,4,4,2,2,"4,34","21,30",3,4,3,0,2,0,1,2,1,1,9,8,5,5,4,3,12,6,51,49,1.76,1.47,1.13,1.18,3.05,63,84,55,38,17,25,75,63,92,10.42,3.08,3.70,3.35,1.90,1.33,1.75,2.08,6.00,1.70,2.05,Stade Geoffroy-Guichard (Saint-Ètienne)
1645373100,Feb 20 2022 - 4:05pm,complete,N/A,Bordeaux,Monaco,Jérémie Pignard,25,0.83,1.09,0.84,1.53,1,1,2,1,1,0,"22","67",2,7,3,0,3,1,1,2,3,1,12,14,4,6,8,8,13,13,47,53,1.49,1.50,1.26,1.79,3.02,64,83,52,43,26,43,74,65,74,9.37,4.56,4.80,3.90,1.67,1.20,1.61,2.45,4.20,1.62,2.20,Stade Matmut-Atlantique (Bordeaux)
1645386300,Feb 20 2022 - 7:45pm,complete,N/A,Olympique Marseille,Clermont,Willy Delajod,25,1.67,0.92,1.68,0.95,0,2,2,1,0,1,"","13,84",8,3,2,0,2,0,0,2,0,2,18,5,5,4,13,1,11,9,65,35,1.76,1.34,2.19,0.73,2.96,50,71,50,42,25,34,58,58,88,10.58,2.92,1.50,4.20,6.25,1.25,1.77,2.75,5.00,2.00,1.75,Stade Orange Vélodrome (Marseille)
1645819200,Feb 25 2022 - 8:00pm,complete,N/A,Montpellier,Rennes,Amaury Delerue,26,1.77,1.00,1.37,1.21,2,4,6,4,2,2,"19,41","8,15,52,84",7,1,3,0,2,0,1,2,1,1,13,10,6,8,7,2,11,11,47,53,1.73,1.63,1.49,1.45,2.64,44,73,40,28,20,36,56,52,85,10.36,3.83,3.30,3.40,2.10,1.30,2.00,3.25,6.00,1.80,1.95,Stade de la Mosson (Montpellier)
1645891200,Feb 26 2022 - 4:00pm,complete,N/A,Strasbourg,Nice,Stéphanie Frappart,26,1.92,2.08,2.00,1.74,0,0,0,0,0,0,"","",8,2,1,0,1,2,0,1,1,2,22,4,10,0,12,4,9,12,63,37,1.77,1.21,2.71,0.43,2.79,42,84,54,25,9,25,75,54,84,10.59,4.91,2.05,3.23,3.23,1.33,1.95,3.60,7.00,1.80,1.95,Stade de la Meinau (Strasbourg)
1645905600,Feb 26 2022 - 8:00pm,complete,N/A,PSG,Saint-Étienne,Pierre Gaillouste,26,2.83,0.92,2.68,0.74,3,1,4,2,1,1,"42,47,52","16",8,3,2,0,1,0,0,2,1,0,25,14,11,6,14,8,9,13,62,38,1.91,1.16,2.71,1.68,2.71,46,75,50,33,8,34,79,50,79,10.33,5.00,1.19,7.10,13.50,1.10,1.32,1.87,3.00,2.00,1.75,Parc des Princes (Paris)
1645963200,Feb 27 2022 - 12:00pm,complete,N/A,Monaco,Reims,Benoît Millot,26,1.92,0.92,2.11,1.32,1,2,3,0,0,0,"55","84,90'3",10,3,2,1,2,0,1,2,2,0,20,13,7,9,13,4,15,12,69,31,1.63,1.09,2.46,1.56,2.46,50,85,43,27,4,35,77,39,73,10.30,4.15,1.50,3.60,6.50,1.30,1.86,3.40,6.50,2.05,1.70,Stade Louis II (Monaco)
1645970400,Feb 27 2022 - 2:00pm,complete,N/A,Angers SCO,Lens,Thomas Léonard,26,1.33,1.17,1.37,1.47,1,2,3,0,0,0,"49","73,76",7,3,3,1,3,0,0,4,2,1,14,10,5,4,9,6,12,15,48,52,1.43,1.41,1.47,1.15,2.84,55,75,59,34,21,42,75,46,80,10.33,4.33,3.10,2.70,2.50,1.35,2.03,3.60,7.50,1.80,1.95,Stade Raymond-Kopa (Angers)
1645970400,Feb 27 2022 - 2:00pm,complete,N/A,Brest,Lorient,Benoît Bastien,26,1.50,0.38,1.32,0.63,0,1,1,0,0,0,"","73",4,6,2,1,4,0,2,1,3,1,5,18,0,8,5,10,12,15,45,55,1.60,1.31,0.61,2.00,3.04,56,85,52,44,20,36,72,48,89,8.85,3.52,2.00,3.00,3.90,1.35,1.92,3.60,7.00,1.91,1.91,Stade Francis-Le Blé (Brest)
1645970400,Feb 27 2022 - 2:00pm,complete,N/A,Clermont,Bordeaux,Eric Wattellier,26,1.08,0.83,0.95,0.79,1,1,2,2,1,1,"32","13",6,6,1,0,2,0,0,1,1,1,9,10,3,4,6,6,5,13,54,46,1.59,1.25,1.13,1.11,3.46,63,88,71,46,25,46,84,67,88,7.92,5.00,1.71,3.75,4.10,1.28,1.72,3.20,6.00,1.75,2.00,Stade Gabriel Montpied (Clermont-Ferrand)
1645970400,Feb 27 2022 - 2:00pm,complete,N/A,Metz,Nantes,Florent Batta,26,0.58,1.00,0.84,0.95,0,0,0,0,0,0,"","",3,4,1,1,2,0,0,2,1,1,9,13,2,4,7,9,14,15,49,51,1.31,1.24,0.93,1.47,2.83,63,84,46,29,17,50,59,50,79,8.00,4.92,2.80,3.20,2.40,1.44,2.17,4.50,9.50,1.95,1.80,Stade Saint-Symphorien (Longeville-lès-Metz)
1645977900,Feb 27 2022 - 4:05pm,complete,N/A,Troyes,Olympique Marseille,François Letexier,26,0.92,2.17,1.16,2.05,1,1,2,1,0,1,"90","28",5,8,5,0,3,0,3,2,1,2,11,10,5,4,6,6,15,8,42,58,1.46,1.49,1.38,1.14,2.00,46,67,29,8,4,25,83,21,58,10.50,3.75,4.60,3.80,1.75,1.28,1.79,3.10,6.00,1.80,1.95,Stade de l'Aube (Troyes)
1645991100,Feb 27 2022 - 7:45pm,complete,N/A,Olympique Lyonnais,Lille,Clément Turpin,26,2.00,1.23,2.00,1.37,0,1,1,1,0,1,"","35",7,3,3,0,2,0,2,1,0,2,21,7,10,3,11,4,13,15,64,36,1.79,1.53,2.60,0.83,2.77,73,85,50,23,12,27,81,43,92,10.30,4.69,1.80,3.90,4.20,1.25,1.76,3.00,5.50,1.70,2.05,Groupama Stadium (Décines-Charpieu)
1646424000,Mar 04 2022 - 8:00pm,complete,N/A,Lorient,Olympique Lyonnais,Romain Lissorgue,27,1.33,1.08,1.26,1.26,1,4,5,2,0,2,"57","5,26,59,78",8,3,1,0,0,0,1,0,0,0,18,17,7,9,11,8,9,14,37,63,1.35,1.57,1.92,2.03,2.05,46,63,30,13,9,17,71,29,63,9.09,4.59,4.22,3.75,1.83,1.30,1.85,3.30,6.50,1.70,2.05,Stade Yves Allainmat - Le Moustoir (Lorient)
1646496000,Mar 05 2022 - 4:00pm,complete,36305,Lens,Brest,Johan Hamel,27,1.77,1.08,1.79,1.21,0,1,1,0,0,0,"","59",4,0,1,0,1,0,0,1,0,1,24,6,8,4,16,2,14,11,63,37,1.73,1.35,2.47,0.86,2.74,70,89,46,31,8,35,81,39,89,10.15,3.54,1.75,3.70,4.60,1.24,1.75,2.86,5.10,1.77,1.95,Stade Bollaert-Delelis (Lens)
1646510400,Mar 05 2022 - 8:00pm,complete,31949,Nice,PSG,Willy Delajod,27,1.62,1.92,1.79,1.84,1,0,1,0,0,0,"88","",3,4,1,0,0,0,1,0,0,0,12,9,6,2,6,7,15,10,43,57,1.68,1.84,1.45,1.04,2.77,62,77,54,31,16,39,81,38,77,10.31,4.31,4.00,4.20,1.70,1.20,1.60,2.70,4.75,1.62,2.15,Allianz Riviera (Nice)
1646568000,Mar 06 2022 - 12:00pm,complete,N/A,Saint-Étienne,Metz,Jeremy Stinat,27,0.85,1.08,0.95,0.79,1,0,1,0,0,0,"52","",12,3,3,0,4,0,1,2,2,2,15,7,8,2,7,5,11,18,55,45,1.72,1.10,1.94,0.75,2.77,58,77,58,39,15,27,70,54,77,10.23,4.23,2.00,3.25,4.10,1.36,2.05,3.55,7.00,1.91,1.91,Stade Geoffroy-Guichard (Saint-Ètienne)
1646575200,Mar 06 2022 - 2:00pm,complete,N/A,Bordeaux,Troyes,Ruddy Buquet,27,0.85,0.77,0.84,0.84,0,2,2,1,0,1,"","28,87",6,2,6,0,1,1,2,4,0,2,10,11,6,3,4,8,18,15,61,39,1.47,1.10,1.39,1.08,3.19,70,89,54,39,27,42,70,62,89,8.31,4.31,2.30,3.30,3.15,1.33,2.00,3.60,7.00,1.75,2.00,Stade Matmut-Atlantique (Bordeaux)
1646575200,Mar 06 2022 - 2:00pm,complete,N/A,Nantes,Montpellier,Hakim Ben El Hadj,27,2.00,1.17,1.95,0.89,2,0,2,0,0,0,"69,90'3","",6,4,1,0,1,0,1,0,0,1,17,7,6,2,11,5,11,11,45,55,1.64,1.10,1.83,0.82,2.89,52,76,52,44,12,33,80,48,81,9.29,4.50,2.15,3.35,3.55,1.38,1.91,3.75,8.00,1.91,1.91,Stade de la Beaujoire - Louis Fonteneau (Nantes)
1646575200,Mar 06 2022 - 2:00pm,complete,N/A,Reims,Strasbourg,Jérémie Pignard,27,1.33,1.46,1.11,1.32,1,1,2,0,0,0,"84","69",2,4,0,0,2,0,0,0,0,2,9,17,2,6,7,11,6,11,55,45,1.60,1.45,1.00,1.93,2.71,48,72,44,32,16,32,64,36,76,10.00,3.69,3.40,3.15,2.30,1.40,2.20,4.00,8.50,1.91,1.91,Stade Auguste-Delaune II (Reims)
1646575200,Mar 06 2022 - 2:00pm,complete,N/A,Rennes,Angers SCO,Benoît Millot,27,2.15,1.00,2.26,0.79,2,0,2,1,1,0,"33,87","",7,7,1,0,1,0,0,1,0,1,16,8,5,3,11,5,11,7,57,43,2.01,1.24,1.74,0.94,2.97,58,85,46,31,23,35,77,50,81,10.69,3.38,1.43,4.60,7.50,1.26,1.86,3.10,6.00,2.00,1.75,Roazhon Park (Rennes)
1646582700,Mar 06 2022 - 4:05pm,complete,N/A,Lille,Clermont,Thomas Léonard,27,1.67,1.08,1.53,0.95,4,0,4,1,1,0,"3,71,84,90","",3,2,1,0,2,1,0,1,1,2,15,9,9,2,6,7,15,9,48,52,1.59,1.29,1.79,0.99,2.75,49,76,48,32,16,41,73,36,80,9.75,3.71,1.72,3.60,5.24,1.35,2.01,3.75,7.50,1.95,1.80,Stade Pierre-Mauroy (Villeneuve d'Ascq)
1646595900,Mar 06 2022 - 7:45pm,complete,N/A,Olympique Marseille,Monaco,Antony Gautier,27,1.54,1.08,1.68,1.53,0,1,1,0,0,0,"","58",10,3,2,0,1,0,0,2,0,1,13,6,3,4,10,2,13,9,67,33,1.79,1.53,1.57,0.94,2.64,56,76,44,36,16,36,69,52,76,11.29,4.29,2.35,3.25,3.16,1.30,1.86,3.30,6.50,1.67,2.10,Stade Orange Vélodrome (Marseille)
1647028800,Mar 11 2022 - 8:00pm,complete,N/A,Lille,Saint-Étienne,Florent Batta,28,1.77,0.85,1.53,0.74,0,0,0,0,0,0,"","",2,3,1,0,1,0,0,1,0,1,10,11,3,4,7,7,14,12,51,49,1.61,1.20,1.11,1.17,2.69,58,77,50,35,8,50,85,35,73,9.54,5.30,1.65,4.02,5.15,1.32,1.80,3.50,7.00,1.95,1.80,Stade Pierre-Mauroy (Villeneuve d'Ascq)
1647100800,Mar 12 2022 - 4:00pm,complete,N/A,Montpellier,Nice,Clément Turpin,28,1.64,2.00,1.37,1.74,0,0,0,0,0,0,"","",13,1,3,0,2,1,1,2,3,0,20,9,5,0,15,9,10,8,57,43,1.72,1.15,2.16,0.81,2.54,37,67,45,26,18,26,70,52,74,9.55,4.83,2.80,3.40,2.20,1.32,1.92,3.40,6.50,1.70,2.05,Stade de la Mosson (Montpellier)
1647115200,Mar 12 2022 - 8:00pm,complete,N/A,Troyes,Nantes,Stéphanie Frappart,28,0.92,1.00,1.16,0.95,1,0,1,1,1,0,"43","",8,4,1,0,1,0,0,1,0,1,11,7,3,2,8,5,7,16,44,56,1.45,1.26,1.22,1.02,2.08,58,66,31,16,4,31,62,20,70,9.38,4.38,2.68,3.36,2.89,1.44,2.25,4.33,9.00,1.95,1.80,Stade de l'Aube (Troyes)
1647172800,Mar 13 2022 - 12:00pm,complete,44000,PSG,Bordeaux,François Letexier,28,2.85,0.85,2.68,0.79,3,0,3,1,1,0,"24,52,61","",2,4,1,0,3,0,1,0,2,1,12,18,5,7,7,11,5,9,57,43,1.98,1.24,1.49,2.05,3.62,58,93,74,50,27,50,85,66,89,9.30,4.38,1.12,7.50,19.00,1.12,1.36,2.30,3.25,2.20,1.62,Parc des Princes (Paris)
1647180000,Mar 13 2022 - 2:00pm,complete,5960,Angers SCO,Reims,Mikael Lesage,28,1.23,1.07,1.37,1.32,0,1,1,1,0,1,"","24",4,2,5,1,2,1,0,6,2,1,17,12,7,5,10,7,19,8,63,37,1.43,1.13,1.95,1.31,2.34,52,71,45,19,11,19,63,41,70,9.55,4.05,2.25,2.80,3.65,1.50,2.10,5.00,10.00,2.05,1.70,Stade Raymond-Kopa (Angers)
1647180000,Mar 13 2022 - 2:00pm,complete,11359,Clermont,Lorient,Bastien Dechepy,28,1.08,0.57,0.95,0.63,0,2,2,0,0,0,"","72,76",2,2,1,0,2,0,0,1,0,2,11,9,2,7,9,2,14,14,53,47,1.55,1.36,1.17,1.27,2.62,60,74,48,37,11,37,71,45,74,9.24,4.15,2.35,2.70,3.60,1.40,2.20,4.00,8.50,1.91,1.91,Stade Gabriel Montpied (Clermont-Ferrand)
1647180000,Mar 13 2022 - 2:00pm,complete,15687,Metz,Lens,Amaury Delerue,28,0.62,1.31,0.84,1.47,0,0,0,0,0,0,"","",5,4,5,0,2,0,3,2,0,2,7,12,4,0,3,12,11,14,49,51,1.28,1.39,0.99,1.04,3.16,66,92,62,35,23,58,73,58,81,8.31,5.54,3.30,3.45,2.05,1.38,2.10,4.00,8.00,1.95,1.80,Stade Saint-Symphorien (Longeville-lès-Metz)
1647180000,Mar 13 2022 - 2:00pm,complete,25231,Strasbourg,Monaco,Eric Wattellier,28,1.85,1.23,2.00,1.53,1,0,1,1,1,0,"23","",6,7,1,0,2,0,0,1,2,0,13,7,4,0,9,7,10,13,45,55,1.84,1.48,1.51,0.87,2.70,50,77,46,35,12,35,69,46,77,10.39,4.85,2.45,2.95,3.10,1.34,1.90,3.60,7.20,1.80,1.95,Stade de la Meinau (Strasbourg)
1647187500,Mar 13 2022 - 4:05pm,complete,46597,Olympique Lyonnais,Rennes,Antony Gautier,28,1.86,1.15,2.00,1.21,2,4,6,3,0,3,"59,82","11,13,45'1,49",8,2,2,0,3,0,2,0,1,2,14,12,4,9,10,3,8,12,62,38,1.85,1.62,1.51,1.65,2.71,59,86,45,22,11,26,63,56,89,10.60,3.34,2.10,3.40,3.35,1.28,1.80,3.10,6.00,1.67,2.10,Groupama Stadium (Décines-Charpieu)
1647200700,Mar 13 2022 - 7:45pm,complete,N/A,Brest,Olympique Marseille,Ruddy Buquet,28,1.38,2.08,1.32,2.05,1,4,5,1,0,1,"90'1","3,63,71,90'2",0,3,1,0,4,0,1,0,1,3,11,14,4,7,7,7,11,15,47,53,1.52,1.46,1.29,1.60,2.46,42,77,35,20,12,19,77,43,81,10.54,3.77,3.40,3.10,2.23,1.30,1.85,3.25,6.50,1.70,2.05,Stade Francis-Le Blé (Brest)
1647633600,Mar 18 2022 - 8:00pm,complete,N/A,Saint-Étienne,Troyes,Romain Lissorgue,29,1.00,0.93,0.95,0.84,1,1,2,1,0,1,"67","18",1,4,2,0,2,0,0,2,0,2,11,11,4,6,7,5,13,9,63,37,1.73,1.10,1.35,1.30,2.97,61,86,57,36,14,29,68,57,93,10.07,3.93,1.93,3.55,3.70,1.36,2.15,3.60,7.25,1.95,1.80,Stade Geoffroy-Guichard (Saint-Ètienne)
1647705600,Mar 19 2022 - 4:00pm,complete,N/A,Lens,Clermont,Jeremy Stinat,29,1.64,1.00,1.79,0.95,3,1,4,3,2,1,"39,45'4,58","9",7,2,1,0,1,0,0,1,0,1,19,9,9,2,10,7,15,13,60,40,1.79,1.27,2.17,0.89,2.86,40,71,47,43,18,32,64,43,93,10.07,3.50,1.68,3.55,5.40,1.27,1.80,3.05,6.00,1.80,1.95,Stade Bollaert-Delelis (Lens)
1647720000,Mar 19 2022 - 8:00pm,complete,25977,Nantes,Lille,Pierre Gaillouste,29,2.07,1.36,1.95,1.37,0,1,1,1,0,1,"","41",7,7,3,0,4,1,0,3,1,4,13,13,4,4,9,9,19,15,52,48,1.65,1.48,1.49,1.35,2.64,54,71,47,29,14,29,79,43,79,10.50,5.14,3.29,2.70,2.63,1.45,2.15,4.50,9.50,1.91,1.91,Stade de la Beaujoire - Louis Fonteneau (Nantes)
1647777600,Mar 20 2022 - 12:00pm,complete,N/A,Monaco,PSG,Benoît Bastien,29,1.79,1.79,2.11,1.84,3,0,3,1,1,0,"25,68,84","",6,7,3,0,3,0,1,2,0,3,14,14,8,6,6,8,17,10,39,61,1.69,1.79,1.78,1.67,2.90,61,90,54,36,11,50,79,43,83,11.57,4.29,3.20,3.87,2.21,1.21,1.62,2.69,4.50,1.57,2.25,Stade Louis II (Monaco)
1647784800,Mar 20 2022 - 2:00pm,complete,7734,Angers SCO,Brest,Jérémie Pignard,29,1.14,1.21,1.37,1.21,1,0,1,1,1,0,"39","",6,11,2,0,1,0,2,0,1,0,11,17,4,3,7,14,0,1,50,50,1.47,1.31,1.31,1.79,2.43,61,75,47,18,7,21,75,43,75,9.07,3.50,2.22,3.44,3.55,1.34,2.01,3.40,6.75,1.80,1.95,Stade Raymond-Kopa (Angers)
1647784800,Mar 20 2022 - 2:00pm,complete,N/A,Bordeaux,Montpellier,Thomas Léonard,29,0.79,1.08,0.84,0.89,0,2,2,2,0,2,"","11,16",11,4,3,0,0,2,3,0,2,0,33,7,11,3,22,4,18,7,58,42,1.47,1.07,3.52,0.79,3.18,67,89,52,45,22,41,78,55,89,8.64,4.60,2.75,3.77,2.55,1.27,1.80,2.95,5.50,1.70,2.05,Stade Matmut-Atlantique (Bordeaux)
1647784800,Mar 20 2022 - 2:00pm,complete,N/A,Lorient,Strasbourg,Benoît Millot,29,1.23,1.43,1.26,1.32,0,0,0,0,0,0,"","",6,5,2,0,2,0,1,1,1,1,10,13,3,4,7,9,0,1,50,50,1.39,1.49,1.09,1.42,2.43,52,71,33,22,11,26,67,41,78,8.92,3.64,3.17,3.47,2.39,1.37,2.02,3.70,7.25,1.91,1.91,Stade Yves Allainmat - Le Moustoir (Lorient)
1647784800,Mar 20 2022 - 2:00pm,complete,N/A,Rennes,Metz,Willy Delajod,29,2.21,1.00,2.26,0.79,6,1,7,3,3,0,"18,27,40,54,58,64","87",10,1,1,0,2,0,0,1,1,1,21,4,9,3,12,1,13,11,64,36,1.99,1.07,2.27,0.58,2.61,36,72,43,29,22,36,72,36,75,10.43,4.22,1.20,6.30,13.43,1.25,1.75,2.95,6.00,2.20,1.62,Roazhon Park (Rennes)
1647792300,Mar 20 2022 - 4:05pm,complete,N/A,Reims,Olympique Lyonnais,Johan Hamel,29,1.31,1.23,1.11,1.26,0,0,0,0,0,0,"","",7,3,0,0,3,0,0,0,2,1,7,10,4,3,3,7,12,13,36,64,1.55,1.61,1.07,1.14,2.50,50,69,42,27,19,27,66,35,66,10.00,4.23,3.85,3.63,1.92,1.32,1.82,3.40,6.75,1.91,1.91,Stade Auguste-Delaune II (Reims)
1647805500,Mar 20 2022 - 7:45pm,complete,N/A,Olympique Marseille,Nice,Jérôme Brisard,29,1.43,1.93,1.68,1.74,2,1,3,1,1,0,"45'4,89","90'2",3,2,2,0,2,0,0,2,1,1,15,10,6,3,9,7,12,11,57,43,1.77,1.12,1.70,1.04,2.32,39,68,43,22,11,22,61,50,75,11.29,4.36,1.95,3.87,3.96,1.33,1.81,3.65,7.50,1.91,1.91,Stade Orange Vélodrome (Marseille)
1648911600,Apr 02 2022 - 3:00pm,complete,N/A,Nice,Rennes,Benoît Bastien,30,1.71,1.29,1.79,1.21,1,1,2,0,0,0,"67","78",7,11,2,0,1,0,1,1,0,1,11,16,4,5,7,11,12,12,39,61,1.66,1.62,1.26,1.73,2.65,47,72,50,25,14,32,61,50,82,10.21,3.50,3.10,3.30,2.30,1.30,1.90,3.25,6.25,1.70,2.05,Allianz Riviera (Nice)
1648918800,Apr 02 2022 - 5:00pm,complete,N/A,Lille,Bordeaux,Bastien Dechepy,30,1.71,0.79,1.53,0.79,0,0,0,0,0,0,"","",7,2,2,0,3,1,2,0,2,2,23,3,4,0,19,3,0,1,66,34,1.57,1.30,2.26,0.36,3.36,61,90,68,43,25,57,86,46,79,8.29,4.78,1.50,4.20,6.50,1.25,1.87,2.90,5.25,1.91,1.91,Stade Pierre-Mauroy (Villeneuve d'Ascq)
1648983600,Apr 03 2022 - 11:00am,complete,N/A,Strasbourg,Lens,François Letexier,30,1.93,1.29,2.00,1.47,1,0,1,0,0,0,"67","",2,6,3,0,1,0,3,0,1,0,9,14,4,3,5,11,8,8,49,51,1.81,1.37,1.20,1.38,2.97,57,83,57,36,18,43,71,47,83,10.43,4.93,2.20,3.30,3.40,1.35,2.05,3.60,7.00,1.91,1.91,Stade de la Meinau (Strasbourg)
1648990800,Apr 03 2022 - 1:00pm,complete,N/A,Clermont,Nantes,Mikael Lesage,30,1.00,0.93,0.95,0.95,2,3,5,1,0,1,"58,63","43,62,67",5,6,5,1,1,0,3,3,1,0,14,11,5,5,9,6,10,10,55,45,1.52,1.24,1.55,1.26,2.22,54,68,36,21,4,29,57,43,71,9.28,4.21,2.65,3.20,2.75,1.43,2.30,3.90,8.00,2.00,1.75,Stade Gabriel Montpied (Clermont-Ferrand)
1648990800,Apr 03 2022 - 1:00pm,complete,N/A,Metz,Monaco,Jérôme Brisard,30,0.64,1.14,0.84,1.53,1,2,3,0,0,0,"62","46,72",3,6,0,0,0,0,0,0,0,0,19,17,7,5,12,12,6,9,43,57,1.26,1.44,1.87,1.93,2.54,50,75,43,29,14,43,68,50,64,8.50,5.43,6.10,3.95,1.57,1.32,1.95,3.39,6.25,2.00,1.75,Stade Saint-Symphorien (Longeville-lès-Metz)
1648990800,Apr 03 2022 - 1:00pm,complete,N/A,Montpellier,Brest,Florent Batta,30,1.60,1.13,1.37,1.21,1,2,3,0,0,0,"90'4","69,79",7,5,2,0,4,0,2,0,2,2,10,13,3,6,7,7,16,14,60,40,1.75,1.34,1.14,1.54,2.60,60,74,40,27,17,30,77,44,77,9.40,3.67,2.15,3.40,3.40,1.28,1.85,3.07,5.50,1.67,2.10,Stade de la Mosson (Montpellier)
1648990800,Apr 03 2022 - 1:00pm,complete,N/A,Saint-Étienne,Olympique Marseille,Clément Turpin,30,1.00,2.14,0.95,2.05,2,4,6,2,1,1,"9,86","45'2,60,68,73",2,9,2,0,1,0,1,1,0,1,7,17,4,11,3,6,14,12,30,70,1.71,1.47,0.84,2.27,2.61,58,79,45,27,14,17,80,48,79,11.56,3.67,3.68,3.42,2.11,1.32,2.03,3.40,6.50,1.80,1.95,Stade Geoffroy-Guichard (Saint-Ètienne)
1648990800,Apr 03 2022 - 1:00pm,complete,N/A,Troyes,Reims,Ruddy Buquet,30,1.07,1.20,1.16,1.32,1,0,1,0,0,0,"90'3","",6,3,1,0,3,1,0,1,2,2,22,11,6,5,16,6,15,11,57,43,1.43,1.14,2.24,1.36,2.03,55,69,31,10,4,21,77,20,62,9.09,4.54,2.55,3.10,3.00,1.50,2.48,5.00,9.75,2.10,1.67,Stade de l'Aube (Troyes)
1648998300,Apr 03 2022 - 3:05pm,complete,N/A,Olympique Lyonnais,Angers SCO,Eric Wattellier,30,1.73,0.93,2.00,0.79,3,2,5,1,1,0,"26,52,80","50,59",9,2,1,0,1,0,0,1,0,1,17,10,5,5,12,5,4,13,62,38,1.83,1.22,1.87,1.23,2.83,72,87,45,28,14,21,76,55,83,9.97,3.53,1.40,4.75,8.00,1.23,1.67,2.70,4.80,1.95,1.80,Groupama Stadium (Décines-Charpieu)
1649011500,Apr 03 2022 - 6:45pm,complete,N/A,PSG,Lorient,Hakim Ben El Hadj,30,2.86,0.73,2.68,0.63,5,1,6,2,2,0,"12,28,67,73,90","56",3,1,2,0,1,0,0,2,1,0,17,12,8,4,9,8,7,14,67,33,1.94,1.35,2.09,1.23,2.87,48,80,56,42,14,35,70,52,83,9.87,3.64,1.16,6.60,11.00,1.12,1.36,1.87,3.25,1.95,1.80,Parc des Princes (Paris)
1649444400,Apr 08 2022 - 7:00pm,complete,N/A,Lorient,Saint-Étienne,Ruddy Buquet,31,1.21,0.86,1.26,0.74,6,2,8,4,2,2,"42,45'1,61,65,86,89","4,22",2,3,2,0,4,1,1,1,3,2,22,15,15,5,7,10,18,18,44,56,1.37,1.20,2.65,1.53,2.15,47,61,32,22,7,29,68,36,71,8.93,4.86,2.38,3.20,3.10,1.44,2.45,4.50,9.50,1.95,1.77,Stade Yves Allainmat - Le Moustoir (Lorient)
1649516400,Apr 09 2022 - 3:00pm,complete,10243,Reims,Rennes,Romain Lissorgue,31,1.29,1.27,1.11,1.21,2,3,5,2,0,2,"60,81","39,43,58",2,6,2,0,0,0,1,1,0,0,15,16,7,8,8,8,15,7,40,60,1.52,1.63,1.79,1.79,2.57,48,76,42,24,17,31,45,48,82,11.26,3.44,4.06,3.72,2.00,1.40,1.96,4.00,8.50,1.90,1.80,Stade Auguste-Delaune II (Reims)
1649530800,Apr 09 2022 - 7:00pm,complete,N/A,Clermont,PSG,Eric Wattellier,31,0.93,1.67,0.95,1.84,1,6,7,3,1,2,"42","6,19,71,74,80,83",2,5,1,0,1,0,0,1,0,1,11,19,6,12,5,7,8,7,36,64,1.53,1.78,1.30,2.32,2.77,64,84,50,30,14,37,77,50,80,10.14,4.87,7.80,5.55,1.41,1.16,1.47,2.28,4.00,1.70,2.05,Stade Gabriel Montpied (Clermont-Ferrand)
1649588400,Apr 10 2022 - 11:00am,complete,N/A,Bordeaux,Metz,Jérémie Pignard,31,0.73,0.93,0.84,0.79,3,1,4,1,0,1,"52,68,88","20",5,6,3,0,2,0,1,2,2,0,13,11,8,4,5,7,15,15,58,42,1.60,1.04,1.76,1.12,2.90,57,77,47,37,27,40,70,50,74,9.00,5.13,1.90,3.30,4.33,1.40,2.15,4.00,8.00,1.95,1.77,Stade Matmut-Atlantique (Bordeaux)
1649595600,Apr 10 2022 - 1:00pm,complete,N/A,Angers SCO,Lille,Thomas Léonard,31,1.27,1.47,1.37,1.37,1,1,2,0,0,0,"64","74",6,7,3,0,2,0,1,2,1,1,15,19,5,4,10,15,10,12,35,65,1.46,1.47,1.60,1.98,2.40,50,60,47,20,13,27,77,34,70,10.73,5.33,3.40,3.10,2.25,1.45,2.40,4.50,9.50,1.98,1.75,Stade Raymond-Kopa (Angers)
1649595600,Apr 10 2022 - 1:00pm,complete,N/A,Brest,Nantes,Johan Hamel,31,1.29,1.07,1.32,0.95,1,1,2,1,0,1,"67","10",4,5,1,0,3,0,0,1,1,2,12,13,6,6,6,7,10,13,52,48,1.51,1.24,1.53,1.49,2.67,52,73,42,32,17,24,59,45,87,8.97,3.86,2.60,3.13,2.80,1.40,2.25,4.00,8.00,1.90,1.80,Stade Francis-Le Blé (Brest)
1649595600,Apr 10 2022 - 1:00pm,complete,N/A,Monaco,Troyes,Mikael Lesage,31,1.87,0.93,2.11,0.84,2,1,3,2,1,1,"19,57","39",10,1,2,0,2,0,1,1,0,2,12,9,4,2,8,7,12,9,56,44,1.70,1.12,1.52,0.93,2.80,50,90,54,30,7,40,74,50,87,10.13,4.26,1.33,4.80,9.50,1.24,1.78,2.95,5.50,2.15,1.63,Stade Louis II (Monaco)
1649603100,Apr 10 2022 - 3:05pm,complete,N/A,Lens,Nice,Willy Delajod,31,1.73,1.80,1.79,1.74,3,0,3,0,0,0,"51,55,67","",1,7,2,1,3,2,2,1,2,3,7,17,4,7,3,10,1,0,43,57,1.81,1.12,0.85,2.05,2.40,40,70,47,27,7,27,67,40,80,10.54,4.60,2.30,3.30,3.10,1.33,2.00,3.60,7.00,1.78,1.93,Stade Bollaert-Delelis (Lens)
1649610000,Apr 10 2022 - 5:00pm,complete,N/A,Strasbourg,Olympique Lyonnais,Clément Turpin,31,2.00,1.21,2.00,1.26,1,1,2,1,1,0,"20","90",5,3,3,0,1,0,0,3,0,1,15,14,5,5,10,9,19,14,42,58,1.77,1.58,1.59,1.48,2.62,49,69,45,31,17,31,73,38,65,9.81,4.70,2.40,3.30,2.90,1.30,1.93,2.02,6.00,1.72,2.00,Stade de la Meinau (Strasbourg)
1649617200,Apr 10 2022 - 7:00pm,complete,N/A,Olympique Marseille,Montpellier,Jeremy Stinat,31,1.53,1.21,1.68,0.89,2,0,2,2,2,0,"9,19","",0,8,0,0,2,1,0,0,1,2,11,7,5,3,6,4,12,13,62,38,1.77,1.05,1.34,1.03,2.83,55,80,49,38,14,38,70,48,87,10.46,4.03,1.52,4.50,5.80,1.25,1.65,3.00,5.50,1.82,1.88,Stade Orange Vélodrome (Marseille)
1650049200,Apr 15 2022 - 7:00pm,complete,N/A,Rennes,Monaco,Stéphanie Frappart,32,2.27,1.27,2.26,1.53,2,3,5,2,1,1,"3,90'3","12,57,77",6,0,1,0,3,0,0,1,1,2,15,13,5,5,10,8,7,15,64,36,2.01,1.47,1.72,1.41,2.77,44,77,44,30,20,37,77,44,77,11.47,3.73,2.15,3.50,3.40,1.28,1.86,3.10,6.00,1.66,2.10,Roazhon Park (Rennes)
1650121200,Apr 16 2022 - 3:00pm,complete,N/A,Saint-Étienne,Brest,Eric Wattellier,32,0.94,1.25,0.95,1.21,2,1,3,3,2,1,"14,39","8",7,3,0,0,2,0,0,0,0,2,11,8,5,4,6,4,10,10,38,62,1.65,1.35,1.26,1.24,2.82,75,88,54,29,10,22,78,54,88,10.00,3.26,2.05,3.10,3.15,1.38,2.02,4.00,8.00,1.77,1.93,Stade Geoffroy-Guichard (Saint-Ètienne)
1650135600,Apr 16 2022 - 7:00pm,complete,N/A,Lille,Lens,Jérôme Brisard,32,1.67,1.20,1.53,1.47,1,2,3,3,1,2,"45'1","4,37",13,7,3,0,2,0,3,0,1,1,17,12,6,8,11,4,12,9,56,44,1.62,1.37,2.08,1.50,2.60,57,77,54,30,14,47,70,34,74,10.07,4.74,1.75,3.20,4.10,1.33,2.07,3.75,7.50,1.78,1.93,Stade Pierre-Mauroy (Villeneuve d'Ascq)
1650193200,Apr 17 2022 - 11:00am,complete,N/A,Nice,Lorient,Amaury Delerue,32,1.67,0.69,1.79,0.63,2,1,3,0,0,0,"54,88","61",5,1,2,0,1,0,1,1,0,1,15,8,3,3,12,5,10,12,64,36,1.63,1.34,1.66,0.85,2.64,52,68,49,35,16,32,65,42,77,8.90,3.61,1.58,4.38,6.06,1.36,1.83,3.75,7.50,2.00,1.71,Allianz Riviera (Nice)
1650200400,Apr 17 2022 - 1:00pm,complete,N/A,Metz,Clermont,Pierre Gaillouste,32,0.60,0.93,0.84,0.95,1,1,2,2,1,1,"24","37",0,9,1,1,1,0,1,1,0,1,5,26,3,5,2,21,15,11,45,55,1.30,1.24,0.66,2.50,2.97,47,80,53,37,20,40,64,57,80,7.46,4.20,2.63,3.30,2.60,1.42,2.25,4.33,9.00,1.98,1.73,Stade Saint-Symphorien (Longeville-lès-Metz)
1650200400,Apr 17 2022 - 1:00pm,complete,N/A,Montpellier,Reims,Antony Gautier,32,1.50,1.13,1.37,1.32,0,0,0,0,0,0,"","",9,6,0,0,3,0,0,0,0,3,15,15,0,9,15,6,10,12,60,40,1.71,1.15,1.36,1.82,2.44,50,66,38,26,19,26,63,41,72,9.19,4.75,2.25,3.10,3.40,1.40,2.25,4.00,8.00,1.82,1.88,Stade de la Mosson (Montpellier)
1650200400,Apr 17 2022 - 1:00pm,complete,N/A,Nantes,Angers SCO,Bastien Dechepy,32,1.93,0.87,1.95,0.79,1,1,2,1,0,1,"53","18",14,5,4,0,1,0,1,3,0,1,25,10,8,3,17,7,12,10,60,40,1.64,1.22,2.76,1.08,2.73,57,77,44,33,17,20,73,57,74,9.93,3.94,1.91,3.40,4.00,1.42,2.30,4.33,9.00,1.98,1.73,Stade de la Beaujoire - Louis Fonteneau (Nantes)
1650200400,Apr 17 2022 - 1:00pm,complete,N/A,Troyes,Strasbourg,Benoît Millot,32,1.20,1.40,1.16,1.32,1,1,2,0,0,0,"85","56",5,9,1,0,2,0,0,1,1,1,13,13,5,3,8,10,12,19,38,62,1.49,1.48,1.41,1.36,2.30,53,67,34,20,7,30,74,27,67,9.47,3.80,3.75,3.40,2.00,1.40,2.20,4.20,8.50,1.93,1.78,Stade de l'Aube (Troyes)
1650207900,Apr 17 2022 - 3:05pm,complete,N/A,Olympique Lyonnais,Bordeaux,Florent Batta,32,1.81,0.80,2.00,0.79,6,1,7,3,3,0,"20,26,34,46,68,90'2","85",3,5,0,0,0,0,0,0,0,0,17,18,11,6,6,12,8,13,60,40,1.83,1.24,2.41,1.79,3.47,68,91,65,42,30,40,84,62,88,8.62,4.36,1.29,5.50,9.50,1.16,1.64,2.20,4.00,1.80,1.90,Groupama Stadium (Décines-Charpieu)
1650221100,Apr 17 2022 - 6:45pm,complete,N/A,PSG,Olympique Marseille,François Letexier,32,2.87,2.20,2.68,2.05,2,1,3,3,2,1,"12,45'5","31",3,4,6,0,1,0,2,4,1,0,13,5,7,3,6,2,16,12,42,58,1.95,1.53,1.52,0.83,2.80,47,80,50,30,17,27,84,54,77,11.47,3.67,1.38,5.40,7.00,1.13,1.50,2.17,3.50,1.70,2.05,Parc des Princes (Paris)
1650474000,Apr 20 2022 - 5:00pm,complete,N/A,Bordeaux,Saint-Étienne,Benoît Bastien,33,0.88,0.80,0.84,0.74,2,2,4,3,2,1,"16,23","33,65",5,4,5,0,6,0,2,3,1,5,13,10,9,3,4,7,17,18,46,54,1.61,1.22,1.64,1.04,3.09,64,81,49,42,22,46,81,55,77,9.06,5.51,2.36,3.45,2.95,1.33,1.83,3.60,7.00,1.73,2.00,Stade Matmut-Atlantique (Bordeaux)
1650474000,Apr 20 2022 - 5:00pm,complete,13554,Lorient,Metz,Mikael Lesage,33,1.33,0.88,1.26,0.79,1,0,1,0,0,0,"90'5","",10,12,2,0,2,0,1,1,1,1,17,23,6,7,11,16,13,17,42,58,1.46,1.04,1.80,2.30,2.42,46,62,39,26,16,26,62,39,71,8.74,4.62,1.84,3.65,4.30,1.38,1.96,4.00,8.00,1.98,1.73,Stade Yves Allainmat - Le Moustoir (Lorient)
1650474000,Apr 20 2022 - 5:00pm,complete,N/A,Monaco,Nice,Benoît Millot,33,1.94,1.69,2.11,1.74,1,0,1,1,1,0,"45'2","",7,10,5,0,2,0,1,4,1,1,18,16,8,3,10,13,19,11,48,52,1.69,1.18,2.01,1.54,2.44,38,82,57,19,0,28,72,53,75,11.25,4.88,1.83,3.80,4.10,1.28,1.84,3.10,6.00,1.78,1.93,Stade Louis II (Monaco)
1650474000,Apr 20 2022 - 5:00pm,complete,N/A,Reims,Lille,Hakim Ben El Hadj,33,1.20,1.44,1.11,1.37,2,1,3,1,1,0,"32,90'2","57",5,2,1,0,1,0,0,1,0,1,11,20,4,5,7,15,13,8,41,59,1.54,1.50,1.27,2.07,2.45,55,68,42,23,17,29,64,32,77,10.78,4.92,3.10,3.25,2.38,1.45,2.25,4.50,9.50,2.05,1.68,Stade Auguste-Delaune II (Reims)
1650474000,Apr 20 2022 - 5:00pm,complete,N/A,Troyes,Clermont,Jérémie Pignard,33,1.19,0.94,1.16,0.95,0,1,1,0,0,0,"","88",5,2,3,1,5,1,1,3,1,5,16,6,4,3,12,3,11,15,50,50,1.48,1.32,1.64,0.75,2.44,47,69,38,25,10,28,72,32,76,9.44,3.44,2.43,3.25,3.00,1.38,2.05,4.00,8.00,1.82,1.90,Stade de l'Aube (Troyes)
1650481200,Apr 20 2022 - 7:00pm,complete,N/A,Angers SCO,PSG,Johan Hamel,33,1.25,1.75,1.37,1.84,0,3,3,2,0,2,"","28,45'2,77",3,7,1,0,2,1,0,1,1,2,8,17,2,8,6,9,5,10,43,57,1.47,1.81,0.92,1.98,2.75,57,72,50,29,19,35,72,44,76,10.69,4.44,7.20,5.00,1.41,1.19,1.54,2.30,4.50,1.80,1.90,Stade Raymond-Kopa (Angers)
1650481200,Apr 20 2022 - 7:00pm,complete,N/A,Brest,Olympique Lyonnais,Jeremy Stinat,33,1.27,1.20,1.32,1.26,2,1,3,1,1,0,"27,74","72",2,2,2,0,2,0,1,1,1,1,10,21,4,9,6,12,15,12,34,66,1.51,1.57,1.18,2.38,2.70,53,77,44,30,20,24,77,43,77,8.73,4.13,4.10,3.85,1.84,1.22,1.62,2.80,5.00,1.68,2.05,Stade Francis-Le Blé (Brest)
1650481200,Apr 20 2022 - 7:00pm,complete,N/A,Lens,Montpellier,Romain Lissorgue,33,1.81,1.13,1.79,0.89,2,0,2,1,1,0,"37,75","",5,3,1,0,0,0,0,1,0,0,11,9,6,4,5,5,11,10,49,51,1.75,1.05,1.47,1.21,2.84,49,81,49,42,10,46,72,36,87,10.07,4.53,1.82,3.65,4.40,1.25,1.76,2.85,5.00,1.60,2.20,Stade Bollaert-Delelis (Lens)
1650481200,Apr 20 2022 - 7:00pm,complete,N/A,Olympique Marseille,Nantes,Ruddy Buquet,33,1.63,1.06,1.68,0.95,3,2,5,3,1,2,"39,55,75","26,41",7,3,2,0,4,1,1,1,2,3,20,5,5,4,15,1,10,15,76,24,1.74,1.26,2.13,0.70,2.47,56,69,38,28,16,32,57,41,78,10.57,3.63,1.58,4.20,5.60,1.30,1.85,3.40,6.50,1.98,1.73,Stade Orange Vélodrome (Marseille)
1650481200,Apr 20 2022 - 7:00pm,complete,N/A,Strasbourg,Rennes,Willy Delajod,33,1.94,1.38,2.00,1.21,2,1,3,1,1,0,"4,77","54",2,7,1,0,2,0,0,1,0,2,13,10,6,4,7,6,16,11,37,63,1.76,1.64,1.57,1.15,2.91,53,82,47,31,19,38,60,54,88,11.06,3.94,2.60,3.40,2.65,1.32,1.93,3.40,6.50,1.75,1.98,Stade de la Meinau (Strasbourg)
1650726000,Apr 23 2022 - 3:00pm,complete,N/A,Olympique Lyonnais,Montpellier,François Letexier,34,1.88,1.06,2.00,0.89,5,2,7,4,2,2,"26,43,63,68,90'2","45'1,45'4",8,2,2,0,2,0,0,2,2,0,27,13,14,7,13,6,13,10,52,48,1.86,1.06,3.14,1.55,3.03,60,88,49,37,15,34,82,49,85,9.59,3.85,1.33,5.00,9.00,1.14,1.45,2.20,3.75,1.70,2.15,Groupama Stadium (Décines-Charpieu)
1650733200,Apr 23 2022 - 5:00pm,complete,N/A,Saint-Étienne,Monaco,Bastien Dechepy,34,1.06,1.38,0.95,1.53,1,4,5,3,1,2,"42","23,25,61,77",1,1,2,0,3,0,1,1,2,1,5,13,4,8,1,5,11,19,57,43,1.63,1.47,0.81,1.50,2.81,63,79,55,36,16,30,73,55,79,10.50,3.97,4.40,3.60,1.80,1.28,1.80,3.10,6.00,1.75,2.05,Stade Geoffroy-Guichard (Saint-Ètienne)
1650740400,Apr 23 2022 - 7:00pm,complete,N/A,PSG,Lens,Amaury Delerue,34,2.88,1.31,2.68,1.47,1,1,2,0,0,0,"68","88",4,3,4,0,1,1,0,4,1,1,19,8,8,4,11,4,17,12,66,34,1.92,1.38,2.33,1.00,3.01,57,85,66,35,16,44,75,54,81,10.50,4.57,1.30,5.50,10.00,1.13,1.40,2.05,3.60,1.78,2.00,Parc des Princes (Paris)
1650798000,Apr 24 2022 - 11:00am,complete,28324,Rennes,Lorient,Benoît Millot,34,2.13,0.65,2.26,0.63,5,0,5,2,2,0,"17,19,47,79,90'3","",2,4,1,1,0,0,1,1,0,0,10,13,7,3,3,10,10,10,59,41,1.99,1.32,1.38,1.37,3.19,52,82,52,43,31,46,74,46,85,10.10,3.19,1.47,4.60,6.60,1.24,1.67,2.90,5.50,1.95,1.85,Roazhon Park (Rennes)
1650805200,Apr 24 2022 - 1:00pm,complete,N/A,Clermont,Angers SCO,Stéphanie Frappart,34,0.88,0.88,0.95,0.79,2,2,4,2,0,2,"71,82","37,44",4,4,0,0,5,1,0,0,2,4,12,7,5,5,7,2,10,21,52,48,1.51,1.21,1.45,1.12,2.85,69,85,47,31,16,25,75,60,78,9.26,4.12,2.25,3.30,3.30,1.40,2.10,4.00,8.00,1.90,1.90,Stade Gabriel Montpied (Clermont-Ferrand)
1650805200,Apr 24 2022 - 1:00pm,complete,N/A,Metz,Brest,Florent Batta,34,0.63,1.18,0.84,1.21,0,1,1,1,0,1,"","27",4,7,4,2,0,0,3,3,0,0,13,18,3,4,10,14,16,17,58,42,1.26,1.35,1.23,1.67,2.64,70,88,49,19,10,40,73,49,70,7.50,4.34,3.05,3.25,2.41,1.40,2.10,4.00,8.00,1.88,1.90,Stade Saint-Symphorien (Longeville-lès-Metz)
1650805200,Apr 24 2022 - 1:00pm,complete,23953,Nantes,Bordeaux,Clément Turpin,34,1.88,0.75,1.95,0.79,5,3,8,2,0,2,"47,51,72,76,89","6,18,67",6,4,1,0,1,0,0,1,1,0,18,21,8,8,10,13,12,15,57,43,1.71,1.27,2.01,2.16,3.32,54,82,60,44,29,41,82,60,79,9.19,4.82,1.75,3.85,4.50,1.30,1.88,3.40,6.50,1.83,1.95,Stade de la Beaujoire - Louis Fonteneau (Nantes)
1650805200,Apr 24 2022 - 1:00pm,complete,N/A,Nice,Troyes,Hakim Ben El Hadj,34,1.75,0.88,1.79,0.84,1,0,1,0,0,0,"90'4","",7,3,1,0,1,0,0,1,0,1,19,11,3,5,16,6,18,11,62,38,1.63,1.10,1.98,1.33,2.56,53,76,50,22,10,29,66,44,85,8.63,4.00,1.61,4.00,5.60,1.30,1.96,3.40,6.50,1.92,1.85,Allianz Riviera (Nice)
1650812700,Apr 24 2022 - 3:05pm,complete,N/A,Lille,Strasbourg,Jérémie Pignard,34,1.56,1.38,1.53,1.32,1,0,1,0,0,0,"87","",4,6,2,0,3,0,1,1,1,2,13,13,4,4,9,9,2,2,46,54,1.65,1.47,1.41,1.47,2.54,56,75,44,28,10,41,69,35,66,10.26,3.94,2.17,3.52,3.68,1.36,2.11,3.75,7.50,1.85,1.92,Stade Pierre-Mauroy (Villeneuve d'Ascq)
1650825900,Apr 24 2022 - 6:45pm,complete,N/A,Reims,Olympique Marseille,Jérôme Brisard,34,1.31,2.06,1.11,2.05,0,1,1,0,0,0,"","83",3,4,1,0,1,0,1,0,1,0,10,15,3,4,7,11,14,7,29,71,1.52,1.48,1.09,1.61,2.47,50,72,41,22,19,25,69,38,69,11.00,3.57,3.54,3.48,2.14,1.40,2.10,4.20,8.50,1.96,1.83,Stade Auguste-Delaune II (Reims)
1651258800,Apr 29 2022 - 7:00pm,complete,N/A,Strasbourg,PSG,Ruddy Buquet,35,2.00,1.82,2.00,1.84,3,3,6,2,1,1,"3,75,90'2","23,64,68",2,5,3,0,3,0,2,1,0,3,15,15,6,6,9,9,15,6,43,57,1.75,1.82,1.71,1.75,3.00,59,82,53,32,18,41,77,41,85,10.53,4.65,4.30,4.00,1.76,1.25,1.70,2.90,5.50,1.62,2.20,Stade de la Meinau (Strasbourg)
1651330800,Apr 30 2022 - 3:00pm,complete,N/A,Lens,Nantes,Thomas Léonard,35,1.88,1.00,1.79,0.95,2,2,4,2,0,2,"67,81","8,32",6,5,0,1,5,0,1,0,0,5,21,13,6,5,15,8,7,11,53,47,1.74,1.22,2.07,1.58,2.59,53,71,41,35,15,35,59,32,85,10.17,4.23,1.88,3.82,4.48,1.28,1.90,3.10,6.00,1.80,1.95,Stade Bollaert-Delelis (Lens)
1651345200,Apr 30 2022 - 7:00pm,complete,N/A,Rennes,Saint-Étienne,Jeremy Stinat,35,2.18,0.81,2.26,0.74,2,0,2,1,1,0,"41,84","",4,3,1,0,4,0,0,1,0,4,15,9,3,4,12,5,11,15,73,27,1.96,1.21,1.59,1.07,3.21,49,79,52,43,27,52,85,46,82,10.23,4.72,1.33,5.58,9.67,1.17,1.70,2.38,4.00,1.95,1.80,Roazhon Park (Rennes)
1651402800,May 01 2022 - 11:00am,complete,N/A,Troyes,Lille,Willy Delajod,35,1.12,1.35,1.16,1.37,3,0,3,1,1,0,"43,55,86","",1,4,0,0,4,2,0,0,1,5,10,10,4,2,6,8,9,13,38,62,1.49,1.53,1.17,1.06,2.18,59,65,36,12,6,27,77,24,74,10.41,5.24,3.80,3.30,2.05,1.38,2.19,4.05,8.75,1.95,1.80,Stade de l'Aube (Troyes)
1651410000,May 01 2022 - 1:00pm,complete,N/A,Brest,Clermont,Romain Lissorgue,35,1.38,1.06,1.32,0.95,2,0,2,0,0,0,"60,62","",5,13,2,1,2,0,2,1,2,0,8,18,5,9,3,9,7,16,42,58,1.49,1.29,1.08,2.23,2.94,46,80,49,36,19,24,70,52,94,8.38,3.51,2.20,3.40,3.30,1.28,1.85,3.25,6.50,1.70,2.05,Stade Francis-Le Blé (Brest)
1651410000,May 01 2022 - 1:00pm,complete,N/A,Lorient,Reims,Pierre Gaillouste,35,1.44,1.12,1.26,1.32,1,2,3,2,1,1,"32","17,59",7,3,2,0,1,0,1,1,0,1,23,15,10,3,13,12,15,13,52,48,1.48,1.19,2.43,1.50,2.04,46,61,27,13,10,16,58,30,70,8.95,4.47,2.25,3.10,3.40,1.41,2.25,4.30,9.50,1.95,1.80,Stade Yves Allainmat - Le Moustoir (Lorient)
1651410000,May 01 2022 - 1:00pm,complete,N/A,Monaco,Angers SCO,Hakim Ben El Hadj,35,2.00,0.88,2.11,0.79,2,0,2,1,1,0,"42,61","",8,5,2,0,2,0,1,1,1,1,19,12,12,6,7,6,14,12,43,57,1.71,1.20,2.34,1.35,2.83,62,88,53,32,9,36,79,53,79,11.17,4.18,1.40,4.60,8.00,1.21,1.61,2.65,4.95,1.95,1.80,Stade Louis II (Monaco)
1651410000,May 01 2022 - 1:00pm,complete,N/A,Montpellier,Metz,Clément Turpin,35,1.47,0.82,1.37,0.79,2,2,4,1,0,1,"80,90'1","24,70",8,1,2,0,3,0,1,1,0,3,22,18,10,6,12,12,9,15,51,49,1.69,1.12,2.44,1.80,2.59,44,59,44,35,24,32,59,44,71,10.12,4.77,1.75,3.60,4.75,1.25,1.87,3.10,6.00,1.80,1.95,Stade de la Mosson (Montpellier)
1651417500,May 01 2022 - 3:05pm,complete,N/A,Bordeaux,Nice,Johan Hamel,35,0.88,1.59,0.84,1.74,0,1,1,0,0,0,"","74",2,5,1,0,2,0,1,0,1,1,8,16,4,3,4,13,10,12,44,56,1.62,1.20,1.00,1.64,2.68,50,80,50,27,15,27,74,56,74,9.94,5.41,4.10,3.65,1.88,1.23,1.82,2.95,5.50,1.67,2.10,Stade Matmut-Atlantique (Bordeaux)
1651430700,May 01 2022 - 6:45pm,complete,N/A,Olympique Marseille,Olympique Lyonnais,Antony Gautier,35,1.71,1.13,1.68,1.26,0,3,3,0,0,0,"","55,76,88",3,6,2,0,1,0,0,2,0,1,10,11,3,5,7,6,5,13,63,37,1.77,1.62,1.25,1.25,2.63,58,73,46,30,22,33,73,46,69,10.24,3.91,2.19,3.50,3.25,1.20,1.61,2.65,4.75,1.53,2.38,Stade Orange Vélodrome (Marseille)
1651863600,May 06 2022 - 7:00pm,complete,N/A,Lille,Monaco,François Letexier,36,1.65,1.47,1.53,1.53,1,2,3,1,0,1,"69","42,75",3,5,4,0,1,0,1,3,0,1,16,11,7,4,9,7,10,8,51,49,1.63,1.47,1.81,1.25,2.44,53,71,47,30,12,41,71,36,65,10.05,4.59,3.26,3.11,2.09,1.28,1.94,3.10,6.00,1.70,2.05,Stade Pierre-Mauroy (Villeneuve d'Ascq)
1651935600,May 07 2022 - 3:00pm,complete,N/A,Brest,Strasbourg,Mikael Lesage,36,1.47,1.29,1.32,1.32,0,1,1,0,0,0,"","72",5,5,1,0,2,0,0,1,0,2,11,17,4,7,7,10,5,15,46,54,1.46,1.47,1.32,1.90,2.77,53,80,41,29,15,24,65,53,88,8.94,3.76,3.65,3.50,2.00,1.30,1.90,3.40,6.50,1.82,1.88,Stade Francis-Le Blé (Brest)
1652007600,May 08 2022 - 11:00am,complete,N/A,Metz,Olympique Lyonnais,Eric Wattellier,36,0.59,1.24,0.84,1.26,3,2,5,3,2,1,"26,40,90","43,84",3,7,3,0,2,1,0,3,0,3,15,18,9,7,6,11,19,8,36,64,1.26,1.60,1.81,2.08,2.59,56,77,47,24,18,39,71,47,59,7.65,5.29,5.95,4.50,1.60,1.16,1.60,2.25,4.00,1.77,1.95,Stade Saint-Symphorien (Longeville-lès-Metz)
1652014800,May 08 2022 - 1:00pm,complete,N/A,Angers SCO,Bordeaux,Benoît Millot,36,1.18,0.71,1.37,0.79,4,1,5,2,2,0,"5,36,62,90","60",6,3,1,0,5,0,0,1,0,5,15,9,10,4,5,5,14,18,41,59,1.43,1.32,1.97,1.12,3.32,53,77,65,39,30,45,77,56,77,8.59,4.53,2.04,3.72,3.90,1.33,1.95,3.60,7.00,1.80,1.90,Stade Raymond-Kopa (Angers)
1652014800,May 08 2022 - 1:00pm,complete,N/A,Clermont,Montpellier,Benoît Bastien,36,0.88,1.00,0.95,0.89,2,1,3,2,1,1,"4,69","32",5,3,2,0,4,0,1,1,1,3,14,12,6,4,8,8,10,15,49,51,1.51,1.09,1.67,1.37,2.97,56,85,50,38,12,41,79,53,79,8.76,4.53,2.21,3.74,3.36,1.25,1.75,3.00,5.50,1.70,2.05,Stade Gabriel Montpied (Clermont-Ferrand)
1652014800,May 08 2022 - 1:00pm,complete,N/A,Reims,Lens,Vitor Jorge Fernandes Ferreira,36,1.24,1.29,1.11,1.47,1,2,3,1,1,0,"28","55,90'2",3,10,1,0,2,0,0,1,0,2,8,23,3,6,5,17,12,9,39,61,1.49,1.35,0.94,2.39,2.59,56,74,50,27,18,36,56,41,79,10.06,4.18,2.94,3.44,2.59,1.33,2.00,3.60,7.50,1.85,1.85,Stade Auguste-Delaune II (Reims)
1652022300,May 08 2022 - 3:05pm,complete,N/A,Lorient,Olympique Marseille,Bastien Dechepy,36,1.35,2.12,1.26,2.05,0,3,3,1,0,1,"","39,48,67",4,8,1,0,1,0,0,1,0,1,7,10,0,8,7,2,22,10,31,69,1.53,1.49,0.61,1.55,2.30,47,65,32,15,15,24,71,32,71,10.65,3.76,3.88,3.88,2.00,1.26,1.75,3.10,6.00,1.73,2.00,Stade Yves Allainmat - Le Moustoir (Lorient)
1652035500,May 08 2022 - 6:45pm,complete,N/A,PSG,Troyes,Jérôme Brisard,36,2.76,0.82,2.68,0.84,2,2,4,3,2,1,"6,25","30,49",7,4,1,0,2,0,0,1,0,2,19,10,9,4,10,6,10,19,64,36,1.95,1.12,2.20,1.14,2.89,53,85,56,30,12,35,71,53,88,8.94,4.30,1.16,7.75,17.00,1.11,1.33,1.90,3.20,1.98,1.73,Parc des Princes (Paris)
1652288400,May 11 2022 - 5:00pm,complete,N/A,Nice,Saint-Étienne,Ruddy Buquet,36,1.82,0.76,1.79,0.74,4,2,6,2,0,2,"52,60,62,80","11,45'4",2,2,2,0,3,0,1,1,1,2,17,15,9,9,8,6,10,13,63,37,1.65,1.20,2.06,1.79,2.56,50,65,47,30,9,33,71,41,76,9.17,5.00,1.55,4.10,5.00,1.28,1.86,3.10,6.00,1.91,1.91,Allianz Riviera (Nice)
1652295600,May 11 2022 - 7:00pm,complete,N/A,Nantes,Rennes,Antony Gautier,36,1.94,1.29,1.95,1.21,2,1,3,2,1,1,"45,71","32",5,5,2,0,1,0,0,2,0,1,9,18,4,6,5,12,13,9,30,70,1.73,1.61,1.12,2.03,2.94,53,80,47,32,21,33,65,62,83,11.71,3.83,4.50,3.90,1.70,1.22,1.70,2.80,5.00,1.70,2.05,Stade de la Beaujoire - Louis Fonteneau (Nantes)
1652554800,May 14 2022 - 7:00pm,complete,N/A,Bordeaux,Lorient,Ruddy Buquet,37,0.83,0.61,0.84,0.63,0,0,0,0,0,0,"","",3,1,4,1,4,0,1,4,1,3,11,7,0,2,11,5,10,11,48,52,1.58,1.32,0.97,0.85,3.17,64,84,53,47,28,44,70,53,83,8.50,4.22,2.35,3.50,2.87,1.22,1.73,2.40,5.00,1.55,2.40,Stade Matmut-Atlantique (Bordeaux)
1652554800,May 14 2022 - 7:00pm,complete,N/A,Olympique Lyonnais,Nantes,Florent Batta,37,1.94,1.00,2.00,0.95,3,2,5,1,1,0,"9,78,85","81,90'3",5,6,1,0,0,0,0,1,0,0,19,12,7,3,12,9,12,10,62,38,1.93,1.24,2.03,1.16,2.97,70,78,48,36,23,31,70,50,84,10.00,3.94,1.35,5.50,8.00,1.12,1.53,1.80,3.25,1.60,2.35,Groupama Stadium (Décines-Charpieu)
1652554800,May 14 2022 - 7:00pm,complete,N/A,Metz,Angers SCO,Jérémie Pignard,37,0.72,0.83,0.84,0.79,1,0,1,0,0,0,"50","",1,4,3,0,1,0,1,2,1,0,5,13,3,5,2,8,17,18,46,54,1.29,1.21,0.70,1.36,2.86,67,86,47,31,20,39,73,56,72,7.89,5.06,2.80,3.25,2.50,1.30,2.10,3.25,6.50,1.72,2.10,Stade Saint-Symphorien (Longeville-lès-Metz)
1652554800,May 14 2022 - 7:00pm,complete,N/A,Monaco,Brest,Jérôme Brisard,37,2.06,1.28,2.11,1.21,4,2,6,3,1,2,"44,51,54,70","10,23",10,5,2,0,1,0,1,1,1,0,19,7,8,4,11,3,10,12,57,43,1.74,1.37,2.08,0.89,2.53,58,86,50,20,0,33,83,42,75,11.06,3.67,1.27,6.25,9.75,1.12,1.50,2.30,3.40,1.83,1.98,Stade Louis II (Monaco)
1652554800,May 14 2022 - 7:00pm,complete,N/A,Montpellier,PSG,Jeremy Stinat,37,1.44,1.78,1.37,1.84,0,4,4,3,0,3,"","6,20,26,60",0,2,2,0,4,0,1,1,1,3,10,14,3,11,7,3,9,7,30,70,1.73,1.82,0.99,2.00,3.06,59,75,53,39,28,45,72,47,81,11.00,4.56,7.00,5.75,1.36,1.09,1.33,1.87,2.95,1.53,2.50,Stade de la Mosson (Montpellier)
1652554800,May 14 2022 - 7:00pm,complete,N/A,Nice,Lille,Thomas Léonard,37,1.89,1.28,1.79,1.37,1,3,4,1,1,0,"31","52,61,90'5",10,3,2,0,3,0,1,1,1,2,15,7,6,5,9,2,11,9,59,41,1.68,1.51,1.65,0.87,2.50,56,67,50,20,11,25,72,42,81,10.17,5.00,1.87,3.80,3.80,1.28,1.91,3.10,6.00,1.75,2.05,Allianz Riviera (Nice)
1652554800,May 14 2022 - 7:00pm,complete,N/A,Rennes,Olympique Marseille,Benoît Bastien,37,2.22,2.17,2.26,2.05,2,0,2,2,2,0,"12,35","",6,2,1,0,2,0,1,0,0,2,10,9,5,0,5,9,14,8,40,60,1.94,1.49,1.16,0.83,2.92,42,81,45,28,28,36,86,42,78,11.78,3.22,2.10,3.70,3.20,1.22,1.70,2.70,5.00,1.58,2.35,Roazhon Park (Rennes)
1652554800,May 14 2022 - 7:00pm,complete,N/A,Saint-Étienne,Reims,Clément Turpin,37,1.00,1.22,0.95,1.32,1,2,3,2,1,1,"12","2,61",3,2,1,0,0,0,1,0,0,0,15,16,7,6,8,10,8,9,55,45,1.58,1.21,1.80,1.59,2.64,64,78,50,28,14,25,70,45,78,9.50,4.06,2.10,3.50,3.30,1.28,2.05,3.10,6.00,1.72,2.10,Stade Geoffroy-Guichard (Saint-Ètienne)
1652554800,May 14 2022 - 7:00pm,complete,N/A,Strasbourg,Clermont,Benoît Millot,37,1.94,1.00,2.00,0.95,1,0,1,1,1,0,"28","",3,2,1,0,2,0,1,0,1,1,7,10,5,3,2,7,13,9,56,44,1.75,1.34,0.96,1.09,2.89,45,75,47,36,17,31,67,47,86,9.61,4.00,1.46,4.60,6.50,1.22,1.75,2.85,5.00,1.85,1.92,Stade de la Meinau (Strasbourg)
1652554800,May 14 2022 - 7:00pm,complete,N/A,Troyes,Lens,François Letexier,37,1.22,1.39,1.16,1.47,1,3,4,3,1,2,"14","42,45,71",5,7,1,0,2,0,1,0,1,1,6,10,3,6,3,4,9,9,48,52,1.47,1.41,0.88,1.23,2.36,59,72,45,17,9,33,70,34,75,10.11,4.56,3.10,3.50,2.20,1.30,1.80,3.30,6.50,1.72,2.10,Stade de l'Aube (Troyes)
1653159600,May 21 2022 - 7:00pm,complete,N/A,Angers SCO,Montpellier,Romain Lissorgue,38,1.28,0.94,1.37,0.89,2,0,2,1,1,0,"45,67","",4,3,1,0,4,0,0,1,2,2,21,15,4,3,17,12,17,12,52,48,1.46,1.11,2.01,1.48,2.75,47,75,50,31,14,39,75,42,75,9.39,4.38,2.04,3.75,3.40,1.20,1.61,2.60,4.50,1.55,2.40,Stade Raymond-Kopa (Angers)
1653159600,May 21 2022 - 7:00pm,complete,N/A,Brest,Bordeaux,Hakim Ben El Hadj,38,1.39,0.67,1.32,0.79,2,4,6,4,2,2,"16,34","14,32,73,75",10,1,1,0,0,0,1,0,0,0,12,15,5,7,7,8,10,12,48,52,1.46,1.31,1.47,1.55,3.61,59,89,64,45,34,42,78,64,95,7.61,4.50,2.00,4.00,3.35,1.15,1.57,2.25,3.75,1.45,2.70,Stade Francis-Le Blé (Brest)
1653159600,May 21 2022 - 7:00pm,complete,N/A,Clermont,Olympique Lyonnais,Mikael Lesage,38,1.00,1.17,0.95,1.26,1,2,3,1,0,1,"59","26,49",10,4,2,0,2,0,1,1,1,1,18,22,4,6,14,16,10,15,45,55,1.52,1.62,1.83,2.20,2.75,62,78,53,31,17,34,78,53,70,9.11,4.56,3.75,4.05,1.87,1.16,1.55,2.25,4.00,1.48,2.60,Stade Gabriel Montpied (Clermont-Ferrand)
1653159600,May 21 2022 - 7:00pm,complete,N/A,Lens,Monaco,Benoît Bastien,38,1.83,1.56,1.79,1.53,2,2,4,2,1,1,"30,90'6","34,62",10,8,2,0,3,0,1,1,0,3,28,13,11,4,17,9,0,1,60,40,1.75,1.46,3.06,1.33,2.72,53,75,50,39,14,39,70,45,83,10.22,4.33,3.10,3.85,2.14,1.18,1.60,2.45,4.20,1.48,2.60,Stade Bollaert-Delelis (Lens)
1653159600,May 21 2022 - 7:00pm,complete,N/A,Lille,Rennes,Amaury Delerue,38,1.56,1.22,1.53,1.21,2,2,4,2,1,1,"11,88","41,90'3",7,4,2,0,2,0,1,1,1,1,12,15,4,6,8,9,12,14,49,51,1.64,1.63,1.36,1.69,2.70,59,81,53,25,14,44,64,45,78,11.17,3.89,3.95,4.05,1.82,1.19,1.61,2.45,4.33,1.57,2.40,Stade Pierre-Mauroy (Villeneuve d'Ascq)
1653159600,May 21 2022 - 7:00pm,complete,16000,Lorient,Troyes,Johan Hamel,38,1.28,0.83,1.26,0.84,1,1,2,1,0,1,"74","22",6,4,2,0,2,1,0,2,0,3,18,10,9,4,9,6,18,10,58,42,1.48,1.12,2.25,1.16,2.50,50,72,42,20,11,31,64,36,86,8.56,4.05,2.18,3.50,3.30,1.26,1.93,3.00,5.50,1.65,2.25,Stade Yves Allainmat - Le Moustoir (Lorient)
1653159600,May 21 2022 - 7:00pm,complete,N/A,Olympique Marseille,Strasbourg,Stéphanie Frappart,38,1.61,1.39,1.68,1.32,4,0,4,1,1,0,"32,73,89,90'3","",7,3,2,0,1,0,1,1,0,1,17,10,11,5,6,5,10,16,60,40,1.74,1.50,2.22,1.25,2.67,53,73,42,31,17,34,59,50,81,10.56,3.45,2.19,3.55,3.20,1.24,1.85,2.85,5.00,1.62,2.30,Stade Orange Vélodrome (Marseille)
1653159600,May 21 2022 - 7:00pm,complete,N/A,Nantes,Saint-Étienne,François Letexier,38,2.00,0.72,1.95,0.74,1,1,2,1,1,0,"23","79",5,5,2,0,0,0,1,1,0,0,13,14,5,4,8,10,8,9,53,47,1.70,1.23,1.42,1.46,2.95,53,72,47,39,17,39,81,47,75,9.78,5.44,2.63,3.60,2.54,1.16,1.61,2.54,4.20,1.52,2.53,Stade de la Beaujoire - Louis Fonteneau (Nantes)
1653159600,May 21 2022 - 7:00pm,complete,N/A,PSG,Metz,Antony Gautier,38,2.67,0.83,2.68,0.79,5,0,5,3,3,0,"25,28,31,50,67","",4,2,1,0,1,1,0,1,1,1,29,5,13,2,16,3,1,2,75,25,1.96,1.16,3.20,0.65,2.86,50,75,59,39,14,34,70,53,78,9.89,4.72,1.16,8.30,14.00,1.04,1.30,1.67,2.38,1.74,2.09,Parc des Princes (Paris)
1653159600,May 21 2022 - 7:00pm,complete,N/A,Reims,Nice,Eric Wattellier,38,1.17,1.67,1.11,1.74,2,3,5,2,2,0,"9,17","75,77,82",2,7,0,0,2,0,0,0,1,1,6,18,5,6,1,12,2,1,45,55,1.46,1.22,0.99,2.02,2.17,36,64,44,14,9,14,56,45,73,10.00,4.39,4.10,3.70,1.87,1.22,1.85,2.74,4.85,1.69,2.17,Stade Auguste-Delaune II (Reims)
