timestamp,date_GMT,status,attendance,home_team_name,away_team_name,referee,Game Week,Pre-Match PPG (Home),Pre-Match PPG (Away),home_ppg,away_ppg,home_team_goal_count,away_team_goal_count,total_goal_count,total_goals_at_half_time,home_team_goal_count_half_time,away_team_goal_count_half_time,home_team_goal_timings,away_team_goal_timings,home_team_corner_count,away_team_corner_count,home_team_yellow_cards,home_team_red_cards,away_team_yellow_cards,away_team_red_cards,home_team_first_half_cards,home_team_second_half_cards,away_team_first_half_cards,away_team_second_half_cards,home_team_shots,away_team_shots,home_team_shots_on_target,away_team_shots_on_target,home_team_shots_off_target,away_team_shots_off_target,home_team_fouls,away_team_fouls,home_team_possession,away_team_possession,Home Team Pre-Match xG,Away Team Pre-Match xG,team_a_xg,team_b_xg,average_goals_per_match_pre_match,btts_percentage_pre_match,over_15_percentage_pre_match,over_25_percentage_pre_match,over_35_percentage_pre_match,over_45_percentage_pre_match,over_15_HT_FHG_percentage_pre_match,over_05_HT_FHG_percentage_pre_match,over_15_2HG_percentage_pre_match,over_05_2HG_percentage_pre_match,average_corners_per_match_pre_match,average_cards_per_match_pre_match,odds_ft_home_team_win,odds_ft_draw,odds_ft_away_team_win,odds_ft_over15,odds_ft_over25,odds_ft_over35,odds_ft_over45,odds_btts_yes,odds_btts_no,stadium_name
1740260700,Feb 22 2025 - 9:45pm,complete,N/A,Los Angeles FC,Minnesota United,Guido Gonzalez,N/A,0.00,0.00,2.00,1.33,1,0,1,0,0,0,"78","",4,4,0,0,2,0,0,0,1,1,14,16,6,2,6,11,12,14,64,36,0.00,0.00,1.64,1.31,0.00,0,0,0,0,0,0,0,0,0,0.00,0.00,1.71,3.89,4.40,1.22,1.60,2.29,5.00,1.62,2.20,BMO Stadium (Los Angeles- California)
1740270600,Feb 23 2025 - 12:30am,complete,N/A,Inter Miami,New York City,N/A,N/A,0.00,0.00,2.00,0.50,2,2,4,2,1,1,"5,90'10","26,55",7,2,3,1,2,0,3,1,1,1,18,10,7,6,6,3,8,11,59,41,0.00,0.00,1.62,1.23,0.00,0,0,0,0,0,0,0,0,0,0.00,0.00,1.71,3.77,4.60,1.18,1.55,2.28,4.00,1.57,2.25,Chase Stadium (Fort Lauderdale- Florida)
1740270600,Feb 23 2025 - 12:30am,complete,N/A,Atlanta United FC,Montreal Impact,Pierre Luce Lauziere,N/A,0.00,0.00,1.33,0.25,3,2,5,1,1,0,"41,63,85","47,71",7,5,3,0,2,0,0,3,1,1,19,14,8,7,8,6,11,15,48,52,0.00,0.00,1.85,1.66,0.00,0,0,0,0,0,0,0,0,0,0.00,0.00,1.66,3.79,4.90,1.20,1.61,2.25,4.50,1.67,2.10,Mercedes-Benz Stadium (Atlanta- Georgia)
1740270600,Feb 23 2025 - 12:30am,complete,N/A,FC Cincinnati,New York RB,Lukasz Szpala,N/A,0.00,0.00,3.00,0.50,1,0,1,0,0,0,"70","",4,2,2,0,1,0,0,2,0,1,13,20,3,4,8,13,10,5,48,52,0.00,0.00,1.23,1.67,0.00,0,0,0,0,0,0,0,0,0,0.00,0.00,1.96,3.52,3.63,1.26,1.73,2.75,5.50,1.62,2.20,TQL Stadium (Cincinnati- Ohio)
1740270600,Feb 23 2025 - 12:30am,complete,N/A,Columbus Crew,Chicago Fire,Fotis Bazakos,N/A,0.00,0.00,2.00,2.00,4,2,6,5,3,2,"19,37,45'1,50","13,22",5,2,0,0,3,0,0,0,2,1,17,16,8,6,8,8,7,17,57,43,0.00,0.00,1.83,1.57,0.00,0,0,0,0,0,0,0,0,0,0.00,0.00,1.45,4.40,6.40,1.18,1.58,2.25,4.20,1.70,2.05,Lower.com Field (Columbus- Ohio)
1740270600,Feb 23 2025 - 12:30am,complete,N/A,DC United,Toronto,N/A,N/A,0.00,0.00,1.67,0.33,2,2,4,3,2,1,"8,35","27,70",2,7,2,0,3,0,0,2,1,2,11,15,5,8,5,6,15,13,54,46,0.00,0.00,1.23,1.74,0.00,0,0,0,0,0,0,0,0,0,0.00,0.00,1.81,3.65,4.10,1.20,1.63,2.30,4.50,1.53,2.38,Audi Field (Washington- District of Columbia)
1740270600,Feb 23 2025 - 12:30am,complete,N/A,Orlando City,Philadelphia Union,Rubiel Vazquez,N/A,0.00,0.00,1.50,3.00,2,4,6,2,1,1,"8,79","23,48,51,64",7,8,1,0,2,0,1,0,1,1,24,9,8,5,11,3,6,20,54,46,0.00,0.00,2.07,1.10,0.00,0,0,0,0,0,0,0,0,0,0.00,0.00,1.67,4.20,4.33,1.18,1.55,2.25,4.33,1.57,2.25,Inter&Co Stadium (Orlando- Florida)
1740274200,Feb 23 2025 - 1:30am,complete,N/A,Austin,Sporting KC,Chris Penso,N/A,0.00,0.00,1.50,0.00,1,0,1,0,0,0,"76","",4,1,3,0,4,0,1,2,1,3,16,11,3,3,10,5,12,16,59,41,0.00,0.00,1.50,0.89,0.00,0,0,0,0,0,0,0,0,0,0.00,0.00,1.87,3.78,3.70,1.18,1.59,2.33,4.33,1.53,2.38,Q2 Stadium (Austin- Texas)
1740274200,Feb 23 2025 - 1:30am,complete,N/A,Houston Dynamo,FC Dallas,Armando Villarreal,N/A,0.00,0.00,0.00,2.00,1,2,3,1,1,0,"18","55,76",5,3,1,0,4,0,1,0,1,3,13,9,4,5,7,3,13,11,56,44,0.00,0.00,1.39,1.17,0.00,0,0,0,0,0,0,0,0,0,0.00,0.00,1.83,3.47,4.20,1.25,1.79,3.00,5.50,1.70,2.05,Shell Energy Stadium (Houston- Texas)
1740274200,Feb 23 2025 - 1:30am,complete,N/A,Nashville SC,New England Revolution,Marcos de Oliveira,N/A,0.00,0.00,2.00,0.50,0,0,0,0,0,0,"","",8,4,1,0,2,0,0,1,1,1,18,14,4,0,11,10,14,10,51,49,0.00,0.00,1.65,0.90,0.00,0,0,0,0,0,0,0,0,0,0.00,0.00,1.75,3.76,4.30,1.18,1.62,2.25,4.20,1.53,2.38,GEODIS Park (Nashville- Tennessee)
1740274200,Feb 23 2025 - 1:30am,complete,N/A,St. Louis City,Colorado Rapids,Jon Freemon,N/A,0.00,0.00,2.00,2.33,0,0,0,0,0,0,"","",6,1,1,0,1,0,0,1,0,1,23,4,7,0,13,3,7,14,54,46,0.00,0.00,2.14,0.45,0.00,0,0,0,0,0,0,0,0,0,0.00,0.00,1.92,3.94,3.37,1.13,1.43,2.00,3.50,1.40,2.75,Energizer Park (St. Louis- Missouri)
1740281400,Feb 23 2025 - 3:30am,complete,N/A,SJ Earthquakes,Real Salt Lake,Malik Badawi,N/A,0.00,0.00,1.00,1.50,4,0,4,1,1,0,"28,70,74,83","",6,5,4,0,2,0,0,4,0,2,17,23,10,7,6,13,13,15,37,63,0.00,0.00,1.88,2.15,0.00,0,0,0,0,0,0,0,0,0,0.00,0.00,2.25,3.69,2.82,1.19,1.60,2.31,4.50,1.50,2.50,PayPal Park (San Jose- California)
1740281400,Feb 23 2025 - 3:30am,complete,N/A,Seattle Sounders,Charlotte,Filip Dujic,N/A,0.00,0.00,2.00,0.50,2,2,4,2,1,1,"19,49","35,90'2",7,4,1,0,1,0,1,0,0,1,28,12,9,3,11,7,12,13,58,42,0.00,0.00,2.47,1.03,0.00,0,0,0,0,0,0,0,0,0,0.00,0.00,1.74,3.63,4.60,1.30,1.87,3.40,6.50,1.80,1.95,Lumen Field (Seattle- Washington)
1740344400,Feb 23 2025 - 9:00pm,complete,N/A,Portland Timbers,Vancouver Whitecaps,Víctor Rivas,N/A,0.00,0.00,1.33,3.00,1,4,5,2,0,2,"73","24,32,53,61",3,10,1,1,2,0,1,1,1,1,8,26,3,11,3,11,9,16,34,66,0.00,0.00,0.72,2.45,0.00,0,0,0,0,0,0,0,0,0,0.00,0.00,1.90,3.81,3.56,1.15,1.50,2.13,3.75,1.44,2.63,Providence Park (Portland- Oregon)
1740355200,Feb 24 2025 - 12:00am,complete,N/A,LA Galaxy,San Diego,Allen Chapman,N/A,0.00,0.00,0.00,3.00,0,2,2,0,0,0,"","52,90'3",1,3,0,0,2,0,0,0,1,1,6,10,4,7,2,3,7,9,-1,-1,0.00,0.00,0.92,1.49,0.00,0,0,0,0,0,0,0,0,0,0.00,0.00,1.43,5.00,5.80,0.00,1.41,2.03,0.00,0.00,0.00,Dignity Health Sports Park (Carson- California)
1740856500,Mar 01 2025 - 7:15pm,complete,N/A,Charlotte,Atlanta United FC,Rubiel Vazquez,N/A,0.00,0.00,3.00,0.00,2,0,2,0,0,0,"49,54","",1,5,2,0,2,0,0,2,0,2,10,21,6,4,4,13,12,9,43,57,0.00,0.00,1.30,1.68,0.00,0,0,0,0,0,0,0,0,0,0.00,0.00,2.11,3.25,3.47,1.25,1.75,2.90,5.50,1.57,2.25,Bank of America Stadium (Charlotte- North Carolina)
1740864600,Mar 01 2025 - 9:30pm,complete,N/A,Real Salt Lake,Seattle Sounders,N/A,N/A,0.00,0.00,1.50,0.00,2,0,2,1,1,0,"8,79","",3,4,2,0,1,0,0,2,1,0,13,12,5,4,7,8,15,10,53,47,0.00,0.00,1.41,1.39,0.00,0,0,0,0,0,0,0,0,0,0.00,0.00,2.38,3.30,2.88,1.30,1.83,2.95,6.50,1.67,2.10,America First Field (Sandy- Utah)
1740875400,Mar 02 2025 - 12:30am,complete,N/A,New England Revolution,Columbus Crew,Filip Dujic,N/A,0.00,0.00,0.00,2.00,0,1,1,0,0,0,"","51",1,4,2,0,3,0,2,0,0,3,8,7,3,5,4,2,16,14,38,62,0.00,0.00,0.85,0.99,0.00,0,0,0,0,0,0,0,0,0,0.00,0.00,2.83,3.71,2.24,1.18,1.59,2.25,4.00,1.50,2.50,Gillette Stadium (Foxborough- Massachusetts)
1740875400,Mar 02 2025 - 12:30am,complete,N/A,New York RB,Nashville SC,Rosendo Mendoza,N/A,0.00,0.00,2.00,1.50,2,0,2,2,2,0,"7,30","",1,5,3,0,2,0,1,2,0,2,15,17,6,2,8,10,13,17,43,57,0.00,0.00,1.51,1.11,0.00,0,0,0,0,0,0,0,0,0,0.00,0.00,1.63,4.00,4.80,1.28,1.83,3.00,6.00,1.91,1.91,Sports Illustrated Stadium (Harrison- New Jersey)
1740875400,Mar 02 2025 - 12:30am,complete,N/A,Orlando City,Toronto,N/A,N/A,0.00,1.00,1.50,0.33,4,2,6,2,2,0,"32,35,63,81","72,86",2,2,2,0,0,0,0,2,0,0,10,10,6,4,3,5,13,9,44,56,2.07,1.74,1.22,1.21,5.00,100,100,100,100,50,100,100,50,100,14.00,4.00,1.56,3.83,5.90,1.24,1.67,2.60,5.00,1.75,2.00,Inter&Co Stadium (Orlando- Florida)
1740875400,Mar 02 2025 - 12:30am,complete,N/A,Philadelphia Union,FC Cincinnati,Allen Chapman,N/A,0.00,0.00,1.50,0.00,4,1,5,2,2,0,"6,30,52,90'3","58",7,2,0,0,1,0,0,0,0,1,16,8,8,3,5,3,7,9,53,47,0.00,0.00,1.65,0.73,0.00,0,0,0,0,0,0,0,0,0,0.00,0.00,2.25,3.61,2.86,1.18,1.61,2.40,4.20,1.50,2.50,Subaru Park (Chester- Pennsylvania)
1740879000,Mar 02 2025 - 1:30am,complete,N/A,Chicago Fire,DC United,Marcos de Oliveira,N/A,0.00,0.00,1.00,1.00,2,2,4,2,1,1,"30,70","4,90'6",5,10,1,0,3,0,0,1,1,2,9,17,4,5,5,11,13,17,41,59,0.00,0.00,1.10,1.80,0.00,0,0,0,0,0,0,0,0,0,0.00,0.00,2.17,3.50,3.09,1.19,1.60,2.45,4.33,1.53,2.38,Soldier Field (Chicago- Illinois)
1740879000,Mar 02 2025 - 1:30am,complete,N/A,Sporting KC,SJ Earthquakes,N/A,N/A,0.00,0.00,0.50,3.00,1,2,3,3,1,2,"27","3,19",6,2,4,0,1,1,3,1,1,1,15,7,3,6,8,0,14,15,68,32,0.00,0.00,1.56,0.88,0.00,0,0,0,0,0,0,0,0,0,0.00,0.00,1.93,3.67,3.59,1.19,1.60,2.45,4.33,1.50,2.50,Children's Mercy Park (Kansas City- Kansas)
1740879000,Mar 02 2025 - 1:30am,complete,N/A,Minnesota United,Montreal Impact,Sergii Demianchuk,N/A,0.00,0.00,3.00,0.25,1,0,1,0,0,0,"69","",2,5,1,0,2,0,0,1,1,1,12,5,6,0,6,4,11,8,35,65,0.00,1.66,1.42,0.57,2.50,50,50,50,50,50,0,50,50,50,5.00,2.00,1.53,4.10,5.90,1.20,1.65,2.55,4.75,1.80,1.95,Allianz Field (Saint Paul- Minnesota)
1740882600,Mar 02 2025 - 2:30am,complete,N/A,Colorado Rapids,FC Dallas,N/A,N/A,0.00,3.00,1.00,2.00,3,3,6,4,2,2,"6,39,72","43,45,68",6,1,1,0,1,0,1,0,0,1,16,16,6,7,10,6,16,9,58,42,0.00,1.17,1.88,1.54,1.50,50,50,50,0,0,0,50,50,50,3.00,4.00,2.10,3.26,3.50,1.20,1.65,2.55,4.50,1.57,2.25,Dick's Sporting Goods Park (Commerce City- Colorado)
1740886200,Mar 02 2025 - 3:30am,complete,N/A,Los Angeles FC,New York City,Chris Penso,N/A,3.00,1.00,2.00,0.50,1,0,1,0,0,0,"86","",5,5,1,0,2,0,0,1,2,0,9,17,5,2,3,9,9,13,47,53,1.64,1.23,1.17,1.18,2.50,50,50,50,50,0,50,50,50,100,6.00,2.00,1.77,3.83,4.10,1.20,1.57,2.60,4.50,1.62,2.20,BMO Stadium (Los Angeles- California)
1740886200,Mar 02 2025 - 3:30am,complete,N/A,Portland Timbers,Austin,Ismir Pekmic,N/A,0.00,0.00,1.33,1.50,1,0,1,0,0,0,"89","",6,5,5,0,1,0,1,4,1,0,11,12,3,5,7,7,15,9,54,46,0.72,0.00,1.16,1.33,2.50,50,50,50,50,50,50,50,50,50,3.00,3.00,1.96,4.00,3.20,1.18,1.54,2.15,4.33,1.49,2.40,Providence Park (Portland- Oregon)
1740886200,Mar 02 2025 - 3:30am,complete,N/A,San Diego,St. Louis City,Lukasz Szpala,N/A,0.00,0.00,1.00,2.00,0,0,0,0,0,0,"","",9,0,3,0,5,0,1,2,2,3,16,3,2,3,14,0,14,12,72,28,0.00,0.00,1.55,0.47,0.00,0,0,0,0,0,0,0,0,0,0.00,0.00,2.07,3.34,3.47,0.00,1.55,2.30,0.00,0.00,0.00,Snapdragon Stadium (San Diego- California)
1740952800,Mar 02 2025 - 10:00pm,complete,N/A,Vancouver Whitecaps,LA Galaxy,Drew Fischer,N/A,0.00,0.00,3.00,0.50,2,1,3,2,1,1,"2,87","39",6,1,3,0,3,0,1,2,2,1,18,8,6,2,8,5,8,10,51,49,0.00,0.00,1.87,0.73,0.00,0,0,0,0,0,0,0,0,0,0.00,0.00,2.04,3.77,3.17,1.18,1.56,2.20,4.33,1.50,2.50,BC Place (Vancouver- British Columbia)
1740960000,Mar 03 2025 - 12:00am,complete,20810,Houston Dynamo,Inter Miami,Joe Dickerson,N/A,0.00,0.00,0.00,3.00,1,4,5,3,0,3,"85","6,37,45'2,79",2,2,2,0,5,1,1,1,1,5,9,10,4,6,5,4,24,14,46,54,1.39,0.00,1.05,1.28,1.50,50,50,50,0,0,0,50,50,50,5.00,1.00,2.55,3.50,2.55,1.19,1.60,2.40,4.50,1.53,2.38,Shell Energy Stadium (Houston- Texas)
1741462200,Mar 08 2025 - 7:30pm,complete,N/A,Columbus Crew,Houston Dynamo,Jon Freemon,N/A,3.00,0.00,2.00,1.00,0,0,0,0,0,0,"","",5,4,2,0,4,0,1,1,2,2,12,6,6,2,6,3,11,18,64,36,1.83,0.00,1.59,0.61,3.00,50,50,50,50,50,50,50,0,50,5.00,0.00,1.77,3.75,4.20,1.24,1.67,2.65,5.00,1.67,2.10,Lower.com Field (Columbus- Ohio)
1741470300,Mar 08 2025 - 9:45pm,complete,N/A,Seattle Sounders,Los Angeles FC,Drew Fischer,N/A,1.00,0.00,2.00,0.00,5,2,7,2,1,1,"11,57,77,84,90'4","37,90'2",9,4,0,0,1,0,0,0,0,1,14,7,11,4,2,3,9,11,58,42,2.47,0.00,1.99,0.93,2.00,50,50,50,50,0,50,50,50,50,7.00,1.00,2.04,3.41,3.50,1.25,1.70,2.95,5.50,1.95,1.80,Lumen Field (Seattle- Washington)
1741480200,Mar 09 2025 - 12:30am,complete,N/A,Atlanta United FC,New York RB,Tori Penso,N/A,3.00,0.00,1.33,0.50,0,0,0,0,0,0,"","",5,2,2,0,2,0,2,0,1,1,13,13,7,0,5,9,14,7,41,59,1.85,1.67,1.48,0.78,3.00,50,50,50,50,50,0,50,50,100,9.00,4.00,2.12,3.56,3.14,1.19,1.57,2.80,4.50,1.62,2.20,Mercedes-Benz Stadium (Atlanta- Georgia)
1741480200,Mar 09 2025 - 12:30am,complete,N/A,FC Cincinnati,Toronto,Ismir Pekmic,N/A,3.00,0.50,3.00,0.33,2,0,2,0,0,0,"73,87","",5,4,2,0,1,0,0,2,0,1,15,11,9,2,6,6,10,8,56,44,1.23,1.47,1.96,0.85,3.00,50,50,50,50,25,50,50,25,100,8.50,3.50,1.68,4.00,4.40,1.18,1.80,2.25,4.20,1.67,2.10,TQL Stadium (Cincinnati- Ohio)
1741480200,Mar 09 2025 - 12:30am,complete,N/A,DC United,Sporting KC,Rosendo Mendoza,N/A,1.00,0.00,1.67,0.00,2,1,3,0,0,0,"60,68","53",6,1,6,0,4,0,2,4,2,2,17,9,5,2,8,6,19,13,44,56,1.23,0.89,1.48,0.93,2.50,50,50,50,50,0,50,50,0,100,3.00,6.00,1.94,3.81,3.41,1.19,1.57,2.45,4.50,1.62,2.20,Audi Field (Washington- District of Columbia)
1741480200,Mar 09 2025 - 12:30am,complete,N/A,New England Revolution,Philadelphia Union,Fotis Bazakos,N/A,0.00,3.00,0.00,3.00,0,2,2,0,0,0,"","76,90'7",4,5,2,0,3,0,0,2,1,2,11,27,2,10,7,10,12,21,49,51,0.85,1.10,1.10,2.36,3.50,50,50,50,50,50,50,50,50,100,9.00,4.00,2.53,3.38,2.64,1.25,1.70,2.50,5.50,1.62,2.20,Gillette Stadium (Foxborough- Massachusetts)
1741480200,Mar 09 2025 - 12:30am,complete,N/A,New York City,Orlando City,Pierre Luce Lauziere,N/A,0.00,0.00,3.00,0.50,2,1,3,0,0,0,"59,71","69",7,4,2,1,2,0,0,3,0,2,16,18,8,5,7,11,12,10,55,45,0.00,0.00,1.84,1.63,0.00,0,0,0,0,0,0,0,0,0,0.00,0.00,2.19,3.12,3.41,1.21,1.67,2.85,5.00,1.67,2.10,Yankee Stadium (New York City)
1741483800,Mar 09 2025 - 1:30am,complete,N/A,Austin,Colorado Rapids,Marcos de Oliveira,N/A,3.00,1.00,1.50,2.33,0,1,1,1,0,1,"","18",7,3,2,0,2,0,0,2,0,2,22,7,5,4,15,3,0,1,59,41,1.50,0.45,1.98,1.04,0.50,0,0,0,0,0,0,0,0,50,5.00,4.00,1.75,3.75,4.33,1.25,1.73,2.85,5.50,1.70,2.05,Q2 Stadium (Austin- Texas)
1741483800,Mar 09 2025 - 1:30am,complete,N/A,FC Dallas,Chicago Fire,Sergii Demianchuk,N/A,0.00,0.00,0.00,2.00,1,3,4,0,0,0,"57","82,84,90'1",6,2,0,0,3,0,0,0,1,2,19,16,8,8,9,7,10,14,46,54,0.00,1.57,1.95,1.76,3.00,50,50,50,50,50,50,50,0,50,2.00,3.00,1.78,3.95,3.92,1.19,1.57,2.50,4.50,1.62,2.20,Toyota Stadium (Frisco- Texas)
1741483800,Mar 09 2025 - 1:30am,complete,N/A,Nashville SC,Portland Timbers,Filip Dujic,N/A,1.00,0.00,2.00,0.00,2,0,2,1,1,0,"45'3,68","",5,2,0,0,2,0,0,0,1,1,26,12,8,5,13,5,0,1,57,43,1.65,0.00,2.26,1.27,0.00,0,0,0,0,0,0,0,0,0,8.00,1.00,1.97,3.60,3.53,1.26,1.77,3.00,5.50,1.67,2.10,GEODIS Park (Nashville- Tennessee)
1741487400,Mar 09 2025 - 2:30am,complete,N/A,Real Salt Lake,San Diego,N/A,N/A,3.00,3.00,1.50,3.00,1,3,4,2,1,1,"17","43,90'1,90'6",4,6,3,0,1,0,0,3,0,1,13,12,6,8,7,4,8,10,48,52,1.41,1.49,1.41,1.57,2.00,0,100,0,0,0,0,50,50,100,6.00,4.00,1.98,3.67,3.41,0.00,1.79,0.00,0.00,0.00,0.00,America First Field (Sandy- Utah)
1741487400,Mar 09 2025 - 2:30am,complete,N/A,Vancouver Whitecaps,Montreal Impact,Joe Dickerson,N/A,3.00,0.00,3.00,0.25,2,0,2,1,1,0,"32,49","",8,7,1,0,2,0,0,1,2,0,16,15,8,4,8,8,9,15,51,49,1.87,1.11,1.90,1.35,3.00,75,75,75,25,25,50,75,25,100,11.00,5.00,1.47,4.50,5.90,1.18,1.54,2.35,4.20,1.75,2.00,BC Place (Vancouver- British Columbia)
1741491000,Mar 09 2025 - 3:30am,complete,N/A,SJ Earthquakes,Minnesota United,N/A,N/A,3.00,0.00,1.00,1.33,0,1,1,1,0,1,"","32",10,4,1,0,1,0,0,1,1,0,25,13,3,7,15,3,8,12,73,27,1.88,1.31,1.85,1.33,2.50,0,50,50,50,0,0,50,50,100,10.00,6.00,2.34,3.59,2.75,1.28,1.63,3.10,6.00,1.57,2.25,PayPal Park (San Jose- California)
1741550400,Mar 09 2025 - 8:00pm,complete,N/A,Inter Miami,Charlotte,Guido Gonzalez,N/A,1.00,1.00,2.00,0.50,1,0,1,0,0,0,"46","",2,13,3,1,1,0,3,1,0,1,7,9,3,0,2,9,10,12,43,57,1.62,1.03,0.69,1.30,4.00,100,100,100,100,0,100,100,100,100,11.00,6.00,1.45,4.80,5.70,1.14,1.45,2.05,3.75,1.62,2.20,Chase Stadium (Fort Lauderdale- Florida)
1741561200,Mar 09 2025 - 11:00pm,complete,N/A,LA Galaxy,St. Louis City,Jair Marrufo,N/A,0.00,1.00,0.00,2.00,0,3,3,1,0,1,"","44,49,84",9,8,1,0,2,0,1,0,0,2,30,16,8,6,16,8,6,8,70,30,0.92,0.47,2.49,1.48,1.00,0,50,0,0,0,0,0,50,50,1.00,5.00,1.65,4.40,4.20,1.16,1.45,2.10,4.00,1.50,2.50,Dignity Health Sports Park (Carson- California)
1742063400,Mar 15 2025 - 6:30pm,complete,N/A,New York RB,Orlando City,Armando Villarreal,N/A,3.00,0.00,2.00,0.50,2,2,4,3,1,2,"29,47","18,39",2,6,3,0,1,0,0,3,0,1,9,9,5,4,4,4,12,11,56,44,1.51,1.63,1.20,1.06,2.50,50,100,50,0,0,50,50,50,50,5.00,5.00,2.12,3.29,3.39,1.28,1.80,3.00,5.75,1.67,2.10,Sports Illustrated Stadium (Harrison- New Jersey)
1742063400,Mar 15 2025 - 6:30pm,complete,N/A,Toronto,Chicago Fire,Allen Chapman,N/A,0.00,1.50,0.00,2.00,1,2,3,3,1,2,"11","29,44",5,3,0,0,0,0,0,0,0,0,6,16,3,10,2,4,7,11,48,52,0.00,1.67,0.90,1.86,2.50,50,50,50,50,25,25,25,25,50,2.00,3.00,2.02,3.67,3.30,1.22,1.65,2.80,5.25,1.62,2.20,BMO Field (Toronto- Ontario)
1742067900,Mar 15 2025 - 7:45pm,complete,N/A,Los Angeles FC,Austin,Rubiel Vazquez,N/A,3.00,0.00,2.00,1.50,0,1,1,1,0,1,"","11",6,5,1,0,5,0,0,1,1,4,12,10,3,3,7,7,10,18,71,29,1.41,1.33,1.64,1.17,1.00,0,0,0,0,0,0,0,0,100,9.50,1.50,1.63,3.71,5.40,1.28,1.83,3.20,6.25,1.80,1.95,BMO Stadium (Los Angeles- California)
1742081400,Mar 15 2025 - 11:30pm,complete,N/A,Charlotte,FC Cincinnati,N/A,N/A,3.00,0.00,3.00,0.00,2,0,2,0,0,0,"48,51","",5,6,0,0,2,1,0,0,1,2,16,14,7,9,7,4,9,10,49,51,1.30,0.73,1.94,1.97,3.50,50,100,50,50,50,50,50,100,100,3.00,3.00,2.23,3.25,3.18,1.28,1.79,3.00,5.75,1.67,2.10,Bank of America Stadium (Charlotte- North Carolina)
1742081400,Mar 15 2025 - 11:30pm,complete,N/A,DC United,Montreal Impact,Guido Gonzalez,N/A,2.00,0.00,1.67,0.25,0,0,0,0,0,0,"","",6,2,3,0,5,0,2,1,2,3,17,10,9,2,7,6,26,9,51,49,1.36,1.19,2.08,0.92,3.09,67,84,67,42,17,25,59,42,100,9.67,6.00,1.58,3.98,5.40,1.18,1.50,2.25,4.20,1.57,2.25,Audi Field (Washington- District of Columbia)
1742081400,Mar 15 2025 - 11:30pm,complete,N/A,New York City,New England Revolution,Malik Badawi,N/A,3.00,1.00,3.00,0.50,2,1,3,2,1,1,"38,68","26",7,9,2,0,1,0,0,2,0,1,11,9,4,3,6,4,13,11,46,54,1.84,0.90,1.38,1.22,1.50,50,50,50,0,0,0,0,50,50,11.00,5.00,1.68,3.65,5.00,1.25,1.67,3.00,5.50,1.80,1.95,Yankee Stadium (New York City)
1742084100,Mar 16 2025 - 12:15am,complete,N/A,Sporting KC,Minnesota United,Joe Dickerson,N/A,0.00,1.50,0.50,1.33,3,3,6,2,0,2,"68,72,80","15,31,46",-1,-1,1,0,1,0,0,1,1,0,13,18,6,7,5,8,2,4,77,23,1.56,1.32,1.84,1.82,2.00,50,50,50,0,0,50,75,0,25,10.00,5.50,2.33,3.50,2.82,1.30,1.79,3.20,6.00,1.67,2.10,Children's Mercy Park (Kansas City- Kansas)
1742085000,Mar 16 2025 - 12:30am,complete,N/A,FC Dallas,Vancouver Whitecaps,Jair Marrufo,N/A,0.00,3.00,0.00,3.00,0,1,1,0,0,0,"","54",2,8,2,0,2,0,1,1,0,2,8,12,0,6,7,4,4,4,33,67,1.95,2.45,0.75,1.57,4.50,100,100,100,100,50,50,50,100,100,16.00,2.00,2.15,3.62,3.05,1.22,1.60,2.70,4.75,1.62,2.20,Toyota Stadium (Frisco- Texas)
1742085000,Mar 16 2025 - 12:30am,complete,N/A,Houston Dynamo,Real Salt Lake,Marcos de Oliveira,N/A,0.00,0.00,0.00,1.50,1,2,3,3,1,2,"16","1,45'5",1,1,3,0,1,0,1,2,1,0,18,11,6,6,9,3,2,3,56,44,1.22,2.15,1.92,1.42,4.00,50,100,100,75,25,25,100,100,100,8.50,3.50,1.88,3.45,4.00,1.25,1.67,2.85,5.75,1.80,1.95,Shell Energy Stadium (Houston- Texas)
1742085000,Mar 16 2025 - 12:30am,complete,N/A,St. Louis City,Seattle Sounders,Fotis Bazakos,N/A,1.00,0.00,2.00,0.00,1,0,1,1,1,0,"15","",4,7,2,0,4,0,0,2,2,2,17,14,6,2,7,9,4,2,34,66,2.14,1.39,1.53,1.31,1.00,0,50,0,0,0,0,50,0,50,10.00,2.00,2.46,3.30,2.78,1.33,2.00,3.55,7.00,1.80,1.95,Energizer Park (St. Louis- Missouri)
1742092200,Mar 16 2025 - 2:30am,complete,N/A,San Diego,Columbus Crew,Víctor Rivas,N/A,1.00,3.00,1.00,2.00,1,1,2,1,0,1,"69","13",-1,-1,1,0,4,1,1,0,1,4,-1,-1,-1,-1,-1,-1,-1,-1,-1,-1,1.55,0.99,0.00,0.00,0.50,0,0,0,0,0,0,0,0,50,13.00,6.00,2.45,3.50,2.66,0.00,1.77,2.65,0.00,0.00,0.00,Snapdragon Stadium (San Diego- California)
1742092200,Mar 16 2025 - 2:30am,complete,N/A,SJ Earthquakes,Colorado Rapids,N/A,N/A,1.50,2.00,1.00,2.33,1,2,3,2,1,1,"45'1","38,71",10,4,1,0,2,0,0,1,0,2,28,10,12,5,8,3,9,8,66,34,1.87,0.75,2.76,1.27,1.50,0,25,25,25,0,0,75,25,25,10.00,4.00,2.05,3.58,3.30,1.20,1.60,2.55,4.33,1.53,2.38,PayPal Park (San Jose- California)
1742149500,Mar 16 2025 - 6:25pm,complete,N/A,Philadelphia Union,Nashville SC,Pierre Luce Lauziere,N/A,3.00,0.00,1.50,1.50,1,3,4,3,1,2,"33","15,44,82",7,2,2,1,2,0,0,3,1,1,7,12,5,5,2,6,11,20,61,39,1.65,1.11,1.31,1.42,3.50,50,100,50,50,50,100,100,50,50,12.00,2.00,1.78,3.84,4.00,1.22,1.68,2.25,4.75,1.67,2.10,Subaru Park (Chester- Pennsylvania)
1742157900,Mar 16 2025 - 8:45pm,complete,N/A,Portland Timbers,LA Galaxy,Lukasz Szpala,N/A,1.50,0.00,1.33,0.50,1,1,2,0,0,0,"49","81",5,8,2,0,1,0,1,1,0,1,9,12,5,4,3,7,13,11,48,52,0.94,0.73,1.36,1.68,3.00,75,75,75,25,25,75,75,25,100,5.50,7.00,2.27,3.52,2.90,1.20,1.55,2.35,4.33,1.50,2.50,Providence Park (Portland- Oregon)
1742166000,Mar 16 2025 - 11:00pm,complete,N/A,Atlanta United FC,Inter Miami,Drew Fischer,N/A,2.00,3.00,1.33,3.00,1,2,3,2,1,1,"11","20,89",3,7,3,0,1,0,1,2,1,0,14,15,6,9,7,5,16,7,48,52,1.66,1.28,1.53,1.92,3.75,75,75,75,75,75,50,75,75,75,8.00,9.50,2.44,3.51,2.66,1.17,1.53,2.25,3.85,1.44,2.63,Mercedes-Benz Stadium (Atlanta- Georgia)
1742668200,Mar 22 2025 - 6:30pm,incomplete,N/A,FC Cincinnati,Atlanta United FC,N/A,N/A,3.00,0.00,3.00,0.00,0,0,0,0,0,0,"","",-1,-1,-1,-1,-1,-1,-1,-1,-1,-1,-1,-1,-1,-1,-1,-1,-1,-1,-1,-1,1.60,1.68,0.00,0.00,1.75,0,75,0,0,0,0,0,75,100,9.50,4.00,1.70,3.50,4.20,0.00,1.65,0.00,0.00,0.00,0.00,TQL Stadium (Cincinnati- Ohio)
1742675400,Mar 22 2025 - 8:30pm,incomplete,N/A,Minnesota United,LA Galaxy,N/A,N/A,3.00,0.50,3.00,0.50,0,0,0,0,0,0,"","",-1,-1,-1,-1,-1,-1,-1,-1,-1,-1,-1,-1,-1,-1,-1,-1,-1,-1,-1,-1,1.42,1.21,0.00,0.00,1.75,50,50,25,0,0,25,25,25,100,6.50,3.00,1.80,3.60,3.50,0.00,1.55,0.00,0.00,0.00,0.00,Allianz Field (Saint Paul- Minnesota)
1742686200,Mar 22 2025 - 11:30pm,incomplete,N/A,Charlotte,SJ Earthquakes,N/A,N/A,3.00,3.00,3.00,3.00,0,0,0,0,0,0,"","",-1,-1,-1,-1,-1,-1,-1,-1,-1,-1,-1,-1,-1,-1,-1,-1,-1,-1,-1,-1,1.62,0.88,0.00,0.00,2.50,50,100,50,0,0,50,50,50,50,5.00,3.00,1.60,3.95,4.60,0.00,1.60,0.00,0.00,0.00,0.00,Bank of America Stadium (Charlotte- North Carolina)
1742686200,Mar 22 2025 - 11:30pm,incomplete,N/A,Columbus Crew,New York City,N/A,N/A,2.00,0.50,2.00,0.50,0,0,0,0,0,0,"","",-1,-1,-1,-1,-1,-1,-1,-1,-1,-1,-1,-1,-1,-1,-1,-1,-1,-1,-1,-1,1.71,1.21,0.00,0.00,2.75,50,50,50,50,25,50,50,25,75,8.50,3.00,1.71,3.20,5.00,0.00,1.55,0.00,0.00,0.00,0.00,Lower.com Field (Columbus- Ohio)
1742686200,Mar 22 2025 - 11:30pm,incomplete,N/A,New York RB,Toronto,N/A,N/A,2.00,0.33,2.00,0.33,0,0,0,0,0,0,"","",-1,-1,-1,-1,-1,-1,-1,-1,-1,-1,-1,-1,-1,-1,-1,-1,-1,-1,-1,-1,1.35,1.26,0.00,0.00,3.50,59,100,59,59,17,84,84,34,75,5.83,4.33,1.71,3.60,4.40,0.00,1.60,0.00,0.00,0.00,0.00,Sports Illustrated Stadium (Harrison- New Jersey)
1742686200,Mar 22 2025 - 11:30pm,incomplete,N/A,Orlando City,DC United,N/A,N/A,1.50,1.00,1.50,1.00,0,0,0,0,0,0,"","",-1,-1,-1,-1,-1,-1,-1,-1,-1,-1,-1,-1,-1,-1,-1,-1,-1,-1,-1,-1,1.65,1.80,0.00,0.00,5.00,100,100,100,100,50,100,100,100,100,14.50,4.50,1.74,3.65,4.10,0.00,0.00,2.10,0.00,0.00,0.00,Inter&Co Stadium (Orlando- Florida)
1742686200,Mar 22 2025 - 11:30pm,incomplete,N/A,Philadelphia Union,St. Louis City,N/A,N/A,1.50,2.00,1.50,2.00,0,0,0,0,0,0,"","",-1,-1,-1,-1,-1,-1,-1,-1,-1,-1,-1,-1,-1,-1,-1,-1,-1,-1,-1,-1,1.48,0.97,0.00,0.00,3.00,50,75,75,50,25,50,75,50,75,11.00,5.50,1.91,3.40,3.40,0.00,1.55,0.00,0.00,0.00,0.00,Subaru Park (Chester- Pennsylvania)
1742689800,Mar 23 2025 - 12:30am,incomplete,N/A,Sporting KC,Los Angeles FC,N/A,N/A,0.50,0.00,0.50,0.00,0,0,0,0,0,0,"","",-1,-1,-1,-1,-1,-1,-1,-1,-1,-1,-1,-1,-1,-1,-1,-1,-1,-1,-1,-1,1.70,0.93,0.00,0.00,5.75,100,100,100,75,75,100,100,75,75,10.00,3.50,2.90,3.30,2.25,0.00,0.00,2.25,0.00,0.00,0.00,Children's Mercy Park (Kansas City- Kansas)
1742689800,Mar 23 2025 - 12:30am,incomplete,N/A,Nashville SC,Montreal Impact,N/A,N/A,2.00,0.25,2.00,0.25,0,0,0,0,0,0,"","",-1,-1,-1,-1,-1,-1,-1,-1,-1,-1,-1,-1,-1,-1,-1,-1,-1,-1,-1,-1,1.96,1.12,0.00,0.00,1.50,13,50,13,13,13,0,50,13,63,11.25,3.25,1.65,3.30,5.00,0.00,1.65,0.00,0.00,0.00,0.00,GEODIS Park (Nashville- Tennessee)
1742693400,Mar 23 2025 - 1:30am,incomplete,N/A,Colorado Rapids,Portland Timbers,N/A,N/A,1.00,0.00,1.00,0.00,0,0,0,0,0,0,"","",-1,-1,-1,-1,-1,-1,-1,-1,-1,-1,-1,-1,-1,-1,-1,-1,-1,-1,-1,-1,1.88,1.27,0.00,0.00,4.00,50,100,50,50,50,50,100,50,100,8.00,3.00,1.75,3.70,3.75,0.00,0.00,2.10,0.00,0.00,0.00,Dick's Sporting Goods Park (Commerce City- Colorado)
1742693400,Mar 23 2025 - 1:30am,incomplete,N/A,Real Salt Lake,FC Dallas,N/A,N/A,1.50,2.00,1.50,2.00,0,0,0,0,0,0,"","",-1,-1,-1,-1,-1,-1,-1,-1,-1,-1,-1,-1,-1,-1,-1,-1,-1,-1,-1,-1,1.41,1.36,0.00,0.00,3.75,75,100,75,50,25,50,100,75,100,5.50,5.00,1.95,3.25,3.60,0.00,0.00,2.25,0.00,0.00,0.00,America First Field (Sandy- Utah)
1742697000,Mar 23 2025 - 2:30am,incomplete,N/A,Seattle Sounders,Houston Dynamo,N/A,N/A,2.00,1.00,2.00,1.00,0,0,0,0,0,0,"","",-1,-1,-1,-1,-1,-1,-1,-1,-1,-1,-1,-1,-1,-1,-1,-1,-1,-1,-1,-1,2.23,0.61,0.00,0.00,2.75,50,50,50,50,25,50,50,50,50,12.00,4.50,1.68,3.50,4.70,0.00,1.91,0.00,0.00,0.00,0.00,Lumen Field (Seattle- Washington)
1742697000,Mar 23 2025 - 2:30am,incomplete,N/A,Vancouver Whitecaps,Chicago Fire,N/A,N/A,3.00,2.00,3.00,2.00,0,0,0,0,0,0,"","",-1,-1,-1,-1,-1,-1,-1,-1,-1,-1,-1,-1,-1,-1,-1,-1,-1,-1,-1,-1,1.88,1.73,0.00,0.00,3.42,75,100,75,34,17,59,84,17,84,9.33,4.00,1.66,3.70,4.50,0.00,1.61,0.00,0.00,0.00,0.00,BC Place (Vancouver- British Columbia)
1742760000,Mar 23 2025 - 8:00pm,incomplete,N/A,Austin,San Diego,N/A,N/A,1.50,3.00,1.50,3.00,0,0,0,0,0,0,"","",-1,-1,-1,-1,-1,-1,-1,-1,-1,-1,-1,-1,-1,-1,-1,-1,-1,-1,-1,-1,1.74,1.53,0.00,0.00,2.00,25,50,25,25,0,25,50,50,75,10.00,4.00,1.90,3.70,3.35,0.00,1.57,0.00,0.00,0.00,0.00,Q2 Stadium (Austin- Texas)
1743273000,Mar 29 2025 - 6:30pm,incomplete,N/A,New England Revolution,New York RB,N/A,N/A,0.00,0.50,0.00,0.50,0,0,0,0,0,0,"","",-1,-1,-1,-1,-1,-1,-1,-1,-1,-1,-1,-1,-1,-1,-1,-1,-1,-1,-1,-1,0.97,1.23,0.00,0.00,1.00,0,25,0,0,0,0,0,25,75,4.50,3.50,0.00,0.00,0.00,0.00,0.00,0.00,0.00,0.00,0.00,Gillette Stadium (Foxborough- Massachusetts)
1743273000,Mar 29 2025 - 6:30pm,incomplete,N/A,Toronto,Vancouver Whitecaps,N/A,N/A,0.00,3.00,0.00,3.00,0,0,0,0,0,0,"","",-1,-1,-1,-1,-1,-1,-1,-1,-1,-1,-1,-1,-1,-1,-1,-1,-1,-1,-1,-1,0.90,2.01,0.00,0.00,3.00,75,75,75,25,25,75,75,25,50,14.00,2.00,0.00,0.00,0.00,0.00,0.00,0.00,0.00,0.00,0.00,BMO Field (Toronto- Ontario)
1743280200,Mar 29 2025 - 8:30pm,incomplete,N/A,Colorado Rapids,Charlotte,N/A,N/A,1.00,0.50,1.00,0.50,0,0,0,0,0,0,"","",-1,-1,-1,-1,-1,-1,-1,-1,-1,-1,-1,-1,-1,-1,-1,-1,-1,-1,-1,-1,1.88,1.16,0.00,0.00,4.25,75,75,75,75,50,75,75,75,100,14.50,2.00,0.00,0.00,0.00,0.00,0.00,0.00,0.00,0.00,0.00,Dick's Sporting Goods Park (Commerce City- Colorado)
1743291000,Mar 29 2025 - 11:30pm,incomplete,N/A,Atlanta United FC,New York City,N/A,N/A,1.33,0.50,1.33,0.50,0,0,0,0,0,0,"","",-1,-1,-1,-1,-1,-1,-1,-1,-1,-1,-1,-1,-1,-1,-1,-1,-1,-1,-1,-1,1.62,1.21,0.00,0.00,2.59,59,59,59,42,17,42,59,42,84,8.50,4.67,0.00,0.00,0.00,0.00,0.00,0.00,0.00,0.00,0.00,Mercedes-Benz Stadium (Atlanta- Georgia)
1743291000,Mar 29 2025 - 11:30pm,incomplete,N/A,DC United,Columbus Crew,N/A,N/A,1.67,2.00,1.67,2.00,0,0,0,0,0,0,"","",-1,-1,-1,-1,-1,-1,-1,-1,-1,-1,-1,-1,-1,-1,-1,-1,-1,-1,-1,-1,1.60,0.99,0.00,0.00,1.92,59,59,34,17,0,17,42,17,84,8.67,8.17,0.00,0.00,0.00,0.00,0.00,0.00,0.00,0.00,0.00,Audi Field (Washington- District of Columbia)
1743291000,Mar 29 2025 - 11:30pm,incomplete,N/A,Inter Miami,Philadelphia Union,N/A,N/A,2.00,3.00,2.00,3.00,0,0,0,0,0,0,"","",-1,-1,-1,-1,-1,-1,-1,-1,-1,-1,-1,-1,-1,-1,-1,-1,-1,-1,-1,-1,1.15,1.73,0.00,0.00,3.25,50,75,50,50,25,50,50,75,100,11.00,7.50,0.00,0.00,0.00,0.00,0.00,0.00,0.00,0.00,0.00,Chase Stadium (Fort Lauderdale- Florida)
1743294600,Mar 30 2025 - 12:30am,incomplete,N/A,Chicago Fire,Montreal Impact,N/A,N/A,1.00,0.25,1.00,0.25,0,0,0,0,0,0,"","",-1,-1,-1,-1,-1,-1,-1,-1,-1,-1,-1,-1,-1,-1,-1,-1,-1,-1,-1,-1,1.10,1.12,0.00,0.00,3.00,63,75,63,63,13,50,75,63,88,9.75,3.75,0.00,0.00,0.00,0.00,0.00,0.00,0.00,0.00,0.00,Soldier Field (Chicago- Illinois)
1743294600,Mar 30 2025 - 12:30am,incomplete,N/A,FC Dallas,Sporting KC,N/A,N/A,0.00,0.00,0.00,0.00,0,0,0,0,0,0,"","",-1,-1,-1,-1,-1,-1,-1,-1,-1,-1,-1,-1,-1,-1,-1,-1,-1,-1,-1,-1,1.35,0.91,0.00,0.00,2.25,50,50,50,25,0,0,0,50,100,5.00,5.00,0.00,0.00,0.00,0.00,0.00,0.00,0.00,0.00,0.00,Toyota Stadium (Frisco- Texas)
1743294600,Mar 30 2025 - 12:30am,incomplete,N/A,Minnesota United,Real Salt Lake,N/A,N/A,3.00,1.50,3.00,1.50,0,0,0,0,0,0,"","",-1,-1,-1,-1,-1,-1,-1,-1,-1,-1,-1,-1,-1,-1,-1,-1,-1,-1,-1,-1,1.42,1.79,0.00,0.00,2.25,25,50,50,25,0,25,50,25,75,5.00,2.50,0.00,0.00,0.00,0.00,0.00,0.00,0.00,0.00,0.00,Allianz Field (Saint Paul- Minnesota)
1743294600,Mar 30 2025 - 12:30am,incomplete,N/A,Nashville SC,FC Cincinnati,N/A,N/A,2.00,0.00,2.00,0.00,0,0,0,0,0,0,"","",-1,-1,-1,-1,-1,-1,-1,-1,-1,-1,-1,-1,-1,-1,-1,-1,-1,-1,-1,-1,1.96,1.35,0.00,0.00,2.25,25,75,25,25,25,25,50,50,75,10.50,2.50,0.00,0.00,0.00,0.00,0.00,0.00,0.00,0.00,0.00,GEODIS Park (Nashville- Tennessee)
1743301800,Mar 30 2025 - 2:30am,incomplete,N/A,LA Galaxy,Orlando City,N/A,N/A,0.00,0.50,0.00,0.50,0,0,0,0,0,0,"","",-1,-1,-1,-1,-1,-1,-1,-1,-1,-1,-1,-1,-1,-1,-1,-1,-1,-1,-1,-1,1.70,1.34,0.00,0.00,3.00,50,100,75,25,0,25,50,75,100,10.00,2.00,0.00,0.00,0.00,0.00,0.00,0.00,0.00,0.00,0.00,Dignity Health Sports Park (Carson- California)
1743301800,Mar 30 2025 - 2:30am,incomplete,N/A,San Diego,Los Angeles FC,N/A,N/A,1.00,0.00,1.00,0.00,0,0,0,0,0,0,"","",-1,-1,-1,-1,-1,-1,-1,-1,-1,-1,-1,-1,-1,-1,-1,-1,-1,-1,-1,-1,1.55,0.93,0.00,0.00,4.00,75,75,50,50,50,50,75,50,75,13.00,3.00,0.00,0.00,0.00,0.00,0.00,0.00,0.00,0.00,0.00,Snapdragon Stadium (San Diego- California)
1743301800,Mar 30 2025 - 2:30am,incomplete,N/A,SJ Earthquakes,Seattle Sounders,N/A,N/A,1.00,0.00,1.00,0.00,0,0,0,0,0,0,"","",-1,-1,-1,-1,-1,-1,-1,-1,-1,-1,-1,-1,-1,-1,-1,-1,-1,-1,-1,-1,2.16,1.35,0.00,0.00,2.09,17,59,34,17,0,17,100,17,59,14.17,4.50,0.00,0.00,0.00,0.00,0.00,0.00,0.00,0.00,0.00,PayPal Park (San Jose- California)
1743358500,Mar 30 2025 - 6:15pm,incomplete,N/A,St. Louis City,Austin,N/A,N/A,2.00,1.50,2.00,1.50,0,0,0,0,0,0,"","",-1,-1,-1,-1,-1,-1,-1,-1,-1,-1,-1,-1,-1,-1,-1,-1,-1,-1,-1,-1,1.83,1.25,0.00,0.00,0.75,0,0,0,0,0,0,50,0,25,10.00,4.50,0.00,0.00,0.00,0.00,0.00,0.00,0.00,0.00,0.00,CITYPARK (St. Louis- Missouri)
1743375600,Mar 30 2025 - 11:00pm,incomplete,N/A,Portland Timbers,Houston Dynamo,N/A,N/A,1.33,1.00,1.33,1.00,0,0,0,0,0,0,"","",-1,-1,-1,-1,-1,-1,-1,-1,-1,-1,-1,-1,-1,-1,-1,-1,-1,-1,-1,-1,1.08,0.61,0.00,0.00,1.34,34,34,17,17,17,17,17,34,50,8.67,7.33,0.00,0.00,0.00,0.00,0.00,0.00,0.00,0.00,0.00,Providence Park (Portland- Oregon)
1743877800,Apr 05 2025 - 6:30pm,incomplete,N/A,Charlotte,Nashville SC,N/A,N/A,3.00,1.50,3.00,1.50,0,0,0,0,0,0,"","",-1,-1,-1,-1,-1,-1,-1,-1,-1,-1,-1,-1,-1,-1,-1,-1,-1,-1,-1,-1,1.62,1.26,0.00,0.00,2.50,25,100,25,25,0,50,50,50,75,6.50,3.00,0.00,0.00,0.00,0.00,0.00,0.00,0.00,0.00,0.00,Bank of America Stadium (Charlotte- North Carolina)
1743885000,Apr 05 2025 - 8:30pm,incomplete,N/A,Real Salt Lake,LA Galaxy,N/A,N/A,1.50,0.50,1.50,0.50,0,0,0,0,0,0,"","",-1,-1,-1,-1,-1,-1,-1,-1,-1,-1,-1,-1,-1,-1,-1,-1,-1,-1,-1,-1,1.41,1.21,0.00,0.00,2.75,75,100,50,25,0,50,75,50,100,8.00,4.50,0.00,0.00,0.00,0.00,0.00,0.00,0.00,0.00,0.00,America First Field (Sandy- Utah)
1743895800,Apr 05 2025 - 11:30pm,incomplete,N/A,Atlanta United FC,FC Dallas,N/A,N/A,1.33,2.00,1.33,2.00,0,0,0,0,0,0,"","",-1,-1,-1,-1,-1,-1,-1,-1,-1,-1,-1,-1,-1,-1,-1,-1,-1,-1,-1,-1,1.62,1.36,0.00,0.00,3.59,84,84,84,42,42,42,84,67,84,7.00,5.17,0.00,0.00,0.00,0.00,0.00,0.00,0.00,0.00,0.00,Mercedes-Benz Stadium (Atlanta- Georgia)
1743895800,Apr 05 2025 - 11:30pm,incomplete,N/A,FC Cincinnati,New England Revolution,N/A,N/A,3.00,0.50,3.00,0.50,0,0,0,0,0,0,"","",-1,-1,-1,-1,-1,-1,-1,-1,-1,-1,-1,-1,-1,-1,-1,-1,-1,-1,-1,-1,1.60,1.06,0.00,0.00,1.50,25,50,25,0,0,25,25,25,75,11.00,3.50,0.00,0.00,0.00,0.00,0.00,0.00,0.00,0.00,0.00,TQL Stadium (Cincinnati- Ohio)
1743895800,Apr 05 2025 - 11:30pm,incomplete,N/A,Columbus Crew,Montreal Impact,N/A,N/A,2.00,0.25,2.00,0.25,0,0,0,0,0,0,"","",-1,-1,-1,-1,-1,-1,-1,-1,-1,-1,-1,-1,-1,-1,-1,-1,-1,-1,-1,-1,1.71,1.12,0.00,0.00,2.50,38,50,38,38,38,25,50,13,63,9.75,3.75,0.00,0.00,0.00,0.00,0.00,0.00,0.00,0.00,0.00,Lower.com Field (Columbus- Ohio)
1743895800,Apr 05 2025 - 11:30pm,incomplete,N/A,New York RB,Chicago Fire,N/A,N/A,2.00,2.00,2.00,2.00,0,0,0,0,0,0,"","",-1,-1,-1,-1,-1,-1,-1,-1,-1,-1,-1,-1,-1,-1,-1,-1,-1,-1,-1,-1,1.35,1.73,0.00,0.00,3.67,75,100,75,59,17,84,84,17,59,3.83,5.00,0.00,0.00,0.00,0.00,0.00,0.00,0.00,0.00,0.00,Sports Illustrated Stadium (Harrison- New Jersey)
1743895800,Apr 05 2025 - 11:30pm,incomplete,N/A,Philadelphia Union,Orlando City,N/A,N/A,1.50,0.50,1.50,0.50,0,0,0,0,0,0,"","",-1,-1,-1,-1,-1,-1,-1,-1,-1,-1,-1,-1,-1,-1,-1,-1,-1,-1,-1,-1,1.48,1.34,0.00,0.00,4.00,100,100,100,75,25,75,75,50,100,12.00,3.50,0.00,0.00,0.00,0.00,0.00,0.00,0.00,0.00,0.00,Subaru Park (Chester- Pennsylvania)
1743896700,Apr 05 2025 - 11:45pm,incomplete,N/A,Austin,Portland Timbers,N/A,N/A,1.50,0.00,1.50,0.00,0,0,0,0,0,0,"","",-1,-1,-1,-1,-1,-1,-1,-1,-1,-1,-1,-1,-1,-1,-1,-1,-1,-1,-1,-1,1.74,1.27,0.00,0.00,1.50,0,50,0,0,0,0,75,0,75,7.50,4.50,0.00,0.00,0.00,0.00,0.00,0.00,0.00,0.00,0.00,Q2 Stadium (Austin- Texas)
1743899400,Apr 06 2025 - 12:30am,incomplete,N/A,Houston Dynamo,Los Angeles FC,N/A,N/A,0.00,0.00,0.00,0.00,0,0,0,0,0,0,"","",-1,-1,-1,-1,-1,-1,-1,-1,-1,-1,-1,-1,-1,-1,-1,-1,-1,-1,-1,-1,1.45,0.93,0.00,0.00,5.34,100,100,100,67,67,84,100,84,84,6.67,3.00,0.00,0.00,0.00,0.00,0.00,0.00,0.00,0.00,0.00,Shell Energy Stadium (Houston- Texas)
1743899400,Apr 06 2025 - 12:30am,incomplete,N/A,Sporting KC,St. Louis City,N/A,N/A,0.50,2.00,0.50,2.00,0,0,0,0,0,0,"","",-1,-1,-1,-1,-1,-1,-1,-1,-1,-1,-1,-1,-1,-1,-1,-1,-1,-1,-1,-1,1.70,0.97,0.00,0.00,3.00,50,75,75,25,25,50,75,50,50,10.00,6.00,0.00,0.00,0.00,0.00,0.00,0.00,0.00,0.00,0.00,Children's Mercy Park (Kansas City- Kansas)
1743903000,Apr 06 2025 - 1:30am,incomplete,N/A,Vancouver Whitecaps,Colorado Rapids,N/A,N/A,3.00,2.33,3.00,2.33,0,0,0,0,0,0,"","",-1,-1,-1,-1,-1,-1,-1,-1,-1,-1,-1,-1,-1,-1,-1,-1,-1,-1,-1,-1,1.88,0.92,0.00,0.00,1.92,42,67,42,0,0,42,84,0,67,9.67,3.67,0.00,0.00,0.00,0.00,0.00,0.00,0.00,0.00,0.00,BC Place (Vancouver- British Columbia)
1743906600,Apr 06 2025 - 2:30am,incomplete,N/A,San Diego,Seattle Sounders,N/A,N/A,1.00,0.00,1.00,0.00,0,0,0,0,0,0,"","",-1,-1,-1,-1,-1,-1,-1,-1,-1,-1,-1,-1,-1,-1,-1,-1,-1,-1,-1,-1,1.55,1.35,0.00,0.00,1.25,25,50,0,0,0,0,75,0,50,14.50,4.50,0.00,0.00,0.00,0.00,0.00,0.00,0.00,0.00,0.00,Snapdragon Stadium (San Diego- California)
1743966000,Apr 06 2025 - 7:00pm,incomplete,N/A,New York City,Minnesota United,N/A,N/A,3.00,1.33,3.00,1.33,0,0,0,0,0,0,"","",-1,-1,-1,-1,-1,-1,-1,-1,-1,-1,-1,-1,-1,-1,-1,-1,-1,-1,-1,-1,1.61,1.49,0.00,0.00,2.84,67,67,67,17,17,42,59,42,84,11.00,3.83,0.00,0.00,0.00,0.00,0.00,0.00,0.00,0.00,0.00,Yankee Stadium (New York City)
1743973200,Apr 06 2025 - 9:00pm,incomplete,N/A,SJ Earthquakes,DC United,N/A,N/A,1.00,1.00,1.00,1.00,0,0,0,0,0,0,"","",-1,-1,-1,-1,-1,-1,-1,-1,-1,-1,-1,-1,-1,-1,-1,-1,-1,-1,-1,-1,2.16,1.80,0.00,0.00,3.34,67,84,84,67,0,67,100,67,84,18.67,5.00,0.00,0.00,0.00,0.00,0.00,0.00,0.00,0.00,0.00,PayPal Park (San Jose- California)
1743980400,Apr 06 2025 - 11:00pm,incomplete,N/A,Inter Miami,Toronto,N/A,N/A,2.00,0.33,2.00,0.33,0,0,0,0,0,0,"","",-1,-1,-1,-1,-1,-1,-1,-1,-1,-1,-1,-1,-1,-1,-1,-1,-1,-1,-1,-1,1.15,1.26,0.00,0.00,3.25,59,75,59,59,17,59,59,59,100,8.83,6.33,0.00,0.00,0.00,0.00,0.00,0.00,0.00,0.00,0.00,Chase Stadium (Fort Lauderdale- Florida)
1744482600,Apr 12 2025 - 6:30pm,incomplete,N/A,Atlanta United FC,New England Revolution,N/A,N/A,1.33,0.50,1.33,0.50,0,0,0,0,0,0,"","",-1,-1,-1,-1,-1,-1,-1,-1,-1,-1,-1,-1,-1,-1,-1,-1,-1,-1,-1,-1,1.62,1.06,0.00,0.00,2.09,59,59,59,17,17,42,59,17,59,11.50,4.17,0.00,0.00,0.00,0.00,0.00,0.00,0.00,0.00,0.00,Mercedes-Benz Stadium (Atlanta- Georgia)
1744482600,Apr 12 2025 - 6:30pm,incomplete,N/A,Toronto,Minnesota United,N/A,N/A,0.00,1.33,0.00,1.33,0,0,0,0,0,0,"","",-1,-1,-1,-1,-1,-1,-1,-1,-1,-1,-1,-1,-1,-1,-1,-1,-1,-1,-1,-1,0.90,1.49,0.00,0.00,2.84,67,67,67,17,17,67,84,17,34,9.00,1.33,0.00,0.00,0.00,0.00,0.00,0.00,0.00,0.00,0.00,BMO Field (Toronto- Ontario)
1744489800,Apr 12 2025 - 8:30pm,incomplete,N/A,Orlando City,New York RB,N/A,N/A,1.50,0.50,1.50,0.50,0,0,0,0,0,0,"","",-1,-1,-1,-1,-1,-1,-1,-1,-1,-1,-1,-1,-1,-1,-1,-1,-1,-1,-1,-1,1.65,1.23,0.00,0.00,3.25,50,50,50,50,50,50,50,50,75,6.50,3.00,0.00,0.00,0.00,0.00,0.00,0.00,0.00,0.00,0.00,Inter&Co Stadium (Orlando- Florida)
1744500600,Apr 12 2025 - 11:30pm,incomplete,N/A,DC United,FC Cincinnati,N/A,N/A,1.67,0.00,1.67,0.00,0,0,0,0,0,0,"","",-1,-1,-1,-1,-1,-1,-1,-1,-1,-1,-1,-1,-1,-1,-1,-1,-1,-1,-1,-1,1.60,1.35,0.00,0.00,2.92,59,84,59,42,25,42,42,67,84,8.67,5.67,0.00,0.00,0.00,0.00,0.00,0.00,0.00,0.00,0.00,Audi Field (Washington- District of Columbia)
1744500600,Apr 12 2025 - 11:30pm,incomplete,N/A,New York City,Philadelphia Union,N/A,N/A,3.00,3.00,3.00,3.00,0,0,0,0,0,0,"","",-1,-1,-1,-1,-1,-1,-1,-1,-1,-1,-1,-1,-1,-1,-1,-1,-1,-1,-1,-1,1.61,1.73,0.00,0.00,3.50,75,100,75,25,25,50,50,75,100,13.50,5.00,0.00,0.00,0.00,0.00,0.00,0.00,0.00,0.00,0.00,Citi Field (New York- New York)
1744500600,Apr 12 2025 - 11:30pm,incomplete,N/A,Vancouver Whitecaps,Austin,N/A,N/A,3.00,1.50,3.00,1.50,0,0,0,0,0,0,"","",-1,-1,-1,-1,-1,-1,-1,-1,-1,-1,-1,-1,-1,-1,-1,-1,-1,-1,-1,-1,1.88,1.25,0.00,0.00,1.75,25,50,25,0,0,25,75,0,75,12.00,5.00,0.00,0.00,0.00,0.00,0.00,0.00,0.00,0.00,0.00,BC Place (Vancouver- British Columbia)
1744504200,Apr 13 2025 - 12:30am,incomplete,N/A,FC Dallas,Seattle Sounders,N/A,N/A,0.00,0.00,0.00,0.00,0,0,0,0,0,0,"","",-1,-1,-1,-1,-1,-1,-1,-1,-1,-1,-1,-1,-1,-1,-1,-1,-1,-1,-1,-1,1.35,1.35,0.00,0.00,2.00,25,50,25,25,0,0,50,25,75,9.50,3.50,0.00,0.00,0.00,0.00,0.00,0.00,0.00,0.00,0.00,Toyota Stadium (Frisco- Texas)
1744504200,Apr 13 2025 - 12:30am,incomplete,N/A,Nashville SC,Real Salt Lake,N/A,N/A,2.00,1.50,2.00,1.50,0,0,0,0,0,0,"","",-1,-1,-1,-1,-1,-1,-1,-1,-1,-1,-1,-1,-1,-1,-1,-1,-1,-1,-1,-1,1.96,1.79,0.00,0.00,2.25,25,75,50,25,0,25,75,25,50,9.50,2.00,0.00,0.00,0.00,0.00,0.00,0.00,0.00,0.00,0.00,GEODIS Park (Nashville- Tennessee)
1744507800,Apr 13 2025 - 1:30am,incomplete,N/A,Colorado Rapids,San Diego,N/A,N/A,1.00,3.00,1.00,3.00,0,0,0,0,0,0,"","",-1,-1,-1,-1,-1,-1,-1,-1,-1,-1,-1,-1,-1,-1,-1,-1,-1,-1,-1,-1,1.88,1.53,0.00,0.00,4.50,75,100,75,75,50,75,75,100,100,10.50,2.50,0.00,0.00,0.00,0.00,0.00,0.00,0.00,0.00,0.00,Dick's Sporting Goods Park (Commerce City- Colorado)
1744507800,Apr 13 2025 - 1:30am,incomplete,N/A,Montreal Impact,Charlotte,N/A,N/A,0.00,0.50,0.00,0.50,0,0,0,0,0,0,"","",-1,-1,-1,-1,-1,-1,-1,-1,-1,-1,-1,-1,-1,-1,-1,-1,-1,-1,-1,-1,0.00,1.16,0.00,0.00,1.25,25,25,25,25,0,25,25,25,50,8.50,1.00,0.00,0.00,0.00,0.00,0.00,0.00,0.00,0.00,0.00,Stade Saputo (Montreal- Quebec)
1744511400,Apr 13 2025 - 2:30am,incomplete,N/A,LA Galaxy,Houston Dynamo,N/A,N/A,0.00,1.00,0.00,1.00,0,0,0,0,0,0,"","",-1,-1,-1,-1,-1,-1,-1,-1,-1,-1,-1,-1,-1,-1,-1,-1,-1,-1,-1,-1,1.70,0.61,0.00,0.00,1.25,0,50,25,0,0,0,25,50,50,9.00,4.50,0.00,0.00,0.00,0.00,0.00,0.00,0.00,0.00,0.00,Dignity Health Sports Park (Carson- California)
1744511400,Apr 13 2025 - 2:30am,incomplete,N/A,Los Angeles FC,SJ Earthquakes,N/A,N/A,2.00,3.00,2.00,3.00,0,0,0,0,0,0,"","",-1,-1,-1,-1,-1,-1,-1,-1,-1,-1,-1,-1,-1,-1,-1,-1,-1,-1,-1,-1,1.48,0.88,0.00,0.00,2.00,50,50,50,0,0,50,67,0,34,7.00,2.67,0.00,0.00,0.00,0.00,0.00,0.00,0.00,0.00,0.00,BMO Stadium (Los Angeles- California)
1744567200,Apr 13 2025 - 6:00pm,incomplete,N/A,Sporting KC,Portland Timbers,N/A,N/A,0.50,0.00,0.50,0.00,0,0,0,0,0,0,"","",-1,-1,-1,-1,-1,-1,-1,-1,-1,-1,-1,-1,-1,-1,-1,-1,-1,-1,-1,-1,1.70,1.27,0.00,0.00,3.25,50,100,50,25,25,50,100,25,75,8.00,4.50,0.00,0.00,0.00,0.00,0.00,0.00,0.00,0.00,0.00,Children's Mercy Park (Kansas City- Kansas)
1744576200,Apr 13 2025 - 8:30pm,incomplete,N/A,Chicago Fire,Inter Miami,N/A,N/A,1.00,3.00,1.00,3.00,0,0,0,0,0,0,"","",-1,-1,-1,-1,-1,-1,-1,-1,-1,-1,-1,-1,-1,-1,-1,-1,-1,-1,-1,-1,1.10,1.60,0.00,0.00,4.00,100,100,100,75,25,100,100,75,100,9.50,5.00,0.00,0.00,0.00,0.00,0.00,0.00,0.00,0.00,0.00,Soldier Field (Chicago- Illinois)
1744585200,Apr 13 2025 - 11:00pm,incomplete,N/A,St. Louis City,Columbus Crew,N/A,N/A,2.00,2.00,2.00,2.00,0,0,0,0,0,0,"","",-1,-1,-1,-1,-1,-1,-1,-1,-1,-1,-1,-1,-1,-1,-1,-1,-1,-1,-1,-1,1.83,0.99,0.00,0.00,1.00,25,25,0,0,0,0,50,0,50,9.00,6.00,0.00,0.00,0.00,0.00,0.00,0.00,0.00,0.00,0.00,CITYPARK (St. Louis- Missouri)
1745083800,Apr 19 2025 - 5:30pm,incomplete,N/A,Austin,LA Galaxy,N/A,N/A,1.50,0.50,1.50,0.50,0,0,0,0,0,0,"","",-1,-1,-1,-1,-1,-1,-1,-1,-1,-1,-1,-1,-1,-1,-1,-1,-1,-1,-1,-1,1.74,1.21,0.00,0.00,1.75,50,50,25,0,0,25,50,25,75,10.00,4.50,0.00,0.00,0.00,0.00,0.00,0.00,0.00,0.00,0.00,Q2 Stadium (Austin- Texas)
1745094600,Apr 19 2025 - 8:30pm,incomplete,N/A,Columbus Crew,Inter Miami,N/A,N/A,2.00,3.00,2.00,3.00,0,0,0,0,0,0,"","",-1,-1,-1,-1,-1,-1,-1,-1,-1,-1,-1,-1,-1,-1,-1,-1,-1,-1,-1,-1,1.71,1.60,0.00,0.00,3.50,75,75,75,50,50,75,75,25,75,9.50,5.00,0.00,0.00,0.00,0.00,0.00,0.00,0.00,0.00,0.00,FirstEnergy Stadium (Cleveland- Ohio)
1745105400,Apr 19 2025 - 11:30pm,incomplete,N/A,Charlotte,San Diego,N/A,N/A,3.00,3.00,3.00,3.00,0,0,0,0,0,0,"","",-1,-1,-1,-1,-1,-1,-1,-1,-1,-1,-1,-1,-1,-1,-1,-1,-1,-1,-1,-1,1.62,1.53,0.00,0.00,2.50,25,100,25,25,0,25,25,100,100,7.50,2.50,0.00,0.00,0.00,0.00,0.00,0.00,0.00,0.00,0.00,Bank of America Stadium (Charlotte- North Carolina)
1745105400,Apr 19 2025 - 11:30pm,incomplete,N/A,Montreal Impact,Orlando City,N/A,N/A,0.00,0.50,0.00,0.50,0,0,0,0,0,0,"","",-1,-1,-1,-1,-1,-1,-1,-1,-1,-1,-1,-1,-1,-1,-1,-1,-1,-1,-1,-1,0.00,1.34,0.00,0.00,1.75,50,50,50,25,0,25,25,25,50,5.00,1.50,0.00,0.00,0.00,0.00,0.00,0.00,0.00,0.00,0.00,Stade Saputo (Montreal- Quebec)
1745105400,Apr 19 2025 - 11:30pm,incomplete,N/A,New England Revolution,New York City,N/A,N/A,0.00,0.50,0.00,0.50,0,0,0,0,0,0,"","",-1,-1,-1,-1,-1,-1,-1,-1,-1,-1,-1,-1,-1,-1,-1,-1,-1,-1,-1,-1,0.97,1.21,0.00,0.00,2.00,25,50,25,25,0,25,25,50,100,6.00,4.00,0.00,0.00,0.00,0.00,0.00,0.00,0.00,0.00,0.00,Gillette Stadium (Foxborough- Massachusetts)
1745105400,Apr 19 2025 - 11:30pm,incomplete,N/A,New York RB,DC United,N/A,N/A,2.00,1.00,2.00,1.00,0,0,0,0,0,0,"","",-1,-1,-1,-1,-1,-1,-1,-1,-1,-1,-1,-1,-1,-1,-1,-1,-1,-1,-1,-1,1.35,1.80,0.00,0.00,3.50,75,100,75,75,0,100,100,50,75,11.50,6.00,0.00,0.00,0.00,0.00,0.00,0.00,0.00,0.00,0.00,Sports Illustrated Stadium (Harrison- New Jersey)
1745105400,Apr 19 2025 - 11:30pm,incomplete,N/A,Philadelphia Union,Atlanta United FC,N/A,N/A,1.50,0.00,1.50,0.00,0,0,0,0,0,0,"","",-1,-1,-1,-1,-1,-1,-1,-1,-1,-1,-1,-1,-1,-1,-1,-1,-1,-1,-1,-1,1.48,1.68,0.00,0.00,3.25,50,100,50,50,25,50,50,75,100,12.00,4.00,0.00,0.00,0.00,0.00,0.00,0.00,0.00,0.00,0.00,Subaru Park (Chester- Pennsylvania)
1745105400,Apr 19 2025 - 11:30pm,incomplete,N/A,Seattle Sounders,Nashville SC,N/A,N/A,2.00,1.50,2.00,1.50,0,0,0,0,0,0,"","",-1,-1,-1,-1,-1,-1,-1,-1,-1,-1,-1,-1,-1,-1,-1,-1,-1,-1,-1,-1,2.23,1.26,0.00,0.00,4.25,75,100,75,75,25,100,100,50,75,11.50,2.50,0.00,0.00,0.00,0.00,0.00,0.00,0.00,0.00,0.00,Lumen Field (Seattle- Washington)
1745109000,Apr 20 2025 - 12:30am,incomplete,N/A,Chicago Fire,FC Cincinnati,N/A,N/A,1.00,0.00,1.00,0.00,0,0,0,0,0,0,"","",-1,-1,-1,-1,-1,-1,-1,-1,-1,-1,-1,-1,-1,-1,-1,-1,-1,-1,-1,-1,1.10,1.35,0.00,0.00,3.75,75,100,75,75,25,75,75,100,100,9.00,3.00,0.00,0.00,0.00,0.00,0.00,0.00,0.00,0.00,0.00,Soldier Field (Chicago- Illinois)
1745109000,Apr 20 2025 - 12:30am,incomplete,N/A,Houston Dynamo,Colorado Rapids,N/A,N/A,0.00,2.33,0.00,2.33,0,0,0,0,0,0,"","",-1,-1,-1,-1,-1,-1,-1,-1,-1,-1,-1,-1,-1,-1,-1,-1,-1,-1,-1,-1,1.45,0.92,0.00,0.00,2.50,67,67,67,17,17,50,84,34,50,5.34,3.67,0.00,0.00,0.00,0.00,0.00,0.00,0.00,0.00,0.00,Shell Energy Stadium (Houston- Texas)
1745109000,Apr 20 2025 - 12:30am,incomplete,N/A,Minnesota United,FC Dallas,N/A,N/A,3.00,2.00,3.00,2.00,0,0,0,0,0,0,"","",-1,-1,-1,-1,-1,-1,-1,-1,-1,-1,-1,-1,-1,-1,-1,-1,-1,-1,-1,-1,1.42,1.36,0.00,0.00,2.75,50,50,50,25,25,25,50,50,100,4.00,3.50,0.00,0.00,0.00,0.00,0.00,0.00,0.00,0.00,0.00,Allianz Field (Saint Paul- Minnesota)
1745109000,Apr 20 2025 - 12:30am,incomplete,N/A,St. Louis City,Vancouver Whitecaps,N/A,N/A,2.00,3.00,2.00,3.00,0,0,0,0,0,0,"","",-1,-1,-1,-1,-1,-1,-1,-1,-1,-1,-1,-1,-1,-1,-1,-1,-1,-1,-1,-1,1.83,2.01,0.00,0.00,1.75,25,25,25,25,25,25,50,25,50,14.00,3.50,0.00,0.00,0.00,0.00,0.00,0.00,0.00,0.00,0.00,CITYPARK (St. Louis- Missouri)
1745112600,Apr 20 2025 - 1:30am,incomplete,N/A,Real Salt Lake,Toronto,N/A,N/A,1.50,0.33,1.50,0.33,0,0,0,0,0,0,"","",-1,-1,-1,-1,-1,-1,-1,-1,-1,-1,-1,-1,-1,-1,-1,-1,-1,-1,-1,-1,1.41,1.26,0.00,0.00,3.50,59,100,59,59,17,59,84,59,100,7.83,3.83,0.00,0.00,0.00,0.00,0.00,0.00,0.00,0.00,0.00,America First Field (Sandy- Utah)
1745114400,Apr 20 2025 - 2:00am,incomplete,N/A,Portland Timbers,Los Angeles FC,N/A,N/A,1.33,0.00,1.33,0.00,0,0,0,0,0,0,"","",-1,-1,-1,-1,-1,-1,-1,-1,-1,-1,-1,-1,-1,-1,-1,-1,-1,-1,-1,-1,1.08,0.93,0.00,0.00,4.84,84,84,67,67,67,67,67,84,100,8.67,4.33,0.00,0.00,0.00,0.00,0.00,0.00,0.00,0.00,0.00,Providence Park (Portland- Oregon)
1745116200,Apr 20 2025 - 2:30am,incomplete,N/A,SJ Earthquakes,Sporting KC,N/A,N/A,1.00,0.00,1.00,0.00,0,0,0,0,0,0,"","",-1,-1,-1,-1,-1,-1,-1,-1,-1,-1,-1,-1,-1,-1,-1,-1,-1,-1,-1,-1,2.16,0.91,0.00,0.00,2.34,42,59,59,17,0,17,50,42,84,9.67,6.00,0.00,0.00,0.00,0.00,0.00,0.00,0.00,0.00,0.00,PayPal Park (San Jose- California)
1745692200,Apr 26 2025 - 6:30pm,incomplete,N/A,FC Cincinnati,Sporting KC,N/A,N/A,3.00,0.00,3.00,0.00,0,0,0,0,0,0,"","",-1,-1,-1,-1,-1,-1,-1,-1,-1,-1,-1,-1,-1,-1,-1,-1,-1,-1,-1,-1,1.60,0.91,0.00,0.00,1.75,25,50,25,0,0,0,0,50,100,5.50,6.00,0.00,0.00,0.00,0.00,0.00,0.00,0.00,0.00,0.00,TQL Stadium (Cincinnati- Ohio)
1745692200,Apr 26 2025 - 6:30pm,incomplete,N/A,Toronto,New York City,N/A,N/A,0.00,0.50,0.00,0.50,0,0,0,0,0,0,"","",-1,-1,-1,-1,-1,-1,-1,-1,-1,-1,-1,-1,-1,-1,-1,-1,-1,-1,-1,-1,0.90,1.21,0.00,0.00,2.75,75,75,75,25,0,75,75,25,50,8.50,2.00,0.00,0.00,0.00,0.00,0.00,0.00,0.00,0.00,0.00,BMO Field (Toronto- Ontario)
1745699400,Apr 26 2025 - 8:30pm,incomplete,N/A,New York RB,Montreal Impact,N/A,N/A,2.00,0.25,2.00,0.25,0,0,0,0,0,0,"","",-1,-1,-1,-1,-1,-1,-1,-1,-1,-1,-1,-1,-1,-1,-1,-1,-1,-1,-1,-1,1.35,1.12,0.00,0.00,2.50,38,75,38,38,13,50,75,13,63,6.25,5.75,0.00,0.00,0.00,0.00,0.00,0.00,0.00,0.00,0.00,Sports Illustrated Stadium (Harrison- New Jersey)
1745699400,Apr 26 2025 - 8:30pm,incomplete,N/A,Philadelphia Union,DC United,N/A,N/A,1.50,1.00,1.50,1.00,0,0,0,0,0,0,"","",-1,-1,-1,-1,-1,-1,-1,-1,-1,-1,-1,-1,-1,-1,-1,-1,-1,-1,-1,-1,1.48,1.80,0.00,0.00,4.25,100,100,100,100,25,100,100,75,100,17.00,5.00,0.00,0.00,0.00,0.00,0.00,0.00,0.00,0.00,0.00,Subaru Park (Chester- Pennsylvania)
1745708400,Apr 26 2025 - 11:00pm,incomplete,N/A,Orlando City,Atlanta United FC,N/A,N/A,1.50,0.00,1.50,0.00,0,0,0,0,0,0,"","",-1,-1,-1,-1,-1,-1,-1,-1,-1,-1,-1,-1,-1,-1,-1,-1,-1,-1,-1,-1,1.65,1.68,0.00,0.00,4.00,50,100,50,50,50,50,50,100,100,9.50,3.50,0.00,0.00,0.00,0.00,0.00,0.00,0.00,0.00,0.00,Inter&Co Stadium (Orlando- Florida)
1745710200,Apr 26 2025 - 11:30pm,incomplete,N/A,Charlotte,New England Revolution,N/A,N/A,3.00,0.50,3.00,0.50,0,0,0,0,0,0,"","",-1,-1,-1,-1,-1,-1,-1,-1,-1,-1,-1,-1,-1,-1,-1,-1,-1,-1,-1,-1,1.62,1.06,0.00,0.00,1.75,25,75,25,0,0,25,25,50,75,9.50,2.50,0.00,0.00,0.00,0.00,0.00,0.00,0.00,0.00,0.00,Bank of America Stadium (Charlotte- North Carolina)
1745710200,Apr 26 2025 - 11:30pm,incomplete,N/A,Columbus Crew,SJ Earthquakes,N/A,N/A,2.00,3.00,2.00,3.00,0,0,0,0,0,0,"","",-1,-1,-1,-1,-1,-1,-1,-1,-1,-1,-1,-1,-1,-1,-1,-1,-1,-1,-1,-1,1.71,0.88,0.00,0.00,3.00,75,75,75,25,25,75,75,0,25,7.00,3.00,0.00,0.00,0.00,0.00,0.00,0.00,0.00,0.00,0.00,Lower.com Field (Columbus- Ohio)
1745710200,Apr 26 2025 - 11:30pm,incomplete,N/A,Inter Miami,FC Dallas,N/A,N/A,2.00,2.00,2.00,2.00,0,0,0,0,0,0,"","",-1,-1,-1,-1,-1,-1,-1,-1,-1,-1,-1,-1,-1,-1,-1,-1,-1,-1,-1,-1,1.15,1.36,0.00,0.00,3.50,75,75,75,50,25,50,75,75,100,6.50,7.50,0.00,0.00,0.00,0.00,0.00,0.00,0.00,0.00,0.00,Chase Stadium (Fort Lauderdale- Florida)
1745710200,Apr 26 2025 - 11:30pm,incomplete,N/A,San Diego,Real Salt Lake,N/A,N/A,1.00,1.50,1.00,1.50,0,0,0,0,0,0,"","",-1,-1,-1,-1,-1,-1,-1,-1,-1,-1,-1,-1,-1,-1,-1,-1,-1,-1,-1,-1,1.55,1.79,0.00,0.00,2.25,50,75,50,25,0,25,75,25,50,12.00,3.50,0.00,0.00,0.00,0.00,0.00,0.00,0.00,0.00,0.00,Snapdragon Stadium (San Diego- California)
1745713800,Apr 27 2025 - 12:30am,incomplete,N/A,Houston Dynamo,Austin,N/A,N/A,0.00,1.50,0.00,1.50,0,0,0,0,0,0,"","",-1,-1,-1,-1,-1,-1,-1,-1,-1,-1,-1,-1,-1,-1,-1,-1,-1,-1,-1,-1,1.45,1.25,0.00,0.00,2.34,50,50,50,17,17,34,75,34,59,7.67,5.00,0.00,0.00,0.00,0.00,0.00,0.00,0.00,0.00,0.00,Shell Energy Stadium (Houston- Texas)
1745713800,Apr 27 2025 - 12:30am,incomplete,N/A,Minnesota United,Vancouver Whitecaps,N/A,N/A,3.00,3.00,3.00,3.00,0,0,0,0,0,0,"","",-1,-1,-1,-1,-1,-1,-1,-1,-1,-1,-1,-1,-1,-1,-1,-1,-1,-1,-1,-1,1.42,2.01,0.00,0.00,2.00,25,25,25,25,25,25,25,25,100,11.00,3.00,0.00,0.00,0.00,0.00,0.00,0.00,0.00,0.00,0.00,Allianz Field (Saint Paul- Minnesota)
1745713800,Apr 27 2025 - 12:30am,incomplete,N/A,Nashville SC,Chicago Fire,N/A,N/A,2.00,2.00,2.00,2.00,0,0,0,0,0,0,"","",-1,-1,-1,-1,-1,-1,-1,-1,-1,-1,-1,-1,-1,-1,-1,-1,-1,-1,-1,-1,1.96,1.73,0.00,0.00,2.67,50,75,50,34,17,34,59,17,59,8.83,2.50,0.00,0.00,0.00,0.00,0.00,0.00,0.00,0.00,0.00,GEODIS Park (Nashville- Tennessee)
1745717400,Apr 27 2025 - 1:30am,incomplete,N/A,Colorado Rapids,Seattle Sounders,N/A,N/A,1.00,0.00,1.00,0.00,0,0,0,0,0,0,"","",-1,-1,-1,-1,-1,-1,-1,-1,-1,-1,-1,-1,-1,-1,-1,-1,-1,-1,-1,-1,1.88,1.35,0.00,0.00,3.75,50,75,50,50,50,50,100,50,75,11.50,3.50,0.00,0.00,0.00,0.00,0.00,0.00,0.00,0.00,0.00,Dick's Sporting Goods Park (Commerce City- Colorado)
1745787600,Apr 27 2025 - 9:00pm,incomplete,N/A,LA Galaxy,Portland Timbers,N/A,N/A,0.00,0.00,0.00,0.00,0,0,0,0,0,0,"","",-1,-1,-1,-1,-1,-1,-1,-1,-1,-1,-1,-1,-1,-1,-1,-1,-1,-1,-1,-1,1.70,1.27,0.00,0.00,2.25,0,100,25,0,0,0,75,50,100,7.00,2.50,0.00,0.00,0.00,0.00,0.00,0.00,0.00,0.00,0.00,Dignity Health Sports Park (Carson- California)
1745794800,Apr 27 2025 - 11:00pm,incomplete,N/A,Los Angeles FC,St. Louis City,N/A,N/A,2.00,2.00,2.00,2.00,0,0,0,0,0,0,"","",-1,-1,-1,-1,-1,-1,-1,-1,-1,-1,-1,-1,-1,-1,-1,-1,-1,-1,-1,-1,1.48,0.97,0.00,0.00,1.25,0,25,25,0,0,0,42,25,59,9.00,4.17,0.00,0.00,0.00,0.00,0.00,0.00,0.00,0.00,0.00,BMO Stadium (Los Angeles- California)
1746297000,May 03 2025 - 6:30pm,incomplete,N/A,Atlanta United FC,Nashville SC,N/A,N/A,1.33,1.50,1.33,1.50,0,0,0,0,0,0,"","",-1,-1,-1,-1,-1,-1,-1,-1,-1,-1,-1,-1,-1,-1,-1,-1,-1,-1,-1,-1,1.62,1.26,0.00,0.00,2.84,59,84,59,42,17,67,84,17,59,8.50,4.67,0.00,0.00,0.00,0.00,0.00,0.00,0.00,0.00,0.00,Mercedes-Benz Stadium (Atlanta- Georgia)
1746304200,May 03 2025 - 8:30pm,incomplete,N/A,Toronto,New England Revolution,N/A,N/A,0.00,0.50,0.00,0.50,0,0,0,0,0,0,"","",-1,-1,-1,-1,-1,-1,-1,-1,-1,-1,-1,-1,-1,-1,-1,-1,-1,-1,-1,-1,0.90,1.06,0.00,0.00,2.25,75,75,75,0,0,75,75,0,25,11.50,1.50,0.00,0.00,0.00,0.00,0.00,0.00,0.00,0.00,0.00,BMO Field (Toronto- Ontario)
1746315000,May 03 2025 - 11:30pm,incomplete,N/A,Columbus Crew,Charlotte,N/A,N/A,2.00,0.50,2.00,0.50,0,0,0,0,0,0,"","",-1,-1,-1,-1,-1,-1,-1,-1,-1,-1,-1,-1,-1,-1,-1,-1,-1,-1,-1,-1,1.71,1.16,0.00,0.00,2.75,50,50,50,50,25,50,50,25,75,13.50,2.00,0.00,0.00,0.00,0.00,0.00,0.00,0.00,0.00,0.00,Lower.com Field (Columbus- Ohio)
1746315000,May 03 2025 - 11:30pm,incomplete,N/A,DC United,Colorado Rapids,N/A,N/A,1.67,2.33,1.67,2.33,0,0,0,0,0,0,"","",-1,-1,-1,-1,-1,-1,-1,-1,-1,-1,-1,-1,-1,-1,-1,-1,-1,-1,-1,-1,1.60,0.92,0.00,0.00,1.83,50,50,50,17,0,33,50,17,50,7.34,5.34,0.00,0.00,0.00,0.00,0.00,0.00,0.00,0.00,0.00,Audi Field (Washington- District of Columbia)
1746315000,May 03 2025 - 11:30pm,incomplete,N/A,Inter Miami,New York RB,N/A,N/A,2.00,0.50,2.00,0.50,0,0,0,0,0,0,"","",-1,-1,-1,-1,-1,-1,-1,-1,-1,-1,-1,-1,-1,-1,-1,-1,-1,-1,-1,-1,1.15,1.23,0.00,0.00,1.50,25,25,25,25,0,25,25,25,75,6.50,6.50,0.00,0.00,0.00,0.00,0.00,0.00,0.00,0.00,0.00,Chase Stadium (Fort Lauderdale- Florida)
1746315000,May 03 2025 - 11:30pm,incomplete,N/A,Montreal Impact,Philadelphia Union,N/A,N/A,0.00,3.00,0.00,3.00,0,0,0,0,0,0,"","",-1,-1,-1,-1,-1,-1,-1,-1,-1,-1,-1,-1,-1,-1,-1,-1,-1,-1,-1,-1,0.00,1.73,0.00,0.00,2.00,25,50,25,25,25,25,25,50,50,6.50,2.50,0.00,0.00,0.00,0.00,0.00,0.00,0.00,0.00,0.00,Stade Saputo (Montreal- Quebec)
1746318600,May 04 2025 - 12:30am,incomplete,N/A,Austin,Minnesota United,N/A,N/A,1.50,1.33,1.50,1.33,0,0,0,0,0,0,"","",-1,-1,-1,-1,-1,-1,-1,-1,-1,-1,-1,-1,-1,-1,-1,-1,-1,-1,-1,-1,1.74,1.49,0.00,0.00,1.84,17,17,17,17,17,17,59,17,59,9.50,3.83,0.00,0.00,0.00,0.00,0.00,0.00,0.00,0.00,0.00,Q2 Stadium (Austin- Texas)
1746318600,May 04 2025 - 12:30am,incomplete,N/A,Chicago Fire,Orlando City,N/A,N/A,1.00,0.50,1.00,0.50,0,0,0,0,0,0,"","",-1,-1,-1,-1,-1,-1,-1,-1,-1,-1,-1,-1,-1,-1,-1,-1,-1,-1,-1,-1,1.10,1.34,0.00,0.00,3.75,100,100,100,75,0,75,75,75,100,10.00,2.50,0.00,0.00,0.00,0.00,0.00,0.00,0.00,0.00,0.00,Soldier Field (Chicago- Illinois)
1746320400,May 04 2025 - 1:00am,incomplete,N/A,San Diego,FC Dallas,N/A,N/A,1.00,2.00,1.00,2.00,0,0,0,0,0,0,"","",-1,-1,-1,-1,-1,-1,-1,-1,-1,-1,-1,-1,-1,-1,-1,-1,-1,-1,-1,-1,1.55,1.36,0.00,0.00,2.75,75,75,50,25,25,25,75,50,75,11.00,4.50,0.00,0.00,0.00,0.00,0.00,0.00,0.00,0.00,0.00,Snapdragon Stadium (San Diego- California)
1746322200,May 04 2025 - 1:30am,incomplete,N/A,Vancouver Whitecaps,Real Salt Lake,N/A,N/A,3.00,1.50,3.00,1.50,0,0,0,0,0,0,"","",-1,-1,-1,-1,-1,-1,-1,-1,-1,-1,-1,-1,-1,-1,-1,-1,-1,-1,-1,-1,1.88,1.79,0.00,0.00,3.00,50,100,75,25,0,50,100,25,75,10.00,3.50,0.00,0.00,0.00,0.00,0.00,0.00,0.00,0.00,0.00,BC Place (Vancouver- British Columbia)
1746325800,May 04 2025 - 2:30am,incomplete,N/A,Los Angeles FC,Houston Dynamo,N/A,N/A,2.00,1.00,2.00,1.00,0,0,0,0,0,0,"","",-1,-1,-1,-1,-1,-1,-1,-1,-1,-1,-1,-1,-1,-1,-1,-1,-1,-1,-1,-1,1.48,0.61,0.00,0.00,0.50,0,0,0,0,0,0,17,0,34,9.00,4.67,0.00,0.00,0.00,0.00,0.00,0.00,0.00,0.00,0.00,BMO Stadium (Los Angeles- California)
1746325800,May 04 2025 - 2:30am,incomplete,N/A,SJ Earthquakes,Portland Timbers,N/A,N/A,1.00,0.00,1.00,0.00,0,0,0,0,0,0,"","",-1,-1,-1,-1,-1,-1,-1,-1,-1,-1,-1,-1,-1,-1,-1,-1,-1,-1,-1,-1,2.16,1.27,0.00,0.00,2.34,17,84,34,17,0,17,100,17,84,10.67,4.00,0.00,0.00,0.00,0.00,0.00,0.00,0.00,0.00,0.00,PayPal Park (San Jose- California)
1746325800,May 04 2025 - 2:30am,incomplete,N/A,Seattle Sounders,St. Louis City,N/A,N/A,2.00,2.00,2.00,2.00,0,0,0,0,0,0,"","",-1,-1,-1,-1,-1,-1,-1,-1,-1,-1,-1,-1,-1,-1,-1,-1,-1,-1,-1,-1,2.23,0.97,0.00,0.00,3.50,50,75,75,50,25,50,75,75,75,12.00,4.00,0.00,0.00,0.00,0.00,0.00,0.00,0.00,0.00,0.00,Lumen Field (Seattle- Washington)
1746392400,May 04 2025 - 9:00pm,incomplete,N/A,New York City,FC Cincinnati,N/A,N/A,3.00,0.00,3.00,0.00,0,0,0,0,0,0,"","",-1,-1,-1,-1,-1,-1,-1,-1,-1,-1,-1,-1,-1,-1,-1,-1,-1,-1,-1,-1,1.61,1.35,0.00,0.00,3.25,75,100,75,25,25,50,50,75,100,11.00,4.50,0.00,0.00,0.00,0.00,0.00,0.00,0.00,0.00,0.00,Citi Field (New York- New York)
1746399600,May 04 2025 - 11:00pm,incomplete,N/A,Sporting KC,LA Galaxy,N/A,N/A,0.50,0.50,0.50,0.50,0,0,0,0,0,0,"","",-1,-1,-1,-1,-1,-1,-1,-1,-1,-1,-1,-1,-1,-1,-1,-1,-1,-1,-1,-1,1.70,1.21,0.00,0.00,3.50,100,100,75,25,25,75,75,50,75,10.50,4.50,0.00,0.00,0.00,0.00,0.00,0.00,0.00,0.00,0.00,Children's Mercy Park (Kansas City- Kansas)
1746901800,May 10 2025 - 6:30pm,incomplete,N/A,Chicago Fire,Atlanta United FC,N/A,N/A,1.00,0.00,1.00,0.00,0,0,0,0,0,0,"","",-1,-1,-1,-1,-1,-1,-1,-1,-1,-1,-1,-1,-1,-1,-1,-1,-1,-1,-1,-1,1.10,1.68,0.00,0.00,3.00,50,100,50,50,0,50,50,100,100,10.00,3.00,0.00,0.00,0.00,0.00,0.00,0.00,0.00,0.00,0.00,Soldier Field (Chicago- Illinois)
1746909000,May 10 2025 - 8:30pm,incomplete,N/A,Minnesota United,Inter Miami,N/A,N/A,3.00,3.00,3.00,3.00,0,0,0,0,0,0,"","",-1,-1,-1,-1,-1,-1,-1,-1,-1,-1,-1,-1,-1,-1,-1,-1,-1,-1,-1,-1,1.42,1.60,0.00,0.00,2.50,50,50,50,25,25,50,50,25,100,6.50,5.00,0.00,0.00,0.00,0.00,0.00,0.00,0.00,0.00,0.00,Allianz Field (Saint Paul- Minnesota)
1746909000,May 10 2025 - 8:30pm,incomplete,N/A,Toronto,DC United,N/A,N/A,0.00,1.00,0.00,1.00,0,0,0,0,0,0,"","",-1,-1,-1,-1,-1,-1,-1,-1,-1,-1,-1,-1,-1,-1,-1,-1,-1,-1,-1,-1,0.90,1.80,0.00,0.00,3.50,100,100,100,50,0,100,100,50,50,15.00,3.00,0.00,0.00,0.00,0.00,0.00,0.00,0.00,0.00,0.00,BMO Field (Toronto- Ontario)
1746919800,May 10 2025 - 11:30pm,incomplete,N/A,FC Cincinnati,Austin,N/A,N/A,3.00,1.50,3.00,1.50,0,0,0,0,0,0,"","",-1,-1,-1,-1,-1,-1,-1,-1,-1,-1,-1,-1,-1,-1,-1,-1,-1,-1,-1,-1,1.60,1.25,0.00,0.00,1.25,0,25,0,0,0,0,25,25,75,9.50,5.00,0.00,0.00,0.00,0.00,0.00,0.00,0.00,0.00,0.00,TQL Stadium (Cincinnati- Ohio)
1746919800,May 10 2025 - 11:30pm,incomplete,N/A,New York RB,LA Galaxy,N/A,N/A,2.00,0.50,2.00,0.50,0,0,0,0,0,0,"","",-1,-1,-1,-1,-1,-1,-1,-1,-1,-1,-1,-1,-1,-1,-1,-1,-1,-1,-1,-1,1.35,1.21,0.00,0.00,2.75,75,100,50,25,0,75,75,25,75,6.00,5.00,0.00,0.00,0.00,0.00,0.00,0.00,0.00,0.00,0.00,Sports Illustrated Stadium (Harrison- New Jersey)
1746919800,May 10 2025 - 11:30pm,incomplete,N/A,New York City,Montreal Impact,N/A,N/A,3.00,0.25,3.00,0.25,0,0,0,0,0,0,"","",-1,-1,-1,-1,-1,-1,-1,-1,-1,-1,-1,-1,-1,-1,-1,-1,-1,-1,-1,-1,1.61,1.12,0.00,0.00,2.50,63,75,63,13,13,25,50,38,88,11.75,5.25,0.00,0.00,0.00,0.00,0.00,0.00,0.00,0.00,0.00,Yankee Stadium (New York City)
1746919800,May 10 2025 - 11:30pm,incomplete,N/A,Orlando City,New England Revolution,N/A,N/A,1.50,0.50,1.50,0.50,0,0,0,0,0,0,"","",-1,-1,-1,-1,-1,-1,-1,-1,-1,-1,-1,-1,-1,-1,-1,-1,-1,-1,-1,-1,1.65,1.06,0.00,0.00,3.75,75,75,75,50,50,75,75,50,75,11.00,3.00,0.00,0.00,0.00,0.00,0.00,0.00,0.00,0.00,0.00,Inter&Co Stadium (Orlando- Florida)
1746919800,May 10 2025 - 11:30pm,incomplete,N/A,Philadelphia Union,Columbus Crew,N/A,N/A,1.50,2.00,1.50,2.00,0,0,0,0,0,0,"","",-1,-1,-1,-1,-1,-1,-1,-1,-1,-1,-1,-1,-1,-1,-1,-1,-1,-1,-1,-1,1.48,0.99,0.00,0.00,3.00,75,75,50,50,25,50,75,25,100,11.00,6.50,0.00,0.00,0.00,0.00,0.00,0.00,0.00,0.00,0.00,Subaru Park (Chester- Pennsylvania)
1746923400,May 11 2025 - 12:30am,incomplete,N/A,FC Dallas,Real Salt Lake,N/A,N/A,0.00,1.50,0.00,1.50,0,0,0,0,0,0,"","",-1,-1,-1,-1,-1,-1,-1,-1,-1,-1,-1,-1,-1,-1,-1,-1,-1,-1,-1,-1,1.35,1.79,0.00,0.00,3.00,50,75,75,50,0,25,50,50,75,7.00,2.50,0.00,0.00,0.00,0.00,0.00,0.00,0.00,0.00,0.00,Toyota Stadium (Frisco- Texas)
1746923400,May 11 2025 - 12:30am,incomplete,N/A,Houston Dynamo,Seattle Sounders,N/A,N/A,0.00,0.00,0.00,0.00,0,0,0,0,0,0,"","",-1,-1,-1,-1,-1,-1,-1,-1,-1,-1,-1,-1,-1,-1,-1,-1,-1,-1,-1,-1,1.45,1.35,0.00,0.00,2.59,50,75,50,17,17,34,100,34,59,8.17,4.50,0.00,0.00,0.00,0.00,0.00,0.00,0.00,0.00,0.00,Shell Energy Stadium (Houston- Texas)
1746923400,May 11 2025 - 12:30am,incomplete,N/A,Nashville SC,Charlotte,N/A,N/A,2.00,0.50,2.00,0.50,0,0,0,0,0,0,"","",-1,-1,-1,-1,-1,-1,-1,-1,-1,-1,-1,-1,-1,-1,-1,-1,-1,-1,-1,-1,1.96,1.16,0.00,0.00,1.75,25,50,25,25,0,25,50,25,75,15.00,1.50,0.00,0.00,0.00,0.00,0.00,0.00,0.00,0.00,0.00,GEODIS Park (Nashville- Tennessee)
1746923400,May 11 2025 - 12:30am,incomplete,N/A,St. Louis City,San Diego,N/A,N/A,2.00,3.00,2.00,3.00,0,0,0,0,0,0,"","",-1,-1,-1,-1,-1,-1,-1,-1,-1,-1,-1,-1,-1,-1,-1,-1,-1,-1,-1,-1,1.83,1.53,0.00,0.00,1.75,25,50,25,25,0,25,50,50,50,9.50,3.00,0.00,0.00,0.00,0.00,0.00,0.00,0.00,0.00,0.00,CITYPARK (St. Louis- Missouri)
1746927000,May 11 2025 - 1:30am,incomplete,N/A,Colorado Rapids,SJ Earthquakes,N/A,N/A,1.00,3.00,1.00,3.00,0,0,0,0,0,0,"","",-1,-1,-1,-1,-1,-1,-1,-1,-1,-1,-1,-1,-1,-1,-1,-1,-1,-1,-1,-1,1.88,0.88,0.00,0.00,4.50,100,100,100,50,50,100,100,50,50,8.00,3.00,0.00,0.00,0.00,0.00,0.00,0.00,0.00,0.00,0.00,Dick's Sporting Goods Park (Commerce City- Colorado)
1746930600,May 11 2025 - 2:30am,incomplete,N/A,Portland Timbers,Sporting KC,N/A,N/A,1.33,0.00,1.33,0.00,0,0,0,0,0,0,"","",-1,-1,-1,-1,-1,-1,-1,-1,-1,-1,-1,-1,-1,-1,-1,-1,-1,-1,-1,-1,1.08,0.91,0.00,0.00,2.34,59,59,42,17,17,17,17,59,100,5.67,7.33,0.00,0.00,0.00,0.00,0.00,0.00,0.00,0.00,0.00,Providence Park (Portland- Oregon)
1747004400,May 11 2025 - 11:00pm,incomplete,N/A,Vancouver Whitecaps,Los Angeles FC,N/A,N/A,3.00,0.00,3.00,0.00,0,0,0,0,0,0,"","",-1,-1,-1,-1,-1,-1,-1,-1,-1,-1,-1,-1,-1,-1,-1,-1,-1,-1,-1,-1,1.88,0.93,0.00,0.00,4.75,75,100,75,50,50,75,100,50,100,11.00,3.00,0.00,0.00,0.00,0.00,0.00,0.00,0.00,0.00,0.00,BC Place (Vancouver- British Columbia)
1747265400,May 14 2025 - 11:30pm,incomplete,N/A,DC United,New York City,N/A,N/A,1.67,0.50,1.67,0.50,0,0,0,0,0,0,"","",-1,-1,-1,-1,-1,-1,-1,-1,-1,-1,-1,-1,-1,-1,-1,-1,-1,-1,-1,-1,1.60,1.21,0.00,0.00,2.42,59,59,59,42,0,42,42,42,84,8.17,5.67,0.00,0.00,0.00,0.00,0.00,0.00,0.00,0.00,0.00,Audi Field (Washington- District of Columbia)
1747265400,May 14 2025 - 11:30pm,incomplete,N/A,Montreal Impact,Columbus Crew,N/A,N/A,0.00,2.00,0.00,2.00,0,0,0,0,0,0,"","",-1,-1,-1,-1,-1,-1,-1,-1,-1,-1,-1,-1,-1,-1,-1,-1,-1,-1,-1,-1,0.00,0.99,0.00,0.00,0.75,25,25,0,0,0,0,25,0,50,4.00,4.50,0.00,0.00,0.00,0.00,0.00,0.00,0.00,0.00,0.00,Stade Saputo (Montreal- Quebec)
1747265400,May 14 2025 - 11:30pm,incomplete,N/A,Orlando City,Charlotte,N/A,N/A,1.50,0.50,1.50,0.50,0,0,0,0,0,0,"","",-1,-1,-1,-1,-1,-1,-1,-1,-1,-1,-1,-1,-1,-1,-1,-1,-1,-1,-1,-1,1.65,1.16,0.00,0.00,4.25,75,75,75,75,50,75,75,75,100,13.00,2.50,0.00,0.00,0.00,0.00,0.00,0.00,0.00,0.00,0.00,Inter&Co Stadium (Orlando- Florida)
1747265400,May 14 2025 - 11:30pm,incomplete,N/A,Philadelphia Union,LA Galaxy,N/A,N/A,1.50,0.50,1.50,0.50,0,0,0,0,0,0,"","",-1,-1,-1,-1,-1,-1,-1,-1,-1,-1,-1,-1,-1,-1,-1,-1,-1,-1,-1,-1,1.48,1.21,0.00,0.00,3.50,100,100,75,50,25,75,75,50,100,11.50,4.00,0.00,0.00,0.00,0.00,0.00,0.00,0.00,0.00,0.00,Subaru Park (Chester- Pennsylvania)
1747265400,May 14 2025 - 11:30pm,incomplete,N/A,Toronto,FC Cincinnati,N/A,N/A,0.00,0.00,0.00,0.00,0,0,0,0,0,0,"","",-1,-1,-1,-1,-1,-1,-1,-1,-1,-1,-1,-1,-1,-1,-1,-1,-1,-1,-1,-1,0.90,1.35,0.00,0.00,3.25,75,100,75,25,25,75,75,50,50,9.00,2.00,0.00,0.00,0.00,0.00,0.00,0.00,0.00,0.00,0.00,BMO Field (Toronto- Ontario)
1747269000,May 15 2025 - 12:30am,incomplete,N/A,Austin,Atlanta United FC,N/A,N/A,1.50,0.00,1.50,0.00,0,0,0,0,0,0,"","",-1,-1,-1,-1,-1,-1,-1,-1,-1,-1,-1,-1,-1,-1,-1,-1,-1,-1,-1,-1,1.74,1.68,0.00,0.00,1.50,0,50,0,0,0,0,25,50,75,10.50,4.50,0.00,0.00,0.00,0.00,0.00,0.00,0.00,0.00,0.00,Q2 Stadium (Austin- Texas)
1747269000,May 15 2025 - 12:30am,incomplete,N/A,Houston Dynamo,Minnesota United,N/A,N/A,0.00,1.33,0.00,1.33,0,0,0,0,0,0,"","",-1,-1,-1,-1,-1,-1,-1,-1,-1,-1,-1,-1,-1,-1,-1,-1,-1,-1,-1,-1,1.45,1.49,0.00,0.00,3.17,67,67,67,33,33,50,84,50,67,6.67,3.33,0.00,0.00,0.00,0.00,0.00,0.00,0.00,0.00,0.00,Shell Energy Stadium (Houston- Texas)
1747269000,May 15 2025 - 12:30am,incomplete,N/A,Nashville SC,New York RB,N/A,N/A,2.00,0.50,2.00,0.50,0,0,0,0,0,0,"","",-1,-1,-1,-1,-1,-1,-1,-1,-1,-1,-1,-1,-1,-1,-1,-1,-1,-1,-1,-1,1.96,1.23,0.00,0.00,0.75,0,25,0,0,0,0,25,0,50,8.50,2.00,0.00,0.00,0.00,0.00,0.00,0.00,0.00,0.00,0.00,GEODIS Park (Nashville- Tennessee)
1747269000,May 15 2025 - 12:30am,incomplete,N/A,St. Louis City,Sporting KC,N/A,N/A,2.00,0.00,2.00,0.00,0,0,0,0,0,0,"","",-1,-1,-1,-1,-1,-1,-1,-1,-1,-1,-1,-1,-1,-1,-1,-1,-1,-1,-1,-1,1.83,0.91,0.00,0.00,1.25,25,25,25,0,0,0,25,25,50,6.00,5.50,0.00,0.00,0.00,0.00,0.00,0.00,0.00,0.00,0.00,CITYPARK (St. Louis- Missouri)
1747272600,May 15 2025 - 1:30am,incomplete,N/A,Real Salt Lake,Portland Timbers,N/A,N/A,1.50,0.00,1.50,0.00,0,0,0,0,0,0,"","",-1,-1,-1,-1,-1,-1,-1,-1,-1,-1,-1,-1,-1,-1,-1,-1,-1,-1,-1,-1,1.41,1.27,0.00,0.00,2.50,25,100,25,25,0,25,100,25,100,5.50,4.50,0.00,0.00,0.00,0.00,0.00,0.00,0.00,0.00,0.00,America First Field (Sandy- Utah)
1747276200,May 15 2025 - 2:30am,incomplete,N/A,Los Angeles FC,Seattle Sounders,N/A,N/A,2.00,0.00,2.00,0.00,0,0,0,0,0,0,"","",-1,-1,-1,-1,-1,-1,-1,-1,-1,-1,-1,-1,-1,-1,-1,-1,-1,-1,-1,-1,1.48,1.35,0.00,0.00,1.25,0,25,0,0,0,0,67,0,59,10.50,3.17,0.00,0.00,0.00,0.00,0.00,0.00,0.00,0.00,0.00,BMO Stadium (Los Angeles- California)
1747276200,May 15 2025 - 2:30am,incomplete,N/A,San Diego,Colorado Rapids,N/A,N/A,1.00,2.33,1.00,2.33,0,0,0,0,0,0,"","",-1,-1,-1,-1,-1,-1,-1,-1,-1,-1,-1,-1,-1,-1,-1,-1,-1,-1,-1,-1,1.55,0.92,0.00,0.00,1.17,42,42,17,0,0,17,59,0,42,11.67,3.67,0.00,0.00,0.00,0.00,0.00,0.00,0.00,0.00,0.00,Snapdragon Stadium (San Diego- California)
1747276200,May 15 2025 - 2:30am,incomplete,N/A,SJ Earthquakes,Inter Miami,N/A,N/A,1.00,3.00,1.00,3.00,0,0,0,0,0,0,"","",-1,-1,-1,-1,-1,-1,-1,-1,-1,-1,-1,-1,-1,-1,-1,-1,-1,-1,-1,-1,2.16,1.60,0.00,0.00,3.34,67,84,84,42,25,67,100,42,84,13.17,6.00,0.00,0.00,0.00,0.00,0.00,0.00,0.00,0.00,0.00,PayPal Park (San Jose- California)
1747506600,May 17 2025 - 6:30pm,incomplete,N/A,Montreal Impact,Toronto,N/A,N/A,0.00,0.33,0.00,0.33,0,0,0,0,0,0,"","",-1,-1,-1,-1,-1,-1,-1,-1,-1,-1,-1,-1,-1,-1,-1,-1,-1,-1,-1,-1,0.00,1.26,0.00,0.00,2.00,34,50,34,34,17,34,34,34,50,4.33,1.33,0.00,0.00,0.00,0.00,0.00,0.00,0.00,0.00,0.00,Stade Saputo (Montreal- Quebec)
1747513800,May 17 2025 - 8:30pm,incomplete,N/A,New York City,New York RB,N/A,N/A,3.00,0.50,3.00,0.50,0,0,0,0,0,0,"","",-1,-1,-1,-1,-1,-1,-1,-1,-1,-1,-1,-1,-1,-1,-1,-1,-1,-1,-1,-1,1.61,1.23,0.00,0.00,1.75,50,50,50,0,0,25,25,25,75,9.00,4.00,0.00,0.00,0.00,0.00,0.00,0.00,0.00,0.00,0.00,Citi Field (New York- New York)
1747522800,May 17 2025 - 11:00pm,incomplete,N/A,Columbus Crew,FC Cincinnati,N/A,N/A,2.00,0.00,2.00,0.00,0,0,0,0,0,0,"","",-1,-1,-1,-1,-1,-1,-1,-1,-1,-1,-1,-1,-1,-1,-1,-1,-1,-1,-1,-1,1.71,1.35,0.00,0.00,3.25,50,75,50,50,50,50,50,50,75,9.00,3.00,0.00,0.00,0.00,0.00,0.00,0.00,0.00,0.00,0.00,Lower.com Field (Columbus- Ohio)
1747524600,May 17 2025 - 11:30pm,incomplete,N/A,Atlanta United FC,Philadelphia Union,N/A,N/A,1.33,3.00,1.33,3.00,0,0,0,0,0,0,"","",-1,-1,-1,-1,-1,-1,-1,-1,-1,-1,-1,-1,-1,-1,-1,-1,-1,-1,-1,-1,1.62,1.73,0.00,0.00,3.34,59,84,59,42,42,42,59,67,84,11.50,5.17,0.00,0.00,0.00,0.00,0.00,0.00,0.00,0.00,0.00,Mercedes-Benz Stadium (Atlanta- Georgia)
1747524600,May 17 2025 - 11:30pm,incomplete,N/A,Charlotte,Chicago Fire,N/A,N/A,3.00,2.00,3.00,2.00,0,0,0,0,0,0,"","",-1,-1,-1,-1,-1,-1,-1,-1,-1,-1,-1,-1,-1,-1,-1,-1,-1,-1,-1,-1,1.62,1.73,0.00,0.00,3.17,50,100,50,34,17,34,34,67,84,5.33,3.00,0.00,0.00,0.00,0.00,0.00,0.00,0.00,0.00,0.00,Bank of America Stadium (Charlotte- North Carolina)
1747524600,May 17 2025 - 11:30pm,incomplete,N/A,New England Revolution,SJ Earthquakes,N/A,N/A,0.00,3.00,0.00,3.00,0,0,0,0,0,0,"","",-1,-1,-1,-1,-1,-1,-1,-1,-1,-1,-1,-1,-1,-1,-1,-1,-1,-1,-1,-1,0.97,0.88,0.00,0.00,2.25,50,75,50,0,0,50,50,25,50,4.50,4.00,0.00,0.00,0.00,0.00,0.00,0.00,0.00,0.00,0.00,Gillette Stadium (Foxborough- Massachusetts)
1747528200,May 18 2025 - 12:30am,incomplete,N/A,Austin,Vancouver Whitecaps,N/A,N/A,1.50,3.00,1.50,3.00,0,0,0,0,0,0,"","",-1,-1,-1,-1,-1,-1,-1,-1,-1,-1,-1,-1,-1,-1,-1,-1,-1,-1,-1,-1,1.74,2.01,0.00,0.00,2.00,25,25,25,25,25,25,50,25,75,14.50,4.50,0.00,0.00,0.00,0.00,0.00,0.00,0.00,0.00,0.00,Q2 Stadium (Austin- Texas)
1747528200,May 18 2025 - 12:30am,incomplete,N/A,FC Dallas,Houston Dynamo,N/A,N/A,0.00,1.00,0.00,1.00,0,0,0,0,0,0,"","",-1,-1,-1,-1,-1,-1,-1,-1,-1,-1,-1,-1,-1,-1,-1,-1,-1,-1,-1,-1,1.35,0.61,0.00,0.00,1.25,25,25,25,25,0,0,0,25,50,8.00,5.00,0.00,0.00,0.00,0.00,0.00,0.00,0.00,0.00,0.00,Toyota Stadium (Frisco- Texas)
1747528200,May 18 2025 - 12:30am,incomplete,N/A,Minnesota United,St. Louis City,N/A,N/A,3.00,2.00,3.00,2.00,0,0,0,0,0,0,"","",-1,-1,-1,-1,-1,-1,-1,-1,-1,-1,-1,-1,-1,-1,-1,-1,-1,-1,-1,-1,1.42,0.97,0.00,0.00,1.25,0,25,25,0,0,0,25,25,75,6.00,4.50,0.00,0.00,0.00,0.00,0.00,0.00,0.00,0.00,0.00,Allianz Field (Saint Paul- Minnesota)
1747528200,May 18 2025 - 12:30am,incomplete,N/A,Nashville SC,DC United,N/A,N/A,2.00,1.00,2.00,1.00,0,0,0,0,0,0,"","",-1,-1,-1,-1,-1,-1,-1,-1,-1,-1,-1,-1,-1,-1,-1,-1,-1,-1,-1,-1,1.96,1.80,0.00,0.00,2.50,50,75,50,50,0,50,75,50,75,16.50,3.50,0.00,0.00,0.00,0.00,0.00,0.00,0.00,0.00,0.00,GEODIS Park (Nashville- Tennessee)
1747531800,May 18 2025 - 1:30am,incomplete,N/A,Colorado Rapids,Real Salt Lake,N/A,N/A,1.00,1.50,1.00,1.50,0,0,0,0,0,0,"","",-1,-1,-1,-1,-1,-1,-1,-1,-1,-1,-1,-1,-1,-1,-1,-1,-1,-1,-1,-1,1.88,1.79,0.00,0.00,4.75,75,100,100,75,50,75,100,75,75,9.00,2.50,0.00,0.00,0.00,0.00,0.00,0.00,0.00,0.00,0.00,Dick's Sporting Goods Park (Commerce City- Colorado)
1747531800,May 18 2025 - 1:30am,incomplete,N/A,Portland Timbers,Seattle Sounders,N/A,N/A,1.33,0.00,1.33,0.00,0,0,0,0,0,0,"","",-1,-1,-1,-1,-1,-1,-1,-1,-1,-1,-1,-1,-1,-1,-1,-1,-1,-1,-1,-1,1.08,1.35,0.00,0.00,2.09,34,59,17,17,17,17,67,34,75,10.17,5.83,0.00,0.00,0.00,0.00,0.00,0.00,0.00,0.00,0.00,Providence Park (Portland- Oregon)
1747535400,May 18 2025 - 2:30am,incomplete,N/A,San Diego,Sporting KC,N/A,N/A,1.00,0.00,1.00,0.00,0,0,0,0,0,0,"","",-1,-1,-1,-1,-1,-1,-1,-1,-1,-1,-1,-1,-1,-1,-1,-1,-1,-1,-1,-1,1.55,0.91,0.00,0.00,1.50,50,50,25,0,0,0,25,25,75,10.00,6.00,0.00,0.00,0.00,0.00,0.00,0.00,0.00,0.00,0.00,Snapdragon Stadium (San Diego- California)
1747609200,May 18 2025 - 11:00pm,incomplete,N/A,Inter Miami,Orlando City,N/A,N/A,2.00,0.50,2.00,0.50,0,0,0,0,0,0,"","",-1,-1,-1,-1,-1,-1,-1,-1,-1,-1,-1,-1,-1,-1,-1,-1,-1,-1,-1,-1,1.15,1.34,0.00,0.00,3.00,75,75,75,50,0,50,50,50,100,9.50,6.50,0.00,0.00,0.00,0.00,0.00,0.00,0.00,0.00,0.00,Chase Stadium (Fort Lauderdale- Florida)
1747616400,May 19 2025 - 1:00am,incomplete,N/A,LA Galaxy,Los Angeles FC,N/A,N/A,0.00,0.00,0.00,0.00,0,0,0,0,0,0,"","",-1,-1,-1,-1,-1,-1,-1,-1,-1,-1,-1,-1,-1,-1,-1,-1,-1,-1,-1,-1,1.70,0.93,0.00,0.00,4.75,50,100,75,50,50,50,75,100,100,9.00,1.50,0.00,0.00,0.00,0.00,0.00,0.00,0.00,0.00,0.00,Dignity Health Sports Park (Carson- California)
1748113200,May 24 2025 - 7:00pm,incomplete,N/A,Seattle Sounders,FC Dallas,N/A,N/A,2.00,2.00,2.00,2.00,0,0,0,0,0,0,"","",-1,-1,-1,-1,-1,-1,-1,-1,-1,-1,-1,-1,-1,-1,-1,-1,-1,-1,-1,-1,2.23,1.36,0.00,0.00,5.00,100,100,100,75,50,75,100,100,100,10.00,3.00,0.00,0.00,0.00,0.00,0.00,0.00,0.00,0.00,0.00,Lumen Field (Seattle- Washington)
1748118600,May 24 2025 - 8:30pm,incomplete,N/A,San Diego,LA Galaxy,N/A,N/A,1.00,0.50,1.00,0.50,0,0,0,0,0,0,"","",-1,-1,-1,-1,-1,-1,-1,-1,-1,-1,-1,-1,-1,-1,-1,-1,-1,-1,-1,-1,1.55,1.21,0.00,0.00,1.75,75,75,25,0,0,25,50,25,75,13.50,4.00,0.00,0.00,0.00,0.00,0.00,0.00,0.00,0.00,0.00,Snapdragon Stadium (San Diego- California)
1748129400,May 24 2025 - 11:30pm,incomplete,N/A,Charlotte,Columbus Crew,N/A,N/A,3.00,2.00,3.00,2.00,0,0,0,0,0,0,"","",-1,-1,-1,-1,-1,-1,-1,-1,-1,-1,-1,-1,-1,-1,-1,-1,-1,-1,-1,-1,1.62,0.99,0.00,0.00,1.75,25,75,0,0,0,0,25,50,100,7.00,5.50,0.00,0.00,0.00,0.00,0.00,0.00,0.00,0.00,0.00,Bank of America Stadium (Charlotte- North Carolina)
1748129400,May 24 2025 - 11:30pm,incomplete,N/A,DC United,New York RB,N/A,N/A,1.67,0.50,1.67,0.50,0,0,0,0,0,0,"","",-1,-1,-1,-1,-1,-1,-1,-1,-1,-1,-1,-1,-1,-1,-1,-1,-1,-1,-1,-1,1.60,1.23,0.00,0.00,1.42,34,34,34,17,0,17,17,17,59,6.67,5.17,0.00,0.00,0.00,0.00,0.00,0.00,0.00,0.00,0.00,Audi Field (Washington- District of Columbia)
1748129400,May 24 2025 - 11:30pm,incomplete,N/A,Montreal Impact,Los Angeles FC,N/A,N/A,0.00,0.00,0.00,0.00,0,0,0,0,0,0,"","",-1,-1,-1,-1,-1,-1,-1,-1,-1,-1,-1,-1,-1,-1,-1,-1,-1,-1,-1,-1,0.00,0.93,0.00,0.00,3.50,50,50,50,50,50,50,50,50,50,4.00,1.00,0.00,0.00,0.00,0.00,0.00,0.00,0.00,0.00,0.00,Stade Saputo (Montreal- Quebec)
1748129400,May 24 2025 - 11:30pm,incomplete,N/A,Orlando City,Portland Timbers,N/A,N/A,1.50,0.00,1.50,0.00,0,0,0,0,0,0,"","",-1,-1,-1,-1,-1,-1,-1,-1,-1,-1,-1,-1,-1,-1,-1,-1,-1,-1,-1,-1,1.65,1.27,0.00,0.00,4.00,50,100,50,50,50,50,100,50,100,6.50,3.50,0.00,0.00,0.00,0.00,0.00,0.00,0.00,0.00,0.00,Inter&Co Stadium (Orlando- Florida)
1748129400,May 24 2025 - 11:30pm,incomplete,N/A,Philadelphia Union,Inter Miami,N/A,N/A,1.50,3.00,1.50,3.00,0,0,0,0,0,0,"","",-1,-1,-1,-1,-1,-1,-1,-1,-1,-1,-1,-1,-1,-1,-1,-1,-1,-1,-1,-1,1.48,1.60,0.00,0.00,4.25,100,100,100,75,50,100,100,50,100,11.50,6.00,0.00,0.00,0.00,0.00,0.00,0.00,0.00,0.00,0.00,Subaru Park (Chester- Pennsylvania)
1748129400,May 24 2025 - 11:30pm,incomplete,N/A,Toronto,Nashville SC,N/A,N/A,0.00,1.50,0.00,1.50,0,0,0,0,0,0,"","",-1,-1,-1,-1,-1,-1,-1,-1,-1,-1,-1,-1,-1,-1,-1,-1,-1,-1,-1,-1,0.90,1.26,0.00,0.00,3.00,75,100,75,25,0,100,100,0,25,8.50,2.00,0.00,0.00,0.00,0.00,0.00,0.00,0.00,0.00,0.00,BMO Field (Toronto- Ontario)
1748133000,May 25 2025 - 12:30am,incomplete,N/A,Sporting KC,New England Revolution,N/A,N/A,0.50,0.50,0.50,0.50,0,0,0,0,0,0,"","",-1,-1,-1,-1,-1,-1,-1,-1,-1,-1,-1,-1,-1,-1,-1,-1,-1,-1,-1,-1,1.70,1.06,0.00,0.00,3.00,75,75,75,25,25,75,75,25,50,12.50,4.00,0.00,0.00,0.00,0.00,0.00,0.00,0.00,0.00,0.00,Children's Mercy Park (Kansas City- Kansas)
1748133000,May 25 2025 - 12:30am,incomplete,N/A,Minnesota United,Austin,N/A,N/A,3.00,1.50,3.00,1.50,0,0,0,0,0,0,"","",-1,-1,-1,-1,-1,-1,-1,-1,-1,-1,-1,-1,-1,-1,-1,-1,-1,-1,-1,-1,1.42,1.25,0.00,0.00,1.00,0,0,0,0,0,0,25,0,75,7.00,4.00,0.00,0.00,0.00,0.00,0.00,0.00,0.00,0.00,0.00,Allianz Field (Saint Paul- Minnesota)
1748136600,May 25 2025 - 1:30am,incomplete,N/A,Colorado Rapids,St. Louis City,N/A,N/A,1.00,2.00,1.00,2.00,0,0,0,0,0,0,"","",-1,-1,-1,-1,-1,-1,-1,-1,-1,-1,-1,-1,-1,-1,-1,-1,-1,-1,-1,-1,1.88,0.97,0.00,0.00,3.75,50,75,75,50,50,50,75,75,75,10.00,4.50,0.00,0.00,0.00,0.00,0.00,0.00,0.00,0.00,0.00,Dick's Sporting Goods Park (Commerce City- Colorado)
1748136600,May 25 2025 - 1:30am,incomplete,N/A,Real Salt Lake,Vancouver Whitecaps,N/A,N/A,1.50,3.00,1.50,3.00,0,0,0,0,0,0,"","",-1,-1,-1,-1,-1,-1,-1,-1,-1,-1,-1,-1,-1,-1,-1,-1,-1,-1,-1,-1,1.41,2.01,0.00,0.00,3.00,50,75,50,50,25,50,75,50,100,12.50,4.50,0.00,0.00,0.00,0.00,0.00,0.00,0.00,0.00,0.00,America First Field (Sandy- Utah)
1748140200,May 25 2025 - 2:30am,incomplete,N/A,SJ Earthquakes,Houston Dynamo,N/A,N/A,1.00,1.00,1.00,1.00,0,0,0,0,0,0,"","",-1,-1,-1,-1,-1,-1,-1,-1,-1,-1,-1,-1,-1,-1,-1,-1,-1,-1,-1,-1,2.16,0.61,0.00,0.00,1.34,17,34,34,17,0,17,50,17,34,12.67,6.00,0.00,0.00,0.00,0.00,0.00,0.00,0.00,0.00,0.00,PayPal Park (San Jose- California)
1748206800,May 25 2025 - 9:00pm,incomplete,N/A,New York City,Chicago Fire,N/A,N/A,3.00,2.00,3.00,2.00,0,0,0,0,0,0,"","",-1,-1,-1,-1,-1,-1,-1,-1,-1,-1,-1,-1,-1,-1,-1,-1,-1,-1,-1,-1,1.61,1.73,0.00,0.00,3.67,100,100,100,34,17,59,59,42,84,9.33,4.50,0.00,0.00,0.00,0.00,0.00,0.00,0.00,0.00,0.00,Yankee Stadium (New York City)
1748214000,May 25 2025 - 11:00pm,incomplete,N/A,Atlanta United FC,FC Cincinnati,N/A,N/A,1.33,0.00,1.33,0.00,0,0,0,0,0,0,"","",-1,-1,-1,-1,-1,-1,-1,-1,-1,-1,-1,-1,-1,-1,-1,-1,-1,-1,-1,-1,1.62,1.35,0.00,0.00,3.09,59,84,59,42,42,42,59,67,84,9.00,4.67,0.00,0.00,0.00,0.00,0.00,0.00,0.00,0.00,0.00,Mercedes-Benz Stadium (Atlanta- Georgia)
1748475000,May 28 2025 - 11:30pm,incomplete,N/A,Atlanta United FC,Orlando City,N/A,N/A,1.33,0.50,1.33,0.50,0,0,0,0,0,0,"","",-1,-1,-1,-1,-1,-1,-1,-1,-1,-1,-1,-1,-1,-1,-1,-1,-1,-1,-1,-1,1.62,1.34,0.00,0.00,3.09,84,84,84,42,17,42,59,42,84,10.00,4.17,0.00,0.00,0.00,0.00,0.00,0.00,0.00,0.00,0.00,Mercedes-Benz Stadium (Atlanta- Georgia)
1748475000,May 28 2025 - 11:30pm,incomplete,N/A,FC Cincinnati,FC Dallas,N/A,N/A,3.00,2.00,3.00,2.00,0,0,0,0,0,0,"","",-1,-1,-1,-1,-1,-1,-1,-1,-1,-1,-1,-1,-1,-1,-1,-1,-1,-1,-1,-1,1.60,1.36,0.00,0.00,3.00,50,75,50,25,25,25,50,75,100,6.50,4.50,0.00,0.00,0.00,0.00,0.00,0.00,0.00,0.00,0.00,TQL Stadium (Cincinnati- Ohio)
1748475000,May 28 2025 - 11:30pm,incomplete,N/A,DC United,New England Revolution,N/A,N/A,1.67,0.50,1.67,0.50,0,0,0,0,0,0,"","",-1,-1,-1,-1,-1,-1,-1,-1,-1,-1,-1,-1,-1,-1,-1,-1,-1,-1,-1,-1,1.60,1.06,0.00,0.00,1.92,59,59,59,17,0,42,42,17,59,11.17,5.17,0.00,0.00,0.00,0.00,0.00,0.00,0.00,0.00,0.00,Audi Field (Washington- District of Columbia)
1748475000,May 28 2025 - 11:30pm,incomplete,N/A,Inter Miami,Montreal Impact,N/A,N/A,2.00,0.25,2.00,0.25,0,0,0,0,0,0,"","",-1,-1,-1,-1,-1,-1,-1,-1,-1,-1,-1,-1,-1,-1,-1,-1,-1,-1,-1,-1,1.15,1.12,0.00,0.00,2.25,38,50,38,38,13,25,50,38,88,9.25,7.75,0.00,0.00,0.00,0.00,0.00,0.00,0.00,0.00,0.00,Chase Stadium (Fort Lauderdale- Florida)
1748475000,May 28 2025 - 11:30pm,incomplete,N/A,New York RB,Charlotte,N/A,N/A,2.00,0.50,2.00,0.50,0,0,0,0,0,0,"","",-1,-1,-1,-1,-1,-1,-1,-1,-1,-1,-1,-1,-1,-1,-1,-1,-1,-1,-1,-1,1.35,1.16,0.00,0.00,2.75,50,75,50,50,0,75,75,25,75,10.00,4.00,0.00,0.00,0.00,0.00,0.00,0.00,0.00,0.00,0.00,Sports Illustrated Stadium (Harrison- New Jersey)
1748475000,May 28 2025 - 11:30pm,incomplete,N/A,New York City,Houston Dynamo,N/A,N/A,3.00,1.00,3.00,1.00,0,0,0,0,0,0,"","",-1,-1,-1,-1,-1,-1,-1,-1,-1,-1,-1,-1,-1,-1,-1,-1,-1,-1,-1,-1,1.61,0.61,0.00,0.00,1.50,50,50,50,0,0,25,25,25,50,11.00,6.50,0.00,0.00,0.00,0.00,0.00,0.00,0.00,0.00,0.00,Yankee Stadium (New York City)
1748475000,May 28 2025 - 11:30pm,incomplete,N/A,Toronto,Philadelphia Union,N/A,N/A,0.00,3.00,0.00,3.00,0,0,0,0,0,0,"","",-1,-1,-1,-1,-1,-1,-1,-1,-1,-1,-1,-1,-1,-1,-1,-1,-1,-1,-1,-1,0.90,1.73,0.00,0.00,3.50,75,100,75,25,25,75,75,50,50,11.50,2.50,0.00,0.00,0.00,0.00,0.00,0.00,0.00,0.00,0.00,BMO Field (Toronto- Ontario)
1748476800,May 29 2025 - 12:00am,incomplete,N/A,Columbus Crew,Nashville SC,N/A,N/A,2.00,1.50,2.00,1.50,0,0,0,0,0,0,"","",-1,-1,-1,-1,-1,-1,-1,-1,-1,-1,-1,-1,-1,-1,-1,-1,-1,-1,-1,-1,1.71,1.26,0.00,0.00,3.00,50,75,50,50,25,75,75,0,50,8.50,3.00,0.00,0.00,0.00,0.00,0.00,0.00,0.00,0.00,0.00,Lower.com Field (Columbus- Ohio)
1748478600,May 29 2025 - 12:30am,incomplete,N/A,Austin,Real Salt Lake,N/A,N/A,1.50,1.50,1.50,1.50,0,0,0,0,0,0,"","",-1,-1,-1,-1,-1,-1,-1,-1,-1,-1,-1,-1,-1,-1,-1,-1,-1,-1,-1,-1,1.74,1.79,0.00,0.00,2.25,25,50,50,25,0,25,75,25,50,8.50,4.00,0.00,0.00,0.00,0.00,0.00,0.00,0.00,0.00,0.00,Q2 Stadium (Austin- Texas)
1748478600,May 29 2025 - 12:30am,incomplete,N/A,Seattle Sounders,San Diego,N/A,N/A,2.00,3.00,2.00,3.00,0,0,0,0,0,0,"","",-1,-1,-1,-1,-1,-1,-1,-1,-1,-1,-1,-1,-1,-1,-1,-1,-1,-1,-1,-1,2.23,1.53,0.00,0.00,4.25,75,100,75,75,25,75,75,100,100,12.50,2.00,0.00,0.00,0.00,0.00,0.00,0.00,0.00,0.00,0.00,Lumen Field (Seattle- Washington)
1748484000,May 29 2025 - 2:00am,incomplete,N/A,LA Galaxy,SJ Earthquakes,N/A,N/A,0.00,3.00,0.00,3.00,0,0,0,0,0,0,"","",-1,-1,-1,-1,-1,-1,-1,-1,-1,-1,-1,-1,-1,-1,-1,-1,-1,-1,-1,-1,1.70,0.88,0.00,0.00,2.75,50,100,75,0,0,50,75,50,50,7.00,2.50,0.00,0.00,0.00,0.00,0.00,0.00,0.00,0.00,0.00,Dignity Health Sports Park (Carson- California)
1748485800,May 29 2025 - 2:30am,incomplete,N/A,Los Angeles FC,Sporting KC,N/A,N/A,2.00,0.00,2.00,0.00,0,0,0,0,0,0,"","",-1,-1,-1,-1,-1,-1,-1,-1,-1,-1,-1,-1,-1,-1,-1,-1,-1,-1,-1,-1,1.48,0.91,0.00,0.00,1.50,25,25,25,0,0,0,17,25,84,6.00,4.67,0.00,0.00,0.00,0.00,0.00,0.00,0.00,0.00,0.00,BMO Stadium (Los Angeles- California)
1748485800,May 29 2025 - 2:30am,incomplete,N/A,Portland Timbers,Colorado Rapids,N/A,N/A,1.33,2.33,1.33,2.33,0,0,0,0,0,0,"","",-1,-1,-1,-1,-1,-1,-1,-1,-1,-1,-1,-1,-1,-1,-1,-1,-1,-1,-1,-1,1.08,0.92,0.00,0.00,2.00,50,50,33,17,17,33,50,34,67,7.34,5.00,0.00,0.00,0.00,0.00,0.00,0.00,0.00,0.00,0.00,Providence Park (Portland- Oregon)
1748485800,May 29 2025 - 2:30am,incomplete,N/A,Vancouver Whitecaps,Minnesota United,N/A,N/A,3.00,1.33,3.00,1.33,0,0,0,0,0,0,"","",-1,-1,-1,-1,-1,-1,-1,-1,-1,-1,-1,-1,-1,-1,-1,-1,-1,-1,-1,-1,1.88,1.49,0.00,0.00,2.59,42,67,42,17,17,42,84,17,84,11.00,3.33,0.00,0.00,0.00,0.00,0.00,0.00,0.00,0.00,0.00,BC Place (Vancouver- British Columbia)
1748716200,May 31 2025 - 6:30pm,incomplete,N/A,St. Louis City,SJ Earthquakes,N/A,N/A,2.00,3.00,2.00,3.00,0,0,0,0,0,0,"","",-1,-1,-1,-1,-1,-1,-1,-1,-1,-1,-1,-1,-1,-1,-1,-1,-1,-1,-1,-1,1.83,0.88,0.00,0.00,1.75,50,50,50,0,0,50,75,0,0,7.00,3.50,0.00,0.00,0.00,0.00,0.00,0.00,0.00,0.00,0.00,CITYPARK (St. Louis- Missouri)
1748723400,May 31 2025 - 8:30pm,incomplete,N/A,Nashville SC,New York City,N/A,N/A,2.00,0.50,2.00,0.50,0,0,0,0,0,0,"","",-1,-1,-1,-1,-1,-1,-1,-1,-1,-1,-1,-1,-1,-1,-1,-1,-1,-1,-1,-1,1.96,1.21,0.00,0.00,1.75,25,50,25,25,0,25,50,25,75,10.00,2.50,0.00,0.00,0.00,0.00,0.00,0.00,0.00,0.00,0.00,GEODIS Park (Nashville- Tennessee)
1748734200,May 31 2025 - 11:30pm,incomplete,N/A,FC Cincinnati,DC United,N/A,N/A,3.00,1.00,3.00,1.00,0,0,0,0,0,0,"","",-1,-1,-1,-1,-1,-1,-1,-1,-1,-1,-1,-1,-1,-1,-1,-1,-1,-1,-1,-1,1.60,1.80,0.00,0.00,2.75,50,75,50,50,0,50,50,75,100,14.50,5.00,0.00,0.00,0.00,0.00,0.00,0.00,0.00,0.00,0.00,TQL Stadium (Cincinnati- Ohio)
1748734200,May 31 2025 - 11:30pm,incomplete,N/A,Inter Miami,Columbus Crew,N/A,N/A,2.00,2.00,2.00,2.00,0,0,0,0,0,0,"","",-1,-1,-1,-1,-1,-1,-1,-1,-1,-1,-1,-1,-1,-1,-1,-1,-1,-1,-1,-1,1.15,0.99,0.00,0.00,2.00,50,50,25,25,0,25,50,25,100,8.50,9.50,0.00,0.00,0.00,0.00,0.00,0.00,0.00,0.00,0.00,Chase Stadium (Fort Lauderdale- Florida)
1748734200,May 31 2025 - 11:30pm,incomplete,N/A,Montreal Impact,New England Revolution,N/A,N/A,0.00,0.50,0.00,0.50,0,0,0,0,0,0,"","",-1,-1,-1,-1,-1,-1,-1,-1,-1,-1,-1,-1,-1,-1,-1,-1,-1,-1,-1,-1,0.00,1.06,0.00,0.00,0.75,25,25,25,0,0,25,25,0,25,6.50,1.50,0.00,0.00,0.00,0.00,0.00,0.00,0.00,0.00,0.00,Stade Saputo (Montreal- Quebec)
1748734200,May 31 2025 - 11:30pm,incomplete,N/A,New York RB,Atlanta United FC,N/A,N/A,2.00,0.00,2.00,0.00,0,0,0,0,0,0,"","",-1,-1,-1,-1,-1,-1,-1,-1,-1,-1,-1,-1,-1,-1,-1,-1,-1,-1,-1,-1,1.35,1.68,0.00,0.00,2.50,25,100,25,25,0,50,50,50,75,6.50,5.00,0.00,0.00,0.00,0.00,0.00,0.00,0.00,0.00,0.00,Sports Illustrated Stadium (Harrison- New Jersey)
1748734200,May 31 2025 - 11:30pm,incomplete,N/A,Orlando City,Chicago Fire,N/A,N/A,1.50,2.00,1.50,2.00,0,0,0,0,0,0,"","",-1,-1,-1,-1,-1,-1,-1,-1,-1,-1,-1,-1,-1,-1,-1,-1,-1,-1,-1,-1,1.65,1.73,0.00,0.00,5.17,100,100,100,84,67,84,84,67,84,6.83,3.50,0.00,0.00,0.00,0.00,0.00,0.00,0.00,0.00,0.00,Inter&Co Stadium (Orlando- Florida)
1748734200,May 31 2025 - 11:30pm,incomplete,N/A,Toronto,Charlotte,N/A,N/A,0.00,0.50,0.00,0.50,0,0,0,0,0,0,"","",-1,-1,-1,-1,-1,-1,-1,-1,-1,-1,-1,-1,-1,-1,-1,-1,-1,-1,-1,-1,0.90,1.16,0.00,0.00,2.75,75,75,75,25,0,75,75,25,50,13.50,1.00,0.00,0.00,0.00,0.00,0.00,0.00,0.00,0.00,0.00,BMO Field (Toronto- Ontario)
1748737800,Jun 01 2025 - 12:30am,incomplete,N/A,FC Dallas,Philadelphia Union,N/A,N/A,0.00,3.00,0.00,3.00,0,0,0,0,0,0,"","",-1,-1,-1,-1,-1,-1,-1,-1,-1,-1,-1,-1,-1,-1,-1,-1,-1,-1,-1,-1,1.35,1.73,0.00,0.00,3.25,50,75,50,50,25,25,25,75,100,10.50,3.50,0.00,0.00,0.00,0.00,0.00,0.00,0.00,0.00,0.00,Toyota Stadium (Frisco- Texas)
1748737800,Jun 01 2025 - 12:30am,incomplete,N/A,Houston Dynamo,Sporting KC,N/A,N/A,0.00,0.00,0.00,0.00,0,0,0,0,0,0,"","",-1,-1,-1,-1,-1,-1,-1,-1,-1,-1,-1,-1,-1,-1,-1,-1,-1,-1,-1,-1,1.45,0.91,0.00,0.00,2.84,75,75,75,17,17,34,50,59,84,3.67,6.00,0.00,0.00,0.00,0.00,0.00,0.00,0.00,0.00,0.00,Shell Energy Stadium (Houston- Texas)
1748741400,Jun 01 2025 - 1:30am,incomplete,N/A,Vancouver Whitecaps,Portland Timbers,N/A,N/A,3.00,0.00,3.00,0.00,0,0,0,0,0,0,"","",-1,-1,-1,-1,-1,-1,-1,-1,-1,-1,-1,-1,-1,-1,-1,-1,-1,-1,-1,-1,1.88,1.27,0.00,0.00,2.25,25,100,25,0,0,25,100,0,100,9.00,4.00,0.00,0.00,0.00,0.00,0.00,0.00,0.00,0.00,0.00,BC Place (Vancouver- British Columbia)
1748745000,Jun 01 2025 - 2:30am,incomplete,N/A,LA Galaxy,Real Salt Lake,N/A,N/A,0.00,1.50,0.00,1.50,0,0,0,0,0,0,"","",-1,-1,-1,-1,-1,-1,-1,-1,-1,-1,-1,-1,-1,-1,-1,-1,-1,-1,-1,-1,1.70,1.79,0.00,0.00,3.00,25,100,75,25,0,25,75,75,75,8.00,2.00,0.00,0.00,0.00,0.00,0.00,0.00,0.00,0.00,0.00,Dignity Health Sports Park (Carson- California)
1748745000,Jun 01 2025 - 2:30am,incomplete,N/A,Los Angeles FC,Colorado Rapids,N/A,N/A,2.00,2.33,2.00,2.33,0,0,0,0,0,0,"","",-1,-1,-1,-1,-1,-1,-1,-1,-1,-1,-1,-1,-1,-1,-1,-1,-1,-1,-1,-1,1.48,0.92,0.00,0.00,1.17,17,17,17,0,0,17,50,0,50,7.67,2.34,0.00,0.00,0.00,0.00,0.00,0.00,0.00,0.00,0.00,BMO Stadium (Los Angeles- California)
1748745000,Jun 01 2025 - 2:30am,incomplete,N/A,San Diego,Austin,N/A,N/A,1.00,1.50,1.00,1.50,0,0,0,0,0,0,"","",-1,-1,-1,-1,-1,-1,-1,-1,-1,-1,-1,-1,-1,-1,-1,-1,-1,-1,-1,-1,1.55,1.25,0.00,0.00,1.00,25,25,0,0,0,0,50,0,50,14.00,5.00,0.00,0.00,0.00,0.00,0.00,0.00,0.00,0.00,0.00,Snapdragon Stadium (San Diego- California)
1748815200,Jun 01 2025 - 10:00pm,incomplete,N/A,Seattle Sounders,Minnesota United,N/A,N/A,2.00,1.33,2.00,1.33,0,0,0,0,0,0,"","",-1,-1,-1,-1,-1,-1,-1,-1,-1,-1,-1,-1,-1,-1,-1,-1,-1,-1,-1,-1,2.23,1.49,0.00,0.00,4.09,67,67,67,67,42,67,84,67,84,12.00,1.83,0.00,0.00,0.00,0.00,0.00,0.00,0.00,0.00,0.00,Lumen Field (Seattle- Washington)
1749339000,Jun 07 2025 - 11:30pm,incomplete,N/A,DC United,Chicago Fire,N/A,N/A,1.67,2.00,1.67,2.00,0,0,0,0,0,0,"","",-1,-1,-1,-1,-1,-1,-1,-1,-1,-1,-1,-1,-1,-1,-1,-1,-1,-1,-1,-1,1.60,1.73,0.00,0.00,3.33,84,84,84,50,17,50,50,33,67,7.00,5.67,0.00,0.00,0.00,0.00,0.00,0.00,0.00,0.00,0.00,Audi Field (Washington- District of Columbia)
1749346200,Jun 08 2025 - 1:30am,incomplete,N/A,Colorado Rapids,Austin,N/A,N/A,1.00,1.50,1.00,1.50,0,0,0,0,0,0,"","",-1,-1,-1,-1,-1,-1,-1,-1,-1,-1,-1,-1,-1,-1,-1,-1,-1,-1,-1,-1,1.88,1.25,0.00,0.00,3.50,50,50,50,50,50,50,75,50,75,11.00,4.00,0.00,0.00,0.00,0.00,0.00,0.00,0.00,0.00,0.00,Dick's Sporting Goods Park (Commerce City- Colorado)
1749423600,Jun 08 2025 - 11:00pm,incomplete,N/A,Portland Timbers,St. Louis City,N/A,N/A,1.33,2.00,1.33,2.00,0,0,0,0,0,0,"","",-1,-1,-1,-1,-1,-1,-1,-1,-1,-1,-1,-1,-1,-1,-1,-1,-1,-1,-1,-1,1.08,0.97,0.00,0.00,2.09,34,59,42,17,17,17,42,59,75,8.67,6.83,0.00,0.00,0.00,0.00,0.00,0.00,0.00,0.00,0.00,Providence Park (Portland- Oregon)
1749430800,Jun 09 2025 - 1:00am,incomplete,N/A,Vancouver Whitecaps,Seattle Sounders,N/A,N/A,3.00,0.00,3.00,0.00,0,0,0,0,0,0,"","",-1,-1,-1,-1,-1,-1,-1,-1,-1,-1,-1,-1,-1,-1,-1,-1,-1,-1,-1,-1,1.88,1.35,0.00,0.00,2.00,25,75,25,0,0,25,100,0,75,12.50,4.50,0.00,0.00,0.00,0.00,0.00,0.00,0.00,0.00,0.00,BC Place (Vancouver- British Columbia)
1749771000,Jun 12 2025 - 11:30pm,incomplete,N/A,New York City,Atlanta United FC,N/A,N/A,3.00,0.00,3.00,0.00,0,0,0,0,0,0,"","",-1,-1,-1,-1,-1,-1,-1,-1,-1,-1,-1,-1,-1,-1,-1,-1,-1,-1,-1,-1,1.61,1.68,0.00,0.00,2.50,50,100,50,0,0,25,25,75,100,12.00,4.50,0.00,0.00,0.00,0.00,0.00,0.00,0.00,0.00,0.00,Yankee Stadium (New York City)
1749868200,Jun 14 2025 - 2:30am,incomplete,N/A,Los Angeles FC,Toronto,N/A,N/A,2.00,0.33,2.00,0.33,0,0,0,0,0,0,"","",-1,-1,-1,-1,-1,-1,-1,-1,-1,-1,-1,-1,-1,-1,-1,-1,-1,-1,-1,-1,1.48,1.26,0.00,0.00,2.50,34,50,34,34,17,34,50,34,84,9.33,2.00,0.00,0.00,0.00,0.00,0.00,0.00,0.00,0.00,0.00,BMO Stadium (Los Angeles- California)
1749868200,Jun 14 2025 - 2:30am,incomplete,N/A,Portland Timbers,SJ Earthquakes,N/A,N/A,1.33,3.00,1.33,3.00,0,0,0,0,0,0,"","",-1,-1,-1,-1,-1,-1,-1,-1,-1,-1,-1,-1,-1,-1,-1,-1,-1,-1,-1,-1,1.08,0.88,0.00,0.00,2.84,84,84,67,17,17,67,67,34,50,6.67,5.33,0.00,0.00,0.00,0.00,0.00,0.00,0.00,0.00,0.00,Providence Park (Portland- Oregon)
1749933000,Jun 14 2025 - 8:30pm,incomplete,N/A,St. Louis City,LA Galaxy,N/A,N/A,2.00,0.50,2.00,0.50,0,0,0,0,0,0,"","",-1,-1,-1,-1,-1,-1,-1,-1,-1,-1,-1,-1,-1,-1,-1,-1,-1,-1,-1,-1,1.83,1.21,0.00,0.00,1.50,50,50,25,0,0,25,50,25,50,9.50,3.50,0.00,0.00,0.00,0.00,0.00,0.00,0.00,0.00,0.00,CITYPARK (St. Louis- Missouri)
1749943800,Jun 14 2025 - 11:30pm,incomplete,N/A,Columbus Crew,Vancouver Whitecaps,N/A,N/A,2.00,3.00,2.00,3.00,0,0,0,0,0,0,"","",-1,-1,-1,-1,-1,-1,-1,-1,-1,-1,-1,-1,-1,-1,-1,-1,-1,-1,-1,-1,1.71,2.01,0.00,0.00,3.00,50,50,50,50,50,50,50,25,75,14.00,3.00,0.00,0.00,0.00,0.00,0.00,0.00,0.00,0.00,0.00,Lower.com Field (Columbus- Ohio)
1749943800,Jun 14 2025 - 11:30pm,incomplete,N/A,New England Revolution,FC Cincinnati,N/A,N/A,0.00,0.00,0.00,0.00,0,0,0,0,0,0,"","",-1,-1,-1,-1,-1,-1,-1,-1,-1,-1,-1,-1,-1,-1,-1,-1,-1,-1,-1,-1,0.97,1.35,0.00,0.00,2.50,25,75,25,25,25,25,25,75,100,6.50,4.00,0.00,0.00,0.00,0.00,0.00,0.00,0.00,0.00,0.00,Gillette Stadium (Foxborough- Massachusetts)
1749943800,Jun 14 2025 - 11:30pm,incomplete,N/A,Philadelphia Union,Charlotte,N/A,N/A,1.50,0.50,1.50,0.50,0,0,0,0,0,0,"","",-1,-1,-1,-1,-1,-1,-1,-1,-1,-1,-1,-1,-1,-1,-1,-1,-1,-1,-1,-1,1.48,1.16,0.00,0.00,3.50,75,75,75,75,25,75,75,50,100,15.50,3.00,0.00,0.00,0.00,0.00,0.00,0.00,0.00,0.00,0.00,Subaru Park (Chester- Pennsylvania)
1749947400,Jun 15 2025 - 12:30am,incomplete,N/A,Austin,New York RB,N/A,N/A,1.50,0.50,1.50,0.50,0,0,0,0,0,0,"","",-1,-1,-1,-1,-1,-1,-1,-1,-1,-1,-1,-1,-1,-1,-1,-1,-1,-1,-1,-1,1.74,1.23,0.00,0.00,0.75,0,0,0,0,0,0,25,0,50,7.50,4.00,0.00,0.00,0.00,0.00,0.00,0.00,0.00,0.00,0.00,Q2 Stadium (Austin- Texas)
1749947400,Jun 15 2025 - 12:30am,incomplete,N/A,Chicago Fire,Nashville SC,N/A,N/A,1.00,1.50,1.00,1.50,0,0,0,0,0,0,"","",-1,-1,-1,-1,-1,-1,-1,-1,-1,-1,-1,-1,-1,-1,-1,-1,-1,-1,-1,-1,1.10,1.26,0.00,0.00,3.50,75,100,75,75,0,100,100,50,75,8.50,3.00,0.00,0.00,0.00,0.00,0.00,0.00,0.00,0.00,0.00,Soldier Field (Chicago- Illinois)
1749947400,Jun 15 2025 - 12:30am,incomplete,N/A,Houston Dynamo,Montreal Impact,N/A,N/A,0.00,0.25,0.00,0.25,0,0,0,0,0,0,"","",-1,-1,-1,-1,-1,-1,-1,-1,-1,-1,-1,-1,-1,-1,-1,-1,-1,-1,-1,-1,1.45,1.12,0.00,0.00,2.84,63,75,63,29,29,34,75,46,71,7.42,4.75,0.00,0.00,0.00,0.00,0.00,0.00,0.00,0.00,0.00,Shell Energy Stadium (Houston- Texas)
1749947400,Jun 15 2025 - 12:30am,incomplete,N/A,Sporting KC,FC Dallas,N/A,N/A,0.50,2.00,0.50,2.00,0,0,0,0,0,0,"","",-1,-1,-1,-1,-1,-1,-1,-1,-1,-1,-1,-1,-1,-1,-1,-1,-1,-1,-1,-1,1.70,1.36,0.00,0.00,4.50,100,100,100,50,50,75,100,75,75,8.00,5.00,0.00,0.00,0.00,0.00,0.00,0.00,0.00,0.00,0.00,Children's Mercy Park (Kansas City- Kansas)
1749947400,Jun 15 2025 - 12:30am,incomplete,N/A,Minnesota United,San Diego,N/A,N/A,3.00,3.00,3.00,3.00,0,0,0,0,0,0,"","",-1,-1,-1,-1,-1,-1,-1,-1,-1,-1,-1,-1,-1,-1,-1,-1,-1,-1,-1,-1,1.42,1.53,0.00,0.00,2.00,25,50,25,25,0,25,25,50,100,6.50,2.50,0.00,0.00,0.00,0.00,0.00,0.00,0.00,0.00,0.00,Allianz Field (Saint Paul- Minnesota)
1749951000,Jun 15 2025 - 1:30am,incomplete,N/A,Colorado Rapids,Orlando City,N/A,N/A,1.00,0.50,1.00,0.50,0,0,0,0,0,0,"","",-1,-1,-1,-1,-1,-1,-1,-1,-1,-1,-1,-1,-1,-1,-1,-1,-1,-1,-1,-1,1.88,1.34,0.00,0.00,4.75,100,100,100,75,50,75,75,75,100,11.00,2.50,0.00,0.00,0.00,0.00,0.00,0.00,0.00,0.00,0.00,Dick's Sporting Goods Park (Commerce City- Colorado)
1749951000,Jun 15 2025 - 1:30am,incomplete,N/A,Real Salt Lake,DC United,N/A,N/A,1.50,1.00,1.50,1.00,0,0,0,0,0,0,"","",-1,-1,-1,-1,-1,-1,-1,-1,-1,-1,-1,-1,-1,-1,-1,-1,-1,-1,-1,-1,1.41,1.80,0.00,0.00,3.50,75,100,75,75,0,75,100,75,100,13.50,5.50,0.00,0.00,0.00,0.00,0.00,0.00,0.00,0.00,0.00,America First Field (Sandy- Utah)
1750894200,Jun 25 2025 - 11:30pm,incomplete,N/A,Columbus Crew,Atlanta United FC,N/A,N/A,2.00,0.00,2.00,0.00,0,0,0,0,0,0,"","",-1,-1,-1,-1,-1,-1,-1,-1,-1,-1,-1,-1,-1,-1,-1,-1,-1,-1,-1,-1,1.71,1.68,0.00,0.00,2.50,25,75,25,25,25,25,25,50,75,10.00,3.00,0.00,0.00,0.00,0.00,0.00,0.00,0.00,0.00,0.00,Lower.com Field (Columbus- Ohio)
1750894200,Jun 25 2025 - 11:30pm,incomplete,N/A,Montreal Impact,FC Cincinnati,N/A,N/A,0.00,0.00,0.00,0.00,0,0,0,0,0,0,"","",-1,-1,-1,-1,-1,-1,-1,-1,-1,-1,-1,-1,-1,-1,-1,-1,-1,-1,-1,-1,0.00,1.35,0.00,0.00,1.75,25,50,25,25,25,25,25,50,50,4.00,2.00,0.00,0.00,0.00,0.00,0.00,0.00,0.00,0.00,0.00,Stade Saputo (Montreal- Quebec)
1750894200,Jun 25 2025 - 11:30pm,incomplete,N/A,New England Revolution,Nashville SC,N/A,N/A,0.00,1.50,0.00,1.50,0,0,0,0,0,0,"","",-1,-1,-1,-1,-1,-1,-1,-1,-1,-1,-1,-1,-1,-1,-1,-1,-1,-1,-1,-1,0.97,1.26,0.00,0.00,2.25,25,75,25,25,0,50,50,25,75,6.00,4.00,0.00,0.00,0.00,0.00,0.00,0.00,0.00,0.00,0.00,Gillette Stadium (Foxborough- Massachusetts)
1750894200,Jun 25 2025 - 11:30pm,incomplete,N/A,Toronto,New York RB,N/A,N/A,0.00,0.50,0.00,0.50,0,0,0,0,0,0,"","",-1,-1,-1,-1,-1,-1,-1,-1,-1,-1,-1,-1,-1,-1,-1,-1,-1,-1,-1,-1,0.90,1.23,0.00,0.00,1.75,50,50,50,0,0,50,50,0,25,7.00,1.50,0.00,0.00,0.00,0.00,0.00,0.00,0.00,0.00,0.00,BMO Field (Toronto- Ontario)
1750897800,Jun 26 2025 - 12:30am,incomplete,N/A,Chicago Fire,Philadelphia Union,N/A,N/A,1.00,3.00,1.00,3.00,0,0,0,0,0,0,"","",-1,-1,-1,-1,-1,-1,-1,-1,-1,-1,-1,-1,-1,-1,-1,-1,-1,-1,-1,-1,1.10,1.73,0.00,0.00,4.00,75,100,75,75,25,75,75,100,100,11.50,3.50,0.00,0.00,0.00,0.00,0.00,0.00,0.00,0.00,0.00,Soldier Field (Chicago- Illinois)
1750897800,Jun 26 2025 - 12:30am,incomplete,N/A,FC Dallas,SJ Earthquakes,N/A,N/A,0.00,3.00,0.00,3.00,0,0,0,0,0,0,"","",-1,-1,-1,-1,-1,-1,-1,-1,-1,-1,-1,-1,-1,-1,-1,-1,-1,-1,-1,-1,1.35,0.88,0.00,0.00,2.75,75,75,75,25,0,50,50,25,50,6.00,3.00,0.00,0.00,0.00,0.00,0.00,0.00,0.00,0.00,0.00,Toyota Stadium (Frisco- Texas)
1750897800,Jun 26 2025 - 12:30am,incomplete,N/A,Sporting KC,Charlotte,N/A,N/A,0.50,0.50,0.50,0.50,0,0,0,0,0,0,"","",-1,-1,-1,-1,-1,-1,-1,-1,-1,-1,-1,-1,-1,-1,-1,-1,-1,-1,-1,-1,1.70,1.16,0.00,0.00,3.50,75,75,75,50,25,75,75,50,75,14.50,3.50,0.00,0.00,0.00,0.00,0.00,0.00,0.00,0.00,0.00,Children's Mercy Park (Kansas City- Kansas)
1750897800,Jun 26 2025 - 12:30am,incomplete,N/A,Minnesota United,Houston Dynamo,N/A,N/A,3.00,1.00,3.00,1.00,0,0,0,0,0,0,"","",-1,-1,-1,-1,-1,-1,-1,-1,-1,-1,-1,-1,-1,-1,-1,-1,-1,-1,-1,-1,1.42,0.61,0.00,0.00,0.50,0,0,0,0,0,0,0,0,50,6.00,5.00,0.00,0.00,0.00,0.00,0.00,0.00,0.00,0.00,0.00,Allianz Field (Saint Paul- Minnesota)
1750897800,Jun 26 2025 - 12:30am,incomplete,N/A,St. Louis City,Orlando City,N/A,N/A,2.00,0.50,2.00,0.50,0,0,0,0,0,0,"","",-1,-1,-1,-1,-1,-1,-1,-1,-1,-1,-1,-1,-1,-1,-1,-1,-1,-1,-1,-1,1.83,1.34,0.00,0.00,2.00,50,50,50,25,0,25,50,25,50,10.00,3.00,0.00,0.00,0.00,0.00,0.00,0.00,0.00,0.00,0.00,CITYPARK (St. Louis- Missouri)
1750901400,Jun 26 2025 - 1:30am,incomplete,N/A,Colorado Rapids,LA Galaxy,N/A,N/A,1.00,0.50,1.00,0.50,0,0,0,0,0,0,"","",-1,-1,-1,-1,-1,-1,-1,-1,-1,-1,-1,-1,-1,-1,-1,-1,-1,-1,-1,-1,1.88,1.21,0.00,0.00,4.25,100,100,75,50,50,75,75,75,100,10.50,3.00,0.00,0.00,0.00,0.00,0.00,0.00,0.00,0.00,0.00,Dick's Sporting Goods Park (Commerce City- Colorado)
1750901400,Jun 26 2025 - 1:30am,incomplete,N/A,Real Salt Lake,Los Angeles FC,N/A,N/A,1.50,0.00,1.50,0.00,0,0,0,0,0,0,"","",-1,-1,-1,-1,-1,-1,-1,-1,-1,-1,-1,-1,-1,-1,-1,-1,-1,-1,-1,-1,1.41,0.93,0.00,0.00,5.00,75,100,75,75,50,75,100,75,100,7.50,3.50,0.00,0.00,0.00,0.00,0.00,0.00,0.00,0.00,0.00,America First Field (Sandy- Utah)
1750905000,Jun 26 2025 - 2:30am,incomplete,N/A,Vancouver Whitecaps,San Diego,N/A,N/A,3.00,3.00,3.00,3.00,0,0,0,0,0,0,"","",-1,-1,-1,-1,-1,-1,-1,-1,-1,-1,-1,-1,-1,-1,-1,-1,-1,-1,-1,-1,1.88,1.53,0.00,0.00,2.75,50,100,50,25,0,50,75,50,100,11.50,3.50,0.00,0.00,0.00,0.00,0.00,0.00,0.00,0.00,0.00,BC Place (Vancouver- British Columbia)
1751153400,Jun 28 2025 - 11:30pm,incomplete,N/A,DC United,Nashville SC,N/A,N/A,1.67,1.50,1.67,1.50,0,0,0,0,0,0,"","",-1,-1,-1,-1,-1,-1,-1,-1,-1,-1,-1,-1,-1,-1,-1,-1,-1,-1,-1,-1,1.60,1.26,0.00,0.00,2.67,59,84,59,42,0,67,67,17,59,8.17,5.67,0.00,0.00,0.00,0.00,0.00,0.00,0.00,0.00,0.00,Audi Field (Washington- District of Columbia)
1751153400,Jun 28 2025 - 11:30pm,incomplete,N/A,Inter Miami,Atlanta United FC,N/A,N/A,2.00,0.00,2.00,0.00,0,0,0,0,0,0,"","",-1,-1,-1,-1,-1,-1,-1,-1,-1,-1,-1,-1,-1,-1,-1,-1,-1,-1,-1,-1,1.15,1.68,0.00,0.00,2.25,25,75,25,25,0,25,25,75,100,9.50,7.00,0.00,0.00,0.00,0.00,0.00,0.00,0.00,0.00,0.00,Chase Stadium (Fort Lauderdale- Florida)
1751153400,Jun 28 2025 - 11:30pm,incomplete,N/A,Montreal Impact,New York City,N/A,N/A,0.00,0.50,0.00,0.50,0,0,0,0,0,0,"","",-1,-1,-1,-1,-1,-1,-1,-1,-1,-1,-1,-1,-1,-1,-1,-1,-1,-1,-1,-1,0.00,1.21,0.00,0.00,1.25,25,25,25,25,0,25,25,25,50,3.50,2.00,0.00,0.00,0.00,0.00,0.00,0.00,0.00,0.00,0.00,Stade Saputo (Montreal- Quebec)
1751153400,Jun 28 2025 - 11:30pm,incomplete,N/A,New England Revolution,Colorado Rapids,N/A,N/A,0.00,2.33,0.00,2.33,0,0,0,0,0,0,"","",-1,-1,-1,-1,-1,-1,-1,-1,-1,-1,-1,-1,-1,-1,-1,-1,-1,-1,-1,-1,0.97,0.92,0.00,0.00,1.42,17,42,17,0,0,17,34,25,67,5.17,3.67,0.00,0.00,0.00,0.00,0.00,0.00,0.00,0.00,0.00,Gillette Stadium (Foxborough- Massachusetts)
1751153400,Jun 28 2025 - 11:30pm,incomplete,N/A,New York RB,Minnesota United,N/A,N/A,2.00,1.33,2.00,1.33,0,0,0,0,0,0,"","",-1,-1,-1,-1,-1,-1,-1,-1,-1,-1,-1,-1,-1,-1,-1,-1,-1,-1,-1,-1,1.35,1.49,0.00,0.00,2.84,42,67,42,42,17,67,84,17,59,5.50,4.33,0.00,0.00,0.00,0.00,0.00,0.00,0.00,0.00,0.00,Sports Illustrated Stadium (Harrison- New Jersey)
1751153400,Jun 28 2025 - 11:30pm,incomplete,N/A,Orlando City,FC Cincinnati,N/A,N/A,1.50,0.00,1.50,0.00,0,0,0,0,0,0,"","",-1,-1,-1,-1,-1,-1,-1,-1,-1,-1,-1,-1,-1,-1,-1,-1,-1,-1,-1,-1,1.65,1.35,0.00,0.00,4.75,75,100,75,75,75,75,75,100,100,8.50,3.50,0.00,0.00,0.00,0.00,0.00,0.00,0.00,0.00,0.00,Inter&Co Stadium (Orlando- Florida)
1751153400,Jun 28 2025 - 11:30pm,incomplete,N/A,Toronto,Portland Timbers,N/A,N/A,0.00,0.00,0.00,0.00,0,0,0,0,0,0,"","",-1,-1,-1,-1,-1,-1,-1,-1,-1,-1,-1,-1,-1,-1,-1,-1,-1,-1,-1,-1,0.90,1.27,0.00,0.00,2.50,50,100,50,0,0,50,100,0,50,7.00,2.00,0.00,0.00,0.00,0.00,0.00,0.00,0.00,0.00,0.00,BMO Field (Toronto- Ontario)
1751157000,Jun 29 2025 - 12:30am,incomplete,N/A,Chicago Fire,Charlotte,N/A,N/A,1.00,0.50,1.00,0.50,0,0,0,0,0,0,"","",-1,-1,-1,-1,-1,-1,-1,-1,-1,-1,-1,-1,-1,-1,-1,-1,-1,-1,-1,-1,1.10,1.16,0.00,0.00,3.25,75,75,75,75,0,75,75,75,100,13.50,2.00,0.00,0.00,0.00,0.00,0.00,0.00,0.00,0.00,0.00,Soldier Field (Chicago- Illinois)
1751157000,Jun 29 2025 - 12:30am,incomplete,N/A,FC Dallas,San Diego,N/A,N/A,0.00,3.00,0.00,3.00,0,0,0,0,0,0,"","",-1,-1,-1,-1,-1,-1,-1,-1,-1,-1,-1,-1,-1,-1,-1,-1,-1,-1,-1,-1,1.35,1.53,0.00,0.00,2.75,50,75,50,50,0,25,25,75,100,8.50,2.50,0.00,0.00,0.00,0.00,0.00,0.00,0.00,0.00,0.00,Toyota Stadium (Frisco- Texas)
1751157000,Jun 29 2025 - 12:30am,incomplete,N/A,Houston Dynamo,St. Louis City,N/A,N/A,0.00,2.00,0.00,2.00,0,0,0,0,0,0,"","",-1,-1,-1,-1,-1,-1,-1,-1,-1,-1,-1,-1,-1,-1,-1,-1,-1,-1,-1,-1,1.45,0.97,0.00,0.00,2.59,50,75,75,17,17,34,75,59,59,6.67,5.50,0.00,0.00,0.00,0.00,0.00,0.00,0.00,0.00,0.00,Shell Energy Stadium (Houston- Texas)
1751157000,Jun 29 2025 - 12:30am,incomplete,N/A,Sporting KC,Real Salt Lake,N/A,N/A,0.50,1.50,0.50,1.50,0,0,0,0,0,0,"","",-1,-1,-1,-1,-1,-1,-1,-1,-1,-1,-1,-1,-1,-1,-1,-1,-1,-1,-1,-1,1.70,1.79,0.00,0.00,4.00,75,100,100,50,25,75,100,50,50,9.00,4.00,0.00,0.00,0.00,0.00,0.00,0.00,0.00,0.00,0.00,Children's Mercy Park (Kansas City- Kansas)
1751164200,Jun 29 2025 - 2:30am,incomplete,N/A,Los Angeles FC,Vancouver Whitecaps,N/A,N/A,2.00,3.00,2.00,3.00,0,0,0,0,0,0,"","",-1,-1,-1,-1,-1,-1,-1,-1,-1,-1,-1,-1,-1,-1,-1,-1,-1,-1,-1,-1,1.48,2.01,0.00,0.00,2.00,25,25,25,25,25,25,42,25,84,14.00,2.67,0.00,0.00,0.00,0.00,0.00,0.00,0.00,0.00,0.00,BMO Stadium (Los Angeles- California)
1751164200,Jun 29 2025 - 2:30am,incomplete,N/A,SJ Earthquakes,LA Galaxy,N/A,N/A,1.00,0.50,1.00,0.50,0,0,0,0,0,0,"","",-1,-1,-1,-1,-1,-1,-1,-1,-1,-1,-1,-1,-1,-1,-1,-1,-1,-1,-1,-1,2.16,1.21,0.00,0.00,2.59,67,84,59,17,0,42,75,42,84,13.17,4.00,0.00,0.00,0.00,0.00,0.00,0.00,0.00,0.00,0.00,Stanford Stadium (Stanford- California)
1751164200,Jun 29 2025 - 2:30am,incomplete,N/A,Seattle Sounders,Austin,N/A,N/A,2.00,1.50,2.00,1.50,0,0,0,0,0,0,"","",-1,-1,-1,-1,-1,-1,-1,-1,-1,-1,-1,-1,-1,-1,-1,-1,-1,-1,-1,-1,2.23,1.25,0.00,0.00,3.25,50,50,50,50,25,50,75,50,75,13.00,3.50,0.00,0.00,0.00,0.00,0.00,0.00,0.00,0.00,0.00,Lumen Field (Seattle- Washington)
1751234400,Jun 29 2025 - 10:00pm,incomplete,N/A,Columbus Crew,Philadelphia Union,N/A,N/A,2.00,3.00,2.00,3.00,0,0,0,0,0,0,"","",-1,-1,-1,-1,-1,-1,-1,-1,-1,-1,-1,-1,-1,-1,-1,-1,-1,-1,-1,-1,1.71,1.73,0.00,0.00,3.50,50,75,50,50,50,50,50,50,75,11.50,3.50,0.00,0.00,0.00,0.00,0.00,0.00,0.00,0.00,0.00,Lower.com Field (Columbus- Ohio)
1751585400,Jul 03 2025 - 11:30pm,incomplete,N/A,New York City,Toronto,N/A,N/A,3.00,0.33,3.00,0.33,0,0,0,0,0,0,"","",-1,-1,-1,-1,-1,-1,-1,-1,-1,-1,-1,-1,-1,-1,-1,-1,-1,-1,-1,-1,1.61,1.26,0.00,0.00,3.50,84,100,84,34,17,59,59,59,100,11.33,3.83,0.00,0.00,0.00,0.00,0.00,0.00,0.00,0.00,0.00,Yankee Stadium (New York City)
1751675400,Jul 05 2025 - 12:30am,incomplete,N/A,FC Dallas,Minnesota United,N/A,N/A,0.00,1.33,0.00,1.33,0,0,0,0,0,0,"","",-1,-1,-1,-1,-1,-1,-1,-1,-1,-1,-1,-1,-1,-1,-1,-1,-1,-1,-1,-1,1.35,1.49,0.00,0.00,2.59,42,42,42,42,17,17,34,42,84,8.00,2.33,0.00,0.00,0.00,0.00,0.00,0.00,0.00,0.00,0.00,Toyota Stadium (Frisco- Texas)
1751679000,Jul 05 2025 - 1:30am,incomplete,N/A,Colorado Rapids,Sporting KC,N/A,N/A,1.00,0.00,1.00,0.00,0,0,0,0,0,0,"","",-1,-1,-1,-1,-1,-1,-1,-1,-1,-1,-1,-1,-1,-1,-1,-1,-1,-1,-1,-1,1.88,0.91,0.00,0.00,4.00,75,75,75,50,50,50,50,75,100,7.00,5.00,0.00,0.00,0.00,0.00,0.00,0.00,0.00,0.00,0.00,Dick's Sporting Goods Park (Commerce City- Colorado)
1751682600,Jul 05 2025 - 2:30am,incomplete,N/A,LA Galaxy,Vancouver Whitecaps,N/A,N/A,0.00,3.00,0.00,3.00,0,0,0,0,0,0,"","",-1,-1,-1,-1,-1,-1,-1,-1,-1,-1,-1,-1,-1,-1,-1,-1,-1,-1,-1,-1,1.70,2.01,0.00,0.00,2.75,25,75,50,25,25,25,50,75,100,14.00,2.50,0.00,0.00,0.00,0.00,0.00,0.00,0.00,0.00,0.00,Dignity Health Sports Park (Carson- California)
1751756400,Jul 05 2025 - 11:00pm,incomplete,N/A,Charlotte,Orlando City,N/A,N/A,3.00,0.50,3.00,0.50,0,0,0,0,0,0,"","",-1,-1,-1,-1,-1,-1,-1,-1,-1,-1,-1,-1,-1,-1,-1,-1,-1,-1,-1,-1,1.62,1.34,0.00,0.00,2.75,50,100,50,25,0,25,25,75,100,8.00,2.50,0.00,0.00,0.00,0.00,0.00,0.00,0.00,0.00,0.00,Bank of America Stadium (Charlotte- North Carolina)
1751758200,Jul 05 2025 - 11:30pm,incomplete,N/A,FC Cincinnati,Chicago Fire,N/A,N/A,3.00,2.00,3.00,2.00,0,0,0,0,0,0,"","",-1,-1,-1,-1,-1,-1,-1,-1,-1,-1,-1,-1,-1,-1,-1,-1,-1,-1,-1,-1,1.60,1.73,0.00,0.00,2.92,50,75,50,34,17,34,34,42,84,6.83,4.00,0.00,0.00,0.00,0.00,0.00,0.00,0.00,0.00,0.00,TQL Stadium (Cincinnati- Ohio)
1751758200,Jul 05 2025 - 11:30pm,incomplete,N/A,DC United,Atlanta United FC,N/A,N/A,1.67,0.00,1.67,0.00,0,0,0,0,0,0,"","",-1,-1,-1,-1,-1,-1,-1,-1,-1,-1,-1,-1,-1,-1,-1,-1,-1,-1,-1,-1,1.60,1.68,0.00,0.00,2.17,34,84,34,17,0,17,17,67,84,9.67,5.67,0.00,0.00,0.00,0.00,0.00,0.00,0.00,0.00,0.00,Audi Field (Washington- District of Columbia)
1751758200,Jul 05 2025 - 11:30pm,incomplete,N/A,Montreal Impact,Inter Miami,N/A,N/A,0.00,3.00,0.00,3.00,0,0,0,0,0,0,"","",-1,-1,-1,-1,-1,-1,-1,-1,-1,-1,-1,-1,-1,-1,-1,-1,-1,-1,-1,-1,0.00,1.60,0.00,0.00,2.00,50,50,50,25,25,50,50,25,50,4.50,4.00,0.00,0.00,0.00,0.00,0.00,0.00,0.00,0.00,0.00,Stade Saputo (Montreal- Quebec)
1751761800,Jul 06 2025 - 12:30am,incomplete,N/A,Austin,Los Angeles FC,N/A,N/A,1.50,0.00,1.50,0.00,0,0,0,0,0,0,"","",-1,-1,-1,-1,-1,-1,-1,-1,-1,-1,-1,-1,-1,-1,-1,-1,-1,-1,-1,-1,1.74,0.93,0.00,0.00,4.00,50,50,50,50,50,50,75,50,75,9.50,3.50,0.00,0.00,0.00,0.00,0.00,0.00,0.00,0.00,0.00,Q2 Stadium (Austin- Texas)
1751761800,Jul 06 2025 - 12:30am,incomplete,N/A,Nashville SC,Philadelphia Union,N/A,N/A,2.00,3.00,2.00,3.00,0,0,0,0,0,0,"","",-1,-1,-1,-1,-1,-1,-1,-1,-1,-1,-1,-1,-1,-1,-1,-1,-1,-1,-1,-1,1.96,1.73,0.00,0.00,2.50,25,75,25,25,25,25,50,50,75,13.00,3.00,0.00,0.00,0.00,0.00,0.00,0.00,0.00,0.00,0.00,GEODIS Park (Nashville- Tennessee)
1751765400,Jul 06 2025 - 1:30am,incomplete,N/A,Real Salt Lake,St. Louis City,N/A,N/A,1.50,2.00,1.50,2.00,0,0,0,0,0,0,"","",-1,-1,-1,-1,-1,-1,-1,-1,-1,-1,-1,-1,-1,-1,-1,-1,-1,-1,-1,-1,1.41,0.97,0.00,0.00,2.25,25,75,50,25,0,25,75,50,75,7.50,6.00,0.00,0.00,0.00,0.00,0.00,0.00,0.00,0.00,0.00,America First Field (Sandy- Utah)
1751769000,Jul 06 2025 - 2:30am,incomplete,N/A,Portland Timbers,New England Revolution,N/A,N/A,1.33,0.50,1.33,0.50,0,0,0,0,0,0,"","",-1,-1,-1,-1,-1,-1,-1,-1,-1,-1,-1,-1,-1,-1,-1,-1,-1,-1,-1,-1,1.08,1.06,0.00,0.00,2.09,59,59,42,17,17,42,42,34,75,11.17,4.83,0.00,0.00,0.00,0.00,0.00,0.00,0.00,0.00,0.00,Providence Park (Portland- Oregon)
1751769000,Jul 06 2025 - 2:30am,incomplete,N/A,San Diego,Houston Dynamo,N/A,N/A,1.00,1.00,1.00,1.00,0,0,0,0,0,0,"","",-1,-1,-1,-1,-1,-1,-1,-1,-1,-1,-1,-1,-1,-1,-1,-1,-1,-1,-1,-1,1.55,0.61,0.00,0.00,0.50,25,25,0,0,0,0,25,0,25,13.00,6.00,0.00,0.00,0.00,0.00,0.00,0.00,0.00,0.00,0.00,Snapdragon Stadium (San Diego- California)
1751769000,Jul 06 2025 - 2:30am,incomplete,N/A,SJ Earthquakes,New York RB,N/A,N/A,1.00,0.50,1.00,0.50,0,0,0,0,0,0,"","",-1,-1,-1,-1,-1,-1,-1,-1,-1,-1,-1,-1,-1,-1,-1,-1,-1,-1,-1,-1,2.16,1.23,0.00,0.00,1.59,17,34,34,17,0,17,50,17,59,10.67,3.50,0.00,0.00,0.00,0.00,0.00,0.00,0.00,0.00,0.00,PayPal Park (San Jose- California)
1751835600,Jul 06 2025 - 9:00pm,incomplete,N/A,Seattle Sounders,Columbus Crew,N/A,N/A,2.00,2.00,2.00,2.00,0,0,0,0,0,0,"","",-1,-1,-1,-1,-1,-1,-1,-1,-1,-1,-1,-1,-1,-1,-1,-1,-1,-1,-1,-1,2.23,0.99,0.00,0.00,3.50,75,75,50,50,25,50,75,50,100,12.00,5.00,0.00,0.00,0.00,0.00,0.00,0.00,0.00,0.00,0.00,Lumen Field (Seattle- Washington)
1752103800,Jul 09 2025 - 11:30pm,incomplete,N/A,New England Revolution,Inter Miami,N/A,N/A,0.00,3.00,0.00,3.00,0,0,0,0,0,0,"","",-1,-1,-1,-1,-1,-1,-1,-1,-1,-1,-1,-1,-1,-1,-1,-1,-1,-1,-1,-1,0.97,1.60,0.00,0.00,2.75,50,75,50,25,25,50,50,50,100,7.00,6.00,0.00,0.00,0.00,0.00,0.00,0.00,0.00,0.00,0.00,Gillette Stadium (Foxborough- Massachusetts)
1752363000,Jul 12 2025 - 11:30pm,incomplete,N/A,Charlotte,New York City,N/A,N/A,3.00,0.50,3.00,0.50,0,0,0,0,0,0,"","",-1,-1,-1,-1,-1,-1,-1,-1,-1,-1,-1,-1,-1,-1,-1,-1,-1,-1,-1,-1,1.62,1.21,0.00,0.00,2.25,25,75,25,25,0,25,25,75,100,6.50,3.00,0.00,0.00,0.00,0.00,0.00,0.00,0.00,0.00,0.00,Bank of America Stadium (Charlotte- North Carolina)
1752363000,Jul 12 2025 - 11:30pm,incomplete,N/A,FC Cincinnati,Columbus Crew,N/A,N/A,3.00,2.00,3.00,2.00,0,0,0,0,0,0,"","",-1,-1,-1,-1,-1,-1,-1,-1,-1,-1,-1,-1,-1,-1,-1,-1,-1,-1,-1,-1,1.60,0.99,0.00,0.00,1.50,25,50,0,0,0,0,25,25,100,8.50,6.50,0.00,0.00,0.00,0.00,0.00,0.00,0.00,0.00,0.00,TQL Stadium (Cincinnati- Ohio)
1752363000,Jul 12 2025 - 11:30pm,incomplete,N/A,Inter Miami,Nashville SC,N/A,N/A,2.00,1.50,2.00,1.50,0,0,0,0,0,0,"","",-1,-1,-1,-1,-1,-1,-1,-1,-1,-1,-1,-1,-1,-1,-1,-1,-1,-1,-1,-1,1.15,1.26,0.00,0.00,2.75,50,75,50,50,0,75,75,25,75,8.00,7.00,0.00,0.00,0.00,0.00,0.00,0.00,0.00,0.00,0.00,Chase Stadium (Fort Lauderdale- Florida)
1752363000,Jul 12 2025 - 11:30pm,incomplete,N/A,Orlando City,Montreal Impact,N/A,N/A,1.50,0.25,1.50,0.25,0,0,0,0,0,0,"","",-1,-1,-1,-1,-1,-1,-1,-1,-1,-1,-1,-1,-1,-1,-1,-1,-1,-1,-1,-1,1.65,1.12,0.00,0.00,4.00,63,75,63,63,63,50,75,63,88,9.25,4.25,0.00,0.00,0.00,0.00,0.00,0.00,0.00,0.00,0.00,Inter&Co Stadium (Orlando- Florida)
1752363000,Jul 12 2025 - 11:30pm,incomplete,N/A,Philadelphia Union,New York RB,N/A,N/A,1.50,0.50,1.50,0.50,0,0,0,0,0,0,"","",-1,-1,-1,-1,-1,-1,-1,-1,-1,-1,-1,-1,-1,-1,-1,-1,-1,-1,-1,-1,1.48,1.23,0.00,0.00,2.50,50,50,50,50,25,50,50,25,75,9.00,3.50,0.00,0.00,0.00,0.00,0.00,0.00,0.00,0.00,0.00,Subaru Park (Chester- Pennsylvania)
1752363000,Jul 12 2025 - 11:30pm,incomplete,N/A,Toronto,Atlanta United FC,N/A,N/A,0.00,0.00,0.00,0.00,0,0,0,0,0,0,"","",-1,-1,-1,-1,-1,-1,-1,-1,-1,-1,-1,-1,-1,-1,-1,-1,-1,-1,-1,-1,0.90,1.68,0.00,0.00,2.50,50,100,50,0,0,50,50,50,50,10.00,2.00,0.00,0.00,0.00,0.00,0.00,0.00,0.00,0.00,0.00,BMO Field (Toronto- Ontario)
1752366600,Jul 13 2025 - 12:30am,incomplete,N/A,Austin,New England Revolution,N/A,N/A,1.50,0.50,1.50,0.50,0,0,0,0,0,0,"","",-1,-1,-1,-1,-1,-1,-1,-1,-1,-1,-1,-1,-1,-1,-1,-1,-1,-1,-1,-1,1.74,1.06,0.00,0.00,1.25,25,25,25,0,0,25,50,0,50,12.00,4.00,0.00,0.00,0.00,0.00,0.00,0.00,0.00,0.00,0.00,Q2 Stadium (Austin- Texas)
1752366600,Jul 13 2025 - 12:30am,incomplete,N/A,Chicago Fire,San Diego,N/A,N/A,1.00,3.00,1.00,3.00,0,0,0,0,0,0,"","",-1,-1,-1,-1,-1,-1,-1,-1,-1,-1,-1,-1,-1,-1,-1,-1,-1,-1,-1,-1,1.10,1.53,0.00,0.00,3.50,75,100,75,75,0,75,75,100,100,9.50,2.50,0.00,0.00,0.00,0.00,0.00,0.00,0.00,0.00,0.00,Soldier Field (Chicago- Illinois)
1752366600,Jul 13 2025 - 12:30am,incomplete,N/A,Sporting KC,Seattle Sounders,N/A,N/A,0.50,0.00,0.50,0.00,0,0,0,0,0,0,"","",-1,-1,-1,-1,-1,-1,-1,-1,-1,-1,-1,-1,-1,-1,-1,-1,-1,-1,-1,-1,1.70,1.35,0.00,0.00,3.00,50,75,50,25,25,50,100,25,50,11.50,5.00,0.00,0.00,0.00,0.00,0.00,0.00,0.00,0.00,0.00,Children's Mercy Park (Kansas City- Kansas)
1752366600,Jul 13 2025 - 12:30am,incomplete,N/A,Minnesota United,SJ Earthquakes,N/A,N/A,3.00,3.00,3.00,3.00,0,0,0,0,0,0,"","",-1,-1,-1,-1,-1,-1,-1,-1,-1,-1,-1,-1,-1,-1,-1,-1,-1,-1,-1,-1,1.42,0.88,0.00,0.00,2.00,50,50,50,0,0,50,50,0,50,4.00,3.00,0.00,0.00,0.00,0.00,0.00,0.00,0.00,0.00,0.00,Allianz Field (Saint Paul- Minnesota)
1752370200,Jul 13 2025 - 1:30am,incomplete,N/A,Colorado Rapids,Vancouver Whitecaps,N/A,N/A,1.00,3.00,1.00,3.00,0,0,0,0,0,0,"","",-1,-1,-1,-1,-1,-1,-1,-1,-1,-1,-1,-1,-1,-1,-1,-1,-1,-1,-1,-1,1.88,2.01,0.00,0.00,4.50,75,75,75,75,75,75,75,75,100,15.00,3.00,0.00,0.00,0.00,0.00,0.00,0.00,0.00,0.00,0.00,Dick's Sporting Goods Park (Commerce City- Colorado)
1752370200,Jul 13 2025 - 1:30am,incomplete,N/A,Real Salt Lake,Houston Dynamo,N/A,N/A,1.50,1.00,1.50,1.00,0,0,0,0,0,0,"","",-1,-1,-1,-1,-1,-1,-1,-1,-1,-1,-1,-1,-1,-1,-1,-1,-1,-1,-1,-1,1.41,0.61,0.00,0.00,1.50,25,50,25,25,0,25,50,25,50,7.50,6.50,0.00,0.00,0.00,0.00,0.00,0.00,0.00,0.00,0.00,America First Field (Sandy- Utah)
1752373800,Jul 13 2025 - 2:30am,incomplete,N/A,LA Galaxy,DC United,N/A,N/A,0.00,1.00,0.00,1.00,0,0,0,0,0,0,"","",-1,-1,-1,-1,-1,-1,-1,-1,-1,-1,-1,-1,-1,-1,-1,-1,-1,-1,-1,-1,1.70,1.80,0.00,0.00,3.25,50,100,75,50,0,50,75,100,100,15.00,3.50,0.00,0.00,0.00,0.00,0.00,0.00,0.00,0.00,0.00,Dignity Health Sports Park (Carson- California)
1752373800,Jul 13 2025 - 2:30am,incomplete,N/A,Los Angeles FC,FC Dallas,N/A,N/A,2.00,2.00,2.00,2.00,0,0,0,0,0,0,"","",-1,-1,-1,-1,-1,-1,-1,-1,-1,-1,-1,-1,-1,-1,-1,-1,-1,-1,-1,-1,1.48,1.36,0.00,0.00,2.75,50,50,50,25,25,25,67,50,84,7.00,3.17,0.00,0.00,0.00,0.00,0.00,0.00,0.00,0.00,0.00,BMO Stadium (Los Angeles- California)
1752447600,Jul 13 2025 - 11:00pm,incomplete,N/A,St. Louis City,Portland Timbers,N/A,N/A,2.00,0.00,2.00,0.00,0,0,0,0,0,0,"","",-1,-1,-1,-1,-1,-1,-1,-1,-1,-1,-1,-1,-1,-1,-1,-1,-1,-1,-1,-1,1.83,1.27,0.00,0.00,1.25,0,50,0,0,0,0,75,0,50,7.00,3.50,0.00,0.00,0.00,0.00,0.00,0.00,0.00,0.00,0.00,CITYPARK (St. Louis- Missouri)
1752708600,Jul 16 2025 - 11:30pm,incomplete,N/A,Atlanta United FC,Chicago Fire,N/A,N/A,1.33,2.00,1.33,2.00,0,0,0,0,0,0,"","",-1,-1,-1,-1,-1,-1,-1,-1,-1,-1,-1,-1,-1,-1,-1,-1,-1,-1,-1,-1,1.62,1.73,0.00,0.00,3.50,84,84,84,50,33,50,67,33,67,7.33,4.67,0.00,0.00,0.00,0.00,0.00,0.00,0.00,0.00,0.00,Mercedes-Benz Stadium (Atlanta- Georgia)
1752708600,Jul 16 2025 - 11:30pm,incomplete,N/A,Charlotte,DC United,N/A,N/A,3.00,1.00,3.00,1.00,0,0,0,0,0,0,"","",-1,-1,-1,-1,-1,-1,-1,-1,-1,-1,-1,-1,-1,-1,-1,-1,-1,-1,-1,-1,1.62,1.80,0.00,0.00,3.00,50,100,50,50,0,50,50,100,100,13.00,4.00,0.00,0.00,0.00,0.00,0.00,0.00,0.00,0.00,0.00,Bank of America Stadium (Charlotte- North Carolina)
1752708600,Jul 16 2025 - 11:30pm,incomplete,N/A,FC Cincinnati,Inter Miami,N/A,N/A,3.00,3.00,3.00,3.00,0,0,0,0,0,0,"","",-1,-1,-1,-1,-1,-1,-1,-1,-1,-1,-1,-1,-1,-1,-1,-1,-1,-1,-1,-1,1.60,1.60,0.00,0.00,2.75,50,75,50,25,25,50,50,50,100,9.00,6.00,0.00,0.00,0.00,0.00,0.00,0.00,0.00,0.00,0.00,TQL Stadium (Cincinnati- Ohio)
1752708600,Jul 16 2025 - 11:30pm,incomplete,N/A,New York RB,New England Revolution,N/A,N/A,2.00,0.50,2.00,0.50,0,0,0,0,0,0,"","",-1,-1,-1,-1,-1,-1,-1,-1,-1,-1,-1,-1,-1,-1,-1,-1,-1,-1,-1,-1,1.35,1.06,0.00,0.00,2.25,50,75,50,25,0,75,75,0,50,8.00,4.50,0.00,0.00,0.00,0.00,0.00,0.00,0.00,0.00,0.00,Sports Illustrated Stadium (Harrison- New Jersey)
1752708600,Jul 16 2025 - 11:30pm,incomplete,N/A,Orlando City,New York City,N/A,N/A,1.50,0.50,1.50,0.50,0,0,0,0,0,0,"","",-1,-1,-1,-1,-1,-1,-1,-1,-1,-1,-1,-1,-1,-1,-1,-1,-1,-1,-1,-1,1.65,1.21,0.00,0.00,4.25,75,75,75,75,50,75,75,75,100,8.00,3.50,0.00,0.00,0.00,0.00,0.00,0.00,0.00,0.00,0.00,Inter&Co Stadium (Orlando- Florida)
1752708600,Jul 16 2025 - 11:30pm,incomplete,N/A,Philadelphia Union,Montreal Impact,N/A,N/A,1.50,0.25,1.50,0.25,0,0,0,0,0,0,"","",-1,-1,-1,-1,-1,-1,-1,-1,-1,-1,-1,-1,-1,-1,-1,-1,-1,-1,-1,-1,1.48,1.12,0.00,0.00,3.25,63,75,63,63,38,50,75,38,88,11.75,4.75,0.00,0.00,0.00,0.00,0.00,0.00,0.00,0.00,0.00,Subaru Park (Chester- Pennsylvania)
1752712200,Jul 17 2025 - 12:30am,incomplete,N/A,Houston Dynamo,Vancouver Whitecaps,N/A,N/A,0.00,3.00,0.00,3.00,0,0,0,0,0,0,"","",-1,-1,-1,-1,-1,-1,-1,-1,-1,-1,-1,-1,-1,-1,-1,-1,-1,-1,-1,-1,1.45,2.01,0.00,0.00,3.34,75,75,75,42,42,59,75,59,84,11.67,4.00,0.00,0.00,0.00,0.00,0.00,0.00,0.00,0.00,0.00,Shell Energy Stadium (Houston- Texas)
1752712200,Jul 17 2025 - 12:30am,incomplete,N/A,Minnesota United,Los Angeles FC,N/A,N/A,3.00,0.00,3.00,0.00,0,0,0,0,0,0,"","",-1,-1,-1,-1,-1,-1,-1,-1,-1,-1,-1,-1,-1,-1,-1,-1,-1,-1,-1,-1,1.42,0.93,0.00,0.00,4.00,50,50,50,50,50,50,50,50,100,6.00,2.00,0.00,0.00,0.00,0.00,0.00,0.00,0.00,0.00,0.00,Allianz Field (Saint Paul- Minnesota)
1752712200,Jul 17 2025 - 12:30am,incomplete,N/A,Nashville SC,Columbus Crew,N/A,N/A,2.00,2.00,2.00,2.00,0,0,0,0,0,0,"","",-1,-1,-1,-1,-1,-1,-1,-1,-1,-1,-1,-1,-1,-1,-1,-1,-1,-1,-1,-1,1.96,0.99,0.00,0.00,1.25,25,50,0,0,0,0,50,0,75,10.50,5.00,0.00,0.00,0.00,0.00,0.00,0.00,0.00,0.00,0.00,GEODIS Park (Nashville- Tennessee)
1752715800,Jul 17 2025 - 1:30am,incomplete,N/A,Seattle Sounders,Colorado Rapids,N/A,N/A,2.00,2.33,2.00,2.33,0,0,0,0,0,0,"","",-1,-1,-1,-1,-1,-1,-1,-1,-1,-1,-1,-1,-1,-1,-1,-1,-1,-1,-1,-1,2.23,0.92,0.00,0.00,3.42,67,67,67,50,25,67,84,50,67,10.67,2.17,0.00,0.00,0.00,0.00,0.00,0.00,0.00,0.00,0.00,Lumen Field (Seattle- Washington)
1752719400,Jul 17 2025 - 2:30am,incomplete,N/A,LA Galaxy,Austin,N/A,N/A,0.00,1.50,0.00,1.50,0,0,0,0,0,0,"","",-1,-1,-1,-1,-1,-1,-1,-1,-1,-1,-1,-1,-1,-1,-1,-1,-1,-1,-1,-1,1.70,1.25,0.00,0.00,1.75,0,50,25,0,0,0,50,50,75,10.00,3.50,0.00,0.00,0.00,0.00,0.00,0.00,0.00,0.00,0.00,Dignity Health Sports Park (Carson- California)
1752719400,Jul 17 2025 - 2:30am,incomplete,N/A,Portland Timbers,Real Salt Lake,N/A,N/A,1.33,1.50,1.33,1.50,0,0,0,0,0,0,"","",-1,-1,-1,-1,-1,-1,-1,-1,-1,-1,-1,-1,-1,-1,-1,-1,-1,-1,-1,-1,1.08,1.79,0.00,0.00,3.09,59,84,67,42,17,42,67,59,75,7.67,4.83,0.00,0.00,0.00,0.00,0.00,0.00,0.00,0.00,0.00,Providence Park (Portland- Oregon)
1752719400,Jul 17 2025 - 2:30am,incomplete,N/A,San Diego,Toronto,N/A,N/A,1.00,0.33,1.00,0.33,0,0,0,0,0,0,"","",-1,-1,-1,-1,-1,-1,-1,-1,-1,-1,-1,-1,-1,-1,-1,-1,-1,-1,-1,-1,1.55,1.26,0.00,0.00,2.50,59,75,34,34,17,34,59,34,75,13.33,3.33,0.00,0.00,0.00,0.00,0.00,0.00,0.00,0.00,0.00,Snapdragon Stadium (San Diego- California)
1752719400,Jul 17 2025 - 2:30am,incomplete,N/A,SJ Earthquakes,FC Dallas,N/A,N/A,1.00,2.00,1.00,2.00,0,0,0,0,0,0,"","",-1,-1,-1,-1,-1,-1,-1,-1,-1,-1,-1,-1,-1,-1,-1,-1,-1,-1,-1,-1,2.16,1.36,0.00,0.00,3.59,67,84,84,42,25,42,100,67,84,10.67,4.50,0.00,0.00,0.00,0.00,0.00,0.00,0.00,0.00,0.00,PayPal Park (San Jose- California)
1752967800,Jul 19 2025 - 11:30pm,incomplete,N/A,Atlanta United FC,Charlotte,N/A,N/A,1.33,0.50,1.33,0.50,0,0,0,0,0,0,"","",-1,-1,-1,-1,-1,-1,-1,-1,-1,-1,-1,-1,-1,-1,-1,-1,-1,-1,-1,-1,1.62,1.16,0.00,0.00,2.59,59,59,59,42,17,42,59,42,84,13.50,3.67,0.00,0.00,0.00,0.00,0.00,0.00,0.00,0.00,0.00,Mercedes-Benz Stadium (Atlanta- Georgia)
1752967800,Jul 19 2025 - 11:30pm,incomplete,N/A,Columbus Crew,DC United,N/A,N/A,2.00,1.00,2.00,1.00,0,0,0,0,0,0,"","",-1,-1,-1,-1,-1,-1,-1,-1,-1,-1,-1,-1,-1,-1,-1,-1,-1,-1,-1,-1,1.71,1.80,0.00,0.00,3.50,75,75,75,75,25,75,75,50,75,15.00,4.00,0.00,0.00,0.00,0.00,0.00,0.00,0.00,0.00,0.00,Lower.com Field (Columbus- Ohio)
1752967800,Jul 19 2025 - 11:30pm,incomplete,N/A,Montreal Impact,Chicago Fire,N/A,N/A,0.00,2.00,0.00,2.00,0,0,0,0,0,0,"","",-1,-1,-1,-1,-1,-1,-1,-1,-1,-1,-1,-1,-1,-1,-1,-1,-1,-1,-1,-1,0.00,1.73,0.00,0.00,2.17,50,50,50,34,17,34,34,17,34,2.33,2.00,0.00,0.00,0.00,0.00,0.00,0.00,0.00,0.00,0.00,Stade Saputo (Montreal- Quebec)
1752967800,Jul 19 2025 - 11:30pm,incomplete,N/A,New England Revolution,Orlando City,N/A,N/A,0.00,0.50,0.00,0.50,0,0,0,0,0,0,"","",-1,-1,-1,-1,-1,-1,-1,-1,-1,-1,-1,-1,-1,-1,-1,-1,-1,-1,-1,-1,0.97,1.34,0.00,0.00,2.50,50,75,50,25,0,25,25,50,100,7.50,3.50,0.00,0.00,0.00,0.00,0.00,0.00,0.00,0.00,0.00,Gillette Stadium (Foxborough- Massachusetts)
1752967800,Jul 19 2025 - 11:30pm,incomplete,N/A,New York RB,Inter Miami,N/A,N/A,2.00,3.00,2.00,3.00,0,0,0,0,0,0,"","",-1,-1,-1,-1,-1,-1,-1,-1,-1,-1,-1,-1,-1,-1,-1,-1,-1,-1,-1,-1,1.35,1.60,0.00,0.00,3.50,75,100,75,50,25,100,100,25,75,6.00,7.00,0.00,0.00,0.00,0.00,0.00,0.00,0.00,0.00,0.00,Sports Illustrated Stadium (Harrison- New Jersey)
1752971400,Jul 20 2025 - 12:30am,incomplete,N/A,FC Dallas,St. Louis City,N/A,N/A,0.00,2.00,0.00,2.00,0,0,0,0,0,0,"","",-1,-1,-1,-1,-1,-1,-1,-1,-1,-1,-1,-1,-1,-1,-1,-1,-1,-1,-1,-1,1.35,0.97,0.00,0.00,2.00,25,50,50,25,0,0,25,50,75,8.00,4.50,0.00,0.00,0.00,0.00,0.00,0.00,0.00,0.00,0.00,Toyota Stadium (Frisco- Texas)
1752971400,Jul 20 2025 - 12:30am,incomplete,N/A,Houston Dynamo,Philadelphia Union,N/A,N/A,0.00,3.00,0.00,3.00,0,0,0,0,0,0,"","",-1,-1,-1,-1,-1,-1,-1,-1,-1,-1,-1,-1,-1,-1,-1,-1,-1,-1,-1,-1,1.45,1.73,0.00,0.00,3.84,75,100,75,42,42,59,75,84,84,9.17,4.50,0.00,0.00,0.00,0.00,0.00,0.00,0.00,0.00,0.00,Shell Energy Stadium (Houston- Texas)
1752971400,Jul 20 2025 - 12:30am,incomplete,N/A,Sporting KC,New York City,N/A,N/A,0.50,0.50,0.50,0.50,0,0,0,0,0,0,"","",-1,-1,-1,-1,-1,-1,-1,-1,-1,-1,-1,-1,-1,-1,-1,-1,-1,-1,-1,-1,1.70,1.21,0.00,0.00,3.50,75,75,75,50,25,75,75,50,75,9.50,4.50,0.00,0.00,0.00,0.00,0.00,0.00,0.00,0.00,0.00,Children's Mercy Park (Kansas City- Kansas)
1752971400,Jul 20 2025 - 12:30am,incomplete,N/A,Nashville SC,Toronto,N/A,N/A,2.00,0.33,2.00,0.33,0,0,0,0,0,0,"","",-1,-1,-1,-1,-1,-1,-1,-1,-1,-1,-1,-1,-1,-1,-1,-1,-1,-1,-1,-1,1.96,1.26,0.00,0.00,2.50,34,75,34,34,17,34,59,34,75,10.83,1.83,0.00,0.00,0.00,0.00,0.00,0.00,0.00,0.00,0.00,GEODIS Park (Nashville- Tennessee)
1752971400,Jul 20 2025 - 12:30am,incomplete,N/A,Seattle Sounders,SJ Earthquakes,N/A,N/A,2.00,3.00,2.00,3.00,0,0,0,0,0,0,"","",-1,-1,-1,-1,-1,-1,-1,-1,-1,-1,-1,-1,-1,-1,-1,-1,-1,-1,-1,-1,2.23,0.88,0.00,0.00,4.25,100,100,100,50,25,100,100,50,50,10.00,2.50,0.00,0.00,0.00,0.00,0.00,0.00,0.00,0.00,0.00,Lumen Field (Seattle- Washington)
1752975000,Jul 20 2025 - 1:30am,incomplete,N/A,Real Salt Lake,FC Cincinnati,N/A,N/A,1.50,0.00,1.50,0.00,0,0,0,0,0,0,"","",-1,-1,-1,-1,-1,-1,-1,-1,-1,-1,-1,-1,-1,-1,-1,-1,-1,-1,-1,-1,1.41,1.35,0.00,0.00,3.25,50,100,50,50,25,50,75,75,100,7.50,4.50,0.00,0.00,0.00,0.00,0.00,0.00,0.00,0.00,0.00,America First Field (Sandy- Utah)
1752978600,Jul 20 2025 - 2:30am,incomplete,N/A,Los Angeles FC,LA Galaxy,N/A,N/A,2.00,0.50,2.00,0.50,0,0,0,0,0,0,"","",-1,-1,-1,-1,-1,-1,-1,-1,-1,-1,-1,-1,-1,-1,-1,-1,-1,-1,-1,-1,1.48,1.21,0.00,0.00,1.75,50,50,25,0,0,25,42,25,84,9.50,2.67,0.00,0.00,0.00,0.00,0.00,0.00,0.00,0.00,0.00,BMO Stadium (Los Angeles- California)
1752978600,Jul 20 2025 - 2:30am,incomplete,N/A,Portland Timbers,Minnesota United,N/A,N/A,1.33,1.33,1.33,1.33,0,0,0,0,0,0,"","",-1,-1,-1,-1,-1,-1,-1,-1,-1,-1,-1,-1,-1,-1,-1,-1,-1,-1,-1,-1,1.08,1.49,0.00,0.00,2.67,50,50,33,33,33,33,50,50,84,8.67,4.66,0.00,0.00,0.00,0.00,0.00,0.00,0.00,0.00,0.00,Providence Park (Portland- Oregon)
1752978600,Jul 20 2025 - 2:30am,incomplete,N/A,San Diego,Vancouver Whitecaps,N/A,N/A,1.00,3.00,1.00,3.00,0,0,0,0,0,0,"","",-1,-1,-1,-1,-1,-1,-1,-1,-1,-1,-1,-1,-1,-1,-1,-1,-1,-1,-1,-1,1.55,2.01,0.00,0.00,2.00,50,50,25,25,25,25,50,25,75,18.00,4.00,0.00,0.00,0.00,0.00,0.00,0.00,0.00,0.00,0.00,Snapdragon Stadium (San Diego- California)
1753486200,Jul 25 2025 - 11:30pm,incomplete,N/A,Columbus Crew,Orlando City,N/A,N/A,2.00,0.50,2.00,0.50,0,0,0,0,0,0,"","",-1,-1,-1,-1,-1,-1,-1,-1,-1,-1,-1,-1,-1,-1,-1,-1,-1,-1,-1,-1,1.71,1.34,0.00,0.00,3.25,75,75,75,50,25,50,50,25,75,10.00,2.50,0.00,0.00,0.00,0.00,0.00,0.00,0.00,0.00,0.00,Lower.com Field (Columbus- Ohio)
1753486200,Jul 25 2025 - 11:30pm,incomplete,N/A,New England Revolution,Montreal Impact,N/A,N/A,0.00,0.25,0.00,0.25,0,0,0,0,0,0,"","",-1,-1,-1,-1,-1,-1,-1,-1,-1,-1,-1,-1,-1,-1,-1,-1,-1,-1,-1,-1,0.97,1.12,0.00,0.00,1.75,13,50,13,13,13,0,25,38,88,7.25,4.75,0.00,0.00,0.00,0.00,0.00,0.00,0.00,0.00,0.00,Gillette Stadium (Foxborough- Massachusetts)
1753489800,Jul 26 2025 - 12:30am,incomplete,N/A,FC Dallas,New York City,N/A,N/A,0.00,0.50,0.00,0.50,0,0,0,0,0,0,"","",-1,-1,-1,-1,-1,-1,-1,-1,-1,-1,-1,-1,-1,-1,-1,-1,-1,-1,-1,-1,1.35,1.21,0.00,0.00,2.50,50,50,50,50,0,25,25,50,100,7.50,3.00,0.00,0.00,0.00,0.00,0.00,0.00,0.00,0.00,0.00,Toyota Stadium (Frisco- Texas)
1753489800,Jul 26 2025 - 12:30am,incomplete,N/A,Houston Dynamo,LA Galaxy,N/A,N/A,0.00,0.50,0.00,0.50,0,0,0,0,0,0,"","",-1,-1,-1,-1,-1,-1,-1,-1,-1,-1,-1,-1,-1,-1,-1,-1,-1,-1,-1,-1,1.45,1.21,0.00,0.00,3.09,100,100,75,17,17,59,75,59,84,7.17,4.00,0.00,0.00,0.00,0.00,0.00,0.00,0.00,0.00,0.00,Shell Energy Stadium (Houston- Texas)
1753497000,Jul 26 2025 - 2:30am,incomplete,N/A,Los Angeles FC,Portland Timbers,N/A,N/A,2.00,0.00,2.00,0.00,0,0,0,0,0,0,"","",-1,-1,-1,-1,-1,-1,-1,-1,-1,-1,-1,-1,-1,-1,-1,-1,-1,-1,-1,-1,1.48,1.27,0.00,0.00,1.50,0,50,0,0,0,0,67,0,84,7.00,2.67,0.00,0.00,0.00,0.00,0.00,0.00,0.00,0.00,0.00,BMO Stadium (Los Angeles- California)
1753497000,Jul 26 2025 - 2:30am,incomplete,N/A,San Diego,Nashville SC,N/A,N/A,1.00,1.50,1.00,1.50,0,0,0,0,0,0,"","",-1,-1,-1,-1,-1,-1,-1,-1,-1,-1,-1,-1,-1,-1,-1,-1,-1,-1,-1,-1,1.55,1.26,0.00,0.00,2.00,50,75,25,25,0,50,75,0,50,12.50,4.00,0.00,0.00,0.00,0.00,0.00,0.00,0.00,0.00,0.00,Snapdragon Stadium (San Diego- California)
1753570800,Jul 26 2025 - 11:00pm,incomplete,N/A,Inter Miami,FC Cincinnati,N/A,N/A,2.00,0.00,2.00,0.00,0,0,0,0,0,0,"","",-1,-1,-1,-1,-1,-1,-1,-1,-1,-1,-1,-1,-1,-1,-1,-1,-1,-1,-1,-1,1.15,1.35,0.00,0.00,3.00,50,75,50,50,25,50,50,75,100,8.50,7.00,0.00,0.00,0.00,0.00,0.00,0.00,0.00,0.00,0.00,Chase Stadium (Fort Lauderdale- Florida)
1753572600,Jul 26 2025 - 11:30pm,incomplete,N/A,Atlanta United FC,Seattle Sounders,N/A,N/A,1.33,0.00,1.33,0.00,0,0,0,0,0,0,"","",-1,-1,-1,-1,-1,-1,-1,-1,-1,-1,-1,-1,-1,-1,-1,-1,-1,-1,-1,-1,1.62,1.35,0.00,0.00,2.09,34,59,34,17,17,17,84,17,59,10.50,5.17,0.00,0.00,0.00,0.00,0.00,0.00,0.00,0.00,0.00,Mercedes-Benz Stadium (Atlanta- Georgia)
1753572600,Jul 26 2025 - 11:30pm,incomplete,N/A,Charlotte,Toronto,N/A,N/A,3.00,0.33,3.00,0.33,0,0,0,0,0,0,"","",-1,-1,-1,-1,-1,-1,-1,-1,-1,-1,-1,-1,-1,-1,-1,-1,-1,-1,-1,-1,1.62,1.26,0.00,0.00,3.00,34,100,34,34,17,34,34,84,100,7.33,2.33,0.00,0.00,0.00,0.00,0.00,0.00,0.00,0.00,0.00,Bank of America Stadium (Charlotte- North Carolina)
1753572600,Jul 26 2025 - 11:30pm,incomplete,N/A,DC United,Austin,N/A,N/A,1.67,1.50,1.67,1.50,0,0,0,0,0,0,"","",-1,-1,-1,-1,-1,-1,-1,-1,-1,-1,-1,-1,-1,-1,-1,-1,-1,-1,-1,-1,1.60,1.25,0.00,0.00,1.67,34,34,34,17,0,17,42,17,59,9.67,6.67,0.00,0.00,0.00,0.00,0.00,0.00,0.00,0.00,0.00,Audi Field (Washington- District of Columbia)
1753572600,Jul 26 2025 - 11:30pm,incomplete,N/A,Philadelphia Union,Colorado Rapids,N/A,N/A,1.50,2.33,1.50,2.33,0,0,0,0,0,0,"","",-1,-1,-1,-1,-1,-1,-1,-1,-1,-1,-1,-1,-1,-1,-1,-1,-1,-1,-1,-1,1.48,0.92,0.00,0.00,2.92,67,67,67,50,25,67,84,25,67,9.67,3.67,0.00,0.00,0.00,0.00,0.00,0.00,0.00,0.00,0.00,Subaru Park (Chester- Pennsylvania)
1753576200,Jul 27 2025 - 12:30am,incomplete,N/A,Chicago Fire,New York RB,N/A,N/A,1.00,0.50,1.00,0.50,0,0,0,0,0,0,"","",-1,-1,-1,-1,-1,-1,-1,-1,-1,-1,-1,-1,-1,-1,-1,-1,-1,-1,-1,-1,1.10,1.23,0.00,0.00,2.25,50,50,50,50,0,50,50,50,75,7.00,2.50,0.00,0.00,0.00,0.00,0.00,0.00,0.00,0.00,0.00,Soldier Field (Chicago- Illinois)
1753576200,Jul 27 2025 - 12:30am,incomplete,N/A,St. Louis City,Minnesota United,N/A,N/A,2.00,1.33,2.00,1.33,0,0,0,0,0,0,"","",-1,-1,-1,-1,-1,-1,-1,-1,-1,-1,-1,-1,-1,-1,-1,-1,-1,-1,-1,-1,1.83,1.49,0.00,0.00,1.59,17,17,17,17,17,17,59,17,34,9.00,2.83,0.00,0.00,0.00,0.00,0.00,0.00,0.00,0.00,0.00,CITYPARK (St. Louis- Missouri)
1753579800,Jul 27 2025 - 1:30am,incomplete,N/A,Real Salt Lake,SJ Earthquakes,N/A,N/A,1.50,3.00,1.50,3.00,0,0,0,0,0,0,"","",-1,-1,-1,-1,-1,-1,-1,-1,-1,-1,-1,-1,-1,-1,-1,-1,-1,-1,-1,-1,1.41,0.88,0.00,0.00,3.00,75,100,75,25,0,75,100,25,50,5.50,4.50,0.00,0.00,0.00,0.00,0.00,0.00,0.00,0.00,0.00,America First Field (Sandy- Utah)
1753583400,Jul 27 2025 - 2:30am,incomplete,N/A,Vancouver Whitecaps,Sporting KC,N/A,N/A,3.00,0.00,3.00,0.00,0,0,0,0,0,0,"","",-1,-1,-1,-1,-1,-1,-1,-1,-1,-1,-1,-1,-1,-1,-1,-1,-1,-1,-1,-1,1.88,0.91,0.00,0.00,2.25,50,75,50,0,0,25,50,25,100,8.00,6.00,0.00,0.00,0.00,0.00,0.00,0.00,0.00,0.00,0.00,BC Place (Vancouver- British Columbia)
1754782200,Aug 09 2025 - 11:30pm,incomplete,N/A,Montreal Impact,Atlanta United FC,N/A,N/A,0.00,0.00,0.00,0.00,0,0,0,0,0,0,"","",-1,-1,-1,-1,-1,-1,-1,-1,-1,-1,-1,-1,-1,-1,-1,-1,-1,-1,-1,-1,0.00,1.68,0.00,0.00,1.00,0,50,0,0,0,0,0,50,50,5.00,2.00,0.00,0.00,0.00,0.00,0.00,0.00,0.00,0.00,0.00,Stade Saputo (Montreal- Quebec)
1754782200,Aug 09 2025 - 11:30pm,incomplete,N/A,New England Revolution,DC United,N/A,N/A,0.00,1.00,0.00,1.00,0,0,0,0,0,0,"","",-1,-1,-1,-1,-1,-1,-1,-1,-1,-1,-1,-1,-1,-1,-1,-1,-1,-1,-1,-1,0.97,1.80,0.00,0.00,2.75,50,75,50,50,0,50,50,75,100,12.50,5.00,0.00,0.00,0.00,0.00,0.00,0.00,0.00,0.00,0.00,Gillette Stadium (Foxborough- Massachusetts)
1754782200,Aug 09 2025 - 11:30pm,incomplete,N/A,New York City,Columbus Crew,N/A,N/A,3.00,2.00,3.00,2.00,0,0,0,0,0,0,"","",-1,-1,-1,-1,-1,-1,-1,-1,-1,-1,-1,-1,-1,-1,-1,-1,-1,-1,-1,-1,1.61,0.99,0.00,0.00,2.25,75,75,50,0,0,25,50,25,100,11.00,7.00,0.00,0.00,0.00,0.00,0.00,0.00,0.00,0.00,0.00,Citi Field (New York- New York)
1754782200,Aug 09 2025 - 11:30pm,incomplete,N/A,Philadelphia Union,Toronto,N/A,N/A,1.50,0.33,1.50,0.33,0,0,0,0,0,0,"","",-1,-1,-1,-1,-1,-1,-1,-1,-1,-1,-1,-1,-1,-1,-1,-1,-1,-1,-1,-1,1.48,1.26,0.00,0.00,4.25,84,100,84,84,42,84,84,59,100,11.33,3.33,0.00,0.00,0.00,0.00,0.00,0.00,0.00,0.00,0.00,Subaru Park (Chester- Pennsylvania)
1754785800,Aug 10 2025 - 12:30am,incomplete,N/A,Austin,Houston Dynamo,N/A,N/A,1.50,1.00,1.50,1.00,0,0,0,0,0,0,"","",-1,-1,-1,-1,-1,-1,-1,-1,-1,-1,-1,-1,-1,-1,-1,-1,-1,-1,-1,-1,1.74,0.61,0.00,0.00,0.50,0,0,0,0,0,0,25,0,25,9.50,6.50,0.00,0.00,0.00,0.00,0.00,0.00,0.00,0.00,0.00,Q2 Stadium (Austin- Texas)
1754785800,Aug 10 2025 - 12:30am,incomplete,N/A,Chicago Fire,Los Angeles FC,N/A,N/A,1.00,0.00,1.00,0.00,0,0,0,0,0,0,"","",-1,-1,-1,-1,-1,-1,-1,-1,-1,-1,-1,-1,-1,-1,-1,-1,-1,-1,-1,-1,1.10,0.93,0.00,0.00,5.50,100,100,100,100,50,100,100,100,100,9.00,2.00,0.00,0.00,0.00,0.00,0.00,0.00,0.00,0.00,0.00,Soldier Field (Chicago- Illinois)
1754785800,Aug 10 2025 - 12:30am,incomplete,N/A,FC Dallas,Portland Timbers,N/A,N/A,0.00,0.00,0.00,0.00,0,0,0,0,0,0,"","",-1,-1,-1,-1,-1,-1,-1,-1,-1,-1,-1,-1,-1,-1,-1,-1,-1,-1,-1,-1,1.35,1.27,0.00,0.00,2.25,25,75,25,25,0,0,50,25,100,6.00,3.00,0.00,0.00,0.00,0.00,0.00,0.00,0.00,0.00,0.00,Toyota Stadium (Frisco- Texas)
1754785800,Aug 10 2025 - 12:30am,incomplete,N/A,Sporting KC,San Diego,N/A,N/A,0.50,3.00,0.50,3.00,0,0,0,0,0,0,"","",-1,-1,-1,-1,-1,-1,-1,-1,-1,-1,-1,-1,-1,-1,-1,-1,-1,-1,-1,-1,1.70,1.53,0.00,0.00,3.75,75,100,75,50,25,75,75,75,75,10.50,4.00,0.00,0.00,0.00,0.00,0.00,0.00,0.00,0.00,0.00,Children's Mercy Park (Kansas City- Kansas)
1754785800,Aug 10 2025 - 12:30am,incomplete,N/A,St. Louis City,Nashville SC,N/A,N/A,2.00,1.50,2.00,1.50,0,0,0,0,0,0,"","",-1,-1,-1,-1,-1,-1,-1,-1,-1,-1,-1,-1,-1,-1,-1,-1,-1,-1,-1,-1,1.83,1.26,0.00,0.00,1.75,25,50,25,25,0,50,75,0,25,8.50,3.50,0.00,0.00,0.00,0.00,0.00,0.00,0.00,0.00,0.00,CITYPARK (St. Louis- Missouri)
1754793000,Aug 10 2025 - 2:30am,incomplete,N/A,SJ Earthquakes,Vancouver Whitecaps,N/A,N/A,1.00,3.00,1.00,3.00,0,0,0,0,0,0,"","",-1,-1,-1,-1,-1,-1,-1,-1,-1,-1,-1,-1,-1,-1,-1,-1,-1,-1,-1,-1,2.16,2.01,0.00,0.00,2.84,42,59,59,42,25,42,75,42,84,17.67,4.00,0.00,0.00,0.00,0.00,0.00,0.00,0.00,0.00,0.00,PayPal Park (San Jose- California)
1754863200,Aug 10 2025 - 10:00pm,incomplete,N/A,FC Cincinnati,Charlotte,N/A,N/A,3.00,0.50,3.00,0.50,0,0,0,0,0,0,"","",-1,-1,-1,-1,-1,-1,-1,-1,-1,-1,-1,-1,-1,-1,-1,-1,-1,-1,-1,-1,1.60,1.16,0.00,0.00,2.00,25,50,25,25,0,25,25,50,100,13.00,3.00,0.00,0.00,0.00,0.00,0.00,0.00,0.00,0.00,0.00,TQL Stadium (Cincinnati- Ohio)
1754863200,Aug 10 2025 - 10:00pm,incomplete,N/A,Minnesota United,Colorado Rapids,N/A,N/A,3.00,2.33,3.00,2.33,0,0,0,0,0,0,"","",-1,-1,-1,-1,-1,-1,-1,-1,-1,-1,-1,-1,-1,-1,-1,-1,-1,-1,-1,-1,1.42,0.92,0.00,0.00,1.17,17,17,17,0,0,17,34,0,67,4.67,2.67,0.00,0.00,0.00,0.00,0.00,0.00,0.00,0.00,0.00,Allianz Field (Saint Paul- Minnesota)
1754863200,Aug 10 2025 - 10:00pm,incomplete,N/A,New York RB,Real Salt Lake,N/A,N/A,2.00,1.50,2.00,1.50,0,0,0,0,0,0,"","",-1,-1,-1,-1,-1,-1,-1,-1,-1,-1,-1,-1,-1,-1,-1,-1,-1,-1,-1,-1,1.35,1.79,0.00,0.00,3.25,50,100,75,50,0,75,100,25,50,4.50,4.50,0.00,0.00,0.00,0.00,0.00,0.00,0.00,0.00,0.00,Sports Illustrated Stadium (Harrison- New Jersey)
1754870400,Aug 11 2025 - 12:00am,incomplete,N/A,Orlando City,Inter Miami,N/A,N/A,1.50,3.00,1.50,3.00,0,0,0,0,0,0,"","",-1,-1,-1,-1,-1,-1,-1,-1,-1,-1,-1,-1,-1,-1,-1,-1,-1,-1,-1,-1,1.65,1.60,0.00,0.00,5.00,100,100,100,75,75,100,100,75,100,9.00,5.50,0.00,0.00,0.00,0.00,0.00,0.00,0.00,0.00,0.00,Inter&Co Stadium (Orlando- Florida)
1754877600,Aug 11 2025 - 2:00am,incomplete,N/A,LA Galaxy,Seattle Sounders,N/A,N/A,0.00,0.00,0.00,0.00,0,0,0,0,0,0,"","",-1,-1,-1,-1,-1,-1,-1,-1,-1,-1,-1,-1,-1,-1,-1,-1,-1,-1,-1,-1,1.70,1.35,0.00,0.00,2.00,0,75,25,0,0,0,75,50,75,10.50,3.00,0.00,0.00,0.00,0.00,0.00,0.00,0.00,0.00,0.00,Dignity Health Sports Park (Carson- California)
1755387000,Aug 16 2025 - 11:30pm,incomplete,N/A,Charlotte,Real Salt Lake,N/A,N/A,3.00,1.50,3.00,1.50,0,0,0,0,0,0,"","",-1,-1,-1,-1,-1,-1,-1,-1,-1,-1,-1,-1,-1,-1,-1,-1,-1,-1,-1,-1,1.62,1.79,0.00,0.00,2.75,25,100,50,25,0,25,50,75,75,6.00,2.50,0.00,0.00,0.00,0.00,0.00,0.00,0.00,0.00,0.00,Bank of America Stadium (Charlotte- North Carolina)
1755387000,Aug 16 2025 - 11:30pm,incomplete,N/A,Inter Miami,LA Galaxy,N/A,N/A,2.00,0.50,2.00,0.50,0,0,0,0,0,0,"","",-1,-1,-1,-1,-1,-1,-1,-1,-1,-1,-1,-1,-1,-1,-1,-1,-1,-1,-1,-1,1.15,1.21,0.00,0.00,2.50,75,75,50,25,0,50,50,50,100,9.00,7.00,0.00,0.00,0.00,0.00,0.00,0.00,0.00,0.00,0.00,Chase Stadium (Fort Lauderdale- Florida)
1755387000,Aug 16 2025 - 11:30pm,incomplete,N/A,Montreal Impact,DC United,N/A,N/A,0.00,1.00,0.00,1.00,0,0,0,0,0,0,"","",-1,-1,-1,-1,-1,-1,-1,-1,-1,-1,-1,-1,-1,-1,-1,-1,-1,-1,-1,-1,0.00,1.80,0.00,0.00,2.00,50,50,50,50,0,50,50,50,50,10.00,3.00,0.00,0.00,0.00,0.00,0.00,0.00,0.00,0.00,0.00,Stade Saputo (Montreal- Quebec)
1755387000,Aug 16 2025 - 11:30pm,incomplete,N/A,New England Revolution,Los Angeles FC,N/A,N/A,0.00,0.00,0.00,0.00,0,0,0,0,0,0,"","",-1,-1,-1,-1,-1,-1,-1,-1,-1,-1,-1,-1,-1,-1,-1,-1,-1,-1,-1,-1,0.97,0.93,0.00,0.00,4.25,50,75,50,50,50,50,50,75,100,6.50,3.00,0.00,0.00,0.00,0.00,0.00,0.00,0.00,0.00,0.00,Gillette Stadium (Foxborough- Massachusetts)
1755387000,Aug 16 2025 - 11:30pm,incomplete,N/A,New York RB,Philadelphia Union,N/A,N/A,2.00,3.00,2.00,3.00,0,0,0,0,0,0,"","",-1,-1,-1,-1,-1,-1,-1,-1,-1,-1,-1,-1,-1,-1,-1,-1,-1,-1,-1,-1,1.35,1.73,0.00,0.00,3.50,50,100,50,50,25,75,75,50,75,8.00,5.50,0.00,0.00,0.00,0.00,0.00,0.00,0.00,0.00,0.00,Sports Illustrated Stadium (Harrison- New Jersey)
1755387000,Aug 16 2025 - 11:30pm,incomplete,N/A,Orlando City,Sporting KC,N/A,N/A,1.50,0.00,1.50,0.00,0,0,0,0,0,0,"","",-1,-1,-1,-1,-1,-1,-1,-1,-1,-1,-1,-1,-1,-1,-1,-1,-1,-1,-1,-1,1.65,0.91,0.00,0.00,4.00,75,75,75,50,50,50,50,75,100,5.50,5.50,0.00,0.00,0.00,0.00,0.00,0.00,0.00,0.00,0.00,Inter&Co Stadium (Orlando- Florida)
1755387000,Aug 16 2025 - 11:30pm,incomplete,N/A,Toronto,Columbus Crew,N/A,N/A,0.00,2.00,0.00,2.00,0,0,0,0,0,0,"","",-1,-1,-1,-1,-1,-1,-1,-1,-1,-1,-1,-1,-1,-1,-1,-1,-1,-1,-1,-1,0.90,0.99,0.00,0.00,2.25,75,75,50,0,0,50,75,0,50,9.00,4.50,0.00,0.00,0.00,0.00,0.00,0.00,0.00,0.00,0.00,BMO Field (Toronto- Ontario)
1755390600,Aug 17 2025 - 12:30am,incomplete,N/A,Austin,FC Dallas,N/A,N/A,1.50,2.00,1.50,2.00,0,0,0,0,0,0,"","",-1,-1,-1,-1,-1,-1,-1,-1,-1,-1,-1,-1,-1,-1,-1,-1,-1,-1,-1,-1,1.74,1.36,0.00,0.00,2.75,50,50,50,25,25,25,75,50,75,7.50,5.00,0.00,0.00,0.00,0.00,0.00,0.00,0.00,0.00,0.00,Q2 Stadium (Austin- Texas)
1755390600,Aug 17 2025 - 12:30am,incomplete,N/A,Chicago Fire,St. Louis City,N/A,N/A,1.00,2.00,1.00,2.00,0,0,0,0,0,0,"","",-1,-1,-1,-1,-1,-1,-1,-1,-1,-1,-1,-1,-1,-1,-1,-1,-1,-1,-1,-1,1.10,0.97,0.00,0.00,2.75,50,75,75,50,0,50,75,75,75,9.00,4.50,0.00,0.00,0.00,0.00,0.00,0.00,0.00,0.00,0.00,Soldier Field (Chicago- Illinois)
1755390600,Aug 17 2025 - 12:30am,incomplete,N/A,Minnesota United,Seattle Sounders,N/A,N/A,3.00,0.00,3.00,0.00,0,0,0,0,0,0,"","",-1,-1,-1,-1,-1,-1,-1,-1,-1,-1,-1,-1,-1,-1,-1,-1,-1,-1,-1,-1,1.42,1.35,0.00,0.00,1.25,0,25,0,0,0,0,50,0,75,7.50,3.50,0.00,0.00,0.00,0.00,0.00,0.00,0.00,0.00,0.00,Allianz Field (Saint Paul- Minnesota)
1755394200,Aug 17 2025 - 1:30am,incomplete,N/A,Colorado Rapids,Atlanta United FC,N/A,N/A,1.00,0.00,1.00,0.00,0,0,0,0,0,0,"","",-1,-1,-1,-1,-1,-1,-1,-1,-1,-1,-1,-1,-1,-1,-1,-1,-1,-1,-1,-1,1.88,1.68,0.00,0.00,4.00,50,100,50,50,50,50,50,100,100,11.00,3.00,0.00,0.00,0.00,0.00,0.00,0.00,0.00,0.00,0.00,Dick's Sporting Goods Park (Commerce City- Colorado)
1755397800,Aug 17 2025 - 2:30am,incomplete,N/A,Portland Timbers,FC Cincinnati,N/A,N/A,1.33,0.00,1.33,0.00,0,0,0,0,0,0,"","",-1,-1,-1,-1,-1,-1,-1,-1,-1,-1,-1,-1,-1,-1,-1,-1,-1,-1,-1,-1,1.08,1.35,0.00,0.00,3.09,59,84,42,42,42,42,42,84,100,8.67,5.33,0.00,0.00,0.00,0.00,0.00,0.00,0.00,0.00,0.00,Providence Park (Portland- Oregon)
1755464400,Aug 17 2025 - 9:00pm,incomplete,N/A,New York City,Nashville SC,N/A,N/A,3.00,1.50,3.00,1.50,0,0,0,0,0,0,"","",-1,-1,-1,-1,-1,-1,-1,-1,-1,-1,-1,-1,-1,-1,-1,-1,-1,-1,-1,-1,1.61,1.26,0.00,0.00,3.00,75,100,75,25,0,75,75,25,75,10.50,4.50,0.00,0.00,0.00,0.00,0.00,0.00,0.00,0.00,0.00,Yankee Stadium (New York City)
1755471600,Aug 17 2025 - 11:00pm,incomplete,N/A,SJ Earthquakes,San Diego,N/A,N/A,1.00,3.00,1.00,3.00,0,0,0,0,0,0,"","",-1,-1,-1,-1,-1,-1,-1,-1,-1,-1,-1,-1,-1,-1,-1,-1,-1,-1,-1,-1,2.16,1.53,0.00,0.00,2.84,42,84,59,42,0,42,75,67,84,13.17,3.50,0.00,0.00,0.00,0.00,0.00,0.00,0.00,0.00,0.00,PayPal Park (San Jose- California)
1755565200,Aug 19 2025 - 1:00am,incomplete,N/A,Vancouver Whitecaps,Houston Dynamo,N/A,N/A,3.00,1.00,3.00,1.00,0,0,0,0,0,0,"","",-1,-1,-1,-1,-1,-1,-1,-1,-1,-1,-1,-1,-1,-1,-1,-1,-1,-1,-1,-1,1.88,0.61,0.00,0.00,1.25,25,50,25,0,0,25,50,0,50,11.00,6.00,0.00,0.00,0.00,0.00,0.00,0.00,0.00,0.00,0.00,BC Place (Vancouver- British Columbia)
1755991800,Aug 23 2025 - 11:30pm,incomplete,N/A,FC Cincinnati,New York City,N/A,N/A,3.00,0.50,3.00,0.50,0,0,0,0,0,0,"","",-1,-1,-1,-1,-1,-1,-1,-1,-1,-1,-1,-1,-1,-1,-1,-1,-1,-1,-1,-1,1.60,1.21,0.00,0.00,2.00,25,50,25,25,0,25,25,50,100,8.00,4.00,0.00,0.00,0.00,0.00,0.00,0.00,0.00,0.00,0.00,TQL Stadium (Cincinnati- Ohio)
1755991800,Aug 23 2025 - 11:30pm,incomplete,N/A,Columbus Crew,New England Revolution,N/A,N/A,2.00,0.50,2.00,0.50,0,0,0,0,0,0,"","",-1,-1,-1,-1,-1,-1,-1,-1,-1,-1,-1,-1,-1,-1,-1,-1,-1,-1,-1,-1,1.71,1.06,0.00,0.00,2.25,50,50,50,25,25,50,50,0,50,11.50,2.50,0.00,0.00,0.00,0.00,0.00,0.00,0.00,0.00,0.00,Lower.com Field (Columbus- Ohio)
1755991800,Aug 23 2025 - 11:30pm,incomplete,N/A,DC United,Inter Miami,N/A,N/A,1.67,3.00,1.67,3.00,0,0,0,0,0,0,"","",-1,-1,-1,-1,-1,-1,-1,-1,-1,-1,-1,-1,-1,-1,-1,-1,-1,-1,-1,-1,1.60,1.60,0.00,0.00,3.17,84,84,84,42,25,67,67,42,84,9.17,7.67,0.00,0.00,0.00,0.00,0.00,0.00,0.00,0.00,0.00,Audi Field (Washington- District of Columbia)
1755991800,Aug 23 2025 - 11:30pm,incomplete,N/A,Montreal Impact,Austin,N/A,N/A,0.00,1.50,0.00,1.50,0,0,0,0,0,0,"","",-1,-1,-1,-1,-1,-1,-1,-1,-1,-1,-1,-1,-1,-1,-1,-1,-1,-1,-1,-1,0.00,1.25,0.00,0.00,0.50,0,0,0,0,0,0,25,0,25,5.00,3.00,0.00,0.00,0.00,0.00,0.00,0.00,0.00,0.00,0.00,Stade Saputo (Montreal- Quebec)
1755991800,Aug 23 2025 - 11:30pm,incomplete,N/A,Philadelphia Union,Chicago Fire,N/A,N/A,1.50,2.00,1.50,2.00,0,0,0,0,0,0,"","",-1,-1,-1,-1,-1,-1,-1,-1,-1,-1,-1,-1,-1,-1,-1,-1,-1,-1,-1,-1,1.48,1.73,0.00,0.00,4.42,100,100,100,84,42,84,84,42,84,9.33,4.00,0.00,0.00,0.00,0.00,0.00,0.00,0.00,0.00,0.00,Subaru Park (Chester- Pennsylvania)
1755995400,Aug 24 2025 - 12:30am,incomplete,N/A,FC Dallas,Los Angeles FC,N/A,N/A,0.00,0.00,0.00,0.00,0,0,0,0,0,0,"","",-1,-1,-1,-1,-1,-1,-1,-1,-1,-1,-1,-1,-1,-1,-1,-1,-1,-1,-1,-1,1.35,0.93,0.00,0.00,4.75,75,75,75,75,50,50,50,75,100,8.00,2.00,0.00,0.00,0.00,0.00,0.00,0.00,0.00,0.00,0.00,Toyota Stadium (Frisco- Texas)
1755995400,Aug 24 2025 - 12:30am,incomplete,N/A,Houston Dynamo,SJ Earthquakes,N/A,N/A,0.00,3.00,0.00,3.00,0,0,0,0,0,0,"","",-1,-1,-1,-1,-1,-1,-1,-1,-1,-1,-1,-1,-1,-1,-1,-1,-1,-1,-1,-1,1.45,0.88,0.00,0.00,3.34,100,100,100,17,17,84,100,34,34,4.67,4.00,0.00,0.00,0.00,0.00,0.00,0.00,0.00,0.00,0.00,Shell Energy Stadium (Houston- Texas)
1755995400,Aug 24 2025 - 12:30am,incomplete,N/A,Nashville SC,Orlando City,N/A,N/A,2.00,0.50,2.00,0.50,0,0,0,0,0,0,"","",-1,-1,-1,-1,-1,-1,-1,-1,-1,-1,-1,-1,-1,-1,-1,-1,-1,-1,-1,-1,1.96,1.34,0.00,0.00,2.25,50,75,50,25,0,25,50,25,75,11.50,2.00,0.00,0.00,0.00,0.00,0.00,0.00,0.00,0.00,0.00,GEODIS Park (Nashville- Tennessee)
1755999000,Aug 24 2025 - 1:30am,incomplete,N/A,Real Salt Lake,Minnesota United,N/A,N/A,1.50,1.33,1.50,1.33,0,0,0,0,0,0,"","",-1,-1,-1,-1,-1,-1,-1,-1,-1,-1,-1,-1,-1,-1,-1,-1,-1,-1,-1,-1,1.41,1.49,0.00,0.00,2.84,42,67,42,42,17,42,84,42,84,7.50,3.83,0.00,0.00,0.00,0.00,0.00,0.00,0.00,0.00,0.00,America First Field (Sandy- Utah)
1755999000,Aug 24 2025 - 1:30am,incomplete,N/A,Vancouver Whitecaps,St. Louis City,N/A,N/A,3.00,2.00,3.00,2.00,0,0,0,0,0,0,"","",-1,-1,-1,-1,-1,-1,-1,-1,-1,-1,-1,-1,-1,-1,-1,-1,-1,-1,-1,-1,1.88,0.97,0.00,0.00,2.00,25,75,50,0,0,25,75,25,75,11.00,5.50,0.00,0.00,0.00,0.00,0.00,0.00,0.00,0.00,0.00,BC Place (Vancouver- British Columbia)
1756002600,Aug 24 2025 - 2:30am,incomplete,N/A,LA Galaxy,Colorado Rapids,N/A,N/A,0.00,2.33,0.00,2.33,0,0,0,0,0,0,"","",-1,-1,-1,-1,-1,-1,-1,-1,-1,-1,-1,-1,-1,-1,-1,-1,-1,-1,-1,-1,1.70,0.92,0.00,0.00,1.92,17,67,42,0,0,17,59,50,67,7.67,2.17,0.00,0.00,0.00,0.00,0.00,0.00,0.00,0.00,0.00,Dignity Health Sports Park (Carson- California)
1756002600,Aug 24 2025 - 2:30am,incomplete,N/A,San Diego,Portland Timbers,N/A,N/A,1.00,0.00,1.00,0.00,0,0,0,0,0,0,"","",-1,-1,-1,-1,-1,-1,-1,-1,-1,-1,-1,-1,-1,-1,-1,-1,-1,-1,-1,-1,1.55,1.27,0.00,0.00,1.50,25,75,0,0,0,0,75,0,75,11.00,4.00,0.00,0.00,0.00,0.00,0.00,0.00,0.00,0.00,0.00,Snapdragon Stadium (San Diego- California)
1756069200,Aug 24 2025 - 9:00pm,incomplete,N/A,Atlanta United FC,Toronto,N/A,N/A,1.33,0.33,1.33,0.33,0,0,0,0,0,0,"","",-1,-1,-1,-1,-1,-1,-1,-1,-1,-1,-1,-1,-1,-1,-1,-1,-1,-1,-1,-1,1.62,1.26,0.00,0.00,3.34,67,84,67,50,33,50,67,50,84,9.33,4.00,0.00,0.00,0.00,0.00,0.00,0.00,0.00,0.00,0.00,Mercedes-Benz Stadium (Atlanta- Georgia)
1756076400,Aug 24 2025 - 11:00pm,incomplete,N/A,Charlotte,New York RB,N/A,N/A,3.00,0.50,3.00,0.50,0,0,0,0,0,0,"","",-1,-1,-1,-1,-1,-1,-1,-1,-1,-1,-1,-1,-1,-1,-1,-1,-1,-1,-1,-1,1.62,1.23,0.00,0.00,1.25,0,50,0,0,0,0,0,50,75,5.00,2.50,0.00,0.00,0.00,0.00,0.00,0.00,0.00,0.00,0.00,Bank of America Stadium (Charlotte- North Carolina)
1756083600,Aug 25 2025 - 1:00am,incomplete,N/A,Seattle Sounders,Sporting KC,N/A,N/A,2.00,0.00,2.00,0.00,0,0,0,0,0,0,"","",-1,-1,-1,-1,-1,-1,-1,-1,-1,-1,-1,-1,-1,-1,-1,-1,-1,-1,-1,-1,2.23,0.91,0.00,0.00,3.75,75,75,75,50,25,50,50,75,100,9.00,4.50,0.00,0.00,0.00,0.00,0.00,0.00,0.00,0.00,0.00,Lumen Field (Seattle- Washington)
1756596600,Aug 30 2025 - 11:30pm,incomplete,N/A,FC Cincinnati,Philadelphia Union,N/A,N/A,3.00,3.00,3.00,3.00,0,0,0,0,0,0,"","",-1,-1,-1,-1,-1,-1,-1,-1,-1,-1,-1,-1,-1,-1,-1,-1,-1,-1,-1,-1,1.60,1.73,0.00,0.00,2.75,25,75,25,25,25,25,25,75,100,11.00,4.50,0.00,0.00,0.00,0.00,0.00,0.00,0.00,0.00,0.00,TQL Stadium (Cincinnati- Ohio)
1756596600,Aug 30 2025 - 11:30pm,incomplete,N/A,Inter Miami,Chicago Fire,N/A,N/A,2.00,2.00,2.00,2.00,0,0,0,0,0,0,"","",-1,-1,-1,-1,-1,-1,-1,-1,-1,-1,-1,-1,-1,-1,-1,-1,-1,-1,-1,-1,1.15,1.73,0.00,0.00,3.42,75,75,75,59,17,59,59,42,84,6.83,7.00,0.00,0.00,0.00,0.00,0.00,0.00,0.00,0.00,0.00,Chase Stadium (Fort Lauderdale- Florida)
1756596600,Aug 30 2025 - 11:30pm,incomplete,N/A,New England Revolution,Charlotte,N/A,N/A,0.00,0.50,0.00,0.50,0,0,0,0,0,0,"","",-1,-1,-1,-1,-1,-1,-1,-1,-1,-1,-1,-1,-1,-1,-1,-1,-1,-1,-1,-1,0.97,1.16,0.00,0.00,2.00,25,50,25,25,0,25,25,50,100,11.00,3.00,0.00,0.00,0.00,0.00,0.00,0.00,0.00,0.00,0.00,Gillette Stadium (Foxborough- Massachusetts)
1756596600,Aug 30 2025 - 11:30pm,incomplete,N/A,New York RB,Columbus Crew,N/A,N/A,2.00,2.00,2.00,2.00,0,0,0,0,0,0,"","",-1,-1,-1,-1,-1,-1,-1,-1,-1,-1,-1,-1,-1,-1,-1,-1,-1,-1,-1,-1,1.35,0.99,0.00,0.00,2.25,50,75,25,25,0,50,75,0,75,5.50,7.50,0.00,0.00,0.00,0.00,0.00,0.00,0.00,0.00,0.00,Sports Illustrated Stadium (Harrison- New Jersey)
1756596600,Aug 30 2025 - 11:30pm,incomplete,N/A,New York City,DC United,N/A,N/A,3.00,1.00,3.00,1.00,0,0,0,0,0,0,"","",-1,-1,-1,-1,-1,-1,-1,-1,-1,-1,-1,-1,-1,-1,-1,-1,-1,-1,-1,-1,1.61,1.80,0.00,0.00,3.50,100,100,100,50,0,75,75,75,100,17.00,5.50,0.00,0.00,0.00,0.00,0.00,0.00,0.00,0.00,0.00,Yankee Stadium (New York City)
1756596600,Aug 30 2025 - 11:30pm,incomplete,N/A,Orlando City,Vancouver Whitecaps,N/A,N/A,1.50,3.00,1.50,3.00,0,0,0,0,0,0,"","",-1,-1,-1,-1,-1,-1,-1,-1,-1,-1,-1,-1,-1,-1,-1,-1,-1,-1,-1,-1,1.65,2.01,0.00,0.00,4.50,75,75,75,75,75,75,75,75,100,13.50,3.50,0.00,0.00,0.00,0.00,0.00,0.00,0.00,0.00,0.00,Inter&Co Stadium (Orlando- Florida)
1756596600,Aug 30 2025 - 11:30pm,incomplete,N/A,Toronto,Montreal Impact,N/A,N/A,0.00,0.25,0.00,0.25,0,0,0,0,0,0,"","",-1,-1,-1,-1,-1,-1,-1,-1,-1,-1,-1,-1,-1,-1,-1,-1,-1,-1,-1,-1,0.90,1.12,0.00,0.00,2.50,63,75,63,13,13,50,75,13,38,9.75,2.75,0.00,0.00,0.00,0.00,0.00,0.00,0.00,0.00,0.00,BMO Field (Toronto- Ontario)
1756600200,Aug 31 2025 - 12:30am,incomplete,N/A,Austin,SJ Earthquakes,N/A,N/A,1.50,3.00,1.50,3.00,0,0,0,0,0,0,"","",-1,-1,-1,-1,-1,-1,-1,-1,-1,-1,-1,-1,-1,-1,-1,-1,-1,-1,-1,-1,1.74,0.88,0.00,0.00,2.00,50,50,50,0,0,50,75,0,25,7.50,4.50,0.00,0.00,0.00,0.00,0.00,0.00,0.00,0.00,0.00,Q2 Stadium (Austin- Texas)
1756600200,Aug 31 2025 - 12:30am,incomplete,N/A,Sporting KC,Colorado Rapids,N/A,N/A,0.50,2.33,0.50,2.33,0,0,0,0,0,0,"","",-1,-1,-1,-1,-1,-1,-1,-1,-1,-1,-1,-1,-1,-1,-1,-1,-1,-1,-1,-1,1.70,0.92,0.00,0.00,2.92,67,67,67,25,25,67,84,25,42,8.67,4.17,0.00,0.00,0.00,0.00,0.00,0.00,0.00,0.00,0.00,Children's Mercy Park (Kansas City- Kansas)
1756600200,Aug 31 2025 - 12:30am,incomplete,N/A,Minnesota United,Portland Timbers,N/A,N/A,3.00,0.00,3.00,0.00,0,0,0,0,0,0,"","",-1,-1,-1,-1,-1,-1,-1,-1,-1,-1,-1,-1,-1,-1,-1,-1,-1,-1,-1,-1,1.42,1.27,0.00,0.00,1.50,0,50,0,0,0,0,50,0,100,4.00,3.00,0.00,0.00,0.00,0.00,0.00,0.00,0.00,0.00,0.00,Allianz Field (Saint Paul- Minnesota)
1756600200,Aug 31 2025 - 12:30am,incomplete,N/A,Nashville SC,Atlanta United FC,N/A,N/A,2.00,0.00,2.00,0.00,0,0,0,0,0,0,"","",-1,-1,-1,-1,-1,-1,-1,-1,-1,-1,-1,-1,-1,-1,-1,-1,-1,-1,-1,-1,1.96,1.68,0.00,0.00,1.50,0,75,0,0,0,0,25,50,75,11.50,2.50,0.00,0.00,0.00,0.00,0.00,0.00,0.00,0.00,0.00,GEODIS Park (Nashville- Tennessee)
1756600200,Aug 31 2025 - 12:30am,incomplete,N/A,St. Louis City,Houston Dynamo,N/A,N/A,2.00,1.00,2.00,1.00,0,0,0,0,0,0,"","",-1,-1,-1,-1,-1,-1,-1,-1,-1,-1,-1,-1,-1,-1,-1,-1,-1,-1,-1,-1,1.83,0.61,0.00,0.00,0.25,0,0,0,0,0,0,25,0,0,9.00,5.50,0.00,0.00,0.00,0.00,0.00,0.00,0.00,0.00,0.00,CITYPARK (St. Louis- Missouri)
1756607400,Aug 31 2025 - 2:30am,incomplete,N/A,LA Galaxy,FC Dallas,N/A,N/A,0.00,2.00,0.00,2.00,0,0,0,0,0,0,"","",-1,-1,-1,-1,-1,-1,-1,-1,-1,-1,-1,-1,-1,-1,-1,-1,-1,-1,-1,-1,1.70,1.36,0.00,0.00,3.50,50,100,75,25,25,25,75,100,100,7.00,3.00,0.00,0.00,0.00,0.00,0.00,0.00,0.00,0.00,0.00,Dignity Health Sports Park (Carson- California)
1756607400,Aug 31 2025 - 2:30am,incomplete,N/A,Seattle Sounders,Real Salt Lake,N/A,N/A,2.00,1.50,2.00,1.50,0,0,0,0,0,0,"","",-1,-1,-1,-1,-1,-1,-1,-1,-1,-1,-1,-1,-1,-1,-1,-1,-1,-1,-1,-1,2.23,1.79,0.00,0.00,4.50,75,100,100,75,25,75,100,75,75,11.00,2.00,0.00,0.00,0.00,0.00,0.00,0.00,0.00,0.00,0.00,Lumen Field (Seattle- Washington)
1756677600,Aug 31 2025 - 10:00pm,incomplete,N/A,Los Angeles FC,San Diego,N/A,N/A,2.00,3.00,2.00,3.00,0,0,0,0,0,0,"","",-1,-1,-1,-1,-1,-1,-1,-1,-1,-1,-1,-1,-1,-1,-1,-1,-1,-1,-1,-1,1.48,1.53,0.00,0.00,2.00,25,50,25,25,0,25,42,50,84,9.50,2.17,0.00,0.00,0.00,0.00,0.00,0.00,0.00,0.00,0.00,BMO Stadium (Los Angeles- California)
1757199600,Sep 06 2025 - 11:00pm,incomplete,N/A,Sporting KC,Austin,N/A,N/A,0.50,1.50,0.50,1.50,0,0,0,0,0,0,"","",-1,-1,-1,-1,-1,-1,-1,-1,-1,-1,-1,-1,-1,-1,-1,-1,-1,-1,-1,-1,1.70,1.25,0.00,0.00,2.75,50,50,50,25,25,50,75,25,50,11.00,5.50,0.00,0.00,0.00,0.00,0.00,0.00,0.00,0.00,0.00,Children's Mercy Park (Kansas City- Kansas)
1757205000,Sep 07 2025 - 12:30am,incomplete,N/A,Chicago Fire,New England Revolution,N/A,N/A,1.00,0.50,1.00,0.50,0,0,0,0,0,0,"","",-1,-1,-1,-1,-1,-1,-1,-1,-1,-1,-1,-1,-1,-1,-1,-1,-1,-1,-1,-1,1.10,1.06,0.00,0.00,2.75,75,75,75,50,0,75,75,50,75,11.50,2.50,0.00,0.00,0.00,0.00,0.00,0.00,0.00,0.00,0.00,Soldier Field (Chicago- Illinois)
1757205000,Sep 07 2025 - 12:30am,incomplete,N/A,St. Louis City,FC Dallas,N/A,N/A,2.00,2.00,2.00,2.00,0,0,0,0,0,0,"","",-1,-1,-1,-1,-1,-1,-1,-1,-1,-1,-1,-1,-1,-1,-1,-1,-1,-1,-1,-1,1.83,1.36,0.00,0.00,2.50,50,50,50,25,25,25,75,50,50,7.00,4.00,0.00,0.00,0.00,0.00,0.00,0.00,0.00,0.00,0.00,CITYPARK (St. Louis- Missouri)
1757806200,Sep 13 2025 - 11:30pm,incomplete,N/A,Atlanta United FC,Columbus Crew,N/A,N/A,1.33,2.00,1.33,2.00,0,0,0,0,0,0,"","",-1,-1,-1,-1,-1,-1,-1,-1,-1,-1,-1,-1,-1,-1,-1,-1,-1,-1,-1,-1,1.62,0.99,0.00,0.00,2.09,59,59,34,17,17,17,59,17,84,9.00,7.17,0.00,0.00,0.00,0.00,0.00,0.00,0.00,0.00,0.00,Mercedes-Benz Stadium (Atlanta- Georgia)
1757806200,Sep 13 2025 - 11:30pm,incomplete,N/A,Charlotte,Inter Miami,N/A,N/A,3.00,3.00,3.00,3.00,0,0,0,0,0,0,"","",-1,-1,-1,-1,-1,-1,-1,-1,-1,-1,-1,-1,-1,-1,-1,-1,-1,-1,-1,-1,1.62,1.60,0.00,0.00,3.00,50,100,50,25,25,50,50,75,100,7.50,5.00,0.00,0.00,0.00,0.00,0.00,0.00,0.00,0.00,0.00,Bank of America Stadium (Charlotte- North Carolina)
1757806200,Sep 13 2025 - 11:30pm,incomplete,N/A,FC Cincinnati,Nashville SC,N/A,N/A,3.00,1.50,3.00,1.50,0,0,0,0,0,0,"","",-1,-1,-1,-1,-1,-1,-1,-1,-1,-1,-1,-1,-1,-1,-1,-1,-1,-1,-1,-1,1.60,1.26,0.00,0.00,2.25,25,75,25,25,0,50,50,25,75,8.00,4.00,0.00,0.00,0.00,0.00,0.00,0.00,0.00,0.00,0.00,TQL Stadium (Cincinnati- Ohio)
1757806200,Sep 13 2025 - 11:30pm,incomplete,N/A,DC United,Orlando City,N/A,N/A,1.67,0.50,1.67,0.50,0,0,0,0,0,0,"","",-1,-1,-1,-1,-1,-1,-1,-1,-1,-1,-1,-1,-1,-1,-1,-1,-1,-1,-1,-1,1.60,1.34,0.00,0.00,2.92,84,84,84,42,0,42,42,42,84,9.67,5.17,0.00,0.00,0.00,0.00,0.00,0.00,0.00,0.00,0.00,Audi Field (Washington- District of Columbia)
1757806200,Sep 13 2025 - 11:30pm,incomplete,N/A,Montreal Impact,St. Louis City,N/A,N/A,0.00,2.00,0.00,2.00,0,0,0,0,0,0,"","",-1,-1,-1,-1,-1,-1,-1,-1,-1,-1,-1,-1,-1,-1,-1,-1,-1,-1,-1,-1,0.00,0.97,0.00,0.00,0.75,0,25,25,0,0,0,25,25,25,4.00,3.50,0.00,0.00,0.00,0.00,0.00,0.00,0.00,0.00,0.00,Stade Saputo (Montreal- Quebec)
1757806200,Sep 13 2025 - 11:30pm,incomplete,N/A,New England Revolution,Toronto,N/A,N/A,0.00,0.33,0.00,0.33,0,0,0,0,0,0,"","",-1,-1,-1,-1,-1,-1,-1,-1,-1,-1,-1,-1,-1,-1,-1,-1,-1,-1,-1,-1,0.97,1.26,0.00,0.00,2.75,34,75,34,34,17,34,34,59,100,6.83,3.33,0.00,0.00,0.00,0.00,0.00,0.00,0.00,0.00,0.00,Gillette Stadium (Foxborough- Massachusetts)
1757806200,Sep 13 2025 - 11:30pm,incomplete,N/A,SJ Earthquakes,Los Angeles FC,N/A,N/A,1.00,0.00,1.00,0.00,0,0,0,0,0,0,"","",-1,-1,-1,-1,-1,-1,-1,-1,-1,-1,-1,-1,-1,-1,-1,-1,-1,-1,-1,-1,2.16,0.93,0.00,0.00,4.84,67,84,84,67,50,67,100,67,84,12.67,3.00,0.00,0.00,0.00,0.00,0.00,0.00,0.00,0.00,0.00,PayPal Park (San Jose- California)
1757809800,Sep 14 2025 - 12:30am,incomplete,N/A,Chicago Fire,New York City,N/A,N/A,1.00,0.50,1.00,0.50,0,0,0,0,0,0,"","",-1,-1,-1,-1,-1,-1,-1,-1,-1,-1,-1,-1,-1,-1,-1,-1,-1,-1,-1,-1,1.10,1.21,0.00,0.00,3.25,75,75,75,75,0,75,75,75,100,8.50,3.00,0.00,0.00,0.00,0.00,0.00,0.00,0.00,0.00,0.00,Soldier Field (Chicago- Illinois)
1757809800,Sep 14 2025 - 12:30am,incomplete,N/A,FC Dallas,Austin,N/A,N/A,0.00,1.50,0.00,1.50,0,0,0,0,0,0,"","",-1,-1,-1,-1,-1,-1,-1,-1,-1,-1,-1,-1,-1,-1,-1,-1,-1,-1,-1,-1,1.35,1.25,0.00,0.00,1.75,25,25,25,25,0,0,25,25,75,9.00,4.00,0.00,0.00,0.00,0.00,0.00,0.00,0.00,0.00,0.00,Toyota Stadium (Frisco- Texas)
1757809800,Sep 14 2025 - 12:30am,incomplete,N/A,Seattle Sounders,LA Galaxy,N/A,N/A,2.00,0.50,2.00,0.50,0,0,0,0,0,0,"","",-1,-1,-1,-1,-1,-1,-1,-1,-1,-1,-1,-1,-1,-1,-1,-1,-1,-1,-1,-1,2.23,1.21,0.00,0.00,4.00,100,100,75,50,25,75,75,75,100,12.50,2.50,0.00,0.00,0.00,0.00,0.00,0.00,0.00,0.00,0.00,Lumen Field (Seattle- Washington)
1757813400,Sep 14 2025 - 1:30am,incomplete,N/A,Colorado Rapids,Houston Dynamo,N/A,N/A,1.00,1.00,1.00,1.00,0,0,0,0,0,0,"","",-1,-1,-1,-1,-1,-1,-1,-1,-1,-1,-1,-1,-1,-1,-1,-1,-1,-1,-1,-1,1.88,0.61,0.00,0.00,3.00,50,50,50,50,50,50,50,50,50,10.00,5.00,0.00,0.00,0.00,0.00,0.00,0.00,0.00,0.00,0.00,Dick's Sporting Goods Park (Commerce City- Colorado)
1757813400,Sep 14 2025 - 1:30am,incomplete,N/A,Real Salt Lake,Sporting KC,N/A,N/A,1.50,0.00,1.50,0.00,0,0,0,0,0,0,"","",-1,-1,-1,-1,-1,-1,-1,-1,-1,-1,-1,-1,-1,-1,-1,-1,-1,-1,-1,-1,1.41,0.91,0.00,0.00,2.50,50,75,50,25,0,25,50,50,100,4.50,6.50,0.00,0.00,0.00,0.00,0.00,0.00,0.00,0.00,0.00,America First Field (Sandy- Utah)
1757813400,Sep 14 2025 - 1:30am,incomplete,N/A,Vancouver Whitecaps,Philadelphia Union,N/A,N/A,3.00,3.00,3.00,3.00,0,0,0,0,0,0,"","",-1,-1,-1,-1,-1,-1,-1,-1,-1,-1,-1,-1,-1,-1,-1,-1,-1,-1,-1,-1,1.88,1.73,0.00,0.00,3.25,50,100,50,25,25,50,75,50,100,13.50,4.50,0.00,0.00,0.00,0.00,0.00,0.00,0.00,0.00,0.00,BC Place (Vancouver- British Columbia)
1757817000,Sep 14 2025 - 2:30am,incomplete,N/A,Portland Timbers,New York RB,N/A,N/A,1.33,0.50,1.33,0.50,0,0,0,0,0,0,"","",-1,-1,-1,-1,-1,-1,-1,-1,-1,-1,-1,-1,-1,-1,-1,-1,-1,-1,-1,-1,1.08,1.23,0.00,0.00,1.59,34,34,17,17,17,17,17,34,75,6.67,4.83,0.00,0.00,0.00,0.00,0.00,0.00,0.00,0.00,0.00,Providence Park (Portland- Oregon)
1757817000,Sep 14 2025 - 2:30am,incomplete,N/A,San Diego,Minnesota United,N/A,N/A,1.00,1.33,1.00,1.33,0,0,0,0,0,0,"","",-1,-1,-1,-1,-1,-1,-1,-1,-1,-1,-1,-1,-1,-1,-1,-1,-1,-1,-1,-1,1.55,1.49,0.00,0.00,1.84,42,42,17,17,17,17,59,17,59,13.00,3.33,0.00,0.00,0.00,0.00,0.00,0.00,0.00,0.00,0.00,Snapdragon Stadium (San Diego- California)
1758065400,Sep 16 2025 - 11:30pm,incomplete,N/A,Inter Miami,Seattle Sounders,N/A,N/A,2.00,0.00,2.00,0.00,0,0,0,0,0,0,"","",-1,-1,-1,-1,-1,-1,-1,-1,-1,-1,-1,-1,-1,-1,-1,-1,-1,-1,-1,-1,1.15,1.35,0.00,0.00,2.00,25,50,25,25,0,25,75,25,75,10.00,7.50,0.00,0.00,0.00,0.00,0.00,0.00,0.00,0.00,0.00,Chase Stadium (Fort Lauderdale- Florida)
1758324600,Sep 19 2025 - 11:30pm,incomplete,N/A,New York City,Charlotte,N/A,N/A,3.00,0.50,3.00,0.50,0,0,0,0,0,0,"","",-1,-1,-1,-1,-1,-1,-1,-1,-1,-1,-1,-1,-1,-1,-1,-1,-1,-1,-1,-1,1.61,1.16,0.00,0.00,2.75,75,75,75,25,0,50,50,50,100,15.50,3.50,0.00,0.00,0.00,0.00,0.00,0.00,0.00,0.00,0.00,Yankee Stadium (New York City)
1758393000,Sep 20 2025 - 6:30pm,incomplete,N/A,Philadelphia Union,New England Revolution,N/A,N/A,1.50,0.50,1.50,0.50,0,0,0,0,0,0,"","",-1,-1,-1,-1,-1,-1,-1,-1,-1,-1,-1,-1,-1,-1,-1,-1,-1,-1,-1,-1,1.48,1.06,0.00,0.00,3.00,75,75,75,50,25,75,75,25,75,13.50,3.50,0.00,0.00,0.00,0.00,0.00,0.00,0.00,0.00,0.00,Subaru Park (Chester- Pennsylvania)
1758400200,Sep 20 2025 - 8:30pm,incomplete,N/A,Atlanta United FC,San Diego,N/A,N/A,1.33,3.00,1.33,3.00,0,0,0,0,0,0,"","",-1,-1,-1,-1,-1,-1,-1,-1,-1,-1,-1,-1,-1,-1,-1,-1,-1,-1,-1,-1,1.62,1.53,0.00,0.00,2.84,59,84,59,42,17,42,59,67,84,9.50,4.17,0.00,0.00,0.00,0.00,0.00,0.00,0.00,0.00,0.00,Mercedes-Benz Stadium (Atlanta- Georgia)
1758411000,Sep 20 2025 - 11:30pm,incomplete,N/A,Columbus Crew,Toronto,N/A,N/A,2.00,0.33,2.00,0.33,0,0,0,0,0,0,"","",-1,-1,-1,-1,-1,-1,-1,-1,-1,-1,-1,-1,-1,-1,-1,-1,-1,-1,-1,-1,1.71,1.26,0.00,0.00,3.50,59,75,59,59,42,59,59,34,75,9.33,2.33,0.00,0.00,0.00,0.00,0.00,0.00,0.00,0.00,0.00,Lower.com Field (Columbus- Ohio)
1758411000,Sep 20 2025 - 11:30pm,incomplete,N/A,Inter Miami,DC United,N/A,N/A,2.00,1.00,2.00,1.00,0,0,0,0,0,0,"","",-1,-1,-1,-1,-1,-1,-1,-1,-1,-1,-1,-1,-1,-1,-1,-1,-1,-1,-1,-1,1.15,1.80,0.00,0.00,3.25,75,75,75,75,0,75,75,75,100,14.50,8.00,0.00,0.00,0.00,0.00,0.00,0.00,0.00,0.00,0.00,Chase Stadium (Fort Lauderdale- Florida)
1758411000,Sep 20 2025 - 11:30pm,incomplete,N/A,Montreal Impact,New York RB,N/A,N/A,0.00,0.50,0.00,0.50,0,0,0,0,0,0,"","",-1,-1,-1,-1,-1,-1,-1,-1,-1,-1,-1,-1,-1,-1,-1,-1,-1,-1,-1,-1,0.00,1.23,0.00,0.00,0.25,0,0,0,0,0,0,0,0,25,2.00,1.50,0.00,0.00,0.00,0.00,0.00,0.00,0.00,0.00,0.00,Stade Saputo (Montreal- Quebec)
1758411000,Sep 20 2025 - 11:30pm,incomplete,N/A,Orlando City,Nashville SC,N/A,N/A,1.50,1.50,1.50,1.50,0,0,0,0,0,0,"","",-1,-1,-1,-1,-1,-1,-1,-1,-1,-1,-1,-1,-1,-1,-1,-1,-1,-1,-1,-1,1.65,1.26,0.00,0.00,4.50,75,100,75,75,50,100,100,50,75,8.00,3.50,0.00,0.00,0.00,0.00,0.00,0.00,0.00,0.00,0.00,Inter&Co Stadium (Orlando- Florida)
1758414600,Sep 21 2025 - 12:30am,incomplete,N/A,Austin,Seattle Sounders,N/A,N/A,1.50,0.00,1.50,0.00,0,0,0,0,0,0,"","",-1,-1,-1,-1,-1,-1,-1,-1,-1,-1,-1,-1,-1,-1,-1,-1,-1,-1,-1,-1,1.74,1.35,0.00,0.00,1.25,0,25,0,0,0,0,75,0,50,11.00,5.00,0.00,0.00,0.00,0.00,0.00,0.00,0.00,0.00,0.00,Q2 Stadium (Austin- Texas)
1758414600,Sep 21 2025 - 12:30am,incomplete,N/A,FC Dallas,Colorado Rapids,N/A,N/A,0.00,2.33,0.00,2.33,0,0,0,0,0,0,"","",-1,-1,-1,-1,-1,-1,-1,-1,-1,-1,-1,-1,-1,-1,-1,-1,-1,-1,-1,-1,1.35,0.92,0.00,0.00,1.92,42,42,42,25,0,17,34,25,67,6.67,2.67,0.00,0.00,0.00,0.00,0.00,0.00,0.00,0.00,0.00,Toyota Stadium (Frisco- Texas)
1758414600,Sep 21 2025 - 12:30am,incomplete,N/A,Houston Dynamo,Portland Timbers,N/A,N/A,0.00,0.00,0.00,0.00,0,0,0,0,0,0,"","",-1,-1,-1,-1,-1,-1,-1,-1,-1,-1,-1,-1,-1,-1,-1,-1,-1,-1,-1,-1,1.45,1.27,0.00,0.00,2.84,50,100,50,17,17,34,100,34,84,4.67,4.00,0.00,0.00,0.00,0.00,0.00,0.00,0.00,0.00,0.00,Shell Energy Stadium (Houston- Texas)
1758414600,Sep 21 2025 - 12:30am,incomplete,N/A,Sporting KC,Vancouver Whitecaps,N/A,N/A,0.50,3.00,0.50,3.00,0,0,0,0,0,0,"","",-1,-1,-1,-1,-1,-1,-1,-1,-1,-1,-1,-1,-1,-1,-1,-1,-1,-1,-1,-1,1.70,2.01,0.00,0.00,3.75,75,75,75,50,50,75,75,50,75,15.00,4.50,0.00,0.00,0.00,0.00,0.00,0.00,0.00,0.00,0.00,Children's Mercy Park (Kansas City- Kansas)
1758414600,Sep 21 2025 - 12:30am,incomplete,N/A,Minnesota United,Chicago Fire,N/A,N/A,3.00,2.00,3.00,2.00,0,0,0,0,0,0,"","",-1,-1,-1,-1,-1,-1,-1,-1,-1,-1,-1,-1,-1,-1,-1,-1,-1,-1,-1,-1,1.42,1.73,0.00,0.00,2.67,50,50,50,34,17,34,34,17,84,4.33,3.00,0.00,0.00,0.00,0.00,0.00,0.00,0.00,0.00,0.00,Allianz Field (Saint Paul- Minnesota)
1758421800,Sep 21 2025 - 2:30am,incomplete,N/A,LA Galaxy,FC Cincinnati,N/A,N/A,0.00,0.00,0.00,0.00,0,0,0,0,0,0,"","",-1,-1,-1,-1,-1,-1,-1,-1,-1,-1,-1,-1,-1,-1,-1,-1,-1,-1,-1,-1,1.70,1.35,0.00,0.00,3.00,25,100,50,25,25,25,50,100,100,9.00,2.50,0.00,0.00,0.00,0.00,0.00,0.00,0.00,0.00,0.00,Dignity Health Sports Park (Carson- California)
1758421800,Sep 21 2025 - 2:30am,incomplete,N/A,SJ Earthquakes,St. Louis City,N/A,N/A,1.00,2.00,1.00,2.00,0,0,0,0,0,0,"","",-1,-1,-1,-1,-1,-1,-1,-1,-1,-1,-1,-1,-1,-1,-1,-1,-1,-1,-1,-1,2.16,0.97,0.00,0.00,2.09,17,59,59,17,0,17,75,42,59,12.67,5.50,0.00,0.00,0.00,0.00,0.00,0.00,0.00,0.00,0.00,PayPal Park (San Jose- California)
1758502800,Sep 22 2025 - 1:00am,incomplete,N/A,Los Angeles FC,Real Salt Lake,N/A,N/A,2.00,1.50,2.00,1.50,0,0,0,0,0,0,"","",-1,-1,-1,-1,-1,-1,-1,-1,-1,-1,-1,-1,-1,-1,-1,-1,-1,-1,-1,-1,1.48,1.79,0.00,0.00,2.25,25,50,50,25,0,25,67,25,59,8.00,2.17,0.00,0.00,0.00,0.00,0.00,0.00,0.00,0.00,0.00,BMO Stadium (Los Angeles- California)
1758756600,Sep 24 2025 - 11:30pm,incomplete,N/A,New York City,Inter Miami,N/A,N/A,3.00,3.00,3.00,3.00,0,0,0,0,0,0,"","",-1,-1,-1,-1,-1,-1,-1,-1,-1,-1,-1,-1,-1,-1,-1,-1,-1,-1,-1,-1,1.61,1.60,0.00,0.00,3.50,100,100,100,25,25,75,75,50,100,11.50,6.50,0.00,0.00,0.00,0.00,0.00,0.00,0.00,0.00,0.00,Yankee Stadium (New York City)
1758997800,Sep 27 2025 - 6:30pm,incomplete,N/A,FC Cincinnati,Orlando City,N/A,N/A,3.00,0.50,3.00,0.50,0,0,0,0,0,0,"","",-1,-1,-1,-1,-1,-1,-1,-1,-1,-1,-1,-1,-1,-1,-1,-1,-1,-1,-1,-1,1.60,1.34,0.00,0.00,2.50,50,75,50,25,0,25,25,50,100,9.50,3.50,0.00,0.00,0.00,0.00,0.00,0.00,0.00,0.00,0.00,TQL Stadium (Cincinnati- Ohio)
1759005000,Sep 27 2025 - 8:30pm,incomplete,N/A,Toronto,Inter Miami,N/A,N/A,0.00,3.00,0.00,3.00,0,0,0,0,0,0,"","",-1,-1,-1,-1,-1,-1,-1,-1,-1,-1,-1,-1,-1,-1,-1,-1,-1,-1,-1,-1,0.90,1.60,0.00,0.00,3.50,100,100,100,25,25,100,100,25,50,9.50,4.00,0.00,0.00,0.00,0.00,0.00,0.00,0.00,0.00,0.00,BMO Field (Toronto- Ontario)
1759015800,Sep 27 2025 - 11:30pm,incomplete,N/A,Charlotte,Montreal Impact,N/A,N/A,3.00,0.25,3.00,0.25,0,0,0,0,0,0,"","",-1,-1,-1,-1,-1,-1,-1,-1,-1,-1,-1,-1,-1,-1,-1,-1,-1,-1,-1,-1,1.62,1.12,0.00,0.00,2.00,13,75,13,13,13,0,25,63,88,7.75,3.75,0.00,0.00,0.00,0.00,0.00,0.00,0.00,0.00,0.00,Bank of America Stadium (Charlotte- North Carolina)
1759015800,Sep 27 2025 - 11:30pm,incomplete,N/A,DC United,Philadelphia Union,N/A,N/A,1.67,3.00,1.67,3.00,0,0,0,0,0,0,"","",-1,-1,-1,-1,-1,-1,-1,-1,-1,-1,-1,-1,-1,-1,-1,-1,-1,-1,-1,-1,1.60,1.73,0.00,0.00,3.17,59,84,59,42,25,42,42,67,84,11.17,6.17,0.00,0.00,0.00,0.00,0.00,0.00,0.00,0.00,0.00,Audi Field (Washington- District of Columbia)
1759015800,Sep 27 2025 - 11:30pm,incomplete,N/A,New England Revolution,Atlanta United FC,N/A,N/A,0.00,0.00,0.00,0.00,0,0,0,0,0,0,"","",-1,-1,-1,-1,-1,-1,-1,-1,-1,-1,-1,-1,-1,-1,-1,-1,-1,-1,-1,-1,0.97,1.68,0.00,0.00,1.75,0,75,0,0,0,0,0,75,100,7.50,4.00,0.00,0.00,0.00,0.00,0.00,0.00,0.00,0.00,0.00,Gillette Stadium (Foxborough- Massachusetts)
1759015800,Sep 27 2025 - 11:30pm,incomplete,N/A,New York RB,New York City,N/A,N/A,2.00,0.50,2.00,0.50,0,0,0,0,0,0,"","",-1,-1,-1,-1,-1,-1,-1,-1,-1,-1,-1,-1,-1,-1,-1,-1,-1,-1,-1,-1,1.35,1.21,0.00,0.00,2.75,50,75,50,50,0,75,75,25,75,5.00,5.00,0.00,0.00,0.00,0.00,0.00,0.00,0.00,0.00,0.00,Sports Illustrated Stadium (Harrison- New Jersey)
1759019400,Sep 28 2025 - 12:30am,incomplete,N/A,Chicago Fire,Columbus Crew,N/A,N/A,1.00,2.00,1.00,2.00,0,0,0,0,0,0,"","",-1,-1,-1,-1,-1,-1,-1,-1,-1,-1,-1,-1,-1,-1,-1,-1,-1,-1,-1,-1,1.10,0.99,0.00,0.00,2.75,75,75,50,50,0,50,75,50,100,9.00,5.50,0.00,0.00,0.00,0.00,0.00,0.00,0.00,0.00,0.00,Soldier Field (Chicago- Illinois)
1759019400,Sep 28 2025 - 12:30am,incomplete,N/A,Nashville SC,Houston Dynamo,N/A,N/A,2.00,1.00,2.00,1.00,0,0,0,0,0,0,"","",-1,-1,-1,-1,-1,-1,-1,-1,-1,-1,-1,-1,-1,-1,-1,-1,-1,-1,-1,-1,1.96,0.61,0.00,0.00,0.50,0,25,0,0,0,0,25,0,25,10.50,4.50,0.00,0.00,0.00,0.00,0.00,0.00,0.00,0.00,0.00,GEODIS Park (Nashville- Tennessee)
1759019400,Sep 28 2025 - 12:30am,incomplete,N/A,St. Louis City,Los Angeles FC,N/A,N/A,2.00,0.00,2.00,0.00,0,0,0,0,0,0,"","",-1,-1,-1,-1,-1,-1,-1,-1,-1,-1,-1,-1,-1,-1,-1,-1,-1,-1,-1,-1,1.83,0.93,0.00,0.00,3.75,50,50,50,50,50,50,75,50,50,9.00,2.50,0.00,0.00,0.00,0.00,0.00,0.00,0.00,0.00,0.00,CITYPARK (St. Louis- Missouri)
1759023000,Sep 28 2025 - 1:30am,incomplete,N/A,Colorado Rapids,Minnesota United,N/A,N/A,1.00,1.33,1.00,1.33,0,0,0,0,0,0,"","",-1,-1,-1,-1,-1,-1,-1,-1,-1,-1,-1,-1,-1,-1,-1,-1,-1,-1,-1,-1,1.88,1.49,0.00,0.00,4.34,67,67,67,67,67,67,84,67,84,10.00,2.33,0.00,0.00,0.00,0.00,0.00,0.00,0.00,0.00,0.00,Dick's Sporting Goods Park (Commerce City- Colorado)
1759023000,Sep 28 2025 - 1:30am,incomplete,N/A,Real Salt Lake,Austin,N/A,N/A,1.50,1.50,1.50,1.50,0,0,0,0,0,0,"","",-1,-1,-1,-1,-1,-1,-1,-1,-1,-1,-1,-1,-1,-1,-1,-1,-1,-1,-1,-1,1.41,1.25,0.00,0.00,2.00,25,50,25,25,0,25,75,25,75,8.50,5.50,0.00,0.00,0.00,0.00,0.00,0.00,0.00,0.00,0.00,America First Field (Sandy- Utah)
1759026600,Sep 28 2025 - 2:30am,incomplete,N/A,LA Galaxy,Sporting KC,N/A,N/A,0.00,0.00,0.00,0.00,0,0,0,0,0,0,"","",-1,-1,-1,-1,-1,-1,-1,-1,-1,-1,-1,-1,-1,-1,-1,-1,-1,-1,-1,-1,1.70,0.91,0.00,0.00,2.25,25,75,50,0,0,0,25,75,100,6.00,4.50,0.00,0.00,0.00,0.00,0.00,0.00,0.00,0.00,0.00,Dignity Health Sports Park (Carson- California)
1759026600,Sep 28 2025 - 2:30am,incomplete,N/A,Portland Timbers,FC Dallas,N/A,N/A,1.33,2.00,1.33,2.00,0,0,0,0,0,0,"","",-1,-1,-1,-1,-1,-1,-1,-1,-1,-1,-1,-1,-1,-1,-1,-1,-1,-1,-1,-1,1.08,1.36,0.00,0.00,3.59,84,84,67,42,42,42,67,84,100,6.67,5.83,0.00,0.00,0.00,0.00,0.00,0.00,0.00,0.00,0.00,Providence Park (Portland- Oregon)
1759026600,Sep 28 2025 - 2:30am,incomplete,N/A,San Diego,SJ Earthquakes,N/A,N/A,1.00,3.00,1.00,3.00,0,0,0,0,0,0,"","",-1,-1,-1,-1,-1,-1,-1,-1,-1,-1,-1,-1,-1,-1,-1,-1,-1,-1,-1,-1,1.55,0.88,0.00,0.00,2.00,75,75,50,0,0,50,75,0,25,11.00,4.00,0.00,0.00,0.00,0.00,0.00,0.00,0.00,0.00,0.00,Snapdragon Stadium (San Diego- California)
1759026600,Sep 28 2025 - 2:30am,incomplete,N/A,Seattle Sounders,Vancouver Whitecaps,N/A,N/A,2.00,3.00,2.00,3.00,0,0,0,0,0,0,"","",-1,-1,-1,-1,-1,-1,-1,-1,-1,-1,-1,-1,-1,-1,-1,-1,-1,-1,-1,-1,2.23,2.01,0.00,0.00,4.25,75,75,75,75,50,75,75,75,100,17.00,2.50,0.00,0.00,0.00,0.00,0.00,0.00,0.00,0.00,0.00,Lumen Field (Seattle- Washington)
1759602600,Oct 04 2025 - 6:30pm,incomplete,N/A,DC United,Charlotte,N/A,N/A,1.67,0.50,1.67,0.50,0,0,0,0,0,0,"","",-1,-1,-1,-1,-1,-1,-1,-1,-1,-1,-1,-1,-1,-1,-1,-1,-1,-1,-1,-1,1.60,1.16,0.00,0.00,2.42,59,59,59,42,0,42,42,42,84,13.17,4.67,0.00,0.00,0.00,0.00,0.00,0.00,0.00,0.00,0.00,Audi Field (Washington- District of Columbia)
1759609800,Oct 04 2025 - 8:30pm,incomplete,N/A,FC Dallas,LA Galaxy,N/A,N/A,0.00,0.50,0.00,0.50,0,0,0,0,0,0,"","",-1,-1,-1,-1,-1,-1,-1,-1,-1,-1,-1,-1,-1,-1,-1,-1,-1,-1,-1,-1,1.35,1.21,0.00,0.00,2.50,75,75,50,25,0,25,25,50,100,8.50,3.00,0.00,0.00,0.00,0.00,0.00,0.00,0.00,0.00,0.00,Toyota Stadium (Frisco- Texas)
1759620600,Oct 04 2025 - 11:30pm,incomplete,N/A,Inter Miami,New England Revolution,N/A,N/A,2.00,0.50,2.00,0.50,0,0,0,0,0,0,"","",-1,-1,-1,-1,-1,-1,-1,-1,-1,-1,-1,-1,-1,-1,-1,-1,-1,-1,-1,-1,1.15,1.06,0.00,0.00,2.00,50,50,50,25,0,50,50,25,75,11.00,6.50,0.00,0.00,0.00,0.00,0.00,0.00,0.00,0.00,0.00,Chase Stadium (Fort Lauderdale- Florida)
1759620600,Oct 04 2025 - 11:30pm,incomplete,N/A,Montreal Impact,Nashville SC,N/A,N/A,0.00,1.50,0.00,1.50,0,0,0,0,0,0,"","",-1,-1,-1,-1,-1,-1,-1,-1,-1,-1,-1,-1,-1,-1,-1,-1,-1,-1,-1,-1,0.00,1.26,0.00,0.00,1.50,25,50,25,25,0,50,50,0,25,3.50,2.00,0.00,0.00,0.00,0.00,0.00,0.00,0.00,0.00,0.00,Stade Saputo (Montreal- Quebec)
1759620600,Oct 04 2025 - 11:30pm,incomplete,N/A,New York RB,FC Cincinnati,N/A,N/A,2.00,0.00,2.00,0.00,0,0,0,0,0,0,"","",-1,-1,-1,-1,-1,-1,-1,-1,-1,-1,-1,-1,-1,-1,-1,-1,-1,-1,-1,-1,1.35,1.35,0.00,0.00,3.25,50,100,50,50,25,75,75,50,75,5.50,5.00,0.00,0.00,0.00,0.00,0.00,0.00,0.00,0.00,0.00,Sports Illustrated Stadium (Harrison- New Jersey)
1759620600,Oct 04 2025 - 11:30pm,incomplete,N/A,Orlando City,Columbus Crew,N/A,N/A,1.50,2.00,1.50,2.00,0,0,0,0,0,0,"","",-1,-1,-1,-1,-1,-1,-1,-1,-1,-1,-1,-1,-1,-1,-1,-1,-1,-1,-1,-1,1.65,0.99,0.00,0.00,3.75,75,75,50,50,50,50,75,50,100,8.50,6.00,0.00,0.00,0.00,0.00,0.00,0.00,0.00,0.00,0.00,Inter&Co Stadium (Orlando- Florida)
1759620600,Oct 04 2025 - 11:30pm,incomplete,N/A,Philadelphia Union,New York City,N/A,N/A,1.50,0.50,1.50,0.50,0,0,0,0,0,0,"","",-1,-1,-1,-1,-1,-1,-1,-1,-1,-1,-1,-1,-1,-1,-1,-1,-1,-1,-1,-1,1.48,1.21,0.00,0.00,3.50,75,75,75,75,25,75,75,50,100,10.50,4.00,0.00,0.00,0.00,0.00,0.00,0.00,0.00,0.00,0.00,Subaru Park (Chester- Pennsylvania)
1759624200,Oct 05 2025 - 12:30am,incomplete,N/A,Austin,St. Louis City,N/A,N/A,1.50,2.00,1.50,2.00,0,0,0,0,0,0,"","",-1,-1,-1,-1,-1,-1,-1,-1,-1,-1,-1,-1,-1,-1,-1,-1,-1,-1,-1,-1,1.74,0.97,0.00,0.00,1.25,0,25,25,0,0,0,50,25,50,9.50,6.00,0.00,0.00,0.00,0.00,0.00,0.00,0.00,0.00,0.00,Q2 Stadium (Austin- Texas)
1759624200,Oct 05 2025 - 12:30am,incomplete,N/A,Chicago Fire,Toronto,N/A,N/A,1.00,0.33,1.00,0.33,0,0,0,0,0,0,"","",-1,-1,-1,-1,-1,-1,-1,-1,-1,-1,-1,-1,-1,-1,-1,-1,-1,-1,-1,-1,1.10,1.26,0.00,0.00,4.00,84,100,84,84,17,84,84,84,100,9.33,2.33,0.00,0.00,0.00,0.00,0.00,0.00,0.00,0.00,0.00,Soldier Field (Chicago- Illinois)
1759624200,Oct 05 2025 - 12:30am,incomplete,N/A,Houston Dynamo,San Diego,N/A,N/A,0.00,3.00,0.00,3.00,0,0,0,0,0,0,"","",-1,-1,-1,-1,-1,-1,-1,-1,-1,-1,-1,-1,-1,-1,-1,-1,-1,-1,-1,-1,1.45,1.53,0.00,0.00,3.34,75,100,75,42,17,59,75,84,84,7.17,3.50,0.00,0.00,0.00,0.00,0.00,0.00,0.00,0.00,0.00,Shell Energy Stadium (Houston- Texas)
1759624200,Oct 05 2025 - 12:30am,incomplete,N/A,Minnesota United,Sporting KC,N/A,N/A,3.00,0.00,3.00,0.00,0,0,0,0,0,0,"","",-1,-1,-1,-1,-1,-1,-1,-1,-1,-1,-1,-1,-1,-1,-1,-1,-1,-1,-1,-1,1.42,0.91,0.00,0.00,1.50,25,25,25,0,0,0,0,25,100,3.00,5.00,0.00,0.00,0.00,0.00,0.00,0.00,0.00,0.00,0.00,Allianz Field (Saint Paul- Minnesota)
1759627800,Oct 05 2025 - 1:30am,incomplete,N/A,Real Salt Lake,Colorado Rapids,N/A,N/A,1.50,2.33,1.50,2.33,0,0,0,0,0,0,"","",-1,-1,-1,-1,-1,-1,-1,-1,-1,-1,-1,-1,-1,-1,-1,-1,-1,-1,-1,-1,1.41,0.92,0.00,0.00,2.17,42,67,42,25,0,42,84,25,67,6.17,4.17,0.00,0.00,0.00,0.00,0.00,0.00,0.00,0.00,0.00,America First Field (Sandy- Utah)
1759631400,Oct 05 2025 - 2:30am,incomplete,N/A,Seattle Sounders,Portland Timbers,N/A,N/A,2.00,0.00,2.00,0.00,0,0,0,0,0,0,"","",-1,-1,-1,-1,-1,-1,-1,-1,-1,-1,-1,-1,-1,-1,-1,-1,-1,-1,-1,-1,2.23,1.27,0.00,0.00,3.75,50,100,50,50,25,50,100,50,100,10.00,2.50,0.00,0.00,0.00,0.00,0.00,0.00,0.00,0.00,0.00,Lumen Field (Seattle- Washington)
1759712400,Oct 06 2025 - 1:00am,incomplete,N/A,Vancouver Whitecaps,SJ Earthquakes,N/A,N/A,3.00,3.00,3.00,3.00,0,0,0,0,0,0,"","",-1,-1,-1,-1,-1,-1,-1,-1,-1,-1,-1,-1,-1,-1,-1,-1,-1,-1,-1,-1,1.88,0.88,0.00,0.00,2.75,75,100,75,0,0,75,100,0,50,9.00,4.00,0.00,0.00,0.00,0.00,0.00,0.00,0.00,0.00,0.00,BC Place (Vancouver- British Columbia)
1759717800,Oct 06 2025 - 2:30am,incomplete,N/A,Los Angeles FC,Atlanta United FC,N/A,N/A,2.00,0.00,2.00,0.00,0,0,0,0,0,0,"","",-1,-1,-1,-1,-1,-1,-1,-1,-1,-1,-1,-1,-1,-1,-1,-1,-1,-1,-1,-1,1.48,1.68,0.00,0.00,1.50,0,50,0,0,0,0,17,50,84,10.00,2.67,0.00,0.00,0.00,0.00,0.00,0.00,0.00,0.00,0.00,BMO Stadium (Los Angeles- California)
1760824800,Oct 18 2025 - 10:00pm,incomplete,N/A,Atlanta United FC,DC United,N/A,N/A,1.33,1.00,1.33,1.00,0,0,0,0,0,0,"","",-1,-1,-1,-1,-1,-1,-1,-1,-1,-1,-1,-1,-1,-1,-1,-1,-1,-1,-1,-1,1.62,1.80,0.00,0.00,3.34,84,84,84,67,17,67,84,67,84,15.00,5.67,0.00,0.00,0.00,0.00,0.00,0.00,0.00,0.00,0.00,Mercedes-Benz Stadium (Atlanta- Georgia)
1760824800,Oct 18 2025 - 10:00pm,incomplete,N/A,Charlotte,Philadelphia Union,N/A,N/A,3.00,3.00,3.00,3.00,0,0,0,0,0,0,"","",-1,-1,-1,-1,-1,-1,-1,-1,-1,-1,-1,-1,-1,-1,-1,-1,-1,-1,-1,-1,1.62,1.73,0.00,0.00,3.00,25,100,25,25,25,25,25,100,100,9.50,3.50,0.00,0.00,0.00,0.00,0.00,0.00,0.00,0.00,0.00,Bank of America Stadium (Charlotte- North Carolina)
1760824800,Oct 18 2025 - 10:00pm,incomplete,N/A,FC Cincinnati,Montreal Impact,N/A,N/A,3.00,0.25,3.00,0.25,0,0,0,0,0,0,"","",-1,-1,-1,-1,-1,-1,-1,-1,-1,-1,-1,-1,-1,-1,-1,-1,-1,-1,-1,-1,1.60,1.12,0.00,0.00,1.75,13,50,13,13,13,0,25,38,88,9.25,4.75,0.00,0.00,0.00,0.00,0.00,0.00,0.00,0.00,0.00,TQL Stadium (Cincinnati- Ohio)
1760824800,Oct 18 2025 - 10:00pm,incomplete,N/A,Columbus Crew,New York RB,N/A,N/A,2.00,0.50,2.00,0.50,0,0,0,0,0,0,"","",-1,-1,-1,-1,-1,-1,-1,-1,-1,-1,-1,-1,-1,-1,-1,-1,-1,-1,-1,-1,1.71,1.23,0.00,0.00,1.75,25,25,25,25,25,25,25,0,50,7.00,2.50,0.00,0.00,0.00,0.00,0.00,0.00,0.00,0.00,0.00,Lower.com Field (Columbus- Ohio)
1760824800,Oct 18 2025 - 10:00pm,incomplete,N/A,Nashville SC,Inter Miami,N/A,N/A,2.00,3.00,2.00,3.00,0,0,0,0,0,0,"","",-1,-1,-1,-1,-1,-1,-1,-1,-1,-1,-1,-1,-1,-1,-1,-1,-1,-1,-1,-1,1.96,1.60,0.00,0.00,2.50,50,75,50,25,25,50,75,25,75,11.00,4.50,0.00,0.00,0.00,0.00,0.00,0.00,0.00,0.00,0.00,GEODIS Park (Nashville- Tennessee)
1760824800,Oct 18 2025 - 10:00pm,incomplete,N/A,New England Revolution,Chicago Fire,N/A,N/A,0.00,2.00,0.00,2.00,0,0,0,0,0,0,"","",-1,-1,-1,-1,-1,-1,-1,-1,-1,-1,-1,-1,-1,-1,-1,-1,-1,-1,-1,-1,0.97,1.73,0.00,0.00,2.92,50,75,50,34,17,34,34,42,84,4.83,4.00,0.00,0.00,0.00,0.00,0.00,0.00,0.00,0.00,0.00,Gillette Stadium (Foxborough- Massachusetts)
1760824800,Oct 18 2025 - 10:00pm,incomplete,N/A,New York City,Seattle Sounders,N/A,N/A,3.00,0.00,3.00,0.00,0,0,0,0,0,0,"","",-1,-1,-1,-1,-1,-1,-1,-1,-1,-1,-1,-1,-1,-1,-1,-1,-1,-1,-1,-1,1.61,1.35,0.00,0.00,2.25,50,75,50,0,0,25,75,25,75,12.50,5.00,0.00,0.00,0.00,0.00,0.00,0.00,0.00,0.00,0.00,N/A
1760824800,Oct 18 2025 - 10:00pm,incomplete,N/A,Toronto,Orlando City,N/A,N/A,0.00,0.50,0.00,0.50,0,0,0,0,0,0,"","",-1,-1,-1,-1,-1,-1,-1,-1,-1,-1,-1,-1,-1,-1,-1,-1,-1,-1,-1,-1,0.90,1.34,0.00,0.00,3.25,100,100,100,25,0,75,75,25,50,10.00,1.50,0.00,0.00,0.00,0.00,0.00,0.00,0.00,0.00,0.00,BMO Field (Toronto- Ontario)
1760835600,Oct 19 2025 - 1:00am,incomplete,N/A,Colorado Rapids,Los Angeles FC,N/A,N/A,1.00,0.00,1.00,0.00,0,0,0,0,0,0,"","",-1,-1,-1,-1,-1,-1,-1,-1,-1,-1,-1,-1,-1,-1,-1,-1,-1,-1,-1,-1,1.88,0.93,0.00,0.00,6.50,100,100,100,100,100,100,100,100,100,10.00,2.00,0.00,0.00,0.00,0.00,0.00,0.00,0.00,0.00,0.00,Dick's Sporting Goods Park (Commerce City- Colorado)
1760835600,Oct 19 2025 - 1:00am,incomplete,N/A,Sporting KC,Houston Dynamo,N/A,N/A,0.50,1.00,0.50,1.00,0,0,0,0,0,0,"","",-1,-1,-1,-1,-1,-1,-1,-1,-1,-1,-1,-1,-1,-1,-1,-1,-1,-1,-1,-1,1.70,0.61,0.00,0.00,2.25,50,50,50,25,25,50,50,25,25,10.00,6.50,0.00,0.00,0.00,0.00,0.00,0.00,0.00,0.00,0.00,Children's Mercy Park (Kansas City- Kansas)
1760835600,Oct 19 2025 - 1:00am,incomplete,N/A,LA Galaxy,Minnesota United,N/A,N/A,0.00,1.33,0.00,1.33,0,0,0,0,0,0,"","",-1,-1,-1,-1,-1,-1,-1,-1,-1,-1,-1,-1,-1,-1,-1,-1,-1,-1,-1,-1,1.70,1.49,0.00,0.00,2.59,17,67,42,17,17,17,59,67,84,9.00,1.83,0.00,0.00,0.00,0.00,0.00,0.00,0.00,0.00,0.00,Dignity Health Sports Park (Carson- California)
1760835600,Oct 19 2025 - 1:00am,incomplete,N/A,Portland Timbers,San Diego,N/A,N/A,1.33,3.00,1.33,3.00,0,0,0,0,0,0,"","",-1,-1,-1,-1,-1,-1,-1,-1,-1,-1,-1,-1,-1,-1,-1,-1,-1,-1,-1,-1,1.08,1.53,0.00,0.00,2.84,59,84,42,42,17,42,42,84,100,9.17,4.83,0.00,0.00,0.00,0.00,0.00,0.00,0.00,0.00,0.00,Providence Park (Portland- Oregon)
1760835600,Oct 19 2025 - 1:00am,incomplete,N/A,SJ Earthquakes,Austin,N/A,N/A,1.00,1.50,1.00,1.50,0,0,0,0,0,0,"","",-1,-1,-1,-1,-1,-1,-1,-1,-1,-1,-1,-1,-1,-1,-1,-1,-1,-1,-1,-1,2.16,1.25,0.00,0.00,1.84,17,34,34,17,0,17,75,17,59,13.67,5.00,0.00,0.00,0.00,0.00,0.00,0.00,0.00,0.00,0.00,PayPal Park (San Jose- California)
1760835600,Oct 19 2025 - 1:00am,incomplete,N/A,St. Louis City,Real Salt Lake,N/A,N/A,2.00,1.50,2.00,1.50,0,0,0,0,0,0,"","",-1,-1,-1,-1,-1,-1,-1,-1,-1,-1,-1,-1,-1,-1,-1,-1,-1,-1,-1,-1,1.83,1.79,0.00,0.00,2.00,25,50,50,25,0,25,75,25,25,8.00,3.00,0.00,0.00,0.00,0.00,0.00,0.00,0.00,0.00,0.00,CITYPARK (St. Louis- Missouri)
1760835600,Oct 19 2025 - 1:00am,incomplete,N/A,Vancouver Whitecaps,FC Dallas,N/A,N/A,3.00,2.00,3.00,2.00,0,0,0,0,0,0,"","",-1,-1,-1,-1,-1,-1,-1,-1,-1,-1,-1,-1,-1,-1,-1,-1,-1,-1,-1,-1,1.88,1.36,0.00,0.00,3.50,75,100,75,25,25,50,100,50,100,9.00,4.50,0.00,0.00,0.00,0.00,0.00,0.00,0.00,0.00,0.00,BC Place (Vancouver- British Columbia)
