timestamp,date_GMT,status,attendance,home_team_name,away_team_name,referee,Game Week,Pre-Match PPG (Home),Pre-Match PPG (Away),home_ppg,away_ppg,home_team_goal_count,away_team_goal_count,total_goal_count,total_goals_at_half_time,home_team_goal_count_half_time,away_team_goal_count_half_time,home_team_goal_timings,away_team_goal_timings,home_team_corner_count,away_team_corner_count,home_team_yellow_cards,home_team_red_cards,away_team_yellow_cards,away_team_red_cards,home_team_first_half_cards,home_team_second_half_cards,away_team_first_half_cards,away_team_second_half_cards,home_team_shots,away_team_shots,home_team_shots_on_target,away_team_shots_on_target,home_team_shots_off_target,away_team_shots_off_target,home_team_fouls,away_team_fouls,home_team_possession,away_team_possession,Home Team Pre-Match xG,Away Team Pre-Match xG,team_a_xg,team_b_xg,average_goals_per_match_pre_match,btts_percentage_pre_match,over_15_percentage_pre_match,over_25_percentage_pre_match,over_35_percentage_pre_match,over_45_percentage_pre_match,over_15_HT_FHG_percentage_pre_match,over_05_HT_FHG_percentage_pre_match,over_15_2HG_percentage_pre_match,over_05_2HG_percentage_pre_match,average_corners_per_match_pre_match,average_cards_per_match_pre_match,odds_ft_home_team_win,odds_ft_draw,odds_ft_away_team_win,odds_ft_over15,odds_ft_over25,odds_ft_over35,odds_ft_over45,odds_btts_yes,odds_btts_no,stadium_name
1713043800,Apr 13 2024 - 9:30pm,complete,N/A,Internacional,Bahia,N/A,1,0.00,0.00,2.00,0.89,2,1,3,0,0,0,"72,83","70",6,3,4,0,4,0,2,2,1,3,19,10,10,5,7,3,23,12,52,48,0.00,0.00,2.13,1.09,0.00,0,0,0,0,0,0,0,0,0,0.00,0.00,1.75,3.45,4.50,1.32,1.95,3.50,6.85,1.95,1.80,Estádio José Pinheiro Borda
1713043800,Apr 13 2024 - 9:30pm,complete,N/A,Criciúma,Juventude,Bruno Pereira Vasconcelos,1,0.00,0.00,1.21,0.79,1,1,2,1,1,0,"36","64",0,4,4,0,6,0,0,4,3,3,11,16,4,5,4,7,9,13,47,53,0.00,0.00,0.99,1.58,0.00,0,0,0,0,0,0,0,0,0,0.00,0.00,2.10,3.05,3.50,1.41,2.30,4.30,8.40,2.05,1.70,Estádio Heriberto Hülse
1713052800,Apr 14 2024 - 12:00am,complete,N/A,Fluminense,Bragantino,N/A,1,0.00,0.00,1.53,0.68,2,2,4,1,1,0,"45'4,68","47,52",13,6,3,0,4,0,2,1,2,2,27,17,12,9,10,7,8,17,69,31,0.00,0.00,2.75,1.97,0.00,0,0,0,0,0,0,0,0,0,0.00,0.00,1.95,3.30,4.20,1.35,2.15,3.80,7.62,1.95,1.80,N/A
1713052800,Apr 14 2024 - 12:00am,complete,N/A,São Paulo,Fortaleza,N/A,1,0.00,0.00,2.05,1.11,1,2,3,0,0,0,"84","66,80",11,4,3,0,3,0,0,3,1,2,17,7,7,3,5,3,10,13,72,28,0.00,0.00,1.75,0.80,0.00,0,0,0,0,0,0,0,0,0,0.00,0.00,1.95,3.30,4.00,1.44,2.35,4.59,8.50,2.05,1.70,Morumbí
1713121200,Apr 14 2024 - 7:00pm,complete,N/A,Vasco da Gama,Grêmio,Flavio Rodrigues De Souza,1,0.00,0.00,1.84,0.84,2,1,3,2,2,0,"24,37","68",3,5,5,0,0,0,1,4,0,0,16,10,4,3,7,5,18,9,47,53,0.00,0.00,1.35,1.03,0.00,0,0,0,0,0,0,0,0,0,0.00,0.00,2.15,3.30,3.20,1.37,2.00,3.93,7.20,1.91,1.91,Estádio Club de Regatas Vasco da Gama
1713121200,Apr 14 2024 - 7:00pm,complete,N/A,Corinthians,Atlético Mineiro,N/A,1,0.00,0.00,2.00,1.00,0,0,0,0,0,0,"","",3,3,8,0,5,1,5,3,3,3,15,9,3,4,7,2,12,13,49,51,0.00,0.00,1.12,0.85,0.00,0,0,0,0,0,0,0,0,0,0.00,0.00,2.60,3.00,2.75,1.51,2.20,5.55,10.00,2.10,1.67,Arena Corinthians
1713121200,Apr 14 2024 - 7:00pm,complete,N/A,Atlético PR,Cuiabá,Jonathan Benkenstein Pinheiro,1,0.00,0.00,1.32,0.84,4,0,4,3,3,0,"23,37,39,81","",7,0,0,0,3,0,0,0,2,1,21,3,10,2,6,1,14,9,62,38,0.00,0.00,2.21,0.45,0.00,0,0,0,0,0,0,0,0,0,0.00,0.00,1.53,3.75,6.00,1.43,2.12,4.40,7.90,2.20,1.62,N/A
1713121200,Apr 14 2024 - 7:00pm,complete,N/A,Atlético GO,Flamengo,N/A,1,0.00,0.00,1.05,1.68,1,2,3,1,0,1,"63","45'6,90'13",4,4,5,2,3,0,5,2,1,2,12,16,5,3,5,8,10,11,32,68,0.00,0.00,1.21,1.26,0.00,0,0,0,0,0,0,0,0,0,0.00,0.00,4.20,3.50,1.80,1.33,1.96,3.45,6.97,1.95,1.80,N/A
1713124800,Apr 14 2024 - 8:00pm,complete,N/A,Cruzeiro,Botafogo,N/A,1,0.00,0.00,1.84,2.00,3,2,5,2,1,1,"20,65,90'1","5,83",6,3,4,0,3,1,2,2,2,2,16,7,6,4,4,3,6,9,56,44,0.00,0.00,1.46,0.91,0.00,0,0,0,0,0,0,0,0,0,0.00,0.00,2.15,3.10,3.40,1.48,2.45,5.12,9.30,2.05,1.70,Estádio Governador Magalhães Pinto
1713130200,Apr 14 2024 - 9:30pm,complete,N/A,Vitória,Palmeiras,Braulio da Silva Machado,1,0.00,0.00,1.42,1.84,0,1,1,1,0,1,"","20",3,9,3,0,5,0,2,1,2,3,14,17,6,5,4,7,13,14,57,43,0.00,0.00,1.33,1.42,0.00,0,0,0,0,0,0,0,0,0,0.00,0.00,5.00,3.80,1.62,1.31,1.83,3.31,6.60,1.95,1.80,Estádio Manoel Barradas
1713313800,Apr 17 2024 - 12:30am,complete,23080,Bahia,Fluminense,N/A,2,0.00,0.00,1.89,0.89,2,1,3,2,1,1,"34,61","4",4,3,4,0,5,0,2,2,0,5,13,11,6,4,5,3,16,21,40,60,0.00,0.00,1.55,0.99,0.00,0,0,0,0,0,0,0,0,0,0.00,0.00,2.15,3.40,3.50,1.34,1.90,3.66,7.41,1.70,2.05,Arena Fonte Nova
1713391200,Apr 17 2024 - 10:00pm,complete,N/A,Grêmio,Atlético PR,Marcelo de Lima Henrique,2,0.00,0.00,1.53,0.89,2,0,2,1,1,0,"19,51","",9,2,1,0,3,0,0,1,1,2,15,5,8,0,4,4,7,14,48,52,0.00,0.00,1.64,0.60,0.00,0,0,0,0,0,0,0,0,0,0.00,0.00,2.60,3.25,2.75,1.38,2.10,3.75,7.50,1.91,1.91,Arena do Grêmio
1713391200,Apr 17 2024 - 10:00pm,complete,N/A,Bragantino,Vasco da Gama,N/A,2,0.00,0.00,1.63,0.79,2,1,3,1,1,0,"7,78","63",4,6,2,0,0,0,0,2,0,0,18,14,6,4,9,8,14,15,40,60,0.00,0.00,1.76,1.34,0.00,0,0,0,0,0,0,0,0,0,0.00,0.00,1.91,3.50,4.20,1.35,2.00,3.76,7.72,1.80,1.95,Estádio Nabi Abi Chedid
1713394800,Apr 17 2024 - 11:00pm,complete,N/A,Atlético Mineiro,Criciúma,N/A,2,0.00,0.00,1.47,0.79,1,1,2,1,1,0,"40","84",9,2,2,0,4,0,0,2,2,2,23,6,7,2,8,4,9,9,68,32,0.00,0.00,1.95,0.77,0.00,0,0,0,0,0,0,0,0,0,0.00,0.00,1.50,4.00,7.00,1.26,2.05,3.02,5.65,2.20,1.62,Estádio Raimundo Sampaio
1713394800,Apr 17 2024 - 11:00pm,complete,N/A,Palmeiras,Internacional,Lucas Paulo Torezin,2,0.00,0.00,2.00,1.42,0,1,1,1,0,1,"","45",6,2,2,0,4,0,0,2,1,3,20,6,4,3,11,3,15,21,68,32,0.00,0.00,1.49,0.79,0.00,0,0,0,0,0,0,0,0,0,0.00,0.00,1.65,3.60,6.00,1.35,2.20,3.80,7.50,2.10,1.67,Allianz Parque
1713394800,Apr 17 2024 - 11:00pm,complete,N/A,Fortaleza,Cruzeiro,N/A,2,0.00,0.00,2.47,0.89,1,1,2,1,1,0,"19","89",7,5,2,0,2,1,0,2,0,3,15,15,4,7,6,6,9,8,39,61,0.00,0.00,1.19,1.64,0.00,0,0,0,0,0,0,0,0,0,0.00,0.00,1.95,3.40,4.00,1.42,2.25,4.33,8.50,2.05,1.70,Estádio Governador Plácido Aderaldo Castelo
1713394800,Apr 17 2024 - 11:00pm,complete,N/A,Juventude,Corinthians,Bruno Arleu de Araujo,2,0.00,0.00,1.58,0.95,2,0,2,0,0,0,"53,59","",6,7,2,1,1,0,0,3,0,1,17,18,9,3,4,11,16,10,45,55,0.00,0.00,1.65,1.43,0.00,0,0,0,0,0,0,0,0,0,0.00,0.00,3.50,3.00,2.30,1.42,2.88,4.25,8.65,2.25,1.57,N/A
1713400200,Apr 18 2024 - 12:30am,complete,N/A,Flamengo,São Paulo,Anderson Daronco,2,0.00,0.00,2.00,1.05,2,1,3,1,1,0,"20,54","79",9,1,1,0,3,0,1,0,2,1,13,11,7,4,4,3,20,19,46,54,0.00,0.00,1.46,0.91,0.00,0,0,0,0,0,0,0,0,0,0.00,0.00,1.62,3.60,6.00,1.33,2.15,3.55,7.00,2.05,1.70,N/A
1713486600,Apr 19 2024 - 12:30am,complete,N/A,Botafogo,Atlético GO,Luiz Flavio De Oliveira,2,0.00,0.00,2.16,0.53,1,0,1,1,1,0,"32","",8,8,4,0,3,0,2,2,3,0,14,13,5,4,6,4,13,12,53,47,0.00,0.00,1.40,1.18,0.00,0,0,0,0,0,0,0,0,0,0.00,0.00,1.73,3.50,5.00,1.36,2.08,3.75,7.50,1.95,1.80,Estádio Nilton Santos
1713639600,Apr 20 2024 - 7:00pm,complete,N/A,Fluminense,Vasco da Gama,Wilton Pereira Sampaio,3,1.00,0.00,1.53,0.79,2,1,3,1,1,0,"10,53","55",2,7,4,0,4,0,2,2,1,3,12,23,9,6,2,9,15,17,58,42,2.75,1.34,1.68,1.65,3.50,100,100,100,50,0,0,100,100,100,19.00,3.00,1.94,3.47,4.11,1.29,1.95,3.34,6.35,1.91,1.91,N/A
1713648600,Apr 20 2024 - 9:30pm,complete,N/A,Grêmio,Cuiabá,Bruno Pereira Vasconcelos,3,3.00,0.00,1.53,0.84,1,0,1,1,1,0,"44","",3,4,4,0,2,0,2,2,2,0,8,15,5,4,3,8,10,5,57,43,1.64,0.45,1.38,1.33,3.00,0,100,50,50,0,50,100,0,100,9.00,4.00,1.72,3.67,5.10,1.35,2.05,3.65,7.00,2.20,1.62,Arena do Grêmio
1713648600,Apr 20 2024 - 9:30pm,complete,N/A,Bragantino,Corinthians,N/A,3,3.00,0.00,1.63,0.95,1,0,1,1,1,0,"5","",3,4,4,0,2,0,3,1,1,1,11,16,4,5,5,8,20,12,35,65,1.76,1.43,1.04,1.52,2.50,50,100,50,0,0,0,50,100,100,11.00,3.00,1.80,3.48,4.90,1.35,2.30,3.75,7.50,1.95,1.80,Estádio Nabi Abi Chedid
1713657600,Apr 21 2024 - 12:00am,complete,N/A,Atlético Mineiro,Cruzeiro,Ramon Abatti,3,1.00,1.00,1.47,0.89,3,0,3,3,3,0,"25,35,45'2","",4,4,2,0,2,0,0,2,0,2,10,11,5,4,3,1,15,17,58,42,1.95,1.64,1.15,0.92,2.00,100,100,0,0,0,0,100,0,100,14.00,5.00,1.91,3.50,4.00,1.42,2.35,4.33,8.50,2.20,1.62,N/A
1713726000,Apr 21 2024 - 7:00pm,complete,N/A,Vitória,Bahia,Raphael Claus,3,0.00,0.00,1.42,0.89,2,2,4,1,1,0,"20,57","69,72",2,7,3,0,3,0,2,1,0,3,14,21,9,8,4,6,12,13,43,57,1.33,1.09,1.61,1.76,2.00,50,50,50,0,0,0,50,50,50,6.00,7.00,2.60,3.20,2.80,1.42,2.15,4.20,8.50,1.80,1.95,Estádio Manoel Barradas
1713726000,Apr 21 2024 - 7:00pm,complete,N/A,Palmeiras,Flamengo,N/A,3,0.00,3.00,2.00,1.68,0,0,0,0,0,0,"","",6,5,4,0,5,0,2,2,4,1,13,9,2,4,8,3,22,12,48,52,1.49,1.26,0.98,0.95,2.00,50,50,50,0,0,0,100,50,50,10.00,5.00,2.20,3.13,3.00,1.35,2.05,3.70,7.50,2.00,1.75,Allianz Parque
1713726000,Apr 21 2024 - 7:00pm,complete,N/A,Atlético PR,Internacional,Felipe Fernandes de Lima,3,3.00,3.00,1.32,1.42,1,0,1,0,0,0,"71","",5,3,4,1,5,0,1,4,4,1,6,8,0,2,5,4,15,15,46,54,2.21,0.79,0.42,0.57,2.50,0,50,50,50,0,50,100,0,50,9.00,4.00,1.83,3.60,4.00,1.36,2.00,3.75,7.50,2.00,1.75,N/A
1713735000,Apr 21 2024 - 9:30pm,complete,N/A,Botafogo,Juventude,N/A,3,3.00,1.00,2.16,0.79,5,1,6,2,2,0,"4,9,53,61,80","85",5,4,4,0,2,1,2,2,3,0,14,13,7,2,5,5,21,9,55,45,1.40,1.58,1.52,0.86,1.50,50,50,0,0,0,0,100,0,50,12.00,10.00,1.73,3.60,4.75,1.33,2.00,3.66,7.10,2.10,1.67,Estádio Nilton Santos
1713735000,Apr 21 2024 - 9:30pm,complete,N/A,Atlético GO,São Paulo,Braulio da Silva Machado,3,0.00,0.00,1.05,1.05,0,3,3,1,0,1,"","14,52,76",4,3,4,2,0,0,2,4,0,0,10,20,2,8,4,4,11,9,34,66,1.21,0.91,0.78,1.78,3.00,100,100,100,0,0,0,100,100,100,5.00,12.00,2.80,2.90,2.45,1.39,2.38,4.15,8.10,2.05,1.70,N/A
1714244400,Apr 27 2024 - 7:00pm,complete,N/A,Vasco da Gama,Criciúma,Caio Max Augusto Vieira,4,3.00,1.00,1.84,0.79,0,4,4,1,0,1,"","32,47,55,69",5,4,1,0,0,0,1,0,0,0,22,19,6,11,8,5,12,6,58,42,1.35,0.77,1.66,2.00,2.50,100,100,50,0,0,50,100,0,100,5.00,9.00,1.61,3.50,4.60,1.33,2.05,3.70,7.50,2.20,1.62,Estádio Club de Regatas Vasco da Gama
1714253400,Apr 27 2024 - 9:30pm,complete,N/A,Cuiabá,Atlético Mineiro,Savio Pereira Sampaio,4,0.00,1.00,0.74,1.00,0,3,3,1,0,1,"","28,61,78",3,10,4,0,4,1,1,3,2,3,6,14,2,6,2,5,10,16,32,68,0.00,0.85,0.52,1.56,0.00,0,0,0,0,0,0,0,0,0,3.00,6.00,3.25,3.00,2.10,1.50,2.37,5.00,10.25,2.25,1.57,Arena Pantanal
1714262400,Apr 28 2024 - 12:00am,complete,36066,Bahia,Grêmio,Braulio da Silva Machado,4,3.00,0.00,1.89,0.84,1,0,1,1,1,0,"17","",4,0,2,0,4,2,0,2,1,5,15,4,5,3,5,1,10,15,60,40,1.55,1.03,1.36,0.63,3.00,100,100,100,0,0,100,100,0,100,9.00,4.00,1.91,3.60,4.00,1.33,1.95,3.60,7.00,1.80,1.95,Arena Fonte Nova
1714312800,Apr 28 2024 - 2:00pm,complete,N/A,Flamengo,Botafogo,Raphael Claus,4,3.00,0.00,2.00,2.00,0,2,2,0,0,0,"","53,90'3",8,3,1,0,4,0,0,1,2,2,16,10,0,4,12,1,11,14,60,40,1.46,0.91,1.26,0.78,4.00,100,100,100,50,50,50,100,100,100,12.00,6.00,1.60,3.61,5.00,1.33,2.03,3.55,6.90,1.95,1.80,N/A
1714330800,Apr 28 2024 - 7:00pm,complete,N/A,Cruzeiro,Vitória,Fabio Augusto de Sá Junior,4,3.00,0.00,1.84,1.05,3,1,4,0,0,0,"50,58,75","52",10,4,2,0,0,0,0,2,0,0,16,11,7,4,5,6,12,6,54,46,1.46,0.00,1.67,1.11,2.50,50,50,50,50,50,50,50,50,50,6.00,4.00,1.53,3.60,5.50,1.42,2.10,4.33,8.50,2.20,1.62,Estádio Governador Magalhães Pinto
1714330800,Apr 28 2024 - 7:00pm,complete,N/A,Corinthians,Fluminense,Ramon Abatti,4,1.00,0.00,2.00,0.89,3,0,3,2,2,0,"40,45'2,47","",6,8,4,0,2,0,4,0,2,0,18,14,8,3,4,5,14,13,31,69,1.12,0.99,1.49,1.08,1.50,50,50,50,0,0,50,50,0,50,6.00,13.00,2.30,2.90,2.90,1.44,2.30,4.50,9.00,1.95,1.80,Arena Corinthians
1714339800,Apr 28 2024 - 9:30pm,complete,18113,Fortaleza,Bragantino,N/A,4,1.00,1.00,2.47,0.68,1,1,2,2,1,1,"9","40",12,6,1,0,1,0,0,1,1,0,24,11,6,5,10,4,8,6,44,56,1.19,1.97,1.80,1.20,3.00,100,100,50,50,0,0,100,50,100,13.00,6.00,2.10,3.00,3.25,1.35,2.20,3.70,7.35,1.91,1.91,Estádio Governador Plácido Aderaldo Castelo
1714339800,Apr 28 2024 - 9:30pm,complete,N/A,Juventude,Atlético PR,N/A,4,3.00,0.00,1.58,0.89,1,1,2,1,1,0,"8","73",4,6,2,0,2,0,0,2,0,2,16,16,6,7,6,5,12,15,55,45,1.65,0.60,1.52,1.56,2.00,0,100,0,0,0,0,50,50,100,8.00,6.00,2.80,2.87,2.40,1.42,2.30,4.33,8.50,1.95,1.80,N/A
1714345200,Apr 28 2024 - 11:00pm,complete,N/A,Internacional,Atlético GO,Edina Alves Batista,4,3.00,0.00,2.00,0.53,1,1,2,0,0,0,"55","50",13,0,0,0,4,0,0,0,0,4,23,5,6,3,9,0,13,12,72,28,2.13,1.18,2.04,0.54,2.00,50,50,50,0,0,0,50,50,50,14.00,7.00,1.57,3.80,6.50,1.28,2.10,3.25,6.00,2.10,1.67,Estádio José Pinheiro Borda
1714431600,Apr 29 2024 - 11:00pm,complete,N/A,São Paulo,Palmeiras,Wilton Pereira Sampaio,4,0.00,3.00,2.05,1.84,0,0,0,0,0,0,"","",6,4,4,0,3,0,2,2,2,1,17,10,2,4,8,3,12,17,53,47,1.75,1.42,0.99,0.95,2.00,50,50,50,0,0,0,50,50,50,20.00,8.00,2.45,2.90,3.25,1.53,2.60,4.60,9.20,2.20,1.62,Morumbí
1714849200,May 04 2024 - 7:00pm,complete,N/A,Fluminense,Atlético Mineiro,Raphael Claus,5,2.00,2.00,1.53,1.00,2,2,4,1,1,0,"4,61","73,79",4,11,5,0,2,0,5,0,1,1,11,20,6,8,3,6,11,18,43,57,2.22,1.21,1.13,1.75,2.50,50,75,75,25,0,0,75,75,75,14.00,9.00,1.86,3.35,3.85,1.36,2.20,3.80,7.00,1.95,1.80,N/A
1714858200,May 04 2024 - 9:30pm,complete,N/A,Bragantino,Flamengo,N/A,5,3.00,2.00,1.63,1.68,1,1,2,1,1,0,"30","79",8,4,2,0,2,0,1,1,2,0,19,20,4,7,5,6,17,10,43,57,1.40,1.10,1.32,1.73,1.75,50,50,50,0,0,0,75,50,50,8.00,7.00,2.96,3.20,2.25,1.33,2.15,3.60,6.50,1.91,1.91,Estádio Nabi Abi Chedid
1714867200,May 05 2024 - 12:00am,complete,N/A,Corinthians,Fortaleza,Felipe Fernandes de Lima,5,2.00,3.00,2.00,1.11,0,0,0,0,0,0,"","",9,5,1,0,6,0,1,0,2,4,19,13,10,3,6,4,12,20,65,35,1.30,0.80,2.29,1.13,2.25,50,75,75,0,0,25,25,50,75,8.50,9.00,2.25,3.20,3.50,1.44,2.60,4.33,8.50,2.20,1.62,N/A
1714935600,May 05 2024 - 7:00pm,complete,N/A,Vitória,São Paulo,Ramon Abatti,5,0.50,1.50,1.42,1.05,1,3,4,1,0,1,"49","45,53,84",3,8,3,1,4,0,2,2,3,1,8,22,3,9,2,8,9,14,33,67,1.47,1.35,0.74,1.99,2.75,50,75,75,25,0,0,100,75,75,4.50,4.50,3.70,2.90,2.18,1.50,2.27,5.00,10.00,2.05,1.70,Estádio Manoel Barradas
1714935600,May 05 2024 - 7:00pm,complete,31192,Atlético PR,Vasco da Gama,Anderson Daronco,5,3.00,0.00,1.32,0.79,1,0,1,1,1,0,"26","",6,5,1,0,0,1,0,1,1,0,27,8,8,2,13,6,11,9,56,44,1.32,1.50,2.35,0.85,2.75,50,75,75,25,0,25,75,50,100,12.50,4.50,1.67,3.60,5.00,1.33,2.04,3.75,7.50,2.05,1.70,N/A
1714944600,May 05 2024 - 9:30pm,complete,N/A,Botafogo,Bahia,N/A,5,3.00,0.50,2.16,0.89,1,2,3,1,0,1,"63","45'3,86",5,1,2,0,2,0,0,2,1,1,18,11,7,5,10,5,8,5,55,45,1.46,1.42,2.01,1.19,3.50,75,75,75,50,25,25,75,75,75,11.50,7.50,1.81,3.45,4.30,1.29,2.05,3.00,5.50,1.75,2.00,Estádio Nilton Santos
1714944600,May 05 2024 - 9:30pm,complete,N/A,Cuiabá,Palmeiras,Bruno Arleu de Araujo,5,0.00,2.00,0.74,1.84,0,2,2,1,0,1,"","45'1,71",6,6,2,0,3,0,1,1,0,3,10,16,2,7,6,6,9,11,45,55,0.52,1.18,0.85,1.73,1.75,0,50,50,0,0,0,75,50,50,9.50,8.00,3.96,3.35,1.91,1.47,2.26,4.75,10.00,2.25,1.57,Arena Pantanal
1715454000,May 11 2024 - 7:00pm,complete,56929,Flamengo,Corinthians,Ramon Abatti,6,1.50,0.00,2.00,0.95,2,0,2,1,1,0,"20,63","",13,6,1,0,1,0,0,1,1,0,19,14,10,4,4,5,12,17,58,42,1.36,1.47,2.09,1.12,2.00,25,75,25,0,0,0,50,75,75,14.00,2.50,1.60,3.80,6.25,1.38,2.15,4.20,8.50,2.05,1.70,N/A
1715540400,May 12 2024 - 7:00pm,complete,N/A,Palmeiras,Atlético PR,Braulio da Silva Machado,6,0.50,0.50,2.00,0.89,0,2,2,1,0,1,"","45'9,59",9,6,4,0,5,1,2,2,2,4,24,12,7,7,11,2,13,16,63,37,1.23,1.08,1.89,1.24,1.25,25,50,0,0,0,0,75,0,50,10.00,5.50,1.62,3.40,5.00,1.36,2.10,4.00,8.00,2.05,1.70,Allianz Parque
1715540400,May 12 2024 - 7:00pm,complete,N/A,Fortaleza,Botafogo,Wilton Pereira Sampaio,6,1.00,1.50,2.47,2.00,1,1,2,2,1,1,"10","41",6,5,4,0,7,0,1,3,1,6,12,12,5,6,5,5,12,22,43,57,1.50,0.85,1.20,1.33,2.75,75,100,25,25,25,50,75,50,75,12.50,6.00,1.80,3.25,4.00,1.40,2.10,4.20,8.00,1.95,1.80,Estádio Governador Plácido Aderaldo Castelo
1715540400,May 12 2024 - 7:00pm,complete,N/A,Atlético GO,Cruzeiro,N/A,6,0.00,0.50,1.05,0.89,0,1,1,0,0,0,"","81",5,5,1,0,2,0,0,1,0,2,18,13,6,6,6,3,11,8,46,54,0.99,1.28,1.53,1.27,2.75,50,100,75,0,0,25,100,50,75,8.50,10.50,2.55,3.00,2.63,1.42,2.38,4.33,8.50,2.00,1.75,N/A
1715549400,May 12 2024 - 9:30pm,complete,N/A,Bahia,Bragantino,N/A,6,3.00,1.00,1.89,0.68,1,0,1,1,1,0,"37","",6,7,2,0,3,0,1,1,1,2,9,16,4,6,3,6,12,13,50,50,1.45,1.58,1.04,1.46,2.50,75,75,50,25,0,50,100,25,50,10.00,5.50,1.75,3.80,4.33,1.30,1.85,3.50,6.50,1.80,1.95,Arena Fonte Nova
1715549400,May 12 2024 - 9:30pm,complete,11094,Vasco da Gama,Vitória,Raphael Claus,6,1.50,0.00,1.84,1.05,2,1,3,0,0,0,"50,56","89",4,4,5,0,1,1,1,4,0,2,18,14,9,6,3,5,12,12,57,43,1.51,1.11,1.74,1.52,3.75,75,100,100,75,0,25,50,75,100,8.00,3.00,1.73,3.60,5.00,1.38,2.05,3.80,8.00,1.95,1.80,Estádio Club de Regatas Vasco da Gama
1715641200,May 13 2024 - 11:00pm,complete,N/A,São Paulo,Fluminense,Anderson Daronco,6,0.50,0.00,2.05,0.89,2,1,3,2,1,1,"32,84","29",7,4,5,0,3,0,3,2,2,1,16,8,9,3,4,4,15,12,50,50,1.37,1.04,1.82,0.98,2.25,50,75,75,0,0,50,50,25,75,14.00,7.00,1.70,3.60,5.25,1.40,2.10,4.20,8.50,2.05,1.70,Morumbí
1717268400,Jun 01 2024 - 7:00pm,complete,N/A,Grêmio,Bragantino,Ramon Abatti,7,3.00,0.67,1.53,0.68,0,2,2,1,0,1,"","3,60",6,0,4,0,2,0,2,2,0,2,10,15,2,5,4,7,16,19,44,56,1.51,1.54,0.91,1.31,1.92,34,59,17,17,0,17,100,17,42,12.33,5.17,2.95,3.12,2.53,1.29,1.91,3.34,6.35,1.80,1.95,Estádio Major Antônio Couto Pereira
1717268400,Jun 01 2024 - 7:00pm,complete,N/A,Vitória,Atlético GO,N/A,7,0.33,0.50,1.42,0.53,0,2,2,1,0,1,"","42,69",3,4,2,2,2,0,2,2,2,0,13,13,4,6,4,5,7,9,34,66,1.23,0.86,0.98,1.43,2.25,59,59,34,34,0,0,75,59,59,6.67,7.17,2.16,3.12,3.68,1.38,2.07,3.92,7.90,1.95,1.80,Estádio Manoel Barradas
1717277400,Jun 01 2024 - 9:30pm,complete,N/A,Fluminense,Juventude,N/A,7,1.67,0.50,1.53,0.79,1,1,2,1,1,0,"42","67",5,3,2,0,4,1,1,1,0,5,19,13,5,4,9,5,13,19,62,38,1.86,1.22,1.66,1.08,3.84,100,100,75,59,25,25,100,75,100,10.33,8.50,1.57,4.20,5.50,1.30,1.85,3.40,6.50,2.00,1.75,Estádio Nilton Santos
1717277400,Jun 01 2024 - 9:30pm,complete,N/A,Cuiabá,Internacional,N/A,7,0.00,1.50,0.74,1.42,0,1,1,0,0,0,"","69",0,2,4,0,4,0,1,3,1,3,9,12,4,4,4,4,12,21,36,64,0.68,0.68,0.98,1.13,1.75,0,50,25,0,0,0,75,25,75,7.00,7.50,3.50,3.10,2.30,1.50,2.88,4.80,9.70,2.25,1.57,Arena Pantanal
1717286400,Jun 02 2024 - 12:00am,complete,N/A,Corinthians,Botafogo,Anderson Daronco,7,1.67,1.33,2.00,2.00,0,1,1,0,0,0,"","60",2,5,2,0,5,0,2,0,1,4,17,10,8,3,7,3,7,16,53,47,1.63,1.01,1.88,0.88,2.00,34,67,33,17,17,50,50,34,50,9.67,9.66,2.20,3.20,3.50,1.40,2.35,4.00,8.00,2.05,1.70,N/A
1717354800,Jun 02 2024 - 7:00pm,complete,N/A,Atlético Mineiro,Bahia,Bruno Arleu de Araujo,7,2.00,1.33,1.47,0.89,1,1,2,0,0,0,"62","70",5,4,6,0,4,0,1,5,1,3,22,10,5,3,11,4,13,9,64,36,1.55,1.35,1.72,0.88,2.92,75,100,75,17,0,25,84,50,75,10.17,5.00,1.68,3.70,4.86,1.33,1.88,3.60,7.00,1.95,1.80,N/A
1717354800,Jun 02 2024 - 7:00pm,complete,N/A,Vasco da Gama,Flamengo,Braulio da Silva Machado,7,2.00,1.67,1.84,1.68,1,6,7,4,1,3,"9","28,33,43,51,73,89",1,8,2,1,0,0,1,2,0,0,3,31,3,19,0,4,18,6,27,73,1.58,1.31,0.55,3.24,2.50,67,84,67,17,0,17,67,50,84,8.33,7.00,4.29,3.70,1.75,1.33,2.00,3.58,7.00,2.00,1.75,N/A
1717354800,Jun 02 2024 - 7:00pm,complete,N/A,Criciúma,Palmeiras,N/A,7,1.00,2.33,1.21,1.84,1,2,3,0,0,0,"69","67,90'2",4,6,7,0,3,0,2,5,0,3,14,24,5,6,5,11,17,9,39,61,0.99,1.36,1.26,1.94,1.50,50,67,0,0,0,0,84,0,67,6.33,7.67,3.91,3.35,1.92,1.33,2.35,3.60,7.00,2.05,1.70,Estádio Heriberto Hülse
1717363800,Jun 02 2024 - 9:30pm,complete,N/A,São Paulo,Cruzeiro,Lucas Paulo Torezin,7,1.33,1.33,2.05,0.89,2,0,2,1,1,0,"5,48","",4,2,2,0,2,1,1,1,2,1,12,11,5,4,6,5,18,11,55,45,1.52,1.28,1.38,1.02,2.00,50,67,50,0,0,33,50,17,67,12.67,6.33,2.00,3.30,4.00,1.38,2.50,4.20,8.50,2.20,1.62,Morumbí
1717363800,Jun 02 2024 - 9:30pm,complete,N/A,Fortaleza,Atlético PR,N/A,7,1.00,1.33,2.47,0.89,1,0,1,1,1,0,"45","",2,4,2,0,4,0,2,0,1,3,12,15,5,3,4,8,12,17,52,48,1.40,1.14,1.15,1.24,2.00,67,100,0,0,0,34,100,0,67,13.00,6.00,2.05,3.25,3.80,1.40,2.25,4.08,8.25,2.00,1.75,Estádio Governador Plácido Aderaldo Castelo
1717624800,Jun 05 2024 - 10:00pm,complete,N/A,Juventude,Atlético GO,Raphael Claus,5,2.00,1.33,1.58,0.53,1,0,1,1,1,0,"38","",4,7,2,1,3,0,1,2,1,2,9,23,3,6,5,9,13,12,42,58,1.58,1.05,0.99,1.71,1.84,42,84,0,0,0,0,59,42,84,9.00,5.50,2.30,3.00,3.40,1.36,2.70,3.88,7.60,2.20,1.62,N/A
1717628400,Jun 05 2024 - 11:00pm,complete,3614,Cuiabá,Vitória,Wilton Pereira Sampaio,2,0.00,0.00,0.74,1.05,0,0,0,0,0,0,"","",4,3,3,0,4,0,2,1,2,2,12,14,0,5,8,7,19,14,54,46,0.78,1.31,0.85,1.45,2.75,50,84,67,25,0,0,34,67,100,7.00,4.83,2.20,3.10,3.70,1.50,2.70,3.65,7.00,2.10,1.67,Arena Pantanal
1717959600,Jun 09 2024 - 7:00pm,complete,N/A,Criciúma,Cuiabá,Bruno Arleu de Araujo,6,0.50,0.00,1.21,0.84,2,5,7,3,0,3,"63,65","16,23,35,46,90'5",6,2,5,1,5,0,0,6,1,4,23,14,9,8,9,4,10,14,61,39,1.13,0.89,2.23,1.61,2.50,50,75,50,25,0,25,75,25,75,4.00,8.00,2.05,3.10,3.25,1.50,2.30,5.00,10.00,2.38,1.53,Estádio Heriberto Hülse
1718143200,Jun 11 2024 - 10:00pm,complete,N/A,Atlético GO,Corinthians,N/A,8,0.00,0.00,1.05,0.95,2,2,4,1,0,1,"66,90'2","15,62",3,4,3,0,4,1,1,2,3,2,23,8,8,4,8,3,12,13,72,28,1.17,1.36,2.30,0.87,2.00,17,67,34,0,0,0,67,50,84,10.00,7.00,2.63,3.10,2.80,1.44,2.50,4.33,9.00,2.10,1.67,N/A
1718143200,Jun 11 2024 - 10:00pm,complete,N/A,Juventude,Vitória,Wagner do Nascimento Magalhaes,8,2.33,0.33,1.58,1.05,1,1,2,2,1,1,"34","42",5,4,3,0,4,0,1,2,2,2,14,19,3,4,8,10,16,8,58,42,1.39,1.36,1.24,1.40,2.00,50,67,34,17,0,0,34,50,67,8.34,5.00,1.95,3.20,4.50,1.40,2.40,4.00,8.00,2.10,1.67,N/A
1718146800,Jun 11 2024 - 11:00pm,complete,N/A,Botafogo,Fluminense,Flavio Rodrigues De Souza,8,2.00,0.00,2.16,0.89,1,0,1,0,0,0,"67","",14,2,3,0,3,0,2,1,2,1,20,7,7,0,9,6,22,14,48,52,1.64,1.02,1.72,0.58,3.17,67,84,84,17,17,67,100,34,84,11.00,6.66,1.91,3.30,4.20,1.36,2.08,3.75,7.50,1.95,1.80,N/A
1718152200,Jun 12 2024 - 12:30am,complete,N/A,Bragantino,Atlético Mineiro,N/A,8,2.33,1.67,1.63,1.00,1,2,3,3,1,2,"25","42,44",8,5,5,1,5,1,1,5,2,4,17,12,7,5,7,2,17,18,55,45,1.37,1.39,1.68,1.05,2.17,50,67,50,17,0,0,84,50,67,13.00,7.00,2.45,3.20,3.00,1.42,2.35,4.20,8.50,2.00,1.75,Estádio Nabi Abi Chedid
1718316000,Jun 13 2024 - 10:00pm,complete,N/A,Cruzeiro,Cuiabá,Marcelo de Lima Henrique,8,3.00,1.00,1.84,0.84,2,1,3,1,1,0,"45'1,67","64",6,4,3,0,2,0,0,3,0,2,13,17,7,6,5,5,9,12,51,49,1.56,1.13,1.73,1.61,4.25,67,84,84,84,42,59,75,67,84,10.00,6.33,1.60,3.60,7.00,1.50,2.60,4.75,10.00,2.50,1.50,Estádio Governador Magalhães Pinto
1718319600,Jun 13 2024 - 11:00pm,complete,N/A,Internacional,São Paulo,Braulio da Silva Machado,8,2.00,2.00,2.00,1.05,0,0,0,0,0,0,"","",5,3,5,0,4,0,1,4,0,4,8,10,0,5,7,3,15,18,49,51,2.08,1.56,0.89,1.00,2.92,84,100,75,17,0,0,50,100,100,13.50,4.33,2.70,3.10,2.80,1.50,2.70,4.33,9.00,2.20,1.62,Estádio Heriberto Hülse
1718319600,Jun 13 2024 - 11:00pm,complete,N/A,Flamengo,Grêmio,Luiz Flavio De Oliveira,8,2.00,0.00,2.00,0.84,2,1,3,1,1,0,"42,67","90'6",4,6,2,0,3,0,2,0,0,3,17,16,7,6,8,6,9,10,44,56,1.61,0.83,1.77,1.64,2.17,42,75,42,0,0,25,84,34,75,12.50,5.00,1.55,4.00,6.50,1.25,1.95,3.10,5.75,2.00,1.75,N/A
1718319600,Jun 13 2024 - 11:00pm,complete,N/A,Atlético PR,Criciúma,Jonathan Benkenstein Pinheiro,8,3.00,2.00,1.32,0.79,3,1,4,2,1,1,"22,55,79","8",5,3,0,0,1,0,0,0,1,0,24,13,8,5,10,5,9,12,66,34,1.66,1.38,2.11,1.12,2.50,25,67,42,42,0,17,84,25,84,9.00,4.00,1.45,4.33,7.50,1.36,2.00,4.00,8.00,2.20,1.62,N/A
1718325000,Jun 14 2024 - 12:30am,complete,N/A,Bahia,Fortaleza,Felipe Fernandes de Lima,8,3.00,2.00,1.89,1.11,1,0,1,0,0,0,"79","",5,9,6,0,1,0,0,6,0,1,14,22,4,7,6,8,14,9,54,46,1.32,0.96,1.46,1.82,1.59,42,42,42,0,0,17,50,25,42,9.17,7.17,2.05,3.50,3.60,1.36,2.15,3.78,7.50,1.95,1.80,Arena Fonte Nova
1718325000,Jun 14 2024 - 12:30am,complete,N/A,Palmeiras,Vasco da Gama,Ramon Abatti,8,0.33,0.00,2.00,0.79,2,0,2,1,1,0,"26,56","",10,6,1,0,2,0,0,1,0,2,30,10,8,3,13,6,10,14,58,42,1.45,1.28,2.35,1.03,1.67,34,50,34,0,0,0,84,34,50,13.00,5.33,1.44,4.50,8.00,1.28,1.90,3.25,6.00,2.10,1.67,Allianz Parque
1718487000,Jun 15 2024 - 9:30pm,complete,3338,Bragantino,Juventude,Emerson Ricardo de Almeida Andrade,9,1.75,0.67,1.63,0.79,2,1,3,2,1,1,"2,82","25",1,1,4,1,4,0,3,2,2,2,7,15,3,7,1,5,12,13,36,64,1.45,1.17,0.76,1.58,2.79,88,88,42,17,17,29,100,29,75,9.42,8.42,1.60,3.90,5.75,1.30,2.00,3.40,6.50,2.00,1.75,Estádio Nabi Abi Chedid
1718496000,Jun 16 2024 - 12:00am,complete,N/A,Fluminense,Atlético GO,N/A,9,1.50,1.00,1.53,0.53,1,2,3,1,1,0,"41","71,90'5",3,3,4,1,1,0,0,5,0,1,10,18,6,8,4,7,10,12,56,44,1.81,1.21,1.35,1.85,2.38,63,75,38,25,0,0,88,50,75,10.75,6.50,1.95,3.70,3.75,1.30,2.08,3.40,6.50,1.95,1.80,N/A
1718564400,Jun 16 2024 - 7:00pm,complete,N/A,Vitória,Internacional,Bruno Arleu de Araujo,9,0.25,2.00,1.42,1.42,2,1,3,1,1,0,"8,90'11","82",4,2,1,0,5,0,0,1,2,3,12,17,5,6,5,8,6,16,45,55,1.16,0.83,1.24,1.67,1.88,25,38,25,25,0,0,67,25,71,5.08,8.33,3.30,3.10,2.30,1.53,2.50,4.05,7.90,2.10,1.67,Arena Fonte Nova
1718564400,Jun 16 2024 - 7:00pm,complete,N/A,Corinthians,São Paulo,Ramon Abatti,9,1.25,1.75,2.00,1.05,2,2,4,4,2,2,"31,45'2","4,41",9,5,3,1,5,0,1,3,3,2,17,13,9,8,4,2,15,10,68,32,1.69,1.42,1.75,1.47,1.75,25,50,50,13,0,13,50,38,63,8.75,6.50,2.70,3.00,2.70,1.50,2.47,4.97,10.25,2.10,1.67,Arena Corinthians
1718564400,Jun 16 2024 - 7:00pm,complete,N/A,Atlético PR,Flamengo,Anderson Daronco,9,3.00,2.00,1.32,1.68,1,1,2,0,0,0,"90'2","90'9",5,9,4,1,3,0,0,5,0,3,15,11,4,7,6,2,11,11,52,48,1.77,1.80,1.19,1.39,2.75,50,63,50,38,13,38,75,38,75,11.00,4.00,2.40,3.30,2.80,1.40,2.03,4.20,8.00,1.95,1.80,N/A
1718573400,Jun 16 2024 - 9:30pm,complete,N/A,Grêmio,Botafogo,N/A,9,2.00,1.75,1.53,2.00,1,2,3,2,1,1,"21","10,57",7,4,4,0,3,0,1,3,1,2,16,15,5,6,5,5,12,11,47,53,1.31,0.98,1.46,1.37,2.09,25,71,13,13,13,25,75,25,71,10.00,8.25,3.40,3.20,2.20,1.30,2.30,3.42,6.55,1.95,1.80,Arena do Grêmio
1718573400,Jun 16 2024 - 9:30pm,complete,N/A,Vasco da Gama,Cruzeiro,N/A,9,1.50,1.00,1.84,0.89,0,0,0,0,0,0,"","",5,5,2,0,4,0,1,1,0,4,15,9,5,3,7,3,11,11,50,50,1.32,1.21,1.45,0.76,3.13,50,88,63,25,13,38,75,38,88,7.25,6.50,2.63,3.20,2.70,1.39,2.40,4.10,8.10,2.00,1.75,Estádio Club de Regatas Vasco da Gama
1718573400,Jun 16 2024 - 9:30pm,complete,N/A,Cuiabá,Fortaleza,Jefferson Ferreira de Moraes,9,0.25,1.33,0.74,1.11,5,0,5,4,4,0,"3,11,37,45'10,54","",5,1,1,0,3,2,1,0,4,1,22,3,14,0,5,3,9,6,54,46,0.80,1.25,2.61,0.35,1.42,17,42,29,0,0,0,25,29,71,9.25,6.58,3.20,2.75,2.63,1.53,2.88,5.00,11.00,2.20,1.62,Arena Pantanal
1718573400,Jun 16 2024 - 9:30pm,complete,N/A,Criciúma,Bahia,Flavio Rodrigues De Souza,9,0.33,1.25,1.21,0.89,2,2,4,1,1,0,"34,46","56,72",6,7,3,1,1,0,1,3,0,1,18,23,6,7,6,10,14,13,31,69,1.49,1.23,1.45,1.93,3.50,100,100,71,29,17,17,59,84,100,7.08,9.25,3.75,3.25,2.10,1.36,2.08,3.75,7.50,1.80,1.95,Estádio Heriberto Hülse
1718667000,Jun 17 2024 - 11:30pm,complete,N/A,Atlético Mineiro,Palmeiras,N/A,9,1.67,2.50,1.47,1.84,0,4,4,1,0,1,"","25,60,61,90'5",3,6,5,2,3,0,4,3,1,2,12,23,4,10,5,8,16,16,49,51,1.61,1.51,1.06,2.13,1.92,46,75,29,0,0,17,59,29,59,12.25,6.83,2.75,3.00,2.75,1.45,2.60,4.50,9.50,2.10,1.67,N/A
1718834400,Jun 19 2024 - 10:00pm,complete,N/A,Botafogo,Atlético PR,Ramon Abatti,10,2.25,1.00,2.16,0.89,1,1,2,0,0,0,"90'8","53",5,9,0,0,6,0,0,0,1,5,9,17,2,7,7,5,13,15,62,38,1.66,1.16,1.07,1.60,2.25,38,63,25,13,13,13,88,25,75,12.50,7.00,2.00,3.25,4.00,1.38,2.15,3.80,7.50,1.95,1.80,N/A
1718834400,Jun 19 2024 - 10:00pm,complete,N/A,Atlético GO,Criciúma,N/A,10,0.25,1.33,1.05,0.79,1,2,3,1,1,0,"11","60,90'13",5,1,1,1,1,0,0,2,1,0,13,20,2,8,8,4,10,11,49,51,1.45,1.30,1.12,1.61,3.04,59,88,71,46,0,17,88,71,100,7.00,6.67,1.73,3.60,5.00,1.38,2.05,3.80,8.00,2.00,1.75,N/A
1718838000,Jun 19 2024 - 11:00pm,complete,33534,São Paulo,Cuiabá,N/A,10,1.75,0.75,2.05,0.84,0,1,1,0,0,0,"","82",4,6,2,0,4,0,1,1,0,4,17,13,5,4,11,7,5,16,59,41,1.48,1.25,1.79,1.21,2.88,50,75,63,25,13,38,75,38,75,9.50,6.50,1.55,3.70,7.50,1.32,2.30,3.50,5.80,2.25,1.57,Morumbí
1718838000,Jun 19 2024 - 11:00pm,complete,N/A,Fortaleza,Grêmio,N/A,10,1.50,0.00,2.47,0.84,1,0,1,1,1,0,"42","",8,3,3,0,4,1,1,2,3,2,14,9,5,3,6,4,16,8,53,47,1.34,1.10,1.35,1.00,2.04,71,71,34,0,0,42,100,17,46,10.42,5.92,1.95,3.40,4.10,1.40,2.15,4.20,8.50,1.91,1.91,Estádio Comendador Agostinho Prada
1718838000,Jun 19 2024 - 11:00pm,complete,N/A,Juventude,Vasco da Gama,N/A,10,2.00,0.00,1.58,0.79,2,0,2,0,0,0,"52,90'8","",5,4,2,0,3,1,0,2,2,2,15,7,5,3,6,3,13,18,61,39,1.35,1.22,1.26,0.82,2.00,50,75,25,0,0,13,88,38,63,10.75,4.75,2.20,3.00,3.80,1.44,2.60,4.50,9.50,2.10,1.67,N/A
1718843400,Jun 20 2024 - 12:30am,complete,N/A,Internacional,Corinthians,Wagner do Nascimento Magalhaes,10,1.67,0.25,2.00,0.95,1,0,1,1,1,0,"42","",3,7,1,0,2,0,0,1,0,2,12,14,6,4,2,4,17,13,47,53,1.69,1.23,1.15,1.19,1.96,46,71,29,13,0,0,38,59,71,13.25,5.25,2.25,3.10,3.50,1.50,2.50,4.30,7.20,2.10,1.67,Estádio Orlando Scarpelli
1718843400,Jun 20 2024 - 12:30am,complete,N/A,Cruzeiro,Fluminense,N/A,10,3.00,0.00,1.84,0.89,2,0,2,1,1,0,"41,90'3","",6,5,3,0,2,0,2,1,1,1,18,10,6,5,7,4,16,11,34,66,1.62,0.91,1.52,1.33,3.25,75,88,88,34,17,54,71,50,100,11.58,6.25,1.70,3.60,5.25,1.35,2.08,3.70,6.20,2.00,1.75,Estádio Governador Magalhães Pinto
1718919000,Jun 20 2024 - 9:30pm,complete,N/A,Vitória,Atlético Mineiro,Marcelo de Lima Henrique,10,0.80,2.00,1.42,1.00,4,2,6,3,2,1,"8,44,66,76","14,88",2,4,2,0,2,0,2,0,1,1,14,20,7,8,5,8,15,13,39,61,1.18,1.30,1.41,1.98,2.65,55,78,68,33,0,13,88,55,65,10.25,8.15,2.90,3.00,2.60,1.45,2.40,4.30,7.50,2.00,1.75,Arena Fonte Nova
1718924400,Jun 20 2024 - 11:00pm,complete,N/A,Flamengo,Bahia,Braulio da Silva Machado,10,2.25,1.20,2.00,0.89,2,1,3,2,1,1,"23,90'4","35",6,2,1,0,1,0,1,0,0,1,15,11,4,4,7,6,8,10,29,71,1.65,1.37,1.36,1.23,2.85,75,100,65,20,0,0,68,88,100,12.90,4.05,1.62,3.70,5.75,1.25,1.90,3.30,5.00,1.95,1.80,N/A
1718929800,Jun 21 2024 - 12:30am,complete,N/A,Palmeiras,Bragantino,Anderson Daronco,10,1.00,1.25,2.00,0.68,2,1,3,1,1,0,"21,55","49",10,3,0,0,2,0,0,0,1,1,25,14,8,4,6,8,10,9,54,46,1.68,1.48,1.89,1.23,1.75,25,63,13,13,0,13,88,13,50,12.50,5.25,1.55,3.80,6.50,1.35,2.00,3.60,6.20,2.00,1.75,Allianz Parque
1719082800,Jun 22 2024 - 7:00pm,complete,16256,Criciúma,Botafogo,Luiz Flavio De Oliveira,11,0.50,2.00,1.21,2.00,2,1,3,1,1,0,"10,84","55",4,7,4,0,3,0,1,3,1,2,18,12,6,3,6,6,16,14,38,62,1.48,1.05,1.49,1.14,3.30,80,90,58,35,23,43,68,58,90,8.00,10.30,3.30,3.30,2.15,1.40,2.10,4.33,8.50,2.05,1.70,Estádio Heriberto Hülse
1719088200,Jun 22 2024 - 8:30pm,complete,N/A,Grêmio,Internacional,Ramon Abatti,11,1.50,1.50,1.53,1.42,0,1,1,0,0,0,"","64",5,4,2,0,3,0,1,1,1,2,11,17,3,3,5,9,12,11,58,42,1.35,1.04,1.20,1.26,1.75,25,50,25,0,0,13,75,13,75,8.50,7.75,2.80,3.00,2.63,1.47,2.25,4.75,10.00,1.95,1.80,Arena do Grêmio
1719091800,Jun 22 2024 - 9:30pm,complete,5768,Cuiabá,Atlético GO,Bruno Pereira Vasconcelos,11,0.80,1.40,0.74,0.53,0,0,0,0,0,0,"","",5,4,3,0,1,0,3,0,1,0,11,19,4,10,5,4,9,12,53,47,1.16,1.34,1.22,1.85,2.00,20,60,30,10,10,10,70,30,70,8.00,5.40,2.10,3.25,3.50,1.41,2.35,4.25,8.40,2.05,1.70,Arena Pantanal
1719102600,Jun 23 2024 - 12:30am,complete,N/A,Vasco da Gama,São Paulo,Caio Max Augusto Vieira,11,1.40,1.60,1.84,1.05,4,1,5,3,2,1,"33,45'3,80,90'3","11",2,8,3,0,1,0,1,2,1,0,15,11,8,3,6,3,13,14,40,60,1.35,1.43,1.70,1.08,3.10,60,80,80,40,10,30,70,60,70,7.60,6.60,3.30,3.20,2.20,1.43,2.40,4.40,8.80,2.05,1.70,Estádio Nivaldo Pereira
1719169200,Jun 23 2024 - 7:00pm,complete,N/A,Bahia,Cruzeiro,N/A,11,3.00,1.00,1.89,0.89,4,1,5,2,1,1,"45'9,78,90'1,90'6","14",3,1,0,0,3,1,0,0,1,3,15,9,7,2,3,5,7,13,64,36,1.35,1.12,1.58,0.76,1.55,23,43,23,0,0,23,68,0,55,8.95,6.50,1.95,3.42,4.00,1.38,2.03,4.00,8.00,1.95,1.80,Arena Fonte Nova
1719169200,Jun 23 2024 - 7:00pm,complete,N/A,Fluminense,Flamengo,N/A,11,1.20,1.80,1.53,1.68,0,1,1,0,0,0,"","83",2,6,3,1,3,0,1,3,1,2,3,15,0,5,3,8,16,13,54,46,1.72,1.72,0.35,1.66,3.00,90,90,60,30,10,10,80,70,90,11.40,6.60,4.45,3.68,1.79,1.36,1.96,3.75,7.50,1.95,1.80,N/A
1719169200,Jun 23 2024 - 7:00pm,complete,N/A,Atlético PR,Corinthians,Felipe Fernandes de Lima,11,2.60,0.20,1.32,0.95,1,1,2,1,1,0,"45","90'2",11,2,2,0,1,0,0,2,1,0,21,16,8,7,8,7,19,12,55,45,1.66,1.23,1.94,1.56,2.20,30,60,30,30,0,20,70,40,70,11.20,4.60,1.74,3.62,4.90,1.44,2.11,4.50,9.50,2.05,1.70,N/A
1719178200,Jun 23 2024 - 9:30pm,complete,N/A,Atlético Mineiro,Fortaleza,Flavio Rodrigues De Souza,11,1.25,1.00,1.47,1.11,1,1,2,1,0,1,"58","25",3,4,3,0,2,0,1,2,0,2,22,14,9,4,5,7,15,17,67,33,1.47,1.03,1.89,1.12,2.50,38,75,50,25,13,25,50,38,75,10.00,8.50,1.62,3.80,5.25,1.36,2.05,3.75,7.50,2.00,1.75,N/A
1719178200,Jun 23 2024 - 9:30pm,complete,N/A,Palmeiras,Juventude,N/A,11,1.40,0.50,2.00,0.79,3,1,4,0,0,0,"50,76,84","64",10,4,2,0,4,0,0,2,1,3,29,17,11,9,12,6,14,7,56,44,1.72,1.28,2.74,1.83,2.43,60,80,35,13,13,25,90,23,80,11.20,6.70,1.33,4.75,8.50,1.25,1.80,3.10,5.50,2.20,1.62,Allianz Parque
1719178200,Jun 23 2024 - 9:30pm,complete,N/A,Bragantino,Vitória,Jonathan Benkenstein Pinheiro,11,2.00,0.50,1.63,1.05,2,1,3,2,1,1,"45'3,66","17",6,7,3,0,2,0,1,2,1,1,17,11,7,6,7,3,10,11,64,36,1.31,1.37,1.83,1.28,2.33,78,78,55,13,0,33,63,35,55,8.55,6.95,1.44,4.20,7.50,1.33,2.00,3.60,7.00,2.20,1.62,Estádio Nabi Abi Chedid
1719439200,Jun 26 2024 - 10:00pm,complete,N/A,Cruzeiro,Atlético PR,N/A,12,3.00,1.00,1.84,0.89,2,0,2,1,1,0,"15,90'1","",7,12,1,0,3,0,0,1,0,3,24,15,8,4,9,6,8,6,48,52,1.59,1.25,1.97,1.36,2.65,58,90,38,25,13,13,78,48,90,12.40,7.20,2.25,3.10,3.50,1.38,2.40,4.00,8.00,2.05,1.70,Estádio Governador Magalhães Pinto
1719439200,Jun 26 2024 - 10:00pm,complete,N/A,Botafogo,Bragantino,N/A,12,2.00,1.00,2.16,0.68,2,1,3,2,1,1,"21,52","6",7,4,2,0,2,0,1,1,1,1,13,15,5,7,7,5,13,12,49,51,1.54,1.43,1.40,1.59,2.50,60,70,40,20,10,20,80,50,70,11.80,5.00,2.00,3.30,3.90,1.30,2.05,3.50,6.50,1.91,1.91,N/A
1719442800,Jun 26 2024 - 11:00pm,complete,38219,Corinthians,Cuiabá,Fabio Augusto de Sá Junior,12,1.20,1.20,2.00,0.84,1,1,2,1,0,1,"86","5",13,1,3,0,4,0,1,2,3,1,26,14,8,5,10,3,10,13,60,40,1.71,1.24,2.27,1.07,2.40,30,50,50,30,10,40,60,20,60,9.00,7.00,2.10,3.20,4.00,1.42,2.50,4.50,9.00,2.10,1.67,Arena Corinthians
1719442800,Jun 26 2024 - 11:00pm,complete,N/A,Atlético GO,Grêmio,Bruno Arleu de Araujo,12,0.20,0.00,1.05,0.84,1,1,2,0,0,0,"72","82",5,8,7,0,4,0,1,6,1,3,18,12,6,5,9,5,13,11,56,44,1.39,1.08,1.77,1.39,2.40,55,65,65,10,0,13,90,53,75,7.70,8.85,2.20,3.10,3.50,1.36,2.30,3.75,7.50,2.00,1.75,N/A
1719442800,Jun 26 2024 - 11:00pm,complete,N/A,Juventude,Flamengo,N/A,12,2.20,2.00,1.58,1.68,2,1,3,2,1,1,"26,87","19",7,8,2,0,1,0,0,2,0,1,17,11,10,6,6,2,10,10,54,46,1.33,1.71,1.99,1.29,2.15,54,74,17,9,9,19,55,45,72,10.80,5.27,4.50,3.20,1.90,1.33,2.25,3.60,7.00,2.00,1.75,N/A
1719448200,Jun 27 2024 - 12:30am,complete,N/A,Internacional,Atlético Mineiro,Luiz Flavio De Oliveira,12,2.00,1.60,2.00,1.00,1,2,3,0,0,0,"67","53,90'8",5,9,3,0,4,0,1,2,3,1,14,17,7,6,3,5,17,10,46,54,1.55,1.44,1.51,1.40,2.35,55,65,53,20,10,20,53,55,55,13.35,6.70,2.25,3.00,3.60,1.50,2.70,4.33,8.50,2.20,1.62,Estádio Heriberto Hülse
1719448200,Jun 27 2024 - 12:30am,complete,N/A,Bahia,Vasco da Gama,N/A,12,3.00,0.00,1.89,0.79,2,1,3,2,1,1,"7,86","20",7,0,0,0,3,1,0,0,2,2,18,11,9,4,6,6,14,15,63,37,1.40,1.14,2.12,1.05,2.20,40,60,40,10,10,20,80,40,70,10.00,5.40,1.60,3.90,5.50,1.33,1.95,3.60,7.00,1.95,1.80,Arena Fonte Nova
1719448200,Jun 27 2024 - 12:30am,complete,N/A,Fortaleza,Palmeiras,N/A,12,1.80,2.60,2.47,1.84,3,0,3,1,1,0,"9,47,69","",3,8,2,0,2,0,1,1,0,2,13,18,7,8,2,6,17,11,32,68,1.34,1.63,1.22,1.79,1.80,40,60,20,10,0,20,80,20,40,13.20,5.80,3.25,3.10,2.38,1.33,2.30,3.60,7.00,1.95,1.80,Estádio Governador Plácido Aderaldo Castelo
1719525600,Jun 27 2024 - 10:00pm,complete,N/A,Fluminense,Vitória,Flavio Rodrigues De Souza,12,1.00,0.40,1.53,1.05,0,1,1,0,0,0,"","90",6,2,3,0,1,0,1,2,1,0,13,10,6,7,4,1,14,12,63,37,1.49,1.35,1.40,1.23,2.62,82,82,64,27,0,20,62,54,80,9.23,6.60,1.91,3.40,4.33,1.33,2.10,3.60,7.00,1.95,1.80,N/A
1719529200,Jun 27 2024 - 11:00pm,complete,28008,São Paulo,Criciúma,Bruno Pereira Vasconcelos,12,1.40,1.75,2.05,0.79,2,1,3,2,2,0,"1,22","90'2",2,2,2,0,4,0,1,1,3,1,14,11,7,3,4,6,10,22,60,40,1.55,1.38,1.41,0.99,2.53,58,80,58,25,0,23,70,48,90,8.90,4.70,1.55,4.00,6.25,1.30,2.05,3.50,6.50,2.05,1.70,Morumbí
1719696600,Jun 29 2024 - 9:30pm,complete,N/A,Vasco da Gama,Botafogo,Ramon Abatti,13,1.67,1.67,1.84,2.00,1,1,2,0,0,0,"84","73",0,5,3,0,6,0,2,1,2,4,11,14,3,7,6,4,13,23,54,46,1.41,1.07,0.99,1.52,3.17,67,83,67,34,25,50,67,59,83,7.83,7.83,2.90,3.10,2.55,1.40,2.35,4.20,8.00,1.95,1.80,Estádio Club de Regatas Vasco da Gama
1719696600,Jun 29 2024 - 9:30pm,complete,N/A,Cuiabá,Bragantino,Felipe Fernandes de Lima,13,0.83,0.83,0.74,0.68,1,1,2,2,1,1,"33","42",3,11,4,1,2,0,2,3,1,1,6,16,3,6,3,6,13,16,34,66,1.17,1.46,0.76,1.62,2.17,34,67,42,17,9,25,75,25,67,8.16,5.16,2.60,3.10,2.90,1.45,2.40,4.50,9.00,2.00,1.75,Arena Pantanal
1719756000,Jun 30 2024 - 2:00pm,complete,N/A,Atlético Mineiro,Atlético GO,Jonathan Benkenstein Pinheiro,13,1.20,1.33,1.47,0.53,1,1,2,2,1,1,"23","11",5,8,0,0,1,0,0,0,0,1,16,13,7,7,4,4,10,11,68,32,1.55,1.43,1.51,1.53,2.05,47,75,29,10,0,10,74,37,65,9.13,6.53,1.38,4.70,9.00,1.35,2.10,3.75,7.30,2.10,1.67,N/A
1719774000,Jun 30 2024 - 7:00pm,complete,N/A,Grêmio,Fluminense,N/A,13,1.20,0.00,1.53,0.89,1,0,1,0,0,0,"61","",6,1,2,0,2,1,1,1,1,2,17,9,10,4,4,3,13,14,47,53,1.32,0.99,2.11,0.93,2.10,30,70,40,0,0,40,80,0,90,10.40,6.00,2.39,3.32,2.99,1.36,2.12,3.75,7.50,1.91,1.91,Arena do Grêmio
1719774000,Jun 30 2024 - 7:00pm,complete,N/A,São Paulo,Bahia,Marcelo de Lima Henrique,13,1.67,1.00,2.05,0.89,3,1,4,2,2,0,"30,32,65","49",4,4,4,0,1,0,1,3,1,0,12,16,6,7,6,7,15,9,40,60,1.52,1.35,1.38,1.63,2.59,75,84,67,17,0,25,59,50,92,9.67,5.50,2.06,3.40,3.62,1.38,2.16,4.00,8.00,2.00,1.75,Morumbí
1719774000,Jun 30 2024 - 7:00pm,complete,N/A,Fortaleza,Juventude,N/A,13,2.00,0.40,2.47,0.79,2,1,3,2,2,0,"21,45'3","75",7,5,2,0,0,0,0,2,0,0,22,13,8,4,7,7,22,16,38,62,1.32,1.39,1.83,1.29,2.62,75,84,39,20,10,37,90,29,67,9.53,6.73,1.56,3.94,6.30,1.36,2.18,4.00,8.00,2.05,1.70,Estádio Governador Plácido Aderaldo Castelo
1719783000,Jun 30 2024 - 9:30pm,complete,N/A,Vitória,Atlético PR,Bruno Arleu de Araujo,13,1.17,0.83,1.42,0.89,0,1,1,0,0,0,"","80",7,6,3,0,2,0,0,3,1,1,17,8,4,3,6,2,12,16,59,41,1.22,1.27,1.31,0.83,2.58,50,83,34,25,9,9,92,42,83,9.33,7.17,2.38,3.00,3.40,1.42,2.35,4.33,8.50,1.95,1.80,Arena Fonte Nova
1719783000,Jun 30 2024 - 9:30pm,complete,N/A,Flamengo,Cruzeiro,Braulio da Silva Machado,13,2.40,0.83,2.00,0.89,2,1,3,2,1,1,"17,65","38",2,5,1,0,3,0,1,0,1,2,8,15,4,6,3,6,5,16,46,54,1.59,1.06,0.92,1.46,2.39,47,84,47,9,9,27,74,39,84,11.67,4.53,1.67,4.00,5.00,1.38,2.05,4.20,8.00,2.00,1.75,N/A
1719783000,Jun 30 2024 - 9:30pm,complete,N/A,Criciúma,Internacional,Wagner do Nascimento Magalhaes,13,1.00,1.80,1.21,1.42,1,1,2,1,0,1,"79","40",5,5,2,0,3,0,1,1,0,3,19,13,8,5,5,6,10,14,46,54,1.49,1.08,1.76,1.50,2.60,60,60,50,20,10,10,60,50,90,6.60,9.40,2.75,3.00,2.70,1.45,2.60,4.50,9.50,2.05,1.70,Estádio Heriberto Hülse
1719874800,Jul 01 2024 - 11:00pm,complete,N/A,Palmeiras,Corinthians,Anderson Daronco,13,1.67,0.33,2.00,0.95,2,0,2,0,0,0,"53,57","",7,3,3,1,4,0,2,2,1,3,20,16,11,5,3,9,18,10,58,42,1.89,1.28,1.97,1.48,2.00,33,67,25,17,0,0,75,33,67,13.50,4.17,1.53,4.20,6.25,1.33,1.90,3.75,7.50,2.00,1.75,Allianz Parque
1720044000,Jul 03 2024 - 10:00pm,complete,N/A,Cuiabá,Botafogo,N/A,14,0.86,1.57,0.74,2.00,1,2,3,2,1,1,"45","5,76",7,5,4,0,1,0,1,3,0,1,13,7,7,5,4,0,8,15,51,49,1.11,1.13,1.63,0.83,2.22,43,72,36,14,14,36,57,36,72,8.28,8.00,2.80,3.10,2.70,1.53,2.60,0.00,0.00,2.10,1.67,Arena Pantanal
1720047600,Jul 03 2024 - 11:00pm,complete,N/A,Vasco da Gama,Fortaleza,N/A,14,1.57,1.00,1.84,1.11,2,0,2,1,1,0,"45'3,63","",7,3,4,0,3,1,1,3,2,2,20,12,10,5,5,5,21,12,60,40,1.35,1.04,2.01,1.17,2.82,56,73,56,32,25,32,49,46,83,7.46,6.89,2.40,3.25,3.10,1.44,2.08,4.50,9.00,1.80,1.95,Estádio Nivaldo Pereira
1720047600,Jul 03 2024 - 11:00pm,complete,N/A,Criciúma,Cruzeiro,N/A,14,1.00,0.71,1.21,0.89,1,0,1,0,0,0,"46","",7,10,3,1,2,0,0,4,1,1,14,18,7,7,5,10,11,7,35,65,1.53,1.12,1.52,2.03,2.90,72,86,55,24,16,30,77,41,86,8.03,7.96,2.70,3.10,2.88,1.38,2.50,4.00,8.00,2.10,1.67,Estádio Heriberto Hülse
1720053000,Jul 04 2024 - 12:30am,complete,N/A,Atlético Mineiro,Flamengo,Ramon Abatti,14,1.17,1.71,1.47,1.68,2,4,6,2,0,2,"57,90","14,24,51,68",4,4,3,1,2,0,0,4,1,1,12,15,5,9,3,3,12,11,51,49,1.55,1.65,1.10,1.72,2.54,69,86,38,16,7,31,70,38,77,11.12,5.93,2.70,3.25,2.75,1.38,2.30,4.00,8.00,1.95,1.80,N/A
1720053000,Jul 04 2024 - 12:30am,complete,N/A,Bragantino,Atlético GO,N/A,14,2.17,1.29,1.63,0.53,3,1,4,4,3,1,"6,20,45","29",3,8,1,0,3,0,1,0,2,1,14,14,6,7,5,6,15,9,52,48,1.40,1.44,1.43,1.74,2.04,63,70,41,0,0,32,86,23,55,9.86,6.14,1.83,3.40,4.50,1.30,2.10,3.28,6.25,1.95,1.80,Estádio Nabi Abi Chedid
1720053000,Jul 04 2024 - 12:30am,complete,N/A,Atlético PR,São Paulo,N/A,14,2.33,1.33,1.32,1.05,1,2,3,2,1,1,"38","33,60",6,2,1,1,2,0,0,2,0,2,13,14,5,9,6,1,19,8,45,55,1.70,1.37,1.39,1.50,2.75,59,75,58,42,9,33,75,50,75,11.17,5.16,2.38,3.10,3.20,1.42,2.30,4.33,8.50,1.95,1.80,N/A
1720130400,Jul 04 2024 - 10:00pm,complete,N/A,Grêmio,Palmeiras,Marcelo de Lima Henrique,14,1.50,2.17,1.53,1.84,2,2,4,1,1,0,"2,69","74,77",5,10,1,0,3,0,0,1,2,1,15,22,6,6,4,9,9,13,40,60,1.45,1.66,1.42,1.84,1.92,17,59,34,9,0,9,67,25,75,12.50,6.00,3.10,3.25,2.38,1.38,2.25,4.00,8.00,1.95,1.80,Arena do Grêmio
1720130400,Jul 04 2024 - 10:00pm,complete,N/A,Bahia,Juventude,Wagner do Nascimento Magalhaes,14,3.00,0.33,1.89,0.79,2,0,2,0,0,0,"59,68","",6,7,0,0,4,0,0,0,2,2,23,11,10,3,8,5,15,9,56,44,1.52,1.37,2.10,0.96,2.83,75,75,59,25,17,50,83,25,84,8.33,6.00,1.50,4.33,6.25,1.30,1.75,3.40,6.50,1.91,1.91,Arena Fonte Nova
1720134000,Jul 04 2024 - 11:00pm,complete,N/A,Fluminense,Internacional,Felipe Fernandes de Lima,14,0.86,1.67,1.53,1.42,1,1,2,2,1,1,"45'4","40",3,4,6,0,5,0,3,3,1,4,9,13,4,5,4,3,17,17,55,45,1.48,1.15,1.17,1.10,2.04,52,52,37,15,0,0,61,37,92,8.00,7.86,2.75,3.10,2.70,1.42,2.50,4.33,8.50,2.05,1.70,N/A
1720134000,Jul 04 2024 - 11:00pm,complete,N/A,Corinthians,Vitória,N/A,14,1.17,0.83,2.00,1.05,3,2,5,3,2,1,"26,43,90'5","37,86",9,9,4,0,4,0,2,2,0,4,16,19,6,7,5,7,15,10,44,56,1.80,1.33,1.34,1.74,1.92,50,59,42,17,0,33,42,17,59,11.00,6.00,1.83,3.25,5.00,1.40,2.30,4.00,8.00,2.05,1.70,Arena Corinthians
1720306800,Jul 06 2024 - 11:00pm,complete,N/A,Flamengo,Cuiabá,N/A,15,2.50,1.17,2.00,0.84,1,1,2,1,0,1,"60","6",7,0,1,0,3,0,1,0,0,3,22,8,11,4,6,4,14,12,66,34,1.48,1.21,2.31,0.92,2.84,59,84,59,17,9,33,83,42,92,9.83,4.50,1.42,4.33,7.50,1.22,2.00,2.95,5.50,2.20,1.62,N/A
1720306800,Jul 06 2024 - 11:00pm,complete,N/A,São Paulo,Bragantino,Bruno Pereira Vasconcelos,15,1.86,0.86,2.05,0.68,2,0,2,0,0,0,"66,90","",6,3,2,0,2,0,0,2,1,1,15,11,5,4,3,5,10,9,59,41,1.50,1.48,1.16,1.11,2.36,64,79,50,14,0,43,79,29,72,10.72,5.43,1.95,3.40,4.00,1.36,2.30,3.75,7.50,2.05,1.70,Morumbí
1720378800,Jul 07 2024 - 7:00pm,complete,N/A,Cruzeiro,Corinthians,N/A,15,3.00,0.29,1.84,0.95,3,0,3,2,2,0,"6,45'5,48","",8,8,2,0,1,0,1,1,0,1,14,16,7,3,4,8,22,12,47,53,1.67,1.31,1.45,1.23,2.60,45,86,37,27,10,10,76,52,86,11.71,4.89,1.80,3.30,4.50,1.40,2.10,4.20,8.50,2.10,1.67,Estádio Governador Magalhães Pinto
1720378800,Jul 07 2024 - 7:00pm,complete,N/A,Fortaleza,Fluminense,N/A,15,2.14,0.00,2.47,0.89,1,0,1,0,0,0,"56","",12,3,1,0,2,0,0,1,0,2,20,12,7,4,9,7,13,14,42,58,1.39,0.98,1.86,1.32,2.09,45,69,40,0,0,47,84,7,72,10.26,5.29,1.75,3.40,4.33,1.40,2.10,4.20,8.50,2.00,1.75,Estádio Governador Plácido Aderaldo Castelo
1720378800,Jul 07 2024 - 7:00pm,complete,N/A,Juventude,Grêmio,N/A,15,2.33,0.20,1.58,0.84,3,0,3,2,2,0,"25,32,83","",3,8,1,0,3,0,0,1,0,3,15,14,7,6,6,3,14,10,49,51,1.44,1.14,1.53,1.28,2.00,55,72,29,0,0,27,74,37,64,9.57,6.70,2.38,3.00,3.00,1.45,2.30,4.75,9.50,1.95,1.80,N/A
1720386000,Jul 07 2024 - 9:00pm,complete,N/A,Internacional,Vasco da Gama,N/A,15,1.60,0.00,2.00,0.79,1,2,3,0,0,0,"80","61,72",4,4,2,0,2,0,0,2,0,2,15,10,7,7,7,3,16,12,65,35,1.54,1.12,1.98,1.27,2.07,55,72,45,0,0,9,52,55,72,11.07,5.43,1.70,3.60,5.50,1.30,2.35,3.60,6.50,2.20,1.62,Estádio José Pinheiro Borda
1720387800,Jul 07 2024 - 9:30pm,complete,N/A,Vitória,Criciúma,N/A,15,1.00,1.40,1.42,0.79,2,1,3,3,2,1,"31,37","43",6,3,1,0,2,0,0,1,1,1,10,15,4,4,4,5,12,18,45,55,1.23,1.30,0.99,1.17,3.10,69,86,69,42,7,27,93,59,93,5.83,5.14,2.10,3.10,3.80,1.40,2.20,4.20,8.50,1.95,1.80,Arena Fonte Nova
1720387800,Jul 07 2024 - 9:30pm,complete,N/A,Palmeiras,Bahia,Jonathan Benkenstein Pinheiro,15,1.86,0.86,2.00,0.89,2,0,2,1,1,0,"45'3,61","",4,3,1,0,1,0,0,1,1,0,13,14,5,4,6,6,15,10,44,56,1.90,1.39,1.34,1.14,2.65,65,86,58,29,0,15,64,65,86,12.29,4.86,1.70,4.20,4.33,1.28,1.65,3.30,6.00,1.67,2.10,Allianz Parque
1720387800,Jul 07 2024 - 9:30pm,complete,N/A,Atlético GO,Atlético PR,N/A,15,0.33,1.14,1.05,0.89,1,2,3,0,0,0,"48","50,78",4,11,1,1,4,0,0,2,0,4,14,18,4,7,5,5,11,11,43,57,1.45,1.21,1.27,1.62,2.19,48,77,34,9,0,0,69,49,93,10.76,8.71,1.95,3.30,4.20,1.42,2.15,4.10,10.00,1.95,1.80,N/A
1720395000,Jul 07 2024 - 11:30pm,complete,N/A,Botafogo,Atlético Mineiro,N/A,15,2.17,1.83,2.16,1.00,3,0,3,1,1,0,"13,79,90'4","",3,2,2,0,1,1,2,0,1,1,20,7,9,3,6,3,19,12,58,42,1.52,1.43,1.93,0.68,2.92,67,75,67,25,17,33,67,59,75,14.33,6.67,2.05,3.50,3.60,1.41,2.15,4.10,9.00,1.95,1.80,Estádio Nilton Santos
1720647000,Jul 10 2024 - 9:30pm,complete,N/A,Grêmio,Cruzeiro,Bruno Arleu de Araujo,16,1.43,0.63,1.53,0.89,0,2,2,2,0,2,"","15,17",1,5,1,1,1,0,1,1,0,1,9,15,4,7,3,4,9,10,45,55,1.45,1.23,1.16,1.48,2.07,34,60,34,14,7,26,67,14,81,10.49,5.70,2.50,3.30,2.80,1.43,2.25,4.32,8.75,1.95,1.80,Arena do Grêmio
1720648800,Jul 10 2024 - 10:00pm,complete,N/A,Vasco da Gama,Corinthians,N/A,16,1.75,0.25,1.84,0.95,2,0,2,0,0,0,"55,90'5","",7,5,3,0,5,0,2,1,2,3,15,12,4,3,5,7,15,10,50,50,1.43,1.30,1.31,1.09,2.69,44,82,44,26,13,26,69,51,82,8.51,5.51,2.15,3.00,3.80,1.50,2.20,4.50,9.50,1.95,1.80,Estádio Nivaldo Pereira
1720648800,Jul 10 2024 - 10:00pm,complete,N/A,Atlético PR,Bahia,Felipe Fernandes de Lima,16,2.00,0.75,1.32,0.89,1,3,4,2,0,2,"61","9,15,78",9,2,2,0,4,0,1,1,1,3,24,8,10,6,9,2,13,13,52,48,1.66,1.36,2.36,1.07,2.78,73,86,59,34,0,34,73,52,93,10.31,4.56,2.20,3.40,3.30,1.36,2.00,3.85,8.00,1.80,1.95,N/A
1720737000,Jul 11 2024 - 10:30pm,complete,N/A,Palmeiras,Atlético GO,Wagner do Nascimento Magalhaes,16,2.00,1.13,2.00,0.53,3,1,4,2,1,1,"6,51,53","9",9,2,2,0,2,0,2,0,0,2,24,12,7,4,13,4,9,19,64,36,1.83,1.48,2.16,1.06,1.94,38,69,25,13,0,13,69,32,57,13.00,4.63,1.36,5.00,8.50,1.28,1.80,3.20,6.25,2.10,1.67,Allianz Parque
1720738800,Jul 11 2024 - 11:00pm,complete,N/A,Flamengo,Fortaleza,Edina Alves Batista,16,2.29,0.83,2.00,1.11,1,2,3,2,1,1,"39","11,63",9,4,1,0,1,0,0,1,1,0,22,8,8,3,9,3,9,12,70,30,1.60,1.06,2.10,0.72,2.37,52,84,45,9,9,23,68,30,92,11.33,4.97,1.60,3.90,6.00,1.30,1.95,3.40,6.50,1.95,1.80,N/A
1720738800,Jul 11 2024 - 11:00pm,complete,N/A,Criciúma,Fluminense,Anderson Daronco,16,1.29,0.00,1.21,0.89,1,1,2,0,0,0,"53","89",2,5,2,0,1,0,0,2,1,0,14,19,5,11,5,2,15,7,41,59,1.53,1.03,1.28,2.09,2.57,58,72,50,15,7,29,64,29,100,8.28,7.43,1.91,3.30,4.10,1.38,2.35,4.00,8.00,2.05,1.70,Estádio Heriberto Hülse
1720744200,Jul 12 2024 - 12:30am,complete,N/A,Atlético Mineiro,São Paulo,Marcelo de Lima Henrique,16,1.00,1.57,1.47,1.05,2,1,3,3,2,1,"13,45'3","18",2,6,3,0,0,1,2,1,0,1,15,12,6,5,7,4,9,13,62,38,1.48,1.39,1.58,1.18,3.07,71,93,65,36,14,43,86,50,71,9.00,6.28,2.55,3.10,2.90,1.50,2.35,5.00,10.00,2.00,1.75,N/A
1720744200,Jul 12 2024 - 12:30am,complete,N/A,Vitória,Botafogo,Ramon Abatti,16,1.25,1.75,1.42,2.00,0,1,1,0,0,0,"","62",4,5,2,0,3,0,0,2,1,2,13,16,6,5,6,8,16,24,46,54,1.20,1.10,1.45,1.42,2.82,69,82,57,26,13,38,76,50,82,8.38,7.13,3.20,3.00,2.45,1.42,2.50,4.33,8.50,2.05,1.70,Estádio Manoel Barradas
1720897200,Jul 13 2024 - 7:00pm,complete,N/A,Cruzeiro,Bragantino,Savio Pereira Sampaio,17,3.00,0.75,1.84,0.68,2,1,3,1,1,0,"8,84","90'5",1,8,2,0,2,0,1,1,2,0,11,16,5,6,5,6,11,14,53,47,1.63,1.43,1.32,1.47,2.78,57,94,53,23,9,36,86,44,82,12.17,4.75,1.96,3.31,3.48,1.38,2.25,3.87,7.15,1.95,1.80,N/A
1720897200,Jul 13 2024 - 7:00pm,complete,N/A,Bahia,Cuiabá,N/A,17,3.00,1.14,1.89,0.84,1,2,3,1,0,1,"49","22,51",8,4,2,0,3,0,1,1,2,1,15,15,3,4,7,6,4,8,63,37,1.60,1.17,1.50,1.18,2.58,50,64,43,22,14,36,79,29,79,7.43,5.29,1.50,3.78,5.95,1.34,2.05,3.58,6.65,2.00,1.75,Arena Fonte Nova
1721167200,Jul 16 2024 - 10:00pm,complete,N/A,Juventude,Atlético Mineiro,N/A,17,2.43,1.57,1.58,1.00,1,1,2,2,1,1,"43","18",1,8,2,0,1,0,1,1,1,0,9,21,3,6,2,10,8,12,26,74,1.45,1.33,0.73,2.01,2.64,50,86,58,15,7,36,71,50,71,11.15,6.29,3.40,3.20,2.20,1.45,2.10,4.50,9.50,1.91,1.91,N/A
1721174400,Jul 17 2024 - 12:00am,complete,N/A,Corinthians,Criciúma,Jonathan Benkenstein Pinheiro,17,1.43,1.17,2.00,0.79,2,1,3,1,0,1,"54,62","41",5,5,1,0,0,0,0,1,0,0,15,17,7,5,5,8,10,17,54,46,1.73,1.28,1.58,1.42,2.66,63,79,63,31,7,47,79,32,70,9.79,5.71,1.85,3.40,4.50,1.36,2.08,3.75,7.50,1.95,1.80,Arena Corinthians
1721253600,Jul 17 2024 - 10:00pm,complete,N/A,Atlético GO,Vasco da Gama,N/A,17,0.29,0.43,1.05,0.79,0,1,1,0,0,0,"","51",4,6,2,0,2,0,2,0,1,1,20,15,8,6,5,8,13,11,52,48,1.42,1.15,1.86,1.58,2.57,64,86,64,7,0,7,64,72,93,8.86,7.42,2.15,3.30,3.50,1.36,2.35,3.75,7.50,2.00,1.75,N/A
1721257200,Jul 17 2024 - 11:00pm,complete,N/A,São Paulo,Grêmio,N/A,17,2.00,0.17,2.05,0.84,1,0,1,1,1,0,"10","",8,9,5,1,3,0,2,4,2,1,15,20,9,6,3,7,16,8,54,46,1.46,1.16,1.61,1.52,2.21,50,71,50,7,0,36,67,36,78,10.50,7.00,1.55,3.70,7.00,1.36,2.10,3.75,7.50,2.10,1.67,Morumbí
1721262600,Jul 18 2024 - 12:30am,complete,39750,Botafogo,Palmeiras,Anderson Daronco,17,2.29,2.00,2.16,1.84,1,0,1,0,0,0,"56","",5,4,2,0,0,0,1,1,0,0,17,19,8,6,5,7,20,10,43,57,1.58,1.68,1.70,1.56,2.57,43,71,57,22,7,15,71,57,79,13.71,5.57,2.80,3.30,2.60,1.39,2.00,3.85,3.85,1.75,2.00,Estádio Nilton Santos
1721262600,Jul 18 2024 - 12:30am,complete,24813,Fortaleza,Vitória,N/A,17,2.25,0.71,2.47,1.05,3,1,4,2,2,0,"25,39,55","90",1,6,4,0,3,0,2,2,2,1,13,12,5,4,5,5,19,19,48,52,1.45,1.39,1.15,1.09,2.23,61,67,41,15,7,41,66,28,61,11.84,4.70,1.65,3.75,5.50,1.36,2.10,4.00,8.00,2.05,1.70,Estádio Governador Plácido Aderaldo Castelo
1721502000,Jul 20 2024 - 7:00pm,complete,N/A,Flamengo,Criciúma,N/A,18,2.00,1.00,2.00,0.79,2,1,3,1,0,1,"76,89","35",7,4,4,0,9,1,0,4,1,9,16,18,7,5,7,7,12,21,63,37,1.66,1.30,1.81,1.33,2.89,81,100,75,15,0,41,94,48,93,10.11,2.84,1.33,4.60,9.00,1.22,1.70,3.00,5.50,1.95,1.80,N/A
1721511000,Jul 20 2024 - 9:30pm,complete,N/A,Botafogo,Internacional,Flavio Rodrigues De Souza,18,2.38,1.57,2.16,1.42,1,0,1,1,1,0,"38","",2,1,4,0,2,0,1,3,0,2,11,11,5,2,4,7,16,14,48,52,1.59,1.14,1.32,0.93,2.04,47,53,32,7,7,20,60,32,80,9.64,6.52,1.80,3.40,5.00,1.44,2.30,4.50,9.00,2.05,1.70,Estádio Nilton Santos
1721520000,Jul 21 2024 - 12:00am,complete,N/A,Palmeiras,Cruzeiro,N/A,18,2.11,0.89,2.00,0.89,2,0,2,1,1,0,"36,90'2","",6,4,4,0,4,0,0,4,2,2,16,9,6,3,5,4,16,16,42,58,1.87,1.26,1.51,0.96,2.17,33,73,33,17,6,28,67,28,73,12.56,5.22,1.73,3.50,5.25,1.36,2.05,3.75,7.50,1.95,1.80,Allianz Parque
1721570400,Jul 21 2024 - 2:00pm,complete,N/A,Grêmio,Vitória,Savio Pereira Sampaio,18,1.25,0.63,1.53,1.05,2,0,2,0,0,0,"63,90'6","",7,4,1,0,7,0,1,0,3,4,14,6,7,0,4,4,11,20,59,41,1.41,1.35,1.58,0.45,2.38,50,69,44,26,7,38,63,32,75,10.13,5.26,1.84,3.40,4.50,1.44,2.23,3.80,9.00,2.00,1.75,Arena do Grêmio
1721588400,Jul 21 2024 - 7:00pm,complete,N/A,Atlético Mineiro,Vasco da Gama,Raphael Claus,18,1.25,0.75,1.47,0.79,2,0,2,2,2,0,"27,39","",6,1,1,0,1,0,0,1,1,0,16,9,4,2,4,5,13,6,54,46,1.49,1.20,1.08,0.90,2.63,63,88,50,13,7,32,76,44,76,9.13,6.13,1.73,3.65,4.75,1.38,2.05,4.00,8.00,1.95,1.80,N/A
1721588400,Jul 21 2024 - 7:00pm,complete,48346,Bahia,Corinthians,Felipe Fernandes de Lima,18,2.63,0.22,1.89,0.95,0,1,1,1,0,1,"","37",6,3,4,0,4,0,1,3,3,1,18,8,8,3,5,4,12,18,65,35,1.59,1.28,1.87,0.89,2.25,36,71,36,12,7,25,71,41,77,10.49,4.44,1.60,3.95,5.50,1.30,1.83,3.50,6.50,1.80,1.95,Arena Fonte Nova
1721597400,Jul 21 2024 - 9:30pm,complete,N/A,Bragantino,Atlético PR,Denis Ribeiro Serafim,18,2.29,1.38,1.63,0.89,1,0,1,1,1,0,"8","",2,11,1,1,7,0,2,0,0,7,13,20,4,8,4,8,6,14,35,65,1.40,1.26,1.11,2.12,2.30,62,81,42,7,0,29,82,20,73,11.71,7.32,1.95,3.30,4.20,1.36,2.10,3.75,7.50,1.95,1.80,Estádio Nabi Abi Chedid
1721597400,Jul 21 2024 - 9:30pm,complete,N/A,Fortaleza,Atlético GO,Lucas Paulo Torezin,18,2.33,1.00,2.47,0.53,3,1,4,2,1,1,"23,62,74","45",5,6,4,1,3,1,2,3,2,2,13,11,4,3,5,6,12,12,60,40,1.42,1.43,1.17,1.07,2.11,56,67,33,17,0,39,84,28,50,11.33,4.55,1.67,3.60,5.25,1.36,2.00,3.75,7.50,1.95,1.80,Estádio Governador Plácido Aderaldo Castelo
1721597400,Jul 21 2024 - 9:30pm,complete,N/A,Juventude,São Paulo,Wilton Pereira Sampaio,18,2.25,1.38,1.58,1.05,0,0,0,0,0,0,"","",1,4,4,0,2,0,2,2,2,0,12,12,2,3,8,6,13,17,37,63,1.36,1.36,1.06,1.07,2.63,63,88,57,19,7,50,82,38,63,8.88,4.88,3.60,3.20,2.15,1.42,2.35,4.33,8.50,2.00,1.75,N/A
1721602800,Jul 21 2024 - 11:00pm,complete,13231,Cuiabá,Fluminense,Anderson Daronco,18,0.75,0.13,0.74,0.89,0,1,1,0,0,0,"","73",6,4,1,0,2,1,0,1,1,2,17,11,7,5,5,6,19,7,47,53,1.18,1.16,1.62,1.33,2.00,32,63,38,7,7,38,57,13,82,8.01,6.01,2.25,3.10,3.40,1.47,2.70,4.75,9.50,2.20,1.62,Arena Pantanal
1721858400,Jul 24 2024 - 10:00pm,complete,N/A,Criciúma,Fortaleza,Jonathan Benkenstein Pinheiro,3,1.25,1.14,1.21,1.11,1,1,2,1,1,0,"22","63",4,5,0,0,1,0,0,0,1,0,14,16,8,5,5,9,11,8,48,52,1.50,1.02,1.80,1.61,2.65,66,80,47,20,14,21,60,39,93,8.54,7.68,2.70,3.10,2.75,1.42,2.35,4.33,8.50,2.00,1.75,Estádio Heriberto Hülse
1721858400,Jul 24 2024 - 10:00pm,complete,N/A,Cruzeiro,Juventude,N/A,19,3.00,0.29,1.84,0.79,2,0,2,1,1,0,"45,86","",6,5,3,0,4,1,0,3,1,4,13,9,6,3,3,3,14,14,56,44,1.59,1.31,1.38,0.75,3.14,72,100,64,29,14,36,79,50,100,10.29,6.14,1.50,4.10,7.00,1.37,1.95,3.85,7.65,2.00,1.75,Estádio Governador Magalhães Pinto
1721860200,Jul 24 2024 - 10:30pm,complete,N/A,São Paulo,Botafogo,Felipe Fernandes de Lima,19,2.11,1.89,2.05,2.00,2,2,4,3,1,2,"6,60","11,22",7,1,5,0,3,0,2,3,1,2,16,13,7,7,5,4,17,22,69,31,1.48,1.13,1.58,1.36,2.28,56,73,44,11,6,39,56,39,84,10.45,7.44,2.25,3.00,3.75,1.53,2.88,4.15,8.30,2.25,1.57,Morumbí
1721862000,Jul 24 2024 - 11:00pm,complete,N/A,Vitória,Flamengo,Raphael Claus,19,1.11,1.88,1.42,1.68,1,2,3,1,0,1,"75","39,90",4,7,1,0,1,0,0,1,0,1,12,9,4,5,6,3,9,15,44,56,1.23,1.66,1.19,1.20,2.89,66,71,53,29,18,30,71,47,83,9.78,5.16,4.50,3.60,1.80,1.33,2.10,3.65,7.50,2.00,1.75,Arena Fonte Nova
1721867400,Jul 25 2024 - 12:30am,complete,N/A,Fluminense,Palmeiras,Wilton Pereira Sampaio,19,0.88,1.75,1.53,1.84,1,0,1,0,0,0,"87","",4,2,2,0,3,0,2,0,2,1,15,8,3,2,7,2,14,19,50,50,1.44,1.67,1.12,0.69,2.38,50,69,50,25,0,7,69,50,82,11.38,6.88,3.40,3.10,2.20,1.37,2.25,3.82,7.65,1.95,1.80,N/A
1721867400,Jul 25 2024 - 12:30am,complete,N/A,Atlético GO,Bahia,N/A,19,0.25,1.00,1.05,0.89,1,1,2,0,0,0,"60","90'9",8,4,4,3,4,0,2,5,2,2,16,8,5,3,9,4,18,12,30,70,1.48,1.32,1.57,1.00,2.86,76,88,71,29,0,17,64,77,100,7.92,6.71,2.88,3.20,2.60,1.37,2.10,3.85,7.65,1.80,1.95,N/A
1721948400,Jul 25 2024 - 11:00pm,complete,45180,Corinthians,Grêmio,N/A,19,1.63,0.14,2.00,0.84,2,2,4,2,1,1,"25,87","2,76",4,5,1,0,2,0,1,0,2,0,16,19,8,8,5,7,21,17,64,36,1.71,1.21,1.53,1.52,2.13,47,60,47,13,7,34,75,27,60,12.57,7.24,2.10,3.20,3.75,1.41,2.50,4.10,8.30,2.10,1.67,Arena Corinthians
1722117600,Jul 27 2024 - 10:00pm,complete,N/A,Palmeiras,Vitória,Caio Max Augusto Vieira,20,2.20,0.56,2.00,1.05,0,2,2,0,0,0,"","52,83",13,2,2,0,6,1,0,2,2,5,23,11,4,4,13,4,14,9,71,29,1.83,1.25,2.00,0.96,2.44,49,79,43,27,6,27,57,48,79,12.48,5.61,1.36,4.75,9.00,1.22,2.00,2.80,5.25,2.25,1.57,Allianz Parque
1722117600,Jul 27 2024 - 10:00pm,complete,N/A,Juventude,Criciúma,N/A,20,2.11,0.88,1.58,0.79,1,2,3,0,0,0,"60","57,83",5,7,1,0,2,0,0,1,1,1,13,16,6,8,4,4,13,18,59,41,1.33,1.30,1.41,1.65,2.51,66,89,55,13,0,41,84,43,72,7.00,5.19,2.20,3.20,3.50,1.38,2.25,3.80,7.50,1.95,1.80,N/A
1722121200,Jul 27 2024 - 11:00pm,complete,N/A,Bahia,Internacional,N/A,20,2.33,1.38,1.89,1.42,1,1,2,1,1,0,"13","89",4,2,1,0,3,0,0,1,0,3,11,13,4,3,3,6,12,18,51,49,1.62,1.12,0.93,0.95,1.86,41,47,29,6,6,23,71,23,65,8.32,6.10,2.10,3.20,3.80,1.32,2.20,3.50,6.80,1.95,1.80,Arena Fonte Nova
1722126600,Jul 28 2024 - 12:30am,complete,N/A,Botafogo,Cruzeiro,Wilton Pereira Sampaio,20,2.44,0.80,2.16,0.89,0,3,3,2,0,2,"","13,37,77",8,1,2,0,4,0,1,1,2,2,22,14,11,6,5,6,14,15,59,41,1.56,1.23,2.22,1.35,2.22,37,63,37,11,11,31,69,27,74,10.60,5.56,1.90,3.30,4.33,1.38,2.40,3.95,8.00,2.20,1.62,Estádio Nilton Santos
1722126600,Jul 28 2024 - 12:30am,complete,41322,Fortaleza,São Paulo,N/A,20,2.40,1.33,2.47,1.05,1,0,1,1,1,0,"4","",3,10,3,1,3,0,0,4,1,2,13,11,4,2,5,4,15,17,37,63,1.39,1.33,1.12,0.80,2.54,64,74,59,27,6,47,84,37,58,10.74,5.16,2.35,3.00,3.50,1.42,2.50,4.33,8.50,2.05,1.70,Estádio Governador Plácido Aderaldo Castelo
1722175200,Jul 28 2024 - 2:00pm,complete,N/A,Bragantino,Fluminense,Lucas Paulo Torezin,20,2.38,0.44,1.63,0.89,0,1,1,1,0,1,"","44",5,6,1,0,2,0,0,1,1,1,14,8,3,4,9,1,12,13,59,41,1.37,1.18,1.33,0.90,2.20,54,66,48,7,0,42,72,12,75,8.27,6.28,1.80,3.40,4.33,1.33,2.00,3.50,7.00,1.80,1.95,Estádio Nabi Abi Chedid
1722193200,Jul 28 2024 - 7:00pm,complete,N/A,Flamengo,Atlético GO,N/A,20,2.11,0.90,2.00,0.53,2,0,2,1,1,0,"19,61","",6,3,3,0,2,0,1,2,2,0,13,13,7,4,4,5,9,12,53,47,1.68,1.39,1.57,1.20,2.49,69,85,54,15,0,37,85,42,75,12.22,3.94,1.33,5.00,10.00,1.22,1.70,2.90,5.50,2.10,1.67,N/A
1722204000,Jul 28 2024 - 10:00pm,complete,N/A,Grêmio,Vasco da Gama,N/A,20,1.44,0.67,1.53,0.79,1,0,1,0,0,0,"57","",8,3,3,0,3,0,1,2,1,2,21,13,4,2,7,7,13,13,53,47,1.43,1.17,1.45,0.86,2.11,33,73,33,6,0,22,67,33,78,9.77,4.88,2.15,3.25,3.60,1.38,2.20,3.80,7.50,1.95,1.80,Arena do Grêmio
1722204000,Jul 28 2024 - 10:00pm,complete,N/A,Atlético Mineiro,Corinthians,Bruno Arleu de Araujo,20,1.44,0.50,1.47,0.95,2,1,3,2,1,1,"31,84","39",4,4,2,1,4,0,1,2,0,4,11,13,5,8,4,3,17,16,68,32,1.45,1.24,1.25,1.49,2.45,44,85,32,16,6,33,80,37,63,9.46,5.82,1.73,3.50,5.25,1.33,2.15,3.75,7.00,2.00,1.75,N/A
1722204000,Jul 28 2024 - 10:00pm,complete,N/A,Cuiabá,Atlético PR,Jefferson Ferreira de Moraes,20,0.67,1.22,0.74,0.89,1,2,3,1,0,1,"90'7","11,90'4",12,2,0,0,2,0,0,0,0,2,20,12,5,5,11,4,8,12,50,50,1.23,1.35,1.94,1.20,1.84,28,62,22,6,6,17,62,17,73,11.77,7.22,2.60,3.00,3.00,1.44,2.60,4.50,9.00,2.10,1.67,Arena Pantanal
1722711600,Aug 03 2024 - 7:00pm,complete,N/A,Vitória,Cuiabá,N/A,21,1.00,1.38,1.42,0.84,1,0,1,0,0,0,"71","",4,5,3,0,3,0,1,2,0,3,18,10,4,3,8,4,16,17,47,53,1.23,1.17,1.39,0.96,2.84,62,73,55,28,12,23,84,44,84,6.43,5.85,2.70,2.90,2.90,1.50,2.88,5.25,10.00,2.20,1.62,Arena Fonte Nova
1722722400,Aug 03 2024 - 10:00pm,complete,N/A,Vasco da Gama,Bragantino,N/A,21,1.89,0.67,1.84,0.68,2,2,4,1,0,1,"50,60","5,89",4,3,4,0,1,0,2,2,0,1,12,8,4,4,4,3,8,18,64,36,1.42,1.44,1.25,0.90,2.78,62,89,50,22,11,33,73,56,78,9.11,5.55,2.02,3.25,3.45,1.38,2.15,3.95,8.00,1.50,2.50,Estádio Nivaldo Pereira
1722726000,Aug 03 2024 - 11:00pm,complete,N/A,Atlético GO,Botafogo,Felipe Fernandes de Lima,21,0.33,1.80,1.05,2.00,1,4,5,2,1,1,"43","21,68,81,88",3,7,4,1,2,1,0,5,1,2,10,14,4,10,2,1,17,14,48,52,1.49,1.15,1.04,1.63,2.52,69,79,53,16,5,25,52,59,95,8.97,8.89,3.40,3.20,2.05,1.40,2.30,4.20,8.50,1.95,1.80,N/A
1722726000,Aug 03 2024 - 11:00pm,complete,15642,Criciúma,Atlético Mineiro,Jonathan Benkenstein Pinheiro,21,1.22,1.50,1.21,1.00,2,1,3,0,0,0,"58,66","90'5",5,1,1,0,2,0,0,1,0,2,13,20,6,4,4,13,13,7,28,72,1.53,1.41,1.21,1.72,2.95,76,89,60,24,12,25,71,60,82,10.72,7.41,2.88,3.15,2.31,1.38,2.35,4.20,8.00,1.95,1.80,Estádio Heriberto Hülse
1722731400,Aug 04 2024 - 12:30am,complete,N/A,São Paulo,Flamengo,N/A,21,2.00,2.00,2.05,1.68,1,0,1,0,0,0,"61","",8,3,1,0,3,0,1,0,0,3,16,9,4,0,9,6,11,13,59,41,1.49,1.61,1.46,0.59,2.65,64,74,53,21,11,37,64,43,85,12.01,5.72,2.57,3.10,2.70,1.50,2.35,4.33,8.50,2.20,1.62,Morumbí
1722798000,Aug 04 2024 - 7:00pm,complete,N/A,Fluminense,Bahia,N/A,21,1.11,1.00,1.53,0.89,1,0,1,1,1,0,"45","",3,3,3,0,2,0,2,1,0,2,14,12,7,4,5,6,12,10,49,51,1.40,1.29,1.63,1.14,2.72,79,84,57,31,0,21,69,62,95,8.37,6.39,2.10,3.25,3.70,1.33,2.20,3.60,7.00,1.95,1.80,N/A
1722798000,Aug 04 2024 - 7:00pm,complete,N/A,Corinthians,Juventude,Lucas Paulo Torezin,21,1.56,0.25,2.00,0.79,1,1,2,1,0,1,"48","4",11,3,2,0,7,3,1,1,2,8,35,7,11,4,14,1,16,15,64,36,1.69,1.24,2.89,0.68,2.72,66,84,53,29,12,41,71,36,84,10.80,6.99,1.73,3.40,4.75,1.38,2.20,4.00,8.00,2.05,1.70,Arena Corinthians
1722798000,Aug 04 2024 - 7:00pm,complete,N/A,Atlético PR,Grêmio,N/A,21,1.75,0.25,1.32,0.84,0,2,2,2,0,2,"","18,21",9,0,2,0,0,0,1,1,0,0,19,9,4,8,10,0,12,12,75,25,1.75,1.25,1.77,1.20,2.44,57,69,50,26,0,44,82,38,76,12.25,6.01,1.73,3.75,4.50,1.38,2.10,4.00,8.00,2.00,1.75,N/A
1722801600,Aug 04 2024 - 8:00pm,complete,N/A,Internacional,Palmeiras,Wagner do Nascimento Magalhaes,21,1.33,1.56,2.00,1.84,1,1,2,1,1,0,"31","89",4,11,2,0,0,0,2,0,0,0,17,18,8,6,3,6,19,6,41,59,1.62,1.56,1.63,1.68,2.06,45,62,47,11,0,0,37,56,73,12.11,5.28,2.35,3.20,3.10,1.44,2.50,4.50,9.00,2.10,1.67,Estádio José Pinheiro Borda
1722902400,Aug 06 2024 - 12:00am,complete,N/A,Cruzeiro,Fortaleza,N/A,21,3.00,1.13,1.84,1.11,1,2,3,3,1,2,"15","9,42",5,1,4,0,4,0,0,4,3,1,16,12,8,5,5,3,18,17,69,31,1.56,1.09,1.83,1.04,2.63,50,88,51,19,13,25,76,32,94,10.63,5.63,1.83,3.50,4.50,1.44,2.25,4.50,9.00,2.05,1.70,N/A
1723316400,Aug 10 2024 - 7:00pm,complete,N/A,Fortaleza,Criciúma,N/A,22,2.45,1.11,2.47,0.79,1,0,1,0,0,0,"47","",4,6,2,0,4,0,1,1,1,3,17,13,5,3,7,7,16,13,51,49,1.37,1.34,1.33,1.06,2.65,72,82,63,20,0,39,90,47,72,9.44,5.49,1.73,3.50,5.75,1.28,2.10,3.22,6.05,2.00,1.75,Estádio Governador Plácido Aderaldo Castelo
1723327200,Aug 10 2024 - 10:00pm,complete,N/A,Cuiabá,Grêmio,Bruno Pereira Vasconcelos,22,0.60,0.56,0.74,0.84,1,3,4,1,0,1,"52","24,64,86",5,5,1,0,2,0,0,1,0,2,16,11,4,7,6,4,15,7,60,40,1.30,1.24,1.34,1.47,2.11,37,64,42,11,5,37,75,27,63,9.99,6.02,2.35,3.00,3.30,1.50,2.70,4.40,8.70,2.20,1.62,Arena Pantanal
1723336200,Aug 11 2024 - 12:30am,complete,N/A,Cruzeiro,Atlético Mineiro,Raphael Claus,22,2.67,1.33,1.84,1.00,0,0,0,0,0,0,"","",4,4,3,0,1,0,1,2,0,1,7,13,2,5,4,4,19,12,35,65,1.59,1.45,0.73,1.17,3.00,62,95,73,22,11,33,78,56,78,12.00,6.11,2.20,3.00,3.65,1.36,1.80,3.75,7.50,2.05,1.70,Estádio Governador Magalhães Pinto
1723336200,Aug 11 2024 - 12:30am,complete,N/A,Vasco da Gama,Fluminense,Anderson Daronco,22,1.80,0.70,1.84,0.89,2,0,2,1,1,0,"23,65","",6,3,3,0,3,0,1,2,1,2,9,13,4,4,3,9,23,12,43,57,1.40,1.15,0.98,1.42,2.50,45,70,45,20,10,30,55,40,90,7.90,6.10,2.80,2.95,2.75,1.40,2.00,4.20,8.00,2.10,1.67,Estádio Nilton Santos
1723336200,Aug 11 2024 - 12:30am,complete,N/A,Corinthians,Bragantino,Felipe Fernandes de Lima,22,1.50,0.70,2.00,0.68,1,1,2,1,0,1,"90'4","39",7,6,4,0,6,0,1,3,0,6,21,12,6,7,9,3,11,18,63,37,1.81,1.38,1.95,1.33,2.50,65,80,50,25,5,35,80,40,70,12.20,5.10,2.15,3.10,3.60,1.38,1.95,4.00,8.00,1.95,1.80,N/A
1723384800,Aug 11 2024 - 2:00pm,complete,N/A,Juventude,Botafogo,Flavio Rodrigues De Souza,22,1.90,1.91,1.58,2.00,3,2,5,2,2,0,"9,45'4,48","69,81",6,12,3,0,5,0,2,1,2,3,17,25,9,11,3,8,10,14,37,63,1.34,1.20,1.57,2.43,2.41,62,81,43,14,9,48,62,38,76,8.65,6.30,3.60,3.25,2.15,1.40,2.20,4.20,8.00,1.95,1.80,N/A
1723402800,Aug 11 2024 - 7:00pm,complete,N/A,Bahia,Vitória,Braulio da Silva Machado,22,2.20,0.80,1.89,1.05,2,0,2,1,1,0,"15,90'7","",3,7,3,0,4,0,0,3,1,3,8,14,4,6,2,3,10,13,57,43,1.55,1.22,0.90,1.29,2.40,55,70,45,20,10,35,60,45,75,9.80,5.70,1.65,3.60,6.00,1.33,2.25,3.60,7.00,2.20,1.62,Arena Fonte Nova
1723402800,Aug 11 2024 - 7:00pm,complete,N/A,Flamengo,Palmeiras,Wilton Pereira Sampaio,22,2.20,1.50,2.00,1.84,1,1,2,0,0,0,"69","87",4,2,1,0,3,1,1,0,2,2,12,11,8,8,2,2,15,21,52,48,1.67,1.57,1.51,1.45,2.35,50,80,50,10,0,15,75,40,90,13.70,4.10,1.80,3.40,4.75,1.33,2.00,3.60,7.00,1.91,1.91,N/A
1723402800,Aug 11 2024 - 7:00pm,complete,46600,São Paulo,Atlético GO,N/A,22,2.09,0.82,2.05,0.53,1,0,1,1,1,0,"15","",3,2,1,0,2,0,0,1,0,2,13,14,8,7,2,5,15,8,45,55,1.49,1.38,1.46,1.58,2.23,50,69,41,23,0,36,69,32,69,10.91,5.72,1.60,3.75,6.25,1.36,2.20,3.75,7.50,2.20,1.62,Morumbí
1723413600,Aug 11 2024 - 10:00pm,complete,N/A,Internacional,Atlético PR,N/A,22,1.29,1.40,2.00,0.89,2,2,4,2,1,1,"12,90'6","39,50",9,0,1,0,2,0,0,1,2,0,25,13,5,6,8,4,18,13,54,46,1.62,1.34,1.66,1.31,1.95,56,71,32,0,0,0,50,44,76,12.61,6.33,1.90,3.25,4.75,1.49,2.25,4.15,8.20,2.00,1.75,Estádio José Pinheiro Borda
1723674600,Aug 14 2024 - 10:30pm,complete,N/A,Internacional,Juventude,N/A,6,1.25,0.33,2.00,0.79,2,1,3,1,0,1,"58,81","45'4",8,1,2,0,4,0,0,2,0,4,23,9,11,4,7,4,19,17,48,52,1.62,1.18,2.30,0.91,2.57,77,88,47,18,6,23,58,48,88,10.13,6.92,1.53,4.33,5.75,1.36,1.85,3.79,7.59,2.00,1.75,Estádio José Pinheiro Borda
1723921200,Aug 17 2024 - 7:00pm,complete,N/A,Grêmio,Bahia,N/A,23,1.60,0.91,1.53,0.89,0,2,2,1,0,1,"","45,76",1,5,4,0,1,0,0,4,0,1,15,13,6,6,5,3,10,10,40,60,1.43,1.28,1.49,1.33,2.41,51,76,42,23,0,24,67,47,86,9.34,4.95,2.38,3.25,3.10,1.33,2.08,3.64,7.10,1.80,1.95,Arena do Grêmio
1723921200,Aug 17 2024 - 7:00pm,complete,N/A,Atlético Mineiro,Cuiabá,N/A,23,1.60,1.22,1.47,0.84,1,1,2,2,1,1,"11","44",8,6,4,0,5,0,2,2,1,4,14,12,5,7,7,2,13,14,60,40,1.43,1.15,1.46,1.26,2.79,63,84,47,21,11,41,84,32,75,7.39,6.42,1.60,3.80,6.00,1.40,2.20,4.33,8.50,2.20,1.62,N/A
1723930200,Aug 17 2024 - 9:30pm,complete,N/A,Bragantino,Fortaleza,N/A,23,2.11,1.33,1.63,1.11,1,2,3,2,1,1,"38","26,90",9,2,3,0,4,0,0,3,1,3,15,15,10,8,2,2,19,13,61,39,1.36,1.08,2.00,1.47,2.33,62,73,50,11,6,39,84,11,61,8.44,6.44,2.25,3.30,3.30,1.33,2.10,3.58,7.00,1.91,1.91,Estádio Nabi Abi Chedid
1723939200,Aug 18 2024 - 12:00am,complete,N/A,Fluminense,Corinthians,Braulio da Silva Machado,23,1.30,0.45,1.53,0.95,0,0,0,0,0,0,"","",6,2,3,0,1,0,1,2,1,0,17,10,5,4,6,4,10,17,56,44,1.43,1.26,1.42,1.05,2.15,44,67,34,15,0,14,72,38,77,9.32,6.53,1.98,3.40,3.95,1.53,2.25,4.50,9.00,2.25,1.57,N/A
1724007600,Aug 18 2024 - 7:00pm,complete,N/A,Palmeiras,São Paulo,Raphael Claus,23,2.00,1.20,2.00,1.05,2,1,3,0,0,0,"55,90'12","72",6,1,4,1,2,2,1,4,1,3,25,9,9,5,10,4,17,12,53,47,1.85,1.28,2.16,1.10,2.39,44,76,49,24,5,25,72,43,66,13.18,5.05,1.85,3.40,4.33,1.39,2.30,4.10,8.00,2.05,1.70,Allianz Parque
1724007600,Aug 18 2024 - 7:00pm,complete,N/A,Atlético GO,Internacional,Flavio Rodrigues De Souza,23,0.30,1.33,1.05,1.42,1,0,1,0,0,0,"68","",4,7,3,0,0,0,1,2,0,0,14,20,6,7,4,5,11,6,42,58,1.44,1.10,1.42,1.70,2.13,57,62,36,10,5,11,59,46,84,7.28,8.78,3.10,3.10,2.45,1.42,2.30,4.50,9.00,1.95,1.80,N/A
1724007600,Aug 18 2024 - 7:00pm,complete,N/A,Criciúma,Vasco da Gama,N/A,23,1.40,0.60,1.21,0.79,2,2,4,3,1,2,"6,90'4","36,45'4",9,10,3,0,2,0,2,1,0,2,21,14,9,5,10,5,15,7,50,50,1.50,1.14,2.13,1.28,2.50,65,80,45,10,5,15,60,50,90,8.50,6.00,2.30,3.25,3.25,1.36,2.15,3.75,7.50,1.91,1.91,Estádio Heriberto Hülse
1724016600,Aug 18 2024 - 9:30pm,complete,N/A,Botafogo,Flamengo,Bruno Arleu de Araujo,23,2.20,1.80,2.16,1.68,4,1,5,2,1,1,"3,54,84,90'4","24",5,2,4,0,2,0,1,3,0,2,21,11,10,5,7,4,17,7,54,46,1.63,1.50,2.13,1.16,2.60,55,65,50,15,15,30,65,45,85,12.00,4.80,2.60,3.20,2.80,1.40,2.15,4.20,8.00,1.91,1.91,Estádio Nilton Santos
1724016600,Aug 18 2024 - 9:30pm,complete,N/A,Atlético PR,Juventude,N/A,23,1.56,0.30,1.32,0.79,1,2,3,2,1,1,"39","30,68",10,4,4,0,2,0,1,3,1,1,24,9,8,6,10,2,17,10,60,40,1.75,1.15,2.06,1.13,2.73,68,89,47,27,5,43,79,37,89,10.70,6.93,1.55,4.00,6.25,1.33,2.05,3.75,7.00,2.10,1.67,N/A
1724108400,Aug 19 2024 - 11:00pm,complete,N/A,Vitória,Cruzeiro,Marcelo de Lima Henrique,23,1.18,1.00,1.42,0.89,2,2,4,2,2,0,"25,29","78,84",4,7,1,1,3,0,1,1,0,3,16,26,7,13,5,8,10,13,30,70,1.24,1.24,1.45,2.77,2.41,41,69,46,18,9,32,73,27,78,8.09,5.73,2.88,2.95,2.25,1.42,2.29,4.30,8.50,2.10,1.67,Estádio Manoel Barradas
1724526000,Aug 24 2024 - 7:00pm,complete,N/A,Atlético GO,Juventude,Bruno Pereira Vasconcelos,24,0.55,0.55,1.05,0.79,2,1,3,0,0,0,"47,90'11","90'1",4,6,4,1,5,1,2,3,3,3,19,14,8,4,7,5,18,10,40,60,1.44,1.15,1.74,1.12,2.73,73,87,55,18,9,23,64,55,100,8.18,9.18,1.85,3.40,4.50,1.38,2.08,4.00,8.00,1.95,1.80,N/A
1724535000,Aug 24 2024 - 9:30pm,complete,N/A,Palmeiras,Cuiabá,N/A,24,2.08,1.20,2.00,0.84,5,0,5,4,4,0,"15,27,32,45'2,56","",7,1,1,0,1,0,0,1,0,1,15,11,10,4,3,4,16,6,58,42,1.87,1.16,1.83,0.95,2.43,47,77,37,19,5,19,69,40,82,11.20,6.15,1.50,4.00,7.00,1.36,2.05,4.00,8.00,2.10,1.67,Allianz Parque
1724544000,Aug 25 2024 - 12:00am,complete,N/A,Atlético Mineiro,Fluminense,Flavio Rodrigues De Souza,24,1.55,0.64,1.47,0.89,0,2,2,1,0,1,"","23,59",5,2,5,0,3,0,2,3,1,2,20,9,0,7,15,1,19,7,61,39,1.43,1.18,1.33,1.20,2.32,50,78,36,9,5,46,73,18,73,8.82,6.00,1.91,3.20,4.75,1.36,2.60,3.92,7.70,2.20,1.62,Estádio Governador Magalhães Pinto
1724612400,Aug 25 2024 - 7:00pm,complete,N/A,Bahia,Botafogo,Ramon Abatti,24,2.27,1.75,1.89,2.00,0,0,0,0,0,0,"","",4,7,4,0,4,0,3,1,2,2,19,15,8,6,10,4,19,21,53,47,1.49,1.30,2.03,1.33,2.59,60,74,47,21,17,43,75,39,83,10.26,6.26,2.30,3.30,3.20,1.36,2.05,3.60,7.00,1.80,1.95,Arena Fonte Nova
1724612400,Aug 25 2024 - 7:00pm,complete,N/A,Fortaleza,Corinthians,Felipe Fernandes de Lima,24,2.50,0.50,2.47,0.95,1,0,1,0,0,0,"77","",3,9,3,0,3,0,1,2,1,2,9,13,6,5,3,2,14,16,45,55,1.36,1.24,1.23,1.05,2.00,38,63,29,13,0,30,75,29,63,10.41,5.33,1.80,3.40,5.00,1.39,2.25,4.10,8.00,2.05,1.70,Estádio Governador Plácido Aderaldo Castelo
1724612400,Aug 25 2024 - 7:00pm,complete,N/A,Criciúma,Grêmio,Lucas Paulo Torezin,24,1.36,0.80,1.21,0.84,0,1,1,0,0,0,"","86",6,9,2,0,1,0,1,1,1,0,20,15,5,5,9,3,15,8,47,53,1.56,1.27,1.56,1.31,2.70,71,81,53,24,5,29,77,48,80,9.63,6.55,2.50,3.25,2.90,1.38,2.20,3.80,8.00,1.95,1.80,Estádio Heriberto Hülse
1724621400,Aug 25 2024 - 9:30pm,complete,N/A,São Paulo,Vitória,Wilton Pereira Sampaio,24,2.17,0.73,2.05,1.05,2,1,3,2,2,0,"6,30","61",4,3,0,0,2,0,0,0,0,2,13,11,4,5,5,4,7,8,58,42,1.48,1.23,1.14,1.17,2.32,49,70,44,22,5,35,52,40,79,10.56,6.72,1.75,3.50,5.00,1.42,2.35,4.50,9.00,2.20,1.62,Morumbí
1724623200,Aug 25 2024 - 10:00pm,complete,N/A,Internacional,Cruzeiro,N/A,24,1.44,1.00,2.00,0.89,1,0,1,0,0,0,"70","",12,3,3,0,2,0,2,1,0,2,21,6,10,4,8,2,12,9,44,56,1.70,1.37,2.23,0.86,2.33,56,77,49,14,4,31,60,42,77,10.83,5.30,1.91,3.20,4.50,1.47,2.60,4.75,9.50,2.25,1.57,Estádio José Pinheiro Borda
1724626800,Aug 25 2024 - 11:00pm,complete,N/A,Flamengo,Bragantino,N/A,24,2.09,0.73,2.00,0.68,2,1,3,1,1,0,"17,59","57",6,10,1,0,1,0,0,1,1,0,14,13,8,3,2,9,13,12,55,45,1.65,1.38,1.72,1.51,2.55,73,96,50,9,0,27,87,45,87,12.00,4.00,1.65,3.60,6.00,1.28,2.05,3.25,6.25,2.00,1.75,N/A
1724716800,Aug 27 2024 - 12:00am,complete,N/A,Vasco da Gama,Atlético PR,Jonathan Benkenstein Pinheiro,24,1.91,1.36,1.84,0.89,2,1,3,1,0,1,"68,86","24",4,5,0,0,2,1,0,0,2,1,8,10,6,5,1,4,10,11,46,54,1.36,1.34,1.34,1.46,2.59,50,82,41,23,9,18,69,50,87,10.27,7.09,2.14,3.35,3.50,1.36,2.10,3.75,7.50,1.95,1.80,Estádio Club de Regatas Vasco da Gama
1724884200,Aug 28 2024 - 10:30pm,complete,N/A,Cruzeiro,Internacional,Bruno Arleu de Araujo,5,2.50,1.20,1.84,1.42,0,0,0,0,0,0,"","",10,3,2,0,7,1,1,1,3,5,21,2,5,0,12,2,12,13,69,31,1.51,1.16,1.98,0.33,2.10,45,65,35,10,5,20,70,25,75,9.10,6.10,2.30,3.25,3.25,1.52,2.40,5.00,10.00,2.05,1.70,Estádio Governador Magalhães Pinto
1724884200,Aug 28 2024 - 10:30pm,complete,N/A,Criciúma,Bragantino,N/A,19,1.25,0.67,1.21,0.68,1,0,1,1,1,0,"37","",6,8,3,0,3,0,3,0,1,2,15,16,3,7,6,9,17,15,49,51,1.56,1.39,1.15,1.90,2.71,79,88,50,21,4,21,75,50,88,10.41,5.66,2.30,3.30,3.10,1.36,2.10,4.50,9.00,1.91,1.91,Estádio Heriberto Hülse
1725139800,Aug 31 2024 - 9:30pm,complete,N/A,Cuiabá,Criciúma,N/A,25,0.55,1.00,0.74,0.79,2,1,3,1,0,1,"57,67","35",5,5,4,0,0,0,0,4,0,0,23,13,4,4,12,6,16,9,45,55,1.30,1.31,1.68,1.25,2.54,58,77,63,19,5,29,72,44,82,8.79,5.44,1.95,3.30,4.20,1.37,2.30,3.92,7.70,2.00,1.75,Arena Pantanal
1725148800,Sep 01 2024 - 12:00am,complete,N/A,Botafogo,Fortaleza,Flavio Rodrigues De Souza,25,2.27,1.50,2.16,1.11,2,0,2,0,0,0,"73,90'1","",9,6,3,0,4,0,1,2,1,3,23,11,8,2,8,5,13,8,64,36,1.67,1.12,2.13,0.83,2.52,53,72,53,14,14,38,72,28,81,9.89,5.94,1.62,3.80,5.50,1.36,2.08,3.75,7.50,2.05,1.70,Estádio Nilton Santos
1725199200,Sep 01 2024 - 2:00pm,complete,N/A,Grêmio,Atlético Mineiro,Raphael Claus,25,1.45,1.30,1.53,1.00,2,3,5,2,2,0,"32,42","73,90'3,90'6",5,9,1,1,3,0,1,1,2,1,12,28,6,14,5,8,11,17,28,72,1.44,1.42,1.27,2.86,2.31,39,72,44,15,5,24,62,39,71,10.97,5.84,2.20,3.10,3.75,1.35,2.40,4.20,6.50,2.00,1.75,Arena do Grêmio
1725199200,Sep 01 2024 - 2:00pm,complete,N/A,Cruzeiro,Atlético GO,N/A,25,2.36,0.75,1.84,0.53,3,1,4,3,2,1,"9,25,56","33",8,3,2,0,5,0,0,2,1,4,12,18,7,5,3,11,13,7,49,51,1.55,1.39,1.42,1.71,2.31,48,75,44,22,5,30,78,35,62,10.85,5.06,1.65,3.75,5.50,1.35,2.35,3.80,7.50,2.20,1.62,Estádio Governador Magalhães Pinto
1725217200,Sep 01 2024 - 7:00pm,complete,N/A,Corinthians,Flamengo,Ramon Abatti,25,1.45,1.64,2.00,1.68,2,1,3,2,1,1,"26,60","37",5,2,5,2,4,1,2,5,2,3,14,12,5,4,6,5,18,18,43,57,1.83,1.47,1.39,1.16,2.68,69,73,50,27,18,36,69,41,82,12.54,5.36,3.10,3.25,2.25,1.44,2.20,4.50,9.00,2.10,1.67,Arena Corinthians
1725226200,Sep 01 2024 - 9:30pm,complete,N/A,Vitória,Vasco da Gama,Luiz Flavio De Oliveira,25,1.17,0.64,1.42,0.79,0,1,1,0,0,0,"","72",10,3,4,0,1,0,0,4,0,1,22,10,6,7,9,2,7,7,47,53,1.26,1.15,1.81,1.28,2.51,52,70,52,21,4,26,70,43,83,8.56,5.12,2.25,3.20,3.40,1.40,2.30,4.33,8.50,2.00,1.75,Estádio Manoel Barradas
1725226200,Sep 01 2024 - 9:30pm,complete,N/A,Fluminense,São Paulo,N/A,25,1.27,1.09,1.53,1.05,2,0,2,1,1,0,"31,90'1","",5,4,4,0,4,0,0,4,3,1,11,18,6,4,3,7,13,16,44,56,1.42,1.26,1.24,1.24,2.32,60,64,55,23,5,23,69,41,64,9.28,6.55,2.40,2.88,3.40,1.55,2.88,4.70,7.20,2.25,1.57,N/A
1725226200,Sep 01 2024 - 9:30pm,complete,N/A,Bragantino,Bahia,N/A,25,1.90,1.08,1.63,0.89,2,1,3,0,0,0,"64,90'5","72",5,10,2,0,3,0,2,0,2,1,17,17,7,7,8,7,8,13,30,70,1.43,1.28,1.76,1.91,2.62,73,81,59,22,0,38,88,39,71,8.65,5.53,2.25,3.40,3.20,1.33,2.00,3.40,6.50,1.80,1.95,Estádio Nabi Abi Chedid
1725226200,Sep 01 2024 - 9:30pm,complete,N/A,Atlético PR,Palmeiras,Braulio da Silva Machado,25,1.40,1.45,1.32,1.84,0,2,2,1,0,1,"","8,58",4,4,2,0,1,0,2,0,0,1,16,20,10,11,4,3,10,9,47,53,1.78,1.56,1.97,1.98,2.35,48,72,43,24,0,30,68,38,81,13.48,5.14,3.30,3.50,2.15,1.36,1.95,4.00,1.02,1.80,1.95,N/A
1725226200,Sep 01 2024 - 9:30pm,complete,N/A,Juventude,Internacional,Marcelo de Lima Henrique,25,2.00,1.18,1.58,1.42,1,3,4,2,0,2,"90'2","30,34,59",6,4,1,1,2,0,1,1,1,1,16,19,6,9,7,8,13,17,37,63,1.36,1.08,1.52,2.11,1.82,46,59,23,5,5,27,60,23,64,7.45,6.18,3.30,3.25,2.25,1.40,2.20,4.20,8.00,1.95,1.80,N/A
1725577200,Sep 05 2024 - 11:00pm,complete,N/A,Cuiabá,Juventude,Felipe Fernandes de Lima,16,0.75,0.50,0.74,0.79,0,0,0,0,0,0,"","",3,3,3,0,1,0,0,3,0,1,13,10,4,4,4,6,17,11,53,47,1.33,1.15,1.08,1.16,2.59,63,84,54,17,8,29,71,38,88,9.00,7.25,1.95,3.70,3.50,1.43,2.35,4.45,8.80,2.00,1.75,Arena Pantanal
1726093800,Sep 11 2024 - 10:30pm,complete,N/A,Internacional,Fortaleza,N/A,19,1.60,1.36,2.00,1.11,2,1,3,2,1,1,"21,84","45'2",8,3,2,0,4,1,1,1,2,3,17,13,8,2,4,8,19,9,61,39,1.75,1.10,1.71,0.98,2.28,63,76,48,10,5,23,52,39,81,10.90,5.66,2.00,3.30,3.90,1.40,2.35,4.80,10.00,2.10,1.67,Estádio José Pinheiro Borda
1726340400,Sep 14 2024 - 7:00pm,complete,N/A,Atlético GO,Vitória,Edina Alves Batista,26,0.75,0.67,1.05,1.05,0,2,2,1,0,1,"","13,78",9,5,3,0,6,0,1,2,3,3,14,8,5,5,5,2,14,14,64,36,1.47,1.22,1.19,0.88,2.58,63,79,54,21,8,25,46,63,92,9.00,8.33,2.05,3.25,3.60,1.39,2.25,4.10,8.00,2.05,1.70,N/A
1726349400,Sep 14 2024 - 9:30pm,complete,N/A,Atlético PR,Fortaleza,N/A,26,1.27,1.25,1.32,1.11,1,1,2,2,1,1,"29","14",14,4,2,0,2,0,0,2,1,1,29,11,10,4,10,5,13,10,55,45,1.80,1.09,2.42,1.05,2.49,57,83,48,18,4,49,75,22,83,10.92,5.95,1.95,3.60,3.80,1.44,2.00,4.50,9.50,1.80,1.95,N/A
1726358400,Sep 15 2024 - 12:00am,complete,N/A,Botafogo,Corinthians,Anderson Daronco,26,2.33,0.46,2.16,0.95,2,1,3,1,1,0,"39,67","63",6,3,1,0,3,0,0,1,0,3,22,14,11,3,4,7,12,8,57,43,1.71,1.23,2.16,1.05,2.22,33,65,37,13,9,24,65,41,76,11.25,5.29,1.57,3.80,6.25,1.33,2.10,3.58,7.00,2.10,1.67,Estádio Nilton Santos
1726426800,Sep 15 2024 - 7:00pm,complete,N/A,Palmeiras,Criciúma,N/A,26,2.15,0.91,2.00,0.79,5,0,5,3,3,0,"1,14,18,52,77","",4,6,0,1,2,0,0,1,0,2,16,15,9,6,4,6,12,11,53,47,1.87,1.31,1.74,1.53,2.69,57,88,60,21,4,21,72,55,88,11.74,5.17,1.31,5.00,8.96,1.21,1.70,2.72,4.90,2.00,1.75,Allianz Parque
1726426800,Sep 15 2024 - 7:00pm,complete,N/A,Bragantino,Grêmio,Bruno Arleu de Araujo,26,2.00,1.00,1.63,0.84,2,2,4,2,1,1,"44,63","29,53",6,7,5,0,1,0,2,3,0,1,24,9,7,5,9,3,12,7,47,53,1.46,1.27,1.81,1.16,2.36,59,69,55,14,0,41,87,27,60,10.18,6.00,2.10,3.25,3.44,1.33,2.09,3.66,7.10,1.91,1.91,N/A
1726426800,Sep 15 2024 - 7:00pm,complete,N/A,Juventude,Fluminense,Flavio Rodrigues De Souza,26,1.83,0.83,1.58,0.89,2,1,3,1,0,1,"81,84","27",8,5,5,0,4,0,2,3,1,3,13,9,6,2,4,5,8,9,53,47,1.37,1.18,1.57,0.82,2.13,42,71,34,9,4,38,63,25,80,8.25,5.17,2.97,3.00,2.47,1.42,2.47,4.60,9.50,2.05,1.70,N/A
1726435800,Sep 15 2024 - 9:30pm,complete,N/A,Cruzeiro,São Paulo,Wilton Pereira Sampaio,26,2.42,1.00,1.84,1.05,0,1,1,0,0,0,"","59",7,7,4,0,3,0,3,1,2,1,15,15,2,5,9,5,11,10,61,39,1.54,1.26,1.30,1.23,2.58,54,79,63,25,8,33,75,38,67,11.00,5.50,1.92,3.00,4.53,1.53,2.62,5.05,10.00,2.25,1.57,Estádio Governador Magalhães Pinto
1726435800,Sep 15 2024 - 9:30pm,complete,N/A,Bahia,Atlético Mineiro,N/A,26,2.17,1.45,1.89,1.00,3,0,3,0,0,0,"51,58,90'2","",6,1,1,0,3,0,0,1,1,2,17,6,5,3,6,1,17,16,55,45,1.54,1.55,1.38,0.76,2.46,53,70,53,18,13,31,70,45,66,11.00,5.51,1.93,3.30,3.94,1.38,2.07,4.20,8.00,1.95,1.80,Arena Fonte Nova
1726435800,Sep 15 2024 - 9:30pm,complete,N/A,Flamengo,Vasco da Gama,Raphael Claus,26,2.17,0.83,2.00,0.79,1,1,2,0,0,0,"72","87",5,6,0,0,1,0,0,0,1,0,18,10,4,3,9,3,10,10,61,39,1.66,1.16,1.54,0.83,2.38,59,84,50,4,0,25,71,42,92,11.33,3.83,1.61,3.80,5.24,1.32,1.96,3.50,6.80,1.95,1.80,N/A
1726527600,Sep 16 2024 - 11:00pm,complete,N/A,Internacional,Cuiabá,Braulio da Silva Machado,26,1.73,1.09,2.00,0.84,3,0,3,2,2,0,"11,41,73","",2,3,1,0,2,0,1,0,2,0,16,3,8,0,6,3,8,10,67,33,1.75,1.14,2.03,0.34,2.55,64,73,50,18,9,27,64,41,82,10.00,5.45,1.50,3.75,7.50,1.36,2.40,4.50,9.00,2.50,1.50,Estádio José Pinheiro Borda
1726945200,Sep 21 2024 - 7:00pm,complete,N/A,Vitória,Juventude,Braulio da Silva Machado,27,1.08,0.54,1.42,0.79,1,0,1,1,1,0,"45'3","",4,5,3,0,4,0,3,0,2,2,14,12,3,3,8,6,12,15,36,64,1.30,1.15,1.16,1.14,2.66,66,77,54,23,8,27,69,42,89,8.16,7.00,2.00,3.25,3.80,1.36,2.25,3.86,7.30,1.95,1.80,Estádio Manoel Barradas
1726945200,Sep 21 2024 - 7:00pm,complete,N/A,Corinthians,Atlético GO,Bruno Arleu de Araujo,27,1.58,0.69,2.00,0.53,3,0,3,1,1,0,"45'4,55,83","",7,2,3,0,4,0,2,1,3,1,19,15,7,4,7,8,7,17,61,39,1.79,1.42,1.81,1.38,2.37,61,72,44,28,4,40,80,28,65,11.38,6.20,1.50,4.00,6.50,1.36,2.10,3.75,7.50,2.10,1.67,Arena Corinthians
1726954200,Sep 21 2024 - 9:30pm,complete,N/A,Fluminense,Botafogo,Wilton Pereira Sampaio,27,1.42,1.69,1.53,2.00,0,1,1,0,0,0,"","90'5",5,4,1,0,1,0,0,1,0,1,15,11,7,8,7,1,13,17,50,50,1.41,1.30,1.69,1.37,2.39,60,68,44,24,12,31,65,40,80,9.98,7.83,3.25,3.20,2.30,1.40,2.35,4.20,8.00,2.00,1.75,N/A
1726963200,Sep 22 2024 - 12:00am,complete,N/A,Fortaleza,Bahia,Raphael Claus,27,2.54,1.00,2.47,0.89,4,1,5,3,2,1,"28,37,80,89","30",2,1,2,1,1,0,2,1,1,0,13,10,8,5,2,2,13,9,36,64,1.35,1.33,1.43,1.06,2.43,62,73,47,23,0,31,73,46,77,9.85,5.15,2.45,3.25,2.90,1.36,2.20,3.75,7.50,1.91,1.91,Estádio Comendador Agostinho Prada
1727031600,Sep 22 2024 - 7:00pm,complete,N/A,Atlético Mineiro,Bragantino,Lucas Paulo Torezin,27,1.42,0.62,1.47,0.68,3,0,3,1,1,0,"37,52,78","",4,2,2,0,3,0,0,2,0,3,14,9,9,4,5,3,14,9,50,50,1.42,1.43,1.73,1.02,2.61,68,93,44,16,4,41,92,36,64,10.60,5.80,1.82,3.75,4.25,1.32,2.06,3.52,6.65,1.95,1.80,N/A
1727031600,Sep 22 2024 - 7:00pm,complete,N/A,Vasco da Gama,Palmeiras,N/A,27,2.00,1.58,1.84,1.84,0,1,1,1,0,1,"","26",5,5,1,0,3,0,0,1,0,3,12,15,4,4,6,8,8,14,55,45,1.36,1.60,1.23,1.38,2.58,46,80,46,25,9,13,63,55,88,10.00,5.58,3.45,3.50,2.10,1.30,2.05,3.80,7.50,1.95,1.80,Estádio Club de Regatas Vasco da Gama
1727040600,Sep 22 2024 - 9:30pm,complete,N/A,Grêmio,Flamengo,N/A,27,1.33,1.50,1.53,1.68,3,2,5,2,1,1,"12,55,83","25,90",4,6,1,0,0,1,0,1,0,1,13,21,4,9,5,7,6,13,44,56,1.42,1.45,1.11,2.06,2.59,50,71,42,21,17,34,67,38,88,10.42,5.25,2.38,3.35,3.00,1.39,2.25,3.95,7.95,1.95,1.80,Arena do Grêmio
1727040600,Sep 22 2024 - 9:30pm,complete,N/A,São Paulo,Internacional,Ramon Abatti,27,2.23,1.33,2.05,1.42,1,3,4,2,1,1,"6","43,54,63",2,4,5,0,1,0,1,4,1,0,9,15,4,7,3,4,18,16,61,39,1.46,1.17,0.90,1.57,1.87,44,52,32,12,0,28,60,20,72,8.94,6.52,2.18,3.25,3.45,1.50,2.50,4.80,9.70,2.20,1.62,Morumbí
1727040600,Sep 22 2024 - 9:30pm,complete,N/A,Cuiabá,Cruzeiro,Flavio Rodrigues De Souza,27,0.77,0.92,0.74,0.89,0,0,0,0,0,0,"","",4,5,0,0,1,1,0,0,1,1,10,14,5,3,5,5,10,10,48,52,1.31,1.33,1.30,0.97,2.16,35,66,42,15,8,35,66,23,73,9.30,5.77,2.65,3.15,2.75,1.57,2.55,5.25,10.00,2.20,1.62,Arena Pantanal
1727046000,Sep 22 2024 - 11:00pm,complete,N/A,Criciúma,Atlético PR,Anderson Daronco,27,1.38,1.25,1.21,0.89,0,0,0,0,0,0,"","",12,1,2,0,2,0,1,1,0,2,27,11,7,4,12,5,11,12,64,36,1.53,1.35,2.18,1.15,2.43,64,76,40,16,4,12,69,44,88,11.09,7.06,2.38,3.25,2.90,1.31,2.05,3.52,6.55,1.91,1.91,Estádio Heriberto Hülse
1727301600,Sep 25 2024 - 10:00pm,complete,13582,Grêmio,Criciúma,Lucas Paulo Torezin,5,1.46,0.83,1.53,0.79,1,2,3,1,0,1,"67","14,79",6,3,2,0,5,0,1,1,0,5,16,12,4,5,6,5,8,12,65,35,1.40,1.32,1.44,1.20,2.73,53,81,57,24,12,32,76,49,89,9.15,5.04,1.70,4.00,4.75,1.36,2.05,3.60,7.00,2.00,1.75,Arena do Grêmio
1727301600,Sep 25 2024 - 10:00pm,complete,N/A,Bragantino,Internacional,N/A,16,1.92,1.46,1.63,1.42,2,2,4,2,1,1,"43,75","13,77",1,9,3,0,2,0,0,3,0,2,11,25,5,12,3,9,13,13,44,56,1.49,1.20,1.16,2.57,2.18,61,61,45,16,0,37,77,24,64,8.31,6.71,2.88,3.25,2.50,1.40,2.20,4.33,8.50,1.95,1.80,Estádio Nabi Abi Chedid
1727559000,Sep 28 2024 - 9:30pm,complete,N/A,Palmeiras,Atlético Mineiro,Bruno Arleu de Araujo,28,2.21,1.33,2.00,1.00,2,1,3,1,1,0,"45'2,86","68",7,3,2,0,2,0,2,0,2,0,16,7,9,4,3,2,15,10,43,57,1.86,1.48,1.69,0.86,2.78,44,85,59,27,16,27,61,59,77,13.22,5.74,1.73,3.70,5.25,1.28,2.10,3.40,6.25,2.00,1.75,Estádio Brinco de Ouro da Princesa
1727568000,Sep 29 2024 - 12:00am,complete,N/A,Botafogo,Grêmio,N/A,28,2.38,1.00,2.16,0.84,0,0,0,0,0,0,"","",5,3,3,0,3,1,1,2,0,4,17,12,5,5,6,5,10,15,63,37,1.75,1.26,1.43,1.19,2.52,48,68,52,20,8,37,76,48,76,11.73,5.29,1.60,4.00,5.00,1.36,1.80,4.00,8.00,1.91,1.91,N/A
1727618400,Sep 29 2024 - 2:00pm,complete,N/A,Juventude,Bragantino,N/A,28,1.92,0.57,1.58,0.68,1,1,2,0,0,0,"48","86",4,5,1,0,6,0,1,0,1,5,13,16,7,7,5,6,9,19,52,48,1.39,1.40,1.52,1.61,2.48,63,86,48,15,4,34,81,48,70,10.19,5.05,2.38,3.10,3.20,1.36,2.05,3.75,7.00,1.80,1.95,N/A
1727636400,Sep 29 2024 - 7:00pm,complete,N/A,São Paulo,Corinthians,N/A,28,2.07,0.43,2.05,0.95,3,1,4,1,1,0,"45'8,76,90'8","83",7,2,5,0,6,2,1,4,3,5,20,13,9,4,6,6,18,17,53,47,1.42,1.22,1.86,1.19,2.11,40,64,40,14,0,29,64,33,75,10.22,5.64,2.20,2.95,3.80,1.50,2.75,5.50,11.00,2.25,1.57,N/A
1727636400,Sep 29 2024 - 7:00pm,complete,N/A,Fortaleza,Cuiabá,Denis Ribeiro Serafim,28,2.57,1.00,2.47,0.84,1,0,1,1,1,0,"45'4","",7,3,2,0,4,0,0,2,2,2,16,3,7,2,6,1,18,9,54,46,1.36,1.07,1.68,0.52,2.52,50,66,43,23,12,43,81,27,74,8.36,5.94,1.63,3.80,5.75,1.45,2.35,4.75,9.50,2.20,1.62,Estádio Comendador Agostinho Prada
1727636400,Sep 29 2024 - 7:00pm,complete,N/A,Atlético GO,Fluminense,Ramon Abatti,28,0.69,0.77,1.05,0.89,1,0,1,0,0,0,"84","",4,3,1,0,2,1,0,1,2,1,17,14,8,3,7,7,15,14,40,60,1.44,1.15,1.72,1.28,2.23,47,70,43,8,4,16,54,42,96,8.69,7.54,2.85,3.20,2.55,1.45,2.45,4.75,9.50,2.00,1.75,N/A
1727645400,Sep 29 2024 - 9:30pm,complete,N/A,Internacional,Vitória,Wagner do Nascimento Magalhaes,28,1.83,0.85,2.00,1.05,3,1,4,1,1,0,"45'3,52,90'2","58",2,6,3,0,1,0,0,3,1,0,11,8,6,5,2,1,26,8,54,46,1.77,1.20,1.26,0.98,2.44,61,80,52,16,4,32,52,48,84,11.20,5.86,1.40,4.75,8.00,1.38,1.85,3.90,7.75,2.20,1.62,Estádio José Pinheiro Borda
1727645400,Sep 29 2024 - 9:30pm,complete,N/A,Cruzeiro,Vasco da Gama,N/A,28,2.23,0.85,1.84,0.79,1,1,2,1,0,1,"60","41",11,4,0,0,3,0,0,0,0,3,16,14,7,5,8,6,7,6,56,44,1.52,1.13,1.74,1.29,2.31,46,73,46,16,4,27,62,35,81,11.15,4.92,1.70,3.50,4.75,1.42,2.15,4.33,8.50,2.05,1.70,Estádio Governador Magalhães Pinto
1727645400,Sep 29 2024 - 9:30pm,complete,N/A,Bahia,Criciúma,Edina Alves Batista,28,2.23,1.00,1.89,0.79,1,0,1,1,1,0,"33","",9,1,1,0,2,0,0,1,0,2,23,3,8,2,10,1,10,8,55,45,1.52,1.31,2.07,0.76,2.58,58,77,62,16,8,27,77,50,81,9.00,4.92,1.55,4.10,6.00,1.28,1.85,3.20,6.00,1.95,1.80,Arena Fonte Nova
1727650800,Sep 29 2024 - 11:00pm,complete,N/A,Flamengo,Atlético PR,N/A,28,2.08,1.23,2.00,0.89,1,0,1,0,0,0,"90","",6,1,2,0,2,0,2,0,1,1,18,8,6,2,3,3,12,13,70,30,1.65,1.33,1.63,0.66,2.27,62,85,43,4,0,16,73,46,89,12.39,5.00,1.73,3.75,4.75,1.26,2.05,3.14,5.90,1.95,1.80,N/A
1727992800,Oct 03 2024 - 10:00pm,complete,N/A,Criciúma,Atlético GO,N/A,29,1.36,0.64,1.21,0.53,2,0,2,1,1,0,"41,47","",7,6,1,0,4,0,0,1,1,3,18,16,6,4,7,9,16,8,47,53,1.57,1.42,1.58,1.52,2.43,61,71,43,25,4,25,72,40,72,9.72,5.92,1.73,3.30,5.00,1.35,2.13,3.63,6.80,1.95,1.80,Estádio Heriberto Hülse
1728001800,Oct 04 2024 - 12:30am,complete,N/A,Fluminense,Cruzeiro,N/A,29,1.31,0.93,1.53,0.89,1,0,1,0,0,0,"54","",3,2,8,0,3,0,2,6,1,2,15,14,6,6,6,6,19,16,47,53,1.43,1.30,1.65,1.45,2.00,38,59,34,15,4,26,63,23,74,9.12,6.54,2.25,3.00,3.30,1.50,2.57,5.00,10.00,2.20,1.62,N/A
1728088200,Oct 05 2024 - 12:30am,complete,N/A,Grêmio,Fortaleza,N/A,29,1.36,1.23,1.53,1.11,3,1,4,2,1,1,"13,60,90'1","18",10,2,2,1,3,1,0,3,1,3,18,8,7,6,6,2,11,9,38,62,1.40,1.08,1.63,1.16,2.41,49,78,41,15,11,38,70,26,82,9.13,5.88,2.00,3.40,3.75,1.38,2.08,4.20,8.00,1.95,1.80,Arena do Grêmio
1728156600,Oct 05 2024 - 7:30pm,complete,N/A,Atlético Mineiro,Vitória,N/A,29,1.54,0.79,1.47,1.05,2,2,4,2,2,0,"8,45","64,68",2,5,1,1,0,0,1,1,0,0,15,12,4,4,8,5,13,14,56,44,1.45,1.18,1.30,1.19,2.71,60,93,48,22,8,45,75,41,74,9.48,6.81,1.65,3.60,6.00,1.38,2.20,4.00,8.00,2.10,1.67,N/A
1728156600,Oct 05 2024 - 7:30pm,complete,N/A,Bragantino,Palmeiras,Braulio da Silva Machado,29,1.85,1.69,1.63,1.84,0,0,0,0,0,0,"","",1,3,4,1,3,1,1,4,2,2,18,15,6,6,5,6,7,14,41,59,1.46,1.58,1.43,1.46,2.35,54,70,50,19,0,27,77,35,70,10.61,5.77,4.20,3.60,1.90,1.33,2.00,3.55,7.00,1.80,1.95,N/A
1728156600,Oct 05 2024 - 7:30pm,complete,N/A,Atlético PR,Botafogo,Flavio Rodrigues De Souza,29,1.25,1.79,1.32,2.00,0,1,1,1,0,1,"","13",8,3,2,0,4,0,0,2,1,3,26,12,4,4,14,5,8,21,53,47,1.85,1.31,1.94,1.23,2.57,61,77,46,27,11,54,70,34,81,12.79,6.28,3.00,3.60,2.20,1.33,2.00,4.00,8.00,1.80,1.95,N/A
1728165600,Oct 05 2024 - 10:00pm,complete,N/A,Bahia,Flamengo,N/A,29,2.29,1.38,1.89,1.68,0,2,2,1,0,1,"","34,90'11",3,7,4,1,4,0,0,5,1,3,10,14,3,7,5,4,20,11,46,54,1.56,1.49,0.94,1.61,2.58,57,67,49,19,19,34,70,42,78,10.59,4.68,2.70,3.30,2.60,1.31,2.08,3.50,6.65,1.80,1.95,Arena Fonte Nova
1728165600,Oct 05 2024 - 10:00pm,complete,N/A,Corinthians,Internacional,Lucas Paulo Torezin,29,1.69,1.43,2.00,1.42,2,2,4,2,1,1,"3,73","17,90'4",9,9,6,0,4,0,2,4,1,3,17,10,7,4,6,2,11,14,53,47,1.79,1.30,1.62,0.95,2.20,56,64,42,22,4,34,71,30,74,10.63,6.90,2.38,3.00,3.20,1.48,2.25,4.75,9.50,1.95,1.80,Arena Corinthians
1728165600,Oct 05 2024 - 10:00pm,complete,N/A,Cuiabá,São Paulo,Anderson Daronco,29,0.79,1.15,0.74,1.05,2,0,2,2,2,0,"4,42","",3,7,2,0,2,0,1,1,2,0,8,13,4,4,1,7,12,8,22,78,1.31,1.26,0.73,1.56,2.20,45,63,53,19,8,26,63,34,63,9.63,5.49,3.30,2.80,2.50,1.57,3.40,5.00,10.00,2.50,1.50,Arena Pantanal
1728172800,Oct 06 2024 - 12:00am,complete,N/A,Vasco da Gama,Juventude,Caio Max Augusto Vieira,29,1.85,0.50,1.84,0.79,1,1,2,2,1,1,"10","3",3,6,1,1,3,0,1,1,2,1,17,18,4,6,6,7,14,13,54,46,1.35,1.15,1.24,1.56,2.75,63,86,52,23,11,26,70,49,86,8.01,7.13,1.73,3.60,5.00,1.28,2.05,3.26,6.10,1.95,1.80,Estádio Club de Regatas Vasco da Gama
1728513000,Oct 09 2024 - 10:30pm,complete,N/A,Atlético Mineiro,Grêmio,Luiz Flavio De Oliveira,6,1.50,1.00,1.47,0.84,2,1,3,3,2,1,"11,39","24",4,10,5,0,3,0,1,4,2,1,15,15,6,5,7,5,15,7,44,56,1.44,1.26,1.47,1.39,2.55,55,81,48,22,4,48,85,37,63,9.80,6.21,1.95,3.50,4.00,1.32,2.10,3.50,6.80,1.95,1.80,N/A
1729125900,Oct 17 2024 - 12:45am,complete,N/A,São Paulo,Vasco da Gama,N/A,30,2.13,0.86,2.05,0.79,3,0,3,1,1,0,"9,46,67","",3,5,1,0,0,0,0,1,0,0,14,10,6,4,6,4,8,6,48,52,1.45,1.15,1.45,1.08,2.27,52,69,45,17,0,31,62,35,83,10.17,5.42,1.60,3.63,5.06,1.37,2.14,3.90,7.40,2.10,1.67,Estádio Brinco de Ouro da Princesa
1729125900,Oct 17 2024 - 12:45am,complete,N/A,Fortaleza,Atlético Mineiro,N/A,30,2.60,1.23,2.47,1.00,1,1,2,1,1,0,"15","48",7,3,2,2,3,0,0,4,0,3,15,19,2,6,8,9,9,10,46,54,1.38,1.44,1.06,1.60,2.53,55,69,55,22,11,36,71,48,65,10.85,5.88,1.73,3.41,4.35,1.40,2.14,4.50,9.00,2.25,1.57,Estádio Governador Plácido Aderaldo Castelo
1729206000,Oct 17 2024 - 11:00pm,complete,N/A,Flamengo,Fluminense,Raphael Claus,30,2.14,0.71,2.00,0.89,0,2,2,0,0,0,"","50,60",5,1,1,0,3,0,1,0,1,2,20,14,6,5,7,3,15,15,60,40,1.65,1.16,1.82,1.05,2.15,50,75,40,0,0,21,64,32,97,10.43,4.36,1.75,3.25,6.00,1.42,2.70,4.33,8.50,2.50,1.50,N/A
1729206000,Oct 17 2024 - 11:00pm,complete,N/A,Corinthians,Atlético PR,Wilton Pereira Sampaio,30,1.64,1.14,2.00,0.89,5,2,7,4,2,2,"5,18,55,66,78","30,39",3,8,4,0,3,0,2,2,2,1,15,23,9,7,4,12,9,7,61,39,1.78,1.28,1.61,2.03,2.25,54,72,43,18,4,25,72,36,79,12.50,7.21,1.62,3.80,5.75,1.30,1.90,3.42,6.40,1.95,1.80,Arena Corinthians
1729288800,Oct 18 2024 - 10:00pm,complete,N/A,Atlético GO,Cuiabá,Braulio da Silva Machado,30,0.86,0.92,1.05,0.84,0,0,0,0,0,0,"","",8,4,2,0,3,0,1,1,1,2,17,7,5,0,7,3,17,15,60,40,1.46,1.03,1.71,0.37,2.56,52,70,48,19,11,23,64,44,89,7.71,7.58,2.00,3.20,4.10,1.46,2.50,5.00,10.00,2.10,1.67,N/A
1729292400,Oct 18 2024 - 11:00pm,complete,N/A,Botafogo,Criciúma,N/A,30,2.29,0.93,2.16,0.79,1,1,2,0,0,0,"90'1","90'4",9,1,1,0,2,0,0,1,0,2,26,7,8,4,8,3,12,10,74,26,1.72,1.27,2.07,0.83,2.68,57,75,65,18,11,29,75,57,83,9.92,5.21,1.36,5.25,7.50,1.25,1.67,3.00,5.75,2.00,1.75,N/A
1729297800,Oct 19 2024 - 12:30am,complete,34473,Cruzeiro,Bahia,Flavio Rodrigues De Souza,30,2.14,0.93,1.84,0.89,1,1,2,0,0,0,"61","82",5,7,1,0,2,0,0,1,1,1,14,12,5,5,7,6,10,8,49,51,1.54,1.31,1.46,1.33,2.72,65,86,57,29,7,29,71,50,86,10.79,4.79,1.91,3.60,4.00,1.36,2.00,0.00,0.00,1.91,1.91,Estádio Governador Magalhães Pinto
1729364400,Oct 19 2024 - 7:00pm,complete,N/A,Internacional,Grêmio,Bruno Arleu de Araujo,30,1.92,0.93,2.00,0.84,1,0,1,0,0,0,"67","",3,6,1,0,3,0,1,0,1,2,19,10,7,8,6,1,14,15,64,36,1.73,1.27,1.60,1.40,2.38,60,71,56,18,0,33,67,45,71,11.80,5.16,1.73,3.70,4.75,1.38,2.05,4.00,8.00,2.00,1.75,Estádio José Pinheiro Borda
1729364400,Oct 19 2024 - 7:00pm,complete,N/A,Vitória,Bragantino,Denis Ribeiro Serafim,30,1.21,0.60,1.42,0.68,1,0,1,0,0,0,"78","",5,5,2,0,1,0,1,1,1,0,12,10,4,2,5,7,15,8,50,50,1.29,1.41,1.16,0.97,2.49,59,72,49,21,4,21,79,48,76,9.76,5.46,2.30,3.30,3.10,1.38,2.10,4.00,8.00,1.95,1.80,Estádio Manoel Barradas
1729465200,Oct 20 2024 - 11:00pm,complete,N/A,Juventude,Palmeiras,N/A,30,1.86,1.64,1.58,1.84,3,5,8,3,1,2,"34,49,67","21,44,50,63,90",7,5,3,0,5,0,0,3,1,4,26,15,7,8,13,2,15,19,53,47,1.40,1.57,2.11,1.37,2.15,47,72,36,14,4,22,61,43,71,10.35,5.14,4.15,3.60,1.72,1.30,1.99,3.40,6.50,1.91,1.91,N/A
1729636200,Oct 22 2024 - 10:30pm,complete,39465,Fluminense,Atlético PR,Braulio da Silva Machado,17,1.43,1.07,1.53,0.89,1,0,1,0,0,0,"82","",5,3,3,0,4,0,2,1,3,1,15,7,6,3,4,3,9,15,75,25,1.45,1.33,1.56,0.78,2.07,45,59,31,14,4,10,62,35,80,10.17,7.33,1.91,3.30,4.33,1.40,2.40,4.20,8.00,2.10,1.67,N/A
1729807200,Oct 24 2024 - 10:00pm,complete,N/A,Vasco da Gama,Cuiabá,Wilton Pereira Sampaio,19,1.79,0.93,1.84,0.84,1,0,1,0,0,0,"53","",3,2,2,0,1,0,0,2,0,1,14,14,3,3,4,10,16,15,49,51,1.34,0.98,0.88,1.39,2.68,50,75,47,25,14,33,75,39,75,7.07,6.07,1.80,3.30,5.25,1.42,2.60,4.33,8.50,2.25,1.57,Estádio Nivaldo Pereira
1729971000,Oct 26 2024 - 7:30pm,complete,N/A,Grêmio,Atlético GO,Edina Alves Batista,31,1.47,0.60,1.53,0.53,3,1,4,2,1,1,"40,59,84","28",4,3,2,0,5,0,2,0,3,2,12,14,6,6,3,4,14,18,48,52,1.42,1.42,1.30,1.34,2.43,44,73,40,27,7,33,80,37,74,9.93,5.40,1.61,3.90,5.60,1.33,2.07,3.60,7.00,1.95,1.80,Arena do Grêmio
1729971000,Oct 26 2024 - 7:30pm,complete,N/A,Vitória,Fluminense,Flavio Rodrigues De Souza,31,1.33,0.87,1.42,0.89,2,1,3,1,1,0,"45'1,90'2","61",7,5,4,0,1,0,1,3,1,0,13,12,4,5,5,3,15,7,50,50,1.28,1.15,1.25,1.09,2.14,37,57,37,14,4,20,60,30,87,8.00,5.66,2.38,3.30,3.00,1.50,2.32,4.20,8.00,2.20,1.62,Estádio Manoel Barradas
1729971000,Oct 26 2024 - 7:30pm,complete,60286,Flamengo,Juventude,Braulio da Silva Machado,31,2.00,0.53,2.00,0.79,4,2,6,2,1,1,"8,49,54,90'7","24,70",8,1,4,0,4,1,0,4,1,4,21,6,11,4,7,2,8,14,74,26,1.66,1.18,2.46,0.76,2.47,70,90,47,7,4,27,70,43,90,10.54,5.53,1.35,4.90,9.00,1.25,1.88,3.10,6.00,2.05,1.70,N/A
1729971000,Oct 26 2024 - 7:30pm,complete,43201,Palmeiras,Fortaleza,Ramon Abatti,31,2.27,1.14,2.00,1.11,2,2,4,2,1,1,"29,57","39,63",3,3,1,0,6,0,1,0,1,5,17,12,7,4,5,6,9,17,60,40,1.85,1.09,1.58,1.09,2.59,49,87,49,21,10,35,69,37,83,11.39,5.96,1.48,4.30,6.75,1.30,1.98,3.40,6.50,2.05,1.70,Allianz Parque
1729978200,Oct 26 2024 - 9:30pm,complete,N/A,Atlético PR,Cruzeiro,N/A,31,1.15,0.87,1.32,0.89,3,0,3,1,1,0,"24,46,80","",7,1,0,0,3,1,0,0,2,2,20,3,7,0,8,3,14,14,58,42,1.86,1.31,1.79,0.31,2.19,41,69,36,18,4,47,73,18,71,11.89,5.38,1.83,3.40,4.75,1.42,2.15,4.33,8.50,2.00,1.75,N/A
1729980000,Oct 26 2024 - 10:00pm,complete,N/A,Atlético Mineiro,Internacional,Marcelo de Lima Henrique,31,1.60,1.40,1.47,1.42,1,3,4,3,1,2,"45'3","38,40,88",3,3,5,1,2,0,2,4,2,0,10,12,4,8,4,3,15,15,58,42,1.44,1.27,1.07,1.54,2.47,60,77,43,24,4,47,80,33,67,8.60,6.80,3.40,3.00,2.35,1.40,2.60,4.20,8.00,2.10,1.67,N/A
1729980000,Oct 26 2024 - 10:00pm,complete,N/A,Bragantino,Botafogo,Anderson Daronco,31,1.79,1.87,1.63,2.00,0,1,1,0,0,0,"","86",3,6,1,0,1,0,0,1,0,1,7,20,2,6,2,9,13,17,39,61,1.46,1.30,0.59,1.74,2.52,66,69,56,24,10,49,73,35,69,9.50,7.30,3.70,3.40,2.00,1.33,2.05,3.60,7.00,1.80,1.95,N/A
1729990800,Oct 27 2024 - 1:00am,complete,N/A,Criciúma,São Paulo,N/A,31,1.47,1.07,1.21,1.05,1,1,2,1,1,0,"21","87",6,7,2,0,0,0,1,1,0,0,11,17,4,4,4,5,13,10,31,69,1.57,1.28,1.09,1.34,2.45,59,72,49,21,7,25,66,38,72,10.46,5.93,2.90,3.10,2.50,1.42,2.35,4.33,8.50,2.00,1.75,Estádio Heriberto Hülse
1730152800,Oct 28 2024 - 10:00pm,complete,N/A,Cuiabá,Corinthians,Bruno Arleu de Araujo,31,0.93,0.40,0.74,0.95,0,1,1,1,0,1,"","44",5,2,5,0,2,0,1,4,1,1,14,10,6,4,5,2,14,16,56,44,1.27,1.21,1.42,0.91,2.00,33,64,37,13,4,20,64,34,67,9.33,5.60,3.40,3.10,2.30,1.47,2.70,4.75,9.50,2.20,1.62,Arena Pantanal
1730160000,Oct 29 2024 - 12:00am,complete,N/A,Vasco da Gama,Bahia,Raphael Claus,31,1.87,0.93,1.84,0.89,3,2,5,4,3,1,"12,18,32","42,75",2,4,3,0,2,0,1,2,1,1,16,13,9,8,4,4,11,9,48,52,1.31,1.31,1.75,1.56,2.83,67,87,54,30,10,27,67,63,87,8.13,5.14,2.50,3.10,2.88,1.36,2.10,3.85,8.00,1.80,1.95,Estádio Club de Regatas Vasco da Gama
1730325600,Oct 30 2024 - 10:00pm,complete,N/A,Internacional,Flamengo,N/A,17,2.00,1.50,2.00,1.68,1,1,2,1,0,1,"89","45'3",5,5,1,0,4,0,1,0,2,2,19,13,6,4,11,4,14,10,47,53,1.72,1.50,2.02,1.07,2.72,68,75,57,22,15,32,61,50,90,11.36,4.78,1.83,3.40,4.50,1.25,2.10,3.00,5.75,2.00,1.75,Estádio José Pinheiro Borda
1730505600,Nov 02 2024 - 12:00am,complete,35278,Fluminense,Grêmio,N/A,32,1.53,0.87,1.53,0.84,2,2,4,2,1,1,"43,66","26,90'9",8,2,6,1,4,0,2,5,3,1,20,9,8,5,7,2,15,14,62,38,1.45,1.27,1.93,0.96,2.00,44,54,37,17,0,24,63,30,70,10.20,6.73,2.15,3.20,3.60,1.42,2.40,4.33,8.50,2.10,1.67,N/A
1730574000,Nov 02 2024 - 7:00pm,complete,N/A,Bragantino,Cuiabá,Marcelo de Lima Henrique,32,1.67,0.87,1.63,0.84,0,0,0,0,0,0,"","",11,5,1,0,3,0,1,0,0,3,19,8,5,2,12,5,8,11,68,32,1.40,1.01,2.07,0.75,2.40,54,64,50,20,7,40,77,24,67,7.33,6.27,1.80,3.15,4.38,1.48,2.33,4.75,9.50,2.25,1.57,N/A
1730583000,Nov 02 2024 - 9:30pm,complete,N/A,Atlético PR,Vitória,Luiz Flavio De Oliveira,32,1.29,0.80,1.32,1.05,1,2,3,2,1,1,"31","33,65",9,3,1,0,3,0,0,1,0,3,27,12,7,6,13,3,8,13,63,37,1.85,1.18,2.25,1.23,2.58,55,83,48,27,4,45,73,41,79,12.30,5.48,1.80,3.30,5.25,1.38,2.15,4.20,8.00,2.00,1.75,N/A
1730583000,Nov 02 2024 - 9:30pm,complete,N/A,Juventude,Fortaleza,Raphael Claus,32,1.73,1.13,1.58,1.11,0,3,3,2,0,2,"","45'3,45'7,71",5,3,3,0,2,0,1,2,1,1,18,12,7,5,7,3,7,14,60,40,1.44,1.09,1.74,1.03,2.70,67,87,50,20,10,50,70,40,77,8.53,6.13,2.60,3.20,2.80,1.38,2.20,3.85,8.00,1.91,1.91,N/A
1730761200,Nov 04 2024 - 11:00pm,complete,N/A,Corinthians,Palmeiras,Wilton Pereira Sampaio,32,1.73,1.73,2.00,1.84,2,0,2,1,1,0,"41,56","",2,9,2,0,3,0,1,1,0,3,7,18,5,5,2,7,18,14,42,58,1.77,1.56,0.92,1.70,2.57,50,70,47,27,10,27,70,40,77,12.47,6.53,3.07,3.37,2.23,1.44,2.20,4.50,9.00,1.91,1.91,Arena Corinthians
1730853000,Nov 06 2024 - 12:30am,complete,N/A,Internacional,Criciúma,Felipe Fernandes de Lima,32,1.93,0.93,2.00,0.79,2,0,2,1,1,0,"42,90'3","",7,3,1,0,2,1,0,1,2,1,22,6,10,5,5,1,15,13,69,31,1.74,1.25,2.32,0.84,2.60,70,80,63,17,4,24,67,57,87,9.46,4.67,1.40,4.70,8.00,1.28,1.87,3.40,6.50,2.05,1.70,Estádio José Pinheiro Borda
1730853000,Nov 06 2024 - 12:30am,complete,N/A,Bahia,São Paulo,N/A,32,2.13,1.07,1.89,1.05,0,3,3,1,0,1,"","40,66,90'1",10,3,3,0,2,0,0,3,1,1,25,10,7,5,9,2,13,16,52,48,1.52,1.28,2.01,0.93,2.20,43,67,43,14,7,27,73,30,64,10.27,5.07,2.17,3.25,3.55,1.44,2.32,4.50,9.50,2.00,1.75,Arena Fonte Nova
1730853000,Nov 06 2024 - 12:30am,complete,N/A,Botafogo,Vasco da Gama,Bruno Arleu de Araujo,32,2.20,0.80,2.16,0.79,3,0,3,2,2,0,"9,12,71","",7,4,0,0,2,1,0,0,2,1,21,12,5,4,9,5,13,8,64,36,1.75,1.14,1.85,1.02,2.30,47,70,44,10,7,24,60,47,84,11.07,4.60,1.44,4.40,7.50,1.30,1.94,3.40,6.50,2.00,1.75,Estádio Nilton Santos
1730937600,Nov 07 2024 - 12:00am,complete,N/A,Cruzeiro,Flamengo,N/A,32,2.07,1.47,1.84,1.68,0,1,1,0,0,0,"","53",7,4,2,0,6,1,0,2,1,6,16,12,6,4,5,5,8,13,53,47,1.53,1.47,1.49,1.16,2.70,63,80,50,24,17,34,70,40,87,12.00,5.13,2.25,3.20,3.20,1.44,2.30,4.50,9.00,2.00,1.75,N/A
1730937600,Nov 07 2024 - 12:00am,complete,N/A,Atlético GO,Atlético Mineiro,Jonathan Benkenstein Pinheiro,32,0.87,1.21,1.05,1.00,1,0,1,0,0,0,"89","",4,7,2,0,2,0,2,0,1,1,14,13,4,6,6,5,12,13,37,63,1.48,1.45,1.23,1.46,2.57,59,77,59,17,11,18,52,62,82,10.14,7.34,2.40,3.00,3.25,1.42,2.40,4.33,8.50,2.00,1.75,N/A
1731103200,Nov 08 2024 - 10:00pm,complete,N/A,Internacional,Fluminense,Luiz Flavio De Oliveira,33,2.00,0.81,2.00,0.89,2,0,2,0,0,0,"52,90'5","",4,4,3,0,1,0,0,3,0,1,17,10,8,3,5,5,11,10,51,49,1.78,1.15,1.84,1.09,2.13,47,69,41,7,0,19,56,35,91,9.75,4.81,1.42,4.33,8.00,1.42,2.08,4.50,9.00,2.25,1.57,Estádio José Pinheiro Borda
1731112200,Nov 09 2024 - 12:30am,complete,33670,Palmeiras,Grêmio,Marcelo de Lima Henrique,33,2.19,0.88,2.00,0.84,1,0,1,0,0,0,"73","",14,1,5,0,3,0,2,3,2,1,34,7,15,2,11,2,14,9,61,39,1.83,1.25,3.36,0.65,2.53,44,76,50,28,7,35,72,47,76,12.69,5.44,1.40,4.75,7.50,1.30,1.62,3.40,6.50,1.91,1.91,Allianz Parque
1731180600,Nov 09 2024 - 7:30pm,complete,N/A,Vitória,Corinthians,Bruno Arleu de Araujo,33,1.44,0.56,1.42,0.95,1,2,3,2,1,1,"9","24,69",14,4,4,0,2,0,2,2,2,0,11,14,3,8,3,3,11,11,42,58,1.28,1.20,0.97,1.48,2.22,41,60,41,19,3,16,69,41,75,8.94,5.81,2.76,3.14,2.67,1.48,2.40,4.75,9.50,2.00,1.75,Estádio Manoel Barradas
1731180600,Nov 09 2024 - 7:30pm,complete,N/A,Botafogo,Cuiabá,N/A,33,2.25,0.88,2.16,0.84,0,0,0,0,0,0,"","",8,1,0,0,6,0,0,0,1,5,30,5,6,3,15,1,8,13,74,26,1.75,0.99,2.48,0.57,2.35,41,63,44,16,13,31,66,35,75,9.57,5.31,1.32,5.00,11.00,1.33,2.01,3.55,7.00,2.63,1.44,Estádio Nilton Santos
1731189600,Nov 09 2024 - 10:00pm,complete,N/A,Cruzeiro,Criciúma,Wagner do Nascimento Magalhaes,33,1.94,0.88,1.84,0.79,2,1,3,1,1,0,"8,68","81",6,5,4,0,4,0,0,4,0,4,28,13,10,8,11,5,13,11,63,37,1.53,1.22,2.25,1.64,2.56,60,82,57,19,6,25,72,47,85,10.19,5.07,1.62,3.75,6.00,1.33,2.05,3.50,6.50,2.05,1.70,Estádio Governador Magalhães Pinto
1731189600,Nov 09 2024 - 10:00pm,complete,N/A,Fortaleza,Vasco da Gama,Lucas Paulo Torezin,33,2.50,0.75,2.47,0.79,3,0,3,1,1,0,"13,78,90'2","",5,1,1,0,1,0,0,1,0,1,16,5,9,3,4,2,13,11,40,60,1.36,1.13,1.77,0.75,2.19,47,66,38,13,3,32,72,32,76,10.19,5.19,1.67,3.70,5.25,1.35,2.08,3.80,7.50,2.00,1.75,Estádio Comendador Agostinho Prada
1731189600,Nov 09 2024 - 10:00pm,complete,N/A,Atlético GO,Bragantino,Anderson Daronco,33,1.00,0.56,1.05,0.68,0,0,0,0,0,0,"","",7,6,3,0,2,0,2,1,1,1,11,18,5,8,4,7,14,11,41,59,1.47,1.39,1.24,2.01,2.29,57,72,44,13,3,13,60,53,85,10.32,6.69,2.45,3.50,2.75,1.38,2.00,4.20,8.50,1.80,1.95,N/A
1731189600,Nov 09 2024 - 10:00pm,complete,N/A,Juventude,Bahia,Wilton Pereira Sampaio,33,1.63,0.88,1.58,0.89,2,1,3,1,0,1,"70,79","2",7,2,3,0,1,0,0,3,0,1,21,9,9,4,10,3,11,9,39,61,1.46,1.33,2.14,1.08,2.94,72,91,57,29,13,41,69,60,85,9.00,4.81,2.60,3.40,2.63,1.33,1.90,3.55,7.00,1.70,2.05,N/A
1731196800,Nov 10 2024 - 12:00am,complete,N/A,São Paulo,Atlético PR,N/A,33,2.19,1.00,2.05,0.89,2,1,3,0,0,0,"52,89","69",5,6,2,0,5,0,0,2,2,3,12,10,4,4,6,3,5,20,78,22,1.45,1.30,1.18,0.97,2.32,47,66,44,19,3,26,66,38,81,10.82,6.50,1.57,3.80,6.50,1.40,2.10,4.20,8.00,2.10,1.67,Morumbí
1731538800,Nov 13 2024 - 11:00pm,complete,63441,Flamengo,Atlético Mineiro,N/A,33,2.06,1.13,2.00,1.00,0,0,0,0,0,0,"","",7,4,1,0,1,0,1,0,0,1,26,18,7,3,10,7,14,7,54,46,1.71,1.45,2.10,1.20,2.68,65,87,59,13,10,26,65,58,87,11.89,4.56,1.91,3.40,4.20,1.38,2.15,3.90,8.00,1.95,1.80,N/A
1731792600,Nov 16 2024 - 9:30pm,complete,N/A,Atlético PR,Atlético Mineiro,N/A,19,1.20,1.13,1.32,1.00,1,0,1,1,1,0,"28","",5,3,2,0,2,0,1,1,1,1,18,14,6,4,10,7,11,10,30,70,1.88,1.43,1.70,1.38,2.52,55,78,55,20,7,39,72,42,71,12.92,5.01,2.20,3.20,3.30,1.30,2.20,3.80,8.00,1.95,1.80,N/A
1732111200,Nov 20 2024 - 2:00pm,complete,N/A,Corinthians,Cruzeiro,Jonathan Benkenstein Pinheiro,34,1.81,0.81,2.00,0.89,2,1,3,3,2,1,"10,15","34",3,4,4,0,3,0,1,3,2,1,15,9,10,3,4,6,13,15,45,55,1.71,1.25,1.80,0.97,2.44,44,72,47,22,10,41,72,29,78,10.56,6.76,1.40,4.50,7.50,1.42,1.95,4.50,9.00,2.20,1.62,Arena Corinthians
1732131000,Nov 20 2024 - 7:30pm,complete,N/A,Bragantino,São Paulo,Wilton Pereira Sampaio,34,1.63,1.19,1.63,1.05,1,1,2,2,1,1,"15","25",1,1,3,0,2,0,2,1,0,2,19,11,6,3,11,4,16,12,43,57,1.44,1.26,1.95,0.96,2.35,57,69,56,19,3,38,75,32,60,9.69,5.76,2.70,3.20,2.60,1.45,2.40,4.75,9.50,2.05,1.70,N/A
1732131000,Nov 20 2024 - 7:30pm,complete,N/A,Atlético PR,Atlético GO,N/A,34,1.31,0.56,1.32,0.53,2,0,2,1,1,0,"45'4,65","",6,9,1,1,2,0,1,1,2,0,12,21,9,7,3,7,9,8,37,63,1.87,1.42,1.67,1.71,2.41,50,75,44,25,0,44,88,32,66,11.81,5.07,1.55,3.90,6.00,1.30,2.00,3.50,6.50,2.00,1.75,N/A
1732131000,Nov 20 2024 - 7:30pm,complete,N/A,Criciúma,Vitória,N/A,34,1.44,0.94,1.21,1.05,0,1,1,0,0,0,"","67",6,5,1,1,3,0,2,0,1,2,14,15,2,4,8,8,11,18,49,51,1.54,1.19,1.19,1.45,2.60,66,82,47,25,6,29,63,44,88,10.19,6.25,2.10,3.30,3.60,1.38,2.10,4.00,8.00,1.95,1.80,Estádio Heriberto Hülse
1732136400,Nov 20 2024 - 9:00pm,complete,N/A,Bahia,Palmeiras,Wagner do Nascimento Magalhaes,34,2.00,1.63,1.89,1.84,1,2,3,2,1,1,"27","41,89",4,5,1,0,1,0,0,1,0,1,19,13,7,3,9,3,15,14,58,42,1.55,1.57,1.83,0.98,2.16,31,63,35,13,6,13,69,35,72,11.38,5.25,3.20,3.50,2.15,1.36,1.67,3.75,7.50,1.62,2.20,Arena Fonte Nova
1732140000,Nov 20 2024 - 10:00pm,complete,N/A,Grêmio,Juventude,Bruno Arleu de Araujo,34,1.56,0.50,1.53,0.79,2,2,4,2,1,1,"3,90'3","45'5,52",5,4,3,0,5,0,3,0,3,2,13,12,5,6,6,4,17,16,57,43,1.41,1.15,1.39,1.26,2.69,60,82,47,25,13,38,75,41,85,9.32,6.75,1.80,3.50,4.75,1.25,1.95,3.10,6.00,1.80,1.95,Arena do Grêmio
1732140000,Nov 20 2024 - 10:00pm,complete,N/A,Cuiabá,Flamengo,Edina Alves Batista,34,0.88,1.56,0.74,1.68,1,2,3,0,0,0,"59","63,90'3",4,10,1,0,2,0,0,1,0,2,7,20,5,8,2,8,6,10,37,63,1.28,1.45,1.00,2.12,2.38,50,66,44,19,16,32,66,35,75,10.00,5.69,3.90,3.40,1.95,1.50,2.30,4.75,9.50,2.05,1.70,Arena Pantanal
1732149000,Nov 21 2024 - 12:30am,complete,N/A,Atlético Mineiro,Botafogo,Luiz Flavio De Oliveira,34,1.50,1.94,1.47,2.00,0,0,0,0,0,0,"","",1,11,6,1,1,2,3,4,0,3,4,28,0,5,3,14,9,11,30,70,1.42,1.33,0.29,2.43,2.69,63,82,50,25,13,54,75,35,72,9.57,7.25,3.40,3.20,2.25,1.36,2.25,3.75,7.50,1.95,1.80,Estádio Raimundo Sampaio
1732230000,Nov 21 2024 - 11:00pm,complete,N/A,Vasco da Gama,Internacional,N/A,34,1.94,1.50,1.84,1.42,0,1,1,0,0,0,"","65",8,3,0,0,0,0,0,0,0,0,13,17,3,8,6,5,8,10,49,51,1.34,1.29,1.04,1.79,2.54,56,69,44,31,10,35,69,41,78,7.81,6.19,3.50,3.20,2.20,1.42,2.10,4.33,8.50,1.91,1.91,Estádio Club de Regatas Vasco da Gama
1732321800,Nov 23 2024 - 12:30am,complete,37968,Fluminense,Fortaleza,Raphael Claus,34,1.50,1.25,1.53,1.11,2,2,4,3,1,2,"11,85","19,43",8,3,1,0,2,0,0,1,1,1,12,13,6,6,3,5,9,11,74,26,1.48,1.09,1.50,1.29,2.29,54,69,44,19,3,35,66,28,81,8.50,7.56,2.05,3.20,3.90,1.45,2.60,4.75,9.50,2.20,1.62,N/A
1732401000,Nov 23 2024 - 10:30pm,complete,N/A,Botafogo,Vitória,Ramon Abatti,35,2.18,1.06,2.16,1.05,1,1,2,1,0,1,"87","20",10,1,3,1,4,0,1,3,0,4,28,11,10,5,9,5,10,7,73,27,1.80,1.20,2.70,1.12,2.47,50,74,50,21,9,35,59,47,82,11.18,5.42,1.36,4.75,8.50,1.28,1.80,3.25,6.25,2.10,1.67,Estádio Nilton Santos
1732401000,Nov 23 2024 - 10:30pm,complete,11216,Atlético GO,Palmeiras,Jonathan Benkenstein Pinheiro,35,1.00,1.71,1.05,1.84,0,1,1,1,0,1,"","20",4,2,3,0,2,0,2,1,0,2,11,11,3,4,5,6,16,14,55,45,1.45,1.53,1.15,1.14,2.18,41,62,38,15,6,9,50,44,82,10.82,6.77,8.00,5.25,1.33,1.30,1.73,3.45,6.50,2.00,1.75,N/A
1732401000,Nov 23 2024 - 10:30pm,complete,N/A,Juventude,Cuiabá,N/A,35,1.71,0.88,1.58,0.84,1,1,2,0,0,0,"90'5","75",6,5,0,0,3,0,0,0,1,2,20,8,5,2,11,4,9,7,60,40,1.50,0.97,1.75,0.78,2.47,50,71,44,18,12,38,68,36,71,7.94,5.77,1.60,3.70,6.25,1.50,2.25,5.00,9.50,2.20,1.62,N/A
1732408200,Nov 24 2024 - 12:30am,complete,N/A,São Paulo,Atlético Mineiro,N/A,35,2.24,1.06,2.05,1.00,2,2,4,4,2,2,"24,45'2","1,18",7,1,3,0,3,1,0,3,2,2,14,5,5,4,7,1,11,11,54,46,1.43,1.43,1.54,0.69,2.47,53,71,59,21,6,30,62,47,74,10.47,5.76,1.91,3.10,4.75,1.42,2.60,4.33,8.50,2.25,1.57,Morumbí
1732474800,Nov 24 2024 - 7:00pm,complete,N/A,Internacional,Bragantino,Marcelo de Lima Henrique,35,2.06,0.59,2.00,0.68,4,1,5,3,2,1,"4,27,86,88","19",8,4,2,0,2,0,1,1,1,1,17,6,8,2,4,3,16,12,55,45,1.78,1.42,1.65,0.76,2.27,59,76,44,12,0,18,65,47,80,11.35,4.59,1.45,3.72,5.90,1.30,2.06,3.55,7.00,1.95,1.80,Estádio José Pinheiro Borda
1732474800,Nov 24 2024 - 7:00pm,complete,N/A,Bahia,Atlético PR,N/A,35,1.88,0.94,1.89,0.89,1,1,2,0,0,0,"90'3","61",11,1,1,0,2,0,0,1,0,2,26,7,9,4,12,2,7,13,74,26,1.57,1.28,2.56,0.75,2.18,41,65,38,9,6,18,68,35,77,10.88,5.94,1.78,3.25,3.89,1.35,1.97,3.85,8.00,1.70,2.05,Arena Fonte Nova
1732474800,Nov 24 2024 - 7:00pm,complete,N/A,Corinthians,Vasco da Gama,N/A,35,1.88,0.71,2.00,0.79,3,1,4,3,3,0,"11,15,25","77",7,6,1,0,4,0,0,1,0,4,24,9,9,3,10,3,8,14,60,40,1.72,1.11,2.18,0.79,2.56,53,79,53,18,6,36,74,38,82,10.70,5.77,1.53,3.72,5.50,1.38,2.04,4.20,8.50,2.00,1.75,Arena Corinthians
1732658400,Nov 26 2024 - 10:00pm,complete,N/A,Fluminense,Criciúma,Luiz Flavio De Oliveira,35,1.47,0.82,1.53,0.79,0,0,0,0,0,0,"","",9,4,1,0,2,0,0,1,2,0,20,11,4,4,10,5,6,15,64,36,1.48,1.24,1.65,1.06,2.44,59,71,53,21,3,21,71,47,85,8.59,6.64,1.65,3.60,6.25,1.36,2.10,4.00,8.00,2.05,1.70,N/A
1732662000,Nov 26 2024 - 11:00pm,complete,N/A,Fortaleza,Flamengo,Anderson Daronco,35,2.53,1.65,2.47,1.68,0,0,0,0,0,0,"","",5,5,2,0,3,1,1,1,1,3,8,17,2,5,4,5,16,14,39,61,1.38,1.49,0.73,1.37,2.53,59,68,44,21,15,35,74,38,80,11.06,5.82,3.10,3.20,2.40,1.36,2.10,4.20,8.50,1.91,1.91,Estádio Comendador Agostinho Prada
1732667400,Nov 27 2024 - 12:30am,complete,N/A,Atlético Mineiro,Juventude,Flavio Rodrigues De Souza,36,1.47,0.53,1.47,0.79,2,3,5,1,0,1,"73,81","22,67,90'3",9,5,1,0,0,0,1,0,0,0,23,15,7,8,10,4,13,8,64,36,1.35,1.16,2.06,1.50,2.79,71,91,53,24,9,50,82,35,71,8.12,8.00,1.85,3.30,3.60,1.30,1.91,3.40,6.50,1.95,1.80,N/A
1732667400,Nov 27 2024 - 12:30am,complete,N/A,Palmeiras,Botafogo,Wilton Pereira Sampaio,36,2.24,1.88,2.00,2.00,1,3,4,1,0,1,"90'3","19,73,89",5,7,2,1,4,0,0,3,1,3,21,14,6,8,9,2,9,16,55,45,1.92,1.39,1.68,1.44,2.47,44,71,44,27,15,33,59,44,82,13.18,6.30,1.75,3.30,4.00,1.29,1.95,3.25,6.50,1.91,1.91,Allianz Parque
1732752000,Nov 28 2024 - 12:00am,complete,N/A,Cruzeiro,Grêmio,Raphael Claus,35,2.00,0.82,1.84,0.84,1,1,2,2,1,1,"42","19",5,1,2,0,1,0,1,1,0,1,20,10,4,5,10,3,16,6,61,39,1.57,1.22,1.73,1.06,2.30,50,68,47,21,3,33,68,35,74,11.77,5.47,2.05,3.30,3.75,1.38,2.20,4.00,8.00,1.95,1.80,Estádio Governador Magalhães Pinto
1733005800,Nov 30 2024 - 10:30pm,complete,N/A,Cuiabá,Bahia,N/A,36,0.82,0.82,0.74,0.89,1,2,3,2,1,1,"16","37,84",3,4,4,0,1,0,1,3,0,1,12,13,3,4,7,6,9,8,44,56,1.27,1.31,1.21,1.25,2.50,59,77,53,24,9,27,65,50,77,8.77,4.77,4.50,3.40,1.85,1.40,2.15,4.20,8.00,1.95,1.80,Arena Pantanal
1733005800,Nov 30 2024 - 10:30pm,complete,N/A,Criciúma,Corinthians,Anderson Daronco,36,1.35,0.71,1.21,0.95,2,4,6,2,2,0,"30,38","62,65,83,90'4",3,7,2,0,3,0,0,2,0,3,13,20,5,12,4,4,10,8,38,62,1.52,1.21,1.18,2.25,2.21,50,68,35,15,3,15,65,35,80,10.00,5.94,3.30,3.25,2.25,1.42,2.15,4.33,8.50,1.91,1.91,Estádio Heriberto Hülse
1733013000,Dec 01 2024 - 12:30am,complete,N/A,Vasco da Gama,Atlético GO,Lucas Paulo Torezin,36,1.82,0.53,1.84,0.53,2,2,4,1,0,1,"75,90'3","21,56",5,3,2,0,2,1,0,2,0,3,18,13,8,7,8,5,10,10,61,39,1.32,1.44,2.01,1.43,2.59,50,76,44,29,9,32,77,41,74,8.65,5.59,1.67,3.60,5.50,1.30,2.00,3.50,6.50,1.95,1.80,Estádio Club de Regatas Vasco da Gama
1733079600,Dec 01 2024 - 7:00pm,complete,N/A,Grêmio,São Paulo,Ramon Abatti,36,1.53,1.18,1.53,1.05,2,1,3,2,2,0,"36,45'2","64",10,6,1,0,1,0,0,1,0,1,17,8,9,3,2,3,11,7,39,61,1.41,1.24,1.66,0.89,2.56,50,76,50,27,9,38,76,41,74,10.12,5.18,2.30,2.94,2.81,1.37,2.20,4.20,8.50,1.95,1.80,Arena do Grêmio
1733079600,Dec 01 2024 - 7:00pm,complete,N/A,Flamengo,Internacional,N/A,36,2.00,1.59,2.00,1.42,3,2,5,3,3,0,"29,37,41","56,62",6,4,2,0,2,0,1,1,1,1,18,14,11,7,5,4,14,12,56,44,1.73,1.32,2.10,1.46,2.30,59,71,41,18,3,30,65,41,85,10.53,4.65,2.11,3.14,3.23,1.40,2.20,4.00,8.00,1.91,1.91,N/A
1733088600,Dec 01 2024 - 9:30pm,complete,N/A,Vitória,Fortaleza,Wilton Pereira Sampaio,36,1.35,1.24,1.42,1.11,2,0,2,2,2,0,"9,37","",7,8,4,0,3,0,1,3,1,2,20,12,9,3,4,2,13,10,29,71,1.26,1.10,1.59,0.88,2.59,59,74,56,24,6,42,74,33,82,8.71,6.29,2.20,3.20,3.50,1.37,2.40,4.33,8.50,2.05,1.70,Estádio Manoel Barradas
1733088600,Dec 01 2024 - 9:30pm,complete,N/A,Bragantino,Cruzeiro,N/A,36,1.59,0.76,1.63,0.89,1,1,2,1,1,0,"6","86",6,10,2,0,2,0,1,1,1,1,8,23,3,3,4,9,11,14,33,67,1.47,1.23,0.89,1.51,2.18,47,65,47,15,3,44,71,21,62,8.59,6.24,2.00,3.20,4.10,1.40,2.25,4.00,8.00,1.95,1.80,N/A
1733088600,Dec 01 2024 - 9:30pm,complete,N/A,Atlético PR,Fluminense,Raphael Claus,36,1.41,0.76,1.32,0.89,1,1,2,1,1,0,"2","65",3,8,1,1,2,1,2,0,1,2,17,16,5,5,10,3,10,10,29,71,1.86,1.15,1.56,1.16,2.15,38,71,35,9,0,33,71,27,83,11.17,4.89,2.20,2.90,3.80,1.44,2.70,4.33,8.50,2.10,1.67,N/A
1733266800,Dec 03 2024 - 11:00pm,complete,N/A,Corinthians,Bahia,Bruno Arleu de Araujo,37,1.94,0.94,2.00,0.89,3,0,3,2,2,0,"12,45'4,61","",7,4,2,0,4,0,0,2,0,4,19,13,8,3,7,7,12,13,52,48,1.75,1.31,1.77,1.09,2.98,75,89,64,33,11,42,78,50,86,10.39,5.61,1.62,4.00,5.25,1.22,1.73,3.10,6.50,1.75,2.00,Arena Corinthians
1733349600,Dec 04 2024 - 10:00pm,complete,N/A,Vasco da Gama,Atlético Mineiro,N/A,37,1.78,1.06,1.84,1.00,2,0,2,0,0,0,"52,64","",3,6,4,0,2,0,1,3,1,1,12,12,5,4,6,3,20,13,58,42,1.36,1.39,1.45,0.99,2.70,56,75,56,28,14,28,64,50,72,9.00,5.61,3.00,3.00,2.55,1.30,2.35,3.80,8.00,2.00,1.75,Estádio Club de Regatas Vasco da Gama
1733353200,Dec 04 2024 - 11:00pm,complete,N/A,Vitória,Grêmio,N/A,37,1.44,0.83,1.42,0.84,1,1,2,1,0,1,"67","37",7,1,1,0,2,0,0,1,1,1,26,8,6,3,10,4,13,10,49,51,1.28,1.21,1.85,0.81,2.33,50,61,47,22,3,36,72,36,70,10.06,5.83,2.35,3.20,3.25,1.42,2.20,4.50,9.00,1.95,1.80,Estádio Manoel Barradas
1733353200,Dec 04 2024 - 11:00pm,complete,N/A,São Paulo,Juventude,Savio Pereira Sampaio,37,2.17,0.67,2.05,0.79,1,2,3,0,0,0,"77","52,62",12,2,0,0,2,0,0,0,1,1,11,14,3,8,5,4,9,15,69,31,1.44,1.17,1.21,1.44,2.75,67,81,59,28,9,39,73,42,81,9.38,6.94,1.90,3.70,4.00,1.36,1.95,3.80,7.50,1.80,1.95,Morumbí
1733353200,Dec 04 2024 - 11:00pm,complete,N/A,Criciúma,Flamengo,Wilton Pereira Sampaio,37,1.28,1.61,1.21,1.68,0,3,3,1,0,1,"","45,71,85",7,3,1,0,0,0,0,1,0,0,17,14,5,8,6,3,16,6,38,62,1.50,1.49,1.44,1.60,2.64,67,72,45,22,17,25,61,42,89,10.94,5.94,3.30,3.70,2.10,1.30,1.80,3.45,6.50,1.70,2.05,Estádio Heriberto Hülse
1733358600,Dec 05 2024 - 12:30am,complete,N/A,Internacional,Botafogo,Ramon Abatti,37,2.11,1.94,2.00,2.00,0,1,1,1,0,1,"","5",10,1,5,0,1,0,3,2,1,0,15,3,7,2,6,1,9,12,67,33,1.77,1.40,1.90,0.44,2.42,59,70,47,23,12,31,56,45,84,11.56,5.78,2.75,3.30,2.55,1.36,1.95,3.75,7.50,1.75,2.00,Estádio José Pinheiro Borda
1733358600,Dec 05 2024 - 12:30am,complete,N/A,Cruzeiro,Palmeiras,Anderson Daronco,37,1.94,1.78,1.84,1.84,1,2,3,0,0,0,"52","61,90",7,6,3,0,1,0,0,3,0,1,10,32,4,13,5,10,14,13,46,54,1.58,1.51,1.13,2.85,2.28,45,70,39,17,6,20,67,33,75,12.17,5.11,3.70,3.25,2.10,1.33,2.10,3.50,6.50,1.91,1.91,Estádio Governador Magalhães Pinto
1733358600,Dec 05 2024 - 12:30am,complete,N/A,Atlético GO,Fortaleza,N/A,37,0.94,1.17,1.05,1.11,3,1,4,2,1,1,"21,79,85","12",5,3,4,0,3,0,3,1,0,3,28,14,11,5,7,3,13,16,56,44,1.44,1.08,2.27,1.11,2.34,53,73,48,17,6,34,59,36,81,8.83,7.39,2.90,3.20,2.55,1.33,2.05,3.50,8.00,1.80,1.95,N/A
1733439600,Dec 05 2024 - 11:00pm,complete,N/A,Fluminense,Cuiabá,N/A,37,1.44,0.89,1.53,0.84,1,0,1,0,0,0,"59","",10,3,3,0,4,0,1,2,2,2,25,4,7,4,12,0,14,9,59,41,1.49,0.96,2.15,0.69,2.03,42,53,33,20,6,23,59,25,73,8.33,6.89,1.40,4.50,8.50,1.36,2.25,3.95,8.00,2.63,1.44,N/A
1733439600,Dec 05 2024 - 11:00pm,complete,N/A,Atlético PR,Bragantino,N/A,37,1.39,0.56,1.32,0.68,1,2,3,1,0,1,"74","15,82",6,5,1,0,4,0,0,1,1,3,23,14,8,5,6,7,14,15,53,47,1.84,1.39,1.89,1.29,2.36,56,78,42,17,3,33,84,36,72,12.56,4.72,2.05,3.40,3.80,1.30,2.05,3.35,6.50,1.80,1.95,N/A
1733684400,Dec 08 2024 - 7:00pm,complete,42945,Grêmio,Corinthians,N/A,38,1.61,0.83,1.53,0.95,0,3,3,1,0,1,"","45'1,88,90'3",6,7,2,1,3,1,1,2,0,4,20,20,6,7,7,9,11,14,36,64,1.42,1.27,1.57,1.81,2.50,45,73,45,25,9,33,75,42,81,10.23,5.44,2.70,3.25,2.60,1.29,1.90,3.60,7.50,1.70,2.05,Arena do Grêmio
1733684400,Dec 08 2024 - 7:00pm,complete,N/A,Atlético Mineiro,Atlético PR,N/A,38,1.39,0.94,1.47,0.89,1,0,1,0,0,0,"73","",5,4,3,0,3,0,0,3,1,2,15,8,8,5,4,2,12,16,62,38,1.39,1.25,1.65,1.02,2.56,59,81,45,20,9,34,73,39,72,9.72,7.11,2.15,3.20,3.50,1.36,2.10,4.20,8.50,1.95,1.80,N/A
1733684400,Dec 08 2024 - 7:00pm,complete,N/A,Bahia,Atlético GO,N/A,38,1.83,0.56,1.89,0.53,2,0,2,1,1,0,"41,58","",4,5,4,0,1,0,0,4,1,0,18,14,6,3,6,7,15,11,48,52,1.62,1.44,1.48,1.14,2.31,45,73,42,20,3,28,81,36,70,10.22,5.17,1.44,4.40,6.50,1.17,1.65,2.60,4.80,1.91,1.91,Arena Fonte Nova
1733684400,Dec 08 2024 - 7:00pm,complete,N/A,Flamengo,Vitória,N/A,38,2.06,1.06,2.00,1.05,2,2,4,1,0,1,"59,80","16,74",6,4,0,0,2,0,0,0,0,2,24,13,5,6,8,5,7,8,67,33,1.75,1.20,1.75,1.28,2.61,64,86,50,20,9,34,64,50,92,11.00,4.84,1.40,4.33,8.00,1.25,1.85,3.30,7.00,1.91,1.91,N/A
1733684400,Dec 08 2024 - 7:00pm,complete,N/A,Botafogo,São Paulo,Anderson Daronco,38,2.11,1.11,2.16,1.05,2,1,3,1,1,0,"37,90'2","63",3,0,0,0,0,0,0,0,0,0,18,6,9,2,8,3,8,3,46,54,1.85,1.22,2.09,0.53,2.36,50,73,50,14,9,34,70,39,70,11.50,4.83,1.40,4.33,8.50,1.29,1.90,3.60,7.50,2.50,1.50,Estádio Nilton Santos
1733684400,Dec 08 2024 - 7:00pm,complete,N/A,Palmeiras,Fluminense,Ramon Abatti,38,2.11,0.78,2.00,0.89,0,1,1,1,0,1,"","37",11,2,2,0,5,0,0,2,2,3,12,8,4,6,7,2,14,11,58,42,1.91,1.15,1.33,1.17,2.33,36,75,39,17,6,20,62,42,92,11.56,5.45,1.44,4.20,7.00,1.22,1.80,3.10,6.50,2.00,1.75,Allianz Parque
1733684400,Dec 08 2024 - 7:00pm,complete,N/A,Bragantino,Criciúma,Savio Pereira Sampaio,38,1.56,0.83,1.63,0.79,5,1,6,3,2,1,"13,30,53,69,81","39",6,8,1,0,3,0,1,0,0,3,20,8,9,5,5,2,9,13,48,52,1.44,1.23,1.85,1.03,2.45,67,75,59,17,3,33,78,42,70,8.22,5.78,1.44,4.33,6.50,1.25,1.65,3.25,6.50,1.91,1.91,N/A
1733684400,Dec 08 2024 - 7:00pm,complete,N/A,Fortaleza,Internacional,N/A,38,2.44,1.50,2.47,1.42,3,0,3,2,2,0,"7,20,53","",4,3,1,0,2,0,0,1,1,1,11,12,6,2,2,6,8,13,37,63,1.35,1.33,1.16,0.93,2.17,50,56,36,25,6,36,73,31,70,9.44,5.89,2.88,3.10,2.50,1.30,2.00,3.80,7.50,1.80,1.95,Estádio Comendador Agostinho Prada
1733684400,Dec 08 2024 - 7:00pm,complete,N/A,Cuiabá,Vasco da Gama,N/A,38,0.78,0.67,0.74,0.79,1,2,3,3,1,2,"33","18,43",2,5,0,0,1,0,0,0,0,1,12,12,5,5,4,4,15,8,33,67,1.26,1.09,1.12,1.21,2.20,42,70,47,11,3,28,64,34,75,9.11,4.89,3.20,3.10,2.30,1.40,2.15,4.33,9.00,2.00,1.75,Arena Pantanal
1733684400,Dec 08 2024 - 7:00pm,complete,N/A,Juventude,Cruzeiro,Edina Alves Batista,38,1.67,0.78,1.58,0.89,0,1,1,1,0,1,"","30",8,1,2,2,3,1,2,2,0,4,22,9,8,2,7,5,13,13,50,50,1.52,1.25,1.97,0.74,2.45,50,78,45,14,9,42,67,37,75,9.39,5.50,2.75,3.10,2.50,1.30,2.00,3.80,8.00,1.80,1.95,N/A
1681585200,Apr 15 2023 - 7:00pm,complete,N/A,Palmeiras,Cuiabá,N/A,1,0.00,0.00,2.32,1.42,2,1,3,2,1,1,"5,65","45'7",4,4,2,0,4,1,1,1,2,3,13,11,6,5,7,6,20,16,52,48,0.00,0.00,1.77,1.35,0.00,0,0,0,0,0,0,0,0,0,0.00,0.00,1.29,5.70,10.00,1.25,1.83,2.90,5.25,2.20,1.62,Allianz Parque
1681585200,Apr 15 2023 - 7:00pm,complete,N/A,América Mineiro,Fluminense,Braulio da Silva Machado,1,0.00,0.00,0.89,0.68,0,3,3,0,0,0,"","52,60,72",11,1,3,0,2,0,2,1,2,0,12,12,3,9,9,3,21,10,46,54,0.00,0.00,1.65,1.54,0.00,0,0,0,0,0,0,0,0,0,0.00,0.00,2.88,3.45,2.40,1.33,2.05,3.40,6.00,1.75,2.00,N/A
1681594200,Apr 15 2023 - 9:30pm,complete,N/A,Botafogo,São Paulo,Ramon Abatti,1,0.00,0.00,1.95,0.58,2,1,3,2,1,1,"4,88","15",3,7,3,0,2,0,1,2,1,1,9,15,4,9,5,6,20,13,32,68,0.00,0.00,1.26,1.88,0.00,0,0,0,0,0,0,0,0,0,0.00,0.00,2.70,3.10,2.80,1.45,2.40,4.75,9.50,1.95,1.80,N/A
1681594200,Apr 15 2023 - 9:30pm,complete,N/A,Bragantino,Bahia,N/A,1,0.00,0.00,2.00,0.79,2,1,3,1,0,1,"54,70","45",4,7,3,0,1,0,1,2,1,0,12,9,8,4,4,5,20,13,56,44,0.00,0.00,1.72,1.14,0.00,0,0,0,0,0,0,0,0,0,0.00,0.00,1.95,3.45,4.00,1.35,2.20,3.60,7.00,1.91,1.91,N/A
1681594200,Apr 15 2023 - 9:30pm,complete,15329,Atlético PR,Goiás,N/A,1,0.00,0.00,2.00,0.84,2,0,2,1,1,0,"36,57","",3,8,2,0,3,0,1,1,1,2,8,11,4,3,4,8,19,18,44,56,0.00,0.00,1.11,1.29,0.00,0,0,0,0,0,0,0,0,0,0.00,0.00,1.50,4.05,7.30,1.30,1.98,3.30,6.00,2.05,1.70,N/A
1681594200,Apr 15 2023 - 9:30pm,complete,N/A,Fortaleza,Internacional,Edina Alves Batista,1,0.00,0.00,1.74,1.21,1,1,2,0,0,0,"56","54",5,1,2,0,1,0,0,2,0,1,14,12,7,7,7,5,18,13,47,53,0.00,0.00,1.91,1.48,0.00,0,0,0,0,0,0,0,0,0,0.00,0.00,2.30,3.20,3.30,1.39,2.28,3.90,7.75,1.95,1.80,Estádio Comendador Agostinho Prada
1681603200,Apr 16 2023 - 12:00am,complete,N/A,Atlético Mineiro,Vasco da Gama,Raphael Claus,1,0.00,0.00,1.89,0.84,1,2,3,3,1,2,"45'5","5,10",14,3,6,0,5,0,1,5,0,5,18,5,11,4,7,1,14,10,74,26,0.00,0.00,2.44,0.75,0.00,0,0,0,0,0,0,0,0,0,0.00,0.00,1.60,4.20,5.20,1.25,1.90,3.30,6.50,1.91,1.91,Estádio Governador Magalhães Pinto
1681671600,Apr 16 2023 - 7:00pm,complete,N/A,Flamengo,Coritiba,N/A,1,0.00,0.00,1.84,0.74,3,0,3,1,1,0,"12,56,90'5","",6,3,3,0,3,0,1,2,2,1,13,6,8,4,5,2,20,17,59,41,0.00,0.00,1.98,0.86,0.00,0,0,0,0,0,0,0,0,0,0.00,0.00,1.34,5.10,8.90,1.22,1.95,2.90,5.50,2.05,1.70,Estádio Nilton Santos
1681671600,Apr 16 2023 - 7:00pm,complete,N/A,Corinthians,Cruzeiro,Anderson Daronco,1,0.00,0.00,1.47,1.42,2,1,3,0,0,0,"68,87","90'5",7,4,4,0,2,0,2,2,0,2,12,6,8,3,4,3,14,12,42,58,0.00,0.00,1.58,0.91,0.00,0,0,0,0,0,0,0,0,0,0.00,0.00,1.87,3.20,3.96,1.38,2.35,3.80,7.75,2.20,1.62,Arena Corinthians
1681680600,Apr 16 2023 - 9:30pm,complete,N/A,Grêmio,Santos,Wilton Pereira Sampaio,1,0.00,0.00,2.32,0.95,1,0,1,1,1,0,"44","",4,11,3,0,3,1,1,2,1,3,13,13,7,5,6,8,12,16,45,55,0.00,0.00,1.68,1.64,0.00,0,0,0,0,0,0,0,0,0,0.00,0.00,1.54,4.10,6.20,1.35,2.25,3.67,7.20,2.10,1.67,N/A
1682190000,Apr 22 2023 - 7:00pm,complete,N/A,Fluminense,Atlético PR,N/A,2,0.00,0.00,2.26,0.95,2,0,2,1,1,0,"11,67","",10,6,3,0,3,0,1,2,1,2,11,6,5,2,6,4,13,20,62,38,0.00,0.00,1.50,0.76,0.00,0,0,0,0,0,0,0,0,0,0.00,0.00,1.62,3.80,6.00,1.30,1.95,3.50,6.50,1.95,1.80,Estádio Nilton Santos
1682199000,Apr 22 2023 - 9:30pm,complete,N/A,São Paulo,América Mineiro,Wagner do Nascimento Magalhaes,2,0.00,0.00,2.21,0.37,3,0,3,1,1,0,"21,82,90'5","",3,7,5,0,3,0,3,2,2,1,15,17,7,9,8,8,18,12,53,47,0.00,0.00,1.72,2.06,0.00,0,0,0,0,0,0,0,0,0,0.00,0.00,1.75,3.60,5.00,1.33,2.05,3.75,7.00,1.95,1.80,Morumbí
1682199000,Apr 22 2023 - 9:30pm,complete,N/A,Cuiabá,Bragantino,Caio Max Augusto Vieira,2,0.00,0.00,1.26,1.26,1,1,2,0,0,0,"67","85",4,5,3,0,3,0,2,1,2,1,12,7,4,3,8,4,17,21,34,66,0.00,0.00,1.39,1.03,0.00,0,0,0,0,0,0,0,0,0,0.00,0.00,2.40,3.20,3.10,1.40,2.20,4.20,8.00,1.95,1.80,Arena Pantanal
1682208000,Apr 23 2023 - 12:00am,complete,N/A,Cruzeiro,Grêmio,Flavio Rodrigues De Souza,2,0.00,0.00,1.05,1.26,1,0,1,0,0,0,"64","",11,5,5,1,2,0,2,4,0,2,16,10,7,8,9,2,21,8,49,51,0.00,0.00,1.94,1.52,0.00,0,0,0,0,0,0,0,0,0,0.00,0.00,2.50,3.20,2.90,1.40,2.25,4.00,7.50,1.95,1.80,Estádio Raimundo Sampaio
1682258400,Apr 23 2023 - 2:00pm,complete,N/A,Internacional,Flamengo,Ramon Abatti,2,0.00,0.00,1.68,1.63,2,1,3,0,0,0,"67,90'8","63",6,2,3,0,1,0,2,1,0,1,10,13,5,5,5,8,14,13,36,64,0.00,0.00,1.28,1.55,0.00,0,0,0,0,0,0,0,0,0,0.00,0.00,3.05,3.00,2.28,1.38,2.20,4.00,8.00,1.91,1.91,N/A
1682276400,Apr 23 2023 - 7:00pm,complete,56451,Vasco da Gama,Palmeiras,N/A,2,0.00,0.00,1.53,1.37,2,2,4,3,2,1,"29,40","45'1,62",2,5,4,0,3,0,2,2,2,1,8,13,4,8,4,5,19,15,36,64,0.00,0.00,1.06,1.78,0.00,0,0,0,0,0,0,0,0,0,0.00,0.00,3.20,3.10,2.05,1.35,2.05,3.70,7.35,1.80,1.95,Estádio Nivaldo Pereira
1682276400,Apr 23 2023 - 7:00pm,complete,N/A,Santos,Atlético Mineiro,Braulio da Silva Machado,2,0.00,0.00,1.32,1.58,0,0,0,0,0,0,"","",9,6,3,0,3,0,1,2,1,2,8,12,3,6,5,6,11,21,37,63,0.00,0.00,1.00,1.66,0.00,0,0,0,0,0,0,0,0,0,0.00,0.00,3.05,3.00,2.15,1.39,2.08,3.90,8.00,1.95,1.80,Estádio Urbano Caldeira
1682285400,Apr 23 2023 - 9:30pm,complete,N/A,Coritiba,Fortaleza,Wilton Pereira Sampaio,2,0.00,0.00,0.84,1.11,0,3,3,0,0,0,"","51,83,90'1",3,7,1,0,2,0,0,1,0,2,15,14,8,10,7,4,9,10,58,42,0.00,0.00,1.73,1.89,0.00,0,0,0,0,0,0,0,0,0,0.00,0.00,2.80,3.00,2.30,1.40,2.20,4.20,8.00,1.90,1.87,Estádio Major Antônio Couto Pereira
1682287200,Apr 23 2023 - 10:00pm,complete,10162,Goiás,Corinthians,Bruno Arleu de Araujo,2,0.00,0.00,1.16,1.16,3,1,4,2,1,1,"31,80,90'4","17",5,8,5,0,2,0,2,3,1,1,14,7,8,3,6,4,21,23,51,49,0.00,0.00,1.92,0.90,0.00,0,0,0,0,0,0,0,0,0,0.00,0.00,3.00,3.00,2.60,1.50,2.50,4.90,10.25,2.05,1.70,Estádio de Hailé Pinheiro
1682377200,Apr 24 2023 - 11:00pm,complete,N/A,Bahia,Botafogo,Raphael Claus,2,0.00,0.00,1.53,1.42,1,2,3,2,1,1,"41","29,78",6,3,1,0,2,0,0,1,0,2,9,6,6,4,3,2,18,9,60,40,0.00,0.00,1.39,0.90,0.00,0,0,0,0,0,0,0,0,0,0.00,0.00,2.20,3.25,3.50,1.42,2.20,4.50,9.00,1.95,1.80,Arena Fonte Nova
1682796600,Apr 29 2023 - 7:30pm,complete,N/A,Coritiba,São Paulo,N/A,3,0.00,0.00,0.84,0.58,1,1,2,1,1,0,"12","81",7,6,4,0,1,0,2,2,0,1,14,16,6,7,8,9,14,12,33,67,1.73,1.88,1.64,1.78,3.00,50,100,100,0,0,50,50,50,100,10.00,3.00,3.00,3.13,2.45,1.42,2.30,4.50,9.00,1.95,1.80,Estádio Major Antônio Couto Pereira
1682796600,Apr 29 2023 - 7:30pm,complete,N/A,Fortaleza,Fluminense,Raphael Claus,3,1.00,3.00,1.74,0.68,4,2,6,3,2,1,"29,35,60,79","45'2,69",8,5,0,0,3,0,0,0,2,1,21,7,19,4,2,3,8,14,30,70,1.91,1.54,2.92,1.25,2.50,50,100,50,0,0,0,0,100,100,6.00,4.00,2.50,3.30,2.80,1.35,2.05,3.75,7.50,1.95,1.80,Estádio Comendador Agostinho Prada
1682803800,Apr 29 2023 - 9:30pm,complete,N/A,Palmeiras,Corinthians,Wilton Pereira Sampaio,3,3.00,0.00,2.32,1.16,2,1,3,2,2,0,"16,36","76",12,3,3,0,3,0,1,2,1,2,14,5,7,3,7,2,20,15,54,46,1.77,0.90,1.85,0.82,3.50,100,100,100,50,0,100,100,50,100,12.00,4.00,1.55,3.90,6.00,1.30,2.00,3.50,6.50,2.05,1.70,Allianz Parque
1682803800,Apr 29 2023 - 9:30pm,complete,N/A,Santos,América Mineiro,Anderson Daronco,3,1.00,0.00,1.32,0.37,3,2,5,3,2,1,"19,40,69","7,49",2,6,3,1,4,0,3,1,2,2,11,16,7,9,4,7,19,16,44,56,1.00,2.06,1.47,2.02,1.50,0,50,50,0,0,0,50,50,50,16.00,6.00,2.25,3.20,3.25,1.40,2.20,4.20,8.00,1.95,1.80,Estádio Urbano Caldeira
1682803800,Apr 29 2023 - 9:30pm,complete,N/A,Bragantino,Cruzeiro,Braulio da Silva Machado,3,3.00,0.00,2.00,1.42,0,3,3,1,0,1,"","1,64,87",5,9,4,2,3,0,2,4,1,2,11,13,6,6,5,7,18,8,45,55,1.72,0.91,1.45,1.64,3.00,100,100,100,0,0,0,50,100,100,8.00,5.00,2.15,3.30,3.40,1.36,2.10,3.75,7.50,1.95,1.80,N/A
1682812800,Apr 30 2023 - 12:00am,complete,N/A,Atlético Mineiro,Atlético PR,Ramon Abatti,3,0.00,0.00,1.89,0.95,2,1,3,1,1,0,"10,84","90'2",1,5,3,0,3,1,1,2,0,4,16,5,7,4,9,1,18,11,59,41,2.44,0.76,1.86,0.85,2.50,50,100,50,0,0,50,100,0,50,20.00,9.00,1.65,3.50,5.00,1.36,2.08,3.75,7.50,2.00,1.75,Estádio Governador Magalhães Pinto
1682881200,Apr 30 2023 - 7:00pm,complete,N/A,Flamengo,Botafogo,Edina Alves Batista,3,3.00,3.00,1.84,1.42,2,3,5,2,0,2,"58,86","30,45'5,71",7,2,4,0,3,1,2,2,1,3,22,10,14,7,8,3,14,12,74,26,1.98,0.90,3.00,1.31,3.00,50,100,100,0,0,50,100,50,100,9.00,5.00,1.54,3.90,5.40,1.29,1.87,3.00,5.50,2.00,1.75,Estádio Nilton Santos
1682890200,Apr 30 2023 - 9:30pm,complete,N/A,Internacional,Goiás,N/A,3,3.00,0.00,1.68,0.84,1,0,1,0,0,0,"52","",8,11,4,0,1,1,1,3,0,2,15,9,9,2,6,7,16,10,57,43,1.28,1.29,1.97,1.05,2.50,50,100,50,0,0,0,50,50,100,14.00,6.00,1.46,4.05,6.35,1.30,1.92,3.50,6.50,2.10,1.67,N/A
1682890200,Apr 30 2023 - 9:30pm,complete,21385,Cuiabá,Grêmio,Bruno Arleu de Araujo,3,1.00,0.00,1.26,1.26,1,2,3,2,1,1,"29","10,68",7,5,4,1,5,0,2,3,2,3,9,11,5,7,4,4,15,11,51,49,1.39,1.52,1.45,1.51,1.50,50,50,0,0,0,0,0,50,100,9.00,5.00,2.52,3.00,2.77,1.40,2.14,4.00,8.25,1.95,1.80,Arena Pantanal
1682982000,May 01 2023 - 11:00pm,complete,N/A,Vasco da Gama,Bahia,Flavio Rodrigues De Souza,3,1.00,0.00,1.53,0.79,0,1,1,1,0,1,"","44",7,6,1,0,4,0,1,0,2,2,13,11,7,7,6,4,19,19,55,45,1.06,1.14,1.66,1.51,3.50,100,100,100,50,0,50,100,50,100,9.00,5.00,1.65,3.60,4.75,1.34,2.15,3.50,7.00,2.10,1.67,Estádio Nivaldo Pereira
1683399600,May 06 2023 - 7:00pm,complete,N/A,Cruzeiro,Santos,Bruno Arleu de Araujo,4,3.00,0.00,1.05,0.95,2,1,3,1,1,0,"21,62","57",4,4,6,0,3,0,2,4,1,2,11,12,4,5,7,7,17,15,55,45,1.94,1.64,1.31,1.49,1.00,0,0,0,0,0,0,50,0,50,22.00,10.00,2.13,3.35,3.55,1.38,2.13,4.00,8.00,2.05,1.70,Estádio Governador Magalhães Pinto
1683417600,May 07 2023 - 12:00am,complete,N/A,Fluminense,Vasco da Gama,Wilton Pereira Sampaio,4,3.00,3.00,2.26,0.84,1,1,2,1,0,1,"55","1",9,1,3,0,3,0,2,1,1,2,25,10,10,2,15,8,12,18,79,21,1.50,0.75,3.11,0.91,2.50,50,100,50,0,0,50,100,0,50,13.00,8.00,1.70,3.80,4.75,1.30,1.85,3.40,6.50,1.80,1.95,N/A
1683468000,May 07 2023 - 2:00pm,complete,N/A,América Mineiro,Cuiabá,Denis Ribeiro Serafim,4,0.00,0.00,0.89,1.42,1,2,3,1,1,0,"12","85,90'2",4,6,3,1,5,0,1,3,0,5,16,12,5,7,11,5,19,12,46,54,1.65,1.35,1.83,1.63,3.00,50,100,100,0,0,50,50,50,100,15.00,8.00,1.71,3.85,4.80,1.32,1.94,3.40,6.50,1.95,1.80,N/A
1683486000,May 07 2023 - 7:00pm,complete,N/A,São Paulo,Internacional,Braulio da Silva Machado,4,3.00,1.00,2.21,1.21,2,0,2,1,1,0,"33,70","",4,9,3,0,4,0,1,2,0,4,8,18,5,5,3,13,16,9,43,57,1.72,1.48,1.10,1.86,2.50,50,100,50,0,0,0,50,100,100,4.00,6.00,1.91,3.10,3.75,1.33,2.15,3.40,6.00,1.91,1.91,Morumbí
1683486000,May 07 2023 - 7:00pm,complete,N/A,Atlético PR,Flamengo,Raphael Claus,4,3.00,0.00,2.00,1.63,2,1,3,2,1,1,"29,80","15",2,8,2,0,2,0,0,2,1,1,13,15,7,6,6,9,15,11,39,61,1.11,1.55,1.62,1.86,2.50,50,100,50,0,0,0,50,50,100,5.00,3.00,3.40,3.10,2.00,1.30,2.00,3.30,6.50,1.75,2.00,N/A
1683486000,May 07 2023 - 7:00pm,complete,N/A,Bahia,Coritiba,N/A,4,0.00,0.00,1.53,0.74,3,1,4,1,1,0,"16,65,68","63",3,5,2,0,7,0,1,1,1,6,16,11,7,6,9,5,28,24,51,49,1.39,0.86,1.88,1.34,3.00,50,100,100,0,0,50,100,50,100,9.00,4.00,2.05,3.00,3.40,1.36,2.15,3.75,7.50,1.95,1.80,Arena Fonte Nova
1683495000,May 07 2023 - 9:30pm,complete,N/A,Botafogo,Atlético Mineiro,Flavio Rodrigues De Souza,4,3.00,1.00,1.95,1.58,2,0,2,1,1,0,"30,60","",5,9,1,0,3,0,0,1,2,1,19,9,8,2,11,7,14,8,39,61,1.26,1.66,2.08,0.99,1.50,50,50,50,0,0,50,50,0,50,9.00,6.00,2.75,3.10,2.35,1.38,1.95,4.00,8.00,1.95,1.80,Estádio Nilton Santos
1683495000,May 07 2023 - 9:30pm,complete,13789,Goiás,Palmeiras,Wagner do Nascimento Magalhaes,4,3.00,1.00,1.16,1.37,0,5,5,1,0,1,"","10,48,78,83,90",4,6,2,1,6,0,2,1,2,4,17,14,5,8,12,6,13,29,43,57,1.92,1.78,1.65,1.80,4.00,100,100,100,100,0,100,100,50,100,10.00,8.00,4.50,3.25,1.70,1.36,2.10,3.75,7.50,2.00,1.75,Estádio de Hailé Pinheiro
1683495000,May 07 2023 - 9:30pm,complete,N/A,Grêmio,Bragantino,N/A,4,3.00,1.00,2.32,1.26,3,3,6,2,1,1,"6,56,62","9,53,90'1",4,7,5,0,2,0,2,3,2,0,11,20,4,9,7,11,9,20,42,58,1.68,1.03,1.18,2.37,1.50,50,50,0,0,0,0,50,50,50,9.00,6.00,1.85,3.10,3.90,1.32,2.10,3.40,6.50,1.95,1.80,Arena do Grêmio
1683586800,May 08 2023 - 11:00pm,complete,N/A,Corinthians,Fortaleza,Ramon Abatti,4,3.00,3.00,1.47,1.11,1,1,2,0,0,0,"88","79",5,5,2,0,2,0,0,2,1,1,19,10,9,3,10,7,6,9,49,51,1.58,1.89,2.61,1.51,3.00,50,100,100,0,0,0,0,100,100,14.00,6.00,2.25,3.25,3.30,1.40,2.25,3.80,6.70,1.95,1.80,Arena Corinthians
1683756000,May 10 2023 - 10:00pm,complete,N/A,Santos,Bahia,Wagner do Nascimento Magalhaes,5,2.00,1.50,1.32,0.79,3,0,3,2,2,0,"4,14,51","",1,4,3,0,4,0,2,1,3,1,15,18,10,4,5,14,18,13,41,59,1.24,1.32,1.85,1.69,2.25,50,50,50,25,25,25,75,50,50,12.00,6.50,2.30,3.20,3.30,1.38,2.35,4.00,8.00,2.00,1.75,Estádio Urbano Caldeira
1683756000,May 10 2023 - 10:00pm,complete,N/A,Bragantino,América Mineiro,N/A,5,1.50,0.00,2.00,0.37,2,2,4,3,2,1,"33,44","15,78",5,4,5,0,3,0,1,4,1,2,15,6,10,4,5,2,16,17,62,38,1.58,2.04,2.18,0.86,3.50,50,100,100,25,25,25,100,100,100,11.00,8.50,1.80,3.75,4.50,1.33,1.80,3.40,6.00,1.70,2.05,Estádio Nabi Abi Chedid
1683756000,May 10 2023 - 10:00pm,complete,N/A,Internacional,Atlético PR,Bruno Arleu de Araujo,5,3.00,0.00,1.68,0.95,0,2,2,0,0,0,"","79,90'6",4,3,2,0,4,0,0,2,1,3,13,15,4,6,9,9,11,10,47,53,1.62,0.81,1.45,1.75,2.25,50,75,50,0,0,0,50,50,100,12.50,7.00,1.80,3.50,4.75,1.40,2.08,4.20,8.50,1.95,1.80,Estádio José Pinheiro Borda
1683759600,May 10 2023 - 11:00pm,complete,44498,Flamengo,Goiás,Savio Pereira Sampaio,5,1.50,0.00,1.84,0.84,2,0,2,1,1,0,"8,49","",8,7,0,0,1,0,0,0,1,0,18,15,7,7,11,8,21,9,57,43,2.49,1.17,2.10,1.58,2.75,25,75,50,25,25,25,75,50,100,16.00,6.00,1.25,5.50,13.00,1.17,1.62,2.45,4.25,2.10,1.67,N/A
1683759600,May 10 2023 - 11:00pm,complete,N/A,Cuiabá,Atlético Mineiro,Wilton Pereira Sampaio,5,0.50,0.50,1.26,1.58,0,4,4,1,0,1,"","13,51,72,87",6,1,1,0,2,0,0,1,2,0,7,9,2,8,5,1,12,17,47,53,1.42,1.33,0.84,1.27,1.75,50,75,25,0,0,25,50,25,75,13.00,7.00,3.40,3.25,2.25,1.43,2.35,4.00,8.00,2.00,1.75,Arena Pantanal
1683765000,May 11 2023 - 12:30am,complete,N/A,Palmeiras,Grêmio,Braulio da Silva Machado,5,3.00,1.50,2.32,1.26,4,1,5,2,1,1,"24,56,68,73","45'2",7,4,2,0,4,0,1,1,1,3,27,4,12,3,15,1,10,13,58,42,1.81,1.51,2.86,0.64,2.50,75,75,75,0,0,75,75,0,100,13.00,6.00,1.45,4.33,7.50,1.29,1.73,3.00,5.50,1.91,1.91,Allianz Parque
1683765000,May 11 2023 - 12:30am,complete,N/A,Cruzeiro,Fluminense,Flavio Rodrigues De Souza,5,3.00,1.50,1.05,0.68,0,2,2,1,0,1,"","43,54",16,3,1,0,6,2,1,0,1,7,29,12,6,8,23,4,14,10,48,52,1.63,1.40,2.88,1.54,3.25,50,75,75,25,25,25,50,75,100,10.50,8.50,2.70,3.25,2.75,1.33,2.10,3.50,6.50,1.80,1.95,Estádio Governador Magalhães Pinto
1683842400,May 11 2023 - 10:00pm,complete,N/A,Coritiba,Vasco da Gama,Ramon Abatti,5,0.50,2.00,0.84,0.84,1,1,2,1,1,0,"45'4","80",5,5,2,0,1,0,1,1,0,1,13,9,7,4,6,5,22,15,35,65,1.69,0.83,1.53,1.27,2.50,75,100,50,0,0,25,75,25,75,7.00,6.50,3.30,3.00,2.38,1.36,2.25,3.75,7.00,1.95,1.80,Estádio Major Antônio Couto Pereira
1683844200,May 11 2023 - 10:30pm,complete,N/A,Botafogo,Corinthians,Anderson Daronco,5,3.00,0.00,1.95,1.16,3,0,3,1,1,0,"12,65,81","",3,3,1,0,2,0,0,1,1,1,16,13,8,5,8,8,12,5,53,47,1.67,0.86,1.93,1.48,3.00,75,100,75,25,0,75,100,25,100,9.50,4.50,1.91,3.30,4.33,1.40,2.20,3.75,7.00,2.00,1.75,Estádio Nilton Santos
1683846000,May 11 2023 - 11:00pm,complete,N/A,Fortaleza,São Paulo,N/A,5,2.00,0.50,1.74,0.58,0,0,0,0,0,0,"","",4,10,2,1,4,1,2,1,2,3,17,14,5,2,12,12,9,17,44,56,2.41,1.83,1.72,1.30,3.25,100,100,50,25,25,50,75,50,100,13.00,2.50,1.95,3.40,4.20,1.36,2.10,3.50,7.00,1.95,1.80,Estádio Comendador Agostinho Prada
1684004400,May 13 2023 - 7:00pm,complete,48502,Bahia,Flamengo,N/A,6,1.50,0.00,1.53,1.63,2,3,5,4,1,3,"35,51","23,29,45'4",10,4,6,2,5,0,2,6,0,5,21,16,7,6,14,10,16,13,52,48,1.64,1.70,2.28,1.72,3.25,100,100,100,25,0,50,75,50,100,9.50,3.00,2.99,3.25,2.18,1.30,2.02,3.40,6.50,1.75,2.00,Arena Fonte Nova
1684013400,May 13 2023 - 9:30pm,complete,N/A,Fluminense,Cuiabá,Edina Alves Batista,6,2.00,1.50,2.26,1.42,2,0,2,1,1,0,"6,56","",7,3,3,0,4,0,2,1,4,0,8,17,3,4,5,13,14,10,62,38,2.31,1.49,1.00,1.70,2.50,75,100,50,0,0,25,100,25,100,14.50,8.00,1.39,4.30,6.60,1.25,1.79,3.00,5.00,1.95,1.80,N/A
1684013400,May 13 2023 - 9:30pm,complete,N/A,Palmeiras,Bragantino,Savio Pereira Sampaio,6,3.00,1.00,2.32,1.26,1,1,2,0,0,0,"65","71",15,6,1,0,4,0,0,1,2,2,24,10,7,5,17,5,12,19,58,42,2.16,1.70,2.52,1.21,3.84,100,100,75,42,42,75,75,67,100,13.67,4.83,1.42,3.98,5.99,1.26,1.86,2.95,5.50,1.91,1.91,Allianz Parque
1684022400,May 14 2023 - 12:00am,complete,36080,Atlético Mineiro,Internacional,Raphael Claus,6,1.50,0.50,1.89,1.21,2,0,2,1,1,0,"3,90'5","",3,3,2,0,3,0,1,1,2,1,15,7,5,5,10,2,14,9,54,46,2.15,1.67,1.55,1.12,2.50,75,100,50,0,0,25,75,50,75,12.50,7.00,1.53,4.00,6.50,1.34,1.95,3.60,7.05,2.00,1.75,Estádio Governador Magalhães Pinto
1684090800,May 14 2023 - 7:00pm,complete,N/A,Vasco da Gama,Santos,N/A,6,0.50,0.00,1.53,0.95,0,1,1,1,0,1,"","29",14,1,4,0,1,0,0,4,0,1,25,7,10,2,15,5,14,12,70,30,1.36,1.57,2.93,0.77,2.25,50,50,50,25,0,25,100,25,50,12.00,6.00,1.88,3.20,3.69,1.40,2.25,4.20,8.00,2.00,1.75,Estádio Club de Regatas Vasco da Gama
1684090800,May 14 2023 - 7:00pm,complete,N/A,Corinthians,São Paulo,Bruno Arleu de Araujo,6,2.00,0.67,1.47,0.58,1,1,2,2,1,1,"45'6","15",5,4,2,0,4,0,2,0,4,0,9,10,4,4,5,6,16,18,34,66,2.10,1.65,1.26,1.28,2.09,84,84,42,0,0,17,34,50,84,13.67,5.67,2.06,3.15,3.20,1.42,2.30,4.50,9.00,1.95,1.80,Arena Corinthians
1684090800,May 14 2023 - 7:00pm,complete,N/A,Grêmio,Fortaleza,N/A,6,2.00,2.00,2.32,1.11,0,0,0,0,0,0,"","",9,5,3,0,4,0,1,2,2,2,23,16,7,6,16,10,22,22,57,43,1.43,1.70,2.44,1.70,3.00,50,75,50,25,25,25,50,75,75,10.00,6.00,2.00,3.23,3.28,1.33,2.00,3.40,6.00,1.75,2.00,Arena do Grêmio
1684099800,May 14 2023 - 9:30pm,complete,N/A,Goiás,Botafogo,N/A,6,1.50,3.00,1.16,1.42,2,1,3,2,1,1,"45'5,57","33",4,7,6,0,3,0,3,3,1,2,9,18,6,3,3,15,23,18,47,53,1.78,1.10,1.34,1.80,4.25,75,100,100,75,50,75,100,75,100,7.00,7.50,3.10,3.10,2.13,1.40,2.15,4.20,8.00,1.80,1.95,Estádio de Hailé Pinheiro
1684099800,May 14 2023 - 9:30pm,complete,N/A,Atlético PR,Coritiba,Flavio Rodrigues De Souza,6,3.00,0.00,2.00,0.74,3,2,5,1,0,1,"49,90'1,90'7","20,66",4,1,3,0,3,0,0,3,3,0,27,8,8,4,19,4,10,12,66,34,1.36,1.10,2.75,1.01,3.00,50,100,75,25,0,25,100,50,100,6.50,7.00,1.58,3.55,4.98,1.30,2.00,3.25,6.00,1.95,1.80,N/A
1684099800,May 14 2023 - 9:30pm,complete,N/A,América Mineiro,Cruzeiro,Wilton Pereira Sampaio,6,0.00,1.50,0.89,1.42,0,4,4,1,0,1,"","33,70,84,90'1",5,6,2,0,0,0,1,1,0,0,18,17,4,9,14,8,10,17,47,53,1.74,1.28,1.80,2.04,3.00,50,100,100,0,0,0,50,100,100,14.00,6.50,2.14,3.24,2.95,1.32,2.00,3.40,6.50,1.75,2.00,N/A
1684609200,May 20 2023 - 7:00pm,complete,N/A,Bahia,Goiás,Denis Ribeiro Serafim,7,1.00,0.00,1.53,0.84,1,1,2,2,1,1,"25","31",4,6,1,0,3,0,0,1,1,2,24,18,5,8,19,10,19,13,51,49,1.85,1.31,2.31,1.99,2.84,50,84,50,34,17,34,84,17,100,15.00,5.67,1.67,3.50,4.80,1.30,1.85,3.50,6.50,1.91,1.91,Arena Fonte Nova
1684618200,May 20 2023 - 9:30pm,complete,N/A,Botafogo,Fluminense,Braulio da Silva Machado,7,3.00,2.00,1.95,0.68,1,0,1,0,0,0,"74","",7,4,5,0,2,0,3,2,0,2,21,12,8,5,13,7,24,14,34,66,1.76,1.44,2.09,1.68,3.17,33,100,67,17,17,33,84,50,100,6.67,6.34,2.80,3.00,2.45,1.33,2.10,3.75,7.00,1.80,1.95,Estádio Nilton Santos
1684618200,May 20 2023 - 9:30pm,complete,N/A,São Paulo,Vasco da Gama,Leandro Pedro Vuaden,7,3.00,1.67,2.21,0.84,4,2,6,3,2,1,"24,42,89,90'2","45,83",3,9,0,0,4,0,0,0,1,3,16,18,8,5,8,13,9,16,52,48,1.41,0.98,1.82,1.91,2.42,50,100,42,0,0,17,100,25,84,6.50,7.00,2.00,3.20,3.75,1.42,2.10,4.33,8.50,2.05,1.70,Morumbí
1684618200,May 20 2023 - 9:30pm,complete,N/A,Bragantino,Atlético PR,Felipe Fernandes de Lima,7,1.33,1.00,2.00,0.95,2,0,2,1,1,0,"16,86","",6,5,3,0,3,0,1,2,0,3,14,15,5,6,9,9,20,12,61,39,1.78,1.12,1.66,1.60,2.83,50,100,67,17,0,17,84,67,100,9.34,8.67,2.30,3.00,3.10,1.36,2.15,3.75,7.50,1.91,1.91,Estádio Nabi Abi Chedid
1684618200,May 20 2023 - 9:30pm,complete,N/A,Coritiba,Atlético Mineiro,N/A,7,0.67,1.33,0.84,1.58,1,2,3,2,1,1,"13","37,90'1",5,7,4,1,7,1,4,1,2,6,16,21,6,9,10,12,20,17,34,66,1.63,1.31,1.70,2.36,2.17,34,84,33,17,0,0,67,33,84,10.33,5.00,4.20,3.20,1.85,1.38,2.10,4.00,8.00,1.95,1.80,Estádio Major Antônio Couto Pereira
1684618200,May 20 2023 - 9:30pm,complete,N/A,América Mineiro,Fortaleza,Luiz Flavio De Oliveira,7,0.00,1.67,0.89,1.11,2,1,3,3,2,1,"2,33","26",1,2,4,0,2,0,1,3,2,0,11,17,4,7,7,10,14,8,28,72,1.76,1.70,1.30,2.32,2.50,33,84,67,17,0,0,34,84,84,12.34,6.00,2.55,3.20,2.65,1.30,1.91,3.40,6.50,1.70,2.05,N/A
1684627200,May 21 2023 - 12:00am,complete,N/A,Santos,Palmeiras,Raphael Claus,7,2.33,2.00,1.32,1.37,0,0,0,0,0,0,"","",3,4,4,0,1,0,1,3,1,0,13,13,5,2,8,11,16,10,38,62,1.44,1.79,1.51,1.26,3.59,42,84,84,67,42,59,84,42,84,9.50,8.17,4.33,3.40,1.85,1.33,2.15,3.40,6.50,1.95,1.80,Estádio Urbano Caldeira
1684695600,May 21 2023 - 7:00pm,complete,N/A,Flamengo,Corinthians,N/A,7,2.00,0.00,1.84,1.16,1,0,1,0,0,0,"90'4","",6,9,0,0,2,0,0,0,0,2,12,16,5,4,7,12,9,12,65,35,2.36,1.07,1.66,1.54,3.33,50,100,84,33,17,50,100,67,100,11.67,4.66,1.49,4.10,7.00,1.29,2.04,3.20,5.75,2.05,1.70,N/A
1684704600,May 21 2023 - 9:30pm,complete,N/A,Grêmio,Internacional,Flavio Rodrigues De Souza,7,1.67,0.33,2.32,1.21,3,1,4,2,2,0,"7,31,65","87",3,7,1,1,1,0,1,1,0,1,16,25,7,5,9,20,14,15,29,71,1.77,1.48,1.84,2.31,2.17,33,67,17,17,17,17,67,33,67,10.00,6.34,2.28,3.30,3.25,1.38,2.10,3.82,7.50,1.91,1.91,Arena do Grêmio
1684796400,May 22 2023 - 11:00pm,complete,N/A,Cruzeiro,Cuiabá,Savio Pereira Sampaio,7,2.00,1.00,1.05,1.42,0,1,1,1,0,1,"","37",6,2,1,0,3,0,0,1,1,2,16,16,9,4,7,12,16,15,65,35,2.04,1.56,2.15,1.52,2.34,50,84,50,0,0,17,84,33,100,14.66,9.00,1.53,3.80,7.50,1.30,2.10,3.70,7.00,2.05,1.70,N/A
1685214000,May 27 2023 - 7:00pm,complete,N/A,Atlético PR,Grêmio,Savio Pereira Sampaio,8,3.00,1.00,2.00,1.26,1,2,3,2,1,1,"34","31,49",10,5,2,0,4,0,0,2,0,4,17,11,5,5,12,6,14,15,66,34,1.83,1.22,1.94,1.24,3.17,67,84,67,33,33,50,84,33,100,7.67,6.00,2.00,3.30,3.85,1.44,2.10,4.50,9.00,1.95,1.80,N/A
1685214000,May 27 2023 - 7:00pm,complete,N/A,Fortaleza,Vasco da Gama,Edina Alves Batista,8,1.67,1.25,1.74,0.84,2,0,2,0,0,0,"87,90'4","",9,5,3,0,1,0,1,2,1,0,17,14,8,2,9,12,11,15,50,50,2.18,1.21,2.00,1.31,2.96,84,84,42,29,29,42,67,46,71,10.17,4.92,1.77,3.65,4.40,1.30,2.10,3.50,6.50,1.95,1.80,Estádio Governador Plácido Aderaldo Castelo
1685223000,May 27 2023 - 9:30pm,complete,N/A,Flamengo,Cruzeiro,Luiz Flavio De Oliveira,8,2.25,2.00,1.84,1.42,1,1,2,2,1,1,"33","5",2,1,4,0,5,0,0,4,2,3,15,19,4,7,11,12,12,18,62,38,2.18,1.53,1.76,1.98,3.04,29,88,75,29,13,13,71,75,100,13.08,3.42,1.63,3.90,5.50,1.29,1.80,2.75,5.00,1.91,1.91,N/A
1685223000,May 27 2023 - 9:30pm,complete,N/A,Cuiabá,Coritiba,Denis Ribeiro Serafim,8,0.33,0.00,1.26,0.74,1,1,2,1,1,0,"3","49",2,6,3,0,6,0,0,3,0,6,11,10,4,3,7,7,8,13,44,56,1.23,1.07,1.29,1.07,3.50,67,100,84,50,17,17,84,84,100,8.67,7.33,1.97,3.40,3.75,1.40,2.20,4.20,8.50,2.05,1.70,Arena Pantanal
1685232000,May 28 2023 - 12:00am,complete,N/A,São Paulo,Goiás,N/A,8,3.00,0.25,2.21,0.84,2,1,3,1,0,1,"57,90'1","29",11,5,2,0,4,0,1,1,2,2,18,11,8,5,10,6,12,17,68,32,1.55,1.48,2.15,1.23,2.71,29,88,34,17,17,29,88,34,88,11.33,4.92,1.57,3.80,6.50,1.28,1.95,3.25,6.00,1.95,1.80,Morumbí
1685300400,May 28 2023 - 7:00pm,complete,N/A,Corinthians,Fluminense,Leandro Pedro Vuaden,8,1.67,1.50,1.47,0.68,2,0,2,0,0,0,"59,90'2","",7,6,4,0,2,0,1,3,1,1,15,25,5,8,10,17,18,6,30,70,1.82,1.50,1.51,2.65,2.67,63,88,42,13,13,29,42,59,84,8.92,6.67,2.60,2.90,2.50,1.38,2.17,3.80,7.00,1.95,1.80,Arena Corinthians
1685300400,May 28 2023 - 7:00pm,complete,N/A,Internacional,Bahia,Wagner do Nascimento Magalhaes,8,2.00,1.00,1.68,0.79,2,0,2,0,0,0,"49,90'9","",2,7,1,0,2,0,0,1,0,2,8,10,3,5,5,5,10,13,44,56,1.57,1.44,0.93,1.34,2.17,33,67,50,0,0,17,50,50,84,11.67,6.00,1.68,3.55,4.00,1.32,1.78,3.40,6.50,1.91,1.91,Estádio José Pinheiro Borda
1685309400,May 28 2023 - 9:30pm,complete,N/A,Bragantino,Santos,Anderson Daronco,8,1.75,1.00,2.00,0.95,2,0,2,1,1,0,"31,75","",5,4,2,0,1,0,1,1,0,1,17,10,10,2,7,8,13,10,59,41,1.75,1.30,2.25,0.92,2.34,42,67,54,13,0,13,100,42,67,10.33,7.17,1.74,3.25,4.15,1.33,2.11,3.64,7.10,1.95,1.80,Estádio Nabi Abi Chedid
1685309400,May 28 2023 - 9:30pm,complete,N/A,Atlético Mineiro,Palmeiras,Braulio da Silva Machado,8,2.00,1.67,1.89,1.37,1,1,2,1,1,0,"45","52",3,3,3,0,3,0,3,0,2,1,11,13,5,4,6,9,27,15,58,42,1.95,1.61,1.36,1.33,2.84,50,84,67,34,17,33,84,33,67,11.00,7.00,2.20,3.05,2.90,1.33,2.13,3.60,6.50,1.91,1.91,Estádio Governador Magalhães Pinto
1685311200,May 28 2023 - 10:00pm,complete,N/A,Botafogo,América Mineiro,Raphael Claus,8,3.00,0.33,1.95,0.37,2,0,2,1,1,0,"3,60","",7,0,2,0,3,0,2,0,1,2,20,5,7,2,13,3,9,11,56,44,1.84,1.65,2.11,0.73,3.13,46,88,75,34,17,46,88,46,100,10.17,5.83,1.73,3.75,5.00,1.30,1.95,3.50,6.50,1.95,1.80,Estádio Nilton Santos
1685818800,Jun 03 2023 - 7:00pm,complete,N/A,Fortaleza,Bahia,N/A,9,2.00,0.75,1.74,0.79,0,0,0,0,0,0,"","",8,4,2,0,3,0,0,2,0,3,9,6,3,3,6,3,17,9,54,46,2.14,1.42,1.11,0.79,2.38,38,75,38,13,13,25,50,63,75,12.50,4.75,1.70,3.40,4.33,1.25,1.85,3.10,5.50,1.95,1.80,Estádio Governador Plácido Aderaldo Castelo
1685827800,Jun 03 2023 - 9:30pm,complete,N/A,Cruzeiro,Atlético Mineiro,Savio Pereira Sampaio,9,1.50,1.75,1.05,1.58,0,1,1,1,0,1,"","27",12,4,6,0,5,0,4,2,1,4,13,7,6,4,7,3,19,21,65,35,2.07,1.57,1.71,0.89,2.00,25,63,38,13,0,13,75,25,75,15.00,7.50,3.40,3.00,2.05,1.38,2.15,4.00,8.00,1.95,1.80,Estádio Municipal João Havelange
1685827800,Jun 03 2023 - 9:30pm,complete,N/A,Atlético PR,Botafogo,Vinicius Gonçalves Dias Araujo,9,2.25,2.00,2.00,1.42,1,0,1,1,1,0,"42","",6,7,3,0,2,0,1,2,0,2,12,10,8,5,4,5,15,12,48,52,1.85,1.33,1.59,1.24,3.46,88,100,88,29,29,75,100,29,100,8.75,5.25,2.35,3.00,2.87,1.36,2.15,3.75,7.50,1.95,1.80,N/A
1685827800,Jun 03 2023 - 9:30pm,complete,N/A,América Mineiro,Corinthians,Anderson Daronco,9,0.75,0.00,0.89,1.16,2,0,2,0,0,0,"74,87","",2,3,1,0,0,0,0,1,0,0,13,5,7,3,6,2,16,14,30,70,1.65,1.18,1.62,0.89,3.00,50,88,88,25,0,38,75,63,88,11.00,5.75,2.35,3.00,2.87,1.35,2.15,3.75,7.50,1.91,1.91,Estádio Raimundo Sampaio
1685836800,Jun 04 2023 - 12:00am,complete,9600,Santos,Internacional,N/A,9,2.00,0.25,1.32,1.21,1,1,2,2,1,1,"12","3",5,5,2,0,4,0,1,1,2,2,17,7,5,4,12,3,17,13,56,44,1.46,1.69,1.87,0.98,2.25,38,75,38,25,13,38,63,38,75,8.75,6.00,2.30,3.00,3.50,1.53,2.88,4.75,9.50,2.25,1.57,Estádio Urbano Caldeira
1685905200,Jun 04 2023 - 7:00pm,complete,N/A,Fluminense,Bragantino,N/A,9,2.33,1.00,2.26,1.26,2,1,3,2,2,0,"27,34","54",6,6,5,0,2,0,3,2,2,0,11,12,5,4,6,8,10,12,51,49,1.87,1.54,1.50,1.40,2.67,67,100,17,17,17,17,67,50,100,14.67,6.00,1.81,3.78,4.24,1.25,1.85,2.90,5.25,1.75,2.00,N/A
1685905200,Jun 04 2023 - 7:00pm,complete,N/A,Grêmio,São Paulo,Wilton Pereira Sampaio,9,2.00,0.75,2.32,0.58,2,1,3,3,2,1,"31,39","15",6,8,2,0,1,0,0,2,1,0,14,12,8,5,6,7,9,13,40,60,1.79,1.56,1.79,1.51,2.25,63,63,38,25,13,50,75,25,50,11.75,6.25,2.15,3.38,3.40,1.35,2.15,3.60,7.00,1.91,1.91,Arena do Grêmio
1685914200,Jun 04 2023 - 9:30pm,complete,N/A,Palmeiras,Coritiba,Felipe Fernandes de Lima,9,2.50,0.25,2.32,0.74,3,1,4,2,2,0,"30,34,73","83",11,5,4,0,5,0,0,4,1,4,15,7,9,5,6,2,15,13,51,49,2.25,1.07,2.04,1.06,3.38,88,100,75,38,25,38,88,63,100,13.25,6.75,1.23,6.05,13.00,1.20,1.74,2.50,4.33,2.63,1.44,Allianz Parque
1685914200,Jun 04 2023 - 9:30pm,complete,N/A,Goiás,Cuiabá,Marcelo de Lima Henrique,9,2.00,1.50,1.16,1.42,0,1,1,0,0,0,"","54",4,5,2,0,3,0,0,2,1,2,11,11,4,9,7,2,19,14,55,45,1.64,1.55,1.45,1.73,3.13,59,88,75,34,17,46,100,46,88,8.08,9.25,2.25,3.28,3.28,1.44,2.20,4.50,9.00,2.00,1.75,Estádio de Hailé Pinheiro
1686006000,Jun 05 2023 - 11:00pm,complete,N/A,Vasco da Gama,Flamengo,Braulio da Silva Machado,9,0.33,1.00,1.53,1.63,1,4,5,4,0,4,"58","14,16,42,45'2",4,0,2,0,0,0,1,1,0,0,13,10,6,6,7,4,13,18,45,55,1.88,1.71,1.62,1.27,2.84,67,67,67,33,17,50,84,17,67,12.34,5.67,4.00,3.60,1.85,1.30,1.95,3.50,6.50,1.80,1.95,N/A
1686423600,Jun 10 2023 - 7:00pm,complete,N/A,Coritiba,Santos,N/A,10,0.50,0.75,0.84,0.95,0,0,0,0,0,0,"","",8,3,3,0,1,1,0,3,0,2,15,6,8,4,7,2,15,18,46,54,1.65,1.21,1.92,0.87,2.13,50,75,38,0,0,13,88,25,75,10.00,5.25,2.50,3.20,2.70,1.56,2.25,5.00,10.00,2.20,1.62,Estádio Major Antônio Couto Pereira
1686432600,Jun 10 2023 - 9:30pm,complete,N/A,Corinthians,Cuiabá,N/A,10,2.00,1.80,1.47,1.42,1,1,2,0,0,0,"81","55",8,6,2,0,3,0,0,2,2,1,18,6,8,3,10,3,11,13,61,39,1.74,1.59,2.16,0.79,2.13,58,80,33,0,0,23,53,48,78,10.00,7.00,1.80,3.30,4.50,1.47,2.20,4.75,9.50,2.25,1.57,Arena Corinthians
1686432600,Jun 10 2023 - 9:30pm,complete,N/A,Atlético Mineiro,Bragantino,N/A,10,1.75,0.75,1.89,1.26,1,1,2,2,1,1,"17","35",7,2,2,0,3,0,0,2,2,1,11,5,8,4,3,1,8,14,61,39,1.80,1.50,1.71,0.86,2.88,88,100,50,13,13,38,75,50,88,11.25,6.25,1.67,3.60,5.00,1.42,1.97,4.33,8.50,2.05,1.70,Estádio Governador Magalhães Pinto
1686432600,Jun 10 2023 - 9:30pm,complete,N/A,Bahia,Cruzeiro,N/A,10,1.00,1.75,1.53,1.42,2,2,4,3,1,2,"18,66","30,45'1",6,5,5,0,1,0,2,3,0,1,10,15,6,9,4,6,15,9,47,53,1.96,1.64,1.40,1.79,3.25,75,100,75,38,13,50,88,50,75,10.75,5.50,2.25,3.30,3.00,1.36,2.15,3.75,7.50,1.80,1.95,Arena Fonte Nova
1686441600,Jun 11 2023 - 12:00am,complete,N/A,Botafogo,Fortaleza,Wilton Pereira Sampaio,10,3.00,1.25,1.95,1.11,2,0,2,1,1,0,"45'3,63","",7,3,3,0,3,0,2,1,2,1,17,9,11,4,6,5,16,12,55,45,1.89,1.85,2.23,1.00,2.10,35,78,45,0,0,23,53,35,75,9.75,4.90,2.38,3.30,3.10,1.33,2.10,3.60,7.00,1.91,1.91,Estádio Nilton Santos
1686492000,Jun 11 2023 - 2:00pm,complete,N/A,América Mineiro,Atlético PR,N/A,10,1.20,0.75,0.89,0.95,2,2,4,1,0,1,"76,90'6","9,48",7,3,2,0,4,0,1,1,0,4,18,10,13,5,5,5,19,10,51,49,1.64,1.24,2.36,1.22,2.63,33,100,53,10,0,10,68,65,90,9.35,6.50,2.60,3.25,2.70,1.33,1.94,3.55,6.90,1.91,1.91,Estádio Governador Magalhães Pinto
1686510000,Jun 11 2023 - 7:00pm,complete,N/A,São Paulo,Palmeiras,Raphael Claus,10,3.00,1.50,2.21,1.37,0,2,2,1,0,1,"","11,78",8,3,3,1,1,0,0,4,0,1,18,6,7,5,11,1,15,17,66,34,1.70,1.54,2.15,0.92,3.13,50,88,63,38,25,25,88,50,88,9.75,5.75,3.00,3.00,2.15,1.35,2.10,3.75,7.50,1.80,1.95,Morumbí
1686510000,Jun 11 2023 - 7:00pm,complete,N/A,Internacional,Vasco da Gama,Edina Alves Batista,10,2.25,1.00,1.68,0.84,2,1,3,3,2,1,"3,16","29",7,6,2,0,3,0,0,2,1,2,9,13,4,6,5,7,13,21,45,55,1.41,1.23,1.20,1.50,2.50,53,88,33,10,10,20,40,58,90,9.60,5.30,1.83,3.25,3.60,1.36,2.15,3.75,7.50,1.95,1.80,Estádio José Pinheiro Borda
1686519000,Jun 11 2023 - 9:30pm,complete,N/A,Flamengo,Grêmio,Savio Pereira Sampaio,10,2.00,1.50,1.84,1.26,3,0,3,1,1,0,"24,65,90'6","",3,7,0,0,3,0,0,0,0,3,12,21,5,9,7,12,20,17,53,47,2.10,1.23,1.45,2.47,2.80,58,78,58,23,23,58,78,33,90,10.55,5.95,1.50,3.85,5.32,1.18,1.73,2.60,5.20,1.80,1.95,N/A
1686519000,Jun 11 2023 - 9:30pm,complete,N/A,Goiás,Fluminense,Leandro Pedro Vuaden,10,1.50,1.20,1.16,0.68,2,2,4,2,1,1,"45,85","2,47",6,7,3,0,3,0,2,1,1,2,19,10,10,5,9,5,15,23,41,59,1.59,1.73,2.23,1.34,3.03,35,78,58,35,23,35,58,55,100,8.05,7.85,3.59,3.20,1.91,1.32,2.10,3.70,8.00,1.95,1.80,Estádio de Hailé Pinheiro
1687384800,Jun 21 2023 - 10:00pm,complete,22882,São Paulo,Atlético PR,Savio Pereira Sampaio,11,2.40,0.80,2.21,0.95,2,1,3,2,1,1,"19,47","11",4,4,3,0,2,0,0,3,1,1,9,13,6,6,3,7,15,11,56,44,1.79,1.24,1.26,1.51,2.90,40,100,50,20,10,10,90,60,100,10.20,6.40,1.83,3.40,4.75,1.36,2.15,3.75,7.50,2.00,1.75,Morumbí
1687384800,Jun 21 2023 - 10:00pm,complete,N/A,Cruzeiro,Fortaleza,Bruno Arleu de Araujo,11,1.20,1.00,1.05,1.11,0,1,1,0,0,0,"","80",5,2,4,0,4,0,2,2,2,2,9,7,4,3,5,4,9,12,68,32,2.00,1.68,1.27,0.87,1.80,30,60,30,0,0,10,60,30,60,14.20,6.60,1.91,3.40,4.20,1.38,2.00,4.00,8.00,1.80,1.95,Estádio Governador Magalhães Pinto
1687388400,Jun 21 2023 - 11:00pm,complete,N/A,Santos,Corinthians,Leandro Pedro Vuaden,11,1.80,0.00,1.32,1.16,0,2,2,2,0,2,"","19,28",5,2,2,0,4,0,1,1,4,0,10,10,5,5,5,5,17,14,50,50,1.54,1.12,1.36,1.17,2.30,40,70,50,20,10,50,60,40,70,9.20,5.20,2.30,3.00,3.40,1.50,3.10,4.50,11.00,2.38,1.53,Estádio Urbano Caldeira
1687393800,Jun 22 2023 - 12:30am,complete,N/A,Fluminense,Atlético Mineiro,Ramon Abatti,11,2.50,2.00,2.26,1.58,1,1,2,2,1,1,"45'1","35",3,5,2,0,4,0,0,2,1,3,9,12,5,7,4,5,19,20,49,51,1.78,1.44,1.12,1.55,2.13,35,80,33,10,0,23,90,10,80,13.40,7.70,2.63,3.10,2.75,1.38,2.20,4.00,8.00,1.91,1.91,Estádio Municipal General Raulino de Oliveira
1687393800,Jun 22 2023 - 12:30am,complete,N/A,Bahia,Palmeiras,Wilton Pereira Sampaio,11,1.00,1.80,1.53,1.37,1,0,1,0,0,0,"90'3","",6,8,4,0,3,0,2,2,1,2,9,10,4,4,5,6,17,16,46,54,1.85,1.42,1.26,1.19,3.10,70,90,60,50,20,50,90,20,80,10.00,6.20,3.80,3.40,2.00,1.33,1.95,3.60,7.00,1.80,1.95,Arena Fonte Nova
1687471200,Jun 22 2023 - 10:00pm,complete,N/A,Grêmio,América Mineiro,Edina Alves Batista,11,2.20,0.25,2.32,0.37,3,1,4,2,1,1,"40,61,69","25",10,2,0,0,2,1,0,0,2,1,21,6,10,3,11,3,10,11,72,28,1.79,1.42,2.82,0.80,3.15,55,80,68,45,23,55,90,45,70,9.45,6.25,1.65,4.00,5.25,1.22,1.75,2.80,5.70,1.80,1.95,Arena do Grêmio
1687474800,Jun 22 2023 - 11:00pm,complete,N/A,Vasco da Gama,Goiás,Jean Pierre Goncalves Lima,11,0.25,0.20,1.53,0.84,0,1,1,0,0,0,"","73",8,2,2,0,3,0,1,1,1,2,16,8,6,2,10,6,19,24,60,40,1.82,1.43,1.99,0.89,2.38,45,65,35,25,13,35,90,10,65,14.15,5.35,1.75,3.50,4.75,1.36,2.15,3.75,7.50,2.00,1.75,Estádio Club de Regatas Vasco da Gama
1687474800,Jun 22 2023 - 11:00pm,complete,N/A,Coritiba,Internacional,N/A,11,0.60,0.40,0.84,1.21,0,1,1,0,0,0,"","66",10,5,2,0,4,0,0,2,3,1,11,5,5,5,6,0,23,14,52,48,1.70,1.55,1.32,0.87,2.20,60,90,30,10,0,30,70,30,80,10.60,5.60,2.70,3.00,2.80,1.45,2.50,4.75,9.50,2.05,1.70,Estádio Major Antônio Couto Pereira
1687474800,Jun 22 2023 - 11:00pm,complete,N/A,Cuiabá,Botafogo,Flavio Rodrigues De Souza,11,0.50,1.50,1.26,1.42,0,1,1,0,0,0,"","60",6,2,2,0,2,0,0,2,1,1,18,5,10,4,8,1,11,13,53,47,1.24,1.31,2.27,0.88,2.88,75,88,63,25,13,50,88,38,88,9.50,5.75,2.60,3.00,3.00,1.42,2.50,4.33,8.50,2.05,1.70,Arena Pantanal
1687480200,Jun 23 2023 - 12:30am,complete,N/A,Bragantino,Flamengo,Anderson Daronco,11,2.00,1.50,2.00,1.63,4,0,4,1,1,0,"40,49,76,81","",17,2,0,0,0,0,0,0,0,0,25,6,14,0,11,6,2,5,60,40,1.85,1.60,3.17,0.60,3.40,70,100,80,35,25,48,88,33,100,8.50,6.00,3.10,3.25,2.30,1.28,1.95,3.25,6.00,1.70,2.05,Estádio Nabi Abi Chedid
1687633200,Jun 24 2023 - 7:00pm,complete,N/A,Atlético PR,Corinthians,Wagner do Nascimento Magalhaes,12,2.40,0.50,2.00,1.16,1,0,1,1,1,0,"36","",5,5,5,0,2,0,1,4,1,1,16,9,7,4,9,5,25,11,35,65,1.80,1.13,1.85,1.29,2.65,47,82,55,19,10,45,84,35,82,9.67,4.57,2.05,3.20,3.60,1.47,2.40,4.75,9.50,2.20,1.62,N/A
1687642200,Jun 24 2023 - 9:30pm,complete,N/A,Fluminense,Bahia,Savio Pereira Sampaio,12,2.20,0.80,2.26,0.79,2,1,3,1,0,1,"49,51","28",9,10,1,1,0,0,2,0,0,0,17,13,11,4,6,9,9,11,48,52,1.65,1.29,2.16,1.49,2.00,40,80,30,0,0,30,80,20,70,12.60,6.00,1.58,3.80,5.40,1.33,2.03,3.60,7.00,1.91,1.91,N/A
1687642200,Jun 24 2023 - 9:30pm,complete,N/A,Fortaleza,Atlético Mineiro,Leandro Pedro Vuaden,12,1.80,1.83,1.74,1.58,2,1,3,0,0,0,"54,62","87",3,8,1,0,1,1,0,1,0,2,6,14,4,5,2,9,10,13,42,58,1.93,1.45,0.87,1.50,2.00,37,64,27,19,10,27,52,39,55,12.13,6.17,2.39,3.20,2.88,1.36,2.38,3.70,7.50,1.95,1.80,Estádio Governador Plácido Aderaldo Castelo
1687651200,Jun 25 2023 - 12:00am,complete,N/A,Cruzeiro,São Paulo,Ramon Abatti,12,1.00,0.60,1.05,0.58,1,0,1,1,1,0,"3","",6,5,1,0,3,0,0,1,0,3,6,12,0,9,6,3,14,16,30,70,1.88,1.55,0.76,1.89,1.75,49,57,29,0,0,30,74,9,54,16.00,6.60,2.20,3.20,3.50,1.40,2.15,4.20,8.00,1.91,1.91,Estádio Governador Magalhães Pinto
1687719600,Jun 25 2023 - 7:00pm,complete,N/A,Palmeiras,Botafogo,Anderson Daronco,12,2.60,1.80,2.32,1.42,0,1,1,1,0,1,"","28",12,1,0,0,3,0,0,0,1,2,12,6,5,3,7,3,17,14,64,36,2.21,1.23,1.70,0.77,3.00,80,80,70,30,20,70,80,40,90,14.00,5.00,1.60,3.95,5.50,1.28,1.86,3.30,6.00,1.95,1.80,Allianz Parque
1687719600,Jun 25 2023 - 7:00pm,complete,37048,Grêmio,Coritiba,N/A,12,2.33,0.20,2.32,0.74,5,1,6,2,1,1,"34,48,54,66,84","41",8,5,2,0,4,1,1,1,3,2,13,16,9,8,4,8,10,17,50,50,1.96,1.07,1.79,1.82,3.30,74,84,74,55,19,44,92,65,75,10.00,7.30,1.45,4.40,7.00,1.28,1.89,3.25,6.00,1.95,1.80,Arena do Grêmio
1687728600,Jun 25 2023 - 9:30pm,complete,N/A,Santos,Flamengo,Wilton Pereira Sampaio,12,1.50,1.20,1.32,1.63,2,3,5,2,1,1,"40,52","22,50,57",2,7,2,0,1,0,1,1,0,1,11,6,7,5,4,1,14,11,33,67,1.51,1.40,1.33,1.40,3.00,57,84,67,39,29,64,74,29,67,7.37,4.77,3.80,3.35,1.97,1.36,2.12,3.75,7.50,1.95,1.80,Estádio Urbano Caldeira
1687728600,Jun 25 2023 - 9:30pm,complete,N/A,Bragantino,Goiás,N/A,12,2.17,0.67,2.00,0.84,2,0,2,2,2,0,"7,45'2","",10,4,2,0,2,0,0,2,1,1,15,2,7,0,8,2,17,23,60,40,2.07,1.34,1.87,0.29,2.42,33,84,42,17,0,17,84,34,92,13.50,6.00,1.45,4.40,7.00,1.28,1.83,3.25,6.00,1.95,1.80,Estádio Nabi Abi Chedid
1687728600,Jun 25 2023 - 9:30pm,complete,N/A,América Mineiro,Internacional,Flavio Rodrigues De Souza,12,1.17,0.83,0.89,1.21,1,2,3,1,1,0,"19","63,85",3,2,2,0,1,0,0,2,1,0,12,5,4,3,8,2,25,6,39,61,1.76,1.43,1.55,0.86,2.67,50,92,50,25,0,25,67,58,83,10.00,5.66,2.35,3.20,3.05,1.36,2.09,3.75,7.00,1.95,1.80,Estádio Raimundo Sampaio
1687824000,Jun 27 2023 - 12:00am,complete,N/A,Vasco da Gama,Cuiabá,N/A,12,0.20,1.67,1.53,1.42,1,0,1,0,0,0,"77","",4,6,6,0,3,0,1,5,0,3,7,10,3,4,4,6,18,13,48,52,1.85,1.45,1.03,1.22,2.20,45,54,37,20,10,29,74,17,72,11.33,6.43,2.25,3.20,3.40,1.42,2.35,4.25,8.60,2.00,1.75,Estádio Club de Regatas Vasco da Gama
1688238000,Jul 01 2023 - 7:00pm,complete,49153,São Paulo,Fluminense,Anderson Daronco,13,2.50,1.17,2.21,0.68,1,0,1,0,0,0,"87","",12,2,1,0,2,1,0,1,1,2,13,4,5,3,8,1,16,7,55,45,1.70,1.67,1.64,0.61,3.09,42,92,59,25,17,33,75,59,100,9.83,6.33,3.38,2.45,2.48,1.33,2.00,3.30,6.00,1.75,2.00,Morumbí
1688247000,Jul 01 2023 - 9:30pm,complete,N/A,Flamengo,Fortaleza,Savio Pereira Sampaio,13,2.17,1.33,1.84,1.11,2,0,2,1,1,0,"14,64","",5,4,2,0,0,0,1,1,0,0,8,11,5,7,3,4,13,14,60,40,1.99,1.55,1.24,1.50,2.25,33,75,42,9,9,25,58,42,75,9.33,4.66,2.02,3.18,3.34,1.28,1.76,3.12,5.90,1.75,2.00,N/A
1688247000,Jul 01 2023 - 9:30pm,complete,N/A,Bahia,Grêmio,Marcelo de Lima Henrique,13,1.33,1.20,1.53,1.26,1,2,3,2,1,1,"20","9,90'5",7,2,3,0,2,0,1,2,1,1,13,13,6,8,7,5,21,11,47,53,1.75,1.48,1.55,1.67,3.09,72,82,74,35,19,64,82,29,92,11.03,7.10,5.01,5.55,1.37,1.33,1.89,3.50,6.50,1.75,2.00,Arena Fonte Nova
1688256000,Jul 02 2023 - 12:00am,complete,N/A,Internacional,Cruzeiro,Wagner do Nascimento Magalhaes,13,2.40,1.60,1.68,1.42,0,0,0,0,0,0,"","",2,4,7,0,3,1,5,2,1,3,13,9,5,4,8,5,12,14,54,46,1.36,1.67,1.69,1.14,2.70,50,90,60,20,0,30,50,60,80,10.40,4.60,2.15,3.20,3.60,1.38,2.15,4.00,8.00,1.95,1.80,Estádio José Pinheiro Borda
1688306400,Jul 02 2023 - 2:00pm,complete,N/A,Corinthians,Bragantino,Edina Alves Batista,13,1.80,0.80,1.47,1.26,0,1,1,1,0,1,"","17",4,2,3,0,2,0,1,2,0,2,9,11,5,6,4,5,15,17,41,59,1.83,1.37,1.18,1.55,2.60,90,100,30,10,10,40,40,70,80,11.60,5.60,2.37,3.05,2.84,1.41,2.26,4.18,8.55,2.00,1.75,Arena Corinthians
1688324400,Jul 02 2023 - 7:00pm,complete,N/A,Botafogo,Vasco da Gama,Raphael Claus,13,3.00,0.83,1.95,0.84,2,0,2,0,0,0,"53,90'5","",4,8,2,0,5,0,1,1,2,3,12,11,7,5,5,6,10,15,58,42,1.95,1.28,1.69,1.33,2.59,50,92,42,9,9,34,83,25,84,10.16,5.33,1.76,3.45,4.20,1.38,2.11,4.00,8.00,2.05,1.70,Estádio Nilton Santos
1688324400,Jul 02 2023 - 7:00pm,complete,N/A,Atlético Mineiro,América Mineiro,Wilton Pereira Sampaio,13,1.60,0.20,1.89,0.37,2,2,4,2,2,0,"2,28","58,72",4,7,2,1,2,0,1,2,0,2,8,16,6,7,2,9,16,19,47,53,1.78,1.29,1.14,1.90,3.00,70,100,60,30,10,50,100,40,80,9.40,6.40,1.62,3.90,4.55,1.22,1.88,3.10,5.70,2.20,1.62,Estádio Governador Magalhães Pinto
1688324400,Jul 02 2023 - 7:00pm,complete,N/A,Atlético PR,Palmeiras,Jean Pierre Goncalves Lima,13,2.50,1.50,2.00,1.37,2,2,4,1,0,1,"67,72","22,57",7,2,4,0,1,1,1,3,1,1,22,9,6,6,16,3,20,9,54,46,1.81,1.38,2.18,1.21,2.42,42,67,42,25,17,25,84,17,75,9.83,5.66,3.45,2.98,2.13,1.33,2.14,3.53,6.55,1.80,1.95,N/A
1688333400,Jul 02 2023 - 9:30pm,complete,13477,Cuiabá,Santos,N/A,13,0.40,0.80,1.26,0.95,3,0,3,0,0,0,"53,75,86","",9,5,0,0,2,0,0,0,1,1,11,4,7,3,4,1,7,16,49,51,1.45,1.14,1.53,0.71,1.90,40,60,30,10,0,10,70,30,70,9.60,5.00,2.28,3.05,3.05,1.50,2.43,5.50,11.00,2.10,1.67,Arena Pantanal
1688425200,Jul 03 2023 - 11:00pm,complete,N/A,Goiás,Coritiba,Denis Ribeiro Serafim,13,1.40,0.17,1.16,0.74,1,2,3,2,0,2,"69","26,43",7,2,5,0,8,0,0,5,2,6,14,12,8,9,6,3,20,24,64,36,1.72,1.19,1.96,1.65,3.70,72,90,82,64,27,47,90,72,100,8.77,9.00,2.00,3.25,4.00,1.44,2.25,4.33,8.00,2.00,1.75,Estádio de Hailé Pinheiro
1688842800,Jul 08 2023 - 7:00pm,complete,N/A,Vasco da Gama,Cruzeiro,Savio Pereira Sampaio,14,0.67,1.50,1.53,1.42,0,1,1,1,0,1,"","45'4",4,6,2,0,3,0,1,1,0,3,9,7,2,6,7,1,7,18,56,44,1.71,1.58,1.17,1.11,2.42,42,58,50,33,9,33,67,25,67,11.33,5.67,2.82,3.15,2.33,1.37,2.17,3.95,8.25,1.95,1.80,Estádio Club de Regatas Vasco da Gama
1688842800,Jul 08 2023 - 7:00pm,complete,10149,Cuiabá,Bahia,Wagner do Nascimento Magalhaes,14,0.83,0.67,1.26,0.79,1,1,2,1,1,0,"18","51",5,5,2,0,3,0,1,1,1,2,9,5,7,4,2,1,12,13,41,59,1.46,1.33,1.34,0.91,2.25,42,75,50,9,0,17,59,50,84,12.00,4.66,2.20,3.10,3.10,1.39,2.30,4.10,8.00,2.10,1.67,Arena Pantanal
1688851800,Jul 08 2023 - 9:30pm,complete,N/A,Atlético Mineiro,Corinthians,N/A,14,1.50,0.43,1.89,1.16,0,1,1,1,0,1,"","40",10,2,3,0,2,0,1,2,0,2,15,6,7,3,8,3,15,7,60,40,1.68,1.16,1.88,0.81,2.48,56,86,47,16,0,47,86,38,69,10.04,5.31,1.59,3.47,5.52,1.42,2.21,4.60,10.50,2.25,1.57,Estádio Governador Magalhães Pinto
1688851800,Jul 08 2023 - 9:30pm,complete,N/A,Coritiba,América Mineiro,N/A,14,0.50,0.33,0.84,0.37,3,1,4,3,2,1,"40,44,90'6","8",7,8,5,0,3,0,1,4,3,0,11,11,8,5,3,6,16,20,43,57,1.64,1.39,1.47,1.47,2.75,59,84,58,34,9,42,75,42,92,10.66,5.83,2.44,3.16,2.68,1.36,2.18,3.75,7.50,1.91,1.91,Estádio Major Antônio Couto Pereira
1688860800,Jul 09 2023 - 12:00am,complete,N/A,Palmeiras,Flamengo,Ramon Abatti,14,2.17,1.50,2.32,1.63,1,1,2,1,1,0,"24","81",4,7,2,0,3,0,1,1,1,2,9,8,5,5,4,3,13,15,43,57,2.12,1.40,1.23,1.27,3.59,83,92,84,50,34,67,83,50,92,14.00,3.50,1.91,3.75,3.75,1.25,1.80,3.10,6.00,1.70,2.05,Allianz Parque
1688911200,Jul 09 2023 - 2:00pm,complete,N/A,Santos,Goiás,Bruno Arleu de Araujo,14,1.29,0.57,1.32,0.84,4,3,7,4,3,1,"16,30,45'1,90'4","40,61,81",8,13,6,1,2,1,1,6,0,3,12,14,7,6,5,8,17,19,34,66,1.49,1.19,1.55,1.73,2.15,36,71,29,15,15,50,71,22,57,10.00,5.57,1.88,3.30,4.70,1.50,2.44,4.80,11.00,2.20,1.62,Estádio Urbano Caldeira
1688929200,Jul 09 2023 - 7:00pm,complete,N/A,Fluminense,Internacional,Luiz Flavio De Oliveira,14,2.33,1.14,2.26,1.21,2,0,2,2,2,0,"25,40","",7,4,2,0,3,0,2,0,0,3,12,6,9,0,3,6,18,16,55,45,1.73,1.35,1.75,0.74,2.31,62,93,31,7,0,31,86,30,85,11.90,5.74,1.58,3.50,5.13,1.36,2.12,3.75,7.50,1.95,1.80,N/A
1688929200,Jul 09 2023 - 7:00pm,complete,N/A,Bragantino,São Paulo,Raphael Claus,14,2.29,0.50,2.00,0.58,0,0,0,0,0,0,"","",6,4,2,0,2,0,1,1,1,1,19,4,5,2,14,2,16,9,59,41,2.04,1.61,2.04,0.61,2.35,48,84,45,15,0,40,92,22,60,14.10,5.81,2.31,3.11,2.77,1.36,2.05,3.75,7.50,1.95,1.80,Estádio Nabi Abi Chedid
1688938200,Jul 09 2023 - 9:30pm,complete,N/A,Grêmio,Botafogo,Flavio Rodrigues De Souza,14,2.43,2.00,2.32,1.42,0,2,2,0,0,0,"","74,88",10,2,2,0,5,0,1,1,1,4,16,12,5,7,11,5,7,12,51,49,1.94,1.15,1.84,1.50,2.88,61,61,61,37,23,61,85,37,62,9.96,5.10,2.03,3.14,3.29,1.30,1.93,3.40,6.50,1.75,2.00,Arena do Grêmio
1688938200,Jul 09 2023 - 9:30pm,complete,N/A,Fortaleza,Atlético PR,N/A,14,2.00,0.67,1.74,0.95,1,0,1,0,0,0,"84","",7,2,3,0,3,0,1,2,0,3,16,9,7,3,9,6,9,18,53,47,1.75,1.28,1.98,0.99,2.42,50,84,42,17,9,17,50,59,84,10.50,5.16,1.78,3.15,4.23,1.38,2.01,4.00,8.00,2.00,1.75,Estádio Governador Plácido Aderaldo Castelo
1689465600,Jul 16 2023 - 12:00am,complete,N/A,Botafogo,Bragantino,Anderson Daronco,15,3.00,1.17,1.95,1.26,2,0,2,0,0,0,"48,60","",4,11,1,0,1,0,0,1,1,0,11,13,4,9,7,4,16,10,35,65,1.91,1.40,1.18,1.85,2.41,49,85,31,9,9,32,69,40,84,9.81,5.10,1.95,3.40,4.00,1.33,2.10,3.60,6.50,1.91,1.91,Estádio Nilton Santos
1689516000,Jul 16 2023 - 2:00pm,complete,N/A,Cruzeiro,Coritiba,Leandro Pedro Vuaden,15,1.29,0.57,1.05,0.74,0,0,0,0,0,0,"","",11,8,1,0,4,0,0,1,2,2,11,13,3,7,8,6,14,11,56,44,1.72,1.26,1.24,1.67,2.65,50,65,50,29,15,22,86,43,79,12.43,9.00,1.59,3.75,4.90,1.30,2.04,3.30,5.75,2.05,1.70,Estádio Governador Magalhães Pinto
1689534000,Jul 16 2023 - 7:00pm,complete,N/A,Fluminense,Flamengo,Savio Pereira Sampaio,15,2.43,1.43,2.26,1.63,0,0,0,0,0,0,"","",8,1,7,0,5,1,5,2,1,5,14,8,9,5,5,3,25,20,54,46,1.73,1.38,1.90,1.23,3.08,72,100,58,29,22,50,93,29,86,11.58,4.71,2.70,3.20,2.60,1.27,1.80,3.00,5.75,1.70,2.05,N/A
1689534000,Jul 16 2023 - 7:00pm,complete,N/A,São Paulo,Santos,Braulio da Silva Machado,15,2.57,0.67,2.21,0.95,4,1,5,2,2,0,"22,45'1,79,88","90'3",4,3,3,0,5,0,0,3,3,2,17,8,8,4,9,4,21,16,65,35,1.69,1.07,1.93,1.03,2.27,30,68,45,7,7,15,77,38,75,11.10,4.74,1.75,3.40,5.00,1.43,2.25,4.20,8.50,2.38,1.53,Morumbí
1689534000,Jul 16 2023 - 7:00pm,complete,N/A,Fortaleza,Cuiabá,N/A,15,2.14,1.43,1.74,1.42,0,1,1,1,0,1,"","19",10,0,5,0,4,0,2,3,2,2,16,7,7,2,9,5,17,17,69,31,1.79,1.42,2.01,0.79,1.93,43,57,29,7,7,14,36,43,79,10.86,5.71,1.55,3.90,6.00,1.36,2.10,3.82,7.50,2.10,1.67,Estádio Governador Plácido Aderaldo Castelo
1689543000,Jul 16 2023 - 9:30pm,complete,N/A,Internacional,Palmeiras,N/A,15,2.17,1.43,1.68,1.37,0,0,0,0,0,0,"","",4,7,1,0,3,0,1,0,2,1,9,11,5,6,4,5,18,13,47,53,1.42,1.36,1.29,1.49,2.20,38,69,38,22,7,16,44,40,77,9.26,5.88,3.20,3.20,2.30,1.37,2.10,3.95,7.70,1.95,1.80,Estádio José Pinheiro Borda
1689543000,Jul 16 2023 - 9:30pm,complete,17091,Atlético PR,Bahia,N/A,15,2.29,0.71,2.00,0.79,2,0,2,2,2,0,"24,35","",5,3,2,0,1,0,0,2,0,1,13,9,8,7,5,2,14,9,52,48,1.86,1.27,1.70,1.32,2.36,50,71,50,15,7,22,86,36,71,11.43,5.43,1.73,3.50,5.00,1.31,1.90,3.40,6.55,1.95,1.80,N/A
1689634800,Jul 17 2023 - 11:00pm,complete,N/A,Goiás,Atlético Mineiro,Raphael Claus,15,1.17,1.57,1.16,1.58,0,0,0,0,0,0,"","",6,4,5,0,4,1,1,4,0,5,12,4,4,2,8,2,16,14,39,61,1.76,1.46,1.38,0.69,2.74,55,77,63,32,9,48,77,40,79,10.71,8.17,4.20,3.50,1.95,1.44,2.10,4.50,9.50,1.95,1.80,Estádio de Hailé Pinheiro
1690052400,Jul 22 2023 - 7:00pm,complete,N/A,Flamengo,América Mineiro,N/A,16,2.29,0.29,1.84,0.37,1,1,2,0,0,0,"90'5","84",12,7,2,0,4,0,2,0,2,2,12,12,8,5,4,7,8,13,66,34,1.88,1.40,1.49,1.21,3.14,50,93,65,43,14,50,93,50,93,10.15,4.86,1.36,5.00,7.50,1.20,1.67,2.50,4.33,1.95,1.80,N/A
1690052400,Jul 22 2023 - 7:00pm,complete,39699,Palmeiras,Fortaleza,N/A,16,2.00,1.14,2.32,1.11,3,1,4,2,1,1,"8,76,90'6","45",4,3,3,0,6,0,0,3,2,4,14,10,8,7,6,3,17,28,65,35,1.99,1.54,1.57,1.25,2.36,58,79,43,15,7,36,65,36,79,13.29,4.43,1.40,4.50,8.00,1.28,1.73,3.24,6.05,1.95,1.80,Allianz Parque
1690061400,Jul 22 2023 - 9:30pm,complete,N/A,Bahia,Corinthians,N/A,16,1.14,0.75,1.53,1.16,0,0,0,0,0,0,"","",11,5,3,0,2,0,0,3,0,2,14,3,6,2,8,1,13,20,60,40,1.72,1.11,1.87,0.54,2.64,56,75,55,28,7,55,81,26,75,10.38,5.56,2.17,3.05,3.20,1.50,2.51,4.50,9.00,2.05,1.70,Arena Fonte Nova
1690061400,Jul 22 2023 - 9:30pm,complete,N/A,Cuiabá,São Paulo,N/A,16,0.86,0.57,1.26,0.58,2,1,3,0,0,0,"66,78","90'9",2,4,2,0,5,0,0,2,1,4,12,11,7,4,5,7,9,17,29,71,1.44,1.46,1.46,1.27,2.00,57,72,36,7,0,29,64,22,65,11.86,4.86,2.63,2.98,2.60,1.50,2.53,4.75,10.00,2.10,1.67,Arena Pantanal
1690070400,Jul 23 2023 - 12:00am,complete,37085,Grêmio,Atlético Mineiro,Luiz Flavio De Oliveira,16,2.13,1.50,2.32,1.58,1,0,1,1,1,0,"11","",3,8,3,0,4,0,1,2,1,3,5,12,3,5,2,7,7,15,38,62,1.92,1.36,0.79,1.57,2.57,51,69,51,32,13,44,69,44,57,12.25,6.63,2.25,3.30,3.30,1.38,2.20,4.00,8.00,1.91,1.91,Arena do Grêmio
1690138800,Jul 23 2023 - 7:00pm,complete,N/A,Santos,Botafogo,Ramon Abatti,16,1.50,2.14,1.32,1.42,2,2,4,1,1,0,"24,81","84,87",2,8,4,0,3,0,0,4,0,3,6,14,3,8,3,6,23,20,37,63,1.49,1.20,0.82,1.77,2.65,47,66,47,26,26,59,73,34,61,7.81,6.63,2.87,2.87,2.55,1.50,2.50,4.20,9.50,2.20,1.62,Estádio Urbano Caldeira
1690138800,Jul 23 2023 - 7:00pm,complete,N/A,Bragantino,Internacional,N/A,16,2.13,1.00,2.00,1.21,0,0,0,0,0,0,"","",13,4,3,0,2,0,1,2,0,2,15,8,5,6,10,2,15,14,55,45,2.04,1.28,1.75,1.17,2.38,38,88,38,19,0,32,82,38,75,11.75,5.63,1.80,3.25,4.50,1.35,2.15,3.72,7.30,2.05,1.70,Estádio Nabi Abi Chedid
1690138800,Jul 23 2023 - 7:00pm,complete,N/A,Cruzeiro,Goiás,Caio Max Augusto Vieira,16,1.25,0.50,1.05,0.84,0,1,1,1,0,1,"","28",13,1,5,0,5,0,1,4,1,4,10,7,2,3,8,4,8,20,69,31,1.66,1.25,1.45,0.95,1.88,26,50,19,7,7,19,69,19,63,15.88,6.00,1.70,3.40,5.00,1.38,2.10,4.00,8.00,2.05,1.70,Estádio Governador Magalhães Pinto
1690147800,Jul 23 2023 - 9:30pm,complete,N/A,Vasco da Gama,Atlético PR,N/A,16,0.57,0.57,1.53,0.95,0,2,2,0,0,0,"","71,80",8,2,2,0,3,1,1,1,1,3,13,9,3,3,10,6,19,21,56,44,1.64,1.24,1.51,1.02,2.22,36,58,36,22,7,22,71,22,79,10.14,6.29,2.55,2.90,2.80,1.42,2.35,4.30,8.40,1.95,1.80,Estádio Club de Regatas Vasco da Gama
1690236000,Jul 24 2023 - 10:00pm,complete,N/A,Coritiba,Fluminense,Flavio Rodrigues De Souza,16,0.86,1.00,0.84,0.68,2,0,2,2,2,0,"24,28","",7,11,2,0,1,0,1,1,0,1,10,13,6,4,4,9,15,7,27,73,1.61,1.52,1.28,1.78,2.43,43,71,43,22,7,29,50,36,93,10.43,6.57,3.40,3.10,2.25,1.33,2.30,3.90,8.00,1.95,1.80,Estádio Major Antônio Couto Pereira
1690657200,Jul 29 2023 - 7:00pm,complete,N/A,Fluminense,Santos,N/A,17,2.25,0.57,2.26,0.95,1,0,1,0,0,0,"77","",6,2,6,0,6,0,4,2,2,4,15,4,10,0,5,4,18,20,72,28,1.76,1.06,2.17,0.39,2.07,40,73,34,7,7,26,80,28,60,11.81,6.07,1.50,4.20,6.50,1.38,2.10,4.00,8.00,2.20,1.62,N/A
1690657200,Jul 29 2023 - 7:00pm,complete,N/A,Internacional,Cuiabá,N/A,17,2.00,1.63,1.68,1.42,1,2,3,2,1,1,"16","44,88",7,5,4,1,2,0,1,4,0,2,12,10,5,6,7,4,14,11,69,31,1.40,1.34,1.59,1.27,1.66,34,54,27,0,0,14,39,34,66,8.71,6.61,1.85,3.50,4.33,1.44,2.75,5.00,10.25,2.25,1.57,Estádio José Pinheiro Borda
1690657200,Jul 29 2023 - 7:00pm,complete,N/A,Atlético PR,Cruzeiro,N/A,17,2.38,1.71,2.00,1.42,3,3,6,3,1,2,"41,78,87","8,37,82",7,5,1,0,4,0,1,0,1,3,13,11,7,6,6,5,16,23,53,47,1.84,1.52,1.54,1.52,2.53,47,73,54,27,7,34,86,34,60,10.25,5.45,2.05,3.25,3.80,1.42,2.20,4.22,8.55,2.00,1.75,N/A
1690666200,Jul 29 2023 - 9:30pm,complete,N/A,Corinthians,Vasco da Gama,Leandro Pedro Vuaden,17,1.50,0.71,1.47,0.84,3,1,4,1,1,0,"19,62,73","71",0,6,2,0,0,0,1,1,0,0,10,19,7,6,3,13,12,11,55,45,1.72,1.28,1.48,2.02,2.43,69,92,30,7,7,30,52,55,69,11.29,5.97,1.80,3.05,4.15,1.50,2.40,4.88,10.00,2.38,1.53,Arena Corinthians
1690666200,Jul 29 2023 - 9:30pm,complete,N/A,Fortaleza,Bragantino,N/A,17,1.88,1.00,1.74,1.26,0,3,3,1,0,1,"","23,69,90'2",2,9,2,0,3,0,0,2,2,1,7,15,3,12,4,3,16,24,46,54,1.81,1.47,0.93,2.18,2.23,55,68,27,14,14,28,41,54,67,12.32,4.81,1.86,3.15,3.75,1.33,2.10,3.60,7.00,1.91,1.91,Estádio Governador Plácido Aderaldo Castelo
1690675200,Jul 30 2023 - 12:00am,complete,N/A,Atlético Mineiro,Flamengo,Flavio Rodrigues De Souza,17,1.29,1.38,1.89,1.63,1,2,3,1,1,0,"33","80,87",7,2,3,0,5,0,3,0,2,3,17,7,6,6,11,1,21,14,39,61,1.70,1.36,1.55,1.04,2.91,73,87,59,32,19,47,88,34,73,9.88,5.52,1.95,3.40,4.20,1.34,2.20,3.70,7.20,1.95,1.80,Estádio Governador Magalhães Pinto
1690725600,Jul 30 2023 - 2:00pm,complete,56078,São Paulo,Bahia,Ramon Abatti,17,2.63,0.63,2.21,0.79,0,0,0,0,0,0,"","",10,5,0,0,4,0,0,0,3,1,15,11,12,3,3,8,14,14,63,37,1.72,1.27,2.30,1.08,2.57,44,82,51,13,13,32,82,44,82,11.88,4.88,1.60,3.80,6.25,1.33,1.84,3.60,7.00,2.00,1.75,Morumbí
1690743600,Jul 30 2023 - 7:00pm,complete,N/A,Botafogo,Coritiba,N/A,17,3.00,0.63,1.95,0.74,4,1,5,4,3,1,"3,36,45'3,51","9",7,3,1,0,3,0,0,1,3,0,11,10,8,6,3,4,14,12,57,43,1.82,1.31,1.63,1.26,2.76,44,88,50,25,13,26,76,51,94,9.38,7.50,1.57,3.75,6.00,1.36,2.10,3.75,7.50,2.05,1.70,Estádio Nilton Santos
1690743600,Jul 30 2023 - 7:00pm,complete,N/A,América Mineiro,Palmeiras,Braulio da Silva Machado,17,1.00,1.38,0.89,1.37,1,4,5,3,1,2,"38","18,26,53,59",5,4,2,0,1,0,1,1,1,0,12,10,8,8,4,2,13,12,49,51,1.73,1.37,1.75,1.47,2.70,48,82,62,34,7,14,67,56,81,9.46,5.46,3.25,3.40,2.20,1.33,2.10,3.55,6.95,1.91,1.91,Estádio Raimundo Sampaio
1690752600,Jul 30 2023 - 9:30pm,complete,N/A,Goiás,Grêmio,N/A,17,1.14,1.50,1.16,1.26,1,1,2,0,0,0,"77","90'3",6,5,4,0,2,0,0,4,1,1,11,7,3,3,8,4,20,11,45,55,1.70,1.51,1.25,0.98,2.93,62,77,77,30,16,62,77,38,93,9.81,7.62,3.30,3.40,2.10,1.35,2.08,3.75,7.57,1.80,1.95,Estádio de Hailé Pinheiro
1691262000,Aug 05 2023 - 7:00pm,complete,N/A,Santos,Atlético PR,N/A,18,1.44,0.88,1.32,0.95,1,1,2,1,0,1,"90'6","30",3,3,3,0,2,0,0,3,0,2,6,5,4,3,2,2,19,27,64,36,1.42,1.21,1.09,0.70,2.75,47,83,47,29,17,40,71,47,78,7.86,7.17,2.25,3.10,3.50,1.50,2.75,4.33,8.60,2.10,1.67,Estádio Urbano Caldeira
1691271000,Aug 05 2023 - 9:30pm,complete,N/A,Goiás,Fortaleza,Leandro Pedro Vuaden,18,1.13,1.00,1.16,1.11,1,0,1,0,0,0,"53","",5,2,1,0,3,0,1,0,1,2,8,9,5,7,3,2,15,10,36,64,1.65,1.50,1.20,1.54,2.44,51,75,51,26,7,38,57,44,82,9.13,7.13,2.85,3.20,2.45,1.40,2.12,4.20,8.00,1.95,1.80,Estádio de Hailé Pinheiro
1691271000,Aug 05 2023 - 9:30pm,complete,N/A,Internacional,Corinthians,Wagner do Nascimento Magalhaes,18,1.75,0.78,1.68,1.16,2,2,4,2,1,1,"17,90'9","13,86",1,4,4,1,3,0,1,4,1,2,11,9,5,4,6,5,18,7,55,45,1.42,1.05,1.44,1.09,1.82,30,60,36,6,0,29,46,36,60,9.44,5.24,2.30,3.05,3.20,1.53,2.55,5.00,10.00,2.20,1.62,Estádio José Pinheiro Borda
1691280000,Aug 06 2023 - 12:00am,complete,N/A,Fluminense,Palmeiras,Ramon Abatti,18,2.33,1.56,2.26,1.37,2,1,3,1,1,0,"15,59","90'6",0,8,5,1,2,0,1,5,1,1,9,13,6,6,3,7,17,20,55,45,1.80,1.38,1.13,1.70,2.23,44,73,33,22,11,28,73,22,73,11.89,6.34,2.55,3.25,2.90,1.35,2.30,3.75,7.50,1.95,1.80,N/A
1691348400,Aug 06 2023 - 7:00pm,complete,N/A,Vasco da Gama,Grêmio,Luiz Flavio De Oliveira,18,0.50,1.43,1.53,1.26,1,0,1,0,0,0,"80","",5,7,1,0,1,0,0,1,1,0,10,9,6,5,4,4,19,17,53,47,1.62,1.43,1.34,1.41,2.43,48,62,48,20,14,41,67,28,82,11.09,6.02,2.70,3.25,2.63,1.33,2.20,3.40,6.00,1.80,1.95,Estádio Club de Regatas Vasco da Gama
1691348400,Aug 06 2023 - 7:00pm,complete,N/A,São Paulo,Atlético Mineiro,N/A,18,2.44,1.33,2.21,1.58,0,2,2,1,0,1,"","4,69",9,3,6,0,5,0,2,4,1,4,13,6,4,3,9,3,16,17,68,32,1.79,1.39,1.68,0.76,2.28,39,67,45,17,11,28,73,33,67,12.34,6.55,2.15,3.20,3.75,1.50,2.50,4.75,9.50,2.05,1.70,Morumbí
1691357400,Aug 06 2023 - 9:30pm,complete,N/A,Cruzeiro,Botafogo,Raphael Claus,18,1.11,2.00,1.05,1.42,0,0,0,0,0,0,"","",8,1,1,0,2,0,0,1,1,1,11,2,5,2,6,0,17,7,67,33,1.63,1.27,1.46,0.37,1.86,31,43,31,13,7,19,71,25,60,13.33,6.44,2.46,3.20,3.02,1.38,2.27,4.00,7.80,1.95,1.80,Estádio Governador Magalhães Pinto
1691357400,Aug 06 2023 - 9:30pm,complete,N/A,Coritiba,Bragantino,N/A,18,1.13,1.25,0.84,1.26,0,1,1,1,0,1,"","19",3,4,3,0,5,0,2,1,3,2,7,9,2,3,5,6,21,22,50,50,1.57,1.56,0.97,1.13,2.38,57,82,38,13,7,38,63,38,75,12.50,5.50,2.87,3.38,2.47,1.30,2.06,3.40,6.45,1.80,1.95,Estádio Major Antônio Couto Pereira
1691357400,Aug 06 2023 - 9:30pm,complete,N/A,Bahia,América Mineiro,N/A,18,1.13,0.38,1.53,0.37,3,1,4,1,1,0,"26,60,69","52",7,2,4,0,4,1,0,4,1,4,16,9,8,6,8,3,20,19,66,34,1.74,1.38,2.02,1.14,3.13,75,88,69,51,13,63,82,38,88,11.76,6.51,1.96,3.56,3.88,1.26,1.88,3.08,5.70,1.80,1.95,Arena Fonte Nova
1691362800,Aug 06 2023 - 11:00pm,complete,N/A,Cuiabá,Flamengo,Anderson Daronco,18,1.13,1.56,1.26,1.63,3,0,3,0,0,0,"46,54,80","",10,6,2,0,0,0,0,2,0,0,14,8,7,6,7,2,9,9,37,63,1.45,1.33,1.70,1.56,2.92,71,89,64,29,17,29,64,47,95,8.80,4.92,3.10,3.00,2.50,1.38,2.50,4.00,7.80,2.00,1.75,Arena Pantanal
1691884800,Aug 13 2023 - 12:00am,complete,N/A,Botafogo,Internacional,Flavio Rodrigues De Souza,19,3.00,1.00,1.95,1.21,3,1,4,1,0,1,"55,58,73","18",7,3,4,0,3,0,0,4,0,3,16,10,11,6,5,4,15,10,50,50,1.80,1.26,2.16,1.22,2.22,33,84,28,11,6,28,67,33,84,9.66,4.67,2.20,3.20,3.50,1.50,2.63,4.33,8.00,2.10,1.67,Estádio Nilton Santos
1691935200,Aug 13 2023 - 2:00pm,complete,N/A,Atlético Mineiro,Bahia,Savio Pereira Sampaio,19,1.13,0.67,1.89,0.79,1,0,1,0,0,0,"49","",2,9,2,0,1,1,2,0,0,2,12,11,5,6,7,5,15,12,39,61,1.69,1.25,1.32,1.61,2.14,54,78,42,7,0,30,84,36,60,11.80,5.57,1.57,3.75,6.50,1.30,2.10,3.50,6.50,2.05,1.70,Estádio Governador Magalhães Pinto
1691953200,Aug 13 2023 - 7:00pm,complete,N/A,Corinthians,Coritiba,Ramon Abatti,19,1.71,0.56,1.47,0.74,3,1,4,1,0,1,"51,54,67","28",4,2,2,0,2,0,1,1,1,1,17,10,10,5,7,5,17,13,54,46,1.68,1.31,2.07,1.22,2.93,75,88,54,35,17,29,66,64,80,9.36,7.71,1.70,3.60,5.25,1.51,2.38,4.75,9.50,2.20,1.62,Arena Corinthians
1691953200,Aug 13 2023 - 7:00pm,complete,N/A,Grêmio,Fluminense,N/A,19,2.22,0.88,2.32,0.68,2,1,3,3,2,1,"25,45'1","19",3,8,3,0,4,0,1,2,2,2,12,17,6,8,6,9,11,7,29,71,1.80,1.55,1.43,2.06,2.82,41,71,47,35,18,47,64,53,72,11.21,5.57,2.15,3.40,3.40,1.33,1.91,3.60,7.00,1.75,2.00,Arena do Grêmio
1691953200,Aug 13 2023 - 7:00pm,complete,N/A,América Mineiro,Goiás,Luiz Flavio De Oliveira,19,0.88,0.78,0.89,0.84,0,1,1,1,0,1,"","34",7,3,0,1,1,0,0,1,0,1,9,9,4,4,5,5,12,12,66,34,1.73,1.22,1.43,1.09,2.86,48,84,55,25,12,29,77,55,78,11.08,5.63,1.91,3.50,4.00,1.30,2.20,3.70,7.00,2.00,1.75,Estádio Raimundo Sampaio
1691962200,Aug 13 2023 - 9:30pm,complete,N/A,Flamengo,São Paulo,N/A,19,2.13,0.50,1.84,0.58,1,1,2,1,0,1,"90'6","38",8,2,2,0,6,0,1,1,1,5,15,7,8,2,7,5,13,15,54,46,1.83,1.44,2.11,0.78,2.13,51,76,38,7,7,32,69,32,63,12.13,4.76,1.62,4.00,7.20,1.36,1.90,4.00,7.50,1.95,1.80,N/A
1691962200,Aug 13 2023 - 9:30pm,complete,N/A,Fortaleza,Santos,N/A,19,1.67,0.50,1.74,0.95,4,0,4,0,0,0,"58,80,83,90'1","",10,6,2,0,1,0,2,0,1,0,20,6,11,4,9,2,19,20,54,46,1.72,0.98,2.43,0.91,2.00,29,53,36,12,12,12,48,47,65,10.35,5.33,1.70,3.60,5.40,1.42,2.15,4.33,8.50,2.25,1.57,Estádio Governador Plácido Aderaldo Castelo
1692050400,Aug 14 2023 - 10:00pm,complete,N/A,Palmeiras,Cruzeiro,Wagner do Nascimento Magalhaes,19,2.13,1.63,2.32,1.42,1,0,1,0,0,0,"90'6","",3,5,2,0,3,0,1,1,0,3,12,11,5,6,7,5,13,26,52,48,1.94,1.52,1.41,1.33,2.94,69,82,63,38,13,51,82,50,76,13.63,4.88,1.57,4.00,6.00,1.36,2.00,3.40,6.50,2.05,1.70,Allianz Parque
1692057600,Aug 15 2023 - 12:00am,complete,N/A,Bragantino,Vasco da Gama,Anderson Daronco,19,2.00,0.63,2.00,0.84,1,1,2,2,1,1,"45'8","32",7,6,3,0,5,0,1,2,2,3,19,7,8,5,11,2,11,15,64,36,2.01,1.37,2.31,1.02,2.61,49,89,47,24,7,30,77,42,71,13.27,5.75,1.70,3.50,5.75,1.36,2.10,3.40,6.00,1.95,1.80,Estádio Nabi Abi Chedid
1692140400,Aug 15 2023 - 11:00pm,complete,N/A,Atlético PR,Cuiabá,N/A,19,2.22,1.78,2.00,1.42,2,0,2,1,1,0,"45,82","",5,3,5,0,3,0,3,2,2,1,11,10,7,2,4,8,22,12,54,46,1.81,1.33,1.49,1.03,2.45,50,67,45,17,11,33,84,28,73,9.55,6.23,1.95,3.30,4.33,1.50,2.50,4.50,9.00,2.20,1.62,N/A
1692471600,Aug 19 2023 - 7:00pm,complete,N/A,São Paulo,Botafogo,Ramon Abatti,20,2.20,1.89,2.21,1.42,0,0,0,0,0,0,"","",5,2,4,0,2,0,0,4,1,1,14,9,5,2,9,7,12,9,64,36,1.78,1.17,1.53,1.00,2.46,42,68,47,21,16,32,74,37,79,10.47,5.59,2.05,3.50,3.60,1.40,2.30,4.20,8.50,2.05,1.70,Morumbí
1692471600,Aug 19 2023 - 7:00pm,complete,N/A,Internacional,Fortaleza,N/A,20,1.67,0.89,1.68,1.11,0,1,1,1,0,1,"","13",10,6,4,0,5,0,2,2,3,2,16,8,6,4,10,4,14,12,76,24,1.43,1.51,1.87,1.03,2.00,39,67,39,11,0,28,39,39,73,8.23,6.22,2.25,3.20,3.25,1.44,2.50,4.50,9.00,2.05,1.70,Estádio José Pinheiro Borda
1692480600,Aug 19 2023 - 9:30pm,complete,35562,Fluminense,América Mineiro,Flavio Rodrigues De Souza,20,2.40,0.33,2.26,0.37,3,1,4,0,0,0,"58,65,89","52",7,1,1,0,1,0,0,1,0,1,15,11,6,4,9,7,7,12,72,28,1.73,1.35,1.82,1.17,2.78,64,90,54,34,6,43,85,44,85,11.28,7.33,1.46,4.30,6.10,1.28,1.92,3.30,6.00,1.95,1.80,N/A
1692480600,Aug 19 2023 - 9:30pm,complete,19115,Cuiabá,Palmeiras,N/A,20,1.33,1.40,1.26,1.37,0,2,2,1,0,1,"","31,66",9,2,2,0,6,0,1,1,4,2,10,14,4,6,6,8,17,18,52,48,1.47,1.42,1.39,1.61,2.58,53,80,53,26,10,16,57,48,90,10.67,4.72,2.98,3.10,2.38,1.50,2.29,5.00,10.00,2.10,1.67,Arena Pantanal
1692489600,Aug 20 2023 - 12:00am,complete,N/A,Cruzeiro,Corinthians,N/A,20,1.10,0.80,1.05,1.16,1,1,2,1,1,0,"45","90'8",10,3,3,0,3,0,1,2,1,2,17,5,9,3,8,2,17,12,46,54,1.62,1.05,2.04,0.86,1.60,20,40,25,10,0,20,65,25,50,13.60,5.40,1.85,3.60,4.33,1.48,2.50,4.70,9.60,2.25,1.57,Estádio Governador Magalhães Pinto
1692540000,Aug 20 2023 - 2:00pm,complete,N/A,Vasco da Gama,Atlético Mineiro,Braulio da Silva Machado,20,0.78,1.50,1.53,1.58,1,0,1,1,1,0,"5","",3,7,6,0,3,0,1,5,1,2,13,10,4,6,9,4,20,14,41,59,1.59,1.32,1.42,1.39,1.85,26,47,26,16,6,21,63,16,59,11.72,6.97,2.55,3.20,2.80,1.47,2.63,4.75,9.50,2.20,1.62,Estádio Club de Regatas Vasco da Gama
1692558000,Aug 20 2023 - 7:00pm,complete,N/A,Santos,Grêmio,N/A,20,1.40,1.25,1.32,1.26,2,1,3,0,0,0,"63,90","46",9,4,6,0,5,1,1,5,2,4,16,6,8,4,8,2,16,21,55,45,1.39,1.43,2.02,0.93,2.82,62,78,57,27,22,55,72,39,80,9.00,6.48,2.63,3.25,2.63,1.44,2.30,4.50,9.50,1.95,1.80,Estádio Urbano Caldeira
1692558000,Aug 20 2023 - 7:00pm,complete,N/A,Coritiba,Flamengo,Raphael Claus,20,1.00,1.40,0.84,1.63,2,3,5,3,1,2,"15,46","19,31,90'4",4,5,3,0,3,0,1,2,1,2,12,14,5,6,7,8,10,10,38,62,1.51,1.35,1.39,1.63,2.65,57,79,57,26,15,37,69,31,79,10.01,5.40,3.60,3.40,2.10,1.33,2.00,3.60,6.50,1.80,1.95,Estádio Major Antônio Couto Pereira
1692558000,Aug 20 2023 - 7:00pm,complete,N/A,Bahia,Bragantino,N/A,20,1.33,1.44,1.53,1.26,4,0,4,2,2,0,"9,38,60,84","",4,7,2,0,5,0,1,1,3,2,9,10,6,8,3,2,11,18,48,52,1.77,1.51,1.21,1.56,2.67,67,78,50,28,11,45,73,39,73,12.45,6.22,2.50,3.20,3.00,1.33,2.10,3.60,6.50,1.80,1.95,Arena Fonte Nova
1692658800,Aug 21 2023 - 11:00pm,complete,N/A,Goiás,Atlético PR,Marcelo de Lima Henrique,20,1.33,0.89,1.16,0.95,1,1,2,1,0,1,"81","39",4,7,2,0,4,0,0,2,1,3,12,12,4,6,8,6,15,16,46,54,1.60,1.16,1.34,1.48,2.45,50,78,45,22,6,28,62,44,95,8.89,7.22,2.75,3.20,2.63,1.42,2.63,4.90,9.50,2.10,1.67,Estádio de Hailé Pinheiro
1693085400,Aug 26 2023 - 9:30pm,complete,58592,Flamengo,Internacional,Edina Alves Batista,21,2.00,0.90,1.84,1.21,0,0,0,0,0,0,"","",6,3,2,0,4,0,1,1,2,2,10,4,6,2,4,2,14,20,59,41,1.86,1.26,1.45,0.59,2.32,47,85,32,16,6,26,74,42,80,10.63,4.49,1.45,4.20,7.50,1.28,1.91,3.30,6.50,2.05,1.70,N/A
1693094400,Aug 27 2023 - 12:00am,complete,37316,Corinthians,Goiás,N/A,21,1.88,1.00,1.47,0.84,1,1,2,0,0,0,"82","59",7,6,3,0,1,0,1,2,0,1,11,14,8,6,3,8,15,15,65,35,1.73,1.21,1.83,1.59,2.35,53,74,29,18,5,22,65,48,68,11.00,5.43,2.05,3.25,3.75,1.51,2.75,5.00,10.00,2.25,1.57,Arena Corinthians
1693144800,Aug 27 2023 - 2:00pm,complete,N/A,Bragantino,Cuiabá,N/A,21,1.90,1.60,2.00,1.42,2,0,2,0,0,0,"55,83","",11,4,4,0,3,0,2,2,1,2,7,6,5,4,2,2,21,14,64,36,2.04,1.30,1.46,0.86,2.05,35,70,35,10,0,25,75,25,70,11.80,6.50,1.75,3.50,4.75,1.38,2.20,3.92,7.85,2.05,1.70,Estádio Nabi Abi Chedid
1693162800,Aug 27 2023 - 7:00pm,complete,N/A,Botafogo,Bahia,Flavio Rodrigues De Souza,21,3.00,0.60,1.95,0.79,3,0,3,1,1,0,"4,52,76","",4,7,2,0,3,0,1,1,2,1,10,11,6,7,4,4,14,10,44,56,1.84,1.29,1.29,1.57,2.15,30,75,35,10,5,20,65,35,80,11.40,4.80,1.85,3.60,4.20,1.32,2.00,3.48,6.75,1.91,1.91,Estádio Nilton Santos
1693162800,Aug 27 2023 - 7:00pm,complete,N/A,Atlético Mineiro,Santos,N/A,21,1.33,0.44,1.89,0.95,2,0,2,1,1,0,"12,67","",5,2,5,0,2,0,2,3,0,2,14,10,7,0,7,10,22,12,56,44,1.64,0.97,1.76,0.84,2.28,45,67,44,17,6,22,73,39,67,10.00,5.78,1.57,3.60,7.00,1.41,2.30,4.25,8.30,2.25,1.57,Estádio Governador Magalhães Pinto
1693162800,Aug 27 2023 - 7:00pm,complete,N/A,América Mineiro,São Paulo,N/A,21,0.78,0.56,0.89,0.58,2,1,3,0,0,0,"61,90","81",4,6,5,2,1,1,2,5,1,1,8,11,5,6,3,5,21,9,26,74,1.70,1.37,1.12,1.55,2.45,62,78,56,17,6,28,73,45,61,10.56,5.78,2.90,3.25,2.50,1.41,2.10,4.13,8.35,1.80,1.95,Estádio Raimundo Sampaio
1693171800,Aug 27 2023 - 9:30pm,complete,40292,Palmeiras,Vasco da Gama,Wilton Pereira Sampaio,21,2.22,0.67,2.32,0.84,1,0,1,0,0,0,"65","",9,2,2,0,3,0,0,2,0,3,14,6,6,4,8,2,20,14,55,45,1.88,1.34,1.75,0.90,2.84,78,89,50,28,11,50,78,44,78,13.44,5.11,1.50,4.00,6.50,1.30,2.05,3.30,5.75,2.00,1.75,Allianz Parque
1693171800,Aug 27 2023 - 9:30pm,complete,N/A,Atlético PR,Fluminense,Raphael Claus,21,2.30,0.78,2.00,0.68,2,2,4,1,1,0,"13,90'3","76,87",2,7,3,1,3,0,4,0,2,1,9,16,5,11,4,5,9,15,28,72,1.78,1.61,1.06,2.35,2.79,42,79,47,26,16,42,78,37,74,10.62,6.12,2.50,3.25,2.75,1.39,2.28,4.00,8.05,2.00,1.75,N/A
1693171800,Aug 27 2023 - 9:30pm,complete,N/A,Fortaleza,Coritiba,N/A,21,1.80,0.50,1.74,0.74,3,1,4,2,2,0,"42,45'4,60","68",2,3,3,0,6,0,0,3,4,2,10,8,7,3,3,5,22,22,53,47,1.79,1.30,1.41,0.92,2.90,55,75,60,40,20,25,60,60,80,10.60,7.00,1.62,3.60,5.50,1.31,2.08,3.40,6.50,2.00,1.75,Estádio Municipal Presidente Getúlio Vargas
1693173600,Aug 27 2023 - 10:00pm,complete,N/A,Grêmio,Cruzeiro,Marcelo de Lima Henrique,21,2.30,1.44,2.32,1.42,3,0,3,1,1,0,"29,54,78","",6,5,4,0,3,0,0,4,2,1,10,7,6,2,4,5,12,20,40,60,1.76,1.50,1.32,0.98,2.84,52,69,58,37,16,47,74,47,59,11.00,5.28,2.00,3.40,4.00,1.33,2.10,3.30,6.00,1.95,1.80,Arena do Grêmio
1693681200,Sep 02 2023 - 7:00pm,complete,N/A,Goiás,Internacional,Braulio da Silva Machado,22,1.30,0.91,1.16,1.21,0,0,0,0,0,0,"","",5,5,2,2,3,1,2,2,2,2,9,8,3,3,6,5,16,13,38,62,1.57,1.20,1.06,0.92,2.25,53,72,39,24,5,34,62,38,77,9.28,6.43,2.80,3.00,2.80,1.50,2.75,5.50,10.00,2.10,1.67,Estádio de Hailé Pinheiro
1693681200,Sep 02 2023 - 7:00pm,complete,N/A,Atlético PR,Atlético Mineiro,Flavio Rodrigues De Souza,22,2.18,1.36,2.00,1.58,1,1,2,1,0,1,"78","6",12,7,2,1,3,0,2,1,0,3,17,10,7,8,10,2,13,13,52,48,1.71,1.33,2.01,1.51,2.37,41,69,41,23,9,27,87,27,59,10.73,7.27,2.30,3.00,3.50,1.44,2.50,4.75,9.50,2.00,1.75,N/A
1693699200,Sep 03 2023 - 12:00am,complete,40769,Botafogo,Flamengo,Raphael Claus,22,3.00,1.55,1.95,1.63,1,2,3,2,1,1,"19","2,73",12,6,3,1,3,0,0,4,2,1,15,9,8,5,7,4,14,8,47,53,1.79,1.38,1.90,1.21,3.05,50,91,64,32,23,32,73,50,96,9.27,4.72,2.30,3.20,3.30,1.33,2.20,3.60,7.00,1.95,1.80,Estádio Nilton Santos
1693749600,Sep 03 2023 - 2:00pm,complete,N/A,Grêmio,Cuiabá,N/A,22,2.36,1.45,2.32,1.42,2,0,2,1,1,0,"30,63","",2,9,2,0,1,0,0,2,1,0,9,8,6,4,3,4,18,16,42,58,1.72,1.26,1.23,1.17,2.46,46,69,46,18,9,37,73,41,69,10.00,6.09,1.70,3.60,5.25,1.33,2.20,3.60,6.50,2.05,1.70,Arena do Grêmio
1693767600,Sep 03 2023 - 7:00pm,complete,N/A,Fluminense,Fortaleza,N/A,22,2.45,1.10,2.26,1.11,1,0,1,0,0,0,"90'2","",5,7,4,0,3,0,3,1,2,1,10,14,6,6,4,8,13,16,64,36,1.74,1.46,1.39,1.53,2.04,43,71,33,10,0,24,62,29,72,10.45,6.83,1.83,3.50,4.50,1.36,2.10,3.75,7.50,1.91,1.91,N/A
1693767600,Sep 03 2023 - 7:00pm,complete,N/A,Corinthians,Palmeiras,Anderson Daronco,22,1.78,1.55,1.47,1.37,0,0,0,0,0,0,"","",2,11,1,1,3,1,0,2,0,4,7,12,3,5,4,7,13,17,44,56,1.74,1.43,0.87,1.62,2.50,62,81,39,29,9,15,59,57,80,9.95,5.49,4.20,3.25,2.00,1.47,2.50,4.75,9.50,2.10,1.67,Arena Corinthians
1693776600,Sep 03 2023 - 9:30pm,complete,N/A,Cruzeiro,Bragantino,Wagner do Nascimento Magalhaes,22,1.09,1.30,1.05,1.26,0,0,0,0,0,0,"","",8,5,1,0,5,0,0,1,2,3,12,12,4,6,8,6,16,15,50,50,1.66,1.51,1.48,1.44,1.89,34,54,25,10,5,20,67,35,58,15.17,6.18,2.45,3.05,3.00,1.43,2.20,4.00,8.00,1.95,1.80,Estádio Governador Magalhães Pinto
1693776600,Sep 03 2023 - 9:30pm,complete,N/A,Bahia,Vasco da Gama,Ramon Abatti,22,1.50,0.60,1.53,0.84,1,1,2,1,1,0,"45","63",6,0,2,0,3,1,1,1,1,3,8,6,4,2,4,4,22,17,54,46,1.72,1.29,1.11,0.74,2.85,70,85,55,35,10,50,75,35,75,11.50,6.30,2.10,3.25,3.50,1.40,2.20,4.20,8.00,1.95,1.80,Arena Fonte Nova
1693776600,Sep 03 2023 - 9:30pm,complete,N/A,América Mineiro,Santos,Leandro Pedro Vuaden,22,1.00,0.40,0.89,0.95,2,0,2,1,1,0,"29,55","",3,5,1,0,5,1,0,1,0,6,12,9,8,3,4,6,14,16,37,63,1.64,0.96,1.62,1.25,2.65,40,75,60,25,10,15,65,60,75,9.00,5.90,2.15,3.20,3.40,1.38,2.20,4.00,8.00,1.95,1.80,Estádio Raimundo Sampaio
1694651400,Sep 14 2023 - 12:30am,complete,N/A,Flamengo,Atlético PR,N/A,23,1.90,0.90,1.84,0.95,0,3,3,1,0,1,"","27,84,90'7",8,2,2,1,2,0,1,2,0,2,8,12,6,10,2,2,9,19,58,42,1.82,1.19,1.27,1.63,2.25,45,85,30,10,5,15,70,40,90,10.30,5.30,1.73,3.50,5.00,1.25,1.91,3.10,5.50,1.80,1.95,N/A
1694651400,Sep 14 2023 - 12:30am,complete,N/A,Internacional,São Paulo,N/A,23,1.50,0.50,1.68,0.58,2,1,3,1,0,1,"59,70","45'4",4,7,5,0,4,0,3,2,2,2,12,11,6,4,6,7,16,14,43,57,1.47,1.38,1.51,1.31,1.90,55,65,40,5,0,30,50,30,55,10.70,6.60,2.25,3.10,3.50,1.45,2.63,4.75,9.50,2.20,1.62,Estádio José Pinheiro Borda
1694728800,Sep 14 2023 - 10:00pm,complete,N/A,Santos,Cruzeiro,Braulio da Silva Machado,23,1.55,1.30,1.32,1.42,0,3,3,1,0,1,"","41,70,89",8,9,3,0,2,0,1,2,2,0,9,13,2,8,7,5,8,13,55,45,1.44,1.44,1.27,1.68,2.85,52,76,58,33,19,43,72,48,67,9.45,6.62,2.38,3.00,3.30,1.53,2.75,5.00,10.00,2.20,1.62,Estádio Urbano Caldeira
1694728800,Sep 14 2023 - 10:00pm,complete,32690,Fortaleza,Corinthians,N/A,23,1.91,0.82,1.74,1.16,2,1,3,2,1,1,"26,90'4","33",6,3,1,0,2,0,1,0,0,2,18,6,7,3,11,3,14,17,52,48,1.75,1.04,2.06,0.87,2.23,36,64,41,23,5,27,55,50,69,10.45,4.63,1.57,3.80,6.50,1.42,2.20,4.33,8.50,2.20,1.62,Estádio Governador Plácido Aderaldo Castelo
1694732400,Sep 14 2023 - 11:00pm,complete,N/A,Coritiba,Bahia,Wagner do Nascimento Magalhaes,23,0.90,0.55,0.84,0.79,2,4,6,4,1,3,"2,90'4","11,30,34,74",7,2,3,0,1,0,2,1,1,0,15,18,7,11,8,7,14,17,55,45,1.49,1.31,1.74,2.08,2.06,39,67,38,10,5,29,67,28,67,11.99,5.55,2.40,3.20,3.00,1.33,2.20,3.60,7.00,1.91,1.91,Estádio Major Antônio Couto Pereira
1694737800,Sep 15 2023 - 12:30am,complete,N/A,Bragantino,Grêmio,N/A,23,2.00,1.11,2.00,1.26,2,0,2,2,2,0,"20,45'1","",5,1,4,0,2,0,2,2,1,1,15,10,5,5,10,5,20,16,59,41,1.99,1.37,1.77,1.23,2.43,47,80,52,15,6,36,65,40,82,12.98,6.31,1.70,3.60,5.00,1.30,1.91,3.50,6.50,1.80,1.95,Estádio Nabi Abi Chedid
1694818800,Sep 15 2023 - 11:00pm,complete,N/A,Cuiabá,América Mineiro,Bruno Arleu de Araujo,23,1.20,0.30,1.26,0.37,2,2,4,4,2,2,"35,41","11,32",9,1,1,0,4,1,0,1,1,4,15,7,9,4,6,3,11,18,63,37,1.46,1.34,2.04,0.95,3.05,65,95,65,40,5,30,65,60,100,10.40,5.30,1.85,3.50,4.33,1.40,2.38,4.20,8.00,2.20,1.62,Arena Pantanal
1694824200,Sep 16 2023 - 12:30am,complete,N/A,Palmeiras,Goiás,Savio Pereira Sampaio,23,2.30,1.00,2.32,0.84,1,0,1,0,0,0,"90'6","",6,3,3,0,2,1,1,2,1,2,17,7,7,4,10,3,12,19,67,33,1.87,1.24,2.05,0.87,2.39,53,67,34,20,10,39,72,34,77,14.10,4.74,1.29,5.00,11.50,1.28,1.83,3.30,6.00,2.50,1.50,Allianz Parque
1694890800,Sep 16 2023 - 7:00pm,complete,35850,Vasco da Gama,Fluminense,Raphael Claus,23,1.00,0.80,1.53,0.68,4,2,6,1,1,0,"23,50,74,85","46,56",4,11,4,0,1,0,2,2,1,0,9,15,5,9,4,6,12,7,28,72,1.57,1.68,1.14,2.38,2.30,30,55,35,25,10,30,60,30,70,11.30,6.20,3.20,3.25,2.38,1.36,2.30,3.75,7.50,1.95,1.80,Estádio Club de Regatas Vasco da Gama
1694908800,Sep 17 2023 - 12:00am,complete,N/A,Atlético Mineiro,Botafogo,Ramon Abatti,23,1.50,1.80,1.89,1.42,1,0,1,0,0,0,"81","",5,3,2,0,1,0,1,1,1,0,11,4,7,0,4,4,14,13,41,59,1.66,1.15,1.39,0.51,2.15,50,65,40,15,5,30,75,30,65,9.10,6.00,2.05,3.20,3.60,1.50,2.38,4.75,9.50,2.20,1.62,Estádio Raimundo Sampaio
1695078000,Sep 18 2023 - 11:00pm,complete,N/A,Bahia,Santos,Ramon Abatti,24,1.45,0.36,1.53,0.95,1,2,3,0,0,0,"59","73,90'4",6,7,1,0,2,0,0,1,0,2,17,13,6,8,11,5,13,13,63,37,1.66,0.98,1.86,1.63,2.55,46,73,50,32,9,32,73,32,78,10.54,6.18,1.70,3.60,5.50,1.36,2.20,4.00,7.50,2.05,1.70,Arena Fonte Nova
1695081600,Sep 19 2023 - 12:00am,complete,N/A,Corinthians,Grêmio,Wilton Pereira Sampaio,15,1.70,1.00,1.47,1.26,4,4,8,5,3,2,"45,45'4,45'6,67","21,27,51,58",6,4,1,0,1,0,1,0,0,1,18,14,9,8,9,6,17,10,54,46,1.66,1.36,2.10,1.73,2.40,65,80,45,15,5,30,50,55,80,9.40,5.80,2.40,3.20,3.00,0.00,2.38,0.00,0.00,2.00,1.75,Arena Corinthians
1695169800,Sep 20 2023 - 12:30am,complete,N/A,América Mineiro,Bragantino,Marcelo de Lima Henrique,24,1.18,1.27,0.89,1.26,0,2,2,1,0,1,"","36,90'10",2,14,1,0,2,0,0,1,0,2,6,16,3,7,3,9,8,16,36,64,1.64,1.51,0.80,2.13,2.68,50,82,55,23,9,27,69,64,73,10.55,6.18,2.90,3.25,2.50,1.33,2.00,3.60,6.50,1.75,2.00,Estádio Raimundo Sampaio
1695247200,Sep 20 2023 - 10:00pm,complete,N/A,Goiás,Flamengo,Raphael Claus,24,1.27,1.67,1.16,1.63,0,0,0,0,0,0,"","",3,2,1,0,3,0,0,1,0,3,7,6,2,3,5,3,15,14,35,65,1.53,1.36,0.83,0.96,2.85,65,78,64,35,21,43,65,43,87,9.26,6.32,2.90,3.10,2.60,1.40,2.30,4.20,8.00,1.95,1.80,Estádio de Hailé Pinheiro
1695256200,Sep 21 2023 - 12:30am,complete,N/A,Fluminense,Cruzeiro,N/A,24,2.50,1.45,2.26,1.42,1,0,1,0,0,0,"67","",7,3,6,0,1,0,2,4,1,0,10,7,5,4,5,3,6,15,56,44,1.71,1.47,1.32,0.95,2.41,43,74,49,18,5,26,70,40,74,11.78,6.48,1.70,3.60,4.60,1.33,2.07,3.60,7.00,1.91,1.91,N/A
1695256200,Sep 21 2023 - 12:30am,complete,N/A,São Paulo,Fortaleza,N/A,24,2.09,1.00,2.21,1.11,1,2,3,1,0,1,"79","16,53",9,0,3,0,6,0,0,3,2,4,14,9,8,5,6,4,16,13,73,27,1.75,1.47,1.97,1.04,2.14,32,64,36,14,9,23,59,32,78,10.82,5.91,1.95,3.40,3.60,1.42,2.25,4.33,8.50,1.95,1.80,Morumbí
1695333600,Sep 21 2023 - 10:00pm,complete,20321,Vasco da Gama,Coritiba,Flavio Rodrigues De Souza,24,1.18,0.45,1.53,0.74,5,1,6,2,2,0,"8,34,50,63,81","80",6,0,1,0,3,0,0,1,1,2,16,8,13,4,3,4,10,15,54,46,1.53,1.26,2.30,1.02,2.91,55,64,55,46,23,32,78,41,78,9.64,7.91,1.60,3.80,6.00,1.40,2.10,4.20,8.50,2.20,1.62,Estádio Club de Regatas Vasco da Gama
1695335400,Sep 21 2023 - 10:30pm,complete,N/A,Atlético PR,Internacional,Wagner do Nascimento Magalhaes,24,2.08,0.92,2.00,1.21,2,1,3,2,1,1,"24,90","36",7,5,3,0,5,0,3,0,2,3,14,10,7,5,7,5,12,17,44,56,1.74,1.17,1.58,1.24,2.38,50,75,38,25,9,29,79,33,67,9.92,6.00,2.16,3.15,3.70,1.36,2.04,3.75,7.50,2.10,1.67,N/A
1695342600,Sep 22 2023 - 12:30am,complete,29057,Grêmio,Palmeiras,Bruno Arleu de Araujo,24,2.42,1.50,2.32,1.37,1,0,1,1,1,0,"9","",2,11,4,1,3,0,2,3,1,2,6,12,3,5,3,7,14,10,37,63,1.68,1.45,0.78,1.57,2.63,46,71,50,33,17,34,75,42,67,10.92,5.50,3.25,3.30,2.55,1.36,2.01,3.75,7.50,1.80,1.95,Arena do Grêmio
1695423600,Sep 22 2023 - 11:00pm,complete,N/A,Corinthians,Botafogo,N/A,24,1.64,1.64,1.47,1.42,1,0,1,0,0,0,"59","",6,1,4,0,4,1,1,3,2,3,15,8,6,3,9,5,18,8,66,34,1.70,1.10,1.81,0.98,2.32,55,64,36,23,9,23,50,50,69,8.45,5.19,2.80,3.00,2.75,1.45,2.63,4.50,9.50,2.10,1.67,Arena Corinthians
1695513600,Sep 24 2023 - 12:00am,complete,N/A,Atlético Mineiro,Cuiabá,N/A,24,1.64,1.33,1.89,1.42,1,0,1,1,1,0,"42","",6,3,3,0,3,0,1,2,0,3,8,8,4,4,4,4,12,13,65,35,1.63,1.26,1.20,1.03,2.05,44,70,31,5,0,22,75,26,78,9.97,6.34,1.65,3.30,7.00,1.40,2.63,4.33,8.50,2.50,1.50,Estádio Raimundo Sampaio
1695682800,Sep 25 2023 - 11:00pm,complete,N/A,América Mineiro,Vasco da Gama,Ramon Abatti,15,1.08,0.64,0.89,0.84,0,1,1,0,0,0,"","90'1",3,8,3,2,2,0,2,3,0,2,17,11,9,4,8,7,16,15,34,66,1.57,1.24,1.98,1.53,2.78,62,92,52,22,9,27,74,52,78,9.14,6.01,2.80,3.30,2.50,1.35,2.10,3.70,7.35,1.91,1.91,Estádio Raimundo Sampaio
1695852000,Sep 27 2023 - 10:00pm,complete,N/A,São Paulo,Coritiba,Savio Pereira Sampaio,22,1.92,0.42,2.21,0.74,2,1,3,3,2,1,"30,45'13","45'6",4,3,2,0,3,0,0,2,1,2,11,5,7,3,4,2,12,12,64,36,1.77,1.24,1.67,0.79,3.17,63,84,67,42,25,38,84,55,88,10.41,7.50,1.50,4.50,6.50,1.29,2.00,3.20,5.50,2.10,1.67,Morumbí
1696100400,Sep 30 2023 - 7:00pm,complete,46472,Flamengo,Bahia,Savio Pereira Sampaio,25,1.73,0.75,1.84,0.79,1,0,1,0,0,0,"61","",12,2,1,0,2,1,1,0,0,3,11,7,6,5,5,2,11,14,67,33,1.77,1.38,1.74,1.00,2.22,35,75,39,9,9,22,70,44,75,12.20,4.51,1.55,4.20,5.10,1.22,1.70,2.80,5.00,1.80,1.95,N/A
1696100400,Sep 30 2023 - 7:00pm,complete,N/A,Fortaleza,Grêmio,Raphael Claus,25,2.00,1.00,1.74,1.26,1,1,2,1,1,0,"44","80",3,7,1,0,2,0,0,1,0,2,18,12,7,4,11,8,10,12,51,49,1.78,1.39,1.96,1.39,2.76,53,75,57,22,13,40,53,52,83,10.62,5.16,2.59,3.20,2.63,1.35,1.95,3.75,7.50,1.91,1.91,Estádio Governador Plácido Aderaldo Castelo
1696109400,Sep 30 2023 - 9:30pm,complete,56735,São Paulo,Corinthians,Flavio Rodrigues De Souza,25,2.00,0.75,2.21,1.16,2,1,3,3,2,1,"40,45'2","3",11,4,5,0,2,0,2,3,2,0,17,5,9,3,8,2,14,14,54,46,1.76,1.02,2.08,0.74,2.36,44,72,48,16,8,37,76,36,72,10.79,5.02,1.59,3.55,5.90,1.47,2.35,4.75,9.50,2.38,1.53,Morumbí
1696109400,Sep 30 2023 - 9:30pm,complete,N/A,Cuiabá,Fluminense,N/A,25,1.18,0.73,1.26,0.68,3,0,3,0,0,0,"57,64,87","",7,0,3,0,3,1,1,2,3,1,14,5,7,3,7,2,18,12,60,40,1.52,1.74,1.81,0.66,2.87,50,87,55,27,9,27,60,50,87,12.18,5.09,2.08,3.10,3.65,1.47,2.20,4.75,9.50,2.05,1.70,Arena Pantanal
1696118400,Oct 01 2023 - 12:00am,complete,N/A,Internacional,Atlético Mineiro,Ramon Abatti,25,1.64,1.33,1.68,1.58,0,2,2,0,0,0,"","73,81",4,4,1,1,1,0,0,2,0,1,12,9,5,6,7,3,19,11,64,36,1.47,1.35,1.49,1.16,1.88,39,61,35,9,0,22,60,31,57,10.75,7.63,3.40,2.95,2.25,1.50,2.40,5.20,10.50,2.20,1.62,Estádio José Pinheiro Borda
1696186800,Oct 01 2023 - 7:00pm,complete,N/A,Santos,Vasco da Gama,Anderson Daronco,25,1.42,0.83,1.32,0.84,4,1,5,4,3,1,"15,45'1,45'3,75","31",5,11,5,2,1,1,2,5,0,2,12,12,6,6,6,6,19,12,35,65,1.43,1.27,1.55,1.58,2.75,63,83,46,25,17,42,71,42,71,9.67,6.83,2.27,3.15,3.06,1.50,2.29,4.75,9.50,2.00,1.75,Estádio Urbano Caldeira
1696186800,Oct 01 2023 - 7:00pm,complete,44279,Cruzeiro,América Mineiro,Leandro Pedro Vuaden,25,1.08,0.36,1.05,0.37,1,1,2,2,1,1,"21","28",9,7,3,1,3,0,2,2,1,2,11,15,3,8,8,7,15,10,60,40,1.64,1.30,1.40,1.85,2.36,50,63,45,37,5,28,70,36,67,13.26,6.27,1.66,3.60,4.88,1.30,1.85,3.40,6.50,1.91,1.91,Estádio Governador Magalhães Pinto
1696186800,Oct 01 2023 - 7:00pm,complete,N/A,Coritiba,Atlético PR,Bruno Arleu de Araujo,25,0.82,1.09,0.84,0.95,2,0,2,2,2,0,"14,45'3","",2,11,2,0,4,0,1,1,1,3,8,9,4,6,4,3,21,12,36,64,1.52,1.23,0.97,1.31,2.50,50,82,41,18,9,27,73,36,87,9.82,6.27,3.19,3.15,2.20,1.33,2.19,3.50,7.80,2.00,1.75,Estádio Major Antônio Couto Pereira
1696195800,Oct 01 2023 - 9:30pm,complete,N/A,Bragantino,Palmeiras,Wagner do Nascimento Magalhaes,25,2.08,1.38,2.00,1.37,2,1,3,1,0,1,"61,90","15",6,4,4,0,2,0,0,4,1,1,17,10,9,4,8,6,14,20,68,32,1.97,1.46,2.21,1.13,2.20,32,73,36,24,8,24,72,32,64,13.52,6.09,2.00,3.30,3.55,1.33,2.03,3.90,7.50,1.95,1.80,Estádio Nabi Abi Chedid
1696287600,Oct 02 2023 - 11:00pm,complete,34294,Botafogo,Goiás,Braulio da Silva Machado,25,2.75,0.92,1.95,0.84,1,1,2,1,0,1,"52","27",8,3,4,0,4,0,1,3,2,2,15,6,7,4,8,2,18,16,60,40,1.80,1.21,1.89,0.90,2.38,33,75,34,13,8,25,71,34,84,11.58,5.17,1.53,3.80,7.00,1.33,2.20,3.64,7.10,2.20,1.62,N/A
1696705200,Oct 07 2023 - 7:00pm,complete,N/A,Goiás,Bahia,Raphael Claus,26,1.25,0.69,1.16,0.79,4,6,10,6,3,3,"27,45'2,45'4,50","15,18,37,53,56,90'5",6,4,2,0,2,0,1,1,1,1,18,14,8,10,10,4,8,6,63,37,1.47,1.35,2.22,1.70,2.08,41,60,40,17,8,28,56,36,72,10.38,6.12,2.20,3.20,3.20,1.42,2.20,4.50,9.00,1.91,1.91,Estádio de Hailé Pinheiro
1696714200,Oct 07 2023 - 9:30pm,complete,20690,Vasco da Gama,São Paulo,Braulio da Silva Machado,26,1.33,0.45,1.53,0.58,0,0,0,0,0,0,"","",7,3,4,0,1,0,2,2,1,0,9,11,3,5,6,6,15,7,39,61,1.60,1.38,1.11,1.29,2.25,53,58,39,17,13,26,66,26,61,11.48,6.19,2.38,3.20,2.88,1.40,2.12,4.20,8.00,1.95,1.80,Estádio Club de Regatas Vasco da Gama
1696723200,Oct 08 2023 - 12:00am,complete,N/A,Corinthians,Flamengo,Anderson Daronco,26,1.75,1.62,1.47,1.63,1,1,2,0,0,0,"79","54",2,8,3,0,3,0,1,2,1,2,10,13,6,8,4,5,6,8,42,58,1.71,1.33,1.38,1.76,2.87,68,80,55,32,20,32,56,57,80,9.08,5.21,3.10,3.10,2.35,1.33,2.00,3.90,7.80,1.95,1.80,Arena Corinthians
1696791600,Oct 08 2023 - 7:00pm,complete,N/A,Fluminense,Botafogo,Leandro Pedro Vuaden,26,2.54,1.50,2.26,1.42,0,2,2,2,0,2,"","20,22",3,2,2,0,2,0,2,0,2,0,14,12,6,6,8,6,15,14,66,34,1.68,1.09,1.78,1.44,1.92,40,56,32,13,4,24,56,24,72,9.71,6.84,2.05,3.25,4.00,1.49,2.25,4.75,9.00,2.00,1.75,N/A
1696791600,Oct 08 2023 - 7:00pm,complete,N/A,Palmeiras,Santos,Flavio Rodrigues De Souza,26,2.36,0.58,2.32,0.95,1,2,3,2,1,1,"43","45'1,70",6,2,2,0,3,0,1,1,2,1,20,13,7,11,13,2,8,11,69,31,1.89,1.04,2.11,1.83,2.35,45,66,44,22,9,27,61,39,83,12.33,5.10,1.45,4.20,8.00,1.25,1.85,3.00,5.30,2.00,1.75,Allianz Parque
1696791600,Oct 08 2023 - 7:00pm,complete,N/A,Internacional,Grêmio,N/A,26,1.50,1.00,1.68,1.26,3,2,5,1,1,0,"6,49,70","67,74",4,1,6,0,4,0,2,4,1,3,15,4,8,3,7,1,15,9,46,54,1.48,1.39,1.74,0.87,2.50,55,75,50,13,9,38,55,46,80,9.59,6.33,2.40,3.20,3.10,1.33,2.25,3.50,7.80,1.95,1.80,Estádio José Pinheiro Borda
1696800600,Oct 08 2023 - 9:30pm,complete,N/A,Atlético Mineiro,Coritiba,Marcelo de Lima Henrique,26,1.75,0.38,1.89,0.74,1,2,3,0,0,0,"59","64,90'1",2,5,2,0,2,0,0,2,0,2,10,8,4,5,6,3,12,7,62,38,1.60,1.21,1.42,1.09,2.93,68,80,59,35,16,40,88,44,76,9.12,7.62,1.38,4.60,9.00,1.31,1.98,3.40,6.50,2.50,1.50,Estádio Raimundo Sampaio
1696800600,Oct 08 2023 - 9:30pm,complete,N/A,Atlético PR,Bragantino,N/A,26,2.15,1.42,2.00,1.26,1,1,2,2,1,1,"40","34",8,7,2,0,4,0,1,1,2,2,20,8,7,4,13,4,15,15,44,56,1.72,1.56,2.00,1.15,2.63,52,80,44,24,12,36,84,41,72,12.27,6.16,2.20,3.45,3.20,1.30,1.92,3.40,5.80,1.80,1.95,N/A
1696800600,Oct 08 2023 - 9:30pm,complete,N/A,Fortaleza,América Mineiro,Bruno Arleu de Araujo,26,1.92,0.42,1.74,0.37,3,2,5,3,1,2,"31,56,68","18,23",8,2,2,0,1,0,1,1,1,0,15,11,6,4,9,7,11,12,59,41,1.79,1.35,1.81,1.18,2.94,65,85,61,45,8,41,65,56,80,10.25,5.40,1.55,4.20,6.00,1.25,1.77,3.10,6.00,1.95,1.80,Estádio Governador Plácido Aderaldo Castelo
1697328000,Oct 15 2023 - 12:00am,complete,N/A,Cuiabá,Cruzeiro,N/A,26,1.33,1.33,1.26,1.42,0,0,0,0,0,0,"","",5,5,0,0,3,0,0,0,2,1,10,4,3,3,7,1,9,20,49,51,1.54,1.42,1.31,0.89,2.63,42,80,58,21,4,21,59,50,84,11.50,4.75,2.38,3.00,3.30,1.51,2.39,4.40,9.25,2.20,1.62,Arena Pantanal
1697666400,Oct 18 2023 - 10:00pm,complete,N/A,Grêmio,Atlético PR,Luiz Flavio De Oliveira,27,2.46,1.00,2.32,0.95,1,2,3,2,1,1,"7","38,90'4",4,8,2,1,6,0,1,2,1,5,10,16,6,8,4,8,9,13,51,49,1.61,1.24,1.46,2.02,2.55,44,81,44,20,8,32,80,44,73,9.80,6.10,2.10,3.30,3.80,1.36,2.15,3.75,7.50,1.95,1.80,Arena do Grêmio
1697670000,Oct 18 2023 - 11:00pm,complete,N/A,Coritiba,Cuiabá,Denis Ribeiro Serafim,27,1.00,1.23,0.84,1.42,0,3,3,1,0,1,"","24,82,88",4,4,0,0,2,0,0,0,1,1,14,8,4,7,10,1,14,11,64,36,1.47,1.24,1.65,1.19,2.22,41,69,33,13,9,33,72,24,72,9.98,6.15,2.63,2.88,3.20,1.53,2.70,5.00,9.50,2.10,1.67,Estádio Major Antônio Couto Pereira
1697670000,Oct 18 2023 - 11:00pm,complete,N/A,América Mineiro,Botafogo,Anderson Daronco,27,1.00,1.62,0.89,1.42,1,2,3,2,1,1,"39","22,50",12,1,1,0,1,0,0,1,0,1,22,6,8,3,14,3,6,15,47,53,1.60,1.11,2.43,0.92,2.31,39,66,47,19,8,23,62,43,74,7.53,6.00,3.00,3.20,2.50,1.28,2.08,3.50,7.00,1.80,1.95,N/A
1697675400,Oct 19 2023 - 12:30am,complete,N/A,Vasco da Gama,Fortaleza,Leandro Pedro Vuaden,27,1.31,1.17,1.53,1.11,1,0,1,0,0,0,"58","",6,6,3,0,2,0,2,1,1,1,16,11,9,5,7,6,6,7,48,52,1.56,1.43,1.95,1.40,2.12,32,48,32,20,12,20,56,28,69,9.68,6.33,2.30,3.20,3.40,1.40,2.25,4.20,8.00,1.95,1.80,Estádio Club de Regatas Vasco da Gama
1697675400,Oct 19 2023 - 12:30am,complete,N/A,Goiás,São Paulo,N/A,27,1.15,0.50,1.16,0.58,2,0,2,2,2,0,"10,45'5","",6,3,4,0,3,0,2,2,3,0,7,7,5,4,2,3,17,14,33,67,1.53,1.37,1.10,1.34,2.26,61,65,44,16,8,32,56,32,64,10.50,6.54,3.30,3.10,2.38,1.50,2.40,5.00,10.00,2.05,1.70,Estádio de Hailé Pinheiro
1697675400,Oct 19 2023 - 12:30am,complete,N/A,Bahia,Internacional,Marcelo de Lima Henrique,27,1.33,0.85,1.53,1.21,1,0,1,1,1,0,"44","",5,3,1,0,1,1,1,0,0,2,12,8,5,2,7,6,13,14,47,53,1.68,1.18,1.44,1.02,2.42,61,76,49,29,4,41,69,32,73,10.64,6.08,2.10,3.25,3.75,1.36,2.15,3.75,7.50,1.91,1.91,Arena Fonte Nova
1697752800,Oct 19 2023 - 10:00pm,complete,N/A,Palmeiras,Atlético Mineiro,Bruno Arleu de Araujo,27,2.17,1.46,2.32,1.58,0,2,2,1,0,1,"","2,76",7,2,6,0,3,0,2,4,0,3,11,12,5,4,6,8,17,19,56,44,1.90,1.33,1.60,1.24,2.14,49,65,37,17,4,33,68,28,73,13.37,6.02,1.80,3.40,5.00,1.44,2.35,4.50,9.00,2.10,1.67,Allianz Parque
1697752800,Oct 19 2023 - 10:00pm,complete,N/A,Cruzeiro,Flamengo,N/A,27,1.08,1.57,1.05,1.63,0,2,2,2,0,2,"","39,44",8,3,3,0,2,0,1,2,1,1,10,9,6,3,4,6,20,11,43,57,1.62,1.36,1.43,1.00,2.11,47,59,40,18,15,26,63,29,62,13.44,5.72,3.50,3.20,2.20,1.42,2.20,4.33,8.50,1.95,1.80,Estádio Governador Magalhães Pinto
1697756400,Oct 19 2023 - 11:00pm,complete,12850,Santos,Bragantino,Raphael Claus,27,1.54,1.38,1.32,1.26,1,3,4,2,0,2,"86","9,29,47",5,4,5,0,0,0,3,2,0,0,20,11,8,10,12,1,8,8,38,62,1.44,1.53,2.16,1.70,2.73,54,81,47,27,20,46,73,46,66,11.31,7.30,3.04,3.22,2.50,1.36,2.00,3.75,7.50,1.80,1.95,Estádio Urbano Caldeira
1697761800,Oct 20 2023 - 12:30am,complete,N/A,Fluminense,Corinthians,N/A,27,2.36,0.69,2.26,1.16,3,3,6,4,1,3,"22,56,84","10,27,32",15,1,5,2,3,0,2,5,3,0,19,8,11,4,8,4,15,15,76,24,1.69,1.00,2.72,0.89,2.12,45,70,38,11,0,38,71,26,67,10.36,6.02,1.61,3.93,6.25,1.38,2.10,4.00,8.00,2.10,1.67,N/A
1697923800,Oct 21 2023 - 9:30pm,complete,N/A,São Paulo,Grêmio,N/A,28,2.07,0.92,2.21,1.26,3,0,3,1,1,0,"21,68,90'7","",6,3,1,0,3,0,1,0,1,2,18,4,9,3,9,1,24,17,58,42,1.79,1.35,2.17,0.68,2.86,60,82,60,19,19,41,74,41,82,11.31,5.85,1.83,3.40,4.50,1.33,1.90,3.50,6.50,1.91,1.91,Morumbí
1697923800,Oct 21 2023 - 9:30pm,complete,N/A,Bahia,Fortaleza,N/A,28,1.46,1.08,1.53,1.11,2,0,2,1,1,0,"22,90'6","",7,2,6,0,4,0,3,3,2,2,15,10,4,6,11,4,23,13,49,51,1.66,1.43,1.48,1.32,2.31,50,66,47,23,4,31,62,31,77,10.23,6.08,2.25,3.20,3.30,1.36,2.15,3.75,7.50,1.80,1.95,Arena Fonte Nova
1697923800,Oct 21 2023 - 9:30pm,complete,N/A,Cuiabá,Goiás,Anderson Daronco,28,1.31,0.92,1.26,0.84,1,1,2,1,0,1,"46","45'8",13,2,1,0,3,0,1,0,1,2,14,8,6,4,8,4,13,17,60,40,1.52,1.19,1.81,0.94,2.27,42,74,35,12,4,19,58,35,77,11.77,4.77,1.91,3.10,4.50,1.47,2.10,5.00,10.00,2.20,1.62,Arena Pantanal
1697997600,Oct 22 2023 - 6:00pm,complete,N/A,Botafogo,Atlético PR,N/A,28,2.62,1.15,1.95,0.95,1,1,2,2,1,1,"24","41",6,3,2,0,1,0,0,2,1,0,9,10,6,3,3,7,8,11,61,39,1.80,1.30,1.49,1.07,2.50,42,92,42,12,4,23,77,38,96,10.69,6.16,1.91,3.30,4.20,1.36,2.20,3.75,7.50,1.95,1.80,Estádio Nilton Santos
1698001200,Oct 22 2023 - 7:00pm,complete,N/A,Flamengo,Vasco da Gama,Raphael Claus,28,1.83,0.77,1.84,0.84,1,0,1,0,0,0,"76","",7,8,1,0,2,0,1,0,1,1,8,12,6,8,2,4,10,15,47,53,1.77,1.29,1.23,1.66,2.43,51,80,36,16,12,28,68,37,80,12.30,5.08,1.62,3.75,5.50,1.28,2.00,3.30,6.00,1.95,1.80,N/A
1698001200,Oct 22 2023 - 7:00pm,complete,N/A,Atlético Mineiro,Cruzeiro,Ramon Abatti,28,1.62,1.31,1.89,1.42,0,1,1,0,0,0,"","87",1,7,3,0,3,0,1,2,2,1,9,11,2,5,7,6,24,15,54,46,1.58,1.38,0.94,1.38,2.27,43,66,46,16,4,23,70,39,69,10.46,5.62,1.73,3.50,5.50,1.45,2.40,4.50,9.50,2.25,1.57,Estádio Raimundo Sampaio
1698001200,Oct 22 2023 - 7:00pm,complete,N/A,Internacional,Santos,N/A,28,1.62,0.77,1.68,0.95,7,1,8,4,4,0,"1,14,27,39,54,61,75","80",3,6,1,0,1,0,1,0,0,1,11,10,8,4,3,6,18,9,51,49,1.50,1.10,1.43,1.14,2.27,39,69,46,15,8,19,54,46,73,9.08,6.61,1.62,3.75,6.00,1.40,2.10,4.20,8.50,2.10,1.67,Estádio José Pinheiro Borda
1698010200,Oct 22 2023 - 9:30pm,complete,N/A,Corinthians,América Mineiro,N/A,28,1.69,0.38,1.47,0.37,1,1,2,1,0,1,"90'9","38",4,4,2,0,3,0,1,1,0,3,14,13,7,5,7,8,15,13,70,30,1.68,1.33,1.79,1.51,3.08,77,89,54,46,12,39,62,66,81,9.00,5.77,1.91,3.50,4.33,1.33,2.00,3.50,6.50,1.91,1.91,Arena Corinthians
1698010200,Oct 22 2023 - 9:30pm,complete,N/A,Bragantino,Fluminense,Wilton Pereira Sampaio,28,2.15,0.67,2.00,0.68,1,0,1,1,1,0,"17","",7,3,3,0,2,0,2,1,1,1,15,10,3,6,12,4,17,13,42,58,1.99,1.65,1.54,1.32,2.66,37,84,48,24,9,32,68,48,73,13.11,6.31,1.73,3.80,5.00,1.30,1.85,3.40,6.50,1.80,1.95,Estádio Nabi Abi Chedid
1698010200,Oct 22 2023 - 9:30pm,complete,N/A,Coritiba,Palmeiras,N/A,28,0.92,1.29,0.84,1.37,0,2,2,2,0,2,"","33,45'3",3,6,1,0,1,0,0,1,1,0,9,15,4,7,5,8,13,18,46,54,1.48,1.43,1.17,1.75,2.46,45,71,45,26,15,30,74,34,70,11.11,5.55,5.00,3.50,1.75,1.33,2.10,3.75,7.00,1.95,1.80,Estádio Major Antônio Couto Pereira
1698271200,Oct 25 2023 - 10:00pm,complete,N/A,Fluminense,Goiás,Leandro Pedro Vuaden,29,2.27,0.93,2.26,0.84,5,3,8,4,2,2,"17,37,47,53,62","5,13,68",6,1,4,0,2,0,1,3,1,1,17,8,10,5,7,3,14,21,65,35,1.76,1.17,2.16,1.09,2.17,45,69,24,10,7,27,69,24,72,12.09,6.79,1.60,4.00,5.50,1.30,1.85,3.50,7.00,1.91,1.91,Estádio Nilton Santos
1698271200,Oct 25 2023 - 10:00pm,complete,N/A,Bragantino,Atlético Mineiro,Marcelo de Lima Henrique,29,2.21,1.57,2.00,1.58,1,2,3,1,0,1,"84","36,80",17,5,2,0,4,0,2,0,1,3,13,8,4,6,9,2,13,13,58,42,1.95,1.33,1.75,1.16,1.97,29,72,29,11,0,22,75,29,57,13.00,7.00,1.91,3.40,4.20,1.38,2.25,3.88,7.75,2.05,1.70,Estádio Nabi Abi Chedid
1698271200,Oct 25 2023 - 10:00pm,complete,N/A,Atlético PR,América Mineiro,Anderson Daronco,29,2.07,0.43,2.00,0.37,3,2,5,4,3,1,"28,45,45'3","12,77",14,5,0,0,1,0,0,0,0,1,17,9,9,7,8,2,14,14,58,42,1.74,1.35,2.24,1.28,3.18,75,93,61,47,14,50,93,43,79,10.07,6.07,1.50,4.33,6.50,1.25,1.80,3.10,6.00,1.91,1.91,N/A
1698274800,Oct 25 2023 - 11:00pm,complete,32618,Palmeiras,São Paulo,Raphael Claus,29,2.00,0.46,2.32,0.58,5,0,5,3,3,0,"16,26,45'7,84,87","",5,0,3,0,3,1,3,0,2,2,11,4,9,0,2,4,15,16,47,53,1.88,1.37,1.57,0.36,2.16,62,69,42,12,4,39,66,27,69,13.00,5.54,1.72,3.14,4.64,1.35,1.98,3.65,7.00,2.05,1.70,Allianz Parque
1698274800,Oct 25 2023 - 11:00pm,complete,N/A,Cruzeiro,Bahia,Flavio Rodrigues De Souza,29,1.00,0.86,1.05,0.79,3,0,3,1,1,0,"19,53,88","",1,2,2,0,2,0,1,1,0,2,12,4,6,0,6,4,11,10,40,60,1.61,1.37,1.49,0.60,1.93,29,50,25,7,7,22,64,25,54,14.43,5.64,1.93,2.95,3.87,1.38,2.14,3.85,8.00,1.95,1.80,Estádio Governador Magalhães Pinto
1698280200,Oct 26 2023 - 12:30am,complete,N/A,Grêmio,Flamengo,N/A,29,2.29,1.67,2.32,1.63,3,2,5,1,0,1,"76,81,86","42,89",6,1,3,0,4,0,1,2,1,3,8,9,5,5,3,4,14,12,37,63,1.60,1.34,1.28,1.26,2.90,59,79,62,31,21,49,77,45,69,9.49,5.32,2.55,3.08,2.51,1.31,1.92,3.40,6.65,1.80,1.95,Arena do Grêmio
1698280200,Oct 26 2023 - 12:30am,complete,N/A,Cuiabá,Corinthians,N/A,29,1.29,0.71,1.26,1.16,0,1,1,0,0,0,"","77",6,5,1,0,3,0,1,0,0,3,13,9,3,6,10,3,11,14,49,51,1.54,0.99,1.53,1.24,2.47,50,79,50,18,4,32,65,40,75,10.64,4.22,2.22,2.81,3.24,1.58,2.60,5.50,10.00,2.25,1.57,Arena Pantanal
1698357600,Oct 26 2023 - 10:00pm,complete,N/A,Vasco da Gama,Internacional,Luiz Flavio De Oliveira,29,1.43,0.79,1.53,1.21,1,2,3,1,0,1,"84","20,59",7,1,4,2,4,0,1,5,0,4,14,8,7,6,7,2,17,14,53,47,1.59,1.17,1.83,1.13,2.04,36,50,29,22,11,25,61,25,61,10.07,6.07,2.20,3.20,3.60,1.45,2.35,4.50,9.00,2.00,1.75,Estádio Club de Regatas Vasco da Gama
1698366600,Oct 27 2023 - 12:30am,complete,N/A,Santos,Coritiba,Wagner do Nascimento Magalhaes,29,1.43,0.57,1.32,0.74,2,1,3,2,1,1,"4,73","11",11,2,2,0,4,1,1,1,3,2,21,4,8,3,13,1,15,21,63,37,1.49,1.20,2.46,0.68,3.46,75,90,75,50,29,54,83,57,79,8.43,8.57,1.70,3.75,5.00,1.36,2.10,3.85,8.00,1.95,1.80,Estádio Urbano Caldeira
1698530400,Oct 28 2023 - 10:00pm,complete,N/A,Palmeiras,Bahia,N/A,30,2.07,0.80,2.32,0.79,1,0,1,1,1,0,"38","",6,1,1,0,3,1,0,1,2,2,24,5,10,2,14,3,15,17,63,37,1.86,1.32,2.67,0.77,2.66,45,69,49,21,14,39,69,42,83,12.63,4.97,1.33,4.75,10.00,1.27,1.80,3.00,5.50,2.20,1.62,Allianz Parque
1698530400,Oct 28 2023 - 10:00pm,complete,N/A,América Mineiro,Grêmio,N/A,30,0.93,0.86,0.89,1.26,3,4,7,4,2,2,"3,35,49","17,20,71,78",5,7,0,0,2,0,0,0,0,2,15,16,7,12,8,4,11,5,43,57,1.66,1.31,1.75,2.21,2.97,57,86,64,21,14,32,71,54,90,9.22,5.93,2.25,3.40,3.20,1.24,1.70,2.80,5.25,1.62,2.20,N/A
1698541200,Oct 29 2023 - 1:00am,complete,N/A,Atlético Mineiro,Fluminense,Raphael Claus,30,1.50,0.62,1.89,0.68,2,0,2,0,0,0,"62,83","",9,4,2,0,1,0,0,2,0,1,13,8,4,4,9,4,14,10,47,53,1.54,1.63,1.48,1.00,2.50,44,71,45,19,8,26,67,42,74,10.23,6.00,1.75,3.75,6.00,1.32,2.00,3.48,6.70,2.05,1.70,Estádio Raimundo Sampaio
1698606000,Oct 29 2023 - 7:00pm,complete,N/A,Goiás,Vasco da Gama,Flavio Rodrigues De Souza,30,1.29,0.71,1.16,0.84,1,1,2,0,0,0,"90'2","58",7,2,2,0,4,1,1,1,2,3,10,5,7,3,3,2,17,12,44,56,1.50,1.32,1.55,0.85,2.61,57,72,40,25,14,40,61,33,75,10.64,6.50,2.60,3.10,2.88,1.36,2.15,3.75,7.50,1.91,1.91,Estádio de Hailé Pinheiro
1698606000,Oct 29 2023 - 7:00pm,complete,N/A,Atlético PR,São Paulo,N/A,30,2.13,0.43,2.00,0.58,1,1,2,2,1,1,"7","10",4,3,1,0,5,0,0,1,2,3,16,5,6,3,10,2,13,12,43,57,1.78,1.30,1.74,0.62,2.54,62,79,48,20,14,42,82,28,62,11.40,5.94,1.95,3.30,4.20,1.36,2.20,3.75,7.50,1.95,1.80,N/A
1698615000,Oct 29 2023 - 9:30pm,complete,N/A,Corinthians,Santos,Anderson Daronco,30,1.64,0.71,1.47,0.95,1,1,2,0,0,0,"57","90'9",10,3,6,0,2,0,1,5,1,1,17,7,8,4,9,3,22,14,61,39,1.69,1.10,1.99,1.05,2.61,54,75,40,21,11,18,54,54,79,9.15,5.43,2.10,3.20,3.75,1.36,2.20,3.77,7.50,1.95,1.80,Arena Corinthians
1698615000,Oct 29 2023 - 9:30pm,complete,N/A,Internacional,Coritiba,N/A,30,1.71,0.53,1.68,0.74,3,4,7,3,1,2,"43,83,90'12","28,45'4,70,90",5,1,7,1,5,0,3,5,1,4,16,12,11,8,5,4,13,18,62,38,1.49,1.16,2.17,1.49,3.16,69,82,69,37,21,41,69,59,79,8.24,7.90,1.36,5.00,9.00,1.25,1.80,3.20,6.00,2.20,1.62,Estádio José Pinheiro Borda
1698620400,Oct 29 2023 - 11:00pm,complete,N/A,Botafogo,Cuiabá,Wilton Pereira Sampaio,30,2.50,1.36,1.95,1.42,0,1,1,0,0,0,"","52",7,2,1,0,5,0,1,0,2,3,24,4,10,2,14,2,12,17,67,33,1.78,1.23,2.92,0.58,2.25,36,79,36,7,4,22,75,33,86,10.29,5.71,1.61,3.40,5.50,1.38,2.15,3.95,7.90,2.25,1.57,Estádio Nilton Santos
1698789600,Oct 31 2023 - 10:00pm,complete,N/A,Bahia,Fluminense,Edina Alves Batista,31,1.57,0.57,1.53,0.68,1,0,1,1,1,0,"40","",2,4,2,0,3,0,0,2,1,2,7,18,6,5,1,13,15,16,44,56,1.65,1.58,1.10,1.85,2.79,50,79,54,33,11,36,68,43,79,11.43,5.93,1.50,4.20,7.00,1.33,1.75,3.25,6.00,1.91,1.91,Arena Fonte Nova
1698876000,Nov 01 2023 - 10:00pm,complete,29870,Corinthians,Atlético PR,Leandro Pedro Vuaden,31,1.60,1.14,1.47,0.95,1,0,1,0,0,0,"64","",1,7,1,0,2,0,0,1,0,2,10,13,5,4,5,9,4,11,44,56,1.71,1.28,1.23,1.52,2.42,62,87,32,14,4,21,60,52,83,9.70,6.23,2.70,3.00,2.80,1.44,2.60,4.50,9.50,2.05,1.70,Arena Corinthians
1698876000,Nov 01 2023 - 10:00pm,complete,N/A,Internacional,América Mineiro,Flavio Rodrigues De Souza,31,1.60,0.40,1.68,0.37,1,1,2,1,1,0,"15","74",3,5,0,0,2,0,0,0,0,2,14,9,5,3,9,6,15,14,56,44,1.54,1.34,1.60,1.06,3.27,70,87,63,47,20,47,70,57,80,8.93,6.80,1.55,4.33,5.50,1.25,1.73,2.80,4.75,1.80,1.95,Estádio José Pinheiro Borda
1698879600,Nov 01 2023 - 11:00pm,complete,N/A,Flamengo,Santos,N/A,31,1.92,0.73,1.84,0.95,1,2,3,2,1,1,"21","33,89",1,6,2,2,2,1,1,3,0,3,8,12,5,6,3,6,13,16,60,40,1.73,1.10,1.06,1.47,2.38,36,71,39,14,11,18,61,43,83,11.19,4.65,1.53,4.33,6.00,1.25,1.95,3.10,5.50,2.00,1.75,N/A
1698879600,Nov 01 2023 - 11:00pm,complete,N/A,Coritiba,Grêmio,Marcelo de Lima Henrique,31,0.86,1.00,0.84,1.26,1,2,3,1,0,1,"60","27,83",6,11,2,1,2,0,0,3,1,1,11,14,3,5,8,9,11,7,52,48,1.46,1.37,1.22,1.69,2.99,55,83,55,24,21,49,76,41,79,9.83,5.44,2.90,3.75,2.25,1.28,1.73,3.10,6.00,1.67,2.10,Estádio Major Antônio Couto Pereira
1698885000,Nov 02 2023 - 12:30am,complete,N/A,Botafogo,Palmeiras,Braulio da Silva Machado,31,2.33,1.40,1.95,1.37,3,4,7,3,3,0,"21,30,36","49,84,89,90'9",2,6,6,1,5,0,1,6,1,4,16,12,9,7,7,5,10,12,40,60,1.86,1.46,1.82,1.63,2.37,40,77,40,20,10,24,73,33,80,11.67,5.20,2.60,3.20,2.75,1.42,2.45,4.50,9.00,1.95,1.80,Estádio Nilton Santos
1698885000,Nov 02 2023 - 12:30am,complete,N/A,Atlético Mineiro,Fortaleza,N/A,31,1.60,1.00,1.89,1.11,3,1,4,2,1,1,"16,56,61","44",0,4,0,0,2,0,0,0,0,2,9,7,5,3,4,4,11,12,57,43,1.53,1.42,1.28,0.83,1.97,38,62,31,7,0,17,59,31,76,9.13,6.22,1.83,3.40,4.50,1.42,2.35,4.33,8.50,2.10,1.67,Estádio Raimundo Sampaio
1698955200,Nov 02 2023 - 8:00pm,complete,N/A,Cuiabá,Vasco da Gama,Ramon Abatti,31,1.20,0.73,1.26,0.84,0,2,2,0,0,0,"","57,90'10",5,1,2,0,1,0,0,2,1,0,9,10,3,4,6,6,13,10,51,49,1.54,1.29,1.21,1.17,2.43,57,80,40,17,7,23,54,37,84,12.00,5.00,2.45,3.00,3.20,1.49,2.50,5.00,10.00,2.05,1.70,Arena Pantanal
1698958800,Nov 02 2023 - 9:00pm,complete,N/A,Goiás,Bragantino,N/A,31,1.27,1.50,1.16,1.26,0,2,2,1,0,1,"","45,90",10,7,3,0,3,0,0,3,0,3,15,18,6,8,9,10,18,18,42,58,1.50,1.54,1.69,2.14,2.52,52,73,38,24,10,42,62,45,69,11.56,6.33,3.30,3.40,2.15,1.33,2.00,3.60,7.00,1.80,1.95,Estádio de Hailé Pinheiro
1698966000,Nov 02 2023 - 11:00pm,complete,N/A,São Paulo,Cruzeiro,Wilton Pereira Sampaio,31,2.13,1.43,2.21,1.42,1,0,1,0,0,0,"84","",3,4,1,0,3,1,0,1,0,4,10,15,6,5,4,10,10,12,55,45,1.81,1.38,1.34,1.47,2.45,38,69,55,17,10,27,69,42,72,12.16,5.44,1.83,3.40,4.75,1.40,2.50,4.20,8.50,2.25,1.57,Morumbí
1699137000,Nov 04 2023 - 10:30pm,complete,N/A,Grêmio,Bahia,Braulio da Silva Machado,32,2.33,0.75,2.32,0.79,1,0,1,0,0,0,"70","",5,4,2,0,4,0,1,1,2,2,8,15,4,6,4,9,9,17,41,59,1.58,1.29,1.10,1.66,2.75,42,68,52,23,17,36,78,46,65,10.21,5.36,1.70,3.80,5.00,1.33,1.85,3.52,6.85,1.80,1.95,Arena do Grêmio
1699137000,Nov 04 2023 - 10:30pm,complete,N/A,América Mineiro,Atlético Mineiro,N/A,32,0.87,1.67,0.89,1.58,1,1,2,0,0,0,"66","80",0,4,2,1,2,1,2,1,0,3,10,14,5,7,5,7,11,20,40,60,1.67,1.31,1.25,1.74,2.47,43,77,47,17,7,20,73,44,74,10.26,6.60,4.50,3.60,1.80,1.30,1.95,3.25,6.25,1.80,1.95,N/A
1699144200,Nov 05 2023 - 12:30am,complete,N/A,Palmeiras,Atlético PR,Wilton Pereira Sampaio,32,2.13,1.07,2.32,0.95,1,0,1,1,1,0,"6","",2,2,3,0,4,0,1,2,2,2,14,12,7,3,7,9,16,17,48,52,1.91,1.30,1.68,1.27,2.40,50,77,40,17,7,37,73,33,87,12.13,5.67,1.65,3.70,4.90,1.33,2.00,3.55,7.00,2.00,1.75,Allianz Parque
1699210800,Nov 05 2023 - 7:00pm,complete,N/A,Bragantino,Corinthians,Raphael Claus,32,2.07,0.87,2.00,1.16,1,0,1,1,1,0,"29","",10,6,1,0,2,0,0,1,0,2,16,9,7,3,9,6,14,12,55,45,1.94,1.01,2.06,1.04,2.30,40,74,44,17,4,37,77,37,64,12.27,5.46,1.62,4.20,5.00,1.33,1.90,3.60,7.00,1.95,1.80,Estádio Nabi Abi Chedid
1699210800,Nov 05 2023 - 7:00pm,complete,N/A,Cruzeiro,Internacional,N/A,32,1.13,0.93,1.05,1.21,1,2,3,1,0,1,"90'2","14,52",8,1,2,0,1,0,0,2,0,1,16,9,6,4,10,5,9,10,62,38,1.60,1.17,1.96,1.05,1.63,34,54,23,7,0,20,67,23,50,12.53,6.20,2.15,3.10,3.60,1.47,2.50,4.67,9.55,2.10,1.67,Estádio Governador Magalhães Pinto
1699210800,Nov 05 2023 - 7:00pm,complete,N/A,Fortaleza,Flamengo,Anderson Daronco,32,2.00,1.56,1.74,1.63,0,2,2,1,0,1,"","45,87",4,3,1,0,3,0,1,0,1,2,14,7,5,6,9,1,9,11,53,47,1.79,1.33,1.66,1.11,2.85,60,80,60,34,23,37,60,54,80,10.07,4.77,2.63,3.10,2.80,1.36,2.20,3.75,7.50,1.91,1.91,Estádio Governador Plácido Aderaldo Castelo
1699219800,Nov 05 2023 - 9:30pm,complete,N/A,Coritiba,Goiás,N/A,32,0.80,0.87,0.84,0.84,0,1,1,0,0,0,"","70",5,9,3,0,3,0,2,1,0,3,8,17,3,9,5,8,17,22,50,50,1.45,1.16,1.09,1.99,2.54,47,74,34,17,13,37,77,30,70,10.40,5.33,2.45,3.30,2.88,1.36,2.10,3.75,7.50,1.91,1.91,Estádio Major Antônio Couto Pereira
1699308000,Nov 06 2023 - 10:00pm,complete,N/A,Vasco da Gama,Botafogo,Leandro Pedro Vuaden,32,1.33,1.71,1.53,1.42,1,0,1,1,1,0,"29","",4,4,2,0,4,0,0,2,1,3,9,5,4,3,5,2,23,13,42,58,1.60,1.10,1.14,0.88,2.10,35,45,35,21,14,28,59,24,66,8.93,5.91,2.25,3.25,3.20,1.36,2.20,3.75,7.50,1.95,1.80,Estádio Club de Regatas Vasco da Gama
1699315200,Nov 07 2023 - 12:00am,complete,N/A,Santos,Cuiabá,Savio Pereira Sampaio,32,1.53,1.47,1.32,1.42,0,0,0,0,0,0,"","",4,4,1,0,2,0,0,1,1,1,4,6,3,0,1,6,13,7,60,40,1.55,1.19,0.93,0.67,2.54,47,74,47,20,14,37,74,37,77,9.33,7.34,1.91,3.30,4.00,1.44,2.40,4.50,9.00,2.10,1.67,Estádio Urbano Caldeira
1699480800,Nov 08 2023 - 10:00pm,complete,N/A,Internacional,Fluminense,N/A,33,1.56,0.53,1.68,0.68,0,0,0,0,0,0,"","",5,3,2,0,2,0,0,2,1,1,18,9,6,5,12,4,13,16,40,60,1.54,1.60,1.98,1.13,2.81,45,74,49,26,16,29,58,55,74,9.70,6.50,1.83,3.50,4.50,1.32,2.05,3.40,6.50,1.95,1.80,Estádio José Pinheiro Borda
1699480800,Nov 08 2023 - 10:00pm,complete,N/A,América Mineiro,Coritiba,Marcelo de Lima Henrique,33,0.88,0.69,0.89,0.74,0,3,3,2,0,2,"","22,35,69",8,4,0,0,1,0,0,0,0,1,10,9,4,6,6,3,16,13,59,41,1.64,1.19,1.43,1.20,3.44,72,91,76,41,22,41,79,63,88,8.01,7.25,1.73,3.80,4.75,1.24,1.62,2.86,5.30,1.62,2.20,N/A
1699484400,Nov 08 2023 - 11:00pm,complete,11948,São Paulo,Bragantino,Flavio Rodrigues De Souza,33,2.19,1.60,2.21,1.26,1,0,1,0,0,0,"90'3","",9,5,2,0,2,0,1,1,1,1,11,7,6,4,5,3,10,24,57,43,1.78,1.58,1.35,1.14,2.45,46,78,45,17,10,36,74,43,71,13.03,5.62,2.49,3.31,2.99,1.38,2.10,3.88,7.75,1.80,1.95,Morumbí
1699484400,Nov 08 2023 - 11:00pm,complete,N/A,Atlético PR,Fortaleza,Raphael Claus,33,2.06,0.93,2.00,1.11,1,1,2,0,0,0,"57","54",15,2,1,0,0,0,0,1,0,0,15,11,4,4,11,7,20,12,57,43,1.77,1.38,1.59,1.19,2.47,51,74,42,22,10,35,77,29,75,10.18,5.89,2.05,3.47,3.77,1.35,2.10,3.75,7.50,1.95,1.80,N/A
1699489800,Nov 09 2023 - 12:30am,complete,64590,Flamengo,Palmeiras,N/A,33,1.79,1.50,1.84,1.37,3,0,3,2,2,0,"18,29,64","",4,5,1,0,1,1,1,0,0,2,10,9,7,2,3,7,12,17,48,52,1.68,1.47,1.44,0.97,2.35,40,70,40,19,13,23,70,37,78,12.13,5.09,2.17,3.50,3.42,1.36,1.98,3.75,7.50,1.95,1.80,N/A
1699567200,Nov 09 2023 - 10:00pm,complete,N/A,Corinthians,Atlético Mineiro,Braulio da Silva Machado,33,1.69,1.63,1.47,1.58,1,1,2,1,1,0,"23","67",5,6,1,0,4,0,0,1,2,2,13,11,10,4,3,7,8,19,40,60,1.68,1.34,1.78,1.28,2.13,54,72,25,13,3,13,54,47,72,10.13,6.50,2.80,2.88,2.90,1.53,3.10,5.50,10.00,2.38,1.53,Arena Corinthians
1699567200,Nov 09 2023 - 10:00pm,complete,N/A,Goiás,Santos,N/A,33,1.19,0.88,1.16,0.95,0,1,1,0,0,0,"","87",5,6,2,0,1,0,2,0,0,1,10,11,4,5,6,6,19,13,58,42,1.51,1.12,1.27,1.47,2.63,47,72,44,22,13,32,60,41,78,9.88,6.13,2.10,3.30,3.60,1.36,2.10,3.75,7.50,1.95,1.80,Estádio de Hailé Pinheiro
1699570800,Nov 09 2023 - 11:00pm,complete,N/A,Botafogo,Grêmio,Ramon Abatti,33,2.19,1.13,1.95,1.26,3,4,7,3,2,1,"6,29,46","9,50,53,69",2,6,0,0,2,0,0,0,1,1,10,11,6,7,4,4,8,17,51,49,1.86,1.39,1.27,1.45,3.07,57,88,57,22,19,38,75,47,94,10.69,5.62,1.95,3.60,3.80,1.30,1.95,3.40,6.50,1.80,1.95,Estádio Nilton Santos
1699570800,Nov 09 2023 - 11:00pm,complete,N/A,Bahia,Cuiabá,Felipe Fernandes de Lima,33,1.67,1.44,1.53,1.42,0,3,3,1,0,1,"","22,77,90'8",7,4,1,1,3,0,1,1,2,1,10,9,5,7,5,2,10,23,62,38,1.61,1.16,1.37,1.28,2.18,43,65,39,17,4,27,72,26,74,10.13,6.19,1.85,3.50,4.50,1.42,2.30,4.25,8.60,2.10,1.67,Arena Fonte Nova
1699729200,Nov 11 2023 - 7:00pm,complete,N/A,Coritiba,Cruzeiro,Braulio da Silva Machado,34,0.75,1.33,0.84,1.42,1,0,1,0,0,0,"90'1","",1,5,4,0,4,0,1,3,0,4,6,11,4,5,2,6,15,18,45,55,1.42,1.39,0.98,1.45,2.35,36,64,46,20,10,32,64,36,71,10.58,5.36,2.58,3.45,2.29,1.40,2.05,4.20,8.00,1.95,1.80,Estádio Major Antônio Couto Pereira
1699738200,Nov 11 2023 - 9:30pm,complete,N/A,Flamengo,Fluminense,Wilton Pereira Sampaio,34,1.87,0.56,1.84,0.68,1,1,2,1,1,0,"45'2","62",5,2,1,1,4,1,0,2,2,3,9,9,8,5,1,4,13,17,42,58,1.66,1.57,1.53,1.14,2.38,32,71,42,16,10,26,62,42,78,11.27,4.94,1.63,3.68,4.36,1.29,1.91,3.10,6.00,1.91,1.91,N/A
1699747200,Nov 12 2023 - 12:00am,complete,N/A,Palmeiras,Internacional,N/A,34,2.19,1.06,2.32,1.21,3,0,3,1,1,0,"38,59,88","",6,3,1,0,3,0,1,0,2,1,16,8,11,6,5,2,13,12,38,62,1.90,1.16,2.07,1.21,2.22,50,66,41,19,7,35,72,35,72,10.87,5.44,1.67,4.20,4.75,1.30,2.08,3.34,6.45,2.05,1.70,Allianz Parque
1699815600,Nov 12 2023 - 7:00pm,complete,N/A,Bragantino,Botafogo,Anderson Daronco,34,2.13,1.60,2.00,1.42,2,2,4,3,1,2,"3,90'6","35,37",7,3,2,0,1,0,1,1,0,1,21,8,8,5,13,3,12,16,65,35,1.95,1.08,2.42,1.08,2.00,32,61,36,13,4,29,71,29,58,11.45,5.80,1.73,3.75,4.75,1.30,1.95,3.45,6.50,1.91,1.91,Estádio Nabi Abi Chedid
1699815600,Nov 12 2023 - 7:00pm,complete,N/A,Grêmio,Corinthians,N/A,34,2.38,0.81,2.32,1.16,0,1,1,1,0,1,"","32",12,1,2,1,6,1,1,2,3,4,22,9,10,5,12,4,15,6,74,26,1.55,1.01,3.05,1.07,2.56,47,66,50,25,13,44,78,38,63,9.44,5.06,1.80,3.60,4.75,1.36,2.08,4.00,8.00,1.95,1.80,Arena do Grêmio
1699824600,Nov 12 2023 - 9:30pm,complete,N/A,Vasco da Gama,América Mineiro,Savio Pereira Sampaio,34,1.44,0.44,1.53,0.37,2,1,3,2,1,1,"4,90'4","13",7,8,1,0,1,0,0,1,0,1,15,12,7,7,8,5,13,12,50,50,1.58,1.32,1.71,1.66,2.85,60,69,50,44,19,38,76,38,76,10.06,6.01,1.44,4.00,9.00,1.25,1.85,3.10,6.00,2.05,1.70,Estádio Club de Regatas Vasco da Gama
1699824600,Nov 12 2023 - 9:30pm,complete,N/A,Santos,São Paulo,Raphael Claus,34,1.50,0.47,1.32,0.58,0,0,0,0,0,0,"","",1,4,0,0,2,0,0,0,1,1,9,10,4,4,5,6,12,14,30,70,1.52,1.25,1.10,1.24,2.54,62,77,52,23,16,48,71,36,58,9.93,7.15,2.60,3.20,2.80,1.42,2.40,4.10,8.50,2.00,1.75,Estádio Urbano Caldeira
1699824600,Nov 12 2023 - 9:30pm,complete,29123,Atlético Mineiro,Goiás,Marcelo de Lima Henrique,34,1.69,1.00,1.89,0.84,2,1,3,1,1,0,"41,70","88",3,7,1,1,2,0,0,2,1,1,7,14,5,7,2,7,17,16,48,52,1.52,1.22,0.97,1.71,2.29,47,66,29,13,7,25,69,32,75,10.19,5.50,1.55,4.00,6.50,1.34,2.10,3.60,7.00,2.20,1.62,Estádio Raimundo Sampaio
1699824600,Nov 12 2023 - 9:30pm,complete,N/A,Bahia,Atlético PR,N/A,34,1.56,1.00,1.53,0.95,1,1,2,0,0,0,"73","87",11,5,3,0,4,0,0,3,1,3,22,5,6,5,16,0,8,14,51,49,1.60,1.29,2.36,0.94,2.41,50,78,44,19,3,32,78,31,78,10.62,6.31,2.40,3.40,2.90,1.39,2.25,3.90,8.00,1.95,1.80,Arena Fonte Nova
1699824600,Nov 12 2023 - 9:30pm,complete,N/A,Cuiabá,Fortaleza,Caio Max Augusto Vieira,34,1.13,0.94,1.26,1.11,2,1,3,1,1,0,"6,90'2","90'8",2,9,1,0,2,0,1,0,0,2,8,8,5,4,3,4,7,15,36,64,1.52,1.37,1.00,1.35,2.16,41,72,38,13,0,16,47,41,85,10.31,4.88,2.63,3.00,3.00,1.50,2.88,4.70,9.40,2.20,1.62,Arena Pantanal
1700343000,Nov 18 2023 - 9:30pm,complete,N/A,Fortaleza,Cruzeiro,Savio Pereira Sampaio,30,1.87,1.25,1.74,1.42,0,1,1,0,0,0,"","80",11,1,1,0,2,0,1,0,0,2,15,7,8,3,7,4,16,14,53,47,1.78,1.39,1.94,0.86,2.33,36,62,46,23,10,23,52,46,78,11.12,4.88,1.95,3.10,4.50,1.53,2.50,4.75,10.00,2.20,1.62,Estádio Governador Plácido Aderaldo Castelo
1700690400,Nov 22 2023 - 10:00pm,complete,N/A,Cruzeiro,Vasco da Gama,Leandro Pedro Vuaden,33,1.06,0.88,1.05,0.84,2,2,4,3,2,1,"41,45'9","15,77",7,5,1,0,0,1,1,0,0,1,12,10,5,5,7,5,12,9,50,50,1.62,1.28,1.51,1.20,1.97,44,63,25,10,7,22,63,29,63,13.56,6.00,2.10,3.10,3.80,1.49,2.60,4.30,9.50,2.20,1.62,Estádio Governador Magalhães Pinto
1700699400,Nov 23 2023 - 12:30am,complete,44694,Fluminense,São Paulo,N/A,32,2.31,0.50,2.26,0.58,1,0,1,0,0,0,"54","",3,4,6,0,5,1,4,2,4,2,18,2,9,2,9,0,23,14,55,45,1.78,1.25,2.21,0.46,2.29,53,72,38,13,10,38,66,28,60,11.50,7.19,2.20,2.98,2.92,1.47,2.17,4.75,9.50,2.00,1.75,N/A
1700776800,Nov 23 2023 - 10:00pm,complete,N/A,Fortaleza,Botafogo,Ramon Abatti,29,1.75,1.56,1.74,1.42,2,2,4,3,2,1,"8,41","20,78",4,5,2,0,4,0,0,2,2,2,10,8,5,2,5,6,17,19,31,69,1.79,1.08,1.34,0.97,2.22,41,60,41,22,10,32,57,35,72,9.31,4.69,2.10,3.40,3.50,1.36,2.10,3.73,7.40,1.95,1.80,Estádio Governador Plácido Aderaldo Castelo
1700785800,Nov 24 2023 - 12:30am,complete,N/A,Flamengo,Bragantino,Braulio da Silva Machado,30,1.81,1.50,1.84,1.26,1,0,1,0,0,0,"75","",8,6,4,0,3,1,2,2,1,3,10,15,5,4,5,11,10,15,53,47,1.66,1.55,1.32,1.51,2.25,41,75,35,13,6,32,69,38,79,12.56,5.07,1.95,3.48,3.33,1.28,1.85,3.25,6.00,1.80,1.95,N/A
1700870400,Nov 25 2023 - 12:00am,complete,N/A,Corinthians,Bahia,Marcelo de Lima Henrique,35,1.65,0.71,1.47,0.79,1,5,6,3,0,3,"67","4,16,29,75,85",3,3,2,0,3,0,2,0,1,2,14,12,5,8,9,4,7,14,65,35,1.69,1.31,1.60,1.52,2.41,50,68,33,15,9,18,53,50,77,9.70,5.30,2.10,3.30,3.60,1.44,2.30,4.50,9.00,1.95,1.80,Arena Corinthians
1700951400,Nov 25 2023 - 10:30pm,complete,N/A,Atlético PR,Vasco da Gama,Anderson Daronco,35,2.00,0.88,2.00,0.84,0,0,0,0,0,0,"","",5,1,1,0,4,0,1,0,0,4,17,6,5,3,12,3,15,19,55,45,1.76,1.27,1.93,0.77,2.74,68,85,41,27,15,41,77,32,77,11.88,5.53,1.95,3.40,4.00,1.38,2.20,4.00,8.00,1.95,1.80,N/A
1700956800,Nov 26 2023 - 12:00am,complete,N/A,Fluminense,Coritiba,N/A,35,2.35,0.82,2.26,0.74,2,1,3,1,1,0,"45'1,63","90",6,5,2,0,2,0,2,0,0,2,17,12,9,4,8,8,15,10,65,35,1.81,1.19,2.11,1.37,3.18,65,83,62,36,21,47,77,44,82,9.94,8.36,1.36,4.75,9.50,1.22,1.70,2.85,5.00,2.00,1.75,N/A
1701025200,Nov 26 2023 - 7:00pm,complete,N/A,Botafogo,Santos,Wilton Pereira Sampaio,35,2.06,1.00,1.95,0.95,1,1,2,1,1,0,"11","90",4,5,2,0,3,0,0,2,1,2,13,7,6,6,7,1,14,15,46,54,1.82,1.14,1.63,1.15,2.80,44,80,47,21,15,30,68,41,88,10.06,5.30,1.62,3.50,5.75,1.36,2.08,4.00,7.50,2.05,1.70,Estádio Nilton Santos
1701025200,Nov 26 2023 - 7:00pm,complete,N/A,Atlético Mineiro,Grêmio,Braulio da Silva Machado,35,1.76,1.24,1.89,1.26,3,0,3,1,1,0,"25,50,58","",7,7,2,0,2,0,2,0,0,2,13,16,7,7,6,9,10,12,44,56,1.49,1.39,1.61,1.99,2.92,62,80,56,21,15,36,74,50,85,9.76,5.52,1.80,3.50,4.50,1.30,2.00,3.50,6.50,1.95,1.80,Estádio Raimundo Sampaio
1701034200,Nov 26 2023 - 9:30pm,complete,N/A,São Paulo,Cuiabá,N/A,35,2.24,1.53,2.21,1.42,0,0,0,0,0,0,"","",5,1,2,0,0,0,0,2,0,0,13,2,5,0,8,2,12,11,62,38,1.76,1.17,1.57,0.43,2.12,33,65,41,6,6,21,68,32,76,10.88,5.83,1.80,3.30,5.50,1.53,2.60,5.00,10.00,2.38,1.53,Morumbí
1701034200,Nov 26 2023 - 9:30pm,complete,N/A,Internacional,Bragantino,Felipe Fernandes de Lima,35,1.53,1.41,1.68,1.26,1,0,1,1,1,0,"30","",4,7,5,0,5,0,1,4,1,4,8,11,3,6,5,5,18,13,34,66,1.57,1.55,0.88,1.65,2.48,47,71,38,21,12,32,59,47,71,10.94,6.53,2.63,3.40,2.63,1.33,2.05,3.75,7.00,1.80,1.95,Estádio José Pinheiro Borda
1701034200,Nov 26 2023 - 9:30pm,complete,N/A,Fortaleza,Palmeiras,N/A,35,1.71,1.41,1.74,1.37,2,2,4,1,1,0,"20,70","66,77",4,7,2,0,2,1,1,1,0,3,18,12,9,6,9,6,18,11,37,63,1.77,1.44,2.00,1.38,2.56,44,71,47,29,15,29,65,41,77,11.71,4.88,3.40,3.20,2.20,1.40,2.20,4.20,8.00,1.95,1.80,Estádio Governador Plácido Aderaldo Castelo
1701034200,Nov 26 2023 - 9:30pm,complete,N/A,América Mineiro,Flamengo,N/A,35,0.82,1.65,0.89,1.63,0,3,3,1,0,1,"","29,50,85",3,7,4,0,4,0,2,2,1,3,9,17,2,9,7,8,9,13,43,57,1.63,1.32,1.01,2.18,3.03,59,88,65,30,21,35,71,53,85,8.76,5.30,7.50,4.75,1.40,1.20,1.62,2.35,4.75,1.80,1.95,Estádio Municipal João Havelange
1701129600,Nov 28 2023 - 12:00am,complete,N/A,Goiás,Cruzeiro,Ramon Abatti,35,1.12,1.35,1.16,1.42,0,1,1,0,0,0,"","90'6",4,5,3,0,3,0,1,2,1,2,10,13,4,8,6,5,18,17,50,50,1.50,1.36,1.27,1.81,2.27,36,56,38,21,9,27,50,35,76,10.41,6.05,2.21,3.27,3.32,1.50,2.37,5.00,10.00,2.00,1.75,Estádio de Hailé Pinheiro
1701217800,Nov 29 2023 - 12:30am,complete,N/A,Vasco da Gama,Corinthians,Savio Pereira Sampaio,36,1.53,0.94,1.53,1.16,2,4,6,4,2,2,"3,25","13,45,61,90'4",8,3,3,0,2,0,0,3,0,2,17,9,10,6,7,3,9,4,53,47,1.58,1.01,2.25,1.27,2.24,38,50,38,21,12,33,71,27,62,9.82,5.65,1.95,3.25,4.00,1.46,2.25,4.50,9.60,2.20,1.62,Estádio Club de Regatas Vasco da Gama
1701295200,Nov 29 2023 - 10:00pm,complete,N/A,Santos,Fluminense,Anderson Daronco,36,1.47,0.59,1.32,0.68,0,3,3,2,0,2,"","10,36,59",5,3,2,0,3,0,2,0,1,2,23,8,10,6,13,2,18,9,28,72,1.49,1.55,2.66,1.14,2.68,47,74,50,30,18,39,65,44,68,9.64,6.65,2.40,3.20,3.00,1.36,2.15,3.75,7.50,1.91,1.91,Estádio Urbano Caldeira
1701297000,Nov 29 2023 - 10:30pm,complete,N/A,Flamengo,Atlético Mineiro,Ramon Abatti,36,1.88,1.59,1.84,1.58,0,3,3,1,0,1,"","8,47,82",10,1,3,0,2,0,1,2,1,1,15,10,5,7,10,3,12,12,58,42,1.64,1.34,1.98,1.25,2.00,38,71,30,6,3,18,68,29,77,11.64,6.05,1.75,3.50,5.00,1.40,2.15,4.00,8.00,2.00,1.75,N/A
1701298800,Nov 29 2023 - 11:00pm,complete,N/A,Bahia,São Paulo,Braulio da Silva Machado,36,1.53,0.47,1.53,0.58,0,1,1,0,0,0,"","90'7",3,5,4,0,3,0,0,4,0,3,8,10,4,6,4,4,15,11,33,67,1.64,1.20,1.03,1.47,2.24,56,71,44,18,6,35,68,30,62,11.06,6.41,2.30,3.20,3.30,1.45,2.30,4.50,9.50,1.95,1.80,Arena Fonte Nova
1701298800,Nov 29 2023 - 11:00pm,complete,N/A,Cuiabá,Internacional,Dyorgines José Padovani Andrade,36,1.24,1.00,1.26,1.21,0,2,2,0,0,0,"","52,89",2,5,3,0,2,0,1,2,1,1,9,9,2,5,7,4,13,12,45,55,1.49,1.16,1.01,1.26,2.21,47,77,44,12,0,18,59,44,77,10.05,4.82,2.88,2.75,2.88,1.53,2.88,6.00,13.00,2.20,1.62,Arena Pantanal
1701304200,Nov 30 2023 - 12:30am,complete,N/A,Palmeiras,América Mineiro,Wilton Pereira Sampaio,36,2.24,0.41,2.32,0.37,4,0,4,2,2,0,"2,40,88,90'2","",10,2,2,0,2,0,1,1,2,0,26,4,13,2,13,2,10,14,46,54,1.91,1.34,2.98,0.55,2.97,68,83,59,42,15,50,82,41,85,11.47,5.11,1.21,5.45,9.73,1.11,1.63,2.05,3.34,2.00,1.75,Allianz Parque
1701304200,Nov 30 2023 - 12:30am,complete,N/A,Coritiba,Botafogo,N/A,36,0.88,1.53,0.84,1.42,1,1,2,0,0,0,"90'9","90'7",3,10,4,1,1,1,3,2,2,0,10,17,3,7,7,10,13,11,47,53,1.40,1.08,1.13,2.05,2.27,41,62,41,21,9,41,68,24,68,8.30,5.47,3.55,3.30,1.89,1.32,1.88,3.50,6.50,1.91,1.91,Estádio Major Antônio Couto Pereira
1701381600,Nov 30 2023 - 10:00pm,complete,N/A,Grêmio,Goiás,Marcelo de Lima Henrique,36,2.24,0.94,2.32,0.84,2,1,3,1,0,1,"50,56","28",6,3,3,0,2,0,2,1,0,2,10,13,9,7,1,6,16,15,50,50,1.64,1.24,1.72,1.56,2.56,47,65,39,21,15,33,77,35,68,11.06,5.53,1.55,4.20,6.00,1.22,1.70,3.00,5.50,1.80,1.95,Arena do Grêmio
1701385200,Nov 30 2023 - 11:00pm,complete,N/A,Cruzeiro,Atlético PR,Leandro Pedro Vuaden,36,1.06,1.00,1.05,0.95,1,1,2,0,0,0,"84","65",2,3,3,0,4,0,2,1,1,3,23,6,10,4,13,2,10,13,57,43,1.62,1.27,2.61,0.88,1.89,38,65,27,6,0,21,71,27,65,13.00,6.23,2.00,3.40,3.80,1.53,2.35,4.75,10.00,2.05,1.70,Estádio Governador Magalhães Pinto
1701387000,Nov 30 2023 - 11:30pm,complete,N/A,Bragantino,Fortaleza,Denis Ribeiro Serafim,36,2.06,0.88,2.00,1.11,1,2,3,3,1,2,"45'3","14,23",15,3,1,2,4,0,1,2,1,3,12,6,7,5,5,1,9,10,75,25,1.98,1.37,1.87,0.82,2.15,38,71,38,15,0,24,68,38,71,12.35,5.88,1.70,3.60,5.00,1.22,1.83,3.00,4.70,1.80,1.95,Estádio Nabi Abi Chedid
1701550800,Dec 02 2023 - 9:00pm,complete,N/A,Corinthians,Internacional,Caio Max Augusto Vieira,37,1.56,1.11,1.47,1.21,1,2,3,1,0,1,"57","35,66",5,4,2,1,2,0,0,3,1,1,7,12,3,5,4,7,4,13,49,51,1.68,1.17,1.00,1.36,2.31,58,75,34,17,6,20,56,53,75,8.61,5.55,2.50,2.90,3.20,1.53,2.60,2.42,10.00,2.05,1.70,Arena Corinthians
1701561600,Dec 03 2023 - 12:00am,complete,N/A,Atlético Mineiro,São Paulo,Savio Pereira Sampaio,37,1.83,0.61,1.89,0.58,2,1,3,0,0,0,"77,90'4","90'1",3,5,4,0,1,0,0,4,0,1,5,12,3,6,2,6,17,8,48,52,1.49,1.22,0.80,1.42,2.06,50,67,39,9,3,28,64,33,64,9.66,6.11,1.65,3.60,5.25,1.42,2.35,4.00,9.60,2.25,1.57,Estádio Raimundo Sampaio
1701630000,Dec 03 2023 - 7:00pm,complete,N/A,Flamengo,Cuiabá,N/A,37,1.78,1.50,1.84,1.42,2,1,3,2,2,0,"6,45'4","79",6,2,2,0,1,0,0,2,0,1,14,3,7,2,7,1,13,9,68,32,1.66,1.12,1.66,0.54,1.95,28,64,34,3,3,17,64,31,81,10.50,5.33,1.40,4.75,8.00,1.25,1.85,2.88,5.30,2.20,1.62,N/A
1701630000,Dec 03 2023 - 7:00pm,complete,N/A,Palmeiras,Fluminense,Braulio da Silva Machado,37,2.28,0.72,2.32,0.68,1,0,1,1,1,0,"30","",7,1,1,0,2,1,1,0,1,2,17,6,6,3,11,3,11,12,36,64,1.97,1.52,1.82,0.84,2.56,39,70,47,25,11,36,70,42,78,11.84,5.33,1.30,5.25,11.00,1.26,1.65,2.92,2.92,2.10,1.67,Allianz Parque
1701639000,Dec 03 2023 - 9:30pm,complete,N/A,Botafogo,Cruzeiro,Wilton Pereira Sampaio,37,2.00,1.44,1.95,1.42,0,0,0,0,0,0,"","",6,2,4,0,3,0,2,2,2,1,15,8,4,4,11,4,17,13,61,39,1.81,1.39,1.68,0.99,2.47,36,67,42,20,12,25,61,36,86,10.44,5.39,2.20,3.25,3.50,1.38,2.20,4.05,7.90,1.95,1.80,Estádio Nilton Santos
1701639000,Dec 03 2023 - 9:30pm,complete,N/A,Bragantino,Coritiba,Dyorgines José Padovani Andrade,37,1.94,0.78,2.00,0.74,1,0,1,0,0,0,"75","",12,6,4,0,1,0,2,2,0,1,22,3,10,0,12,3,16,10,65,35,1.97,1.20,2.67,0.44,3.03,61,86,67,34,14,45,86,47,73,12.17,7.17,1.25,6.50,10.00,1.15,1.50,2.10,4.00,2.00,1.75,Estádio Nabi Abi Chedid
1701639000,Dec 03 2023 - 9:30pm,complete,50481,Grêmio,Vasco da Gama,Ramon Abatti,37,2.28,0.89,2.32,0.84,1,0,1,0,0,0,"46","",5,6,3,0,1,0,1,2,0,1,10,6,6,2,4,4,18,12,47,53,1.64,1.25,1.34,0.85,2.58,56,73,45,25,14,36,70,39,70,10.55,5.83,1.85,3.50,4.50,1.32,1.95,3.30,3.40,1.80,1.95,Arena do Grêmio
1701639000,Dec 03 2023 - 9:30pm,complete,N/A,Atlético PR,Santos,N/A,37,1.94,1.00,2.00,0.95,3,0,3,1,1,0,"45'6,75,90'3","",6,6,5,0,4,0,0,5,2,2,11,11,7,4,4,7,18,15,54,46,1.77,1.14,1.43,1.32,2.64,56,78,44,23,14,33,75,34,75,11.22,5.17,1.95,3.40,4.00,1.35,1.95,3.60,7.25,1.75,2.00,N/A
1701639000,Dec 03 2023 - 9:30pm,complete,N/A,Fortaleza,Goiás,Anderson Daronco,37,1.67,0.89,1.74,0.84,1,0,1,1,1,0,"6","",4,2,2,0,4,0,1,1,1,3,6,3,2,2,4,1,19,14,46,54,1.78,1.26,0.86,0.54,2.53,50,70,39,22,11,25,64,42,81,11.22,4.67,1.45,4.20,7.50,1.26,1.90,3.55,3.55,2.00,1.75,Estádio Governador Plácido Aderaldo Castelo
1701639000,Dec 03 2023 - 9:30pm,complete,N/A,América Mineiro,Bahia,Marcelo de Lima Henrique,37,0.78,0.83,0.89,0.79,3,2,5,3,2,1,"29,38,47","26,57",2,10,2,1,0,0,0,3,0,0,9,19,4,6,5,13,15,4,43,57,1.59,1.32,1.09,2.20,2.84,42,75,56,20,14,28,70,53,81,9.44,5.39,3.50,3.50,2.10,1.30,1.80,3.00,3.00,1.70,2.05,Estádio Raimundo Sampaio
1701900000,Dec 06 2023 - 10:00pm,complete,N/A,Goiás,América Mineiro,N/A,38,1.06,0.39,1.16,0.37,1,0,1,1,1,0,"33","",8,7,2,0,2,0,0,2,0,2,12,9,3,4,9,5,12,13,42,58,1.48,1.30,1.28,1.31,2.95,64,81,53,42,14,47,70,42,84,9.72,6.00,1.70,4.00,4.75,1.28,1.67,3.30,6.00,1.67,2.10,Estádio de Hailé Pinheiro
1701909000,Dec 07 2023 - 12:30am,complete,N/A,Fluminense,Grêmio,Raphael Claus,38,2.39,1.17,2.26,1.26,2,3,5,3,1,2,"34,81","43,45,64",7,3,3,0,3,0,2,1,3,0,20,10,8,6,12,4,12,12,70,30,1.83,1.42,2.38,1.25,3.06,59,81,56,23,20,39,73,47,86,11.56,6.72,1.94,3.70,3.40,1.25,1.80,2.80,5.25,1.57,2.25,N/A
1701909000,Dec 07 2023 - 12:30am,complete,N/A,Vasco da Gama,Bragantino,Wilton Pereira Sampaio,38,1.44,1.33,1.53,1.26,2,1,3,1,1,0,"29,82","63",2,3,3,0,1,1,0,3,1,1,11,6,7,3,4,3,8,14,45,55,1.62,1.55,1.51,0.86,2.31,39,56,34,23,14,31,67,34,67,12.33,6.11,1.81,3.60,4.00,1.33,1.95,3.45,6.50,1.80,1.95,Estádio Club de Regatas Vasco da Gama
1701909000,Dec 07 2023 - 12:30am,complete,N/A,São Paulo,Flamengo,Caio Max Augusto Vieira,38,2.17,1.72,2.21,1.63,1,0,1,1,1,0,"26","",4,9,0,0,3,0,0,0,1,2,8,6,4,3,4,3,13,16,43,57,1.75,1.37,0.98,0.96,2.67,50,78,59,22,20,34,70,42,78,10.78,5.33,3.00,3.40,2.23,1.37,2.10,3.80,3.80,1.95,1.80,Morumbí
1701909000,Dec 07 2023 - 12:30am,complete,N/A,Santos,Fortaleza,Leandro Pedro Vuaden,38,1.39,1.00,1.32,1.11,1,2,3,1,0,1,"58","39,90'6",10,6,2,0,3,0,1,1,3,0,11,12,7,8,4,4,15,9,55,45,1.56,1.34,1.71,1.55,2.47,50,73,50,22,11,39,64,39,73,8.89,6.56,1.92,3.50,3.70,1.36,2.00,3.80,3.80,2.05,1.70,Estádio Urbano Caldeira
1701909000,Dec 07 2023 - 12:30am,complete,44190,Cruzeiro,Palmeiras,Anderson Daronco,38,1.06,1.39,1.05,1.37,1,1,2,1,0,1,"80","21",3,4,1,0,1,0,0,1,0,1,14,7,7,6,7,1,9,19,56,44,1.67,1.43,1.66,1.05,2.14,39,61,36,20,9,23,73,31,61,13.73,5.83,3.40,2.90,2.28,1.50,2.40,5.00,9.50,2.10,1.67,Estádio Governador Magalhães Pinto
1701909000,Dec 07 2023 - 12:30am,complete,N/A,Internacional,Botafogo,Flavio Rodrigues De Souza,38,1.61,1.50,1.68,1.42,3,1,4,1,1,0,"19,50,53","47",1,5,1,0,2,0,0,1,1,1,7,8,4,6,3,2,10,10,54,46,1.53,1.13,0.89,1.17,2.36,47,62,42,22,12,34,59,36,67,8.17,6.39,2.13,3.40,3.20,1.38,2.10,3.85,8.00,1.80,1.95,Estádio José Pinheiro Borda
1701909000,Dec 07 2023 - 12:30am,complete,N/A,Coritiba,Corinthians,Jonathan Benkenstein Pinheiro,38,0.89,1.06,0.84,1.16,0,2,2,2,0,2,"","11,21",6,6,1,0,0,0,0,1,0,0,11,13,6,7,5,6,17,12,46,54,1.38,1.03,1.57,1.64,2.42,44,67,42,20,11,42,73,33,67,8.89,5.50,3.10,3.30,2.20,1.38,2.00,3.85,7.50,1.91,1.91,Estádio Major Antônio Couto Pereira
1701909000,Dec 07 2023 - 12:30am,complete,N/A,Bahia,Atlético Mineiro,Ramon Abatti,38,1.44,1.67,1.53,1.58,4,1,5,3,2,1,"11,45'7,67,90'2","36",3,5,2,0,2,0,0,2,0,2,14,6,7,6,7,0,16,10,37,63,1.61,1.33,1.70,1.01,2.22,48,72,39,17,3,22,72,33,73,11.23,6.73,3.20,3.50,2.11,1.29,1.85,3.10,6.00,1.80,1.95,Arena Fonte Nova
1701909000,Dec 07 2023 - 12:30am,complete,N/A,Cuiabá,Atlético PR,N/A,38,1.17,1.00,1.26,0.95,3,0,3,2,2,0,"13,17,90'6","",5,9,3,1,3,0,0,4,1,2,12,10,7,4,5,6,9,15,44,56,1.46,1.25,1.45,1.36,2.25,47,83,36,9,0,17,56,45,86,10.56,5.28,2.60,3.10,2.80,1.52,2.40,4.50,9.00,2.00,1.75,Arena Pantanal
1649532600,Apr 09 2022 - 7:30pm,complete,22855,Fluminense,Santos,Anderson Daronco,1,0.00,0.00,2.05,0.95,0,0,0,0,0,0,"","",8,1,1,0,0,0,0,1,0,0,27,4,7,2,20,2,14,18,66,34,0.00,0.00,2.57,0.54,0.00,0,0,0,0,0,0,0,0,0,0.00,0.00,1.75,3.21,4.40,1.51,2.48,4.75,10.00,2.20,1.62,Estadio Jornalista Mário Filho (Maracanã) (Rio de Janeiro- Rio de Janeiro)
1649541600,Apr 09 2022 - 10:00pm,complete,N/A,Atlético GO,Flamengo,Braulio da Silva Machado,1,0.00,0.00,1.21,1.37,1,1,2,0,0,0,"75","84",4,10,3,0,2,0,1,2,0,2,12,13,5,3,7,10,7,11,44,56,0.00,0.00,1.33,1.61,0.00,0,0,0,0,0,0,0,0,0,0.00,0.00,4.85,3.88,1.55,1.27,1.84,3.00,5.50,1.91,1.91,Estádio Antônio Accioly (Goiânia- Goiás)
1649548800,Apr 10 2022 - 12:00am,complete,N/A,Palmeiras,Ceará,Caio Max Augusto Vieira,1,0.00,0.00,2.26,0.89,2,3,5,3,1,2,"22,90'6","7,14,85",11,8,4,0,9,1,2,2,3,7,18,21,5,9,13,12,17,14,56,44,0.00,0.00,1.95,2.20,0.00,0,0,0,0,0,0,0,0,0,0.00,0.00,1.40,3.87,7.30,1.38,2.28,4.05,7.20,2.38,1.53,Allianz Parque (São Paulo- São Paulo)
1649599200,Apr 10 2022 - 2:00pm,complete,N/A,Coritiba,Goiás,Raphael Claus,1,0.00,0.00,1.95,1.05,3,0,3,1,1,0,"10,47,90'1","",7,3,2,0,3,0,1,1,1,2,18,8,10,0,8,8,10,12,52,48,0.00,0.00,2.11,0.79,0.00,0,0,0,0,0,0,0,0,0,0.00,0.00,2.05,3.20,4.05,1.45,2.35,5.00,11.50,2.05,1.70,Estádio Major Antônio Couto Pereira (Curitiba- Paraná)
1649617200,Apr 10 2022 - 7:00pm,complete,N/A,Atlético Mineiro,Internacional,Bruno Arleu de Araujo,1,0.00,0.00,1.53,1.53,2,0,2,1,1,0,"10,90'3","",3,3,2,0,4,0,0,2,2,2,16,7,6,3,10,4,12,18,53,47,0.00,0.00,1.76,0.93,0.00,0,0,0,0,0,0,0,0,0,0.00,0.00,1.58,3.65,5.25,1.36,2.15,4.00,8.00,2.20,1.62,Estádio Governador Magalhães Pinto (Belo Horizonte- Minas Gerais)
1649617200,Apr 10 2022 - 7:00pm,complete,N/A,Botafogo,Corinthians,Wilton Pereira Sampaio,1,0.00,0.00,1.16,1.32,1,3,4,3,0,3,"66","17,26,44",2,4,1,0,4,0,1,0,1,3,11,16,5,10,6,6,6,18,56,44,0.00,0.00,1.40,1.96,0.00,0,0,0,0,0,0,0,0,0,0.00,0.00,2.95,3.00,2.40,1.53,2.50,5.00,11.00,2.10,1.67,Estádio Nilton Santos (Rio de Janeiro)
1649624400,Apr 10 2022 - 9:00pm,complete,N/A,Fortaleza,Cuiabá,Felipe Fernandes de Lima,1,0.00,0.00,1.53,0.79,0,1,1,1,0,1,"","8",7,1,2,0,3,0,0,2,1,2,22,10,5,5,17,5,22,23,65,35,0.00,0.00,2.07,1.11,0.00,0,0,0,0,0,0,0,0,0,0.00,0.00,1.50,3.80,5.75,1.40,2.30,4.00,8.00,2.20,1.60,Estádio Governador Plácido Aderaldo Castelo (Fortaleza- Ceará)
1649628000,Apr 10 2022 - 10:00pm,complete,N/A,São Paulo,Atlético PR,Wagner do Nascimento Magalhaes,1,0.00,0.00,1.58,1.00,4,0,4,1,1,0,"19,52,70,74","",5,5,1,0,3,0,1,0,0,3,19,8,10,0,9,8,17,14,54,46,0.00,0.00,2.15,0.75,0.00,0,0,0,0,0,0,0,0,0,0.00,0.00,1.83,3.10,4.35,1.47,2.30,4.75,10.00,2.38,1.53,Estádio Cícero Pompeu de Toledo (Morumbi) (São Paulo- São Paulo)
1649628000,Apr 10 2022 - 10:00pm,complete,N/A,Avaí,América Mineiro,Luiz Flavio De Oliveira,1,0.00,0.00,1.32,1.16,1,0,1,0,0,0,"52","",6,1,3,0,3,2,0,3,3,2,14,9,3,2,11,7,20,18,58,42,0.00,0.00,1.42,0.95,0.00,0,0,0,0,0,0,0,0,0,0.00,0.00,2.65,3.00,2.65,1.53,2.46,5.25,11.50,2.10,1.67,Estádio Aderbal Ramos da Silva (Florianópolis- Santa Catarina)
1649718000,Apr 11 2022 - 11:00pm,complete,N/A,Juventude,Bragantino,Rodolpho Toski Marques,1,0.00,0.00,0.79,0.79,2,2,4,2,1,1,"30,69","12,89",5,4,4,0,5,0,3,1,2,3,15,12,9,4,6,8,16,17,50,50,0.00,0.00,2.15,1.47,0.00,0,0,0,0,0,0,0,0,0,0.00,0.00,2.60,3.05,2.60,1.51,2.55,5.00,10.00,2.05,1.68,Estádio Alfredo Jaconi (Caxias do Sul- Rio Grande do Sul)
1650137400,Apr 16 2022 - 7:30pm,complete,N/A,Goiás,Palmeiras,Braulio da Silva Machado,2,0.00,0.00,1.37,2.00,1,1,2,0,0,0,"57","90'6",2,6,4,0,0,0,0,4,0,0,9,22,6,7,3,15,16,7,24,76,0.00,0.00,1.18,2.52,0.00,0,0,0,0,0,0,0,0,0,0.00,0.00,6.04,3.66,1.64,1.40,2.28,4.00,7.50,2.20,1.62,Estádio de Hailé Pinheiro (Goiânia- Goiás)
1650146400,Apr 16 2022 - 10:00pm,complete,N/A,América Mineiro,Juventude,Ramon Abatti,2,0.00,0.00,1.63,0.37,4,1,5,2,2,0,"19,25,65,89","83",5,5,3,0,0,1,1,2,1,0,23,13,10,6,13,7,19,11,46,54,0.00,0.00,2.53,1.50,0.00,0,0,0,0,0,0,0,0,0,0.00,0.00,1.74,3.69,4.94,1.50,2.55,4.33,9.00,2.30,1.57,Estádio Raimundo Sampaio (Belo Horizonte- Minas Gerais)
1650146400,Apr 16 2022 - 10:00pm,complete,30497,Corinthians,Avaí,Bruno Arleu de Araujo,2,0.00,0.00,2.11,0.53,3,0,3,2,2,0,"9,25,55","",7,2,1,0,1,0,0,1,0,1,14,17,5,8,9,9,22,12,54,46,0.00,0.00,1.54,1.82,0.00,0,0,0,0,0,0,0,0,0,0.00,0.00,1.37,4.68,9.19,1.50,2.48,4.33,9.00,2.62,1.44,Neo Química Arena (São Paulo- São Paulo)
1650153600,Apr 17 2022 - 12:00am,complete,N/A,Cuiabá,Fluminense,Savio Pereira Sampaio,2,0.00,0.00,1.37,1.63,0,1,1,0,0,0,"","90'2",2,5,2,0,1,0,1,1,1,0,5,14,2,5,3,9,18,14,39,61,0.00,0.00,0.72,1.52,0.00,0,0,0,0,0,0,0,0,0,0.00,0.00,2.57,3.12,3.10,1.52,2.18,4.75,10.00,2.10,1.67,Arena Pantanal (Cuiabá- Mato Grosso)
1650204000,Apr 17 2022 - 2:00pm,complete,N/A,Santos,Coritiba,Wagner do Nascimento Magalhaes,2,0.00,0.00,1.53,0.26,2,1,3,3,2,1,"12,32","28",4,7,2,0,4,0,0,2,1,3,18,22,10,7,8,15,22,10,35,65,0.00,0.00,2.13,2.36,0.00,0,0,0,0,0,0,0,0,0,0.00,0.00,1.85,3.25,3.90,1.50,2.40,4.93,10.25,2.20,1.60,Estádio Urbano Caldeira (Santos- São Paulo)
1650222000,Apr 17 2022 - 7:00pm,complete,N/A,Flamengo,São Paulo,Anderson Daronco,2,0.00,0.00,1.89,1.26,3,1,4,2,1,1,"25,69,72","41",2,3,2,0,6,0,2,0,3,3,20,6,10,2,10,4,17,25,53,47,0.00,0.00,2.30,0.74,0.00,0,0,0,0,0,0,0,0,0,0.00,0.00,1.71,3.85,4.90,1.34,2.04,3.58,7.00,2.00,1.77,Estadio Jornalista Mário Filho (Maracanã) (Rio de Janeiro- Rio de Janeiro)
1650229200,Apr 17 2022 - 9:00pm,complete,N/A,Bragantino,Atlético GO,Paulo Roberto Alves Júnior,2,0.00,0.00,1.53,0.68,4,0,4,3,3,0,"19,26,30,59","",13,2,1,0,4,0,1,0,3,1,20,6,9,3,11,3,12,9,58,42,0.00,0.00,2.44,0.76,0.00,0,0,0,0,0,0,0,0,0,0.00,0.00,1.70,3.55,4.90,1.40,2.28,4.10,8.25,2.07,1.72,Estádio Nabi Abi Chedid (Bragança Paulista- São Paulo)
1650229200,Apr 17 2022 - 9:00pm,complete,N/A,Internacional,Fortaleza,Flavio Rodrigues De Souza,2,0.00,0.00,2.32,1.37,2,1,3,2,1,1,"45'7,90","45'6",8,5,5,0,5,0,2,3,1,4,19,7,7,4,12,3,15,13,51,49,0.00,0.00,1.98,0.94,0.00,0,0,0,0,0,0,0,0,0,0.00,0.00,1.79,3.40,4.50,1.41,2.28,4.18,8.45,2.05,1.73,Estádio José Pinheiro Borda (Porto Alegre- Rio Grande do Sul)
1650229200,Apr 17 2022 - 9:00pm,complete,N/A,Atlético PR,Atlético Mineiro,Wilton Pereira Sampaio,2,0.00,0.00,2.05,1.53,0,1,1,0,0,0,"","49",2,5,2,0,3,0,0,2,0,3,14,18,4,6,10,12,9,14,44,56,0.00,0.00,1.49,1.91,0.00,0,0,0,0,0,0,0,0,0,0.00,0.00,3.40,3.40,2.06,1.38,2.16,3.88,7.75,1.95,1.81,Arena da Baixada (Curitiba- Paraná)
1650232800,Apr 17 2022 - 10:00pm,complete,N/A,Ceará,Botafogo,Raphael Claus,2,0.00,0.00,1.05,1.63,1,3,4,2,1,1,"43","17,60,80",4,2,1,1,4,0,0,2,0,4,18,13,6,5,12,8,16,15,65,35,0.00,0.00,1.97,1.32,0.00,0,0,0,0,0,0,0,0,0,0.00,0.00,1.73,3.60,4.60,1.37,2.18,3.87,7.75,2.03,1.75,Estádio Governador Plácido Aderaldo Castelo (Fortaleza- Ceará)
1650493800,Apr 20 2022 - 10:30pm,complete,N/A,Flamengo,Palmeiras,Wilton Pereira Sampaio,4,3.00,1.00,1.89,2.00,0,0,0,0,0,0,"","",9,6,3,0,4,0,2,1,2,2,19,10,5,2,14,8,15,21,56,44,2.30,2.52,1.83,1.05,3.00,100,100,50,50,0,50,50,100,100,8.00,2.00,1.80,3.30,3.90,1.33,1.87,3.40,6.00,1.85,1.85,Estadio Jornalista Mário Filho (Maracanã) (Rio de Janeiro- Rio de Janeiro)
1650742200,Apr 23 2022 - 7:30pm,complete,N/A,Bragantino,São Paulo,Bruno Arleu de Araujo,3,3.00,0.00,1.53,1.26,1,1,2,1,1,0,"1","70",6,9,5,0,2,0,0,5,0,2,13,25,3,9,10,16,13,12,33,67,2.44,0.74,1.30,2.64,4.00,50,100,100,100,0,100,100,50,100,16.00,7.00,2.77,3.15,2.69,1.40,2.25,3.75,7.50,1.85,1.85,Estádio Nabi Abi Chedid (Bragança Paulista- São Paulo)
1650742200,Apr 23 2022 - 7:30pm,complete,N/A,Atlético PR,Flamengo,Raphael Claus,3,0.00,1.00,2.05,1.37,1,0,1,1,1,0,"32","",6,5,4,0,2,0,1,3,0,2,12,13,3,7,9,6,15,10,41,59,1.49,1.61,1.29,1.79,1.50,50,50,0,0,0,0,0,50,100,12.00,4.00,4.30,3.45,1.90,1.36,2.10,3.50,7.00,1.85,1.85,Arena da Baixada (Curitiba- Paraná)
1650751200,Apr 23 2022 - 10:00pm,complete,N/A,Fluminense,Internacional,Braulio da Silva Machado,3,1.00,0.00,2.05,1.53,0,1,1,0,0,0,"","54",5,4,5,0,3,0,1,4,0,3,15,14,4,5,11,9,15,12,57,43,2.57,0.93,1.57,1.51,1.00,0,50,0,0,0,0,50,0,50,11.00,5.00,2.00,3.10,4.20,1.53,2.35,4.50,9.00,2.10,1.67,Estadio Jornalista Mário Filho (Maracanã) (Rio de Janeiro- Rio de Janeiro)
1650751200,Apr 23 2022 - 10:00pm,complete,N/A,Palmeiras,Corinthians,Anderson Daronco,3,0.00,3.00,2.26,1.32,3,0,3,2,2,0,"14,19,71","",12,3,1,0,2,0,0,1,1,1,23,7,9,2,14,5,13,13,44,56,1.95,1.96,2.39,0.90,4.50,100,100,100,100,50,100,100,50,100,15.00,8.00,2.10,3.20,3.75,1.40,2.10,4.11,7.75,1.95,1.80,Arena Barueri (Barueri- São Paulo)
1650758400,Apr 24 2022 - 12:00am,complete,N/A,Atlético Mineiro,Coritiba,Savio Pereira Sampaio,3,3.00,0.00,1.53,0.26,2,2,4,2,2,0,"23,36","62,78",3,3,2,0,1,0,0,2,0,1,21,12,6,5,15,7,10,8,61,39,1.76,2.36,2.18,1.37,2.50,50,100,50,0,0,50,100,0,50,10.00,6.00,1.33,4.20,11.00,1.30,1.90,3.25,6.00,2.62,1.44,Estádio Raimundo Sampaio (Belo Horizonte- Minas Gerais)
1650826800,Apr 24 2022 - 7:00pm,complete,N/A,Santos,América Mineiro,Wilton Pereira Sampaio,3,3.00,0.00,1.53,1.16,3,0,3,1,1,0,"29,51,78","",3,8,2,0,0,0,0,2,0,0,17,20,9,4,8,16,16,8,39,61,2.13,0.95,1.95,2.07,2.00,50,50,50,0,0,50,50,0,50,5.00,9.00,2.35,3.00,3.10,1.50,2.60,4.50,9.00,2.10,1.67,Estádio Urbano Caldeira (Santos- São Paulo)
1650834000,Apr 24 2022 - 9:00pm,complete,N/A,Juventude,Cuiabá,Paulo Roberto Alves Júnior,3,1.00,3.00,0.79,0.79,0,1,1,0,0,0,"","84",6,7,2,1,4,0,0,3,1,3,17,12,4,5,13,7,18,19,57,43,2.15,1.11,1.67,1.33,2.50,50,50,50,50,0,50,100,50,50,6.00,7.00,2.22,3.05,3.40,1.53,2.60,5.50,10.00,2.20,1.62,Estádio Alfredo Jaconi (Caxias do Sul- Rio Grande do Sul)
1650835800,Apr 24 2022 - 9:30pm,complete,N/A,Atlético GO,Botafogo,Luiz Flavio De Oliveira,3,1.00,3.00,1.21,1.63,1,1,2,0,0,0,"51","90'6",2,7,2,0,1,0,1,1,0,1,9,20,3,5,6,15,11,5,38,62,1.33,1.32,1.03,2.04,3.00,100,100,50,50,0,50,50,100,100,6.00,7.00,2.15,3.25,3.25,1.42,2.30,4.20,8.10,2.00,1.75,Estádio Antônio Accioly (Goiânia- Goiás)
1650927600,Apr 25 2022 - 11:00pm,complete,N/A,Avaí,Goiás,Antonio Dib Moraes de Sousa,3,3.00,0.00,1.32,1.05,3,2,5,1,1,0,"4,51,62","76,88",3,5,5,1,5,0,1,5,2,3,14,19,4,6,10,13,20,20,41,59,1.42,0.79,1.44,1.90,2.00,0,50,50,0,0,0,50,50,100,9.00,6.00,2.15,2.85,3.15,1.53,2.40,5.00,10.00,2.10,1.70,Estádio Aderbal Ramos da Silva (Florianópolis- Santa Catarina)
1651347000,Apr 30 2022 - 7:30pm,complete,N/A,América Mineiro,Atlético PR,Jefferson Ferreira de Moraes,4,3.00,0.00,1.63,1.00,1,0,1,0,0,0,"75","",6,11,1,0,0,0,0,1,0,0,10,15,5,6,5,9,19,12,46,54,2.53,0.75,1.37,1.64,4.50,50,100,100,100,50,50,100,100,100,10.00,6.00,2.10,3.00,3.50,1.40,2.35,4.30,7.50,1.95,1.75,Estádio Raimundo Sampaio (Belo Horizonte- Minas Gerais)
1651347000,Apr 30 2022 - 7:30pm,complete,N/A,Ceará,Bragantino,Ramon Abatti,4,0.00,1.00,1.05,0.79,0,1,1,1,0,1,"","17",5,4,1,0,5,1,1,0,2,4,17,20,5,7,12,13,11,20,56,44,1.97,1.47,1.79,1.98,4.00,100,100,100,100,0,100,100,100,100,8.00,8.00,2.15,3.10,3.40,1.36,2.20,3.50,7.00,1.85,1.85,Estádio Governador Plácido Aderaldo Castelo (Fortaleza- Ceará)
1651354200,Apr 30 2022 - 9:30pm,complete,N/A,Goiás,Atlético Mineiro,Bruno Arleu de Araujo,4,1.00,3.00,1.37,1.53,2,2,4,1,0,1,"53,80","39,56",0,10,5,0,4,0,3,2,1,3,8,24,3,8,5,16,21,15,31,69,1.18,1.91,0.90,2.59,1.50,50,50,0,0,0,0,0,50,100,7.00,7.00,7.50,3.80,1.44,1.40,2.20,4.33,8.50,2.35,1.57,Estádio de Hailé Pinheiro (Goiânia- Goiás)
1651356000,Apr 30 2022 - 10:00pm,complete,N/A,Cuiabá,Atlético GO,Douglas Marques das Flores,4,0.00,0.00,1.37,0.68,1,1,2,1,0,1,"82","45",4,6,2,0,0,0,1,1,0,0,13,14,6,8,7,6,12,14,51,49,0.72,0.76,0.00,0.00,2.50,0,50,50,50,0,50,50,0,100,4.00,6.00,2.20,2.90,3.40,1.50,2.47,4.50,9.00,2.05,1.70,Arena Pantanal (Cuiabá- Mato Grosso)
1651413600,May 01 2022 - 2:00pm,complete,34734,Botafogo,Juventude,Braulio da Silva Machado,4,0.00,0.00,1.16,0.37,1,1,2,0,0,0,"83","64",6,4,2,0,5,0,1,1,3,2,18,11,5,5,13,6,14,17,61,39,1.40,1.50,1.83,1.27,4.50,100,100,100,100,50,100,100,50,100,7.00,3.00,1.98,3.40,4.00,1.40,2.11,4.00,8.00,2.05,1.70,Estádio Nilton Santos (Rio de Janeiro)
1651431600,May 01 2022 - 7:00pm,complete,N/A,Corinthians,Fortaleza,Savio Pereira Sampaio,4,3.00,0.00,2.11,1.37,1,0,1,0,0,0,"53","",9,4,1,0,3,0,0,1,0,3,7,16,5,6,2,10,14,14,56,44,1.54,0.94,1.12,1.74,3.00,50,100,100,0,0,100,100,0,100,12.00,6.00,1.92,3.64,4.80,1.37,2.00,4.30,6.20,2.05,1.67,Neo Química Arena (São Paulo- São Paulo)
1651431600,May 01 2022 - 7:00pm,complete,N/A,Coritiba,Fluminense,Raphael Claus,4,3.00,3.00,1.95,1.63,3,2,5,2,0,2,"53,61,90'5","19,36",8,1,0,0,3,1,0,0,1,3,23,8,9,5,14,3,13,16,55,45,2.11,1.52,2.64,0.99,2.00,0,50,50,0,0,0,50,50,100,12.00,3.00,2.60,3.14,2.89,1.42,2.20,4.30,7.50,2.00,1.70,Estádio Major Antônio Couto Pereira (Curitiba- Paraná)
1651442400,May 01 2022 - 10:00pm,complete,N/A,Internacional,Avaí,Wilton Pereira Sampaio,4,3.00,0.00,2.32,0.53,0,0,0,0,0,0,"","",18,2,2,0,4,0,0,2,0,4,22,11,5,5,17,6,15,16,60,40,1.98,1.82,2.23,1.17,3.00,50,100,100,0,0,100,100,0,100,10.00,6.00,1.52,4.00,7.10,1.49,2.25,4.33,8.00,2.50,1.50,Estádio José Pinheiro Borda (Porto Alegre- Rio Grande do Sul)
1651532400,May 02 2022 - 11:00pm,complete,36746,São Paulo,Santos,Leandro Pedro Vuaden,4,3.00,1.00,1.58,0.95,2,1,3,2,1,1,"10,82","45'1",2,4,2,0,4,0,0,2,0,4,12,9,5,4,7,5,15,8,57,43,2.15,0.54,1.62,1.05,2.00,0,50,50,50,0,0,50,50,50,6.00,1.00,1.60,3.96,5.75,1.36,2.00,3.50,7.00,2.00,1.75,Estádio Cícero Pompeu de Toledo (Morumbi) (São Paulo- São Paulo)
1651951800,May 07 2022 - 7:30pm,complete,N/A,Atlético Mineiro,América Mineiro,Wilton Pereira Sampaio,5,2.00,0.00,1.53,1.16,1,2,3,1,0,1,"69","7,81",11,3,4,0,4,1,2,2,3,2,23,13,9,10,14,3,7,22,69,31,1.97,1.51,2.61,1.72,2.50,25,75,50,25,0,25,75,50,100,7.50,5.50,1.47,4.40,7.20,1.30,1.90,3.32,6.35,2.20,1.64,Estádio Raimundo Sampaio (Belo Horizonte- Minas Gerais)
1651966200,May 07 2022 - 11:30pm,complete,N/A,Atlético PR,Ceará,Leandro Pedro Vuaden,5,1.50,3.00,2.05,0.89,1,0,1,0,0,0,"49","",4,9,5,0,4,0,2,3,3,1,18,15,2,4,16,11,19,8,41,59,1.39,2.20,1.51,1.57,3.00,50,50,50,50,50,50,75,50,75,12.00,13.00,2.10,3.20,3.88,1.40,2.25,4.00,7.50,1.91,1.80,Arena da Baixada (Curitiba- Paraná)
1652018400,May 08 2022 - 2:00pm,complete,N/A,Flamengo,Botafogo,Anderson Daronco,5,2.00,2.00,1.89,1.63,0,1,1,0,0,0,"","51",10,4,1,0,3,0,1,0,2,1,21,14,9,9,12,5,13,18,52,48,2.06,1.68,2.37,1.74,2.50,75,75,50,50,0,50,50,75,75,10.00,5.00,1.35,4.90,7.50,1.29,1.83,3.00,5.00,2.10,1.67,Estádio Nacional de Brasília (Brasília- Distrito Federal)
1652036400,May 08 2022 - 7:00pm,complete,N/A,Palmeiras,Fluminense,Savio Pereira Sampaio,5,1.50,1.50,2.26,1.63,1,1,2,0,0,0,"72","83",6,3,1,0,2,0,1,0,2,0,20,9,6,3,14,6,10,13,48,52,2.17,1.25,2.19,0.93,3.50,50,75,75,50,50,75,75,50,100,14.50,5.00,1.60,3.80,5.85,1.40,2.11,3.75,7.00,2.25,1.60,Allianz Parque (São Paulo- São Paulo)
1652036400,May 08 2022 - 7:00pm,complete,N/A,Atlético GO,Goiás,Wagner do Nascimento Magalhaes,5,1.00,0.00,1.21,1.05,0,1,1,1,0,1,"","1",12,0,4,0,3,1,1,3,2,2,33,6,5,4,28,2,12,11,77,23,1.18,1.35,3.10,0.84,3.00,75,100,50,25,25,0,50,100,100,7.00,6.50,2.10,3.12,3.80,1.44,2.33,4.33,8.00,2.20,1.62,Estádio Antônio Accioly (Goiânia- Goiás)
1652043600,May 08 2022 - 9:00pm,complete,N/A,Bragantino,Corinthians,Raphael Claus,5,2.00,1.50,1.53,1.32,0,1,1,0,0,0,"","54",1,1,1,0,2,0,0,1,0,2,12,4,6,2,6,2,11,9,57,43,1.87,1.43,1.62,0.63,3.25,50,100,75,50,0,75,100,0,100,13.00,6.00,2.34,3.22,3.10,1.40,2.14,4.00,7.50,1.91,1.80,Estádio Nabi Abi Chedid (Bragança Paulista- São Paulo)
1652043600,May 08 2022 - 9:00pm,complete,7256,Santos,Cuiabá,Braulio da Silva Machado,5,3.00,3.00,1.53,0.79,4,1,5,3,2,1,"3,37,76,78","11",4,8,1,0,2,0,0,1,1,1,12,19,7,5,5,14,14,12,47,53,2.04,1.22,1.45,1.88,2.00,25,50,50,0,0,25,75,25,50,7.50,5.50,1.86,3.38,4.42,1.50,2.33,4.33,9.00,2.20,1.62,Estádio Urbano Caldeira (Santos- São Paulo)
1652047200,May 08 2022 - 10:00pm,complete,N/A,Juventude,Internacional,Bruno Arleu de Araujo,5,0.50,1.50,0.79,1.53,1,1,2,0,0,0,"90'3","47",6,3,5,0,5,0,2,3,0,5,14,10,5,2,9,8,22,13,57,43,1.91,1.22,1.67,1.00,2.00,25,50,25,25,0,25,50,25,100,9.00,7.00,2.85,3.15,2.55,1.50,2.40,4.50,9.00,2.10,1.67,Estádio Alfredo Jaconi (Caxias do Sul- Rio Grande do Sul)
1652047200,May 08 2022 - 10:00pm,complete,N/A,Fortaleza,São Paulo,Ramon Abatti,5,0.00,0.50,1.53,1.26,1,1,2,0,0,0,"69","57",9,4,2,0,3,0,1,1,2,1,13,5,4,3,9,2,16,14,54,46,2.07,1.69,1.58,0.77,2.00,50,50,25,25,0,25,100,25,50,13.00,6.00,2.67,3.15,2.72,1.44,2.34,4.33,8.00,2.00,1.73,Estádio Governador Plácido Aderaldo Castelo (Fortaleza- Ceará)
1652137200,May 09 2022 - 11:00pm,complete,8548,Avaí,Coritiba,Jefferson Ferreira de Moraes,5,3.00,0.50,1.32,0.26,2,1,3,0,0,0,"62,73","52",5,7,3,0,3,0,0,3,0,3,12,8,7,4,5,4,14,13,58,42,1.43,1.86,1.52,0.99,3.25,75,75,75,50,25,50,75,50,75,9.50,7.50,2.40,3.10,3.00,1.46,2.60,4.65,10.75,2.05,1.70,Estádio Aderbal Ramos da Silva (Florianópolis- Santa Catarina)
1652311800,May 11 2022 - 11:30pm,complete,N/A,Bragantino,Atlético Mineiro,Braulio da Silva Machado,7,1.33,2.00,1.53,1.53,1,1,2,1,1,0,"13","66",3,10,2,0,2,0,1,1,1,1,6,21,2,5,4,16,13,5,38,62,1.79,2.25,0.87,1.98,2.42,42,59,42,42,0,17,59,25,100,14.17,5.83,3.75,3.40,2.01,1.32,1.93,3.42,6.70,1.78,1.95,Estádio Nabi Abi Chedid (Bragança Paulista- São Paulo)
1652556600,May 14 2022 - 7:30pm,complete,36123,Palmeiras,Bragantino,Flavio Rodrigues De Souza,6,1.33,2.00,2.26,0.79,2,0,2,1,1,0,"30,90'9","",7,4,2,0,2,0,2,0,1,1,14,12,8,2,6,10,11,14,48,52,2.18,1.73,1.63,1.15,2.92,59,75,59,42,17,59,84,59,75,13.67,8.00,1.53,4.00,5.25,1.36,1.85,3.40,6.50,2.05,1.73,Allianz Parque (São Paulo- São Paulo)
1652556600,May 14 2022 - 7:30pm,complete,N/A,Ceará,Flamengo,Luiz Flavio De Oliveira,6,0.00,0.50,1.05,1.37,2,2,4,3,1,2,"26,90'1","7,38",8,3,5,0,5,0,3,2,3,2,14,8,5,4,9,4,18,22,41,59,1.88,1.70,1.47,0.91,2.00,50,50,25,25,0,25,75,50,50,12.00,4.00,3.15,3.40,2.05,1.33,2.00,3.40,6.50,1.91,1.85,Estádio Governador Plácido Aderaldo Castelo (Fortaleza- Ceará)
1652565600,May 14 2022 - 10:00pm,complete,N/A,Atlético Mineiro,Atlético GO,Anderson Daronco,6,1.33,0.50,1.53,0.68,2,0,2,1,1,0,"14,72","",10,2,1,0,2,0,0,1,1,1,17,7,10,0,7,7,16,14,56,44,2.19,0.76,2.29,0.63,3.00,59,100,59,42,0,42,100,34,100,9.67,4.67,1.25,5.25,9.50,1.25,1.70,3.00,5.00,2.32,1.58,Estádio Raimundo Sampaio (Belo Horizonte- Minas Gerais)
1652565600,May 14 2022 - 10:00pm,complete,N/A,Internacional,Corinthians,Braulio da Silva Machado,6,2.00,2.00,2.32,1.32,2,2,4,3,2,1,"25,44","30,64",5,6,2,0,2,0,2,0,1,1,12,16,5,10,7,6,8,7,48,52,2.10,1.16,1.38,1.99,2.09,42,59,59,17,0,59,59,0,75,15.67,6.17,2.25,2.95,3.15,1.50,2.40,4.33,9.00,2.10,1.70,Estádio José Pinheiro Borda (Porto Alegre- Rio Grande do Sul)
1652572800,May 15 2022 - 12:00am,complete,N/A,Fluminense,Atlético PR,Ramon Abatti,6,0.50,0.00,2.05,1.00,2,1,3,1,1,0,"8,78","90'1",4,5,3,0,2,0,0,3,0,2,13,12,7,3,6,9,12,12,63,37,2.07,1.19,1.65,1.23,1.50,0,25,25,25,0,0,25,25,75,14.50,4.50,2.05,3.00,3.65,1.44,2.40,4.50,8.00,2.05,1.70,Estádio Municipal General Raulino de Oliveira (Volta Redonda- Rio de Janeiro)
1652641200,May 15 2022 - 7:00pm,complete,N/A,São Paulo,Cuiabá,Alexandre Vargas Tavares de Jesus,6,3.00,2.00,1.58,0.79,2,1,3,1,0,1,"66,82","33",15,3,2,0,1,1,1,1,0,2,22,7,11,3,11,4,5,15,73,27,1.88,1.44,2.71,0.84,2.92,42,67,67,42,17,42,84,42,84,8.83,4.50,1.45,3.90,7.47,1.45,2.17,4.48,9.10,2.45,1.50,Estádio Cícero Pompeu de Toledo (Morumbi) (São Paulo- São Paulo)
1652646600,May 15 2022 - 8:30pm,complete,N/A,Coritiba,América Mineiro,Bruno Arleu de Araujo,6,3.00,1.00,1.95,1.16,1,0,1,1,1,0,"45'2","",7,4,1,0,5,1,1,0,4,2,21,10,10,2,11,8,11,23,58,42,2.38,1.58,2.35,1.07,3.17,42,84,84,25,25,25,84,84,100,11.50,5.00,2.15,3.35,3.16,1.33,1.96,3.53,6.95,1.80,1.91,Estádio Major Antônio Couto Pereira (Curitiba- Paraná)
1652648400,May 15 2022 - 9:00pm,complete,N/A,Botafogo,Fortaleza,Jefferson Ferreira de Moraes,6,0.50,0.00,1.16,1.37,3,1,4,2,1,1,"42,89,90'4","14",5,1,3,0,1,1,2,1,2,0,13,11,7,4,6,7,14,15,63,37,1.61,1.34,1.67,1.20,2.50,75,75,50,25,0,50,50,25,100,8.50,5.50,2.15,3.20,3.31,1.43,2.21,4.33,8.85,2.00,1.75,Estádio Nilton Santos (Rio de Janeiro)
1652648400,May 15 2022 - 9:00pm,complete,N/A,Avaí,Juventude,Douglas Marques das Flores,6,3.00,0.50,1.32,0.37,1,2,3,2,1,1,"27","25,70",6,6,2,0,5,2,1,1,1,6,17,6,6,3,11,3,18,16,64,36,1.46,1.39,2.01,0.87,3.25,84,84,59,42,42,25,42,84,100,9.17,7.83,2.45,3.05,2.91,1.55,2.44,4.50,9.00,2.10,1.67,Estádio Aderbal Ramos da Silva (Florianópolis- Santa Catarina)
1652652000,May 15 2022 - 10:00pm,complete,N/A,Goiás,Santos,Marcelo de Lima Henrique,6,1.00,0.50,1.37,0.95,1,0,1,1,1,0,"19","",5,9,0,0,0,0,0,0,0,0,11,17,6,5,5,12,14,11,32,68,1.04,0.80,1.35,1.89,2.25,75,75,50,25,0,25,50,50,75,3.50,6.50,2.86,3.10,2.45,1.40,2.19,4.00,7.50,1.91,1.80,Estádio de Hailé Pinheiro (Goiânia- Goiás)
1653161400,May 21 2022 - 7:30pm,complete,N/A,Flamengo,Goiás,Braulio da Silva Machado,7,1.33,1.00,1.89,1.05,1,0,1,1,1,0,"17","",6,4,1,0,3,0,1,0,3,0,16,5,8,0,8,5,14,19,64,36,2.17,1.18,2.00,0.55,2.34,33,50,50,33,17,17,67,50,67,9.67,6.00,1.20,6.00,12.50,1.22,1.67,2.62,4.50,2.50,1.50,Estadio Jornalista Mário Filho (Maracanã) (Rio de Janeiro- Rio de Janeiro)
1653161400,May 21 2022 - 7:30pm,complete,N/A,Atlético GO,Coritiba,Luiz Flavio De Oliveira,7,0.67,0.33,1.21,0.26,2,0,2,1,1,0,"45'2,90","",3,5,4,0,1,2,1,3,1,2,19,16,4,6,15,10,14,13,58,42,1.82,1.57,1.92,1.75,2.50,84,84,50,17,0,34,50,67,67,11.67,5.67,2.15,3.20,3.31,1.40,2.19,4.00,7.50,1.91,1.80,Estádio Antônio Accioly (Goiânia- Goiás)
1653168600,May 21 2022 - 9:30pm,complete,N/A,Santos,Ceará,Savio Pereira Sampaio,7,3.00,1.50,1.53,0.89,0,0,0,0,0,0,"","",6,2,1,0,5,1,1,0,0,6,19,11,6,5,13,6,9,13,51,49,1.84,1.88,2.05,1.35,3.34,59,75,75,42,42,59,75,59,84,12.17,8.67,2.00,3.25,3.67,1.40,2.11,4.00,7.50,2.00,1.73,Arena Barueri (Barueri- São Paulo)
1653170400,May 21 2022 - 10:00pm,complete,N/A,Juventude,Palmeiras,Marcelo de Lima Henrique,7,0.67,1.00,0.79,2.00,0,3,3,2,0,2,"","9,31,90'2",7,7,3,0,0,0,1,2,0,0,14,20,4,9,10,11,20,6,46,54,1.83,1.78,1.43,2.13,1.67,59,59,17,17,0,17,17,59,75,11.67,6.00,4.61,3.55,1.72,1.36,2.04,3.75,7.50,2.10,1.67,Estádio Alfredo Jaconi (Caxias do Sul- Rio Grande do Sul)
1653177600,May 22 2022 - 12:00am,complete,N/A,América Mineiro,Botafogo,Raphael Claus,7,3.00,2.33,1.63,1.63,1,1,2,1,1,0,"38","86",3,5,2,0,1,0,1,1,0,1,14,9,6,6,8,3,19,9,42,58,1.95,1.70,1.60,1.35,2.67,59,59,42,42,25,42,42,59,100,9.83,4.67,2.35,3.15,2.97,1.40,2.16,4.00,7.50,2.00,1.73,Estádio Raimundo Sampaio (Belo Horizonte- Minas Gerais)
1653177600,May 22 2022 - 12:00am,complete,N/A,Cuiabá,Internacional,Ramon Abatti,7,0.50,1.33,1.37,1.53,1,1,2,0,0,0,"50","83",4,11,2,2,7,0,1,3,0,7,12,15,3,6,9,9,9,12,42,58,0.72,1.14,1.19,1.73,1.59,42,59,0,0,0,0,42,17,100,6.33,6.00,2.84,3.15,2.44,1.48,2.36,4.33,8.00,2.07,1.72,Arena Pantanal (Cuiabá- Mato Grosso)
1653246000,May 22 2022 - 7:00pm,complete,N/A,Corinthians,São Paulo,Wilton Pereira Sampaio,7,3.00,0.67,2.11,1.26,1,1,2,1,0,1,"80","45'6",8,8,2,0,3,0,2,0,1,2,14,16,8,7,6,9,11,12,55,45,1.33,1.38,1.76,1.77,2.34,50,75,42,17,0,42,59,34,100,13.33,4.67,2.10,2.90,3.40,1.44,2.35,4.33,8.00,2.00,1.73,Neo Química Arena (São Paulo- São Paulo)
1653246000,May 22 2022 - 7:00pm,complete,N/A,Fortaleza,Fluminense,Anderson Daronco,7,0.50,1.33,1.53,1.63,0,1,1,1,0,1,"","9",12,5,1,0,1,0,0,1,0,1,25,9,2,5,23,4,13,14,63,37,1.82,1.14,2.28,1.06,2.09,59,59,17,17,17,17,42,59,75,11.00,4.33,2.10,2.90,3.30,1.44,2.30,4.33,9.00,2.05,1.70,Estádio Governador Plácido Aderaldo Castelo (Fortaleza- Ceará)
1653256800,May 22 2022 - 10:00pm,complete,N/A,Atlético PR,Avaí,Flavio Rodrigues De Souza,7,2.00,0.50,2.05,0.53,2,1,3,2,2,0,"25,44","50",5,4,2,0,6,0,1,1,2,4,15,11,5,5,10,6,23,17,42,58,1.43,1.50,1.54,1.23,1.25,0,25,25,0,0,25,42,0,59,6.00,6.17,1.61,3.25,5.20,1.40,2.25,4.00,7.50,2.20,1.62,Arena da Baixada (Curitiba- Paraná)
1653766200,May 28 2022 - 7:30pm,complete,N/A,Goiás,Bragantino,Ramon Abatti,8,1.67,1.33,1.37,0.79,1,1,2,1,0,1,"74","40",6,1,2,0,3,1,1,1,1,3,17,15,3,5,14,10,18,22,52,48,1.14,1.54,1.79,1.62,2.33,50,67,33,33,0,17,84,50,67,6.33,7.67,3.03,3.13,2.15,1.40,2.25,4.00,7.00,1.98,1.78,Estádio de Hailé Pinheiro (Goiânia- Goiás)
1653775200,May 28 2022 - 10:00pm,complete,N/A,São Paulo,Ceará,Bruno Arleu de Araujo,8,3.00,1.33,1.58,0.89,2,2,4,3,2,1,"8,42","37,71",8,3,3,1,5,0,1,3,2,3,17,7,8,5,9,2,19,10,51,49,2.16,1.71,1.97,1.09,2.67,50,67,67,33,17,33,67,50,84,13.66,8.67,1.57,3.48,5.27,1.33,2.10,3.50,6.50,2.07,1.72,Estádio Cícero Pompeu de Toledo (Morumbi) (São Paulo- São Paulo)
1653780600,May 28 2022 - 11:30pm,complete,N/A,Fortaleza,Juventude,André Luiz de Freitas Castro,8,0.33,1.33,1.53,0.37,1,1,2,0,0,0,"65","49",8,7,2,0,3,0,0,2,1,2,14,16,4,9,10,7,10,16,62,38,1.97,1.21,1.70,1.93,2.33,67,67,34,17,17,34,67,50,67,14.33,7.00,1.76,3.13,4.42,1.40,2.20,4.00,8.00,2.20,1.64,Estádio Governador Plácido Aderaldo Castelo (Fortaleza- Ceará)
1653850800,May 29 2022 - 7:00pm,complete,N/A,Santos,Palmeiras,Luiz Flavio De Oliveira,8,2.50,1.67,1.53,2.00,0,1,1,0,0,0,"","80",3,4,5,0,1,0,0,5,0,1,19,17,5,5,14,12,18,15,45,55,1.89,1.90,1.86,1.70,2.21,42,71,54,13,13,42,54,42,59,10.58,2.83,4.00,3.20,1.85,1.40,2.10,4.20,8.00,2.00,1.81,Estádio Urbano Caldeira (Santos- São Paulo)
1653850800,May 29 2022 - 7:00pm,complete,N/A,Coritiba,Botafogo,Braulio da Silva Machado,8,3.00,2.00,1.95,1.63,1,0,1,1,1,0,"29","",5,9,5,0,3,0,3,2,1,2,17,19,6,5,11,14,10,12,28,72,2.37,1.61,1.76,2.03,2.63,54,71,46,29,17,29,75,59,84,11.83,3.25,2.30,3.05,2.95,1.40,2.20,4.20,8.00,1.93,1.87,Estádio Major Antônio Couto Pereira (Curitiba- Paraná)
1653858000,May 29 2022 - 9:00pm,complete,N/A,Fluminense,Flamengo,Raphael Claus,8,1.33,0.67,2.05,1.37,1,2,3,2,1,1,"10","34,57",12,2,3,1,5,1,1,3,2,4,17,9,7,4,10,5,9,16,62,38,1.93,1.44,1.88,1.09,1.83,50,50,33,17,0,17,50,33,67,11.67,6.00,3.45,3.20,2.00,1.30,2.10,3.32,6.10,1.82,1.99,Estadio Jornalista Mário Filho (Maracanã) (Rio de Janeiro- Rio de Janeiro)
1653858000,May 29 2022 - 9:00pm,complete,N/A,Corinthians,América Mineiro,Anderson Daronco,8,2.33,0.75,2.11,1.16,1,1,2,0,0,0,"82","67",6,5,2,0,1,0,0,2,1,0,8,14,4,6,4,8,13,20,63,37,1.47,1.46,1.14,1.64,2.00,29,59,42,0,0,17,71,25,88,12.00,5.83,1.60,3.65,5.00,1.42,2.25,4.20,8.10,2.21,1.67,Neo Química Arena (São Paulo- São Paulo)
1653858000,May 29 2022 - 9:00pm,complete,N/A,Cuiabá,Atlético PR,Wagner do Nascimento Magalhaes,8,0.67,0.00,1.37,1.00,0,1,1,0,0,0,"","85",8,8,5,0,0,0,3,2,0,0,10,21,2,8,8,13,9,17,58,42,0.96,1.21,1.21,2.13,2.17,50,67,34,17,0,0,50,50,100,10.33,4.67,2.50,2.85,2.85,1.50,2.55,5.05,10.50,2.10,1.67,Arena Pantanal (Cuiabá- Mato Grosso)
1653861600,May 29 2022 - 10:00pm,complete,N/A,Atlético Mineiro,Avaí,Jefferson Ferreira de Moraes,8,1.75,0.33,1.53,0.53,2,1,3,1,0,1,"53,66","41",13,0,3,0,2,1,0,3,1,2,29,6,7,2,22,4,14,10,62,38,2.21,1.41,2.83,0.69,2.38,42,84,59,13,0,46,84,25,84,9.42,5.92,1.18,5.75,13.00,1.28,1.80,3.10,5.65,2.72,1.46,Estádio Governador Magalhães Pinto (Belo Horizonte- Minas Gerais)
1653951600,May 30 2022 - 11:00pm,complete,N/A,Internacional,Atlético GO,Marcelo de Lima Henrique,8,1.67,0.33,2.32,0.68,1,1,2,1,1,0,"12","79",3,12,1,0,2,0,0,1,0,2,11,19,6,6,5,13,7,16,44,56,1.86,0.69,1.46,2.16,2.50,50,84,50,33,0,50,84,0,84,13.66,5.00,1.71,3.60,5.25,1.40,2.17,3.75,7.00,2.05,1.70,Estádio José Pinheiro Borda (Porto Alegre- Rio Grande do Sul)
1654126200,Jun 01 2022 - 11:30pm,complete,N/A,Fortaleza,Ceará,Braulio da Silva Machado,3,0.50,1.25,1.53,0.89,0,1,1,1,0,1,"","45'11",4,1,5,1,4,0,4,2,3,1,12,21,4,9,8,12,18,18,41,59,1.90,1.55,1.30,2.28,2.00,50,50,25,25,13,25,50,38,63,14.50,8.25,2.24,3.05,3.05,1.39,2.25,3.95,7.95,1.94,1.82,Estádio Governador Plácido Aderaldo Castelo (Fortaleza- Ceará)
1654371000,Jun 04 2022 - 7:30pm,complete,N/A,América Mineiro,Cuiabá,Raphael Claus,9,2.33,1.50,1.63,0.79,2,1,3,2,1,1,"25,53","42",8,4,0,0,1,0,0,0,0,1,17,6,7,3,10,3,11,11,52,48,1.83,1.29,2.12,0.95,2.59,59,59,42,29,29,29,71,42,88,9.42,5.00,1.83,3.25,4.80,1.50,2.50,5.00,10.25,2.25,1.58,Estádio Raimundo Sampaio (Belo Horizonte- Minas Gerais)
1654380000,Jun 04 2022 - 10:00pm,complete,N/A,Ceará,Coritiba,Flavio Rodrigues De Souza,9,0.33,0.25,1.05,0.26,1,1,2,1,1,0,"37","85",5,6,1,0,4,0,0,1,3,1,21,15,11,6,10,9,14,9,51,49,1.74,1.62,2.49,1.64,3.00,71,84,71,46,0,59,88,42,71,11.17,6.25,1.73,3.60,5.00,1.40,2.15,3.75,7.50,2.05,1.70,Estádio Governador Plácido Aderaldo Castelo (Fortaleza- Ceará)
1654380000,Jun 04 2022 - 10:00pm,complete,N/A,Avaí,São Paulo,Anderson Daronco,9,2.25,0.75,1.32,1.26,1,1,2,1,0,1,"66","45'4",4,7,2,0,2,0,0,2,0,2,18,21,9,6,9,15,11,23,53,47,1.60,1.48,2.13,2.02,2.75,88,88,50,25,13,25,63,50,100,11.00,7.25,4.00,3.13,2.05,1.40,2.55,4.00,8.00,2.00,1.73,Estádio Aderbal Ramos da Silva (Florianópolis- Santa Catarina)
1654380000,Jun 04 2022 - 10:00pm,complete,N/A,Atlético PR,Santos,Braulio da Silva Machado,9,2.25,0.33,2.05,0.95,2,2,4,2,1,1,"43,56","11,64",7,6,5,0,3,0,3,2,1,2,16,15,7,4,9,11,21,11,42,58,1.46,1.16,1.80,1.49,1.42,29,29,29,0,0,29,59,0,54,8.92,4.58,1.95,3.30,4.10,1.40,2.38,4.00,8.00,2.05,1.70,Arena da Baixada (Curitiba- Paraná)
1654385400,Jun 04 2022 - 11:30pm,complete,N/A,Atlético GO,Corinthians,Bruno Arleu de Araujo,9,1.25,1.75,1.21,1.32,0,1,1,1,0,1,"","33",9,0,3,0,3,0,1,2,1,2,18,10,5,2,13,8,9,11,56,44,1.85,1.37,2.02,1.01,2.38,50,75,38,25,0,38,63,25,88,8.75,5.75,2.55,3.00,3.00,1.44,2.40,4.33,8.00,2.00,1.73,Estádio Antônio Accioly (Goiânia- Goiás)
1654437600,Jun 05 2022 - 2:00pm,complete,N/A,Juventude,Fluminense,Jefferson Ferreira de Moraes,9,0.50,1.75,0.79,1.63,1,0,1,1,1,0,"32","",5,7,3,0,4,1,0,3,0,5,14,6,6,2,8,4,21,10,49,51,1.73,1.12,1.78,1.00,2.38,50,63,38,25,13,38,50,50,88,9.50,5.75,2.95,3.10,2.60,1.50,2.50,4.33,9.00,2.10,1.67,Estádio Alfredo Jaconi (Caxias do Sul- Rio Grande do Sul)
1654455600,Jun 05 2022 - 7:00pm,complete,N/A,Flamengo,Fortaleza,Leandro Pedro Vuaden,9,1.75,0.00,1.89,1.37,1,2,3,2,1,1,"45'5","28,90'2",9,3,3,0,4,0,1,2,1,3,11,13,5,6,6,7,9,21,66,34,2.12,1.29,1.52,1.55,2.09,46,46,46,29,0,46,59,29,75,10.08,5.08,1.58,4.20,7.60,1.30,1.95,3.25,6.00,2.10,1.67,Estadio Jornalista Mário Filho (Maracanã) (Rio de Janeiro- Rio de Janeiro)
1654455600,Jun 05 2022 - 7:00pm,complete,N/A,Palmeiras,Atlético Mineiro,Wilton Pereira Sampaio,9,1.75,1.67,2.26,1.53,0,0,0,0,0,0,"","",6,2,1,0,3,0,1,0,2,1,17,13,3,4,14,9,8,19,50,50,2.04,2.16,1.50,1.37,2.67,59,84,42,29,13,25,71,42,100,17.33,5.00,2.35,3.44,3.32,1.33,2.10,3.54,6.65,1.83,1.98,Allianz Parque (São Paulo- São Paulo)
1654466400,Jun 05 2022 - 10:00pm,complete,N/A,Bragantino,Internacional,Wagner do Nascimento Magalhaes,9,1.25,1.25,1.53,1.53,0,2,2,0,0,0,"","90'2,90'10",7,3,3,0,3,0,1,2,1,2,10,10,3,6,7,4,20,12,49,51,1.56,1.29,1.26,1.30,2.00,50,75,13,13,0,13,50,25,100,11.00,7.00,2.18,3.34,3.46,1.41,2.30,4.17,8.40,1.98,1.78,Estádio Nabi Abi Chedid (Bragança Paulista- São Paulo)
1654556400,Jun 06 2022 - 11:00pm,complete,N/A,Botafogo,Goiás,Paulo Henrique Schleinch Vollkopf,9,1.33,0.75,1.16,1.05,1,2,3,1,1,0,"45'1","73,84",9,2,2,0,2,0,1,1,2,0,18,12,6,5,12,7,11,22,62,38,1.63,1.02,2.06,1.33,2.92,63,75,59,46,13,34,84,59,75,7.33,5.75,1.70,3.55,5.25,1.40,2.40,4.00,7.50,2.10,1.67,Estádio Nilton Santos (Rio de Janeiro)
1654648200,Jun 08 2022 - 12:30am,complete,N/A,Cuiabá,Corinthians,Marcelo de Lima Henrique,10,0.50,2.00,1.37,1.32,1,0,1,1,1,0,"36","",4,3,1,1,2,0,0,2,2,0,10,12,4,5,6,7,10,11,39,61,1.04,1.30,1.29,1.52,2.05,45,55,30,20,0,30,53,13,90,7.30,6.10,3.50,3.00,2.35,1.49,2.35,4.40,9.00,1.99,1.78,Arena Pantanal (Cuiabá- Mato Grosso)
1654725600,Jun 08 2022 - 10:00pm,complete,N/A,América Mineiro,Ceará,Douglas Marques das Flores,10,2.50,1.60,1.63,0.89,0,2,2,1,0,1,"","22,55",4,4,2,0,3,0,1,1,1,2,17,8,4,4,13,4,18,20,57,43,1.90,1.70,1.84,1.00,2.48,58,58,45,33,23,45,68,23,80,10.10,7.50,2.35,3.00,3.10,1.50,2.45,4.50,9.00,2.05,1.70,Estádio Raimundo Sampaio (Belo Horizonte- Minas Gerais)
1654725600,Jun 08 2022 - 10:00pm,complete,N/A,Juventude,Atlético PR,Luiz Flavio De Oliveira,10,1.00,0.75,0.79,1.00,1,3,4,2,1,1,"38","45'2,63,90'6",11,5,2,0,4,0,1,1,1,3,19,8,5,7,14,1,9,10,55,45,1.74,1.44,2.21,1.27,2.23,33,55,45,23,0,20,55,45,90,13.05,4.85,2.55,2.90,2.80,1.44,2.40,4.33,8.00,1.91,1.80,Estádio Alfredo Jaconi (Caxias do Sul- Rio Grande do Sul)
1654731000,Jun 08 2022 - 11:30pm,complete,N/A,Bragantino,Flamengo,Wilton Pereira Sampaio,10,1.00,1.25,1.53,1.37,1,0,1,1,1,0,"17","",5,7,1,1,4,0,1,1,1,3,14,14,4,5,10,9,11,16,32,68,1.50,1.35,1.40,1.81,2.35,58,78,35,23,0,35,68,23,88,11.00,6.40,3.70,3.10,2.00,1.36,2.20,3.77,7.50,1.87,1.89,Estádio Nabi Abi Chedid (Bragança Paulista- São Paulo)
1654731000,Jun 08 2022 - 11:30pm,complete,N/A,Atlético GO,Avaí,Paulo Roberto Alves Júnior,10,1.00,0.25,1.21,0.53,2,1,3,2,1,1,"34,90'2","43",8,6,1,0,4,1,1,0,2,3,12,11,5,4,7,7,12,12,53,47,1.88,1.23,1.56,1.26,1.93,45,68,38,0,0,25,68,33,68,8.00,6.95,1.67,3.40,5.25,1.41,2.30,4.15,8.40,2.10,1.70,Estádio Antônio Accioly (Goiânia- Goiás)
1654734600,Jun 09 2022 - 12:30am,complete,N/A,Fluminense,Atlético Mineiro,Leandro Pedro Vuaden,10,1.00,1.50,2.05,1.53,5,3,8,5,3,2,"18,29,37,58,63","35,45'4,54",1,9,3,0,3,0,0,3,1,2,13,12,10,7,3,5,13,15,44,56,1.92,1.96,1.68,1.62,1.75,50,50,38,13,0,13,50,25,75,14.00,6.50,3.60,3.20,2.00,1.36,2.15,3.50,7.00,1.85,1.85,Estadio Jornalista Mário Filho (Maracanã) (Rio de Janeiro- Rio de Janeiro)
1654734600,Jun 09 2022 - 12:30am,complete,N/A,Santos,Internacional,Ramon Abatti,10,2.00,1.60,1.53,1.53,1,1,2,0,0,0,"63","71",10,3,2,0,1,0,0,2,1,0,21,10,6,7,15,3,11,15,51,49,1.89,1.29,2.13,1.43,2.10,40,70,30,10,10,20,40,50,80,8.80,6.60,2.37,3.00,3.10,1.50,2.40,4.33,9.00,2.05,1.70,Estádio Urbano Caldeira (Santos- São Paulo)
1654812000,Jun 09 2022 - 10:00pm,complete,N/A,Palmeiras,Botafogo,Anderson Daronco,10,1.60,1.60,2.26,1.63,4,0,4,3,3,0,"11,18,33,87","",7,4,1,0,1,0,0,1,1,0,17,14,9,5,8,9,16,14,48,52,1.93,1.70,1.97,1.42,2.20,50,70,30,20,10,30,60,40,80,13.80,4.20,1.55,3.50,5.80,1.40,2.06,3.75,7.00,2.20,1.62,Allianz Parque (São Paulo- São Paulo)
1654815600,Jun 09 2022 - 11:00pm,complete,N/A,Fortaleza,Goiás,Bruno Arleu de Araujo,10,0.40,1.20,1.53,1.05,1,1,2,1,1,0,"13","86",6,2,1,0,2,0,0,1,0,2,21,14,5,4,16,10,12,18,51,49,1.78,1.08,2.01,1.42,2.00,40,50,30,10,10,0,80,50,50,10.80,6.20,1.67,3.26,5.03,1.48,2.21,4.88,10.00,2.38,1.55,Estádio Governador Plácido Aderaldo Castelo (Fortaleza- Ceará)
1654815600,Jun 09 2022 - 11:00pm,complete,N/A,Coritiba,São Paulo,Wagner do Nascimento Magalhaes,10,3.00,0.80,1.95,1.26,1,1,2,1,0,1,"59","4",1,10,3,0,3,0,2,1,1,2,10,18,3,3,7,15,12,13,40,60,2.21,1.59,1.05,1.79,2.45,63,75,35,23,13,23,90,45,75,12.95,5.20,2.81,2.92,2.44,1.44,2.25,4.33,9.00,2.00,1.73,Estádio Major Antônio Couto Pereira (Curitiba- Paraná)
1654975800,Jun 11 2022 - 7:30pm,complete,N/A,Corinthians,Juventude,Ramon Abatti,11,2.00,1.25,2.11,0.37,2,0,2,1,1,0,"2,84","",4,5,1,0,4,0,0,1,1,3,13,9,4,5,9,4,15,12,57,43,1.39,1.39,1.42,1.14,2.50,75,88,38,13,13,38,50,50,100,13.00,6.25,1.67,3.45,5.75,1.48,2.50,4.50,9.00,2.38,1.53,Neo Química Arena (São Paulo- São Paulo)
1654984800,Jun 11 2022 - 10:00pm,complete,N/A,Atlético Mineiro,Santos,Marcelo de Lima Henrique,11,2.00,0.50,1.53,0.95,1,1,2,1,1,0,"6","84",5,6,4,0,4,1,0,4,0,5,18,13,5,8,13,5,11,16,68,32,2.34,1.25,1.86,1.56,2.40,55,75,55,23,0,35,88,43,75,13.00,4.15,1.37,4.60,8.50,1.29,1.90,3.20,5.90,2.32,1.61,Estádio Governador Magalhães Pinto (Belo Horizonte- Minas Gerais)
1654984800,Jun 11 2022 - 10:00pm,complete,27859,Fluminense,Atlético GO,Luiz Flavio De Oliveira,11,1.40,0.50,2.05,0.68,0,2,2,2,0,2,"","35,45'1",10,6,3,1,2,0,2,2,2,0,16,18,4,9,12,9,9,13,47,53,1.87,1.18,1.76,1.97,2.75,55,80,43,23,10,33,80,20,90,11.50,5.40,1.90,3.35,4.10,1.40,2.28,4.00,7.50,2.05,1.70,Estadio Jornalista Mário Filho (Maracanã) (Rio de Janeiro- Rio de Janeiro)
1654984800,Jun 11 2022 - 10:00pm,complete,N/A,Cuiabá,Bragantino,Paulo Roberto Alves Júnior,11,1.00,1.25,1.37,0.79,1,1,2,2,1,1,"45'6","17",5,4,1,0,3,0,1,0,1,2,21,10,6,5,15,5,14,15,43,57,1.10,1.56,2.15,1.28,1.83,45,58,13,13,0,13,70,23,78,7.65,8.15,3.10,2.85,2.50,1.55,2.48,4.33,9.00,2.00,1.73,Arena Pantanal (Cuiabá- Mato Grosso)
1654992000,Jun 12 2022 - 12:00am,complete,N/A,Internacional,Flamengo,Braulio da Silva Machado,11,1.50,1.00,2.32,1.37,3,1,4,2,2,0,"1,22,90'2","58",4,4,3,0,3,0,1,2,1,2,12,18,5,5,7,13,15,14,32,68,1.76,1.44,1.35,1.88,2.23,68,68,45,23,0,45,78,10,68,13.90,6.50,2.75,3.05,2.60,1.36,2.16,3.40,6.50,1.80,1.91,Estádio José Pinheiro Borda (Porto Alegre- Rio Grande do Sul)
1655060400,Jun 12 2022 - 7:00pm,complete,N/A,São Paulo,América Mineiro,Savio Pereira Sampaio,11,2.50,0.80,1.58,1.16,1,0,1,1,1,0,"34","",2,4,2,0,2,0,0,2,0,2,11,11,3,6,8,5,14,13,48,52,2.11,1.49,0.98,1.18,2.75,58,80,70,25,0,25,80,55,90,11.70,6.05,1.65,3.60,5.25,1.36,2.23,3.75,7.00,2.05,1.70,Estádio Cícero Pompeu de Toledo (Morumbi) (São Paulo- São Paulo)
1655060400,Jun 12 2022 - 7:00pm,complete,N/A,Goiás,Ceará,Wagner do Nascimento Magalhaes,11,1.50,1.83,1.37,0.89,1,1,2,1,0,1,"85","9",2,10,6,0,2,1,3,3,1,2,11,15,5,7,6,8,18,11,49,51,1.31,1.58,1.09,1.49,2.21,54,63,29,29,9,17,71,34,71,7.75,8.25,2.89,3.06,2.65,1.50,2.43,4.78,9.75,2.05,1.70,Estádio de Hailé Pinheiro (Goiânia- Goiás)
1655067600,Jun 12 2022 - 9:00pm,complete,30041,Coritiba,Palmeiras,Leandro Pedro Vuaden,11,2.60,2.00,1.95,2.00,0,2,2,1,0,1,"","23,63",5,6,1,1,2,0,1,1,1,1,8,13,5,7,3,6,11,12,47,53,1.98,1.85,1.17,1.73,1.95,33,55,33,10,10,23,63,33,68,11.35,3.45,4.33,3.76,1.81,1.36,2.08,3.70,6.85,1.91,1.85,Estádio Major Antônio Couto Pereira (Curitiba- Paraná)
1655071200,Jun 12 2022 - 10:00pm,complete,N/A,Fortaleza,Atlético PR,André Luiz de Freitas Castro,11,0.50,1.20,1.53,1.00,0,0,0,0,0,0,"","",7,1,1,0,3,0,0,1,0,3,20,7,7,0,13,7,13,12,63,37,1.82,1.40,2.31,0.69,2.05,45,55,30,20,0,10,64,47,75,14.47,4.30,1.86,3.35,4.20,1.44,2.25,4.50,9.00,2.00,1.75,Estádio Governador Plácido Aderaldo Castelo (Fortaleza- Ceará)
1655157600,Jun 13 2022 - 10:00pm,complete,N/A,Botafogo,Avaí,Flavio Rodrigues De Souza,11,1.00,0.20,1.16,0.53,0,1,1,1,0,1,"","45'1",7,1,4,0,5,1,1,3,1,5,22,9,8,3,14,6,19,22,51,49,1.74,1.23,2.25,1.01,2.83,80,90,78,25,0,55,78,48,90,8.30,6.00,1.74,3.21,4.55,1.36,2.11,3.75,7.00,2.05,1.70,Estádio Nilton Santos (Rio de Janeiro)
1655253000,Jun 15 2022 - 12:30am,complete,N/A,Juventude,Santos,Rodolpho Toski Marques,12,0.83,0.60,0.79,0.95,1,2,3,1,1,0,"26","57,77",4,9,1,1,2,0,1,1,1,1,11,19,2,10,9,9,19,14,34,66,1.82,1.31,0.99,2.48,2.25,55,64,45,27,0,45,74,35,72,11.87,5.93,2.25,3.10,3.20,1.50,2.50,4.50,9.00,2.10,1.66,Estádio Alfredo Jaconi (Caxias do Sul- Rio Grande do Sul)
1655330400,Jun 15 2022 - 10:00pm,complete,N/A,Bragantino,Coritiba,Marcelo de Lima Henrique,12,1.33,0.40,1.53,0.26,4,2,6,3,3,0,"7,34,36,75","51,90'2",4,5,2,0,1,0,0,2,0,1,21,17,7,6,14,11,14,12,52,48,1.48,1.62,2.12,1.79,2.40,57,84,39,19,0,29,74,29,82,11.43,5.90,2.10,3.00,3.80,1.40,2.10,4.00,7.50,1.91,1.80,Estádio Nabi Abi Chedid (Bragança Paulista- São Paulo)
1655330400,Jun 15 2022 - 10:00pm,complete,N/A,Ceará,Atlético Mineiro,Luiz Flavio De Oliveira,12,0.50,1.20,1.05,1.53,0,0,0,0,0,0,"","",5,2,2,0,3,0,1,1,0,3,15,14,4,3,11,11,14,17,52,48,1.93,1.89,1.68,1.30,2.88,68,68,45,45,10,35,80,33,78,12.70,5.50,3.40,3.30,2.10,1.36,2.13,3.75,7.50,1.87,1.90,Estádio Governador Plácido Aderaldo Castelo (Fortaleza- Ceará)
1655335800,Jun 15 2022 - 11:30pm,complete,N/A,Flamengo,Cuiabá,Savio Pereira Sampaio,12,1.40,1.20,1.89,0.79,2,0,2,1,1,0,"6,79","",4,3,1,0,2,0,1,0,1,1,17,7,7,2,10,5,17,14,63,37,2.00,1.22,1.90,0.84,2.20,50,50,50,20,10,40,70,30,70,11.80,4.60,1.30,5.00,9.50,1.28,1.93,3.40,6.50,2.35,1.55,Estadio Jornalista Mário Filho (Maracanã) (Rio de Janeiro- Rio de Janeiro)
1655335800,Jun 15 2022 - 11:30pm,complete,N/A,Goiás,Internacional,Caio Max Augusto Vieira,12,1.40,1.50,1.37,1.53,1,2,3,2,1,1,"41","8,47",8,2,4,0,3,0,1,3,0,3,8,16,3,9,5,7,11,14,53,47,1.26,1.32,1.16,1.88,2.02,65,82,10,10,0,0,49,54,90,7.50,7.23,2.63,2.90,2.80,1.44,2.45,4.33,9.00,2.00,1.73,Estádio de Hailé Pinheiro (Goiânia- Goiás)
1655339400,Jun 16 2022 - 12:30am,complete,N/A,América Mineiro,Fluminense,Anderson Daronco,12,2.00,1.40,1.63,1.63,0,0,0,0,0,0,"","",3,8,3,1,1,0,2,2,0,1,10,21,4,4,6,17,12,9,22,78,1.89,1.10,1.08,2.29,2.30,50,60,30,20,20,30,70,30,80,9.40,4.40,2.30,3.10,3.10,1.53,2.48,5.50,10.00,2.15,1.66,Estádio Raimundo Sampaio (Belo Horizonte- Minas Gerais)
1655339400,Jun 16 2022 - 12:30am,complete,N/A,Atlético PR,Corinthians,Leandro Pedro Vuaden,12,2.00,1.67,2.05,1.32,1,1,2,1,0,1,"82","5",11,4,2,1,2,1,0,3,0,3,23,12,4,7,19,5,12,9,44,56,1.53,1.33,2.12,1.55,2.17,37,45,45,27,0,45,72,10,74,7.63,6.10,2.20,3.10,3.30,1.50,2.60,5.00,10.00,2.05,1.70,Arena da Baixada (Curitiba- Paraná)
1655406000,Jun 16 2022 - 7:00pm,complete,N/A,Botafogo,São Paulo,Wilton Pereira Sampaio,12,0.80,0.83,1.16,1.26,1,0,1,0,0,0,"61","",3,3,6,0,3,0,2,4,1,2,17,7,4,3,13,4,17,17,33,67,1.84,1.62,1.65,1.06,2.57,90,90,39,29,0,29,82,47,90,12.63,5.57,2.95,3.20,2.45,1.38,2.15,4.00,8.00,1.80,1.95,Estádio Nilton Santos (Rio de Janeiro)
1655413200,Jun 16 2022 - 9:00pm,complete,38888,Palmeiras,Atlético GO,Ramon Abatti,12,1.83,1.00,2.26,0.68,4,2,6,5,4,1,"42,44,45,45'4","29,79",12,4,2,0,1,1,1,1,1,1,32,10,16,4,16,6,12,16,49,51,1.94,1.38,3.54,1.07,2.54,37,92,35,27,9,45,84,17,82,13.77,3.67,1.36,4.75,8.50,1.25,1.70,2.75,4.75,2.00,1.73,Allianz Parque (São Paulo- São Paulo)
1655416800,Jun 16 2022 - 10:00pm,complete,N/A,Avaí,Fortaleza,Raphael Claus,12,2.00,0.75,1.32,1.37,3,2,5,3,2,1,"33,40,70","44,65",3,4,1,0,3,0,0,1,1,2,13,6,5,4,8,2,16,17,50,50,1.70,1.36,1.43,0.95,2.78,78,78,68,23,10,48,68,33,100,8.05,6.90,3.30,3.10,2.30,1.40,2.25,4.00,8.00,1.91,1.80,Estádio Aderbal Ramos da Silva (Florianópolis- Santa Catarina)
1655589600,Jun 18 2022 - 10:00pm,complete,N/A,Cuiabá,Ceará,Flavio Rodrigues De Souza,13,1.00,1.71,1.37,0.89,0,0,0,0,0,0,"","",7,6,0,0,2,0,0,0,1,1,15,8,2,2,13,6,15,10,46,54,1.31,1.57,1.51,0.98,1.82,47,54,15,15,7,23,61,16,69,9.79,8.29,2.68,3.18,2.77,1.55,2.38,4.33,8.00,1.91,1.80,Arena Pantanal (Cuiabá- Mato Grosso)
1655596800,Jun 19 2022 - 12:00am,complete,N/A,Santos,Bragantino,Douglas Marques das Flores,13,1.83,1.20,1.53,0.79,2,2,4,3,2,1,"17,36","45'1,71",3,9,4,0,3,0,2,2,1,2,13,19,6,9,7,10,13,18,43,57,1.93,1.50,1.49,2.22,2.27,55,74,35,19,9,37,75,35,64,8.40,6.57,2.35,3.30,3.14,1.40,2.23,4.00,7.50,1.95,1.75,Estádio Urbano Caldeira (Santos- São Paulo)
1655665200,Jun 19 2022 - 7:00pm,complete,55000,Atlético Mineiro,Flamengo,Raphael Claus,13,1.83,0.83,1.53,1.37,2,0,2,1,1,0,"35,85","",9,8,4,0,1,0,0,4,0,1,15,11,4,4,11,7,18,13,48,52,2.26,1.51,1.56,1.26,2.59,67,84,50,25,0,34,92,42,84,12.67,6.50,2.15,3.20,3.30,1.33,1.99,3.50,6.50,1.78,1.93,Estádio Governador Magalhães Pinto (Belo Horizonte- Minas Gerais)
1655665200,Jun 19 2022 - 7:00pm,complete,N/A,Corinthians,Goiás,Braulio da Silva Machado,13,2.20,1.17,2.11,1.05,1,0,1,1,1,0,"34","",6,4,1,0,4,0,0,1,2,2,18,10,4,3,14,7,7,13,66,34,1.40,1.14,1.92,1.10,2.25,45,74,35,9,9,10,80,35,84,9.47,4.57,1.62,3.25,6.50,1.44,2.34,4.33,9.00,2.37,1.52,Neo Química Arena (São Paulo- São Paulo)
1655665200,Jun 19 2022 - 7:00pm,complete,N/A,Coritiba,Atlético PR,Luiz Flavio De Oliveira,13,2.17,1.17,1.95,1.00,0,1,1,0,0,0,"","90'10",12,1,5,2,6,0,2,5,1,5,26,11,5,4,21,7,12,11,61,39,1.85,1.28,2.48,1.21,2.25,33,59,42,25,9,17,75,42,75,11.33,4.33,2.20,3.10,3.30,1.36,2.09,3.75,7.00,1.87,1.83,Estádio Major Antônio Couto Pereira (Curitiba- Paraná)
1655672400,Jun 19 2022 - 9:00pm,complete,N/A,Internacional,Botafogo,Savio Pereira Sampaio,13,1.80,1.33,2.32,1.63,2,3,5,3,2,1,"9,14","19,59,90'11",7,2,5,2,6,2,1,6,2,6,23,12,11,8,12,4,13,13,78,22,1.68,1.65,2.94,1.46,2.47,65,74,47,37,0,47,74,27,82,12.77,4.77,1.75,3.20,5.00,1.38,2.09,3.93,7.90,2.05,1.73,Estádio José Pinheiro Borda (Porto Alegre- Rio Grande do Sul)
1655672400,Jun 19 2022 - 9:00pm,complete,N/A,Fortaleza,América Mineiro,Leandro Pedro Vuaden,13,0.57,0.67,1.53,1.16,1,0,1,1,1,0,"43","",5,8,1,0,0,0,0,1,0,0,18,15,9,5,9,10,8,5,51,49,1.89,1.44,2.12,1.71,1.56,38,47,17,0,0,0,62,40,55,11.74,5.79,2.10,2.90,3.80,1.50,2.34,4.50,8.00,2.10,1.67,Estádio Governador Plácido Aderaldo Castelo (Fortaleza- Ceará)
1655672400,Jun 19 2022 - 9:00pm,complete,N/A,Atlético GO,Juventude,Marcelo de Lima Henrique,13,1.33,1.00,1.21,0.37,3,1,4,1,0,1,"59,63,86","23",7,2,3,0,4,1,1,2,2,3,27,6,6,4,21,2,15,11,65,35,1.83,1.34,2.58,0.84,2.32,65,84,29,10,10,29,64,47,84,11.73,7.43,1.80,3.25,4.60,1.44,2.10,4.33,8.00,2.10,1.67,Estádio Antônio Accioly (Goiânia- Goiás)
1655676000,Jun 19 2022 - 10:00pm,complete,N/A,Fluminense,Avaí,Paulo Roberto Alves Júnior,13,1.17,0.67,2.05,0.53,2,0,2,1,1,0,"5,72","",6,3,0,0,3,0,0,0,0,3,20,11,4,6,16,5,8,15,50,50,1.85,1.20,1.89,1.40,2.50,50,67,59,9,9,50,75,25,67,9.17,8.00,1.57,3.40,6.50,1.36,2.03,4.00,8.00,2.15,1.68,Estadio Jornalista Mário Filho (Maracanã) (Rio de Janeiro- Rio de Janeiro)
1655766000,Jun 20 2022 - 11:00pm,complete,N/A,São Paulo,Palmeiras,Anderson Daronco,13,2.60,2.20,1.58,2.00,1,2,3,1,1,0,"17","90,90'6",3,7,3,0,1,0,2,1,1,0,14,25,4,6,10,19,17,9,39,61,1.88,1.83,1.46,2.44,2.30,40,70,50,20,0,30,70,30,80,12.20,3.60,2.63,3.23,2.69,1.33,2.00,3.40,6.50,1.80,1.95,Estádio Cícero Pompeu de Toledo (Morumbi) (São Paulo- São Paulo)
1656117000,Jun 25 2022 - 12:30am,complete,13454,Internacional,Coritiba,Jefferson Ferreira de Moraes,14,1.50,0.33,2.32,0.26,3,0,3,2,2,0,"19,42,54","",1,9,2,0,4,0,0,2,1,3,16,15,7,5,9,10,9,16,56,44,1.89,1.65,1.80,1.53,3.17,83,92,67,42,17,59,83,42,83,13.00,6.50,1.63,3.75,5.75,1.36,2.03,3.75,7.00,2.20,1.62,Estádio José Pinheiro Borda (Porto Alegre- Rio Grande do Sul)
1656185400,Jun 25 2022 - 7:30pm,complete,N/A,Atlético PR,Bragantino,Caio Max Augusto Vieira,14,1.83,1.17,2.05,0.79,4,2,6,3,3,0,"5,16,23,67","79,82",5,11,4,0,1,0,0,4,1,0,11,23,7,8,4,15,14,11,30,70,1.63,1.62,1.35,2.39,2.25,59,67,33,25,0,42,84,17,75,10.16,7.84,2.37,2.90,3.00,1.49,2.45,4.50,9.00,2.05,1.70,Arena da Baixada (Curitiba- Paraná)
1656194400,Jun 25 2022 - 10:00pm,complete,N/A,Flamengo,América Mineiro,Ramon Abatti,14,1.67,0.57,1.89,1.16,3,0,3,1,1,0,"41,71,90'1","",7,7,1,0,2,0,1,0,1,1,24,16,8,7,16,9,17,13,53,47,1.99,1.48,2.44,1.83,1.77,31,47,31,9,0,17,69,30,62,11.38,4.83,1.44,4.00,7.00,1.29,1.83,3.00,5.50,1.91,1.80,Estadio Jornalista Mário Filho (Maracanã) (Rio de Janeiro- Rio de Janeiro)
1656194400,Jun 25 2022 - 10:00pm,complete,N/A,Corinthians,Santos,Flavio Rodrigues De Souza,14,2.33,1.00,2.11,0.95,0,0,0,0,0,0,"","",3,2,3,0,3,0,1,2,1,2,10,9,2,3,8,6,20,10,62,38,1.48,1.50,1.08,0.96,2.00,50,67,34,9,0,25,75,25,75,12.50,3.83,2.00,3.00,3.90,1.49,2.50,4.50,9.00,2.10,1.67,Neo Química Arena (São Paulo- São Paulo)
1656201600,Jun 26 2022 - 12:00am,complete,N/A,Atlético Mineiro,Fortaleza,Jean Pierre Goncalves Lima,14,2.00,0.60,1.53,1.37,3,2,5,2,0,2,"76,87,90'6","3,29",2,3,0,0,5,0,0,0,0,5,17,10,8,4,9,6,14,15,67,33,2.16,1.27,1.98,1.09,2.89,69,90,62,27,10,47,90,42,100,11.11,6.26,1.50,4.00,6.50,1.29,1.85,3.00,5.50,2.00,1.73,Estádio Governador Magalhães Pinto (Belo Horizonte- Minas Gerais)
1656270000,Jun 26 2022 - 7:00pm,complete,N/A,Botafogo,Fluminense,Anderson Daronco,14,1.17,1.33,1.16,1.63,0,1,1,0,0,0,"","82",1,6,3,0,2,0,0,3,0,2,10,13,4,4,6,9,18,14,21,79,1.81,1.30,1.07,1.63,2.09,50,50,34,25,9,25,59,42,67,10.16,5.50,2.70,3.22,2.70,1.45,2.45,4.75,9.50,2.08,1.71,Estádio Nilton Santos (Rio de Janeiro)
1656270000,Jun 26 2022 - 7:00pm,complete,N/A,Avaí,Palmeiras,Wagner do Nascimento Magalhaes,14,2.17,2.33,1.32,2.00,2,2,4,1,1,0,"45'8,73","47,65",2,5,4,0,1,0,2,2,1,0,8,18,5,5,3,13,18,17,49,51,1.66,1.93,1.04,1.82,2.50,58,75,50,17,17,25,59,42,92,10.50,4.33,4.84,3.73,1.74,1.30,2.09,3.40,6.50,1.93,1.83,Estádio Aderbal Ramos da Silva (Florianópolis- Santa Catarina)
1656277200,Jun 26 2022 - 9:00pm,complete,N/A,São Paulo,Juventude,André Luiz de Freitas Castro,14,2.17,0.83,1.58,0.37,0,0,0,0,0,0,"","",16,1,3,0,4,0,1,2,1,3,31,5,9,3,22,2,15,7,59,41,1.81,1.26,3.17,0.64,3.00,75,92,67,33,9,33,84,59,92,10.66,7.16,1.52,3.90,6.95,1.44,2.15,4.33,8.00,2.38,1.53,Estádio Cícero Pompeu de Toledo (Morumbi) (São Paulo- São Paulo)
1656277200,Jun 26 2022 - 9:00pm,complete,21374,Ceará,Atlético GO,Douglas Marques das Flores,14,0.60,0.83,1.05,0.68,1,1,2,1,0,1,"48","26",4,2,2,0,2,0,2,0,0,2,12,11,8,5,4,6,16,18,49,51,1.88,1.32,1.61,1.29,2.60,55,80,37,37,9,45,90,10,72,10.73,4.57,2.07,3.39,3.67,1.40,2.15,4.00,7.50,2.05,1.70,Estádio Governador Plácido Aderaldo Castelo (Fortaleza- Ceará)
1656277200,Jun 26 2022 - 9:00pm,complete,N/A,Goiás,Cuiabá,Rodolpho Toski Marques,14,1.17,1.00,1.37,0.79,1,0,1,0,0,0,"80","",4,6,3,0,4,1,2,1,1,4,16,14,6,3,10,11,14,16,46,54,1.25,1.16,1.78,1.48,2.42,67,75,42,17,9,25,83,33,83,8.16,6.00,2.17,3.15,3.67,1.50,2.50,4.60,9.75,2.15,1.67,Estádio de Hailé Pinheiro (Goiânia- Goiás)
1656790200,Jul 02 2022 - 7:30pm,complete,N/A,Fluminense,Corinthians,Wilton Pereira Sampaio,15,1.43,1.57,2.05,1.32,4,0,4,2,2,0,"15,42,71,90'1","",6,4,0,0,3,0,0,0,1,2,17,4,8,3,9,1,11,12,58,42,1.86,1.37,1.98,0.71,2.50,43,64,43,22,7,43,79,15,71,9.57,5.85,2.25,3.00,3.60,1.49,2.51,4.75,10.00,2.20,1.62,Estadio Jornalista Mário Filho (Maracanã) (Rio de Janeiro- Rio de Janeiro)
1656790200,Jul 02 2022 - 7:30pm,complete,N/A,Juventude,Atlético Mineiro,Flavio Rodrigues De Souza,15,0.71,1.17,0.79,1.53,1,2,3,1,0,1,"76","30,56",6,6,2,0,1,0,1,1,0,1,17,9,5,5,12,4,11,11,56,44,1.70,1.80,1.92,1.11,2.54,54,61,45,31,9,30,61,45,77,12.62,6.29,4.33,3.50,1.85,1.40,2.13,4.03,8.15,2.06,1.73,Estádio Alfredo Jaconi (Caxias do Sul- Rio Grande do Sul)
1656799200,Jul 02 2022 - 10:00pm,complete,N/A,Santos,Flamengo,Anderson Daronco,15,1.71,0.71,1.53,1.37,1,2,3,1,0,1,"66","18,73",7,3,4,0,2,0,2,2,0,2,16,12,8,6,8,6,15,13,45,55,1.87,1.48,1.92,1.48,2.50,57,71,50,29,7,43,72,36,71,10.28,5.86,2.88,3.10,2.60,1.42,2.32,4.25,8.65,1.90,1.80,Estádio Urbano Caldeira (Santos- São Paulo)
1656799200,Jul 02 2022 - 10:00pm,complete,N/A,Ceará,Internacional,Rodolpho Toski Marques,15,0.67,1.71,1.05,1.53,1,1,2,2,1,1,"19","23",3,2,4,0,3,1,2,2,1,3,10,12,5,6,5,6,24,20,61,39,1.84,1.40,1.31,1.32,2.09,62,77,24,17,0,24,56,37,84,9.31,6.04,2.45,3.00,3.20,1.44,2.32,4.33,8.00,2.00,1.73,Estádio Governador Plácido Aderaldo Castelo (Fortaleza- Ceará)
1656806400,Jul 03 2022 - 12:00am,complete,N/A,Palmeiras,Atlético PR,Braulio da Silva Machado,15,2.00,1.43,2.26,1.00,0,2,2,1,0,1,"","36,58",9,2,1,1,2,0,0,2,2,0,36,14,8,5,28,9,12,15,71,29,2.17,1.27,3.29,1.38,2.57,36,65,50,36,15,36,57,36,86,13.85,4.28,1.44,4.20,8.00,1.30,2.05,3.25,6.00,2.25,1.60,Allianz Parque (São Paulo- São Paulo)
1656856800,Jul 03 2022 - 2:00pm,complete,N/A,Avaí,Cuiabá,Jean Pierre Goncalves Lima,15,2.00,0.86,1.32,0.79,1,2,3,1,1,0,"30","49,64",4,4,0,0,0,0,0,0,0,0,12,15,3,4,9,11,10,12,60,40,1.57,1.20,1.38,1.59,2.79,65,72,57,29,22,29,71,43,93,8.71,6.00,2.08,2.97,3.40,1.47,2.43,4.75,9.50,2.05,1.72,Estádio Aderbal Ramos da Silva (Florianópolis- Santa Catarina)
1656874800,Jul 03 2022 - 7:00pm,complete,N/A,Atlético GO,São Paulo,Wagner do Nascimento Magalhaes,15,1.57,0.71,1.21,1.26,1,2,3,2,1,1,"30","24,62",3,0,5,0,7,0,3,2,4,3,11,7,5,3,6,4,9,20,53,47,1.93,1.54,1.56,1.08,2.14,72,79,22,14,0,14,71,36,86,12.72,6.00,3.00,3.10,2.45,1.45,2.34,4.75,9.50,2.00,1.75,Estádio Antônio Accioly (Goiânia- Goiás)
1656882000,Jul 03 2022 - 9:00pm,complete,N/A,América Mineiro,Goiás,Caio Max Augusto Vieira,15,1.83,1.00,1.63,1.05,1,0,1,0,0,0,"59","",11,3,2,0,2,0,0,2,0,2,23,22,6,4,17,18,14,8,52,48,1.76,1.13,2.37,2.10,2.23,47,62,38,16,16,17,84,30,70,7.69,5.46,1.95,3.30,4.10,1.40,2.28,4.00,7.50,2.00,1.73,Estádio Raimundo Sampaio (Belo Horizonte- Minas Gerais)
1656884700,Jul 03 2022 - 9:45pm,complete,N/A,Coritiba,Fortaleza,Felipe Fernandes de Lima,15,1.86,0.50,1.95,1.37,2,1,3,1,1,0,"2,90'4","84",2,6,2,1,3,0,2,1,1,2,12,23,6,8,6,15,11,22,38,62,1.94,1.24,1.41,2.47,2.82,56,70,56,32,24,49,85,40,86,9.76,6.81,2.80,3.10,2.70,1.47,2.43,4.75,9.50,2.00,1.75,Estádio Major Antônio Couto Pereira (Curitiba- Paraná)
1656975600,Jul 04 2022 - 11:00pm,complete,N/A,Bragantino,Botafogo,Ramon Abatti,15,1.57,1.57,1.53,1.63,0,1,1,0,0,0,"","64",9,4,1,1,4,0,0,2,1,3,20,9,10,2,10,7,11,19,64,36,1.57,1.62,2.32,0.92,2.64,50,71,36,36,14,36,71,36,86,10.28,5.72,1.52,3.50,5.40,1.40,2.05,4.00,8.00,2.10,1.67,Estádio Nabi Abi Chedid (Bragança Paulista- São Paulo)
1657395000,Jul 09 2022 - 7:30pm,complete,N/A,Bragantino,Avaí,Marcelo de Lima Henrique,16,1.38,0.57,1.53,0.53,4,0,4,0,0,0,"70,76,87,90","",19,7,1,0,3,0,0,1,1,2,37,9,11,3,26,6,5,6,46,54,1.66,1.22,3.54,1.08,2.26,41,67,41,13,7,34,75,20,80,8.57,6.64,2.00,3.10,3.30,1.33,1.95,3.54,6.60,2.04,1.78,Estádio Nabi Abi Chedid (Bragança Paulista- São Paulo)
1657404000,Jul 09 2022 - 10:00pm,complete,N/A,Fluminense,Ceará,Luiz Flavio De Oliveira,16,1.63,1.63,2.05,0.89,2,1,3,1,1,0,"39,54","90'3",9,10,2,0,3,0,1,1,0,3,20,16,7,7,13,9,16,17,59,41,1.87,1.50,2.16,1.85,2.38,38,63,38,25,13,38,69,26,69,11.88,7.63,1.83,3.00,4.20,1.48,2.37,4.72,9.70,2.25,1.58,Estadio Jornalista Mário Filho (Maracanã) (Rio de Janeiro- Rio de Janeiro)
1657409400,Jul 09 2022 - 11:30pm,complete,N/A,Goiás,Atlético PR,Raphael Claus,16,1.43,1.63,1.37,1.00,2,1,3,2,2,0,"5,39","62",2,2,2,0,1,0,0,2,0,1,12,21,4,6,8,15,15,10,34,66,1.32,1.29,1.26,2.08,2.07,48,61,34,20,0,14,61,34,87,8.61,5.93,2.70,2.87,2.50,1.43,2.30,4.40,8.40,1.99,1.78,Estádio de Hailé Pinheiro (Goiânia- Goiás)
1657461600,Jul 10 2022 - 2:00pm,complete,N/A,Coritiba,Juventude,Bruno Arleu de Araujo,16,2.00,0.86,1.95,0.37,2,2,4,2,0,2,"53,78","5,34",11,7,1,0,2,0,1,0,1,1,19,15,3,6,16,9,19,11,48,52,1.87,1.17,1.83,1.62,2.41,55,75,41,21,14,21,73,48,81,10.17,7.96,1.95,3.30,3.79,1.36,2.06,3.75,7.50,1.90,1.80,Estádio Major Antônio Couto Pereira (Curitiba- Paraná)
1657479600,Jul 10 2022 - 7:00pm,complete,44050,Corinthians,Flamengo,Ramon Abatti,16,2.14,1.00,2.11,1.37,1,0,1,0,0,0,"52","",6,3,2,0,4,0,1,1,1,3,10,13,4,5,6,8,7,12,49,51,1.43,1.48,1.28,1.41,2.04,46,66,32,13,0,26,73,26,73,11.39,4.82,2.93,2.93,2.32,1.42,2.30,4.50,9.00,1.95,1.75,Neo Química Arena (São Paulo- São Paulo)
1657486800,Jul 10 2022 - 9:00pm,complete,N/A,Atlético Mineiro,São Paulo,Anderson Daronco,16,2.13,1.00,1.53,1.26,0,0,0,0,0,0,"","",7,4,1,0,1,0,0,1,0,1,11,7,3,3,8,4,12,16,59,41,2.13,1.48,1.35,1.00,2.57,76,94,38,19,7,25,88,38,100,12.50,6.13,1.57,3.70,4.95,1.36,1.95,3.75,7.50,2.05,1.75,Estádio Governador Magalhães Pinto (Belo Horizonte- Minas Gerais)
1657486800,Jul 10 2022 - 9:00pm,complete,8588,Santos,Atlético GO,Braulio da Silva Machado,16,1.50,0.86,1.53,0.68,1,0,1,0,0,0,"76","",9,10,5,0,4,0,2,3,1,3,20,16,7,5,13,11,13,17,48,52,1.87,1.31,2.05,1.64,2.75,60,88,46,27,14,41,82,25,81,9.86,4.77,1.99,3.10,3.50,1.40,2.20,4.20,8.50,2.00,1.73,Estádio Urbano Caldeira (Santos- São Paulo)
1657486800,Jul 10 2022 - 9:00pm,complete,N/A,Fortaleza,Palmeiras,Wilton Pereira Sampaio,16,0.88,2.14,1.53,2.00,0,0,0,0,0,0,"","",2,6,0,0,1,0,0,0,0,1,14,13,8,6,6,7,9,15,39,61,1.92,1.91,1.61,1.55,1.70,41,55,22,7,0,7,60,34,62,13.11,3.42,3.45,3.10,1.99,1.36,2.10,3.75,7.50,1.93,1.77,Estádio Governador Plácido Aderaldo Castelo (Fortaleza- Ceará)
1657490400,Jul 10 2022 - 10:00pm,complete,N/A,Cuiabá,Botafogo,Jefferson Ferreira de Moraes,16,1.00,1.75,1.37,1.63,2,0,2,1,1,0,"22,90'8","",5,2,1,0,2,2,1,0,0,4,16,8,6,4,10,4,7,11,47,53,1.34,1.53,1.71,1.05,1.90,47,53,19,19,7,26,53,26,73,9.49,5.95,2.20,2.98,3.12,1.47,2.40,4.70,9.30,2.08,1.75,Arena Pantanal (Cuiabá- Mato Grosso)
1657580400,Jul 11 2022 - 11:00pm,complete,19023,Internacional,América Mineiro,Flavio Rodrigues De Souza,16,1.71,0.50,2.32,1.16,1,0,1,0,0,0,"90'5","",13,2,0,0,5,0,0,0,1,4,20,10,5,8,15,2,5,8,68,32,1.88,1.52,2.15,1.48,2.44,48,68,55,22,7,36,81,40,75,11.57,6.17,1.75,3.60,4.75,1.36,2.05,3.75,7.00,2.00,1.75,Estádio José Pinheiro Borda (Porto Alegre- Rio Grande do Sul)
1657999800,Jul 16 2022 - 7:30pm,complete,N/A,Atlético PR,Internacional,Ramon Abatti,17,2.00,1.63,2.05,1.53,0,0,0,0,0,0,"","",5,5,1,0,2,0,0,1,1,1,18,18,6,3,12,15,7,13,60,40,1.59,1.39,1.91,1.66,2.29,60,73,28,15,7,34,55,40,87,9.59,7.59,2.38,3.25,3.00,1.36,1.87,3.75,7.00,1.80,1.91,Arena da Baixada (Curitiba- Paraná)
1658008800,Jul 16 2022 - 10:00pm,complete,N/A,Flamengo,Coritiba,Flavio Rodrigues De Souza,17,1.86,0.29,1.89,0.26,2,0,2,2,2,0,"13,22","",8,6,0,0,1,0,0,0,0,1,17,17,5,0,12,17,13,11,55,45,2.05,1.63,1.89,1.47,2.65,50,79,57,22,7,43,79,36,79,12.71,4.85,1.29,4.50,12.00,1.25,2.02,3.00,5.00,2.25,1.60,Estádio Nacional de Brasília (Brasília- Distrito Federal)
1658008800,Jul 16 2022 - 10:00pm,complete,N/A,Avaí,Santos,Paulo Roberto Alves Júnior,17,1.75,1.00,1.32,0.95,1,0,1,1,1,0,"10","",6,8,5,0,3,0,3,2,1,2,16,6,5,3,11,3,17,12,41,59,1.55,1.43,1.61,0.94,2.56,73,73,59,26,13,27,73,46,79,9.42,5.32,2.80,3.10,2.50,1.40,2.02,4.00,7.50,1.91,1.80,Estádio Aderbal Ramos da Silva (Florianópolis- Santa Catarina)
1658016000,Jul 17 2022 - 12:00am,complete,N/A,Ceará,Corinthians,Leandro Pedro Vuaden,17,0.71,1.38,1.05,1.32,3,1,4,3,2,1,"28,33,76","4",6,2,1,0,1,0,1,0,0,1,20,11,7,5,13,6,18,5,45,55,1.76,1.28,2.07,1.23,2.32,55,67,40,34,0,47,87,14,66,7.99,5.32,2.60,2.88,2.90,1.53,2.42,4.50,9.00,2.05,1.68,Estádio Governador Plácido Aderaldo Castelo (Fortaleza- Ceará)
1658066400,Jul 17 2022 - 2:00pm,complete,N/A,Juventude,Goiás,Vinicius Gonçalves Dias Araujo,17,0.63,0.88,0.79,1.05,0,0,0,0,0,0,"","",7,4,2,0,3,0,0,2,1,2,24,18,2,2,22,16,16,16,61,39,1.73,1.25,2.13,1.57,2.38,51,63,51,19,7,19,82,51,76,9.13,6.26,1.70,3.15,4.50,1.40,2.25,4.00,8.00,1.98,1.75,Estádio Alfredo Jaconi (Caxias do Sul- Rio Grande do Sul)
1658084400,Jul 17 2022 - 7:00pm,complete,N/A,São Paulo,Fluminense,Wilton Pereira Sampaio,17,2.00,1.57,1.58,1.63,2,2,4,3,2,1,"34,42","25,64",5,3,4,0,2,0,2,2,0,2,10,16,6,4,4,12,17,7,37,63,2.01,1.34,1.25,1.61,2.07,43,50,43,22,7,22,65,36,64,12.29,4.86,1.92,3.00,3.65,1.43,2.25,4.32,8.30,1.91,1.80,Estádio Cícero Pompeu de Toledo (Morumbi) (São Paulo- São Paulo)
1658091600,Jul 17 2022 - 9:00pm,complete,8678,Botafogo,Atlético Mineiro,Raphael Claus,17,1.00,1.43,1.16,1.53,0,1,1,0,0,0,"","55",6,2,4,0,3,0,2,2,2,1,15,19,3,5,12,14,0,1,37,63,1.70,1.70,1.47,1.90,2.43,57,57,43,29,7,22,57,43,79,11.00,5.71,3.70,3.20,1.94,1.40,2.23,4.00,8.25,2.00,1.72,Estádio Nilton Santos (Rio de Janeiro)
1658091600,Jul 17 2022 - 9:00pm,complete,N/A,Atlético GO,Fortaleza,Jean Pierre Goncalves Lima,17,1.38,0.43,1.21,1.37,0,1,1,0,0,0,"","74",5,6,1,0,0,0,0,1,0,0,17,10,3,5,14,5,7,9,62,38,1.89,1.42,1.81,1.19,2.84,75,81,62,28,15,48,81,48,88,9.71,6.70,2.16,3.10,3.15,1.40,2.23,3.75,7.50,1.88,1.82,Estádio Antônio Accioly (Goiânia- Goiás)
1658095200,Jul 17 2022 - 10:00pm,complete,N/A,América Mineiro,Bragantino,Wagner do Nascimento Magalhaes,17,2.00,1.00,1.63,0.79,0,3,3,3,0,3,"","2,7,41",10,4,3,0,1,0,0,3,0,1,26,15,5,5,21,10,8,18,55,45,1.84,1.73,2.56,1.58,2.50,57,72,36,29,14,43,79,22,79,11.00,5.85,2.23,3.10,3.05,1.42,2.30,4.20,8.10,1.85,1.85,Estádio Raimundo Sampaio (Belo Horizonte- Minas Gerais)
1658185200,Jul 18 2022 - 11:00pm,complete,N/A,Palmeiras,Cuiabá,Anderson Daronco,17,1.75,1.13,2.26,0.79,1,0,1,0,0,0,"49","",11,4,3,0,1,0,1,2,0,1,18,7,9,2,9,5,17,12,61,39,2.31,1.25,2.17,0.87,2.69,44,76,50,26,19,38,75,32,88,13.25,4.38,1.33,4.33,9.00,1.28,1.83,3.18,5.80,2.25,1.57,Allianz Parque (São Paulo- São Paulo)
1658277000,Jul 20 2022 - 12:30am,complete,N/A,Ceará,Avaí,Caio Max Augusto Vieira,18,1.00,0.50,1.05,0.53,1,0,1,1,1,0,"45'3","",3,3,0,0,2,0,0,0,1,1,17,18,6,3,11,15,17,14,45,55,1.80,1.21,1.90,1.63,2.38,57,75,51,26,0,44,82,19,69,8.13,6.38,2.55,3.30,2.85,1.40,2.15,4.00,7.50,2.00,1.75,Estádio Governador Plácido Aderaldo Castelo (Fortaleza- Ceará)
1658354400,Jul 20 2022 - 10:00pm,complete,N/A,Bragantino,Fortaleza,Diego Pombo Lopez,18,1.56,0.75,1.53,1.37,2,1,3,1,1,0,"37,90'5","57",4,9,4,0,3,0,0,4,2,1,17,10,9,4,8,6,14,18,55,45,1.87,1.39,2.01,1.15,2.85,54,71,54,36,18,43,66,42,95,11.44,5.46,1.90,3.35,4.30,1.36,2.05,3.77,7.50,1.95,1.80,Estádio Nabi Abi Chedid (Bragança Paulista- São Paulo)
1658354400,Jul 20 2022 - 10:00pm,complete,N/A,Goiás,Fluminense,Paulo Roberto Alves Júnior,18,1.63,1.50,1.37,1.63,2,3,5,2,1,1,"44,80","28,84,85",2,3,2,0,0,0,0,2,0,0,17,17,7,11,10,6,20,9,27,73,1.31,1.38,1.97,2.39,2.07,57,57,32,19,7,25,63,25,76,8.38,5.63,3.45,3.20,2.15,1.40,2.25,4.00,7.50,1.95,1.80,Estádio de Hailé Pinheiro (Goiânia- Goiás)
1658356200,Jul 20 2022 - 10:30pm,complete,N/A,Atlético PR,Atlético GO,Bruno Arleu de Araujo,18,1.88,0.75,2.05,0.68,4,1,5,2,2,0,"9,14,49,90'5","72",3,2,3,0,0,0,0,3,0,0,16,14,10,4,6,10,15,8,43,57,1.63,1.36,2.03,1.33,2.44,50,69,32,25,13,38,76,13,82,11.13,5.76,1.90,3.35,4.30,1.39,2.13,4.00,8.05,2.00,1.75,Arena da Baixada (Curitiba- Paraná)
1658359800,Jul 20 2022 - 11:30pm,complete,N/A,Flamengo,Juventude,Paulo Cesar Zanovelli,18,2.00,0.88,1.89,0.37,4,0,4,3,3,0,"6,13,18,86","",5,4,3,0,3,1,1,2,2,2,29,9,11,3,18,6,13,13,63,37,2.03,1.23,3.28,0.88,2.38,50,76,44,26,7,38,69,44,76,11.51,5.88,1.37,4.80,8.00,1.28,1.90,3.10,5.85,2.10,1.67,Estádio Nacional de Brasília (Brasília- Distrito Federal)
1658359800,Jul 20 2022 - 11:30pm,complete,N/A,Internacional,São Paulo,Marcelo de Lima Henrique,18,1.88,1.00,2.32,1.26,3,3,6,5,3,2,"4,25,41","10,30,54",4,3,4,0,5,0,0,4,2,3,19,9,10,5,9,4,11,10,34,66,1.91,1.43,2.06,1.23,2.38,71,77,43,25,7,43,71,24,89,12.71,6.21,2.10,3.20,3.70,1.37,2.04,3.82,7.65,1.95,1.80,Estádio José Pinheiro Borda (Porto Alegre- Rio Grande do Sul)
1658363400,Jul 21 2022 - 12:30am,complete,N/A,Corinthians,Coritiba,Wagner do Nascimento Magalhaes,18,2.25,0.25,2.11,0.26,3,1,4,1,1,0,"36,67,85","54",9,2,1,0,3,0,1,0,1,2,21,9,8,4,13,5,16,15,61,39,1.41,1.61,2.33,1.10,2.32,44,75,38,13,7,38,69,26,75,12.13,4.51,1.57,3.90,6.00,1.33,1.84,3.60,7.00,2.05,1.70,Neo Química Arena (São Paulo- São Paulo)
1658363400,Jul 21 2022 - 12:30am,complete,8453,Santos,Botafogo,Ramon Abatti,18,1.67,1.56,1.53,1.63,2,0,2,1,1,0,"33,77","",4,4,2,0,2,0,2,0,2,0,18,25,9,12,9,13,15,18,36,64,1.89,1.48,1.98,2.82,2.44,50,67,45,28,11,33,62,39,84,9.77,6.45,1.95,3.40,3.95,1.40,2.11,4.20,8.50,2.00,1.75,Estádio Urbano Caldeira (Santos- São Paulo)
1658440800,Jul 21 2022 - 10:00pm,complete,N/A,Cuiabá,Atlético Mineiro,Jean Pierre Goncalves Lima,18,1.25,1.63,1.37,1.53,1,1,2,0,0,0,"90'9","90'4",4,2,1,0,1,0,0,1,0,1,16,9,6,5,10,4,7,10,32,68,1.40,1.72,1.68,1.46,1.88,44,50,19,13,7,13,50,26,69,10.63,5.13,4.70,3.20,1.90,1.50,2.33,4.55,8.90,2.05,1.70,Arena Pantanal (Cuiabá- Mato Grosso)
1658444400,Jul 21 2022 - 11:00pm,complete,N/A,América Mineiro,Palmeiras,Braulio da Silva Machado,18,1.75,2.00,1.63,2.00,0,1,1,0,0,0,"","65",7,7,5,0,3,0,0,5,2,1,16,20,4,6,12,14,16,6,48,52,1.93,1.87,1.73,2.13,2.01,38,63,38,13,7,26,57,26,75,12.13,3.50,3.35,3.25,2.03,1.36,2.08,3.70,7.10,1.95,1.80,Estádio Raimundo Sampaio (Belo Horizonte- Minas Gerais)
1658613600,Jul 23 2022 - 10:00pm,complete,N/A,São Paulo,Goiás,Caio Max Augusto Vieira,19,1.88,0.89,1.58,1.05,3,3,6,4,2,2,"29,33,48","8,39,90'2",6,3,2,0,5,0,1,1,3,2,21,14,5,10,16,4,7,11,64,36,1.91,1.29,2.21,1.89,2.32,48,60,54,25,6,19,83,36,66,10.00,5.74,1.50,3.90,6.81,1.37,2.06,3.88,7.30,2.28,1.63,Estádio Cícero Pompeu de Toledo (Morumbi) (São Paulo- São Paulo)
1658620800,Jul 24 2022 - 12:00am,complete,N/A,Botafogo,Atlético PR,Anderson Daronco,19,0.88,1.44,1.16,1.00,2,0,2,1,1,0,"19,54","",2,11,0,0,2,0,0,0,0,2,19,18,7,6,12,12,16,15,54,46,1.67,1.38,1.98,2.01,2.12,42,53,41,24,0,24,53,36,89,9.32,5.46,2.25,3.10,2.80,1.42,2.30,4.50,9.00,1.95,1.80,Estádio Nilton Santos (Rio de Janeiro)
1658671200,Jul 24 2022 - 2:00pm,complete,N/A,Avaí,Flamengo,Raphael Claus,19,1.89,0.89,1.32,1.37,1,2,3,0,0,0,"47","55,84",6,5,1,0,1,0,1,0,0,1,15,19,6,8,9,11,19,19,43,57,1.55,1.47,1.76,2.11,2.67,67,73,56,28,11,28,78,45,84,9.33,6.33,5.10,3.90,1.66,1.31,1.91,3.26,6.63,1.78,2.00,Estádio Aderbal Ramos da Silva (Florianópolis- Santa Catarina)
1658689200,Jul 24 2022 - 7:00pm,complete,N/A,Fluminense,Bragantino,André Luiz de Freitas Castro,19,1.78,1.25,2.05,0.79,2,1,3,0,0,0,"62,66","72",9,5,5,1,2,0,1,5,1,1,27,7,8,2,19,5,11,20,61,39,1.90,1.71,2.63,0.80,2.95,54,83,53,30,12,54,89,35,71,11.91,6.05,1.92,3.50,4.15,1.39,2.06,4.03,7.38,1.90,1.83,Estádio Municipal General Raulino de Oliveira (Volta Redonda- Rio de Janeiro)
1658689200,Jul 24 2022 - 7:00pm,complete,N/A,Palmeiras,Internacional,Bruno Arleu de Araujo,19,1.89,1.56,2.26,1.53,2,1,3,1,1,0,"18,88","82",12,5,0,0,1,0,0,0,1,0,20,13,10,6,10,7,12,15,52,48,2.29,1.42,2.28,1.42,2.28,45,78,28,17,11,33,50,33,84,13.00,5.67,1.49,4.35,6.60,1.31,1.88,3.37,6.54,1.95,1.80,Allianz Parque (São Paulo- São Paulo)
1658689200,Jul 24 2022 - 7:00pm,complete,N/A,Juventude,Ceará,Felipe Fernandes de Lima,19,0.67,1.44,0.79,0.89,1,0,1,0,0,0,"66","",8,3,1,0,3,0,0,1,1,2,14,18,8,6,6,12,20,14,44,56,1.77,1.53,1.76,1.95,2.17,50,62,45,22,6,28,67,39,73,12.22,7.67,3.05,2.95,2.60,1.52,2.52,5.02,9.60,2.05,1.72,Estádio Alfredo Jaconi (Caxias do Sul- Rio Grande do Sul)
1658696400,Jul 24 2022 - 9:00pm,complete,N/A,Atlético Mineiro,Corinthians,Ramon Abatti,19,2.00,1.22,1.53,1.32,1,2,3,1,1,0,"9","80,86",5,0,2,0,1,0,1,1,1,0,15,8,7,4,8,4,11,12,53,47,2.05,1.28,1.79,1.06,2.62,50,78,50,33,6,39,89,28,84,10.00,4.89,1.59,3.85,6.20,1.41,2.12,4.17,7.60,2.20,1.63,Estádio Governador Magalhães Pinto (Belo Horizonte- Minas Gerais)
1658696400,Jul 24 2022 - 9:00pm,complete,N/A,Atlético GO,América Mineiro,Jean Pierre Goncalves Lima,19,1.22,0.44,1.21,1.16,0,1,1,1,0,1,"","33",6,3,0,0,1,0,0,0,0,1,22,12,7,6,15,6,4,12,64,36,1.88,1.52,2.51,1.41,1.95,39,56,33,6,0,11,67,39,73,10.56,6.00,1.94,3.35,4.25,1.40,2.11,4.09,7.60,2.00,1.80,Estádio Antônio Accioly (Goiânia- Goiás)
1658700000,Jul 24 2022 - 10:00pm,complete,N/A,Fortaleza,Santos,Wilton Pereira Sampaio,19,0.89,0.88,1.53,0.95,0,0,0,0,0,0,"","",7,5,4,0,4,0,1,3,1,3,29,11,3,3,26,8,11,11,52,48,1.89,1.36,2.50,1.40,1.43,42,42,19,7,0,13,66,24,42,12.30,4.52,1.99,2.95,3.70,1.48,2.40,4.68,8.70,2.00,1.75,Estádio Governador Plácido Aderaldo Castelo (Fortaleza- Ceará)
1658790000,Jul 25 2022 - 11:00pm,complete,N/A,Coritiba,Cuiabá,Braulio da Silva Machado,19,1.89,1.00,1.95,0.79,1,0,1,1,1,0,"40","",4,4,5,1,3,0,3,3,0,3,5,9,3,0,2,9,16,12,42,58,1.87,1.21,0.76,1.06,2.33,44,62,44,17,11,22,78,39,84,10.88,5.33,2.05,3.20,3.85,1.44,2.38,4.50,9.00,2.00,1.75,Estádio Major Antônio Couto Pereira (Curitiba- Paraná)
1659209400,Jul 30 2022 - 7:30pm,complete,N/A,Ceará,Palmeiras,Anderson Daronco,20,1.22,2.11,1.05,2.00,1,2,3,2,0,2,"80","31,45",6,5,3,1,3,0,1,3,1,2,14,17,8,8,6,9,14,11,47,53,1.81,1.90,1.69,1.92,2.00,50,62,33,22,0,28,67,22,67,10.78,3.55,3.32,3.36,2.24,1.39,2.15,3.88,7.50,1.95,1.85,Estádio Governador Plácido Aderaldo Castelo (Fortaleza- Ceará)
1659209400,Jul 30 2022 - 7:30pm,complete,N/A,Goiás,Coritiba,Wagner do Nascimento Magalhaes,20,1.44,0.22,1.37,0.26,1,0,1,0,0,0,"80","",3,7,1,0,2,1,0,1,2,1,20,21,6,3,14,18,0,1,50,50,1.39,1.55,1.99,1.96,2.89,73,89,56,28,11,45,84,39,84,9.00,6.00,2.46,3.17,3.21,1.43,2.25,4.20,8.10,1.98,1.83,Estádio de Hailé Pinheiro (Goiânia- Goiás)
1659218400,Jul 30 2022 - 10:00pm,complete,42532,Corinthians,Botafogo,Jean Pierre Goncalves Lima,20,2.33,1.40,2.11,1.63,1,0,1,1,1,0,"27","",4,4,0,0,0,0,0,0,0,0,15,9,4,3,11,6,6,5,49,51,1.51,1.61,1.68,1.09,2.09,37,63,26,21,5,21,63,26,84,10.74,4.96,1.81,3.71,4.71,1.43,2.30,4.35,8.30,2.21,1.67,Neo Química Arena (São Paulo- São Paulo)
1659223800,Jul 30 2022 - 11:30pm,complete,N/A,Flamengo,Atlético GO,Caio Max Augusto Vieira,20,2.11,0.67,1.89,0.68,4,1,5,4,4,0,"22,23,32,45'5","82",6,3,0,0,7,1,0,0,5,3,18,6,7,2,11,4,12,16,52,48,2.17,1.36,2.16,0.76,2.56,39,78,39,28,11,44,84,17,78,11.78,3.78,1.42,4.75,7.32,1.26,1.73,3.02,5.45,2.04,1.78,Estadio Jornalista Mário Filho (Maracanã) (Rio de Janeiro- Rio de Janeiro)
1659294000,Jul 31 2022 - 7:00pm,complete,N/A,Internacional,Atlético Mineiro,Flavio Rodrigues De Souza,20,1.78,1.56,2.32,1.53,3,0,3,3,3,0,"7,24,30","",1,7,1,0,1,0,1,0,1,0,10,22,4,6,6,16,13,12,31,69,1.93,1.69,1.14,2.21,2.72,62,67,50,33,17,39,61,33,84,12.33,5.56,2.58,3.36,2.79,1.42,2.16,4.33,8.50,1.90,1.80,Estádio José Pinheiro Borda (Porto Alegre- Rio Grande do Sul)
1659294000,Jul 31 2022 - 7:00pm,complete,N/A,Atlético PR,São Paulo,Marcelo de Lima Henrique,20,2.00,1.00,2.05,1.26,1,0,1,0,0,0,"69","",6,5,3,0,4,0,0,3,1,3,13,15,7,5,6,10,15,13,40,60,1.67,1.41,1.59,1.68,2.48,68,68,37,27,16,37,69,27,84,10.43,6.83,2.32,3.08,3.36,1.44,2.21,4.50,9.00,1.95,1.75,Arena da Baixada (Curitiba- Paraná)
1659301200,Jul 31 2022 - 9:00pm,complete,N/A,América Mineiro,Avaí,Vinicius Gonçalves Dias Araujo,20,1.56,0.44,1.63,0.53,3,1,4,2,1,1,"34,70,90","4",7,7,1,0,0,0,0,1,0,0,19,10,7,4,12,6,15,17,48,52,1.91,1.25,2.15,1.19,2.11,33,62,45,11,6,33,67,17,73,9.44,6.34,1.76,3.75,4.50,1.38,2.03,4.00,8.00,2.00,1.71,Estádio Raimundo Sampaio (Belo Horizonte- Minas Gerais)
1659301200,Jul 31 2022 - 9:00pm,complete,N/A,Cuiabá,Fortaleza,Paulo Cesar Zanovelli,20,1.22,0.67,1.37,1.37,0,1,1,1,0,1,"","25",10,3,2,0,4,0,1,1,1,3,21,8,6,3,15,5,11,10,56,44,1.43,1.36,2.22,1.06,2.28,61,67,39,17,11,34,61,39,84,9.34,5.33,2.50,3.05,3.00,1.50,2.43,5.00,10.00,2.10,1.65,Arena Pantanal (Cuiabá- Mato Grosso)
1659304800,Jul 31 2022 - 10:00pm,complete,N/A,Bragantino,Juventude,Bruno Arleu de Araujo,20,1.70,0.78,1.53,0.37,1,0,1,1,1,0,"28","",7,5,1,0,1,0,1,0,1,0,24,10,6,4,18,6,11,15,52,48,1.89,1.19,2.44,1.16,2.75,54,80,48,37,11,32,64,48,90,11.66,6.94,1.60,3.90,5.60,1.33,1.94,3.60,7.00,2.10,1.72,Estádio Nabi Abi Chedid (Bragança Paulista- São Paulo)
1659394800,Aug 01 2022 - 11:00pm,complete,11943,Santos,Fluminense,Braulio da Silva Machado,20,1.80,1.67,1.53,1.63,2,2,4,1,1,0,"16,86","71,72",5,5,2,0,5,0,0,2,0,5,12,11,5,8,7,3,14,13,33,67,1.90,1.49,1.49,1.65,2.31,47,57,42,27,16,32,58,37,74,9.86,4.91,2.69,3.05,2.79,1.47,2.37,4.75,9.50,2.00,1.75,Estádio Urbano Caldeira (Santos- São Paulo)
1659814200,Aug 06 2022 - 7:30pm,complete,N/A,Botafogo,Ceará,Raphael Claus,21,1.11,1.30,1.16,0.89,1,1,2,1,1,0,"9","49",3,8,3,0,4,0,2,1,1,3,12,19,5,6,7,13,23,9,40,60,1.71,1.58,1.40,1.97,2.01,42,53,32,21,5,21,58,27,80,10.16,7.28,2.28,3.10,3.24,1.37,2.16,3.90,6.50,1.90,1.80,Estádio Nilton Santos (Rio de Janeiro)
1659814200,Aug 06 2022 - 7:30pm,complete,N/A,Juventude,América Mineiro,Edina Alves Batista,21,0.90,0.70,0.79,1.16,0,1,1,1,0,1,"","8",13,2,1,0,2,0,1,0,1,1,16,12,4,5,12,7,12,18,65,35,1.77,1.51,1.83,1.34,1.95,35,50,40,10,0,15,65,45,70,11.00,5.70,2.23,3.00,3.47,1.40,2.29,4.30,7.50,2.05,1.72,Estádio Alfredo Jaconi (Caxias do Sul- Rio Grande do Sul)
1659823200,Aug 06 2022 - 10:00pm,complete,N/A,Atlético GO,Bragantino,Marielson Alves Silva,21,1.10,1.11,1.21,0.79,2,1,3,0,0,0,"52,60","86",8,10,2,0,1,0,0,2,0,1,12,20,6,7,6,13,10,10,43,57,1.94,1.61,1.49,2.33,2.50,59,75,43,22,6,38,80,32,69,11.01,5.82,2.73,3.15,2.59,1.38,2.04,4.00,8.00,1.87,1.90,Estádio Antônio Accioly (Goiânia- Goiás)
1659823200,Aug 06 2022 - 10:00pm,complete,N/A,Avaí,Corinthians,Wilton Pereira Sampaio,21,1.70,1.40,1.32,1.32,1,1,2,1,1,0,"36","77",2,8,2,0,1,0,0,2,0,1,7,17,3,6,4,11,11,12,41,59,1.57,1.26,0.96,1.87,2.85,65,75,65,35,10,35,80,40,85,7.20,5.20,3.09,3.00,2.42,1.52,2.41,5.00,10.00,2.10,1.70,Estádio Aderbal Ramos da Silva (Florianópolis- Santa Catarina)
1659828600,Aug 06 2022 - 11:30pm,complete,N/A,São Paulo,Flamengo,Ramon Abatti,21,1.78,1.10,1.58,1.37,0,2,2,1,0,1,"","7,90'5",5,3,2,0,2,0,1,1,1,1,15,20,6,9,9,11,12,7,54,46,1.95,1.54,1.73,2.25,2.76,64,74,64,32,6,37,80,42,79,11.89,5.66,3.10,3.30,2.25,1.33,1.98,3.54,6.60,1.82,1.94,Estádio Cícero Pompeu de Toledo (Morumbi) (São Paulo- São Paulo)
1659898800,Aug 07 2022 - 7:00pm,complete,46323,Fluminense,Cuiabá,Flavio Rodrigues De Souza,21,1.90,0.90,2.05,0.79,1,0,1,1,1,0,"2","",11,6,2,0,1,0,0,2,0,1,11,9,6,2,5,7,11,14,64,36,1.98,1.19,1.51,0.95,2.50,45,65,50,15,10,30,70,40,80,11.40,5.50,1.45,4.00,8.00,1.38,2.25,4.20,8.50,2.40,1.55,Estadio Jornalista Mário Filho (Maracanã) (Rio de Janeiro- Rio de Janeiro)
1659898800,Aug 07 2022 - 7:00pm,complete,N/A,Palmeiras,Goiás,Jean Pierre Goncalves Lima,21,2.00,0.90,2.26,1.05,3,0,3,2,2,0,"19,45'4,83","",5,4,2,0,3,0,1,1,1,2,21,9,7,2,14,7,12,10,56,44,2.29,1.35,2.16,0.95,2.55,40,65,45,25,20,25,75,35,75,12.30,5.10,1.29,5.25,10.50,1.22,1.73,3.00,5.50,2.44,1.53,Allianz Parque (São Paulo- São Paulo)
1659906000,Aug 07 2022 - 9:00pm,complete,N/A,Fortaleza,Internacional,Wagner do Nascimento Magalhaes,21,0.90,1.40,1.53,1.53,3,0,3,1,1,0,"45,70,84","",7,5,1,1,5,0,2,0,4,1,17,9,7,3,10,6,12,15,33,67,1.95,1.42,1.77,1.21,1.45,45,55,10,0,0,10,45,35,55,10.80,5.50,2.10,3.20,3.70,1.43,2.30,4.35,8.90,1.95,1.78,Estádio Governador Plácido Aderaldo Castelo (Fortaleza- Ceará)
1659909600,Aug 07 2022 - 10:00pm,complete,N/A,Atlético Mineiro,Atlético PR,Braulio da Silva Machado,21,1.80,1.30,1.53,1.00,2,3,5,1,1,0,"30,54","46,56,90'6",11,2,1,0,2,0,1,0,0,2,23,11,8,6,15,5,10,14,64,36,2.02,1.44,2.42,1.29,2.35,45,75,45,20,5,20,75,40,90,11.90,4.60,1.50,4.00,7.00,1.37,2.10,3.83,7.60,2.15,1.62,Estádio Governador Magalhães Pinto (Belo Horizonte- Minas Gerais)
1659999600,Aug 08 2022 - 11:00pm,complete,N/A,Coritiba,Santos,Paulo Cesar Zanovelli,21,2.00,0.89,1.95,0.95,1,2,3,0,0,0,"57","47,90'3",6,7,3,0,3,0,2,1,2,1,17,16,3,5,14,11,23,10,48,52,1.76,1.37,1.66,1.77,1.93,42,52,37,16,5,21,79,31,57,11.76,6.08,2.15,2.90,3.20,1.44,2.30,4.33,8.00,2.00,1.73,Estádio Major Antônio Couto Pereira (Curitiba- Paraná)
1660419000,Aug 13 2022 - 7:30pm,complete,N/A,Goiás,Avaí,Flavio Rodrigues De Souza,22,1.60,0.40,1.37,0.53,1,1,2,1,0,1,"79","45",6,2,1,1,2,0,0,2,0,2,20,13,5,4,15,9,13,10,46,54,1.45,1.25,1.97,1.42,2.40,55,70,50,20,5,35,75,30,80,6.90,6.30,2.03,3.20,3.78,1.44,2.21,4.33,8.00,2.00,1.71,Estádio de Hailé Pinheiro (Goiânia- Goiás)
1660428000,Aug 13 2022 - 10:00pm,complete,49666,Corinthians,Palmeiras,Raphael Claus,22,2.40,2.20,2.11,2.00,0,1,1,0,0,0,"","72",5,3,2,0,2,0,2,0,1,1,16,11,4,5,12,6,15,10,57,43,1.53,1.90,1.74,1.18,1.80,35,55,30,10,0,15,55,25,75,12.10,3.00,3.18,3.05,2.34,1.44,2.27,4.38,8.95,1.99,1.78,Neo Química Arena (São Paulo- São Paulo)
1660433400,Aug 13 2022 - 11:30pm,complete,N/A,Cuiabá,Juventude,Marielson Alves Silva,22,1.10,0.70,1.37,0.37,1,0,1,1,1,0,"22","",5,4,4,0,5,1,0,4,1,5,13,6,5,3,8,3,14,14,45,55,1.52,1.18,1.49,0.87,2.05,50,65,25,20,5,25,60,35,70,9.90,6.30,2.15,2.95,3.76,1.50,2.69,4.88,10.00,2.17,1.66,Arena Pantanal (Cuiabá- Mato Grosso)
1660435200,Aug 14 2022 - 12:00am,complete,N/A,Botafogo,Atlético GO,Edina Alves Batista,22,1.10,0.60,1.16,0.68,0,0,0,0,0,0,"","",8,3,1,1,3,0,1,1,0,3,17,14,6,4,11,10,18,10,54,46,1.68,1.29,1.93,1.39,2.60,55,75,35,30,15,35,75,20,90,9.30,5.60,2.01,3.12,3.37,1.42,2.18,4.33,8.50,1.90,1.80,Estádio Nilton Santos (Rio de Janeiro)
1660485600,Aug 14 2022 - 2:00pm,complete,N/A,Coritiba,Atlético Mineiro,Marcelo de Lima Henrique,22,1.82,1.40,1.95,1.53,0,1,1,0,0,0,"","90'4",1,9,3,0,0,0,1,2,0,0,8,22,3,10,5,12,7,20,41,59,1.75,1.74,0.99,2.50,2.38,48,62,43,19,10,19,66,43,72,11.68,5.67,4.10,3.15,1.85,1.40,2.10,4.00,7.50,2.00,1.71,Estádio Major Antônio Couto Pereira (Curitiba- Paraná)
1660503600,Aug 14 2022 - 7:00pm,complete,N/A,Flamengo,Atlético PR,Wilton Pereira Sampaio,22,2.20,1.45,1.89,1.00,5,0,5,0,0,0,"56,59,63,71,90'2","",12,4,3,0,2,0,2,1,0,2,21,6,12,4,9,2,13,14,69,31,2.17,1.43,2.61,0.83,2.43,33,67,48,29,10,34,72,28,81,11.42,3.77,1.41,4.20,6.60,1.29,1.75,3.00,5.50,2.05,1.70,Estadio Jornalista Mário Filho (Maracanã) (Rio de Janeiro- Rio de Janeiro)
1660503600,Aug 14 2022 - 7:00pm,complete,N/A,São Paulo,Bragantino,Paulo Cesar Zanovelli,22,1.60,1.00,1.58,0.79,3,0,3,1,1,0,"25,59,61","",13,4,1,0,0,0,1,0,0,0,18,14,6,5,12,9,17,10,51,49,1.92,1.68,1.89,1.47,3.00,65,85,65,35,10,45,85,40,75,12.30,5.50,1.96,3.20,3.65,1.40,2.10,3.75,7.50,1.93,1.78,Estádio Cícero Pompeu de Toledo (Morumbi) (São Paulo- São Paulo)
1660503600,Aug 14 2022 - 7:00pm,complete,N/A,Ceará,Fortaleza,Jean Pierre Goncalves Lima,22,1.10,0.90,1.05,1.37,0,1,1,1,0,1,"","17",4,8,3,0,4,0,3,0,3,1,14,13,5,6,9,7,9,13,65,35,1.80,1.33,1.54,1.57,2.60,70,70,55,30,10,50,85,30,75,9.30,5.60,2.40,2.95,2.90,1.50,2.35,4.50,9.00,2.05,1.70,Estádio Governador Plácido Aderaldo Castelo (Fortaleza- Ceará)
1660510800,Aug 14 2022 - 9:00pm,complete,N/A,América Mineiro,Santos,Paulo Roberto Alves Júnior,22,1.70,1.10,1.63,0.95,1,0,1,1,1,0,"14","",6,6,1,0,0,0,0,1,0,0,18,13,6,2,12,11,16,9,39,61,1.94,1.41,1.99,1.26,1.95,45,55,40,15,5,30,60,25,65,12.10,5.20,2.27,3.10,3.00,1.44,2.30,4.33,8.00,2.00,1.73,Estádio Raimundo Sampaio (Belo Horizonte- Minas Gerais)
1660514400,Aug 14 2022 - 10:00pm,complete,N/A,Internacional,Fluminense,Ramon Abatti,22,1.90,1.60,2.32,1.63,3,0,3,1,1,0,"36,71,90'3","",6,5,1,0,1,0,0,1,0,1,17,10,7,0,10,10,21,12,33,67,1.85,1.51,1.88,1.07,2.75,55,65,55,40,20,50,70,30,75,11.00,5.20,2.49,3.00,2.75,1.42,2.25,4.27,8.70,1.95,1.78,Estádio José Pinheiro Borda (Porto Alegre- Rio Grande do Sul)
1661023800,Aug 20 2022 - 7:30pm,complete,N/A,Atlético Mineiro,Goiás,Vinicius Gonçalves Dias Araujo,23,1.64,0.82,1.53,1.05,0,1,1,0,0,0,"","51",7,0,0,0,0,0,0,0,0,0,29,6,9,4,20,2,10,13,73,27,2.06,1.31,3.15,0.77,2.59,50,73,50,23,18,18,87,46,78,10.27,5.45,1.25,5.20,12.00,1.22,1.70,2.75,4.75,2.30,1.57,Estádio Governador Magalhães Pinto (Belo Horizonte- Minas Gerais)
1661032800,Aug 20 2022 - 10:00pm,complete,N/A,Fluminense,Coritiba,Paulo Cesar Zanovelli,23,2.00,0.20,2.05,0.26,5,2,7,2,2,0,"3,36,77,90,90'5","72,84",11,3,1,0,2,0,0,1,1,1,16,9,6,4,10,5,13,13,64,36,1.93,1.60,1.89,1.35,2.87,53,82,58,24,10,43,77,43,77,13.06,6.00,1.53,3.60,6.50,1.38,2.25,3.90,7.75,2.15,1.62,Estadio Jornalista Mário Filho (Maracanã) (Rio de Janeiro- Rio de Janeiro)
1661090400,Aug 21 2022 - 2:00pm,complete,N/A,Juventude,Botafogo,Raphael Claus,23,0.82,1.27,0.79,1.63,2,2,4,1,1,0,"9,65","61,72",2,4,2,0,2,0,1,1,0,2,13,20,6,10,7,10,19,11,35,65,1.78,1.57,1.42,2.46,2.18,41,60,36,23,5,27,69,36,78,11.36,5.73,2.35,3.10,3.15,1.42,2.13,4.50,8.50,1.93,1.77,Estádio Alfredo Jaconi (Caxias do Sul- Rio Grande do Sul)
1661108400,Aug 21 2022 - 7:00pm,complete,N/A,Palmeiras,Flamengo,Ramon Abatti,23,2.09,1.27,2.26,1.37,1,1,2,1,0,1,"66","29",10,4,0,0,2,0,0,0,0,2,24,12,5,6,19,6,11,16,56,44,2.28,1.60,2.28,1.37,2.59,46,78,50,23,9,36,73,32,87,13.73,4.82,2.34,3.15,2.80,1.33,2.00,3.40,6.50,1.80,1.90,Allianz Parque (São Paulo- São Paulo)
1661115600,Aug 21 2022 - 9:00pm,complete,N/A,Bragantino,Ceará,Bruno Arleu de Araujo,23,1.82,1.27,1.53,0.89,1,1,2,0,0,0,"90'13","80",10,2,3,0,4,0,0,3,1,3,29,12,11,6,18,6,22,16,58,42,1.94,1.61,3.04,1.38,2.18,41,60,32,23,9,18,64,27,78,12.91,6.81,1.94,3.20,3.65,1.40,2.06,4.00,7.00,1.95,1.75,Estádio Nabi Abi Chedid (Bragança Paulista- São Paulo)
1661115600,Aug 21 2022 - 9:00pm,complete,N/A,Fortaleza,Corinthians,Leandro Pedro Vuaden,23,1.09,1.36,1.53,1.32,1,0,1,0,0,0,"65","",4,7,1,0,2,0,1,0,2,0,14,8,6,2,8,6,14,7,37,63,1.93,1.31,1.56,0.98,1.91,41,55,32,18,0,23,73,23,59,9.91,4.45,2.09,3.05,3.40,1.50,2.60,5.00,10.00,2.15,1.63,Estádio Governador Plácido Aderaldo Castelo (Fortaleza- Ceará)
1661115600,Aug 21 2022 - 9:00pm,complete,N/A,Atlético GO,Cuiabá,Anderson Daronco,23,1.27,0.82,1.21,0.79,1,1,2,1,1,0,"34","81",3,17,2,1,2,0,1,2,1,1,8,25,3,9,5,16,14,8,37,63,1.90,1.17,0.92,2.83,2.05,46,55,36,9,5,18,69,32,73,10.64,4.82,2.11,2.95,3.45,1.49,2.60,4.50,9.00,2.15,1.63,Estádio Antônio Accioly (Goiânia- Goiás)
1661115600,Aug 21 2022 - 9:00pm,complete,N/A,Atlético PR,América Mineiro,Savio Pereira Sampaio,23,2.10,0.91,2.05,1.16,1,1,2,1,1,0,"25","64",2,7,0,0,0,0,0,0,0,0,20,13,11,2,9,11,10,10,58,42,1.66,1.49,2.38,1.32,2.02,34,43,34,15,10,20,67,33,68,9.67,6.12,1.77,3.30,4.30,1.40,2.12,4.00,7.50,2.05,1.70,Arena da Baixada (Curitiba- Paraná)
1661119200,Aug 21 2022 - 10:00pm,complete,N/A,Santos,São Paulo,Wilton Pereira Sampaio,23,1.73,0.91,1.53,1.26,1,0,1,1,1,0,"33","",5,9,4,0,2,0,3,1,2,0,15,20,6,7,9,13,12,9,29,71,1.86,1.43,1.75,2.50,2.41,64,73,41,23,9,27,64,32,87,10.36,6.28,2.49,2.95,2.80,1.44,2.29,4.00,7.50,1.95,1.77,Estádio Urbano Caldeira (Santos- São Paulo)
1661209200,Aug 22 2022 - 11:00pm,complete,N/A,Avaí,Internacional,Edina Alves Batista,23,1.64,1.27,1.32,1.53,0,1,1,0,0,0,"","90'8",8,4,5,0,1,0,2,3,0,1,11,15,3,7,8,8,15,9,50,50,1.52,1.40,1.16,1.92,2.46,69,82,46,14,9,18,59,55,87,8.45,6.28,3.15,3.25,2.21,1.41,2.20,4.18,8.50,1.95,1.81,Estádio Aderbal Ramos da Silva (Florianópolis- Santa Catarina)
1661628600,Aug 27 2022 - 7:30pm,complete,N/A,Goiás,Atlético GO,Marcelo de Lima Henrique,24,1.55,0.64,1.37,0.68,2,1,3,1,1,0,"11,54","84",3,3,2,1,2,1,1,2,1,2,13,10,8,3,5,7,14,9,31,69,1.49,1.30,1.69,1.33,2.59,64,78,36,27,18,36,78,18,87,8.37,5.64,2.56,3.07,2.91,1.40,2.45,4.20,8.25,1.93,1.77,Estádio de Hailé Pinheiro (Goiânia- Goiás)
1661628600,Aug 27 2022 - 7:30pm,complete,N/A,Coritiba,Avaí,Savio Pereira Sampaio,24,1.67,0.45,1.95,0.53,1,0,1,0,0,0,"78","",4,5,4,0,3,0,3,1,1,2,9,11,4,3,5,8,14,14,44,56,1.68,1.26,1.35,1.34,2.31,44,66,49,18,4,27,79,35,74,9.11,6.52,2.16,3.22,3.48,1.40,2.26,4.20,8.25,2.00,1.71,Estádio Major Antônio Couto Pereira (Curitiba- Paraná)
1661637600,Aug 27 2022 - 10:00pm,complete,N/A,Fluminense,Palmeiras,Braulio da Silva Machado,24,2.08,2.27,2.05,2.00,1,1,2,2,1,1,"38","8",3,3,3,0,3,0,2,1,2,1,18,8,7,3,11,5,16,16,61,39,1.93,1.83,2.11,1.03,2.45,43,65,47,17,9,30,60,39,79,13.31,4.47,2.74,3.05,2.58,1.42,2.30,4.10,8.50,1.95,1.75,Estadio Jornalista Mário Filho (Maracanã) (Rio de Janeiro- Rio de Janeiro)
1661644800,Aug 28 2022 - 12:00am,complete,N/A,Ceará,Atlético PR,Vinicius Gonçalves Dias Araujo,24,1.00,1.33,1.05,1.00,0,0,0,0,0,0,"","",9,3,0,0,1,0,0,0,1,0,14,6,5,3,9,3,9,15,59,41,1.78,1.38,1.85,0.96,2.38,49,66,43,30,9,31,75,26,74,9.57,4.70,2.10,3.25,3.40,1.40,2.30,4.20,8.00,2.00,1.73,Estádio Governador Plácido Aderaldo Castelo (Fortaleza- Ceará)
1661713200,Aug 28 2022 - 7:00pm,complete,N/A,América Mineiro,Atlético Mineiro,Ramon Abatti,24,1.82,1.55,1.63,1.53,1,1,2,2,1,1,"19","10",6,1,4,0,4,0,1,3,3,1,11,17,6,5,5,12,23,14,43,57,1.94,1.81,1.40,1.74,2.18,41,55,36,18,9,27,55,27,73,12.18,4.45,4.20,3.40,1.75,1.36,2.10,3.75,7.50,1.95,1.75,Estádio Raimundo Sampaio (Belo Horizonte- Minas Gerais)
1661713200,Aug 28 2022 - 7:00pm,complete,N/A,São Paulo,Fortaleza,Paulo Cesar Zanovelli,24,1.73,1.09,1.58,1.37,0,1,1,1,0,1,"","32",7,2,2,0,2,0,0,2,1,1,16,6,9,2,7,4,10,10,72,28,1.92,1.35,2.18,0.71,2.87,60,73,69,32,14,41,87,45,82,12.00,5.63,2.10,3.05,3.45,1.42,2.20,4.33,8.50,1.98,1.73,Estádio Cícero Pompeu de Toledo (Morumbi) (São Paulo- São Paulo)
1661720400,Aug 28 2022 - 9:00pm,complete,N/A,Botafogo,Flamengo,Flavio Rodrigues De Souza,24,1.09,1.25,1.16,1.37,0,1,1,0,0,0,"","58",3,4,3,0,2,0,1,2,0,2,15,7,6,2,9,5,19,14,46,54,1.70,1.58,1.71,0.90,2.12,52,65,35,18,0,22,65,30,83,9.48,5.65,4.33,3.50,1.70,1.30,1.95,3.50,6.50,1.88,1.82,Estádio Nilton Santos (Rio de Janeiro)
1661720400,Aug 28 2022 - 9:00pm,complete,N/A,Cuiabá,Santos,Jean Pierre Goncalves Lima,24,1.27,1.00,1.37,0.95,0,0,0,0,0,0,"","",14,2,0,0,0,0,0,0,0,0,23,7,2,2,21,5,13,6,47,53,1.52,1.40,2.09,0.79,1.50,41,45,18,5,0,14,60,23,50,11.00,4.91,2.45,2.80,2.95,1.55,2.55,5.00,10.00,2.10,1.65,Arena Pantanal (Cuiabá- Mato Grosso)
1661814000,Aug 29 2022 - 11:00pm,complete,N/A,Internacional,Juventude,Bruno Arleu de Araujo,24,2.00,0.64,2.32,0.37,4,0,4,2,2,0,"38,45'5,48,90'2","",10,1,0,0,3,0,0,0,1,2,28,8,15,0,13,8,4,10,55,45,1.85,1.16,3.21,0.79,2.82,55,78,59,36,14,50,78,36,78,10.91,6.91,1.45,4.50,6.50,1.33,2.05,3.60,7.00,2.25,1.57,Estádio José Pinheiro Borda (Porto Alegre- Rio Grande do Sul)
1661819400,Aug 30 2022 - 12:30am,complete,36484,Corinthians,Bragantino,Wilton Pereira Sampaio,24,2.18,0.91,2.11,0.79,1,0,1,1,1,0,"31","",5,5,1,0,1,0,1,0,1,0,10,12,5,6,5,6,11,8,48,52,1.54,1.66,1.34,1.40,2.32,46,68,41,18,5,27,69,32,73,11.54,4.18,2.10,3.10,3.75,1.45,2.30,4.50,8.70,2.05,1.70,Neo Química Arena (São Paulo- São Paulo)
1662233400,Sep 03 2022 - 7:30pm,complete,N/A,Juventude,Avaí,Diego Pombo Lopez,25,0.83,0.42,0.79,0.53,1,1,2,0,0,0,"70","59",7,3,6,0,6,0,2,4,1,5,24,11,10,4,14,7,17,15,40,60,1.75,1.27,2.53,1.25,2.25,46,63,50,21,0,29,71,38,75,10.17,5.83,2.40,2.99,3.25,1.45,2.45,4.50,9.50,2.05,1.68,Estádio Alfredo Jaconi (Caxias do Sul- Rio Grande do Sul)
1662242400,Sep 03 2022 - 10:00pm,complete,N/A,Bragantino,Palmeiras,Raphael Claus,25,1.75,2.17,1.53,2.00,2,2,4,3,2,1,"25,35","45'4,71",2,11,4,0,4,0,1,3,2,2,13,13,4,6,9,7,14,12,41,59,2.03,1.77,1.29,1.57,2.13,42,63,33,17,4,21,54,34,79,12.75,4.17,3.25,3.25,2.25,1.33,2.14,3.60,6.50,1.80,1.91,Estádio Nabi Abi Chedid (Bragança Paulista- São Paulo)
1662242400,Sep 03 2022 - 10:00pm,complete,N/A,Atlético PR,Fluminense,Flavio Rodrigues De Souza,25,2.00,1.45,2.05,1.63,1,0,1,1,1,0,"26","",6,3,2,0,0,0,0,2,0,0,8,13,3,4,5,9,15,7,26,74,1.73,1.47,0.91,1.67,2.41,50,55,41,32,18,32,64,36,78,9.73,5.27,2.88,3.13,2.54,1.36,2.26,3.60,6.50,1.85,1.85,Arena da Baixada (Curitiba- Paraná)
1662247800,Sep 03 2022 - 11:30pm,complete,N/A,América Mineiro,Coritiba,Dyorgines José Padovani Andrade,25,1.75,0.18,1.63,0.26,2,0,2,1,1,0,"30,78","",4,5,2,0,3,0,0,2,2,1,25,14,10,3,15,11,19,8,51,49,1.89,1.57,2.70,1.57,2.72,53,75,49,27,13,49,75,31,75,11.78,5.33,1.85,3.40,4.42,1.40,2.20,3.75,7.00,2.05,1.70,Estádio Raimundo Sampaio (Belo Horizonte- Minas Gerais)
1662300000,Sep 04 2022 - 2:00pm,complete,N/A,Flamengo,Ceará,Paulo Cesar Zanovelli,25,2.27,1.25,1.89,0.89,1,1,2,1,0,1,"53","45",13,7,4,1,6,1,1,4,1,6,16,7,7,2,9,5,12,19,62,38,2.21,1.59,1.93,0.77,2.33,39,66,40,27,13,31,66,26,74,12.59,6.06,1.32,4.52,7.24,1.22,1.76,2.90,5.50,1.95,1.75,Estadio Jornalista Mário Filho (Maracanã) (Rio de Janeiro- Rio de Janeiro)
1662318000,Sep 04 2022 - 7:00pm,complete,N/A,Corinthians,Internacional,Braulio da Silva Machado,25,2.25,1.42,2.11,1.53,2,2,4,3,2,1,"13,19","1,67",2,8,2,0,2,0,0,2,2,0,14,15,5,3,9,12,10,14,50,50,1.53,1.44,1.51,1.62,1.75,38,59,21,4,0,13,50,34,75,10.17,4.75,2.10,2.90,3.30,1.45,2.30,4.75,9.50,2.00,1.73,Neo Química Arena (São Paulo- São Paulo)
1662318000,Sep 04 2022 - 7:00pm,complete,N/A,Fortaleza,Botafogo,Ramon Abatti,25,1.25,1.25,1.53,1.63,1,3,4,2,0,2,"70","19,36,63",5,9,1,0,2,0,0,1,1,1,17,18,5,10,12,8,15,14,57,43,1.90,1.64,1.76,2.06,1.80,34,50,21,17,4,13,63,29,63,10.75,5.08,1.91,3.00,3.80,1.42,2.25,4.33,8.50,2.10,1.66,Estádio Governador Plácido Aderaldo Castelo (Fortaleza- Ceará)
1662325200,Sep 04 2022 - 9:00pm,complete,N/A,Atlético GO,Atlético Mineiro,Luiz Flavio De Oliveira,25,1.25,1.50,1.21,1.53,0,2,2,1,0,1,"","45'5,58",5,3,1,0,2,0,1,0,1,1,14,14,3,10,11,4,12,6,50,50,1.82,1.81,1.47,1.83,2.17,54,63,33,13,4,21,59,33,71,11.25,5.00,4.00,3.25,1.80,1.36,1.95,3.75,7.50,1.87,1.83,Estádio Antônio Accioly (Goiânia- Goiás)
1662328800,Sep 04 2022 - 10:00pm,complete,N/A,Cuiabá,São Paulo,Wagner do Nascimento Magalhaes,25,1.25,0.83,1.37,1.26,1,1,2,1,1,0,"7","80",7,5,3,0,2,1,3,0,2,1,12,11,4,3,8,8,18,9,33,67,1.57,1.52,1.35,1.36,1.71,50,55,13,9,4,17,59,17,67,11.42,5.59,2.55,2.75,2.75,1.53,2.90,4.75,10.50,2.13,1.68,Arena Pantanal (Cuiabá- Mato Grosso)
1662418800,Sep 05 2022 - 11:00pm,complete,N/A,Santos,Goiás,Anderson Daronco,25,1.83,1.00,1.53,1.05,1,2,3,1,0,1,"55","2,61",13,2,1,0,2,0,0,1,0,2,25,10,9,5,16,5,8,16,67,33,1.85,1.27,2.79,1.11,2.34,42,59,46,21,13,21,71,38,71,8.08,5.83,1.71,3.64,5.05,1.36,2.20,3.75,7.00,2.07,1.72,Estádio Urbano Caldeira (Santos- São Paulo)
1662580800,Sep 07 2022 - 8:00pm,complete,N/A,Atlético Mineiro,Bragantino,Jean Pierre Goncalves Lima,26,1.50,0.83,1.53,0.79,1,1,2,2,1,1,"17","31",7,5,1,0,2,0,0,1,1,1,22,7,7,3,15,4,8,10,61,39,2.15,1.64,2.39,0.82,2.75,58,83,54,25,13,30,83,46,80,12.59,4.58,1.67,3.80,5.30,1.36,2.00,3.50,6.50,2.05,1.68,Estádio Governador Magalhães Pinto (Belo Horizonte- Minas Gerais)
1662838200,Sep 10 2022 - 7:30pm,complete,N/A,Internacional,Cuiabá,Maguielson Lima Barbosa,26,2.08,0.83,2.32,0.79,1,0,1,0,0,0,"68","",4,3,1,0,3,0,0,1,2,1,19,2,4,0,15,2,16,14,68,32,1.97,1.31,2.03,0.40,2.59,46,67,54,25,13,42,79,29,79,12.25,4.67,1.52,3.70,5.78,1.40,2.19,4.00,7.50,2.25,1.57,Estádio José Pinheiro Borda (Porto Alegre- Rio Grande do Sul)
1662838200,Sep 10 2022 - 7:30pm,complete,N/A,Ceará,Santos,Braulio da Silva Machado,26,1.00,1.00,1.05,0.95,2,1,3,2,2,0,"6,30","56",3,5,4,0,3,0,3,1,1,2,9,13,5,5,4,8,24,17,44,56,1.78,1.34,1.20,1.48,1.75,50,50,33,17,0,30,71,17,46,10.59,4.58,2.23,3.07,3.07,1.44,2.45,4.33,8.00,2.05,1.70,Estádio Governador Plácido Aderaldo Castelo (Fortaleza- Ceará)
1662847200,Sep 10 2022 - 10:00pm,complete,26533,Fluminense,Fortaleza,Paulo Roberto Alves Júnior,26,2.00,1.25,2.05,1.37,2,1,3,1,1,0,"11,56","51",5,6,1,0,2,0,0,1,0,2,15,17,6,6,9,11,7,19,66,34,1.94,1.30,1.68,1.74,2.79,56,68,56,24,16,44,80,44,72,11.81,6.02,1.90,3.30,4.55,1.40,2.10,4.00,7.50,2.05,1.70,Estadio Jornalista Mário Filho (Maracanã) (Rio de Janeiro- Rio de Janeiro)
1662854400,Sep 11 2022 - 12:00am,complete,N/A,Palmeiras,Juventude,Jefferson Ferreira de Moraes,26,2.00,0.58,2.26,0.37,2,1,3,0,0,0,"46,66","63",14,3,0,0,3,0,0,0,1,2,24,7,13,2,11,5,6,15,67,33,2.28,1.13,3.02,0.72,2.71,46,79,50,34,13,42,75,38,84,13.25,5.84,1.30,5.50,9.50,1.18,1.60,2.55,4.33,2.25,1.57,Allianz Parque (São Paulo- São Paulo)
1662904800,Sep 11 2022 - 2:00pm,complete,N/A,Botafogo,América Mineiro,José Mendonça da Silva Jr.,26,1.00,0.92,1.16,1.16,0,0,0,0,0,0,"","",6,11,1,0,5,0,0,1,2,3,20,12,6,3,14,9,11,20,47,53,1.70,1.48,2.05,1.24,1.75,34,46,25,9,0,9,63,29,71,9.08,5.33,2.05,3.07,3.35,1.38,2.22,3.75,7.50,1.95,1.80,Estádio Nilton Santos (Rio de Janeiro)
1662904800,Sep 11 2022 - 2:00pm,complete,N/A,Avaí,Atlético PR,Paulo Cesar Zanovelli,26,1.50,1.31,1.32,1.00,1,1,2,1,1,0,"22","48",7,2,3,0,4,1,0,3,2,3,16,11,4,3,12,8,17,20,69,31,1.49,1.34,1.85,1.13,2.57,53,69,52,28,16,16,61,44,89,9.20,5.07,2.63,3.02,2.48,1.39,2.30,3.90,7.75,1.91,1.91,Estádio Aderbal Ramos da Silva (Florianópolis- Santa Catarina)
1662922800,Sep 11 2022 - 7:00pm,complete,46444,São Paulo,Corinthians,Marcelo de Lima Henrique,26,1.58,1.25,1.58,1.32,1,1,2,2,1,1,"33","14",3,7,3,0,1,0,1,2,1,0,14,18,5,7,9,11,11,14,43,57,1.94,1.28,1.36,1.90,2.67,50,71,59,33,4,38,88,30,79,10.75,4.58,2.35,3.34,3.60,1.50,2.45,5.00,10.00,2.10,1.67,Estádio Cícero Pompeu de Toledo (Morumbi) (São Paulo- São Paulo)
1662922800,Sep 11 2022 - 7:00pm,complete,N/A,Coritiba,Atlético GO,Vinicius Gonçalves Dias Araujo,26,1.77,0.58,1.95,0.68,2,0,2,1,1,0,"45,49","",7,8,6,0,3,1,0,6,0,4,14,16,5,3,9,13,16,11,42,58,1.66,1.30,1.51,1.50,2.49,48,69,40,24,17,29,76,28,80,10.20,6.23,2.19,3.32,3.32,1.40,2.18,4.20,8.00,1.95,1.80,Estádio Major Antônio Couto Pereira (Curitiba- Paraná)
1662933600,Sep 11 2022 - 10:00pm,complete,13798,Goiás,Flamengo,Ramon Abatti,26,1.67,1.38,1.37,1.37,1,1,2,0,0,0,"80","84",4,9,3,0,1,0,1,2,0,1,9,15,6,7,3,8,14,13,29,71,1.51,1.53,1.23,2.00,2.33,65,72,40,16,4,24,72,32,89,8.27,5.77,6.20,4.04,1.54,1.30,2.06,3.25,6.00,1.95,1.80,Estádio de Hailé Pinheiro (Goiânia- Goiás)
1663443000,Sep 17 2022 - 7:30pm,complete,N/A,Avaí,Atlético Mineiro,André Luiz de Freitas Castro,27,1.46,1.62,1.32,1.53,1,0,1,0,0,0,"54","",2,10,4,0,3,0,1,3,2,1,11,16,5,3,6,13,15,20,39,61,1.51,1.81,1.25,1.80,2.46,62,70,43,19,12,19,62,39,81,10.00,5.23,6.00,3.70,1.62,1.33,2.04,3.50,6.50,2.00,1.72,Estádio Aderbal Ramos da Silva (Florianópolis- Santa Catarina)
1663452000,Sep 17 2022 - 10:00pm,complete,N/A,Botafogo,Coritiba,Paulo Cesar Zanovelli,27,1.00,0.17,1.16,0.26,2,0,2,0,0,0,"75,78","",5,10,2,0,4,0,1,1,2,2,14,19,4,3,10,16,12,17,53,47,1.73,1.57,1.44,1.81,2.47,48,69,41,24,9,33,65,33,80,10.11,5.54,2.00,3.30,3.80,1.40,2.20,4.00,7.50,1.98,1.73,Estádio Nilton Santos (Rio de Janeiro)
1663509600,Sep 18 2022 - 2:00pm,complete,N/A,Bragantino,Goiás,José Mendonça da Silva Jr.,27,1.69,1.15,1.53,1.05,1,1,2,1,1,0,"28","55",5,2,0,0,5,0,0,0,1,4,20,7,8,3,12,4,14,16,60,40,1.97,1.26,2.27,0.88,2.43,42,62,42,23,12,19,70,38,77,9.69,5.46,1.47,3.75,5.90,1.33,2.06,3.60,7.00,2.00,1.75,Estádio Nabi Abi Chedid (Bragança Paulista- São Paulo)
1663527600,Sep 18 2022 - 7:00pm,complete,N/A,Flamengo,Fluminense,Raphael Claus,27,2.17,1.33,1.89,1.63,1,2,3,1,0,1,"83","45,76",6,2,1,2,5,3,0,3,3,5,20,13,8,6,12,7,12,10,50,50,2.18,1.48,2.33,1.48,2.50,38,63,46,33,17,34,71,34,71,12.08,4.00,1.63,3.73,4.30,1.28,1.83,3.30,6.00,1.80,1.95,Estadio Jornalista Mário Filho (Maracanã) (Rio de Janeiro- Rio de Janeiro)
1663527600,Sep 18 2022 - 7:00pm,complete,N/A,Ceará,São Paulo,Maguielson Lima Barbosa,27,1.15,0.85,1.05,1.26,0,2,2,1,0,1,"","23,90'3",4,10,5,2,2,0,3,4,2,0,10,22,3,6,7,16,15,11,39,61,1.74,1.51,1.03,2.22,2.12,66,66,31,19,4,35,77,12,70,10.38,5.76,2.22,2.78,3.31,1.45,2.38,4.50,9.50,2.00,1.75,Estádio Governador Plácido Aderaldo Castelo (Fortaleza- Ceará)
1663534800,Sep 18 2022 - 9:00pm,complete,N/A,América Mineiro,Corinthians,Bruno Arleu de Araujo,27,1.85,1.23,1.63,1.32,1,0,1,0,0,0,"77","",4,8,1,0,3,0,0,1,0,3,21,10,11,4,10,6,14,12,46,54,1.96,1.33,2.49,1.25,2.27,46,66,39,23,4,42,77,15,73,9.92,4.53,2.45,2.83,2.83,1.50,2.40,5.00,10.00,2.10,1.67,Estádio Raimundo Sampaio (Belo Horizonte- Minas Gerais)
1663534800,Sep 18 2022 - 9:00pm,complete,N/A,Juventude,Fortaleza,Dyorgines José Padovani Andrade,27,0.85,1.15,0.79,1.37,1,1,2,1,0,1,"78","44",14,2,2,0,3,0,1,1,1,2,21,13,7,4,14,9,14,17,62,38,1.81,1.33,2.19,1.27,2.43,58,62,54,23,8,31,74,50,77,11.31,5.93,3.02,2.97,2.25,1.45,2.45,4.75,9.50,2.00,1.75,Estádio Alfredo Jaconi (Caxias do Sul- Rio Grande do Sul)
1663536600,Sep 18 2022 - 9:30pm,complete,N/A,Palmeiras,Santos,Wilton Pereira Sampaio,27,2.08,0.92,2.26,0.95,1,0,1,0,0,0,"77","",8,5,3,1,4,0,0,4,2,2,21,15,4,4,17,11,3,0,54,46,2.34,1.36,2.08,1.51,2.20,46,66,46,16,8,31,66,27,69,14.76,3.92,1.37,4.30,6.70,1.28,1.84,3.25,6.00,2.05,1.70,Allianz Parque (São Paulo- São Paulo)
1663538400,Sep 18 2022 - 10:00pm,complete,N/A,Atlético PR,Cuiabá,Anderson Daronco,27,2.08,0.77,2.05,0.79,2,2,4,3,2,1,"35,45'4","8,64",8,4,3,0,2,1,1,2,3,0,22,11,4,6,18,5,9,10,64,36,1.66,1.24,2.07,1.40,2.09,44,48,32,17,13,24,68,24,76,10.55,5.23,1.65,3.35,4.75,1.50,2.50,4.20,8.75,2.20,1.62,Arena da Baixada (Curitiba- Paraná)
1663628400,Sep 19 2022 - 11:00pm,complete,N/A,Atlético GO,Internacional,Edina Alves Batista,27,1.15,1.38,1.21,1.53,1,2,3,2,0,2,"64","28,35",10,2,3,0,2,0,1,2,1,1,19,14,4,5,15,9,19,13,54,46,1.79,1.46,1.94,1.48,2.08,54,73,31,8,0,19,58,39,81,10.23,5.77,3.15,3.15,2.30,1.40,2.22,4.00,7.00,1.91,1.91,Estádio Antônio Accioly (Goiânia- Goiás)
1664146800,Sep 25 2022 - 11:00pm,complete,36510,São Paulo,Avaí,Bruno Arleu de Araujo,28,1.54,0.46,1.58,0.53,4,0,4,3,3,0,"25,45'3,45'6,90'3","",9,4,2,0,4,0,1,1,2,2,20,8,7,3,13,5,13,8,61,39,1.90,1.27,2.11,1.01,2.50,50,73,54,23,4,35,81,35,73,10.38,5.84,1.44,4.35,6.50,1.30,1.97,3.40,6.50,2.09,1.70,Estádio Cícero Pompeu de Toledo (Morumbi) (São Paulo- São Paulo)
1664323200,Sep 28 2022 - 12:00am,complete,N/A,Santos,Atlético PR,Braulio da Silva Machado,28,1.69,1.29,1.53,1.00,2,0,2,1,1,0,"35,90'2","",5,4,3,0,3,0,0,3,0,3,15,16,6,3,9,13,19,21,49,51,1.93,1.33,1.57,1.48,2.41,45,67,49,26,11,19,63,41,82,10.28,5.05,2.05,3.25,3.75,1.44,2.35,4.50,9.00,1.95,1.80,Estádio Urbano Caldeira (Santos- São Paulo)
1664402400,Sep 28 2022 - 10:00pm,complete,N/A,Fluminense,Juventude,Edina Alves Batista,28,2.07,0.54,2.05,0.37,4,0,4,2,2,0,"19,28,56,88","",5,5,1,0,1,0,0,1,0,1,22,12,8,4,14,8,5,9,62,38,1.93,1.09,2.41,1.24,2.85,56,78,56,30,11,41,74,52,74,11.29,6.79,1.44,4.00,7.50,1.25,1.95,3.10,6.00,2.20,1.62,Estadio Jornalista Mário Filho (Maracanã) (Rio de Janeiro- Rio de Janeiro)
1664402400,Sep 28 2022 - 10:00pm,complete,N/A,Corinthians,Atlético GO,Leandro Pedro Vuaden,28,2.15,0.54,2.11,0.68,2,1,3,2,1,1,"12,87","17",5,4,0,0,3,0,0,0,1,2,20,11,8,6,12,5,5,14,65,35,1.53,1.32,2.27,1.41,2.27,43,66,31,23,12,27,74,15,77,10.54,4.54,1.61,3.40,5.75,1.40,2.25,4.33,8.50,2.38,1.53,Neo Química Arena (São Paulo- São Paulo)
1664402400,Sep 28 2022 - 10:00pm,complete,N/A,Fortaleza,Flamengo,Flavio Rodrigues De Souza,28,1.15,1.36,1.53,1.37,3,2,5,3,1,2,"18,51,90'4","32,45'5",7,3,2,0,5,0,2,0,0,5,18,10,6,5,12,5,15,15,28,72,1.89,1.56,1.80,1.31,1.80,44,55,26,11,0,15,59,34,66,11.38,4.71,3.30,3.00,2.20,1.35,2.25,3.75,7.50,1.91,1.91,Estádio Governador Plácido Aderaldo Castelo (Fortaleza- Ceará)
1664402400,Sep 28 2022 - 10:00pm,complete,N/A,Coritiba,Ceará,Raphael Claus,28,1.86,1.23,1.95,0.89,1,0,1,1,1,0,"30","",7,3,2,0,4,0,1,1,1,3,14,14,5,8,9,6,12,9,32,68,1.65,1.53,1.52,1.85,2.03,45,60,30,15,8,15,67,30,78,11.33,8.19,2.50,3.15,2.75,1.45,2.32,4.75,9.50,2.00,1.75,Estádio Major Antônio Couto Pereira (Curitiba- Paraná)
1664409600,Sep 29 2022 - 12:00am,complete,N/A,Cuiabá,América Mineiro,Dyorgines José Padovani Andrade,28,1.23,0.92,1.37,1.16,2,1,3,1,1,0,"32,62","90'7",2,4,2,0,6,0,0,2,1,5,11,17,5,9,6,8,13,14,42,58,1.55,1.46,1.29,1.99,1.43,31,42,12,0,0,4,62,23,54,11.08,5.00,2.25,2.90,3.40,1.53,2.56,5.00,10.00,2.20,1.62,Arena Pantanal (Cuiabá- Mato Grosso)
1664412300,Sep 29 2022 - 12:45am,complete,N/A,Atlético Mineiro,Palmeiras,Marcelo de Lima Henrique,28,1.46,2.08,1.53,2.00,0,1,1,0,0,0,"","51",7,9,3,0,3,0,3,0,0,3,18,12,4,6,14,6,11,13,68,32,2.17,1.75,1.98,1.43,2.31,54,74,42,19,8,27,70,35,81,13.00,3.84,2.25,3.00,3.20,1.42,2.30,4.33,8.50,1.95,1.80,Estádio Governador Magalhães Pinto (Belo Horizonte- Minas Gerais)
1664412300,Sep 29 2022 - 12:45am,complete,N/A,Internacional,Bragantino,Wagner do Nascimento Magalhaes,28,2.15,0.85,2.32,0.79,0,0,0,0,0,0,"","",6,3,1,0,2,0,0,1,1,1,15,12,7,5,8,7,14,15,59,41,1.97,1.58,1.85,1.44,2.89,54,81,62,31,12,54,81,35,74,11.84,4.85,2.00,3.20,3.70,1.36,2.05,3.75,7.50,1.95,1.80,Estádio José Pinheiro Borda (Porto Alegre- Rio Grande do Sul)
1664412300,Sep 29 2022 - 12:45am,complete,N/A,Goiás,Botafogo,Luiz Flavio De Oliveira,28,1.62,1.38,1.37,1.63,0,1,1,0,0,0,"","89",6,11,4,0,4,0,0,4,1,3,7,19,2,8,5,11,16,14,45,55,1.49,1.67,0.92,2.13,2.46,62,73,38,27,8,27,73,38,89,8.24,5.84,2.50,3.00,2.80,1.40,2.25,4.20,8.00,1.95,1.80,Estádio de Hailé Pinheiro (Goiânia- Goiás)
1664647200,Oct 01 2022 - 6:00pm,complete,N/A,Atlético Mineiro,Fluminense,Luiz Flavio De Oliveira,29,1.36,1.46,1.53,1.63,2,0,2,1,1,0,"41,65","",10,1,2,0,3,1,1,1,1,3,16,7,6,3,10,4,16,4,30,70,2.15,1.48,1.71,1.10,2.44,52,67,45,26,15,22,74,45,78,11.45,4.69,1.95,3.20,3.90,1.42,1.90,4.33,8.50,1.95,1.80,Estádio Governador Magalhães Pinto (Belo Horizonte- Minas Gerais)
1664647200,Oct 01 2022 - 6:00pm,complete,N/A,Internacional,Santos,Ramon Abatti,29,2.07,0.86,2.32,0.95,1,0,1,1,1,0,"23","",2,5,1,0,4,0,1,0,1,3,11,12,5,3,6,9,7,13,48,52,1.96,1.37,1.37,1.28,2.18,43,57,50,22,7,39,64,25,65,11.79,4.71,1.91,3.20,4.20,1.44,2.21,4.50,9.00,2.00,1.75,Estádio José Pinheiro Borda (Porto Alegre- Rio Grande do Sul)
1664647200,Oct 01 2022 - 6:00pm,complete,N/A,Ceará,América Mineiro,Edina Alves Batista,29,1.07,0.86,1.05,1.16,1,2,3,1,0,1,"90'3","25,68",5,4,3,0,4,0,1,2,2,2,18,10,5,5,13,5,15,23,61,39,1.69,1.50,1.87,1.24,1.86,43,54,33,11,0,22,79,22,57,9.86,5.86,2.15,3.10,3.40,1.44,2.43,4.50,9.00,1.95,1.80,Estádio Governador Plácido Aderaldo Castelo (Fortaleza- Ceará)
1664661600,Oct 01 2022 - 10:00pm,complete,44558,Flamengo,Bragantino,Anderson Daronco,29,2.00,0.86,1.89,0.79,4,1,5,1,1,0,"12,66,70,71","48",10,1,1,0,0,1,1,0,1,0,24,6,10,4,14,2,7,6,68,32,2.20,1.57,3.09,0.78,2.63,48,78,52,26,11,41,78,34,67,12.67,4.65,1.53,3.80,6.00,1.28,1.89,3.20,6.00,1.95,1.80,Estadio Jornalista Mário Filho (Maracanã) (Rio de Janeiro- Rio de Janeiro)
1664661600,Oct 01 2022 - 10:00pm,complete,N/A,Goiás,Fortaleza,Raphael Claus,29,1.50,1.14,1.37,1.37,0,1,1,1,0,1,"","14",6,3,3,0,2,0,2,1,1,1,14,17,4,7,10,10,11,15,55,45,1.45,1.33,1.58,1.86,2.43,68,68,47,18,11,29,75,40,86,8.22,6.07,2.62,3.10,2.62,1.42,2.19,4.50,9.00,1.91,1.91,Estádio de Hailé Pinheiro (Goiânia- Goiás)
1664661600,Oct 01 2022 - 10:00pm,complete,N/A,Avaí,Atlético GO,Flavio Rodrigues De Souza,29,1.57,0.50,1.32,0.68,1,2,3,1,0,1,"66","45'1,56",11,3,2,0,4,0,0,2,3,1,23,10,5,4,18,6,7,13,59,41,1.50,1.33,2.37,1.22,2.68,64,79,47,25,18,29,75,29,90,9.36,6.07,2.40,3.00,3.00,1.42,2.40,4.50,8.50,1.95,1.80,Estádio Aderbal Ramos da Silva (Florianópolis- Santa Catarina)
1664661600,Oct 01 2022 - 10:00pm,complete,N/A,Atlético PR,Juventude,Maguielson Lima Barbosa,29,2.00,0.50,2.05,0.37,2,0,2,1,1,0,"20,69","",11,4,3,0,5,0,1,2,1,4,18,9,7,2,11,7,12,11,51,49,1.69,1.10,2.02,0.93,2.59,52,67,48,37,11,41,70,40,78,9.59,6.78,1.50,3.80,6.50,1.33,1.96,3.75,7.50,2.10,1.67,Arena da Baixada (Curitiba- Paraná)
1664668800,Oct 02 2022 - 12:00am,complete,37745,Corinthians,Cuiabá,Caio Max Augusto Vieira,29,2.21,0.79,2.11,0.79,2,0,2,2,2,0,"33,45'4","",7,4,1,0,0,0,0,1,0,0,16,11,7,6,9,5,11,6,60,40,1.58,1.25,1.81,1.40,1.97,40,50,33,14,4,21,68,18,75,10.93,3.72,1.57,3.40,6.50,1.42,2.40,4.50,9.00,2.20,1.62,Neo Química Arena (São Paulo- São Paulo)
1664838000,Oct 03 2022 - 11:00pm,complete,N/A,Botafogo,Palmeiras,Wilton Pereira Sampaio,29,1.14,2.14,1.16,2.00,1,3,4,3,1,2,"20","26,36,60",2,6,4,0,2,1,2,2,1,2,10,15,2,7,8,8,16,15,49,51,1.71,1.73,0.99,1.82,1.82,40,54,29,14,0,22,47,25,79,10.78,4.57,3.75,3.40,1.94,1.36,2.06,3.75,7.50,1.91,1.91,Estádio Nilton Santos (Rio de Janeiro)
1664929800,Oct 05 2022 - 12:30am,complete,N/A,Juventude,Corinthians,Wagner do Nascimento Magalhaes,30,0.86,1.14,0.79,1.32,2,2,4,1,0,1,"46,62","24,54",2,5,1,0,2,0,0,1,1,1,21,14,3,7,18,7,9,7,34,66,1.83,1.33,1.85,1.88,2.29,54,64,43,25,0,32,72,32,79,11.28,5.00,3.10,3.10,2.38,1.50,2.55,4.80,10.50,2.15,1.62,Estádio Alfredo Jaconi (Caxias do Sul- Rio Grande do Sul)
1665007200,Oct 05 2022 - 10:00pm,complete,N/A,Bragantino,Cuiabá,Jefferson Ferreira de Moraes,30,1.64,0.73,1.53,0.79,2,1,3,2,1,1,"45'5,60","34",2,7,2,0,3,0,1,1,2,1,13,15,5,5,8,10,14,10,46,54,1.99,1.26,1.59,1.80,2.29,45,62,35,21,7,24,69,28,80,11.99,4.56,1.53,4.00,5.75,1.37,2.33,3.75,7.50,2.10,1.63,Estádio Nabi Abi Chedid (Bragança Paulista- São Paulo)
1665007200,Oct 05 2022 - 10:00pm,complete,N/A,Ceará,Goiás,Vinicius Gonçalves Dias Araujo,30,1.00,1.14,1.05,1.05,1,1,2,0,0,0,"47","90'3",7,3,4,1,4,0,2,3,1,3,15,16,8,6,7,10,19,24,52,48,1.70,1.23,1.82,1.66,2.21,52,62,42,17,7,27,83,25,66,7.64,5.94,1.62,3.80,5.00,1.38,2.20,4.00,8.00,2.05,1.66,Estádio Governador Plácido Aderaldo Castelo (Fortaleza- Ceará)
1665007200,Oct 05 2022 - 10:00pm,complete,N/A,Atlético GO,Fluminense,Anderson Daronco,30,1.07,1.36,1.21,1.63,3,2,5,3,1,2,"45,75,88","5,37",12,5,4,0,0,0,2,2,0,0,30,17,11,8,19,9,16,13,40,60,1.80,1.46,3.01,1.85,2.25,50,64,40,18,7,21,71,36,75,10.14,5.36,3.25,3.30,2.15,1.42,2.20,4.33,8.50,2.00,1.75,Estádio Antônio Accioly (Goiânia- Goiás)
1665009000,Oct 05 2022 - 10:30pm,complete,N/A,Atlético PR,Fortaleza,N/A,30,2.07,1.27,2.05,1.37,1,1,2,1,0,1,"90'2","15",13,4,2,0,1,0,0,2,0,1,23,11,6,2,17,9,11,10,63,37,1.72,1.37,2.28,1.07,2.42,55,59,45,25,14,35,79,31,76,10.12,5.93,2.05,3.30,3.50,1.44,2.35,4.50,9.00,2.00,1.75,Arena da Baixada (Curitiba- Paraná)
1665016200,Oct 06 2022 - 12:30am,complete,N/A,Flamengo,Internacional,Flavio Rodrigues De Souza,30,2.07,1.50,1.89,1.53,0,0,0,0,0,0,"","",11,3,3,0,2,0,1,2,0,2,20,18,8,8,12,10,13,8,67,33,2.26,1.46,2.54,1.86,2.50,50,79,47,22,11,33,65,40,83,11.93,5.21,1.70,3.75,4.50,1.30,2.10,3.26,6.10,2.00,1.75,Estadio Jornalista Mário Filho (Maracanã) (Rio de Janeiro- Rio de Janeiro)
1665016200,Oct 06 2022 - 12:30am,complete,N/A,Santos,Atlético Mineiro,Bruno Arleu de Araujo,30,1.79,1.50,1.53,1.53,1,2,3,0,0,0,"88","72,90'2",5,4,2,1,4,0,0,3,2,2,12,13,7,3,5,10,18,18,44,56,1.90,1.81,1.42,1.31,2.29,47,64,40,18,7,21,61,36,75,11.36,5.07,3.10,3.25,2.25,1.39,2.28,4.04,7.70,1.95,1.80,Estádio Urbano Caldeira (Santos- São Paulo)
1665093600,Oct 06 2022 - 10:00pm,complete,N/A,Palmeiras,Coritiba,Braulio da Silva Machado,30,2.14,0.15,2.26,0.26,4,0,4,2,2,0,"15,34,51,77","",9,6,1,0,2,0,1,0,1,1,18,13,11,4,7,9,16,13,56,44,2.32,1.59,2.41,1.27,2.90,49,86,52,26,15,41,71,38,89,15.06,4.79,1.26,5.85,11.00,1.18,1.55,2.30,4.33,2.05,1.70,Allianz Parque (São Paulo- São Paulo)
1665097200,Oct 06 2022 - 11:00pm,complete,N/A,América Mineiro,São Paulo,Ramon Abatti,30,1.93,1.00,1.63,1.26,1,2,3,2,1,1,"10","34,90'1",3,3,2,0,4,0,2,0,2,2,14,20,6,6,8,14,13,13,33,67,1.99,1.56,1.65,2.13,2.07,50,64,25,14,7,29,68,14,79,11.71,5.58,2.45,3.18,2.98,1.42,2.30,4.50,8.50,2.00,1.75,Estádio Raimundo Sampaio (Belo Horizonte- Minas Gerais)
1665097200,Oct 06 2022 - 11:00pm,complete,N/A,Avaí,Botafogo,Paulo Cesar Zanovelli,30,1.47,1.50,1.32,1.63,1,2,3,1,1,0,"11","49,56",3,5,2,0,4,0,1,1,1,3,9,16,4,9,5,7,17,20,56,44,1.55,1.71,1.09,1.88,2.52,58,69,45,28,10,21,69,42,90,10.07,5.93,2.47,3.20,2.94,1.42,2.30,4.50,9.00,1.95,1.80,Estádio Aderbal Ramos da Silva (Florianópolis- Santa Catarina)
1665266400,Oct 08 2022 - 10:00pm,complete,N/A,Cuiabá,Flamengo,Raphael Claus,31,1.36,1.27,1.37,1.37,1,2,3,0,0,0,"90'4","58,66",7,6,2,0,2,0,2,0,1,1,22,16,6,6,16,10,14,11,45,55,1.53,1.54,2.12,1.81,1.92,52,62,24,10,4,17,62,31,72,10.66,5.08,4.30,3.60,1.69,1.30,2.30,3.25,5.50,1.83,1.93,Arena Pantanal (Cuiabá- Mato Grosso)
1665273600,Oct 09 2022 - 12:00am,complete,N/A,Corinthians,Atlético PR,Anderson Daronco,31,2.27,1.20,2.11,1.00,2,1,3,2,2,0,"6,22","80",5,6,1,0,0,0,0,1,0,0,10,19,4,5,6,14,10,16,51,49,1.59,1.34,1.16,1.80,2.10,33,60,34,20,7,20,64,23,77,10.13,3.73,1.77,3.20,4.50,1.40,2.40,4.00,7.50,2.05,1.73,Neo Química Arena (São Paulo- São Paulo)
1665324000,Oct 09 2022 - 2:00pm,complete,N/A,Internacional,Goiás,Edina Alves Batista,31,2.13,1.13,2.32,1.05,4,2,6,4,2,2,"13,42,57,90'6","33,45'3",6,6,1,0,7,0,0,1,2,5,20,16,11,9,9,7,15,23,61,39,1.92,1.26,2.41,1.89,2.47,44,64,50,23,13,33,73,34,73,8.86,5.26,1.47,4.30,6.85,1.30,1.98,3.25,6.00,2.10,1.67,Estádio José Pinheiro Borda (Porto Alegre- Rio Grande do Sul)
1665342000,Oct 09 2022 - 7:00pm,complete,N/A,São Paulo,Botafogo,Jean Pierre Goncalves Lima,31,1.64,1.60,1.58,1.63,0,1,1,0,0,0,"","90",10,4,3,1,2,0,1,3,1,1,9,10,3,3,6,7,16,8,67,33,1.91,1.72,1.25,1.02,2.67,49,73,52,35,7,35,83,38,79,12.14,5.43,1.80,3.45,4.60,1.40,2.16,4.00,7.50,2.07,1.72,Estádio Cícero Pompeu de Toledo (Morumbi) (São Paulo- São Paulo)
1665342000,Oct 09 2022 - 7:00pm,complete,N/A,Fortaleza,Avaí,Luiz Flavio De Oliveira,31,1.29,0.43,1.53,0.53,2,0,2,0,0,0,"54,90","",3,6,1,0,1,0,0,1,0,1,16,11,6,3,10,8,16,11,35,65,1.88,1.25,1.67,1.12,2.00,40,57,36,18,4,25,64,33,65,9.93,5.50,1.58,3.65,5.75,1.40,2.20,4.00,8.00,2.25,1.60,Estádio Governador Plácido Aderaldo Castelo (Fortaleza- Ceará)
1665349200,Oct 09 2022 - 9:00pm,complete,N/A,Atlético Mineiro,Ceará,Flavio Rodrigues De Souza,31,1.47,1.14,1.53,0.89,0,0,0,0,0,0,"","",16,0,3,0,5,0,0,3,1,4,17,6,2,3,15,3,12,18,64,36,2.12,1.55,1.73,0.77,2.17,52,69,31,17,10,17,72,31,79,12.76,6.64,1.50,4.05,6.40,1.29,1.98,3.00,5.50,1.91,1.80,Estádio Governador Magalhães Pinto (Belo Horizonte- Minas Gerais)
1665349200,Oct 09 2022 - 9:00pm,complete,N/A,Fluminense,América Mineiro,Leandro Pedro Vuaden,31,2.13,1.00,2.05,1.16,0,2,2,2,0,2,"","5,34",8,7,1,0,3,0,0,1,2,1,24,20,10,9,14,11,8,18,63,37,1.96,1.48,2.64,2.26,2.40,43,64,47,14,7,24,77,47,67,11.87,5.67,1.64,3.70,5.50,1.36,2.00,3.50,7.00,2.05,1.70,Estadio Jornalista Mário Filho (Maracanã) (Rio de Janeiro- Rio de Janeiro)
1665349200,Oct 09 2022 - 9:00pm,complete,N/A,Coritiba,Bragantino,Ramon Abatti,31,1.93,0.80,1.95,0.79,2,1,3,2,1,1,"12,58","26",5,8,0,1,3,0,1,0,2,1,7,20,3,6,4,14,7,12,34,66,1.64,1.52,0.91,2.33,2.40,47,67,43,20,10,27,77,37,67,10.73,5.87,2.67,3.00,2.75,1.50,2.60,4.50,9.00,2.05,1.68,Estádio Major Antônio Couto Pereira (Curitiba- Paraná)
1665437400,Oct 10 2022 - 9:30pm,complete,N/A,Atlético GO,Palmeiras,Bruno Arleu de Araujo,31,1.20,2.20,1.21,2.00,1,1,2,0,0,0,"65","49",4,9,4,0,2,0,2,2,1,1,9,9,2,6,7,3,15,8,44,56,1.88,1.74,0.91,1.20,2.20,54,67,40,17,4,30,63,27,80,12.54,4.74,3.94,3.43,1.76,1.32,2.03,3.30,6.50,1.95,1.81,Estádio Antônio Accioly (Goiânia- Goiás)
1665442800,Oct 10 2022 - 11:00pm,complete,9171,Santos,Juventude,José Mendonça da Silva Jr.,31,1.67,0.47,1.53,0.37,4,1,5,1,1,0,"24,54,63,75","78",3,8,2,0,0,0,1,1,0,0,19,16,8,4,11,12,13,10,50,50,1.87,1.09,2.18,1.46,2.60,50,77,53,30,7,30,70,50,80,9.93,6.73,1.45,3.90,5.99,1.31,2.04,3.30,6.50,2.10,1.67,Estádio Urbano Caldeira (Santos- São Paulo)
1665876600,Oct 15 2022 - 11:30pm,complete,N/A,América Mineiro,Fortaleza,Vinicius Gonçalves Dias Araujo,32,1.80,1.25,1.63,1.37,1,2,3,1,0,1,"90'1","34,83",4,8,1,0,3,1,1,0,0,4,19,10,8,6,11,4,10,24,67,33,1.97,1.35,2.19,1.23,2.26,52,62,42,16,10,36,78,26,74,10.11,5.15,2.09,3.14,3.29,1.38,2.19,3.90,7.50,1.95,1.73,Estádio Raimundo Sampaio (Belo Horizonte- Minas Gerais)
1665876600,Oct 15 2022 - 11:30pm,complete,N/A,Flamengo,Atlético Mineiro,Ramon Abatti,32,2.00,1.60,1.89,1.53,1,0,1,1,1,0,"38","",0,10,4,0,0,0,2,2,0,0,8,16,4,5,4,11,12,12,38,62,2.28,1.78,1.02,1.73,2.44,44,67,43,23,14,27,60,33,73,13.34,4.60,1.83,3.43,3.80,1.31,1.88,3.40,6.35,1.75,1.93,Estadio Jornalista Mário Filho (Maracanã) (Rio de Janeiro- Rio de Janeiro)
1665946800,Oct 16 2022 - 7:00pm,complete,N/A,Palmeiras,São Paulo,Flavio Rodrigues De Souza,32,2.20,1.13,2.26,1.26,0,0,0,0,0,0,"","",15,3,3,0,3,2,1,2,1,4,22,6,8,2,14,4,9,14,56,44,2.32,1.60,2.39,0.74,2.47,54,77,40,20,10,34,70,23,90,14.80,5.06,1.55,4.00,6.00,1.29,1.93,3.10,6.00,2.01,1.78,Allianz Parque (São Paulo- São Paulo)
1665946800,Oct 16 2022 - 7:00pm,complete,N/A,Ceará,Cuiabá,Caio Max Augusto Vieira,32,1.00,0.69,1.05,0.79,1,1,2,0,0,0,"90'2","82",10,7,4,0,5,1,1,3,3,3,25,10,4,4,21,6,11,20,66,34,1.71,1.30,2.40,1.04,2.13,54,63,38,16,3,35,78,19,69,10.37,5.25,1.93,3.20,4.33,1.50,2.44,4.75,10.00,2.26,1.61,Estádio Governador Plácido Aderaldo Castelo (Fortaleza- Ceará)
1665954000,Oct 16 2022 - 9:00pm,complete,N/A,Botafogo,Internacional,Braulio da Silva Machado,32,1.07,1.47,1.16,1.53,0,1,1,0,0,0,"","67",3,4,3,0,5,0,0,3,1,4,13,11,5,2,8,9,1,0,51,49,1.66,1.48,1.55,1.27,1.94,47,63,30,14,0,24,47,34,80,8.73,5.74,2.55,3.20,2.80,1.36,2.15,3.80,7.20,1.87,1.89,Estádio Nilton Santos (Rio de Janeiro)
1665954000,Oct 16 2022 - 9:00pm,complete,N/A,Juventude,Atlético GO,Felipe Fernandes de Lima,32,0.87,0.67,0.79,0.68,1,1,2,0,0,0,"76","51",7,4,2,0,1,0,1,1,0,1,20,9,8,4,12,5,0,1,51,49,1.83,1.32,2.32,1.18,2.57,60,77,47,27,10,30,77,37,84,11.54,5.80,2.88,3.13,2.55,1.39,2.25,4.05,7.80,1.93,1.83,Estádio Alfredo Jaconi (Caxias do Sul- Rio Grande do Sul)
1665957600,Oct 16 2022 - 10:00pm,complete,N/A,Avaí,Fluminense,Anderson Daronco,32,1.38,1.27,1.32,1.63,0,3,3,2,0,2,"","25,41,63",9,5,2,0,0,0,1,1,0,0,16,18,4,8,12,10,12,15,43,57,1.53,1.48,1.63,2.05,2.58,61,68,52,26,17,20,71,49,84,9.01,5.48,3.90,3.30,2.00,1.39,2.20,4.05,7.70,1.97,1.80,Estádio Aderbal Ramos da Silva (Florianópolis- Santa Catarina)
1665957600,Oct 16 2022 - 10:00pm,complete,N/A,Atlético PR,Coritiba,Jean Pierre Goncalves Lima,32,2.00,0.14,2.05,0.26,1,0,1,0,0,0,"89","",10,4,3,0,2,0,0,3,0,2,17,15,10,4,7,11,21,11,53,47,1.75,1.57,2.13,1.52,2.77,52,77,45,32,14,42,76,35,83,12.06,5.80,1.65,3.70,5.50,1.33,2.10,3.54,6.70,2.01,1.77,Arena da Baixada (Curitiba- Paraná)
1666047600,Oct 17 2022 - 11:00pm,complete,N/A,Bragantino,Santos,Paulo Cesar Zanovelli,32,1.73,0.80,1.53,0.95,0,2,2,0,0,0,"","51,69",15,2,3,1,4,0,3,1,1,3,22,10,4,4,18,6,21,11,56,44,1.97,1.36,2.14,1.07,2.03,47,57,37,17,4,24,64,27,67,11.80,4.93,2.02,3.25,3.60,1.40,2.19,4.00,8.25,2.00,1.75,Estádio Nabi Abi Chedid (Bragança Paulista- São Paulo)
1666306800,Oct 20 2022 - 11:00pm,complete,14993,São Paulo,Coritiba,Flavio Rodrigues De Souza,29,1.53,0.13,1.58,0.26,3,1,4,1,1,0,"2,63,72","84",5,3,2,0,6,0,1,1,1,5,17,12,12,5,5,7,11,12,61,39,1.87,1.56,2.36,1.45,2.90,47,80,57,33,10,44,80,40,80,12.94,5.40,1.59,3.90,5.70,1.32,1.98,3.48,6.60,2.05,1.70,Estádio Cícero Pompeu de Toledo (Morumbi) (São Paulo- São Paulo)
1666467000,Oct 22 2022 - 7:30pm,complete,N/A,Bragantino,Atlético PR,Caio Max Augusto Vieira,33,1.63,1.13,1.53,1.00,4,2,6,3,3,0,"5,37,45'5,90","64,67",4,4,0,0,3,0,0,0,1,2,11,10,7,5,4,5,16,13,48,52,1.98,1.37,1.54,1.19,2.44,44,72,41,25,10,22,63,35,88,11.50,4.75,1.89,3.51,4.39,1.39,2.18,3.90,7.75,1.95,1.75,Estádio Nabi Abi Chedid (Bragança Paulista- São Paulo)
1666476000,Oct 22 2022 - 10:00pm,complete,N/A,América Mineiro,Flamengo,Jean Pierre Goncalves Lima,33,1.69,1.38,1.63,1.37,1,2,3,3,1,2,"13","11,24",4,11,1,0,1,0,0,1,0,1,7,8,4,5,3,3,17,10,46,54,1.99,1.56,0.89,1.01,2.29,54,69,41,16,6,32,66,32,82,10.63,5.00,3.61,3.71,2.07,1.31,1.96,3.30,6.50,1.80,1.88,Estádio Raimundo Sampaio (Belo Horizonte- Minas Gerais)
1666476000,Oct 22 2022 - 10:00pm,complete,N/A,Santos,Corinthians,Flavio Rodrigues De Souza,33,1.75,1.13,1.53,1.32,0,1,1,0,0,0,"","89",7,4,2,1,4,1,0,3,3,2,8,5,0,3,8,2,15,11,52,48,1.89,1.36,0.70,0.67,2.55,55,71,52,29,7,30,75,35,81,9.69,4.95,2.27,3.00,3.77,1.50,2.65,4.75,10.00,2.15,1.61,Estádio Urbano Caldeira (Santos- São Paulo)
1666483200,Oct 23 2022 - 12:00am,complete,40044,Palmeiras,Avaí,Bruno Arleu de Araujo,33,2.13,0.40,2.26,0.53,3,0,3,1,1,0,"4,55,90","",9,7,2,0,2,0,0,2,2,0,25,10,11,3,14,7,12,7,50,50,2.33,1.24,2.82,1.06,2.45,39,74,49,23,7,36,65,32,84,13.30,5.14,1.21,7.10,16.44,1.17,1.56,2.40,4.33,2.50,1.47,Allianz Parque (São Paulo- São Paulo)
1666551600,Oct 23 2022 - 7:00pm,complete,N/A,Fluminense,Botafogo,Ramon Abatti,33,2.00,1.69,2.05,1.63,2,2,4,1,0,1,"76,81","41,52",9,2,3,0,2,0,0,3,0,2,20,13,7,6,13,7,15,11,65,35,2.00,1.67,2.13,1.40,2.69,47,72,47,28,10,38,75,44,79,12.06,5.50,1.57,4.00,5.00,1.30,1.86,3.50,6.50,1.87,1.82,Estadio Jornalista Mário Filho (Maracanã) (Rio de Janeiro- Rio de Janeiro)
1666551600,Oct 23 2022 - 7:00pm,complete,N/A,Juventude,São Paulo,Paulo Roberto Alves Júnior,33,0.88,1.13,0.79,1.26,1,2,3,2,1,1,"39","36,56",5,6,2,0,2,0,0,2,1,1,14,14,4,7,10,7,6,10,41,59,1.86,1.54,1.43,1.95,2.19,63,69,35,19,3,22,66,35,81,12.26,6.19,3.50,3.10,2.10,1.42,2.20,4.33,8.50,2.00,1.78,Estádio Alfredo Jaconi (Caxias do Sul- Rio Grande do Sul)
1666558800,Oct 23 2022 - 9:00pm,complete,N/A,Atlético GO,Ceará,Luiz Flavio De Oliveira,33,1.19,1.13,1.21,0.89,1,0,1,1,1,0,"24","",4,5,3,0,2,0,2,1,2,0,14,17,7,4,7,13,20,13,40,60,1.82,1.50,1.74,1.68,2.02,55,64,29,13,7,19,65,29,74,11.38,7.42,2.25,3.10,3.25,1.42,2.14,4.50,9.00,1.95,1.75,Estádio Antônio Accioly (Goiânia- Goiás)
1666558800,Oct 23 2022 - 9:00pm,complete,N/A,Cuiabá,Goiás,Dyorgines José Padovani Andrade,33,1.27,1.06,1.37,1.05,1,2,3,2,0,2,"65","8,20",6,4,3,0,4,0,1,2,2,2,25,6,4,4,21,2,11,16,71,29,1.57,1.30,2.38,0.78,2.02,49,58,29,10,10,13,64,36,68,8.81,5.58,1.95,3.10,4.20,1.49,2.37,4.75,9.50,2.10,1.63,Arena Pantanal (Cuiabá- Mato Grosso)
1666558800,Oct 23 2022 - 9:00pm,complete,N/A,Coritiba,Internacional,Wagner do Nascimento Magalhaes,33,2.00,1.56,1.95,1.53,1,1,2,1,1,0,"24","60",7,6,3,0,1,0,1,2,0,1,15,13,3,5,12,8,16,10,35,65,1.59,1.47,1.48,1.54,2.04,44,63,35,10,3,22,60,35,78,9.94,6.50,3.50,3.10,2.10,1.42,2.20,4.33,8.50,1.93,1.77,Estádio Major Antônio Couto Pereira (Curitiba- Paraná)
1666652400,Oct 24 2022 - 11:00pm,complete,N/A,Fortaleza,Atlético Mineiro,Raphael Claus,33,1.40,1.50,1.53,1.53,0,0,0,0,0,0,"","",2,11,4,0,1,0,2,2,1,0,5,12,2,6,3,6,22,10,32,68,1.87,1.77,0.77,1.80,1.90,39,52,26,13,7,16,52,36,61,11.95,4.24,2.95,3.10,2.50,1.48,2.35,4.33,9.25,2.00,1.70,Estádio Governador Plácido Aderaldo Castelo (Fortaleza- Ceará)
1666745100,Oct 26 2022 - 12:45am,complete,N/A,Flamengo,Santos,André Luiz de Freitas Castro,34,2.06,0.94,1.89,0.95,3,2,5,1,1,0,"45'5,78,87","53,90'7",7,2,3,0,4,0,0,3,1,3,20,10,13,5,7,5,14,15,55,45,2.20,1.34,2.49,1.17,2.06,38,57,41,19,10,25,66,28,60,12.51,4.94,1.58,3.73,4.70,1.30,1.94,3.40,6.50,1.95,1.80,Estadio Jornalista Mário Filho (Maracanã) (Rio de Janeiro- Rio de Janeiro)
1666745100,Oct 26 2022 - 12:45am,complete,N/A,Atlético PR,Palmeiras,Braulio da Silva Machado,34,2.06,2.13,2.05,2.00,1,3,4,1,1,0,"30","59,70,76",0,9,4,1,5,0,1,4,1,4,12,17,2,6,10,11,7,10,29,71,1.78,1.70,1.09,1.98,2.16,50,60,35,22,7,31,60,22,81,12.75,4.94,4.50,3.55,1.65,1.42,2.25,4.33,8.50,2.10,1.67,Arena da Baixada (Curitiba- Paraná)
1666823400,Oct 26 2022 - 10:30pm,complete,N/A,Botafogo,Bragantino,Dyorgines José Padovani Andrade,34,1.00,0.75,1.16,0.79,2,1,3,1,1,0,"18,71","62",5,4,1,0,4,0,1,0,1,3,19,7,10,2,9,5,12,12,42,58,1.65,1.57,2.22,0.84,2.28,51,66,41,22,7,32,63,32,72,9.57,5.19,2.56,3.36,2.68,1.42,1.99,4.33,8.50,1.90,1.77,Estádio Nilton Santos (Rio de Janeiro)
1666831500,Oct 27 2022 - 12:45am,complete,N/A,Corinthians,Fluminense,Leandro Pedro Vuaden,34,2.31,1.38,2.11,1.63,0,2,2,1,0,1,"","12,70",6,3,2,0,3,0,1,1,0,3,14,16,6,8,8,8,16,9,47,53,1.57,1.52,1.65,1.86,2.25,41,60,41,22,10,31,72,29,72,9.88,3.75,2.20,3.15,3.54,1.50,2.44,5.00,10.00,2.10,1.63,Neo Química Arena (São Paulo- São Paulo)
1666831500,Oct 27 2022 - 12:45am,complete,N/A,Internacional,Ceará,Ramon Abatti,34,2.19,1.06,2.32,0.89,2,1,3,1,0,1,"65,78","6",5,5,0,0,2,0,0,0,1,1,23,14,7,4,16,10,8,15,62,38,1.95,1.51,2.42,1.44,2.29,44,60,41,26,13,35,69,25,69,11.19,6.56,1.66,3.76,5.30,1.36,2.11,4.00,7.50,2.05,1.66,Estádio José Pinheiro Borda (Porto Alegre- Rio Grande do Sul)
1666831500,Oct 27 2022 - 12:45am,complete,N/A,Goiás,América Mineiro,Wagner do Nascimento Magalhaes,34,1.40,1.13,1.37,1.16,2,2,4,0,0,0,"61,90'4","60,88",3,8,2,0,3,0,1,1,0,3,12,17,5,8,7,9,14,23,46,54,1.46,1.53,1.38,2.02,1.98,49,59,32,7,4,13,71,36,72,8.93,6.06,2.75,3.20,2.60,1.42,2.17,4.33,8.50,1.90,1.77,Estádio de Hailé Pinheiro (Goiânia- Goiás)
1666908000,Oct 27 2022 - 10:00pm,complete,N/A,São Paulo,Atlético GO,Bruno Arleu de Araujo,34,1.63,0.69,1.58,0.68,2,1,3,1,1,0,"22,90'5","72",4,7,2,0,4,1,1,1,1,4,15,20,5,9,10,11,10,12,54,46,1.90,1.31,1.67,2.23,2.78,57,82,54,32,13,38,85,32,82,11.76,5.50,1.53,3.75,6.00,1.28,1.95,3.10,5.75,2.00,1.70,Estádio Cícero Pompeu de Toledo (Morumbi) (São Paulo- São Paulo)
1666908000,Oct 27 2022 - 10:00pm,complete,N/A,Fortaleza,Coritiba,Flavio Rodrigues De Souza,34,1.38,0.13,1.53,0.26,3,1,4,1,1,0,"2,55,73","60",3,3,1,0,1,1,1,0,0,2,16,16,8,7,8,9,15,12,52,48,1.80,1.56,1.98,1.82,2.35,41,66,38,26,10,29,63,44,69,11.44,5.12,1.61,3.50,5.25,1.34,2.10,3.50,6.75,2.00,1.70,Estádio Governador Plácido Aderaldo Castelo (Fortaleza- Ceará)
1666909800,Oct 27 2022 - 10:30pm,complete,N/A,Atlético Mineiro,Juventude,Savio Pereira Sampaio,34,1.44,0.44,1.53,0.37,1,0,1,1,1,0,"12","",3,4,2,0,1,0,0,2,0,1,16,10,4,5,12,5,13,14,61,39,2.10,1.12,1.77,1.15,2.60,50,78,47,32,13,29,75,47,81,12.32,5.75,1.22,5.50,13.00,1.20,1.67,2.75,5.00,2.25,1.57,Estádio Governador Magalhães Pinto (Belo Horizonte- Minas Gerais)
1666911600,Oct 27 2022 - 11:00pm,complete,N/A,Cuiabá,Avaí,Luiz Flavio De Oliveira,34,1.19,0.38,1.37,0.53,1,0,1,0,0,0,"90'1","",10,6,1,0,1,0,0,1,0,1,11,9,4,5,7,4,15,11,48,52,1.63,1.23,1.32,1.16,2.01,44,66,35,10,0,22,63,32,72,9.76,5.50,1.73,3.25,5.00,1.43,2.35,4.33,8.40,2.15,1.60,Arena Pantanal (Cuiabá- Mato Grosso)
1667082600,Oct 29 2022 - 10:30pm,complete,N/A,Goiás,Corinthians,Bruno Arleu de Araujo,32,1.38,1.25,1.37,1.32,0,0,0,0,0,0,"","",2,4,2,0,3,0,1,1,1,2,11,17,0,4,11,13,11,11,29,71,1.45,1.32,1.22,2.11,2.35,60,66,41,25,3,29,69,29,85,8.01,5.32,3.31,3.07,2.07,1.44,2.48,4.33,8.00,1.98,1.72,Estádio de Hailé Pinheiro (Goiânia- Goiás)
1667257200,Oct 31 2022 - 11:00pm,complete,N/A,Ceará,Fluminense,Raphael Claus,35,1.00,1.47,1.05,1.63,0,1,1,0,0,0,"","72",4,7,2,1,2,0,0,3,1,1,14,18,3,7,11,11,11,8,29,71,1.75,1.54,1.41,2.02,2.33,53,68,41,24,9,32,76,33,71,9.47,5.53,2.69,3.10,2.61,1.40,2.25,4.20,8.00,1.89,1.87,Estádio Governador Plácido Aderaldo Castelo (Fortaleza- Ceará)
1667340000,Nov 01 2022 - 10:00pm,complete,16365,Botafogo,Cuiabá,Jean Pierre Goncalves Lima,35,1.12,0.71,1.16,0.79,0,2,2,1,0,1,"","41,52",11,3,1,0,1,0,0,1,0,1,24,14,4,6,20,8,4,18,67,33,1.69,1.28,2.31,1.55,2.00,44,56,32,15,3,24,59,27,79,9.88,5.06,1.85,3.20,4.33,1.42,2.20,4.33,8.50,2.05,1.75,Estádio Nilton Santos (Rio de Janeiro)
1667349000,Nov 02 2022 - 12:30am,complete,N/A,São Paulo,Atlético Mineiro,Braulio da Silva Machado,35,1.71,1.47,1.58,1.53,2,2,4,3,2,1,"40,45'5","25,81",7,6,3,0,5,0,3,0,2,3,13,11,5,4,8,7,10,16,45,55,1.89,1.77,1.38,1.29,2.41,47,65,47,24,6,27,68,35,71,13.00,4.71,2.80,3.00,2.60,1.45,2.39,4.50,9.50,2.00,1.80,Estádio Cícero Pompeu de Toledo (Morumbi) (São Paulo- São Paulo)
1667415600,Nov 02 2022 - 7:00pm,complete,N/A,América Mineiro,Internacional,Bruno Arleu de Araujo,35,1.59,1.53,1.63,1.53,1,0,1,0,0,0,"76","",7,8,0,0,0,0,0,0,0,0,16,15,5,2,11,13,7,11,53,47,1.92,1.48,1.80,1.42,2.06,50,68,35,9,3,33,59,27,77,9.88,5.18,2.70,3.05,2.65,1.45,2.25,4.50,9.50,2.00,1.80,Estádio Raimundo Sampaio (Belo Horizonte- Minas Gerais)
1667415600,Nov 02 2022 - 7:00pm,complete,N/A,Atlético PR,Goiás,Leandro Pedro Vuaden,35,1.94,1.18,2.05,1.05,3,2,5,4,3,1,"6,13,29","40,51",5,6,2,0,1,0,1,1,1,0,17,13,7,3,10,10,6,11,45,55,1.74,1.27,1.86,1.26,2.44,53,62,41,24,15,27,74,33,79,9.12,6.47,1.53,4.10,6.00,1.30,1.90,3.40,6.50,2.00,1.78,Arena da Baixada (Curitiba- Paraná)
1667426400,Nov 02 2022 - 10:00pm,complete,N/A,Juventude,Coritiba,Marcelo de Lima Henrique,35,0.82,0.12,0.79,0.26,0,1,1,0,0,0,"","90'2",4,4,3,0,4,0,2,1,2,2,12,24,4,6,8,18,11,18,39,61,1.84,1.57,1.25,2.47,2.77,59,80,53,33,6,33,71,53,85,12.11,5.65,2.95,3.15,2.45,1.40,2.00,4.20,8.00,1.88,1.80,Estádio Alfredo Jaconi (Caxias do Sul- Rio Grande do Sul)
1667426400,Nov 02 2022 - 10:00pm,complete,N/A,Atlético GO,Santos,Anderson Daronco,35,1.29,0.88,1.21,0.95,2,3,5,3,2,1,"29,39","19,52,90'4",4,7,3,0,2,0,1,2,0,2,24,11,8,7,16,4,15,10,55,45,1.82,1.33,2.53,1.44,2.00,50,59,35,12,6,21,65,32,65,11.12,5.52,2.30,3.10,3.25,1.42,2.20,4.50,8.50,1.93,1.75,Estádio Antônio Accioly (Goiânia- Goiás)
1667426400,Nov 02 2022 - 10:00pm,complete,3022,Avaí,Bragantino,Wagner do Nascimento Magalhaes,35,1.29,0.71,1.32,0.79,1,2,3,0,0,0,"90","60,68",2,7,2,0,1,0,1,1,0,1,9,13,2,5,7,8,17,17,49,51,1.53,1.52,0.92,1.46,2.71,68,79,59,21,12,30,77,44,80,10.18,5.41,3.10,3.25,2.25,1.36,2.00,3.75,7.50,1.87,1.82,Estádio Aderbal Ramos da Silva (Florianópolis- Santa Catarina)
1667435400,Nov 03 2022 - 12:30am,complete,N/A,Flamengo,Corinthians,Ramon Abatti,35,2.12,1.24,1.89,1.32,1,2,3,1,0,1,"48","43,75",6,0,0,0,1,0,0,0,0,1,15,9,4,6,11,3,9,14,52,48,2.22,1.37,1.69,1.22,2.48,44,65,47,32,12,32,74,27,74,11.47,4.70,1.53,4.00,6.00,1.30,1.95,3.50,6.50,2.10,1.65,Estadio Jornalista Mário Filho (Maracanã) (Rio de Janeiro- Rio de Janeiro)
1667435400,Nov 03 2022 - 12:30am,complete,29104,Palmeiras,Fortaleza,Wilton Pereira Sampaio,35,2.18,1.35,2.26,1.37,4,0,4,2,2,0,"15,32,48,64","",4,2,3,0,1,0,2,1,1,0,23,9,5,4,18,5,11,16,56,44,2.36,1.34,2.21,1.08,2.53,50,71,53,21,12,32,77,38,82,14.12,4.76,1.40,4.60,7.75,1.28,1.80,3.25,6.00,2.10,1.65,Allianz Parque (São Paulo- São Paulo)
1667676600,Nov 05 2022 - 7:30pm,complete,N/A,Fluminense,São Paulo,Anderson Daronco,36,1.94,1.24,2.05,1.26,3,1,4,1,0,1,"46,56,59","30",8,3,1,0,1,1,1,0,0,2,18,9,8,4,10,5,16,16,65,35,2.01,1.57,2.14,1.00,2.59,59,77,44,21,9,38,77,33,77,12.59,6.00,1.91,3.42,4.18,1.37,2.21,3.75,7.50,1.95,1.75,Estadio Jornalista Mário Filho (Maracanã) (Rio de Janeiro- Rio de Janeiro)
1667676600,Nov 05 2022 - 7:30pm,complete,N/A,Santos,Avaí,Caio Max Augusto Vieira,36,1.65,0.35,1.53,0.53,1,1,2,1,1,0,"5","51",9,4,3,0,0,0,0,3,0,0,12,16,5,7,7,9,14,13,56,44,1.82,1.22,1.53,1.75,2.41,44,71,50,21,6,24,65,41,82,9.65,5.88,1.45,4.30,7.40,1.33,2.04,3.50,6.75,2.25,1.57,Arena Barueri (Barueri- São Paulo)
1667685600,Nov 05 2022 - 10:00pm,complete,N/A,Bragantino,América Mineiro,Marcelo de Lima Henrique,36,1.71,1.12,1.53,1.16,1,4,5,4,1,3,"18","6,25,42,90",5,3,6,0,2,0,6,0,2,0,17,14,6,10,11,4,17,9,59,41,1.95,1.56,1.74,1.81,2.30,44,65,38,18,6,18,68,41,74,12.00,5.41,1.86,3.48,4.30,1.38,2.21,3.90,7.75,2.00,1.71,Estádio Nabi Abi Chedid (Bragança Paulista- São Paulo)
1667685600,Nov 05 2022 - 10:00pm,complete,N/A,Goiás,Juventude,Edina Alves Batista,36,1.35,0.41,1.37,0.37,1,0,1,0,0,0,"81","",5,8,4,0,6,0,1,3,4,2,9,15,2,4,7,11,15,22,52,48,1.44,1.12,0.94,1.49,2.47,56,71,44,30,9,27,68,44,79,8.17,6.41,2.00,3.34,3.86,1.39,2.10,3.80,7.75,1.98,1.73,Estádio de Hailé Pinheiro (Goiânia- Goiás)
1667691000,Nov 05 2022 - 11:30pm,complete,N/A,Corinthians,Ceará,Bruno Arleu de Araujo,36,2.18,1.00,2.11,0.89,1,0,1,0,0,0,"90","",9,11,4,0,4,0,2,2,1,3,16,12,3,5,13,7,10,12,63,37,1.57,1.51,1.63,1.50,1.85,41,56,27,12,3,21,68,18,68,10.77,5.70,1.82,3.40,4.68,1.46,2.48,4.50,9.50,2.20,1.58,Neo Química Arena (São Paulo- São Paulo)
1667692800,Nov 06 2022 - 12:00am,complete,N/A,Internacional,Atlético PR,Flavio Rodrigues De Souza,36,2.24,1.06,2.32,1.00,2,0,2,0,0,0,"63,67","",10,5,0,0,1,1,0,0,0,2,12,14,6,2,6,12,5,20,55,45,1.98,1.36,1.50,1.39,2.74,44,71,56,32,18,39,71,35,82,10.53,4.23,1.77,3.68,4.64,1.36,1.95,3.75,7.50,1.90,1.85,Estádio José Pinheiro Borda (Porto Alegre- Rio Grande do Sul)
1667761200,Nov 06 2022 - 7:00pm,complete,N/A,Fortaleza,Atlético GO,Luiz Flavio De Oliveira,36,1.47,0.65,1.53,0.68,1,1,2,1,0,1,"58","17",11,3,2,0,5,1,0,2,1,5,19,13,8,7,11,6,9,12,57,43,1.81,1.37,2.14,1.52,2.24,50,68,36,21,12,24,68,35,71,10.52,5.18,1.70,3.95,4.80,1.30,2.02,3.20,6.00,1.87,1.90,Estádio Governador Plácido Aderaldo Castelo (Fortaleza- Ceará)
1667761200,Nov 06 2022 - 7:00pm,complete,N/A,Coritiba,Flamengo,Raphael Claus,36,1.94,1.47,1.95,1.37,1,0,1,0,0,0,"58","",5,8,5,0,3,0,1,4,1,2,11,15,5,3,6,12,13,11,33,67,1.59,1.53,1.27,1.59,2.30,53,68,41,15,6,24,71,35,79,11.11,6.00,3.75,3.60,1.97,1.42,2.10,4.20,8.50,2.00,1.70,Estádio Major Antônio Couto Pereira (Curitiba- Paraná)
1667770200,Nov 06 2022 - 9:30pm,complete,N/A,Cuiabá,Palmeiras,Braulio da Silva Machado,36,1.29,2.18,1.37,2.00,1,1,2,1,1,0,"6","75",4,9,2,0,0,0,1,1,0,0,13,28,5,13,8,15,13,8,33,67,1.61,1.72,1.41,3.28,1.89,50,59,30,12,0,21,53,27,74,12.53,4.42,3.65,3.70,1.98,1.29,2.03,3.20,6.00,1.90,1.77,Arena Pantanal (Cuiabá- Mato Grosso)
1667862000,Nov 07 2022 - 11:00pm,complete,N/A,Atlético Mineiro,Botafogo,Leandro Pedro Vuaden,36,1.53,1.65,1.53,1.63,0,2,2,0,0,0,"","76,84",6,2,2,0,5,0,1,1,2,3,12,9,3,3,9,6,10,19,66,34,2.08,1.66,1.40,0.97,2.36,47,68,38,27,9,21,74,38,82,12.41,5.00,1.38,4.30,7.60,1.36,1.96,3.50,6.50,2.20,1.62,Estádio Governador Magalhães Pinto (Belo Horizonte- Minas Gerais)
1667953800,Nov 09 2022 - 12:30am,complete,N/A,São Paulo,Internacional,Wagner do Nascimento Magalhaes,37,1.67,1.44,1.58,1.53,0,1,1,1,0,1,"","21",7,2,4,0,5,0,2,2,2,3,13,10,3,5,10,5,11,12,58,42,1.86,1.47,1.49,1.16,2.39,53,73,48,23,3,31,67,36,81,11.44,5.39,2.04,3.43,3.87,1.36,2.03,3.72,7.40,1.82,1.88,Estádio Cícero Pompeu de Toledo (Morumbi) (São Paulo- São Paulo)
1668031200,Nov 09 2022 - 10:00pm,complete,N/A,Fluminense,Goiás,Paulo Cesar Zanovelli,37,2.00,1.11,2.05,1.05,3,0,3,0,0,0,"78,83,90","",11,3,3,0,2,2,1,2,2,2,25,11,9,2,16,9,10,10,77,23,2.02,1.27,2.84,1.01,2.89,56,75,56,28,17,36,81,48,75,10.39,5.72,1.37,4.95,8.30,1.27,1.85,3.10,5.80,2.10,1.65,Estadio Jornalista Mário Filho (Maracanã) (Rio de Janeiro- Rio de Janeiro)
1668031200,Nov 09 2022 - 10:00pm,complete,N/A,Avaí,Ceará,Luiz Flavio De Oliveira,37,1.22,0.94,1.32,0.89,2,0,2,0,0,0,"49,90'1","",6,6,4,0,5,0,2,2,1,4,15,17,3,4,12,13,17,21,41,59,1.50,1.51,1.44,1.68,2.20,58,64,42,14,9,14,64,36,81,10.33,7.11,3.70,3.50,2.02,1.36,2.08,3.50,7.00,1.91,1.91,Estádio Aderbal Ramos da Silva (Florianópolis- Santa Catarina)
1668031200,Nov 09 2022 - 10:00pm,complete,N/A,Coritiba,Corinthians,Marcelo de Lima Henrique,37,2.00,1.33,1.95,1.32,2,2,4,3,2,1,"10,37","30,48",5,7,4,0,5,1,1,3,4,2,16,10,7,4,9,6,15,8,52,48,1.57,1.36,2.00,1.10,2.17,45,59,39,20,3,25,72,25,78,9.67,5.72,2.89,3.30,2.49,1.44,2.32,4.33,8.00,2.00,1.75,Estádio Major Antônio Couto Pereira (Curitiba- Paraná)
1668036600,Nov 09 2022 - 11:30pm,complete,N/A,Fortaleza,Bragantino,Ramon Abatti,37,1.44,0.83,1.53,0.79,6,0,6,4,4,0,"26,37,42,45,57,90","",7,0,1,0,4,0,0,1,3,1,26,4,14,2,12,2,17,12,56,44,1.83,1.52,2.91,0.52,2.25,53,67,42,20,9,25,67,42,62,11.23,4.50,1.97,3.60,3.75,1.36,2.08,3.50,7.00,1.95,1.80,Estádio Governador Plácido Aderaldo Castelo (Fortaleza- Ceará)
1668040200,Nov 10 2022 - 12:30am,complete,28721,Palmeiras,América Mineiro,Savio Pereira Sampaio,37,2.22,1.22,2.26,1.16,2,1,3,2,1,1,"42,81","15",10,3,4,0,2,0,0,4,2,0,27,8,10,4,17,4,11,11,58,42,2.35,1.57,2.83,0.99,2.37,36,67,48,20,9,25,70,39,75,14.34,4.89,1.45,4.75,6.70,1.20,1.67,2.38,4.75,1.95,1.80,Allianz Parque (São Paulo- São Paulo)
1668040200,Nov 10 2022 - 12:30am,complete,N/A,Juventude,Flamengo,N/A,37,0.78,1.39,0.79,1.37,2,2,4,3,2,1,"36,43","1,90'1",2,4,7,0,3,0,3,4,2,1,11,10,5,4,6,6,17,14,37,63,1.81,1.53,1.28,1.35,2.34,61,70,44,20,3,25,61,45,83,12.05,5.33,6.00,4.40,1.52,1.25,1.85,3.10,6.00,1.91,1.91,Estádio Alfredo Jaconi (Caxias do Sul- Rio Grande do Sul)
1668040200,Nov 10 2022 - 12:30am,complete,N/A,Atlético GO,Atlético PR,Jean Pierre Goncalves Lima,37,1.22,1.00,1.21,1.00,1,1,2,0,0,0,"51","61",7,4,1,0,0,0,0,1,0,0,27,12,8,2,19,10,8,12,64,36,1.86,1.36,2.65,1.17,2.48,50,72,42,23,14,25,67,39,84,10.56,5.11,2.26,3.45,3.10,1.36,2.08,3.50,7.00,1.91,1.91,Estádio Antônio Accioly (Goiânia- Goiás)
1668121200,Nov 10 2022 - 11:00pm,complete,N/A,Atlético Mineiro,Cuiabá,Bruno Arleu de Araujo,37,1.44,0.83,1.53,0.79,3,0,3,2,2,0,"4,45,56","",3,5,1,0,4,0,0,1,1,3,12,7,8,2,4,5,12,11,66,34,2.04,1.30,1.56,0.83,2.17,44,67,33,14,9,23,72,31,78,12.78,4.45,1.44,3.90,7.50,1.33,1.98,3.40,6.75,2.38,1.53,Estádio Governador Magalhães Pinto (Belo Horizonte- Minas Gerais)
1668121200,Nov 10 2022 - 11:00pm,complete,28130,Botafogo,Santos,Braulio da Silva Machado,37,1.06,1.00,1.16,0.95,3,0,3,1,1,0,"10,53,70","",3,4,2,0,4,1,0,2,2,3,17,5,9,0,8,5,15,17,45,55,1.72,1.34,2.00,0.62,1.92,42,53,34,17,6,20,56,31,70,9.89,5.22,2.25,3.10,3.20,1.36,2.03,3.75,7.50,1.91,1.91,Estádio Nilton Santos (Rio de Janeiro)
1668279600,Nov 12 2022 - 7:00pm,complete,N/A,Flamengo,Avaí,Edina Alves Batista,38,2.00,0.39,1.89,0.53,1,2,3,2,1,1,"42","45'5,79",10,3,0,0,1,0,0,0,1,0,21,13,8,8,13,5,14,11,65,35,2.19,1.25,2.45,1.53,2.50,42,72,50,25,11,28,73,36,78,11.28,5.11,1.14,7.50,18.00,1.17,1.60,2.25,4.00,2.20,1.62,Estadio Jornalista Mário Filho (Maracanã) (Rio de Janeiro- Rio de Janeiro)
1668366000,Nov 13 2022 - 7:00pm,complete,N/A,América Mineiro,Atlético GO,Leandro Pedro Vuaden,38,1.67,0.67,1.63,0.68,1,1,2,2,1,1,"45'8","17",17,5,3,0,2,1,2,1,1,2,22,5,8,5,14,0,14,12,60,40,1.91,1.38,2.26,0.78,2.42,56,75,42,17,12,36,75,23,81,10.34,5.33,1.64,3.72,5.55,1.40,1.86,4.10,8.25,2.15,1.62,Estádio Raimundo Sampaio (Belo Horizonte- Minas Gerais)
1668366000,Nov 13 2022 - 7:00pm,complete,N/A,Bragantino,Fluminense,Bruno Arleu de Araujo,38,1.61,1.56,1.53,1.63,0,1,1,1,0,1,"","31",4,9,3,0,2,0,1,2,2,0,4,6,3,4,1,2,16,15,41,59,1.94,1.56,0.56,0.80,2.64,48,70,44,31,17,31,70,39,84,11.00,5.00,2.78,3.34,2.48,1.31,1.80,3.40,6.40,1.83,2.02,Estádio Nabi Abi Chedid (Bragança Paulista- São Paulo)
1668366000,Nov 13 2022 - 7:00pm,complete,43414,Corinthians,Atlético Mineiro,Braulio da Silva Machado,38,2.22,1.44,2.11,1.53,0,1,1,1,0,1,"","45",5,4,3,0,6,0,1,2,3,3,7,8,4,4,3,4,11,19,58,42,1.58,1.75,0.79,0.86,2.00,39,56,31,14,3,25,59,20,70,11.95,3.89,3.20,3.30,2.50,1.44,2.30,4.80,10.00,1.95,1.81,Neo Química Arena (São Paulo- São Paulo)
1668366000,Nov 13 2022 - 7:00pm,complete,N/A,Santos,Fortaleza,Wagner do Nascimento Magalhaes,38,1.61,1.28,1.53,1.37,0,2,2,0,0,0,"","66,80",5,7,1,0,3,0,0,1,0,3,4,7,0,3,4,4,17,14,48,52,1.80,1.33,0.32,0.72,2.53,59,70,53,22,11,25,78,44,81,10.22,5.61,3.20,3.34,2.24,1.33,2.10,4.00,8.00,1.86,2.00,Estádio Urbano Caldeira (Santos- São Paulo)
1668366000,Nov 13 2022 - 7:00pm,complete,N/A,Internacional,Palmeiras,Bruno Arleu de Araujo,38,2.28,2.11,2.32,2.00,3,0,3,2,2,0,"10,39,85","",6,5,2,0,3,0,1,1,1,2,9,2,6,0,3,2,13,17,48,52,1.95,1.81,1.08,0.19,2.50,50,70,50,28,9,39,64,34,81,12.84,3.94,2.41,3.42,3.22,1.32,1.95,3.54,6.60,1.83,2.01,Estádio José Pinheiro Borda (Porto Alegre- Rio Grande do Sul)
1668366000,Nov 13 2022 - 7:00pm,complete,N/A,Ceará,Juventude,Paulo Henrique Schleinch Vollkopf,38,0.94,0.39,1.05,0.37,4,1,5,2,2,0,"23,45'2,70,89","52",8,3,4,0,4,0,2,2,1,3,8,5,6,2,2,3,16,16,62,38,1.73,1.14,1.02,0.49,2.37,53,70,42,28,6,33,72,36,73,9.89,6.73,1.48,4.14,7.20,1.33,1.95,3.65,7.20,2.20,1.60,Estádio Governador Plácido Aderaldo Castelo (Fortaleza- Ceará)
1668366000,Nov 13 2022 - 7:00pm,complete,N/A,Goiás,São Paulo,Marcelo de Lima Henrique,38,1.44,1.17,1.37,1.26,0,4,4,1,0,1,"","20,71,77,90'1",3,4,2,0,1,0,1,1,0,1,2,7,0,6,2,1,12,14,36,64,1.41,1.54,0.19,0.95,2.17,64,67,33,17,6,23,64,25,83,9.11,6.33,3.98,3.44,1.94,1.37,2.10,3.83,7.65,1.99,1.85,Estádio de Hailé Pinheiro (Goiânia- Goiás)
1668366000,Nov 13 2022 - 7:00pm,complete,N/A,Cuiabá,Coritiba,Flavio Rodrigues De Souza,38,1.28,0.28,1.37,0.26,2,1,3,2,2,0,"37,44","76",8,1,1,0,4,1,0,1,2,3,8,4,5,3,3,1,9,9,57,43,1.60,1.62,0.96,0.54,2.34,50,70,37,20,6,25,64,36,78,11.28,5.28,2.09,3.32,3.60,1.36,2.20,4.50,9.00,1.95,1.81,Arena Pantanal (Cuiabá- Mato Grosso)
1668366000,Nov 13 2022 - 7:00pm,complete,N/A,Atlético PR,Botafogo,Anderson Daronco,38,2.00,1.72,2.05,1.63,3,0,3,0,0,0,"52,62,90'4","",6,3,1,0,1,0,0,1,0,1,5,3,5,2,0,1,19,13,41,59,1.74,1.62,0.74,0.37,2.47,50,64,39,33,12,28,70,33,86,10.73,6.06,2.12,3.36,3.46,1.36,2.00,3.74,8.00,1.85,1.91,Arena da Baixada (Curitiba- Paraná)
