timestamp,date_GMT,status,attendance,home_team_name,away_team_name,referee,Game Week,Pre-Match PPG (Home),Pre-Match PPG (Away),home_ppg,away_ppg,home_team_goal_count,away_team_goal_count,total_goal_count,total_goals_at_half_time,home_team_goal_count_half_time,away_team_goal_count_half_time,home_team_goal_timings,away_team_goal_timings,home_team_corner_count,away_team_corner_count,home_team_yellow_cards,home_team_red_cards,away_team_yellow_cards,away_team_red_cards,home_team_first_half_cards,home_team_second_half_cards,away_team_first_half_cards,away_team_second_half_cards,home_team_shots,away_team_shots,home_team_shots_on_target,away_team_shots_on_target,home_team_shots_off_target,away_team_shots_off_target,home_team_fouls,away_team_fouls,home_team_possession,away_team_possession,Home Team Pre-Match xG,Away Team Pre-Match xG,team_a_xg,team_b_xg,average_goals_per_match_pre_match,btts_percentage_pre_match,over_15_percentage_pre_match,over_25_percentage_pre_match,over_35_percentage_pre_match,over_45_percentage_pre_match,over_15_HT_FHG_percentage_pre_match,over_05_HT_FHG_percentage_pre_match,over_15_2HG_percentage_pre_match,over_05_2HG_percentage_pre_match,average_corners_per_match_pre_match,average_cards_per_match_pre_match,odds_ft_home_team_win,odds_ft_draw,odds_ft_away_team_win,odds_ft_over15,odds_ft_over25,odds_ft_over35,odds_ft_over45,odds_btts_yes,odds_btts_no,stadium_name
1723912200,Aug 17 2024 - 4:30pm,complete,N/A,Genoa,Inter Milan,Ermanno Feliciani,1,0.00,0.00,1.27,2.07,2,2,4,2,1,1,"20,90'5","30,82",1,4,1,0,2,0,0,1,1,1,14,18,8,9,5,6,16,16,32,68,0.00,0.00,1.56,1.83,0.00,0,0,0,0,0,0,0,0,0,0.00,0.00,5.50,3.80,1.61,1.26,1.85,3.02,5.60,1.95,1.80,Stadio Comunale Luigi Ferraris (Genova)
1723912200,Aug 17 2024 - 4:30pm,complete,N/A,Parma,Fiorentina,Giovanni Ayroldi,1,0.00,0.00,1.07,1.29,1,1,2,1,1,0,"22","75",4,9,3,0,1,1,1,2,1,1,15,16,7,8,4,3,15,9,39,61,0.00,0.00,1.45,1.60,0.00,0,0,0,0,0,0,0,0,0,0.00,0.00,3.25,3.20,2.30,1.25,1.88,3.02,5.55,1.67,2.10,Stadio Ennio Tardini (Parma)
1723920300,Aug 17 2024 - 6:45pm,complete,N/A,Empoli,Monza,Michael Fabbri,1,0.00,0.00,0.57,0.50,0,0,0,0,0,0,"","",7,3,0,0,2,0,0,0,0,2,12,7,3,2,3,2,16,19,39,61,0.00,0.00,0.96,0.59,0.00,0,0,0,0,0,0,0,0,0,0.00,0.00,2.90,3.20,2.50,1.33,2.05,3.50,6.50,1.80,1.95,Stadio Carlo Castellani – Computer Gross Arena (Empoli)
1723920300,Aug 17 2024 - 6:45pm,complete,N/A,AC Milan,Torino,Fabio Maresca,1,0.00,0.00,1.80,1.20,2,2,4,1,0,1,"89,90'5","30,68",9,2,2,0,4,0,0,2,2,2,27,8,7,4,10,3,10,7,56,44,0.00,0.00,2.22,0.85,0.00,0,0,0,0,0,0,0,0,0,0.00,0.00,1.57,3.80,6.50,1.27,1.85,3.12,5.85,1.80,1.95,Stadio Giuseppe Meazza (Milano)
1723998600,Aug 18 2024 - 4:30pm,complete,N/A,Bologna,Udinese,N/A,1,0.00,0.00,2.13,1.21,1,1,2,0,0,0,"57","68",9,5,0,0,4,0,0,0,1,3,23,6,8,3,8,1,17,17,74,26,0.00,0.00,2.04,0.67,0.00,0,0,0,0,0,0,0,0,0,0.00,0.00,1.77,3.38,4.17,1.41,1.96,4.25,8.30,2.05,1.70,Stadio Renato Dall'Ara (Bologna)
1723998600,Aug 18 2024 - 4:30pm,complete,N/A,Hellas Verona,Napoli,Matteo Marchetti,1,0.00,0.00,0.93,1.93,3,0,3,0,0,0,"50,75,90'4","",1,5,4,0,1,0,2,2,0,1,10,15,5,5,5,8,15,13,33,67,0.00,0.00,1.14,1.55,0.00,0,0,0,0,0,0,0,0,0,0.00,0.00,4.82,3.87,1.58,1.27,1.93,3.12,5.75,1.75,2.00,Stadio Marcantonio Bentegodi (Verona)
1724006700,Aug 18 2024 - 6:45pm,complete,N/A,Cagliari,Roma,Livio Marinelli,1,0.00,0.00,1.07,1.29,0,0,0,0,0,0,"","",5,3,2,0,0,0,0,2,0,0,14,16,3,4,8,7,15,7,43,57,0.00,0.00,1.16,1.44,0.00,0,0,0,0,0,0,0,0,0,0.00,0.00,4.34,3.48,1.72,1.28,1.85,3.18,5.95,1.75,2.00,Unipol Domus (Cagliari)
1724006700,Aug 18 2024 - 6:45pm,complete,N/A,Lazio,Venezia,Paride Tremolada,1,0.00,0.00,1.86,0.40,3,1,4,3,2,1,"11,44,81","3",6,3,1,0,2,0,0,1,1,1,14,12,7,3,5,6,14,11,67,33,0.00,0.00,1.67,0.94,0.00,0,0,0,0,0,0,0,0,0,0.00,0.00,1.38,4.09,7.62,1.25,1.88,2.96,5.45,1.95,1.80,Stadio Olimpico (Roma)
1724085000,Aug 19 2024 - 4:30pm,complete,28719,Lecce,Atalanta,Davide Massa,1,0.00,0.00,1.00,2.20,0,4,4,2,0,2,"","35,45,57,66",5,3,0,0,2,0,0,0,0,2,22,13,5,7,13,4,10,24,47,53,0.00,0.00,1.74,1.42,0.00,0,0,0,0,0,0,0,0,0,0.00,0.00,4.10,3.70,1.86,1.27,1.91,3.12,5.85,1.80,1.95,Stadio Ettore Giardiniero - Via del Mare (Lecce)
1724093100,Aug 19 2024 - 6:45pm,complete,N/A,Juventus,Como,Matteo Marcenaro,1,0.00,0.00,1.87,0.67,3,0,3,2,2,0,"23,45'1,90'1","",3,0,2,0,4,0,0,2,2,2,14,4,8,0,6,2,11,12,58,42,0.00,0.00,1.66,0.32,0.00,0,0,0,0,0,0,0,0,0,0.00,0.00,1.35,5.00,9.00,1.28,1.81,3.20,6.00,2.20,1.62,Allianz Stadium (Torino)
1724517000,Aug 24 2024 - 4:30pm,complete,N/A,Parma,AC Milan,Juan Luca Sacchi,2,1.00,0.00,1.07,1.43,2,1,3,1,1,0,"2,77","66",3,9,0,0,3,0,0,0,1,2,10,18,6,6,3,9,9,13,39,61,1.45,0.00,1.18,1.81,1.00,50,50,0,0,0,0,50,0,50,4.00,3.00,4.04,3.71,1.77,1.22,1.80,2.80,5.00,1.68,2.15,Stadio Ennio Tardini (Parma)
1724517000,Aug 24 2024 - 4:30pm,complete,N/A,Udinese,Lazio,Daniele Doveri,2,0.00,0.00,1.53,1.67,2,1,3,1,1,0,"5,49","90'5",4,13,3,1,1,0,1,3,0,1,9,19,4,6,4,11,15,10,35,65,0.00,0.00,0.95,1.91,0.00,0,0,0,0,0,0,0,0,0,0.00,0.00,3.12,3.00,2.37,1.45,2.31,4.50,9.00,1.95,1.77,Bluenergy Stadium (Udine)
1724525100,Aug 24 2024 - 6:45pm,complete,N/A,Inter Milan,Lecce,N/A,2,0.00,0.00,2.36,0.73,2,0,2,1,1,0,"5,70","",10,6,0,0,2,0,0,0,1,1,12,11,4,5,5,4,9,12,61,39,0.00,0.00,1.30,1.19,0.00,0,0,0,0,0,0,0,0,0,0.00,0.00,1.22,5.81,10.11,1.18,1.62,2.55,4.33,2.30,1.55,Stadio Giuseppe Meazza (Milano)
1724525100,Aug 24 2024 - 6:45pm,complete,N/A,Monza,Genoa,Maurizio Mariani,2,0.00,0.00,0.53,1.14,0,1,1,1,0,1,"","45'7",8,3,2,0,3,0,1,1,0,3,11,13,3,2,6,7,6,17,70,30,0.00,0.00,1.18,0.93,0.00,0,0,0,0,0,0,0,0,0,0.00,0.00,2.59,3.05,2.77,1.40,2.26,4.00,8.50,1.88,1.90,U-Power Stadium (Monza)
1724603400,Aug 25 2024 - 4:30pm,complete,N/A,Fiorentina,Venezia,Simone Sozza,2,0.00,0.00,2.00,0.40,0,0,0,0,0,0,"","",7,3,1,0,2,0,0,1,1,1,15,9,9,5,4,2,13,21,55,45,0.00,0.94,1.74,0.99,2.00,50,50,50,50,0,50,50,0,50,3.00,2.00,1.44,4.60,6.75,1.27,1.83,3.03,5.70,2.05,1.70,Stadio Artemio Franchi (Firenze)
1724603400,Aug 25 2024 - 4:30pm,complete,N/A,Torino,Atalanta,Antonio Rapuano,2,0.00,3.00,1.43,2.20,2,1,3,2,1,1,"31,50","26",4,6,3,0,4,0,1,2,2,2,14,26,8,10,4,12,11,14,42,58,0.00,1.42,1.46,2.48,2.00,0,50,50,50,0,50,50,50,50,3.00,2.00,2.80,3.10,2.65,1.36,2.10,3.75,7.50,1.80,1.95,Stadio Olimpico Grande Torino (Torino)
1724611500,Aug 25 2024 - 6:45pm,complete,N/A,Napoli,Bologna,Luca Pairetto,2,0.00,0.00,2.29,1.50,3,0,3,1,1,0,"45'2,75,90'4","",7,5,2,0,2,0,1,1,0,2,17,9,6,3,4,4,11,17,39,61,0.00,0.00,1.28,0.92,0.00,0,0,0,0,0,0,0,0,0,0.00,0.00,2.00,3.40,3.75,1.29,2.00,3.30,6.20,1.80,1.95,Stadio Diego Armando Maradona (Napoli)
1724611500,Aug 25 2024 - 6:45pm,complete,N/A,Roma,Empoli,Luca Zufferli,2,0.00,0.00,2.07,0.93,1,2,3,1,0,1,"80","45,61",8,5,0,0,3,0,0,0,1,2,28,15,8,5,10,6,10,11,73,27,0.00,0.00,2.26,1.17,0.00,0,0,0,0,0,0,0,0,0,0.00,0.00,1.61,3.90,5.50,1.29,1.88,3.20,6.05,2.00,1.75,Stadio Olimpico (Roma)
1724689800,Aug 26 2024 - 4:30pm,complete,N/A,Cagliari,Como,Marco Di Bello,2,1.00,0.00,1.07,0.67,1,1,2,1,1,0,"44","53",5,6,2,0,2,0,1,1,2,0,12,15,6,5,4,4,12,10,47,53,1.16,0.32,1.32,1.27,1.50,0,50,50,0,0,50,50,0,50,5.00,6.00,2.05,3.45,3.50,1.32,1.94,3.40,6.50,1.75,2.00,Unipol Domus (Cagliari)
1724697900,Aug 26 2024 - 6:45pm,complete,N/A,Hellas Verona,Juventus,Antonio Giua,2,3.00,0.00,0.93,1.71,0,3,3,2,0,2,"","28,39,53",4,1,2,0,0,0,0,2,0,0,8,10,2,6,1,2,8,8,40,60,1.14,0.00,0.73,1.08,1.50,0,50,50,0,0,0,0,50,50,1.00,4.00,4.00,3.40,1.95,1.32,2.10,3.52,6.70,2.00,1.75,Stadio Marcantonio Bentegodi (Verona)
1725035400,Aug 30 2024 - 4:30pm,complete,N/A,Venezia,Torino,Matteo Marcenaro,3,0.00,1.00,1.00,1.20,0,1,1,0,0,0,"","86",3,3,2,0,4,0,0,2,0,4,14,14,5,7,6,4,7,15,42,58,0.00,0.85,1.37,1.61,2.00,50,50,50,50,0,0,50,50,50,2.00,4.00,3.75,3.45,2.05,1.33,2.00,3.60,7.00,1.91,1.91,Stadio Pier Luigi Penzo (Venezia)
1725043500,Aug 30 2024 - 6:45pm,complete,N/A,Inter Milan,Atalanta,Matteo Marchetti,3,3.00,1.50,2.36,2.20,4,0,4,2,2,0,"3,10,47,56","",3,4,0,0,2,0,0,0,1,1,14,12,5,2,5,6,6,15,55,45,1.30,1.95,1.11,1.16,2.75,25,100,50,25,0,50,100,25,100,14.50,3.00,1.75,3.95,4.40,1.20,1.64,2.65,4.75,1.67,2.10,Stadio Giuseppe Meazza (Milano)
1725121800,Aug 31 2024 - 4:30pm,complete,N/A,Bologna,Empoli,Livio Marinelli,3,1.00,3.00,2.13,0.93,1,1,2,2,1,1,"2","3",6,3,0,0,3,0,0,0,0,3,15,4,4,3,9,1,15,18,68,32,2.04,1.17,1.53,0.63,2.50,100,100,50,0,0,0,50,100,100,14.00,3.00,1.65,3.90,6.00,1.37,2.12,3.80,7.55,2.05,1.70,Stadio Renato Dall'Ara (Bologna)
1725121800,Aug 31 2024 - 4:30pm,complete,N/A,Lecce,Cagliari,Michael Fabbri,3,0.00,0.00,1.00,0.71,1,0,1,1,1,0,"26","",7,10,1,1,3,0,1,1,1,2,18,22,5,3,8,7,10,13,35,65,1.74,0.00,1.34,1.35,2.00,0,50,50,50,0,50,50,50,50,5.00,0.00,2.15,3.30,3.70,1.40,2.18,4.20,8.10,1.95,1.80,Stadio Ettore Giardiniero - Via del Mare (Lecce)
1725129900,Aug 31 2024 - 6:45pm,complete,N/A,Lazio,AC Milan,Davide Massa,3,3.00,0.00,1.86,1.43,2,2,4,1,0,1,"62,66","8,72",5,7,4,0,2,0,1,3,1,1,8,12,6,5,0,4,12,9,42,58,1.67,1.81,1.04,1.07,3.50,100,100,100,50,0,50,100,50,100,15.00,4.00,2.90,3.40,2.45,1.30,1.84,3.25,6.50,1.70,2.05,Stadio Olimpico (Roma)
1725129900,Aug 31 2024 - 6:45pm,complete,N/A,Napoli,Parma,Paride Tremolada,3,3.00,0.00,2.29,0.64,2,1,3,1,0,1,"90'2,90'6","19",6,4,2,0,3,1,1,1,0,4,30,14,8,3,10,6,12,7,54,46,1.28,0.00,2.40,1.00,1.50,0,50,50,0,0,0,50,50,50,7.00,2.00,1.50,4.60,6.50,1.22,1.71,2.75,5.00,1.80,1.95,Stadio Diego Armando Maradona (Napoli)
1725208200,Sep 01 2024 - 4:30pm,complete,N/A,Fiorentina,Monza,Andrea Colombo,3,1.00,1.00,2.00,0.50,2,2,4,3,1,2,"45,90'6","18,32",7,0,2,0,4,0,1,1,1,3,19,5,7,4,5,0,11,22,69,31,1.74,0.59,1.64,0.64,0.00,0,0,0,0,0,0,0,0,0,10.00,3.00,1.57,4.00,6.00,1.28,1.83,3.24,6.00,1.95,1.80,Stadio Artemio Franchi (Firenze)
1725208200,Sep 01 2024 - 4:30pm,complete,N/A,Genoa,Hellas Verona,Giovanni Ayroldi,3,1.00,0.00,1.27,1.07,0,2,2,0,0,0,"","55,64",3,1,2,0,6,0,1,1,3,3,12,11,2,4,7,5,8,16,58,42,1.56,0.00,0.89,1.04,2.00,50,50,50,50,0,50,50,50,50,1.00,1.00,2.15,3.10,3.75,1.47,2.30,4.75,9.50,2.05,1.70,Stadio Comunale Luigi Ferraris (Genova)
1725216300,Sep 01 2024 - 6:45pm,complete,N/A,Juventus,Roma,Marco Guida,3,3.00,1.00,1.87,1.29,0,0,0,0,0,0,"","",6,4,2,0,2,0,1,1,1,1,9,8,2,2,4,2,11,12,50,50,1.66,1.44,0.79,0.76,1.50,0,50,50,0,0,50,50,0,50,6.00,2.00,1.95,3.50,4.00,1.31,2.05,3.44,6.60,1.95,1.80,Allianz Stadium (Torino)
1725216300,Sep 01 2024 - 6:45pm,complete,N/A,Udinese,Como,Alessandro Prontera,3,3.00,0.50,1.53,0.67,1,0,1,1,1,0,"43","",4,6,3,0,0,0,0,3,0,0,12,22,4,5,5,10,16,9,44,56,0.95,0.80,1.15,1.80,2.75,75,100,75,0,0,25,100,50,100,7.00,7.00,1.85,3.50,4.40,1.33,2.00,3.60,7.00,1.91,1.91,Bluenergy Stadium (Udine)
1726318800,Sep 14 2024 - 1:00pm,complete,N/A,Como,Bologna,Marco Piccinini,4,0.00,0.00,1.36,1.50,2,2,4,1,1,0,"5,53","76,90'1",4,3,2,0,1,0,2,0,0,1,15,15,5,5,6,5,17,12,44,56,0.00,0.92,1.29,1.38,1.50,0,50,50,0,0,0,50,50,50,5.00,2.00,2.80,3.35,2.55,1.40,2.15,4.20,8.50,1.95,1.80,Stadio Giuseppe Sinigaglia (Como)
1726329600,Sep 14 2024 - 4:00pm,complete,N/A,Empoli,Juventus,Marco Di Bello,4,1.00,3.00,0.57,1.71,0,0,0,0,0,0,"","",4,8,1,0,2,0,0,1,0,2,9,17,4,4,3,7,11,10,34,66,0.96,1.08,0.87,1.34,1.50,0,50,50,0,0,50,50,0,50,8.00,0.00,4.10,3.40,1.84,1.40,1.95,4.00,8.50,2.05,1.70,Stadio Carlo Castellani – Computer Gross Arena (Empoli)
1726339500,Sep 14 2024 - 6:45pm,complete,N/A,AC Milan,Venezia,N/A,4,1.00,0.50,1.80,0.40,4,0,4,4,4,0,"2,16,25,29","",6,1,1,0,2,1,1,0,1,2,13,8,9,3,2,4,12,12,62,38,2.22,0.97,1.62,0.84,3.00,75,75,75,75,0,25,75,50,75,12.00,4.00,1.30,5.50,9.00,1.18,1.60,2.30,4.20,2.00,1.75,Stadio Giuseppe Meazza (Milano)
1726396200,Sep 15 2024 - 10:30am,complete,N/A,Genoa,Roma,Antonio Giua,4,0.50,1.00,1.27,1.29,1,1,2,1,0,1,"90'6","37",4,5,1,0,3,0,0,1,1,2,21,17,9,7,6,8,9,12,49,51,1.23,1.10,1.98,1.73,1.50,25,50,25,25,0,25,25,50,50,5.50,2.50,2.87,3.15,2.41,1.36,2.10,3.78,7.40,1.91,1.91,Stadio Comunale Luigi Ferraris (Genova)
1726405200,Sep 15 2024 - 1:00pm,complete,N/A,Atalanta,Fiorentina,Juan Luca Sacchi,4,0.00,1.00,1.79,1.29,3,2,5,5,3,2,"21,45,45'1","15,32",5,2,2,0,3,0,1,1,2,1,14,14,8,6,5,5,16,15,51,49,0.00,1.60,1.68,1.37,1.00,50,50,0,0,0,0,50,0,50,9.00,2.00,1.83,3.75,3.75,1.21,1.70,2.71,4.85,1.67,2.10,Gewiss Stadium (Bergamo)
1726405200,Sep 15 2024 - 1:00pm,complete,N/A,Torino,Lecce,Andrea Colombo,4,3.00,0.00,1.43,0.73,0,0,0,0,0,0,"","",2,7,1,0,3,0,0,1,2,1,6,21,0,7,5,12,13,13,53,47,1.46,1.19,0.58,2.00,2.50,50,100,50,0,0,50,100,0,100,10.00,5.00,1.73,3.40,4.80,1.45,2.30,4.50,9.50,2.10,1.67,Stadio Olimpico Grande Torino (Torino)
1726416000,Sep 15 2024 - 4:00pm,complete,N/A,Cagliari,Napoli,Federico La Penna,4,1.00,0.00,1.07,1.93,0,4,4,1,0,1,"","18,66,70,90'3",7,4,1,0,2,0,0,1,1,1,20,14,6,6,10,4,22,11,51,49,1.24,1.55,1.72,1.42,2.00,25,75,50,0,0,0,25,50,75,10.00,3.00,4.36,3.70,1.80,1.23,1.82,2.88,5.20,1.75,2.00,Unipol Domus (Cagliari)
1726425900,Sep 15 2024 - 6:45pm,complete,N/A,Monza,Inter Milan,Luca Pairetto,4,0.00,1.00,0.53,2.07,1,1,2,0,0,0,"81","88",1,8,1,0,2,0,0,1,0,2,6,17,3,3,2,10,11,19,40,60,1.18,1.83,0.70,1.48,2.50,50,50,50,50,0,50,100,50,50,12.00,4.00,7.43,4.85,1.40,1.19,1.65,2.60,4.55,1.91,1.91,U-Power Stadium (Monza)
1726504200,Sep 16 2024 - 4:30pm,complete,N/A,Parma,Udinese,Rosario Abisso,4,2.00,1.00,1.07,1.21,2,3,5,2,2,0,"2,43","50,68,77",5,6,1,1,3,0,0,2,1,2,10,20,4,7,5,9,8,18,47,53,1.32,0.67,1.06,1.80,2.25,100,100,25,0,0,0,50,75,100,8.50,5.50,2.30,3.32,2.74,1.27,2.06,3.50,6.50,1.75,2.00,Stadio Ennio Tardini (Parma)
1726512300,Sep 16 2024 - 6:45pm,complete,N/A,Lazio,Hellas Verona,Luca Zufferli,4,2.00,3.00,1.86,1.07,2,1,3,3,2,1,"5,20","7",9,6,2,0,2,0,2,0,1,1,15,9,8,3,4,4,13,11,55,45,1.35,1.04,1.60,0.85,3.00,50,100,50,50,0,25,50,75,100,6.50,8.50,1.64,3.51,4.86,1.30,2.15,3.38,6.35,1.95,1.80,Stadio Olimpico (Roma)
1726849800,Sep 20 2024 - 4:30pm,complete,N/A,Cagliari,Empoli,Simone Sozza,5,0.67,2.00,1.07,0.93,0,2,2,1,0,1,"","33,49",10,4,1,0,2,0,0,1,1,1,22,10,3,5,12,3,15,22,61,39,1.40,0.90,1.57,1.13,2.25,67,84,42,17,0,25,84,42,59,9.67,4.67,2.28,3.25,3.25,1.38,2.25,3.80,7.50,1.95,1.80,Unipol Domus (Cagliari)
1726857900,Sep 20 2024 - 6:45pm,complete,N/A,Hellas Verona,Torino,Livio Marinelli,5,1.50,2.00,0.93,1.20,2,3,5,3,1,2,"12,90'3","10,33,79",5,6,3,1,1,0,2,2,0,1,9,17,3,4,4,6,10,8,30,70,0.93,1.23,0.84,1.35,2.75,25,75,75,25,0,25,50,50,100,5.00,7.00,2.63,3.25,2.75,1.38,2.32,3.80,7.50,1.91,1.91,Stadio Marcantonio Bentegodi (Verona)
1726923600,Sep 21 2024 - 1:00pm,complete,N/A,Venezia,Genoa,Matteo Marchetti,5,0.00,3.00,1.00,1.14,2,0,2,0,0,0,"63,85","",3,4,2,0,3,0,0,2,1,2,13,10,5,0,5,4,9,12,49,51,1.37,0.93,1.25,0.47,1.00,0,0,0,0,0,0,50,0,50,6.00,5.00,3.30,3.10,2.25,1.40,2.05,4.00,8.00,1.91,1.91,Stadio Pier Luigi Penzo (Venezia)
1726934400,Sep 21 2024 - 4:00pm,complete,N/A,Juventus,Napoli,Daniele Doveri,5,2.00,1.50,1.87,1.93,0,0,0,0,0,0,"","",4,3,1,0,0,0,1,0,0,0,10,9,2,2,4,2,10,13,65,35,1.23,1.48,0.83,0.62,2.50,0,75,75,25,0,25,50,50,75,9.00,3.50,2.20,3.10,3.40,1.40,2.10,4.00,8.00,1.95,1.80,Allianz Stadium (Torino)
1726944300,Sep 21 2024 - 6:45pm,complete,N/A,Lecce,Parma,Marco Guida,5,1.50,0.00,1.00,0.64,2,2,4,1,1,0,"32,59","90'3,90'5",2,12,4,1,0,1,1,4,0,1,15,26,4,11,6,3,12,11,38,62,1.54,1.00,1.15,2.27,2.75,50,75,75,25,0,25,100,75,75,10.00,5.50,2.20,3.30,3.30,1.28,1.91,3.24,5.90,1.75,2.00,Stadio Ettore Giardiniero - Via del Mare (Lecce)
1727001000,Sep 22 2024 - 10:30am,complete,N/A,Fiorentina,Lazio,Matteo Marcenaro,N/A,1.00,0.00,2.00,1.67,2,1,3,1,0,1,"49,90","41",3,10,3,0,4,0,2,1,1,3,15,21,6,7,9,7,11,15,46,54,1.69,1.91,1.64,1.80,2.50,75,75,75,25,0,25,75,50,75,20.00,2.50,2.25,3.30,3.25,1.33,2.10,3.60,7.00,1.75,2.00,N/A
1727010000,Sep 22 2024 - 1:00pm,complete,N/A,Monza,Bologna,Davide Massa,5,0.50,0.50,0.53,1.50,1,2,3,2,1,1,"43","24,80",2,2,3,0,2,0,2,1,0,2,7,16,4,9,3,3,20,16,42,58,0.94,1.15,0.93,1.65,2.50,50,75,50,25,0,0,75,75,75,8.50,3.00,2.65,3.20,2.70,1.36,2.21,4.00,9.00,1.95,1.80,U-Power Stadium (Monza)
1727020800,Sep 22 2024 - 4:00pm,complete,N/A,Roma,Udinese,Ermanno Feliciani,5,0.00,2.00,2.07,1.21,3,0,3,1,1,0,"19,49,70","",2,1,2,0,2,0,1,1,2,0,18,10,9,3,5,4,15,11,62,38,2.26,1.24,1.87,0.83,3.25,100,100,75,25,25,25,75,100,100,13.50,3.50,1.67,3.90,5.10,1.33,2.00,3.60,7.00,2.05,1.70,Stadio Olimpico (Roma)
1727030700,Sep 22 2024 - 6:45pm,complete,N/A,Inter Milan,AC Milan,Maurizio Mariani,N/A,3.00,0.50,2.36,1.43,1,2,3,2,1,1,"27","10,89",6,2,4,0,1,0,2,2,1,0,14,17,5,9,4,5,13,4,56,44,1.20,1.44,1.23,1.71,3.25,50,100,75,50,0,25,100,75,100,14.50,2.50,1.62,4.30,5.00,1.22,1.71,2.60,4.50,1.70,2.05,N/A
1727203500,Sep 24 2024 - 6:45pm,complete,N/A,Atalanta,Como,Paride Tremolada,5,3.00,0.33,1.79,0.67,2,3,5,1,1,0,"18,90'9","46,54,58",6,2,1,0,3,0,0,1,2,1,9,15,6,8,3,4,12,17,59,41,1.68,1.13,1.61,1.49,3.50,67,84,67,50,50,67,100,0,34,9.00,4.00,1.48,4.70,6.10,1.16,1.62,2.44,4.15,1.80,1.95,Gewiss Stadium (Bergamo)
1727462700,Sep 27 2024 - 6:45pm,complete,N/A,AC Milan,Lecce,Luca Zufferli,6,2.00,0.50,1.80,0.73,3,0,3,3,3,0,"38,41,43","",4,7,1,1,1,0,0,2,1,0,16,17,7,8,7,6,5,8,57,43,1.92,1.59,1.84,1.72,2.50,25,75,50,50,0,25,75,25,50,14.00,4.00,1.40,5.48,8.40,1.14,1.56,2.39,3.86,1.91,1.91,Stadio Giuseppe Meazza (Milano)
1727528400,Sep 28 2024 - 1:00pm,complete,N/A,Udinese,Inter Milan,Juan Luca Sacchi,6,3.00,1.00,1.53,2.07,2,3,5,3,1,2,"35,83","1,45'3,47",7,3,1,0,0,0,1,0,0,0,11,17,4,8,1,6,13,6,40,60,1.05,1.65,0.95,1.78,2.50,75,75,50,25,0,25,75,75,75,10.00,5.50,7.35,4.02,1.44,1.21,1.85,2.77,4.90,1.91,1.91,Bluenergy Stadium (Udine)
1727539200,Sep 28 2024 - 4:00pm,complete,N/A,Genoa,Juventus,Andrea Colombo,6,0.67,2.00,1.27,1.71,0,3,3,0,0,0,"","48,55,89",5,3,2,0,1,0,1,1,0,1,9,13,3,4,1,7,8,14,34,66,1.48,1.21,0.70,1.36,2.09,34,75,42,17,0,42,59,34,75,7.17,2.33,4.42,3.25,1.83,1.44,2.22,4.50,9.50,2.10,1.67,Stadio Comunale Luigi Ferraris (Genova)
1727549100,Sep 28 2024 - 6:45pm,complete,N/A,Bologna,Atalanta,Antonio Rapuano,6,1.00,1.00,2.13,2.20,1,1,2,0,0,0,"46","90",2,9,3,1,3,0,2,2,2,1,6,25,2,6,1,11,16,12,36,64,1.78,1.69,0.49,2.10,2.84,67,100,50,34,0,75,75,59,75,11.83,2.67,2.80,3.40,2.40,1.30,2.00,3.40,6.50,1.75,2.00,Stadio Renato Dall'Ara (Bologna)
1727605800,Sep 29 2024 - 10:30am,complete,N/A,Torino,Lazio,Simone Sozza,6,2.00,0.00,1.43,1.67,2,3,5,1,0,1,"67,90'2","8,60,89",3,1,2,0,3,0,0,2,0,3,13,14,8,8,4,5,10,13,58,42,1.02,1.85,1.65,1.65,2.25,75,75,75,0,0,25,75,50,75,14.50,4.50,2.70,3.10,2.80,1.44,2.30,4.50,9.50,1.95,1.80,Stadio Olimpico Grande Torino (Torino)
1727614800,Sep 29 2024 - 1:00pm,complete,N/A,Como,Hellas Verona,Antonio Giua,6,1.00,1.50,1.36,1.07,3,2,5,1,1,0,"43,72,89","53,90'4",9,1,2,0,4,1,0,2,0,5,25,7,12,4,7,2,10,20,72,28,1.29,0.95,2.45,0.85,3.25,75,100,75,50,0,25,75,75,75,7.50,6.00,2.75,3.20,2.62,1.36,2.25,3.75,7.50,1.80,1.95,Stadio Giuseppe Sinigaglia (Como)
1727614800,Sep 29 2024 - 1:00pm,complete,N/A,Roma,Venezia,Rosario Abisso,6,1.50,0.33,2.07,0.40,2,1,3,1,0,1,"74,83","44",6,3,1,0,2,0,0,1,1,1,23,19,6,8,10,5,8,13,70,30,2.07,0.92,1.92,1.56,2.84,42,84,84,34,0,34,84,50,67,7.33,3.33,1.44,4.50,7.00,1.22,1.73,2.80,5.25,1.95,1.80,Stadio Olimpico (Roma)
1727625600,Sep 29 2024 - 4:00pm,complete,N/A,Empoli,Fiorentina,Gianluca Aureliano,6,1.00,0.50,0.57,1.29,0,0,0,0,0,0,"","",2,4,0,0,1,0,0,0,0,1,9,14,2,0,4,7,15,12,37,63,0.91,1.49,0.71,0.80,1.75,50,50,25,25,25,25,50,0,25,11.00,3.00,3.35,3.25,2.17,1.38,2.15,4.00,8.00,1.91,1.91,Stadio Carlo Castellani – Computer Gross Arena (Empoli)
1727635500,Sep 29 2024 - 6:45pm,complete,N/A,Napoli,Monza,Gianluca Manganiello,6,3.00,1.00,2.29,0.50,2,0,2,2,2,0,"22,33","",1,3,1,0,2,0,1,0,2,0,12,6,3,2,6,2,16,8,49,51,1.84,0.62,1.11,0.61,2.50,50,75,75,25,0,25,75,50,75,8.00,5.00,1.40,4.90,7.00,1.19,1.73,2.70,5.50,2.00,1.75,Stadio Diego Armando Maradona (Napoli)
1727721900,Sep 30 2024 - 6:45pm,complete,N/A,Parma,Cagliari,Francesco Fourneau,6,1.33,0.00,1.07,0.71,2,3,5,1,0,1,"62,87","34,75,87",5,3,3,0,2,0,1,2,0,2,19,13,5,5,10,7,10,16,61,39,1.23,1.35,1.63,1.25,2.17,50,50,34,17,17,17,100,34,50,14.00,4.67,2.10,3.40,3.40,1.26,1.83,3.00,5.50,1.62,2.20,Stadio Ennio Tardini (Parma)
1728059400,Oct 04 2024 - 4:30pm,complete,N/A,Napoli,Como,Ermanno Feliciani,7,3.00,1.00,2.29,0.67,3,1,4,2,1,1,"1,53,86","43",4,1,1,0,1,0,0,1,0,1,10,12,7,3,0,8,7,10,41,59,1.60,1.22,1.16,1.26,2.71,42,88,59,13,13,29,100,46,71,8.17,3.92,1.42,4.20,6.30,1.19,1.60,2.62,4.55,1.91,1.91,Stadio Diego Armando Maradona (Napoli)
1728067500,Oct 04 2024 - 6:45pm,complete,N/A,Hellas Verona,Venezia,Marco Guida,7,1.00,0.25,0.93,0.40,2,1,3,2,1,1,"9,81","2",13,6,3,0,0,0,1,2,0,0,21,15,4,3,10,8,10,5,50,50,0.90,1.08,1.60,1.19,3.21,42,88,88,42,17,59,71,46,75,5.83,5.92,2.09,3.20,3.30,1.31,1.94,3.38,6.30,1.91,1.91,Stadio Marcantonio Bentegodi (Verona)
1728133200,Oct 05 2024 - 1:00pm,complete,N/A,Udinese,Lecce,Maurizio Mariani,7,2.00,0.33,1.53,0.73,1,0,1,0,0,0,"75","",5,0,2,0,2,0,1,1,2,0,14,10,5,4,5,5,12,16,56,44,1.02,1.64,1.34,1.07,2.34,34,67,50,17,17,33,84,34,50,11.67,4.67,2.10,3.25,3.70,1.29,2.28,3.60,7.50,1.80,1.95,Bluenergy Stadium (Udine)
1728144000,Oct 05 2024 - 4:00pm,complete,N/A,Atalanta,Genoa,Daniele Chiffi,7,1.50,1.50,1.79,1.14,5,1,6,1,1,0,"24,50,60,74,80","83",4,2,0,0,0,0,0,0,0,0,15,4,6,3,9,1,10,13,60,40,1.65,0.70,1.94,0.64,3.25,50,75,50,50,50,25,75,50,50,9.00,4.50,1.53,4.20,6.50,1.22,1.81,3.20,6.50,1.91,1.91,Gewiss Stadium (Bergamo)
1728153900,Oct 05 2024 - 6:45pm,complete,N/A,Inter Milan,Torino,Matteo Marcenaro,7,2.00,2.33,2.36,1.20,3,2,5,3,2,1,"25,35,60","36,87",14,0,1,0,2,1,1,0,1,2,16,5,5,4,11,1,4,10,73,27,1.21,1.27,2.19,0.66,3.17,50,84,67,50,17,50,84,50,100,10.00,4.33,1.34,4.95,7.75,1.17,1.68,2.75,5.50,2.00,1.75,Stadio Giuseppe Meazza (Milano)
1728210600,Oct 06 2024 - 10:30am,complete,40557,Juventus,Cagliari,Livio Marinelli,7,1.67,1.50,1.87,0.71,1,1,2,1,1,0,"15","88",8,3,4,1,2,0,1,4,0,2,22,10,10,3,7,4,13,10,73,27,1.09,1.30,2.20,0.92,2.00,25,42,42,25,25,17,67,25,42,10.83,4.17,1.33,4.50,8.50,1.26,1.85,3.10,5.60,2.20,1.62,Allianz Stadium (Torino)
1728219600,Oct 06 2024 - 1:00pm,complete,N/A,Bologna,Parma,Marco Di Bello,7,1.00,0.50,2.13,0.64,0,0,0,0,0,0,"","",13,6,1,0,0,1,0,1,0,1,13,10,5,5,8,5,15,16,62,38,1.35,1.63,1.64,1.21,2.75,100,100,50,25,0,17,67,84,84,13.67,4.67,1.75,3.70,4.33,1.28,1.75,3.20,5.15,1.75,2.00,N/A
1728219600,Oct 06 2024 - 1:00pm,complete,N/A,Lazio,Empoli,Giovanni Ayroldi,7,2.33,2.33,1.86,0.93,2,1,3,2,1,1,"45'4,84","9",5,3,2,0,4,0,1,1,2,2,13,5,6,2,7,3,11,16,55,45,1.44,0.98,1.66,0.70,3.00,84,100,67,34,0,50,100,33,67,10.67,5.00,1.50,4.00,6.50,1.33,1.95,3.55,5.95,2.00,1.75,N/A
1728230400,Oct 06 2024 - 4:00pm,complete,N/A,Monza,Roma,Federico La Penna,7,0.33,1.00,0.53,1.29,1,1,2,0,0,0,"70","61",1,3,3,0,1,0,0,3,1,0,3,12,3,5,0,7,16,13,37,63,0.94,1.31,0.58,1.42,1.34,50,50,17,0,0,17,50,17,50,7.67,3.67,3.75,3.70,1.90,1.33,2.12,3.54,6.65,1.95,1.80,N/A
1728240300,Oct 06 2024 - 6:45pm,complete,N/A,Fiorentina,AC Milan,Luca Pairetto,7,1.67,1.33,2.00,1.43,2,1,3,1,1,0,"35,73","60",0,7,2,0,3,1,1,1,2,2,11,14,5,8,6,6,9,18,39,61,1.68,1.53,1.23,1.80,2.83,84,84,84,33,0,33,84,50,84,11.67,4.00,3.00,3.70,2.18,1.24,1.71,2.80,5.00,1.62,2.20,N/A
1729342800,Oct 19 2024 - 1:00pm,complete,N/A,Como,Parma,Michael Fabbri,8,2.00,0.67,1.36,0.64,1,1,2,2,1,1,"45","20",7,4,1,0,2,0,0,1,1,1,12,10,4,4,4,6,14,10,61,39,1.87,1.49,1.11,1.15,3.42,84,84,84,67,25,0,84,84,84,13.83,4.67,2.05,3.31,3.21,0.00,1.85,0.00,0.00,1.57,2.25,Stadio Giuseppe Sinigaglia (Como)
1729342800,Oct 19 2024 - 1:00pm,complete,N/A,Genoa,Bologna,Daniele Doveri,8,0.50,1.33,1.27,1.50,2,2,4,1,0,1,"73,85","37,56",1,7,2,0,0,0,0,2,0,0,12,14,5,9,2,1,20,12,38,62,1.29,1.31,1.02,1.49,3.04,59,100,75,29,0,29,75,71,100,6.58,3.17,2.76,3.03,2.44,1.44,1.85,4.33,9.50,1.95,1.80,Stadio Comunale Luigi Ferraris (Genova)
1729353600,Oct 19 2024 - 4:00pm,complete,N/A,AC Milan,Udinese,Daniele Chiffi,8,2.33,1.33,1.80,1.21,1,0,1,1,1,0,"13","",8,4,2,1,3,0,1,2,1,2,12,17,6,4,2,11,3,14,44,56,1.89,1.10,1.15,1.61,3.50,50,100,84,50,17,50,84,67,67,10.33,5.00,1.36,4.47,6.80,1.15,1.70,2.35,3.95,1.80,1.95,Stadio Giuseppe Meazza (Milano)
1729363500,Oct 19 2024 - 6:45pm,complete,N/A,Juventus,Lazio,Juan Luca Sacchi,8,1.50,1.00,1.87,1.67,1,0,1,0,0,0,"85","",7,1,4,0,2,1,1,3,1,2,17,3,4,2,10,0,16,9,69,31,1.37,1.78,1.71,0.43,2.46,63,75,63,17,17,13,75,50,75,13.25,5.17,1.73,3.75,4.60,1.36,1.85,3.84,7.20,1.95,1.80,Allianz Stadium (Torino)
1729420200,Oct 20 2024 - 10:30am,complete,N/A,Empoli,Napoli,Rosario Abisso,8,1.00,1.33,0.57,1.93,0,1,1,0,0,0,"","63",7,7,2,0,2,0,1,1,1,1,12,10,5,2,2,4,14,13,50,50,0.85,1.19,1.08,0.72,1.17,0,34,34,17,0,0,17,34,34,8.33,1.33,5.05,3.54,1.74,1.33,1.90,3.60,7.00,2.00,1.75,Stadio Carlo Castellani – Computer Gross Arena (Empoli)
1729429200,Oct 20 2024 - 1:00pm,complete,N/A,Lecce,Fiorentina,Francesco Fourneau,8,1.33,0.67,1.00,1.29,0,6,6,3,0,3,"","20,34,45,54,61,72",1,3,0,1,5,0,1,0,2,3,6,20,3,12,2,4,8,14,39,61,1.41,1.26,0.76,2.14,2.67,50,67,50,50,17,33,84,34,50,9.67,5.00,2.89,3.28,2.48,1.33,1.90,3.60,7.00,1.75,2.00,Stadio Ettore Giardiniero - Via del Mare (Lecce)
1729429200,Oct 20 2024 - 1:00pm,complete,N/A,Venezia,Atalanta,Luca Zufferli,N/A,1.50,1.00,1.00,2.20,0,2,2,1,0,1,"","7,47",2,5,1,0,1,0,0,1,1,0,13,17,5,8,7,8,12,6,42,58,1.31,1.79,1.37,1.91,2.38,25,75,38,25,0,38,38,63,100,8.50,4.75,5.50,3.82,1.64,1.25,1.90,3.00,5.50,1.75,2.00,N/A
1729440000,Oct 20 2024 - 4:00pm,complete,N/A,Cagliari,Torino,Gianluca Aureliano,8,0.50,1.75,1.07,1.20,3,2,5,2,1,1,"38,74,78","41,55",9,12,1,0,3,0,0,1,2,1,8,11,3,5,5,6,12,8,38,62,1.44,1.12,0.98,1.46,2.88,50,75,50,50,25,25,75,50,88,9.50,4.75,2.70,3.30,2.60,1.36,1.85,3.75,7.50,1.80,1.95,Unipol Domus (Cagliari)
1729449900,Oct 20 2024 - 6:45pm,complete,N/A,Roma,Inter Milan,Davide Massa,8,2.00,1.67,2.07,2.07,0,1,1,0,0,0,"","60",3,3,2,0,3,0,0,2,0,3,15,12,4,7,5,4,12,13,55,45,2.02,1.69,1.18,1.39,3.34,84,100,84,34,17,34,84,100,100,10.33,2.33,3.50,3.40,2.10,1.24,1.85,2.85,5.00,1.67,2.10,Stadio Olimpico (Roma)
1729536300,Oct 21 2024 - 6:45pm,complete,N/A,Hellas Verona,Monza,Federico Dionisi,8,1.50,0.67,0.93,0.50,0,3,3,1,0,1,"","9,74,79",9,6,3,0,2,0,2,1,1,1,17,11,5,5,8,3,8,13,59,41,1.08,0.61,1.64,1.04,2.75,42,84,67,29,13,71,71,25,67,7.75,6.17,2.35,3.60,3.21,1.44,1.75,4.33,9.00,1.95,1.80,Stadio Marcantonio Bentegodi (Verona)
1729873800,Oct 25 2024 - 4:30pm,complete,N/A,Udinese,Cagliari,Gianluca Manganiello,9,2.25,1.33,1.53,0.71,2,0,2,1,1,0,"38,78","",2,4,2,0,2,1,0,2,2,1,14,4,5,0,7,4,13,9,64,36,1.10,1.17,1.40,0.39,2.59,59,59,42,29,29,13,88,42,71,10.33,4.83,2.12,3.45,3.45,1.33,2.00,3.60,7.00,1.80,1.95,Bluenergy Stadium (Udine)
1729881900,Oct 25 2024 - 6:45pm,complete,N/A,Torino,Como,Giovanni Ayroldi,9,1.33,0.80,1.43,0.67,1,0,1,0,0,0,"75","",1,3,3,0,3,0,2,1,2,1,10,21,3,7,4,6,13,12,31,69,1.23,1.23,0.88,1.69,2.84,64,74,64,37,27,37,84,37,74,6.00,4.00,1.70,3.58,4.28,1.38,1.60,3.75,8.00,1.80,1.95,Stadio Olimpico Grande Torino (Torino)
1729947600,Oct 26 2024 - 1:00pm,complete,N/A,Napoli,Lecce,Paride Tremolada,9,3.00,0.25,2.29,0.73,1,0,1,0,0,0,"73","",16,5,3,0,2,0,1,2,0,2,25,12,9,3,7,4,13,7,65,35,1.49,1.50,2.09,0.84,2.25,25,75,50,13,0,38,75,38,63,9.50,3.50,1.29,5.50,11.00,1.22,1.65,2.90,5.50,2.20,1.62,Stadio Diego Armando Maradona (Napoli)
1729968300,Oct 26 2024 - 6:45pm,complete,N/A,Atalanta,Hellas Verona,Ermanno Feliciani,N/A,2.00,1.00,1.79,1.07,6,1,7,6,5,1,"6,9,14,29,34,58","42",4,2,0,0,1,0,0,0,1,0,21,5,11,3,6,2,3,15,69,31,1.74,0.91,2.29,0.68,4.33,84,100,84,67,67,33,84,67,67,7.67,5.33,1.38,4.70,8.00,1.16,1.52,2.10,4.00,1.75,2.00,N/A
1730028600,Oct 27 2024 - 11:30am,complete,N/A,Parma,Empoli,Federico La Penna,N/A,1.00,1.75,1.07,0.93,1,1,2,1,0,1,"80","35",9,3,4,0,5,0,1,3,1,4,18,6,5,2,8,4,12,17,60,40,1.33,0.91,1.51,0.76,3.13,88,100,63,25,25,38,100,50,88,8.00,5.00,2.21,3.10,3.00,1.33,2.02,3.60,7.00,1.75,2.00,Stadio Ennio Tardini (Parma)
1730037600,Oct 27 2024 - 2:00pm,complete,N/A,Lazio,Genoa,Marco Piccinini,9,2.50,1.00,1.86,1.14,3,0,3,1,1,0,"21,86,90'4","",7,4,3,0,1,0,1,2,1,0,19,8,5,3,10,4,12,6,61,39,1.49,0.68,1.76,0.90,3.25,67,84,67,42,17,38,84,46,71,9.25,4.25,1.51,3.90,5.40,1.28,1.81,3.10,6.00,1.95,1.80,N/A
1730037600,Oct 27 2024 - 2:00pm,complete,N/A,Monza,Venezia,Antonio Rapuano,N/A,0.50,0.20,0.53,0.40,2,2,4,4,2,2,"23,44","15,39",4,3,3,1,2,0,0,4,0,2,14,7,3,3,8,2,17,16,46,54,0.85,1.11,1.30,0.76,2.40,68,78,53,20,0,43,65,35,68,6.20,4.05,2.16,3.00,3.30,1.42,2.30,4.33,9.00,1.95,1.80,N/A
1730048400,Oct 27 2024 - 5:00pm,complete,N/A,Inter Milan,Juventus,Marco Guida,N/A,2.25,2.33,2.36,1.71,4,4,8,5,3,2,"15,35,37,53","20,26,71,82",13,5,2,0,2,0,0,2,0,2,19,11,10,6,4,3,11,16,47,53,1.46,1.26,1.87,1.21,2.75,25,84,71,25,13,54,67,42,84,12.25,2.25,1.81,2.99,4.51,1.40,2.08,4.00,8.00,2.00,1.75,N/A
1730058300,Oct 27 2024 - 7:45pm,complete,N/A,Fiorentina,Roma,Simone Sozza,9,2.00,1.00,2.00,1.29,5,1,6,4,3,1,"9,17,41,52,71","39",6,2,2,0,4,1,0,2,1,4,22,15,11,6,8,1,13,11,39,61,1.56,1.34,2.26,1.22,1.75,63,63,38,13,0,13,50,38,63,8.00,3.50,2.60,3.32,2.79,1.33,1.91,3.60,7.00,1.80,1.95,Stadio Artemio Franchi (Firenze)
1730223000,Oct 29 2024 - 5:30pm,complete,N/A,Cagliari,Bologna,Francesco Fourneau,10,1.00,1.25,1.07,1.50,0,2,2,1,0,1,"","35,51",7,2,2,0,2,0,1,1,0,2,15,12,3,5,7,4,17,18,42,58,1.35,1.36,1.08,1.17,3.05,58,90,70,45,10,23,90,58,90,11.45,2.65,2.95,3.40,2.40,1.38,2.15,4.00,8.00,1.91,1.91,Unipol Domus (Cagliari)
1730223000,Oct 29 2024 - 5:30pm,complete,N/A,Lecce,Hellas Verona,Maurizio Mariani,N/A,1.00,0.75,1.00,1.07,1,0,1,0,0,0,"51","",3,4,1,0,2,2,1,0,2,2,15,8,7,2,4,4,14,21,58,42,1.25,0.85,1.43,0.77,4.00,50,88,75,63,38,50,88,63,75,6.25,6.25,2.15,3.40,3.50,1.38,2.10,4.00,8.00,1.95,1.80,N/A
1730231100,Oct 29 2024 - 7:45pm,complete,N/A,AC Milan,Napoli,Andrea Colombo,10,2.50,1.75,1.80,1.93,0,2,2,2,0,2,"","5,43",5,1,0,0,1,0,0,0,0,1,15,10,6,5,6,4,14,6,61,39,1.71,1.08,1.62,1.10,2.50,13,63,63,38,0,25,63,38,50,11.50,3.75,2.40,3.55,2.85,1.26,1.70,3.00,5.50,1.62,2.20,Stadio Giuseppe Meazza (Milano)
1730309400,Oct 30 2024 - 5:30pm,complete,N/A,Empoli,Inter Milan,Matteo Marchetti,10,0.75,2.00,0.57,2.07,0,3,3,0,0,0,"","50,67,79",1,4,1,1,1,0,2,0,0,1,7,16,2,6,1,6,12,13,22,78,0.91,1.62,0.48,1.84,1.63,38,38,25,25,13,25,25,38,63,9.50,2.50,7.17,4.57,1.46,1.22,1.70,2.85,5.00,1.95,1.80,Stadio Carlo Castellani – Computer Gross Arena (Empoli)
1730309400,Oct 30 2024 - 5:30pm,complete,N/A,Venezia,Udinese,Davide Massa,N/A,1.00,1.00,1.00,1.21,3,2,5,3,1,2,"41,56,86","19,25",2,6,3,0,4,1,1,2,2,3,19,17,8,6,5,8,9,13,57,43,1.33,1.23,1.78,1.57,2.21,25,71,25,13,13,13,54,54,88,6.67,4.67,2.81,3.23,2.65,1.36,2.08,3.75,7.50,1.91,1.91,N/A
1730317500,Oct 30 2024 - 7:45pm,complete,N/A,Atalanta,Monza,Marco Piccinini,10,2.25,1.25,1.79,0.50,2,0,2,0,0,0,"70,88","",5,1,2,0,3,0,0,2,0,3,17,5,7,4,3,1,14,11,54,46,1.88,0.72,1.71,0.75,4.00,63,88,75,63,50,50,88,38,63,7.75,3.25,1.39,5.10,7.83,1.20,1.62,2.38,4.50,1.95,1.80,Gewiss Stadium (Bergamo)
1730317500,Oct 30 2024 - 7:45pm,complete,N/A,Juventus,Parma,Luca Zufferli,N/A,1.80,0.75,1.87,0.64,2,2,4,3,1,2,"31,49","3,38",10,6,2,0,0,0,0,2,0,0,27,14,7,6,10,3,7,5,61,39,1.44,1.41,2.03,1.25,1.73,48,58,35,13,0,23,58,25,55,12.10,5.30,1.48,4.48,6.85,1.28,1.80,3.20,6.00,2.00,1.75,N/A
1730395800,Oct 31 2024 - 5:30pm,complete,N/A,Genoa,Fiorentina,Daniele Chiffi,10,0.60,1.25,1.27,1.29,0,1,1,0,0,0,"","72",4,4,4,0,2,0,1,3,2,0,11,6,5,5,6,1,11,9,43,57,1.23,1.48,1.34,1.12,3.13,55,88,55,45,25,35,68,53,75,7.30,4.35,3.45,3.50,2.06,1.33,2.08,3.75,7.50,1.95,1.80,Stadio Comunale Luigi Ferraris (Genova)
1730403900,Oct 31 2024 - 7:45pm,complete,N/A,Como,Lazio,Luca Pairetto,10,1.67,0.75,1.36,1.67,1,5,6,2,0,2,"53","28,31,71,81,90'5",3,5,1,1,4,1,1,1,2,3,15,15,3,8,7,4,14,18,51,49,1.62,1.45,1.13,1.63,3.34,88,88,71,46,29,17,88,71,84,12.92,4.67,2.75,3.40,2.45,1.33,2.00,3.60,7.00,1.75,2.00,Stadio Giuseppe Sinigaglia (Como)
1730403900,Oct 31 2024 - 7:45pm,complete,N/A,Roma,Torino,Michael Fabbri,10,1.50,1.40,2.07,1.20,1,0,1,1,1,0,"20","",3,5,2,0,2,0,0,2,0,2,5,4,3,3,2,1,10,13,55,45,1.81,1.19,0.92,0.64,3.25,65,78,78,40,30,30,78,78,100,9.35,4.45,1.70,3.85,4.60,1.33,2.02,3.60,7.00,1.95,1.80,Stadio Olimpico (Roma)
1730556000,Nov 02 2024 - 2:00pm,complete,N/A,Bologna,Lecce,Giuseppe Collu,11,1.00,0.20,2.13,0.73,1,0,1,0,0,0,"85","",9,1,2,0,2,0,0,2,0,2,21,8,5,2,10,4,9,14,72,28,1.42,1.36,1.89,0.69,1.45,38,58,10,0,0,23,33,25,55,12.50,3.50,1.75,3.65,4.43,1.38,2.13,3.75,7.50,2.10,1.67,Stadio Renato Dall'Ara (Bologna)
1730566800,Nov 02 2024 - 5:00pm,complete,N/A,Udinese,Juventus,Rosario Abisso,11,2.40,2.00,1.53,1.71,0,2,2,2,0,2,"","19,37",10,3,2,0,2,0,0,2,0,2,12,12,3,6,3,3,12,14,38,62,1.16,1.25,0.87,1.22,2.95,33,68,58,23,23,35,65,45,78,8.65,3.65,3.98,3.01,1.94,1.45,2.47,4.50,9.00,2.05,1.70,Bluenergy Stadium (Udine)
1730576700,Nov 02 2024 - 7:45pm,complete,N/A,Monza,AC Milan,Ermanno Feliciani,11,0.60,1.00,0.53,1.43,0,1,1,1,0,1,"","43",3,5,2,0,1,0,0,2,0,1,13,19,3,8,7,6,18,15,44,56,0.94,1.60,1.08,1.71,2.83,90,90,70,23,0,33,80,58,80,9.45,5.35,4.10,3.65,1.72,1.25,1.76,2.90,5.50,1.75,2.00,U-Power Stadium (Monza)
1730633400,Nov 03 2024 - 11:30am,complete,N/A,Napoli,Atalanta,Daniele Doveri,11,3.00,1.40,2.29,2.20,0,3,3,2,0,2,"","10,31,90'2",4,3,1,0,3,0,0,1,0,3,15,13,4,4,5,7,10,8,50,50,1.61,1.81,1.17,1.32,2.80,40,90,60,30,0,50,80,60,90,12.20,4.20,2.10,3.75,3.10,1.25,1.77,2.75,5.00,1.62,2.20,Stadio Diego Armando Maradona (Napoli)
1730642400,Nov 03 2024 - 2:00pm,complete,N/A,Torino,Fiorentina,Federico La Penna,11,1.75,1.60,1.43,1.29,0,1,1,1,0,1,"","41",1,3,2,0,1,0,0,2,0,1,10,9,2,4,7,3,16,12,53,47,1.14,1.41,1.00,1.00,2.53,45,55,45,33,33,33,55,23,68,6.90,4.85,2.60,3.50,2.60,1.33,2.00,3.50,7.00,1.80,1.95,Stadio Olimpico Grande Torino (Torino)
1730653200,Nov 03 2024 - 5:00pm,complete,N/A,Hellas Verona,Roma,Matteo Marcenaro,N/A,1.20,0.80,0.93,1.29,3,2,5,3,2,1,"13,34,88","28,53",2,2,2,1,2,0,0,3,1,1,8,15,4,4,2,6,16,11,34,66,1.19,1.32,0.89,1.26,2.70,50,80,60,20,20,40,60,50,80,9.80,5.60,4.08,3.71,2.00,1.30,2.02,3.30,6.25,1.80,1.95,N/A
1730663100,Nov 03 2024 - 7:45pm,complete,N/A,Inter Milan,Venezia,N/A,11,2.00,0.33,2.36,0.40,1,0,1,0,0,0,"65","",9,3,2,0,1,0,1,1,0,1,22,9,9,4,6,3,14,15,57,43,1.54,1.05,2.02,0.94,3.70,64,92,82,55,20,74,92,39,75,12.37,3.23,1.18,8.55,19.00,1.12,1.40,2.21,3.50,2.10,1.67,Stadio Giuseppe Meazza (Milano)
1730741400,Nov 04 2024 - 5:30pm,complete,N/A,Empoli,Como,Marco Di Bello,11,0.60,0.67,0.57,0.67,1,0,1,0,0,0,"47","",3,6,1,0,0,0,0,1,0,0,10,13,5,3,4,6,17,9,41,59,0.82,1.31,1.18,1.12,1.74,25,44,35,17,9,17,42,27,62,7.20,3.37,2.74,3.13,2.67,1.42,2.10,4.33,9.00,1.91,1.91,Stadio Carlo Castellani – Computer Gross Arena (Empoli)
1730741400,Nov 04 2024 - 5:30pm,complete,N/A,Parma,Genoa,Marco Guida,N/A,1.00,0.75,1.07,1.14,0,1,1,0,0,0,"","79",3,7,2,0,5,0,2,0,1,4,14,16,0,8,10,7,5,18,55,45,1.36,0.73,0.92,1.79,3.20,63,88,55,33,33,10,88,68,88,8.45,4.15,1.97,3.48,3.73,1.28,1.81,3.20,6.00,1.70,2.05,N/A
1730749500,Nov 04 2024 - 7:45pm,complete,N/A,Lazio,Cagliari,Giovanni Ayroldi,11,2.60,1.00,1.86,0.71,2,1,3,2,1,1,"2,76","41",2,3,3,0,6,2,1,2,3,5,21,7,6,2,10,1,12,17,54,46,1.55,0.98,1.73,0.53,2.95,65,88,63,33,13,30,100,33,78,11.40,4.90,1.54,4.20,5.57,1.25,1.75,3.00,5.50,1.95,1.80,Stadio Olimpico (Roma)
1731008700,Nov 07 2024 - 7:45pm,complete,N/A,Genoa,Como,Antonio Rapuano,12,0.50,0.57,1.27,0.67,1,1,2,1,0,1,"90'2","17",8,5,4,0,3,0,1,3,0,3,10,19,5,9,4,5,17,15,42,58,1.25,1.28,1.20,1.81,2.55,47,70,47,31,7,23,61,48,93,6.43,3.86,3.03,3.21,2.31,1.44,1.99,4.50,9.50,1.98,1.80,Stadio Comunale Luigi Ferraris (Genova)
1731095100,Nov 08 2024 - 7:45pm,complete,N/A,Lecce,Empoli,Juan Luca Sacchi,12,1.40,1.60,1.00,0.93,1,1,2,1,0,1,"77","33",4,3,0,0,3,0,0,0,1,2,20,12,5,7,13,2,7,24,59,41,1.28,0.88,1.92,1.24,2.80,50,80,50,30,10,40,90,40,80,7.20,5.80,2.18,3.20,3.68,1.48,2.30,4.75,10.00,2.05,1.75,Stadio Ettore Giardiniero - Via del Mare (Lecce)
1731160800,Nov 09 2024 - 2:00pm,complete,N/A,Venezia,Parma,Daniele Chiffi,12,1.50,0.80,1.00,0.64,1,2,3,2,1,1,"5","17,68",6,6,1,0,2,0,0,1,0,2,13,11,7,4,4,4,9,10,67,33,1.44,1.37,1.63,0.97,2.55,53,78,43,33,13,33,65,45,80,8.90,4.00,2.45,3.40,2.63,1.22,1.60,2.70,4.75,1.55,2.40,Stadio Pier Luigi Penzo (Venezia)
1731171600,Nov 09 2024 - 5:00pm,complete,N/A,Cagliari,AC Milan,Michael Fabbri,N/A,0.83,1.40,1.07,1.43,3,3,6,3,1,2,"2,53,89","15,40,69",6,3,0,0,2,0,0,0,0,2,17,14,8,7,5,5,7,11,45,55,1.30,1.62,1.68,1.50,2.65,57,82,57,27,9,19,92,47,82,13.17,3.90,4.45,4.04,1.84,1.20,1.66,2.65,4.75,1.66,2.20,N/A
1731181500,Nov 09 2024 - 7:45pm,complete,N/A,Juventus,Torino,Simone Sozza,12,1.67,1.17,1.87,1.20,2,0,2,1,1,0,"18,84","",5,5,1,0,3,0,0,1,0,3,14,7,5,2,3,2,7,14,55,45,1.54,1.10,1.10,0.62,2.59,50,59,50,42,25,42,67,34,75,11.00,5.67,1.68,4.00,5.90,1.40,2.05,4.33,8.50,2.25,1.63,Allianz Stadium (Torino)
1731238200,Nov 10 2024 - 11:30am,complete,N/A,Atalanta,Udinese,Marco Di Bello,12,2.40,0.80,1.79,1.21,2,1,3,1,0,1,"56,60","45'3",4,5,1,0,1,0,0,1,0,1,11,12,4,7,4,3,10,12,54,46,1.85,1.30,1.16,1.51,4.10,70,90,70,60,60,40,80,70,80,9.20,4.60,1.67,3.08,5.39,1.20,1.65,2.65,4.75,1.95,1.80,Gewiss Stadium (Bergamo)
1731247200,Nov 10 2024 - 2:00pm,complete,N/A,Fiorentina,Hellas Verona,Luca Zufferli,12,2.20,0.60,2.00,1.07,3,1,4,2,1,1,"4,59,90'2","18",8,3,1,0,2,0,0,1,1,1,13,9,7,3,5,3,1,19,61,39,1.70,0.84,1.61,0.82,3.40,70,80,70,40,30,40,70,50,80,7.40,5.80,1.71,6.76,2.66,1.25,1.75,3.00,5.50,1.95,1.80,Stadio Artemio Franchi (Firenze)
1731247200,Nov 10 2024 - 2:00pm,complete,N/A,Roma,Bologna,Gianluca Manganiello,N/A,1.80,1.60,2.07,1.50,2,3,5,1,0,1,"63,82","25,66,77",4,3,2,0,3,0,0,2,1,2,16,16,6,5,5,3,16,21,54,46,1.63,1.32,1.36,1.05,2.70,50,80,70,20,0,10,90,60,90,8.20,2.80,2.74,5.96,1.73,1.38,2.20,4.00,8.00,1.95,1.80,N/A
1731258000,Nov 10 2024 - 5:00pm,complete,N/A,Monza,Lazio,Andrea Colombo,12,0.50,1.20,0.53,1.67,0,1,1,1,0,1,"","36",6,6,5,0,1,0,2,3,0,1,13,15,3,7,7,7,13,10,51,49,0.96,1.48,1.20,1.65,2.89,74,74,57,29,20,27,74,57,75,9.17,5.90,4.28,3.60,1.84,1.40,2.09,4.00,8.50,2.00,1.75,U-Power Stadium (Monza)
1731267900,Nov 10 2024 - 7:45pm,complete,N/A,Inter Milan,Napoli,Maurizio Mariani,12,2.17,2.00,2.36,1.93,1,1,2,2,1,1,"43","23",4,2,1,0,0,0,0,1,0,0,14,6,5,3,4,2,15,12,53,47,1.62,1.08,1.28,0.69,2.92,25,72,54,35,17,44,62,45,80,13.17,2.70,1.80,3.75,4.33,1.30,1.87,3.30,6.50,1.80,1.95,Stadio Giuseppe Meazza (Milano)
1732370400,Nov 23 2024 - 2:00pm,complete,N/A,Hellas Verona,Inter Milan,Andrea Colombo,13,1.50,2.20,0.93,2.07,0,5,5,5,0,5,"","17,22,25,31,41",4,2,2,0,1,0,1,1,0,1,10,13,3,8,2,5,14,5,31,69,1.14,1.66,0.73,1.66,3.34,55,90,80,37,27,54,62,74,100,10.07,5.10,6.90,4.25,1.37,1.18,1.55,2.45,4.33,1.80,1.95,Stadio Marcantonio Bentegodi (Verona)
1732381200,Nov 23 2024 - 5:00pm,complete,N/A,AC Milan,Juventus,Daniele Chiffi,13,2.00,2.20,1.80,1.71,0,0,0,0,0,0,"","",2,4,3,0,2,0,1,2,1,1,7,8,2,3,4,2,9,12,44,56,1.69,1.24,0.88,0.78,3.00,20,80,60,30,10,60,80,30,40,10.40,3.40,2.33,3.15,3.40,1.36,1.96,3.75,7.50,1.80,1.95,Stadio Giuseppe Meazza (Milano)
1732391100,Nov 23 2024 - 7:45pm,complete,N/A,Parma,Atalanta,Gianluca Manganiello,13,0.83,1.67,1.07,2.20,1,3,4,2,0,2,"49","4,39,75",2,5,0,0,2,0,0,0,0,2,10,16,4,7,3,5,6,8,45,55,1.29,1.73,0.95,1.62,3.00,58,92,59,33,17,42,83,50,100,9.83,4.83,4.01,3.82,1.62,1.18,1.51,2.20,4.00,1.57,2.25,Stadio Ennio Tardini (Parma)
1732447800,Nov 24 2024 - 11:30am,complete,N/A,Genoa,Cagliari,Simone Sozza,13,0.57,0.80,1.27,0.71,2,2,4,2,1,1,"12,59","8,88",6,8,2,0,2,0,0,2,0,2,21,19,7,7,8,8,11,7,52,48,1.24,0.89,1.72,1.75,2.59,59,83,42,25,10,17,79,39,90,8.31,5.89,2.53,3.20,2.70,1.40,2.10,4.00,8.00,1.91,1.91,Stadio Comunale Luigi Ferraris (Genova)
1732456800,Nov 24 2024 - 2:00pm,complete,N/A,Como,Fiorentina,Matteo Marchetti,13,1.25,1.83,1.36,1.29,0,2,2,1,0,1,"","19,68",3,4,2,1,1,0,1,2,0,1,11,9,5,5,6,4,11,15,57,43,1.50,1.34,1.40,1.12,3.38,67,75,54,54,42,42,84,46,63,9.92,4.08,2.69,3.40,2.33,1.38,2.10,3.75,7.50,1.80,1.95,Stadio Giuseppe Sinigaglia (Como)
1732456800,Nov 24 2024 - 2:00pm,complete,N/A,Torino,Monza,Rosario Abisso,N/A,1.40,1.00,1.43,0.50,1,1,2,0,0,0,"59","63",7,3,1,0,2,0,1,0,0,2,13,10,6,7,2,3,17,13,55,45,1.11,0.73,1.25,1.33,2.10,30,60,40,20,10,30,60,30,60,4.80,4.80,1.98,3.20,3.80,1.55,2.67,5.50,12.00,2.25,1.57,Stadio Olimpico Grande Torino (Torino)
1732467600,Nov 24 2024 - 5:00pm,complete,N/A,Napoli,Roma,Davide Massa,13,2.50,0.67,2.29,1.29,1,0,1,0,0,0,"54","",8,2,0,0,3,0,0,0,1,2,15,8,3,2,9,4,8,9,63,37,1.54,1.31,1.31,0.77,2.59,50,75,50,25,17,42,67,50,75,9.50,3.84,1.65,3.43,4.34,1.33,1.95,3.60,7.00,1.95,1.80,Stadio Diego Armando Maradona (Napoli)
1732477500,Nov 24 2024 - 7:45pm,complete,N/A,Lazio,Bologna,Antonio Rapuano,13,2.67,1.83,1.86,1.50,3,0,3,0,0,0,"68,72,90'2","",3,0,3,0,2,1,0,3,2,1,14,4,5,2,5,2,14,14,70,30,1.58,1.28,1.44,0.55,3.42,75,100,92,42,9,42,100,50,92,9.34,4.17,1.85,3.15,3.69,1.36,2.07,3.75,7.50,1.95,1.80,Stadio Olimpico (Roma)
1732555800,Nov 25 2024 - 5:30pm,complete,N/A,Empoli,Udinese,Livio Marinelli,13,1.00,0.67,0.57,1.21,1,1,2,1,1,0,"23","76",1,8,3,0,2,0,1,2,2,0,5,18,3,4,2,14,8,14,30,70,0.88,1.33,0.63,1.86,2.00,34,50,42,17,17,17,42,50,67,8.50,4.34,2.50,2.85,3.10,1.55,2.70,5.00,11.00,2.20,1.62,Stadio Carlo Castellani – Computer Gross Arena (Empoli)
1732563900,Nov 25 2024 - 7:45pm,complete,N/A,Venezia,Lecce,Luca Pairetto,13,1.20,0.17,1.00,0.73,0,1,1,0,0,0,"","70",6,2,1,0,4,0,0,1,2,2,18,8,7,3,8,4,12,16,61,39,1.48,1.25,1.90,0.82,1.97,20,57,29,10,10,29,47,20,84,7.53,3.80,2.15,3.30,3.30,1.33,2.00,3.60,7.00,1.80,1.95,Stadio Pier Luigi Penzo (Venezia)
1732909500,Nov 29 2024 - 7:45pm,complete,N/A,Cagliari,Hellas Verona,Maurizio Mariani,14,0.86,0.50,1.07,1.07,1,0,1,0,0,0,"75","",7,1,1,0,2,0,1,0,0,2,21,12,7,3,8,6,10,12,64,36,1.36,0.83,1.85,1.05,3.34,55,85,55,47,31,40,77,47,85,9.83,4.79,2.03,3.25,3.35,1.30,1.66,3.30,6.50,1.70,2.05,Unipol Domus (Cagliari)
1732975200,Nov 30 2024 - 2:00pm,complete,N/A,Como,Monza,Juan Luca Sacchi,14,1.00,1.00,1.36,0.50,1,1,2,1,1,0,"36","54",11,4,3,0,0,0,1,2,0,0,18,10,4,4,7,6,16,11,54,46,1.48,0.83,1.24,1.15,2.99,57,92,47,39,20,37,75,55,74,7.87,4.70,2.10,3.30,3.60,1.38,1.95,4.00,8.00,1.95,1.80,Stadio Giuseppe Sinigaglia (Como)
1732986000,Nov 30 2024 - 5:00pm,complete,N/A,AC Milan,Empoli,Federico Dionisi,14,1.83,1.50,1.80,0.93,3,0,3,2,2,0,"19,44,69","",7,3,2,0,2,0,1,1,1,1,21,10,5,0,5,6,12,16,56,44,1.55,0.94,1.33,0.58,2.33,50,84,42,17,0,42,92,17,50,9.17,5.50,1.34,4.30,6.95,1.22,1.70,2.85,5.00,2.00,1.75,Stadio Giuseppe Meazza (Milano)
1732995900,Nov 30 2024 - 7:45pm,complete,N/A,Bologna,Venezia,Luca Massimi,14,1.40,0.29,2.13,0.40,3,0,3,1,1,0,"21,69,71","",1,0,0,0,2,0,0,0,2,0,17,6,10,2,5,2,14,15,61,39,1.52,1.03,2.09,0.58,2.06,59,66,36,22,0,39,46,27,59,10.94,3.31,1.52,3.62,5.13,1.30,2.00,3.30,6.50,1.95,1.80,Stadio Renato Dall'Ara (Bologna)
1733052600,Dec 01 2024 - 11:30am,complete,N/A,Udinese,Genoa,Gianluca Aureliano,14,2.00,1.20,1.53,1.14,0,2,2,1,0,1,"","13,67",6,4,2,1,3,0,1,2,2,1,5,15,3,5,0,5,13,11,46,54,1.11,0.94,0.68,1.36,2.47,27,64,37,19,19,17,72,47,74,9.33,4.73,1.84,3.41,4.38,1.40,1.95,4.20,8.50,1.95,1.80,Bluenergy Stadium (Udine)
1733061600,Dec 01 2024 - 2:00pm,complete,N/A,Parma,Lazio,Luca Zufferli,14,0.71,1.50,1.07,1.67,3,1,4,1,1,0,"6,53,90'1","80",4,10,4,0,3,0,2,2,2,1,13,24,5,9,6,9,17,13,28,72,1.24,1.51,1.26,2.30,3.16,77,77,62,38,31,23,85,62,92,10.43,5.00,3.66,3.66,1.93,1.15,1.55,2.37,4.33,1.62,2.20,Stadio Ennio Tardini (Parma)
1733061600,Dec 01 2024 - 2:00pm,complete,N/A,Torino,Napoli,Michael Fabbri,14,1.33,1.83,1.43,1.93,0,1,1,1,0,1,"","31",4,7,4,0,1,0,2,2,0,1,6,17,2,7,2,6,15,9,48,52,1.14,1.02,0.66,1.60,2.00,34,59,33,17,9,25,50,33,59,6.67,3.00,4.09,3.42,1.90,1.39,2.05,4.25,8.30,2.05,1.70,Stadio Olimpico Grande Torino (Torino)
1733082300,Dec 01 2024 - 7:45pm,complete,N/A,Lecce,Juventus,Antonio Rapuano,14,1.33,2.00,1.00,1.71,1,1,2,0,0,0,"90'3","68",2,7,1,0,4,0,1,0,1,3,11,15,7,4,2,2,8,9,38,62,1.39,1.17,1.34,0.98,2.84,25,67,50,34,17,42,67,42,67,7.67,3.50,5.00,3.50,1.73,1.42,2.15,4.33,9.50,2.10,1.67,Stadio Ettore Giardiniero - Via del Mare (Lecce)
1733168700,Dec 02 2024 - 7:45pm,complete,N/A,Roma,Atalanta,Marco Guida,14,1.50,1.86,2.07,2.20,0,2,2,0,0,0,"","69,89",2,4,2,0,3,0,0,2,0,3,7,19,3,8,4,9,17,13,48,52,1.59,1.72,0.84,1.94,2.91,47,84,69,30,9,36,85,62,92,9.33,3.93,2.90,3.25,2.40,1.28,1.88,3.20,6.00,1.67,2.10,Stadio Olimpico (Roma)
1733506200,Dec 06 2024 - 5:30pm,complete,N/A,Inter Milan,Parma,Rosario Abisso,15,2.00,1.17,2.36,0.64,3,1,4,1,1,0,"40,53,66","81",10,1,1,0,1,0,0,1,1,0,19,5,6,2,7,3,8,4,57,43,1.57,1.31,1.56,0.62,3.12,70,85,62,38,15,61,85,38,77,14.76,3.43,1.20,7.20,12.00,1.10,1.36,2.12,3.00,1.91,1.91,Stadio Giuseppe Meazza (Milano)
1733514300,Dec 06 2024 - 7:45pm,complete,N/A,Atalanta,AC Milan,Federico La Penna,15,2.50,1.33,1.79,1.43,2,1,3,2,1,1,"12,87","22",7,0,2,0,0,0,0,2,0,0,18,7,9,3,4,3,14,13,52,48,1.73,1.60,1.90,0.78,4.00,83,92,83,50,42,33,92,67,83,10.17,3.33,2.21,3.60,3.10,1.22,1.70,1.92,5.00,1.57,2.25,Gewiss Stadium (Bergamo)
1733580000,Dec 07 2024 - 2:00pm,complete,32363,Genoa,Torino,Livio Marinelli,15,0.63,1.00,1.27,1.20,0,0,0,0,0,0,"","",4,4,2,0,1,0,1,1,0,1,8,12,2,4,4,4,12,15,52,48,1.30,1.03,0.76,1.19,3.02,60,80,54,48,22,34,75,60,93,8.71,5.25,2.70,3.00,2.70,1.48,2.45,4.75,10.00,2.00,1.75,Stadio Comunale Luigi Ferraris (Genova)
1733590800,Dec 07 2024 - 5:00pm,complete,N/A,Juventus,Bologna,Matteo Marchetti,15,1.86,1.57,1.87,1.50,2,2,4,1,0,1,"62,90'2","30,52",1,4,3,0,4,0,1,2,1,3,11,11,4,5,3,4,18,14,54,46,1.47,1.17,0.95,1.18,2.57,43,79,58,29,7,22,72,36,86,9.28,4.29,1.77,3.69,5.30,1.42,2.30,4.33,9.50,2.10,1.67,Allianz Stadium (Torino)
1733600700,Dec 07 2024 - 7:45pm,complete,N/A,Roma,Lecce,Daniele Chiffi,15,1.29,0.57,2.07,0.73,4,1,5,2,1,1,"13,59,66,86","40",8,1,2,0,3,0,1,1,0,3,24,4,10,2,5,2,5,14,60,40,1.48,1.19,1.96,0.59,1.93,22,50,36,7,7,7,50,36,79,8.00,3.86,1.59,4.20,6.30,1.33,2.01,3.60,7.00,2.05,1.70,Stadio Olimpico (Roma)
1733657400,Dec 08 2024 - 11:30am,complete,19851,Fiorentina,Cagliari,Marco Piccinini,15,2.33,0.83,2.00,0.71,1,0,1,1,1,0,"24","",6,4,3,0,2,0,1,2,1,1,10,9,4,2,4,3,9,20,49,51,1.69,1.03,1.09,0.74,3.08,75,83,67,42,17,42,92,50,83,10.34,5.16,1.38,4.15,5.90,1.20,1.61,2.70,5.00,1.80,1.95,Stadio Artemio Franchi (Firenze)
1733666400,Dec 08 2024 - 2:00pm,complete,23949,Hellas Verona,Empoli,Marco Di Bello,15,1.29,1.29,0.93,0.93,1,4,5,5,1,4,"35","16,19,32,42",5,8,2,0,2,0,2,0,0,2,13,17,4,6,8,8,15,16,51,49,1.08,0.89,1.35,1.46,3.15,57,100,72,22,22,57,93,36,86,8.86,6.43,2.28,2.88,2.88,1.45,2.35,4.50,9.50,1.95,1.80,Stadio Marcantonio Bentegodi (Verona)
1733677200,Dec 08 2024 - 5:00pm,complete,8026,Venezia,Como,Daniele Doveri,15,1.00,0.63,1.00,0.67,2,2,4,1,1,0,"16,69","49,56",5,9,1,0,1,0,1,0,0,1,10,11,6,5,1,4,12,10,34,66,1.55,1.35,1.06,1.34,2.36,42,65,36,21,15,29,63,29,94,7.30,3.67,2.73,3.38,2.57,1.30,1.85,3.30,6.50,1.67,2.10,Stadio Pier Luigi Penzo (Venezia)
1733687100,Dec 08 2024 - 7:45pm,complete,N/A,Napoli,Lazio,Andrea Colombo,15,2.57,1.29,2.29,1.67,0,1,1,0,0,0,"","79",6,2,2,0,3,0,0,2,2,1,13,8,2,4,11,4,16,12,57,43,1.50,1.62,1.33,0.89,2.86,50,71,64,29,15,29,79,57,86,13.14,4.43,1.87,3.55,4.25,1.36,2.05,3.75,7.50,1.95,1.80,Stadio Diego Armando Maradona (Napoli)
1733773500,Dec 09 2024 - 7:45pm,complete,N/A,Monza,Udinese,Gianluca Manganiello,15,0.43,0.71,0.53,1.21,1,2,3,1,0,1,"47","6,70",10,1,1,0,2,0,0,1,0,2,29,11,6,4,11,5,12,16,67,33,1.00,1.41,2.17,0.99,2.50,64,72,43,22,15,29,79,50,65,8.57,5.86,2.38,3.25,3.00,1.47,2.05,4.75,10.00,2.00,1.75,U-Power Stadium (Monza)
1734119100,Dec 13 2024 - 7:45pm,complete,N/A,Empoli,Torino,N/A,16,1.00,1.00,0.57,1.20,0,1,1,0,0,0,"","70",12,3,2,0,3,0,0,2,2,1,11,15,5,5,3,8,7,15,59,41,0.84,1.05,1.15,1.38,1.94,32,46,32,25,19,19,45,32,66,8.20,4.18,2.62,3.00,2.90,1.55,2.82,5.50,13.00,2.25,1.57,Stadio Carlo Castellani – Computer Gross Arena (Empoli)
1734184800,Dec 14 2024 - 2:00pm,complete,N/A,Cagliari,Atalanta,Luca Pairetto,16,1.13,2.00,1.07,2.20,0,1,1,0,0,0,"","66",2,5,3,0,3,0,1,2,0,3,13,13,8,3,5,10,16,11,44,56,1.42,1.74,1.77,1.41,2.88,38,88,51,38,13,44,75,51,94,11.88,3.75,5.00,4.20,1.60,1.19,1.57,2.55,4.50,1.67,2.10,Unipol Domus (Cagliari)
1734195600,Dec 14 2024 - 5:00pm,complete,N/A,Udinese,Napoli,Daniele Doveri,16,1.71,2.00,1.53,1.93,1,3,4,1,1,0,"22","50,76,81",3,9,1,0,1,0,1,0,0,1,8,18,4,5,4,13,14,8,30,70,1.05,1.10,0.91,2.01,2.08,22,64,29,14,7,29,72,29,57,9.57,3.57,4.55,3.20,1.82,1.40,2.15,4.20,8.50,2.05,1.70,Bluenergy Stadium (Udine)
1734205500,Dec 14 2024 - 7:45pm,complete,N/A,Juventus,Venezia,Antonio Giua,16,1.75,0.25,1.87,0.40,2,2,4,1,1,0,"19,90'5","61,83",7,4,1,0,3,0,0,1,0,3,13,9,5,3,6,2,9,8,69,31,1.41,0.98,1.47,0.71,2.38,44,69,57,32,0,38,69,19,69,8.25,4.25,1.38,4.30,8.10,1.28,1.90,3.20,6.00,2.20,1.62,Allianz Stadium (Torino)
1734262200,Dec 15 2024 - 11:30am,complete,N/A,Lecce,Monza,Maurizio Mariani,16,1.29,1.00,1.00,0.50,2,1,3,3,2,1,"3,44","37",2,7,1,0,5,0,1,0,3,2,12,10,5,0,5,8,16,16,45,55,1.38,0.87,1.21,0.87,2.50,43,79,36,29,7,29,64,50,79,6.29,4.00,2.33,3.00,3.00,1.47,2.30,4.75,10.00,2.00,1.75,Stadio Ettore Giardiniero - Via del Mare (Lecce)
1734271200,Dec 15 2024 - 2:00pm,complete,N/A,Bologna,Fiorentina,Michael Fabbri,16,1.67,2.00,2.13,1.29,1,0,1,0,0,0,"59","",1,3,2,0,2,0,1,1,1,1,17,11,7,5,6,2,16,10,51,49,1.61,1.31,1.56,1.00,2.05,40,62,23,15,15,23,52,32,62,10.81,3.47,2.50,3.10,2.60,1.38,2.10,3.75,8.00,1.80,1.95,Stadio Renato Dall'Ara (Bologna)
1734271200,Dec 15 2024 - 2:00pm,complete,N/A,Parma,Hellas Verona,Simone Sozza,N/A,1.00,0.43,1.07,1.07,2,3,5,2,1,1,"19,90","5,57,75",5,2,1,0,3,0,1,0,2,1,20,18,9,7,6,9,5,16,55,45,1.24,0.86,2.11,1.76,3.27,73,80,60,47,27,34,73,53,93,6.95,5.54,1.86,3.40,3.70,1.22,1.75,2.80,5.00,1.67,2.10,Stadio Ennio Tardini (Parma)
1734282000,Dec 15 2024 - 5:00pm,complete,N/A,Como,Roma,Antonio Rapuano,16,1.00,0.57,1.36,1.29,2,0,2,0,0,0,"90'3,90'7","",6,5,6,0,1,0,1,5,0,1,19,7,8,2,9,4,18,17,38,62,1.44,1.23,1.88,0.80,2.90,70,79,40,40,31,31,72,47,77,9.17,4.62,2.90,3.20,2.26,1.33,2.02,3.50,7.00,1.75,2.00,Stadio Giuseppe Sinigaglia (Como)
1734291900,Dec 15 2024 - 7:45pm,complete,N/A,AC Milan,Genoa,Marco Guida,16,2.00,1.50,1.80,1.14,0,0,0,0,0,0,"","",9,2,0,0,2,0,0,0,2,0,24,7,5,2,9,3,11,12,57,43,1.52,1.01,1.79,0.68,2.47,16,69,45,23,9,29,77,32,56,9.86,4.64,1.28,5.10,7.70,1.19,1.59,2.33,4.50,1.95,1.80,Stadio Giuseppe Meazza (Milano)
1734378300,Dec 16 2024 - 7:45pm,complete,58000,Lazio,Inter Milan,Daniele Chiffi,N/A,2.71,2.33,1.86,2.07,0,6,6,2,0,2,"","41,45,51,53,77,90",4,2,2,0,4,0,1,1,3,1,10,13,3,8,4,1,7,14,52,48,1.56,1.66,0.96,1.29,3.31,61,92,84,40,17,54,68,55,85,9.29,4.07,3.25,3.59,2.15,1.32,1.76,3.40,6.50,1.75,2.00,N/A
1734723900,Dec 20 2024 - 7:45pm,complete,N/A,Hellas Verona,AC Milan,Livio Marinelli,17,1.13,1.14,0.93,1.43,0,1,1,0,0,0,"","56",3,8,1,0,1,0,1,0,1,0,12,15,3,7,7,1,21,9,35,65,1.12,1.48,1.16,1.27,3.65,68,93,93,40,32,59,94,54,81,10.09,5.13,5.00,4.20,1.61,1.22,1.83,2.80,5.00,1.75,2.00,Stadio Marcantonio Bentegodi (Verona)
1734789600,Dec 21 2024 - 2:00pm,complete,N/A,Torino,Bologna,Marco Piccinini,17,1.14,1.50,1.43,1.50,0,2,2,0,0,0,"","71,80",4,0,0,0,2,0,0,0,0,2,7,9,0,6,3,2,11,17,42,58,1.07,1.17,0.51,1.18,2.68,53,72,59,32,14,14,73,52,79,6.39,4.42,3.13,2.90,2.53,1.54,2.40,5.00,11.00,2.10,1.67,Stadio Olimpico Grande Torino (Torino)
1734800400,Dec 21 2024 - 5:00pm,complete,N/A,Genoa,Napoli,Federico La Penna,N/A,0.67,2.13,1.27,1.93,1,2,3,2,0,2,"51","15,23",5,6,2,0,1,0,0,2,1,0,12,13,4,3,6,7,8,8,39,61,1.24,1.21,1.25,1.21,2.29,41,71,41,29,0,24,60,47,70,8.75,3.22,9.04,2.72,1.58,1.38,2.10,4.00,8.00,2.05,1.70,N/A
1734810300,Dec 21 2024 - 7:45pm,complete,N/A,Lecce,Lazio,Gianluca Manganiello,N/A,1.50,1.50,1.00,1.67,1,2,3,1,0,1,"50","45'3,87",6,6,3,1,1,0,1,3,0,1,12,14,3,8,4,3,13,12,40,60,1.36,1.53,0.90,1.79,2.94,57,69,57,38,19,26,75,57,82,9.25,4.75,8.20,2.48,1.70,1.35,2.19,3.75,7.50,1.95,1.80,Stadio Ettore Giardiniero - Via del Mare (Lecce)
1734867000,Dec 22 2024 - 11:30am,complete,N/A,Roma,Parma,Marco Di Bello,17,1.50,1.00,2.07,0.64,5,0,5,2,2,0,"8,13,51,74,83","",5,2,1,0,2,0,0,1,1,1,20,10,10,4,7,5,10,9,59,41,1.54,1.21,2.22,1.11,2.87,68,81,67,34,13,28,81,59,80,10.07,3.49,1.64,3.99,5.80,1.19,1.65,2.55,4.50,1.70,2.05,Stadio Olimpico (Roma)
1734876000,Dec 22 2024 - 2:00pm,complete,N/A,Venezia,Cagliari,Marco Guida,17,1.00,0.71,1.00,0.71,2,1,3,1,1,0,"38,67","76",4,8,1,0,2,0,0,1,0,2,13,15,7,8,4,6,7,11,32,68,1.48,0.99,1.39,1.90,2.57,50,71,43,29,14,29,79,36,86,8.86,4.71,2.40,3.36,3.12,1.30,1.84,3.25,6.50,1.67,2.10,Stadio Pier Luigi Penzo (Venezia)
1734886800,Dec 22 2024 - 5:00pm,complete,N/A,Atalanta,Empoli,Ermanno Feliciani,17,2.57,1.50,1.79,0.93,3,2,5,3,2,1,"34,45'1,86","13,57",6,3,1,0,1,0,1,0,0,1,17,8,8,4,6,2,11,15,65,35,1.76,0.96,1.92,0.81,3.59,81,100,68,35,35,47,93,35,81,9.00,4.14,1.28,6.20,11.00,1.22,1.60,2.80,5.00,2.10,1.67,Gewiss Stadium (Bergamo)
1734896700,Dec 22 2024 - 7:45pm,complete,N/A,Monza,Juventus,Davide Massa,17,0.38,1.86,0.53,1.71,1,2,3,3,1,2,"22","14,39",3,7,1,0,1,0,1,0,0,1,18,17,6,10,7,4,7,13,45,55,1.14,1.14,1.61,1.97,2.35,46,67,41,14,7,34,59,41,54,8.81,4.49,5.30,3.60,1.76,1.42,2.30,4.33,9.00,2.20,1.62,U-Power Stadium (Monza)
1734975000,Dec 23 2024 - 5:30pm,complete,N/A,Fiorentina,Udinese,Matteo Marcenaro,17,2.43,1.00,2.00,1.21,1,2,3,1,1,0,"8","49,57",10,2,2,0,5,0,1,1,1,4,16,12,4,5,7,6,10,14,51,49,1.60,1.36,1.33,1.31,3.00,73,80,67,34,20,34,87,66,80,9.79,4.88,1.60,3.95,5.75,1.28,1.92,3.20,6.00,1.91,1.91,Stadio Artemio Franchi (Firenze)
1734983100,Dec 23 2024 - 7:45pm,complete,N/A,Inter Milan,Como,Antonio Giua,N/A,2.13,0.67,2.36,0.67,2,0,2,0,0,0,"48,90'2","",7,1,2,0,2,0,1,1,0,2,18,9,6,5,6,2,13,15,63,37,1.57,1.35,1.55,1.03,3.10,60,78,54,42,18,43,83,42,89,12.85,3.27,1.22,6.00,11.00,1.16,1.53,2.30,4.00,2.05,1.70,Stadio Giuseppe Meazza (Milano)
1735394400,Dec 28 2024 - 2:00pm,complete,N/A,Empoli,Genoa,Antonio Rapuano,18,0.88,1.43,0.57,1.14,1,2,3,0,0,0,"74","46,68",7,4,1,0,2,0,0,1,0,2,13,15,9,6,3,5,16,13,59,41,0.88,0.97,1.69,1.37,1.57,14,41,21,7,7,0,35,28,67,8.34,3.93,2.40,2.90,3.20,1.50,2.50,5.00,11.00,2.10,1.67,Stadio Carlo Castellani – Computer Gross Arena (Empoli)
1735394400,Dec 28 2024 - 2:00pm,complete,27,Parma,Monza,Federico La Penna,18,0.89,0.88,1.07,0.50,2,1,3,0,0,0,"56,90'8","85",4,6,3,0,6,1,0,3,3,4,10,12,4,5,1,6,16,21,44,56,1.34,0.87,0.85,1.35,2.85,70,89,53,35,17,36,76,53,82,7.82,4.61,2.00,3.40,3.50,1.30,1.80,3.25,6.50,1.70,2.05,Stadio Ennio Tardini (Parma)
1735405200,Dec 28 2024 - 5:00pm,complete,N/A,Cagliari,Inter Milan,Daniele Doveri,18,1.00,2.43,1.07,2.07,0,3,3,0,0,0,"","53,71,78",5,7,0,0,0,0,0,0,0,0,6,21,2,6,2,9,14,5,35,65,1.46,1.61,0.59,1.75,3.14,38,77,52,45,33,40,62,52,88,10.15,3.30,6.00,4.60,1.44,1.19,1.60,2.30,4.50,1.75,2.00,Unipol Domus (Cagliari)
1735415100,Dec 28 2024 - 7:45pm,complete,N/A,Lazio,Atalanta,Davide Massa,18,2.38,2.11,1.86,2.20,1,1,2,1,1,0,"27","88",2,7,2,0,3,0,0,2,1,2,12,16,6,5,5,9,6,11,40,60,1.48,1.71,1.33,1.63,3.21,48,95,78,36,7,60,78,53,94,10.02,5.06,2.90,3.30,2.40,1.30,1.85,3.40,6.50,1.70,2.05,Stadio Olimpico (Roma)
1735471800,Dec 29 2024 - 11:30am,complete,N/A,Udinese,Torino,Francesco Fourneau,18,1.50,1.22,1.53,1.20,2,2,4,1,1,0,"41,49","53,64",4,3,1,0,0,0,0,1,0,0,11,13,4,7,5,5,17,12,44,56,1.03,1.09,1.09,1.52,2.59,41,66,41,35,23,29,78,41,77,9.57,5.16,2.16,3.01,3.58,1.48,2.45,4.75,10.00,2.05,1.70,Bluenergy Stadium (Udine)
1735480800,Dec 29 2024 - 2:00pm,complete,N/A,Napoli,Venezia,Matteo Marchetti,18,2.25,0.33,2.29,0.40,1,0,1,0,0,0,"79","",14,4,0,0,3,0,0,0,1,2,26,5,9,3,11,1,10,12,67,33,1.48,0.95,2.41,0.67,2.57,41,71,64,29,0,41,71,36,78,9.39,3.39,1.34,5.30,9.40,1.20,1.63,2.70,5.00,2.05,1.70,Stadio Diego Armando Maradona (Napoli)
1735491600,Dec 29 2024 - 5:00pm,complete,N/A,Juventus,Fiorentina,Maurizio Mariani,18,1.67,1.75,1.87,1.29,2,2,4,2,1,1,"20,48","38,87",7,2,3,0,1,0,0,3,0,1,16,12,6,5,7,3,14,9,62,38,1.42,1.27,1.65,1.11,2.24,35,59,35,29,13,24,65,18,71,9.67,4.46,1.84,3.60,4.10,1.38,2.12,4.00,8.00,1.95,1.80,Allianz Stadium (Torino)
1735501500,Dec 29 2024 - 7:45pm,complete,N/A,AC Milan,Roma,Michael Fabbri,18,1.88,0.50,1.80,1.29,1,1,2,2,1,1,"16","23",6,5,4,0,4,0,2,2,2,2,22,13,8,6,8,6,17,8,45,55,1.56,1.18,1.92,1.39,2.19,32,63,38,25,13,38,57,32,50,9.50,4.01,1.82,3.65,4.20,1.30,1.80,3.40,6.50,1.70,2.05,Stadio Giuseppe Meazza (Milano)
1735579800,Dec 30 2024 - 5:30pm,complete,N/A,Como,Lecce,Marco Piccinini,18,1.29,0.50,1.36,0.73,2,0,2,0,0,0,"49,80","",4,4,3,0,2,0,1,2,0,2,16,13,9,3,3,7,12,15,57,43,1.50,1.11,1.81,1.10,2.52,42,69,34,28,21,27,62,35,81,9.77,5.24,1.78,3.60,4.40,1.35,2.04,3.75,7.50,1.95,1.80,Stadio Giuseppe Sinigaglia (Como)
1735587900,Dec 30 2024 - 7:45pm,complete,N/A,Bologna,Hellas Verona,Giovanni Ayroldi,18,1.86,0.75,2.13,1.07,2,3,5,3,1,2,"20,58","38,45'2,88",11,5,2,1,5,0,0,3,1,4,25,9,9,4,6,3,9,24,67,33,1.61,0.98,2.05,0.87,2.54,53,66,39,25,19,32,46,47,80,8.36,4.68,1.49,4.50,6.00,1.30,1.98,3.40,6.50,2.05,1.70,Stadio Renato Dall'Ara (Bologna)
1735999200,Jan 04 2025 - 2:00pm,complete,N/A,Venezia,Empoli,Juan Luca Sacchi,19,1.25,1.33,1.00,0.93,1,1,2,2,1,1,"5","32",2,8,1,0,2,0,1,0,0,2,9,19,4,7,2,5,15,14,50,50,1.47,0.94,0.91,1.69,2.82,64,88,53,24,18,41,82,36,89,7.77,4.28,2.35,3.40,3.05,1.40,2.15,4.00,8.00,1.91,1.91,Stadio Pier Luigi Penzo (Venezia)
1736010000,Jan 04 2025 - 5:00pm,complete,N/A,Fiorentina,Napoli,Gianluca Manganiello,19,2.13,2.22,2.00,1.93,0,3,3,1,0,1,"","29,54,68",4,2,0,0,1,0,0,0,1,0,15,11,3,5,6,6,17,15,48,52,1.57,1.21,1.09,1.27,2.61,54,71,60,30,7,36,78,48,66,10.77,3.00,2.88,3.20,2.50,1.36,2.10,3.75,7.50,1.80,1.95,Stadio Artemio Franchi (Firenze)
1736019900,Jan 04 2025 - 7:45pm,complete,N/A,Hellas Verona,Udinese,Federico Dionisi,19,1.00,1.22,0.93,1.21,0,0,0,0,0,0,"","",7,3,2,1,2,0,1,2,1,1,14,16,4,7,6,7,14,16,37,63,1.12,1.35,1.11,1.71,3.34,61,89,78,33,33,45,84,61,84,9.33,6.00,3.00,2.90,2.60,1.36,2.05,3.75,7.50,1.80,1.95,Stadio Marcantonio Bentegodi (Verona)
1736076600,Jan 05 2025 - 11:30am,complete,N/A,Monza,Cagliari,Marco Di Bello,19,0.33,0.63,0.53,0.71,1,2,3,2,1,1,"6","22,56",1,3,2,1,2,0,1,2,1,1,7,14,3,5,4,5,16,19,53,47,1.19,1.10,0.99,1.29,2.43,65,71,47,18,7,29,89,36,60,9.60,5.44,2.40,3.30,3.00,1.33,2.00,3.50,7.00,1.75,2.00,U-Power Stadium (Monza)
1736085600,Jan 05 2025 - 2:00pm,complete,N/A,Lecce,Genoa,Livio Marinelli,19,1.33,1.63,1.00,1.14,0,0,0,0,0,0,"","",9,4,0,0,1,0,0,0,0,1,11,5,4,2,4,2,11,15,63,37,1.31,1.02,1.26,0.58,2.57,41,71,47,23,12,17,64,53,77,7.31,4.49,2.72,3.10,3.08,1.47,2.40,4.50,9.50,2.00,1.75,Stadio Ettore Giardiniero - Via del Mare (Lecce)
1736096400,Jan 05 2025 - 5:00pm,complete,N/A,Torino,Parma,Ermanno Feliciani,19,1.00,0.88,1.43,0.64,0,0,0,0,0,0,"","",8,7,2,0,1,0,1,1,1,0,13,11,5,4,3,6,9,9,62,38,1.00,1.20,1.36,1.14,2.51,57,69,50,32,13,32,69,44,69,8.38,3.88,1.90,3.50,4.12,1.33,1.90,3.50,7.00,1.80,1.95,Stadio Olimpico Grande Torino (Torino)
1736106300,Jan 05 2025 - 7:45pm,complete,N/A,Roma,Lazio,Marco Guida,19,1.67,1.67,2.07,1.67,2,0,2,2,2,0,"11,18","",3,10,4,0,5,1,1,3,3,3,8,17,6,7,1,3,12,19,33,67,1.62,1.56,0.92,1.62,3.06,56,73,67,33,28,17,78,73,89,10.56,4.34,2.50,3.20,2.92,1.33,1.90,3.60,7.00,1.75,2.00,Stadio Olimpico (Roma)
1736538300,Jan 10 2025 - 7:45pm,complete,N/A,Lazio,Como,Paride Tremolada,20,2.22,0.60,1.86,0.67,1,1,2,1,1,0,"34","72",7,7,3,1,3,0,0,4,1,2,13,18,5,5,3,12,14,15,36,64,1.47,1.31,1.17,1.78,2.97,59,85,65,32,11,38,80,42,90,8.68,4.34,1.44,4.48,7.40,1.35,1.67,3.75,7.50,2.00,1.75,Stadio Olimpico (Roma)
1736604000,Jan 11 2025 - 2:00pm,complete,N/A,Empoli,Lecce,Daniele Chiffi,20,0.78,0.44,0.57,0.73,1,3,4,2,0,2,"47","6,11,90'1",9,2,0,0,3,0,0,0,1,2,16,15,6,7,6,5,11,21,50,50,0.97,1.11,1.63,1.47,1.50,17,39,22,6,6,11,22,22,73,8.56,3.77,2.25,3.20,3.40,1.47,2.30,4.50,10.00,2.05,1.70,Stadio Carlo Castellani – Computer Gross Arena (Empoli)
1736604000,Jan 11 2025 - 2:00pm,complete,N/A,Udinese,Atalanta,Maurizio Mariani,20,1.44,2.00,1.53,2.20,0,0,0,0,0,0,"","",5,3,1,0,2,0,0,1,1,1,13,5,4,3,4,1,4,16,46,54,1.04,1.70,1.08,0.84,2.69,42,84,47,32,6,36,80,47,89,10.10,4.82,4.20,4.00,1.75,1.26,1.62,3.10,5.50,1.80,1.95,Bluenergy Stadium (Udine)
1736614800,Jan 11 2025 - 5:00pm,complete,N/A,Torino,Juventus,Michael Fabbri,20,1.00,2.00,1.43,1.71,1,1,2,2,1,1,"45'1","8",9,1,4,0,1,0,1,3,0,1,12,16,3,10,6,2,18,9,42,58,1.04,1.24,1.07,1.70,2.15,36,60,36,12,12,31,47,36,53,8.53,3.75,5.00,3.25,1.75,1.53,2.20,5.00,11.00,2.20,1.62,Stadio Olimpico Grande Torino (Torino)
1736624700,Jan 11 2025 - 7:45pm,complete,N/A,AC Milan,Cagliari,Matteo Marchetti,20,1.78,0.89,1.80,0.71,1,1,2,0,0,0,"51","55",9,1,1,0,2,0,0,1,1,1,25,7,12,3,10,2,9,11,68,32,1.60,1.12,2.84,0.67,2.39,45,73,50,22,6,45,89,22,50,11.33,5.00,1.33,4.75,8.00,1.19,1.87,2.60,4.50,1.95,1.80,Stadio Giuseppe Meazza (Milano)
1736681400,Jan 12 2025 - 11:30am,complete,31689,Genoa,Parma,Andrea Colombo,20,0.60,0.89,1.27,0.64,1,0,1,0,0,0,"65","",6,9,2,0,3,0,1,1,2,1,15,10,5,4,5,3,10,10,61,39,1.24,1.19,1.32,1.04,2.64,64,79,59,37,6,37,69,47,79,9.43,3.98,2.00,3.40,3.60,1.30,1.83,3.25,6.50,1.70,2.05,Stadio Comunale Luigi Ferraris (Genova)
1736690400,Jan 12 2025 - 2:00pm,complete,N/A,Venezia,Inter Milan,Marco Piccinini,20,1.22,2.50,1.00,2.07,0,1,1,1,0,1,"","16",4,5,3,0,1,0,2,1,1,0,8,18,3,7,3,6,12,11,41,59,1.41,1.63,0.86,1.66,3.10,47,83,60,36,25,42,59,60,89,7.80,3.07,10.00,5.50,1.28,1.18,1.60,2.30,4.33,1.95,1.80,Stadio Pier Luigi Penzo (Venezia)
1736701200,Jan 12 2025 - 5:00pm,complete,N/A,Bologna,Roma,Rosario Abisso,20,1.63,0.56,2.13,1.29,2,2,4,0,0,0,"61,65","58,90'8",5,4,4,0,1,0,1,3,0,1,17,15,9,5,6,7,18,10,54,46,1.66,1.20,2.08,1.27,2.11,53,65,24,18,18,29,41,47,71,9.94,4.08,2.62,3.20,2.62,1.38,1.95,3.75,8.00,1.80,1.95,Stadio Renato Dall'Ara (Bologna)
1736711100,Jan 12 2025 - 7:45pm,complete,N/A,Napoli,Hellas Verona,Luca Zufferli,20,2.33,1.00,2.29,1.07,2,0,2,1,1,0,"5,61","",8,1,0,0,0,0,0,0,0,0,19,9,4,3,11,4,6,5,69,31,1.59,0.97,1.80,0.88,2.89,45,67,56,34,22,45,62,45,89,10.11,4.77,1.20,6.00,12.00,1.19,1.61,2.65,4.75,2.20,1.62,Stadio Diego Armando Maradona (Napoli)
1736797500,Jan 13 2025 - 7:45pm,complete,N/A,Monza,Fiorentina,Federico Dionisi,20,0.30,1.67,0.53,1.29,2,1,3,1,1,0,"44,63","74",2,4,4,0,1,0,0,4,0,1,13,16,4,3,7,9,26,9,34,66,1.17,1.25,1.15,1.47,2.37,52,63,42,22,11,37,74,26,59,7.68,4.60,5.58,3.93,1.72,1.33,2.10,3.60,7.00,1.80,1.95,U-Power Stadium (Monza)
1736875800,Jan 14 2025 - 5:30pm,complete,N/A,Como,AC Milan,Gianluca Manganiello,19,1.50,1.38,1.36,1.43,1,2,3,0,0,0,"60","71,76",2,4,1,0,6,0,0,1,3,3,13,13,5,7,6,3,11,17,51,49,1.54,1.46,1.40,1.37,3.07,69,88,57,32,19,32,82,57,88,11.01,4.76,4.00,3.50,1.90,1.28,1.85,3.20,6.00,1.70,2.05,Stadio Giuseppe Sinigaglia (Como)
1736883900,Jan 14 2025 - 7:45pm,complete,N/A,Atalanta,Juventus,Daniele Doveri,19,2.63,1.89,1.79,1.71,1,1,2,0,0,0,"78","54",3,3,1,0,1,0,0,1,0,1,18,18,7,10,7,4,10,7,60,40,1.78,1.29,1.78,1.84,3.53,66,89,66,37,37,53,72,48,66,9.46,2.80,2.05,3.30,3.60,1.33,1.95,3.60,7.00,1.80,1.95,Gewiss Stadium (Bergamo)
1736970300,Jan 15 2025 - 7:45pm,complete,N/A,Inter Milan,Bologna,Luca Pairetto,19,2.22,1.67,2.36,1.50,2,2,4,3,2,1,"19,45'1","15,64",3,3,0,0,0,0,0,0,0,0,14,16,7,7,6,8,19,13,48,52,1.57,1.17,1.56,1.71,3.39,56,95,67,44,17,34,78,67,95,11.33,3.55,1.37,4.18,6.47,1.25,1.75,3.00,5.50,1.95,1.80,Stadio Giuseppe Meazza (Milano)
1737143100,Jan 17 2025 - 7:45pm,complete,N/A,Roma,Genoa,Luca Zufferli,21,1.80,1.56,2.07,1.14,3,1,4,2,1,1,"25,60,73","33",3,2,1,0,1,0,0,1,1,0,19,9,8,4,9,4,12,12,53,47,1.55,0.97,1.92,0.93,2.50,31,68,47,21,21,15,62,57,74,8.18,4.02,1.57,4.00,5.80,1.30,1.93,3.40,6.50,1.95,1.80,Stadio Olimpico (Roma)
1737208800,Jan 18 2025 - 2:00pm,complete,23381,Bologna,Monza,Maurizio Mariani,21,1.56,0.78,2.13,0.50,3,1,4,3,2,1,"23,34,69","4",4,0,1,0,3,0,1,0,2,1,25,4,8,2,11,2,16,18,59,41,1.71,0.93,2.11,0.58,2.28,56,78,39,17,6,28,45,50,73,10.00,5.00,1.60,3.59,5.00,1.35,2.08,3.75,7.50,2.00,1.75,Stadio Renato Dall'Ara (Bologna)
1737219600,Jan 18 2025 - 5:00pm,complete,40784,Juventus,AC Milan,Davide Massa,21,1.60,1.56,1.87,1.43,2,0,2,0,0,0,"59,64","",5,5,0,0,2,0,0,0,0,2,16,21,7,4,9,10,19,11,60,40,1.44,1.45,1.89,1.36,2.70,64,74,64,31,6,32,74,43,85,10.80,4.73,2.20,3.30,3.40,1.38,2.08,3.75,7.50,1.95,1.80,Allianz Stadium (Torino)
1737229500,Jan 18 2025 - 7:45pm,complete,22874,Atalanta,Napoli,Andrea Colombo,21,2.44,2.30,1.79,1.93,2,3,5,3,1,2,"16,55","27,40,78",3,1,4,0,2,0,0,4,1,1,19,8,7,4,9,3,18,9,57,43,1.78,1.22,1.96,0.99,3.26,60,85,64,38,28,37,74,54,75,9.49,2.11,2.30,3.25,3.25,1.36,1.95,3.75,7.50,1.91,1.91,Gewiss Stadium (Bergamo)
1737286200,Jan 19 2025 - 11:30am,complete,N/A,Fiorentina,Torino,Livio Marinelli,21,1.89,1.20,2.00,1.20,1,1,2,1,1,0,"38","70",9,2,3,0,2,1,1,2,2,1,29,8,7,4,14,3,16,11,54,46,1.51,1.13,2.27,0.93,2.90,59,69,64,42,21,32,80,59,79,9.97,4.28,1.75,3.40,5.28,1.40,2.16,4.00,8.00,2.05,1.70,Stadio Artemio Franchi (Firenze)
1737295200,Jan 19 2025 - 2:00pm,complete,N/A,Cagliari,Lecce,Juan Luca Sacchi,21,0.90,0.70,1.07,0.73,4,1,5,1,0,1,"60,65,80,83","42",6,1,3,0,1,1,0,3,1,1,24,9,8,3,12,5,11,10,50,50,1.37,1.15,2.18,0.94,2.30,25,60,35,25,15,25,50,35,85,9.80,3.70,1.95,3.40,4.03,1.32,1.95,3.40,6.50,1.80,1.95,Unipol Domus (Cagliari)
1737295200,Jan 19 2025 - 2:00pm,complete,N/A,Parma,Venezia,Francesco Fourneau,21,1.10,0.30,1.07,0.40,1,1,2,1,0,1,"56","20",8,2,2,0,3,0,1,1,1,2,20,8,9,3,8,2,13,16,60,40,1.29,0.92,2.17,0.75,3.05,70,80,70,45,15,35,75,50,85,7.40,4.20,2.15,3.50,3.29,1.24,1.70,2.80,5.00,1.62,2.20,Stadio Ennio Tardini (Parma)
1737306000,Jan 19 2025 - 5:00pm,complete,25747,Hellas Verona,Lazio,Michael Fabbri,21,1.00,1.50,0.93,1.67,0,3,3,2,0,2,"","2,21,58",5,6,5,1,2,0,1,5,1,1,17,15,4,6,13,9,10,8,35,65,1.12,1.57,1.75,1.69,3.10,50,75,70,35,30,40,75,50,75,11.70,6.10,4.40,3.60,1.75,1.30,1.88,3.40,6.50,1.91,1.91,Stadio Marcantonio Bentegodi (Verona)
1737315900,Jan 19 2025 - 7:45pm,complete,N/A,Inter Milan,Empoli,Ermanno Feliciani,21,2.10,1.30,2.36,0.93,3,1,4,0,0,0,"55,79,89","84",7,3,0,0,0,0,0,0,0,0,21,7,8,2,11,4,11,9,69,31,1.57,1.02,2.21,0.64,3.20,70,95,55,35,20,60,90,35,80,12.20,4.00,1.22,6.00,11.00,1.17,1.60,2.00,4.33,2.10,1.67,Stadio Giuseppe Meazza (Milano)
1737402300,Jan 20 2025 - 7:45pm,complete,N/A,Como,Udinese,Francesco Cosso,21,1.33,1.20,1.36,1.21,4,1,5,2,2,0,"5,44,78,90","50",3,2,1,1,3,1,0,2,0,4,13,7,9,3,3,4,10,16,51,49,1.52,1.39,1.61,0.96,2.91,69,90,52,27,21,21,74,69,85,9.54,5.67,2.00,3.40,3.60,1.33,2.00,3.75,7.50,1.80,1.95,Stadio Giuseppe Sinigaglia (Como)
1737747900,Jan 24 2025 - 7:45pm,complete,18992,Torino,Cagliari,N/A,22,1.00,0.90,1.43,0.71,2,0,2,1,1,0,"6,61","",6,3,0,0,1,0,0,0,0,1,23,7,7,2,12,5,11,10,50,50,1.04,1.08,2.06,0.93,2.15,55,65,35,15,10,25,70,35,65,9.00,5.00,2.06,3.27,4.10,1.44,2.25,4.50,9.50,1.95,1.80,Stadio Olimpico Grande Torino (Torino)
1737813600,Jan 25 2025 - 2:00pm,complete,N/A,Como,Atalanta,Luca Pairetto,22,1.50,1.91,1.36,2.20,1,2,3,1,1,0,"30","56,70",4,5,2,0,3,0,0,2,0,3,18,6,6,4,11,2,15,10,54,46,1.53,1.62,1.87,0.96,2.88,53,91,48,34,15,38,67,58,91,10.11,5.15,3.90,3.50,1.91,1.28,1.83,3.20,6.00,1.70,2.05,Stadio Giuseppe Sinigaglia (Como)
1737824400,Jan 25 2025 - 5:00pm,complete,N/A,Napoli,Juventus,Daniele Chiffi,22,2.40,1.80,2.29,1.71,2,1,3,1,0,1,"57,69","43",9,1,2,0,2,0,0,2,1,1,15,6,4,3,5,3,9,15,49,51,1.61,1.35,1.16,0.78,2.30,35,70,40,10,5,40,55,35,70,11.60,2.80,2.05,3.15,3.75,1.48,2.40,4.75,10.00,2.05,1.70,Stadio Diego Armando Maradona (Napoli)
1737834300,Jan 25 2025 - 7:45pm,complete,N/A,Empoli,Bologna,Federico La Penna,22,0.70,1.60,0.57,1.50,1,1,2,2,1,1,"24","44",2,4,3,0,0,0,2,1,0,0,5,13,2,9,1,2,25,13,36,64,1.04,1.23,0.52,1.66,2.45,45,70,55,30,5,15,50,50,85,8.20,3.20,3.75,3.15,2.05,1.44,2.25,4.50,9.50,2.00,1.75,Stadio Carlo Castellani – Computer Gross Arena (Empoli)
1737891000,Jan 26 2025 - 11:30am,complete,N/A,AC Milan,Parma,Rosario Abisso,22,1.70,0.80,1.80,0.64,3,2,5,2,1,1,"38,90'2,90'5","24,80",7,4,2,0,5,0,2,0,3,2,19,16,6,6,9,7,14,7,61,39,1.72,1.18,1.88,1.47,2.35,45,70,50,30,5,45,70,30,50,12.20,3.90,1.26,6.00,10.00,1.12,1.44,2.07,3.40,1.75,2.00,Stadio Giuseppe Meazza (Milano)
1737900000,Jan 26 2025 - 2:00pm,complete,N/A,Udinese,Roma,Simone Sozza,22,1.40,0.60,1.53,1.29,1,2,3,1,1,0,"38","50,64",1,5,2,0,2,0,0,2,2,0,14,20,4,10,7,7,15,12,49,51,1.04,1.21,1.27,2.03,2.40,50,70,35,30,15,25,60,45,70,8.50,4.30,3.20,3.30,2.23,1.36,2.10,3.75,7.50,1.80,1.95,Bluenergy Stadium (Udine)
1737910800,Jan 26 2025 - 5:00pm,complete,N/A,Lecce,Inter Milan,Livio Marinelli,22,1.30,2.56,1.00,2.07,0,4,4,2,0,2,"","6,39,57,61",7,0,0,0,2,0,0,0,1,1,21,13,4,6,13,4,13,12,50,50,1.30,1.63,1.65,1.20,2.97,42,74,59,37,22,37,63,59,74,8.32,3.46,8.91,5.29,1.34,1.20,1.61,2.60,4.50,2.00,1.75,Stadio Ettore Giardiniero - Via del Mare (Lecce)
1737920700,Jan 26 2025 - 7:45pm,complete,N/A,Lazio,Fiorentina,Antonio Rapuano,22,2.10,1.50,1.86,1.29,1,2,3,2,0,2,"90'2","11,17",14,2,1,0,3,1,0,1,0,4,32,9,4,4,19,4,9,12,70,30,1.44,1.27,2.34,0.95,2.90,55,80,60,30,15,40,80,35,80,8.80,4.50,1.99,3.48,3.91,1.33,1.99,3.60,7.00,1.80,1.95,Stadio Olimpico (Roma)
1737999000,Jan 27 2025 - 5:30pm,complete,N/A,Venezia,Hellas Verona,Gianluca Manganiello,22,1.10,0.90,1.00,1.07,1,1,2,1,1,0,"28","76",7,9,1,0,1,0,1,0,0,1,16,29,3,6,8,16,16,14,49,51,1.35,0.96,1.19,2.16,2.95,55,75,50,35,25,40,70,45,85,6.30,4.70,2.15,3.30,3.25,1.33,1.91,3.60,7.00,1.80,1.95,Stadio Pier Luigi Penzo (Venezia)
1738007100,Jan 27 2025 - 7:45pm,complete,N/A,Genoa,Monza,Daniele Doveri,22,0.82,0.70,1.27,0.50,2,0,2,0,0,0,"61,84","",9,6,0,0,4,0,0,0,3,1,24,9,7,2,12,4,13,19,50,50,1.25,0.89,2.10,0.75,2.43,58,82,48,24,0,34,58,43,81,7.57,5.18,2.20,3.00,3.50,1.47,2.20,4.50,9.50,2.00,1.75,Stadio Comunale Luigi Ferraris (Genova)
1738352700,Jan 31 2025 - 7:45pm,complete,N/A,Parma,Lecce,Simone Sozza,23,1.09,0.64,1.07,0.73,1,3,4,2,1,1,"34","36,63,90'3",3,2,1,0,2,0,0,1,1,1,26,10,8,4,12,4,8,14,47,53,1.37,1.13,2.18,0.96,2.77,59,73,50,36,23,27,64,50,91,8.00,4.63,2.08,3.44,3.54,1.30,2.00,3.25,6.00,1.67,2.10,Stadio Ennio Tardini (Parma)
1738418400,Feb 01 2025 - 2:00pm,complete,N/A,Monza,Hellas Verona,Davide Massa,23,0.55,0.91,0.53,1.07,0,1,1,1,0,1,"","13",7,3,2,0,3,0,0,2,1,2,12,14,3,5,7,8,12,23,66,34,1.17,1.07,1.30,1.40,2.86,69,78,55,27,18,41,78,41,73,6.91,5.64,2.16,3.38,3.63,1.40,1.80,4.00,8.00,1.91,1.91,U-Power Stadium (Monza)
1738418400,Feb 01 2025 - 2:00pm,complete,N/A,Udinese,Venezia,Maurizio Mariani,23,1.27,0.36,1.53,0.40,3,2,5,0,0,0,"47,52,84","64,78",4,6,3,0,3,0,0,3,0,3,16,18,6,4,8,11,20,9,52,48,1.06,0.90,1.58,1.49,2.55,50,73,55,32,5,27,78,36,73,7.55,4.18,1.84,3.68,4.60,1.35,2.03,3.75,7.50,1.91,1.91,Bluenergy Stadium (Udine)
1738429200,Feb 01 2025 - 5:00pm,complete,N/A,Atalanta,Torino,Marco Piccinini,23,2.20,1.18,1.79,1.20,1,1,2,2,1,1,"35","40",8,0,0,0,3,0,0,0,1,2,26,8,11,4,11,2,6,11,65,35,1.80,1.11,2.72,0.77,3.52,73,82,63,53,44,39,77,58,86,8.79,3.95,1.42,4.80,8.20,1.30,1.88,3.40,6.50,2.10,1.67,Gewiss Stadium (Bergamo)
1738439100,Feb 01 2025 - 7:45pm,complete,N/A,Bologna,Como,Luca Massimi,23,1.70,0.64,2.13,0.67,2,0,2,1,1,0,"25,66","",4,2,3,0,4,1,1,2,4,1,21,13,5,2,11,8,16,18,51,49,1.75,1.36,1.71,0.98,2.43,58,72,38,29,10,24,57,43,86,10.28,3.90,1.84,3.73,4.50,1.35,1.95,3.75,7.50,1.80,1.95,Stadio Renato Dall'Ara (Bologna)
1738495800,Feb 02 2025 - 11:30am,complete,N/A,Juventus,Empoli,Luca Zufferli,23,1.73,1.18,1.87,0.93,4,1,5,1,0,1,"61,64,90,90'2","4",8,6,0,0,2,1,0,0,2,1,28,14,9,4,16,7,14,13,56,44,1.48,0.98,2.57,1.09,2.68,64,87,50,32,9,41,78,32,78,9.91,4.63,1.41,4.70,9.00,1.33,2.01,3.75,7.50,2.50,1.50,Allianz Stadium (Torino)
1738504800,Feb 02 2025 - 2:00pm,complete,N/A,Fiorentina,Genoa,Giuseppe Collu,23,1.80,1.40,2.00,1.14,2,1,3,2,2,0,"9,30","55",1,8,3,0,1,0,1,2,0,1,10,21,6,4,2,14,17,14,40,60,1.59,0.96,1.12,1.78,2.55,50,70,55,25,10,20,70,55,75,9.60,4.00,1.62,4.10,5.80,1.36,1.98,3.75,7.50,2.00,1.75,Stadio Artemio Franchi (Firenze)
1738515600,Feb 02 2025 - 5:00pm,complete,N/A,AC Milan,Inter Milan,Daniele Chiffi,23,1.82,2.60,1.80,2.07,1,1,2,1,1,0,"45","90'3",8,11,0,0,2,0,0,0,0,2,15,19,5,7,6,11,5,9,38,62,1.73,1.59,1.29,2.07,2.88,33,77,58,39,20,53,67,49,58,10.35,3.60,3.81,3.63,2.01,1.28,1.82,3.10,6.00,1.70,2.05,Stadio Giuseppe Meazza (Milano)
1738525500,Feb 02 2025 - 7:45pm,complete,N/A,Roma,Napoli,Michael Fabbri,23,1.91,2.36,2.07,1.93,1,1,2,1,0,1,"90'2","29",2,3,2,0,1,0,0,2,1,0,19,8,3,3,10,3,9,13,51,49,1.58,1.20,1.35,0.91,2.82,41,78,60,32,18,36,78,59,73,8.54,2.82,3.14,3.26,2.44,1.33,1.95,3.60,7.00,1.80,1.95,Stadio Olimpico (Roma)
1738611900,Feb 03 2025 - 7:45pm,complete,N/A,Cagliari,Lazio,Gianluca Manganiello,23,1.09,1.64,1.07,1.67,1,2,3,1,0,1,"56","41,64",7,7,0,0,0,0,0,0,0,0,21,13,5,7,11,5,14,9,39,61,1.45,1.58,1.72,1.55,2.87,46,73,55,32,23,23,73,50,87,12.63,4.54,3.75,3.58,2.05,1.30,1.88,3.30,6.50,1.70,2.05,Unipol Domus (Cagliari)
1738871100,Feb 06 2025 - 7:45pm,complete,N/A,Fiorentina,Inter Milan,Daniele Doveri,14,1.91,2.45,2.00,2.07,3,0,3,0,0,0,"59,68,89","",1,8,1,0,0,0,0,1,0,0,13,9,11,4,2,5,8,8,37,63,1.55,1.63,1.74,1.18,3.09,55,82,69,36,18,41,78,60,82,10.00,3.64,3.50,3.60,2.00,1.26,1.65,3.00,5.50,1.67,2.10,Stadio Artemio Franchi (Firenze)
1738957500,Feb 07 2025 - 7:45pm,complete,N/A,Como,Juventus,Rosario Abisso,24,1.36,1.64,1.36,1.71,1,2,3,2,1,1,"45'1","34,89",9,1,3,0,1,0,1,2,1,0,17,9,7,4,5,3,15,15,52,48,1.56,1.30,1.63,1.06,2.91,64,91,50,23,18,36,64,59,73,9.00,4.19,3.57,3.37,2.18,1.36,2.03,3.75,7.50,1.80,1.95,Stadio Giuseppe Sinigaglia (Como)
1739023200,Feb 08 2025 - 2:00pm,complete,N/A,Hellas Verona,Atalanta,Simone Sozza,24,0.91,2.00,0.93,2.20,0,5,5,4,0,4,"","21,25,37,44,56",7,2,2,0,1,0,2,0,0,1,21,19,8,8,11,10,10,6,38,62,1.18,1.57,1.95,2.03,2.89,39,83,66,31,18,53,70,43,83,10.19,5.76,6.00,4.40,1.55,1.24,1.72,2.30,5.50,1.80,1.95,Stadio Marcantonio Bentegodi (Verona)
1739034000,Feb 08 2025 - 5:00pm,complete,N/A,Empoli,AC Milan,Luca Pairetto,24,0.73,1.40,0.57,1.43,0,2,2,0,0,0,"","68,76",2,6,2,1,3,1,1,2,2,2,10,17,0,6,9,11,17,10,38,62,0.99,1.44,0.78,1.93,2.23,53,63,49,15,5,24,49,44,77,10.00,3.75,4.90,3.85,1.75,1.30,1.92,3.30,6.50,1.91,1.91,Stadio Carlo Castellani – Computer Gross Arena (Empoli)
1739043900,Feb 08 2025 - 7:45pm,complete,N/A,Torino,Genoa,Ermanno Feliciani,24,1.18,1.27,1.43,1.14,1,1,2,1,1,0,"45'2","68",4,2,2,0,2,0,0,2,0,2,13,8,4,3,7,4,11,10,57,43,1.14,1.04,1.34,0.89,2.00,36,60,32,14,9,18,55,36,64,8.45,4.00,2.07,3.18,4.20,1.51,2.40,5.00,11.00,2.10,1.67,Stadio Olimpico Grande Torino (Torino)
1739100600,Feb 09 2025 - 11:30am,complete,9380,Venezia,Roma,Luca Zufferli,24,1.09,0.82,1.00,1.29,0,1,1,0,0,0,"","57",4,6,2,0,3,0,2,0,1,2,18,14,4,6,9,8,13,21,63,37,1.34,1.28,1.48,1.67,2.41,60,73,36,23,14,27,59,46,78,7.64,3.73,4.70,3.92,1.76,1.25,1.80,2.95,5.50,1.75,2.00,Stadio Pier Luigi Penzo (Venezia)
1739109600,Feb 09 2025 - 2:00pm,complete,N/A,Cagliari,Parma,Marco Di Bello,24,1.00,0.73,1.07,0.64,2,1,3,0,0,0,"57,70","78",7,6,0,0,2,0,0,0,0,2,16,13,4,2,11,8,14,12,39,61,1.47,1.20,1.62,1.09,2.83,53,74,57,39,22,31,70,48,83,11.88,3.51,1.93,3.74,4.00,1.24,1.70,2.85,5.00,1.62,2.20,Unipol Domus (Cagliari)
1739109600,Feb 09 2025 - 2:00pm,complete,N/A,Lazio,Monza,Gianluca Aureliano,24,1.91,0.64,1.86,0.50,5,1,6,1,1,0,"31,57,63,77,88","86",8,1,0,0,1,0,0,0,1,0,31,4,10,2,17,2,10,12,61,39,1.52,0.88,2.85,0.51,2.86,64,96,64,23,5,46,73,41,82,9.37,5.54,1.45,4.80,7.40,1.26,1.81,3.10,6.00,2.00,1.75,Stadio Olimpico (Roma)
1739120400,Feb 09 2025 - 5:00pm,complete,N/A,Lecce,Bologna,Francesco Fourneau,24,1.18,1.55,1.00,1.50,0,0,0,0,0,0,"","",6,5,0,0,2,0,0,0,0,2,8,9,2,3,5,6,14,16,41,59,1.34,1.27,0.85,1.06,3.00,55,87,64,41,9,32,78,60,82,7.36,3.46,4.40,3.51,1.91,1.40,1.95,4.20,8.50,2.00,1.75,Stadio Ettore Giardiniero - Via del Mare (Lecce)
1739130300,Feb 09 2025 - 7:45pm,complete,N/A,Napoli,Udinese,Livio Marinelli,24,2.45,1.09,2.29,1.21,1,1,2,2,1,1,"37","40",6,6,0,0,1,0,0,0,0,1,23,10,5,5,14,4,11,10,62,38,1.57,1.35,1.96,1.13,2.55,50,73,55,18,14,27,73,55,87,11.46,4.36,1.44,4.60,7.90,1.30,1.96,3.40,6.50,2.20,1.62,Stadio Diego Armando Maradona (Napoli)
1739216700,Feb 10 2025 - 7:45pm,complete,N/A,Inter Milan,Fiorentina,Federico La Penna,24,2.18,1.64,2.36,1.29,2,1,3,2,1,1,"28,52","44",8,1,4,0,3,0,2,2,2,1,26,9,9,3,14,5,16,15,62,38,1.63,1.24,2.64,0.92,3.05,55,78,55,41,18,46,73,41,82,11.46,3.27,1.47,4.75,7.10,1.22,1.70,2.80,5.00,1.91,1.91,Stadio Giuseppe Meazza (Milano)
1739562300,Feb 14 2025 - 7:45pm,complete,N/A,Bologna,Torino,Michael Fabbri,25,1.82,1.17,2.13,1.20,3,2,5,2,1,1,"20,70,90","37,65",8,2,0,0,4,0,0,0,0,4,29,8,7,5,16,3,7,17,66,34,1.74,1.08,2.40,1.06,2.52,57,70,39,35,17,30,60,44,79,9.66,4.58,1.76,3.71,5.10,1.38,2.10,4.00,8.00,2.10,1.67,Stadio Renato Dall'Ara (Bologna)
1739628000,Feb 15 2025 - 2:00pm,complete,21485,Atalanta,Cagliari,Matteo Marchetti,25,2.09,0.82,1.79,0.71,0,0,0,0,0,0,"","",8,2,1,0,1,0,0,1,0,1,11,6,3,0,7,4,7,11,59,41,1.88,1.07,1.44,0.43,3.32,78,91,59,37,32,41,87,50,82,9.55,3.91,1.40,5.30,7.60,1.19,1.57,2.30,4.50,1.80,1.95,Gewiss Stadium (Bergamo)
1739638800,Feb 15 2025 - 5:00pm,complete,42863,Lazio,Napoli,Davide Massa,25,2.00,2.25,1.86,1.93,2,2,4,2,1,1,"6,87","13,64",7,1,2,0,2,0,0,2,1,1,14,7,6,3,7,3,9,19,53,47,1.63,1.17,1.57,0.86,3.00,59,88,67,29,13,42,84,42,80,10.17,3.33,2.88,3.30,2.60,1.38,2.02,3.75,7.50,1.80,1.95,Stadio Olimpico (Roma)
1739648700,Feb 15 2025 - 7:45pm,complete,69578,AC Milan,Hellas Verona,Francesco Fourneau,25,1.75,1.08,1.80,1.07,1,0,1,0,0,0,"75","",10,7,3,0,4,0,1,2,3,1,26,9,4,3,15,5,11,18,74,26,1.70,1.09,1.86,0.93,2.75,50,75,46,34,21,46,75,34,63,9.84,4.75,1.38,5.20,8.30,1.19,1.61,2.19,4.50,1.91,1.91,Stadio Giuseppe Meazza (Milano)
1739705400,Feb 16 2025 - 11:30am,complete,N/A,Fiorentina,Como,Marco Piccinini,25,2.00,0.58,2.00,0.67,0,2,2,1,0,1,"","41,66",2,1,3,0,2,0,1,2,0,2,6,10,4,5,2,4,14,24,50,50,1.56,1.33,0.87,1.08,2.67,59,79,54,25,8,25,79,46,88,9.17,4.25,1.98,3.64,3.90,1.30,1.87,3.25,6.50,1.70,2.05,Stadio Artemio Franchi (Firenze)
1739714400,Feb 16 2025 - 2:00pm,complete,11050,Monza,Lecce,Giuseppe Collu,25,0.50,0.83,0.53,0.73,0,0,0,0,0,0,"","",3,7,2,0,2,0,2,0,1,1,10,23,4,6,5,14,10,18,56,44,1.18,1.12,1.19,1.98,2.34,50,63,46,21,9,33,67,38,67,7.17,5.09,2.85,3.25,2.66,1.42,1.95,4.33,8.50,1.95,1.80,U-Power Stadium (Monza)
1739714400,Feb 16 2025 - 2:00pm,complete,19539,Udinese,Empoli,Daniele Doveri,25,1.42,1.08,1.53,0.93,3,0,3,1,1,0,"19,65,90","",9,5,0,0,0,0,0,0,0,0,20,21,10,5,8,12,12,17,57,43,1.10,0.99,2.10,1.70,2.92,67,88,54,33,21,34,84,42,75,8.91,4.67,2.01,3.32,4.20,1.38,1.95,4.00,8.00,1.95,1.80,Bluenergy Stadium (Udine)
1739725200,Feb 16 2025 - 5:00pm,complete,20559,Parma,Roma,Daniele Chiffi,25,1.00,1.00,1.07,1.29,0,1,1,1,0,1,"","33",1,10,2,1,3,0,1,2,1,2,6,24,2,5,4,12,11,5,28,72,1.44,1.31,0.77,1.93,2.83,75,80,50,38,21,29,63,59,88,8.41,4.33,4.00,3.77,1.92,1.22,1.67,2.75,5.00,1.62,2.20,Stadio Ennio Tardini (Parma)
1739735100,Feb 16 2025 - 7:45pm,complete,41361,Juventus,Inter Milan,Maurizio Mariani,25,1.83,2.25,1.87,2.07,1,0,1,0,0,0,"74","",7,5,1,0,1,0,0,1,0,1,21,22,9,3,8,15,17,10,42,58,1.57,1.59,2.00,1.70,2.92,42,79,59,42,17,34,63,55,83,10.67,3.50,3.23,3.32,2.35,1.36,2.00,3.75,7.50,1.80,1.95,Allianz Stadium (Torino)
1739821500,Feb 17 2025 - 7:45pm,complete,30487,Genoa,Venezia,Livio Marinelli,25,1.00,0.33,1.27,0.40,2,0,2,0,0,0,"82,86","",4,5,1,0,1,0,1,0,1,0,18,8,6,4,9,4,14,15,50,50,1.32,0.95,1.68,1.06,2.58,54,75,55,34,4,29,59,42,84,7.84,4.17,2.00,3.47,4.00,1.36,2.00,3.75,7.50,1.91,1.91,Stadio Comunale Luigi Ferraris (Genova)
1740167100,Feb 21 2025 - 7:45pm,complete,N/A,Lecce,Udinese,N/A,26,1.17,1.08,1.00,1.21,0,1,1,1,0,1,"","32",11,8,1,0,3,0,0,1,1,2,14,17,2,6,9,7,15,11,45,55,1.30,1.33,1.21,1.73,2.67,59,75,54,29,17,33,75,59,71,8.58,4.50,2.94,3.14,2.65,1.42,2.15,4.20,8.50,1.95,1.80,Stadio Ettore Giardiniero - Via del Mare (Lecce)
1740232800,Feb 22 2025 - 2:00pm,complete,N/A,Parma,Bologna,Rosario Abisso,26,0.92,1.50,1.07,1.50,2,0,2,1,1,0,"37,79","",0,4,2,0,1,0,0,2,0,1,6,18,4,2,1,15,14,13,26,74,1.39,1.25,0.72,1.69,3.08,72,89,65,44,16,28,80,60,88,7.48,3.98,4.10,3.72,1.91,1.23,1.85,3.12,6.15,1.75,2.00,Stadio Ennio Tardini (Parma)
1740232800,Feb 22 2025 - 2:00pm,complete,N/A,Venezia,Lazio,Matteo Marchetti,26,1.00,1.75,1.00,1.67,0,0,0,0,0,0,"","",6,6,4,0,2,0,0,4,0,2,13,12,3,4,7,6,21,12,37,63,1.35,1.58,1.14,1.22,2.59,54,71,50,21,13,25,75,46,83,10.42,4.41,4.60,4.10,1.75,1.20,1.80,2.67,4.70,1.75,2.00,Stadio Pier Luigi Penzo (Venezia)
1740243600,Feb 22 2025 - 5:00pm,complete,N/A,Torino,AC Milan,Simone Sozza,26,1.17,1.55,1.43,1.43,2,1,3,1,1,0,"5,76","74",4,11,1,0,1,0,1,0,1,0,12,31,4,9,6,18,14,5,35,65,1.15,1.48,1.13,2.84,2.29,53,70,41,13,9,22,61,45,75,9.51,4.45,3.77,3.50,2.06,1.28,2.00,3.40,6.80,1.91,1.91,Stadio Olimpico Grande Torino (Torino)
1740253500,Feb 22 2025 - 7:45pm,complete,N/A,Inter Milan,Genoa,Marco Piccinini,26,2.25,1.25,2.36,1.14,1,0,1,0,0,0,"78","",6,7,0,0,2,0,0,0,0,2,26,16,6,3,13,9,7,14,62,38,1.71,1.03,2.14,1.21,2.88,55,80,55,34,13,38,67,46,84,11.66,3.42,1.28,6.20,11.00,1.17,1.65,2.75,4.25,2.10,1.67,Stadio Giuseppe Meazza (Milano)
1740310200,Feb 23 2025 - 11:30am,complete,N/A,Como,Napoli,Gianluca Manganiello,26,1.25,2.15,1.36,1.93,2,1,3,2,1,1,"7,77","17",4,6,1,0,3,0,1,0,0,3,11,17,4,5,5,9,17,14,43,57,1.57,1.15,1.10,1.59,2.94,61,89,56,32,17,36,76,57,81,9.34,3.73,3.61,3.23,2.23,1.40,1.80,4.00,8.00,1.95,1.80,Stadio Giuseppe Sinigaglia (Como)
1740319200,Feb 23 2025 - 2:00pm,complete,N/A,Hellas Verona,Fiorentina,Marco Di Bello,26,0.83,1.50,0.93,1.29,1,0,1,0,0,0,"90'5","",4,1,2,0,3,0,1,1,0,3,10,10,4,4,4,5,19,8,43,57,1.24,1.22,1.10,1.06,3.00,42,75,67,34,30,55,75,29,75,8.84,5.25,3.87,3.58,2.01,1.35,1.89,3.60,7.50,1.80,1.95,Stadio Marcantonio Bentegodi (Verona)
1740330000,Feb 23 2025 - 5:00pm,complete,N/A,Empoli,Atalanta,Maurizio Mariani,26,0.67,2.08,0.57,2.20,0,5,5,3,0,3,"","27,33,43,55,74",3,4,0,0,1,0,0,0,0,1,13,10,3,3,9,6,4,17,46,54,0.97,1.60,1.17,1.15,2.14,36,68,40,20,4,32,47,40,80,9.44,4.13,5.60,4.30,1.61,1.25,1.81,2.95,5.50,1.91,1.91,Stadio Carlo Castellani – Computer Gross Arena (Empoli)
1740339900,Feb 23 2025 - 7:45pm,complete,N/A,Cagliari,Juventus,Andrea Colombo,26,1.15,1.75,1.07,1.71,0,1,1,1,0,1,"","12",3,4,0,0,1,0,0,0,0,1,11,16,3,8,6,7,9,15,39,61,1.48,1.28,1.16,1.97,2.72,52,80,52,20,16,33,60,48,75,10.05,2.81,4.75,3.77,1.79,1.33,1.93,3.60,7.00,1.80,1.95,Unipol Domus (Cagliari)
1740426300,Feb 24 2025 - 7:45pm,complete,56965,Roma,Monza,Fabio Maresca,26,1.83,0.58,2.07,0.50,4,0,4,2,2,0,"10,32,73,88","",6,3,0,0,1,0,0,0,0,1,33,7,7,3,17,3,6,7,65,35,1.56,0.85,2.43,0.73,2.88,54,88,54,29,17,33,71,59,79,7.41,4.67,1.33,5.50,10.00,1.19,1.80,2.67,4.80,2.05,1.70,Stadio Olimpico (Roma)
1740685500,Feb 27 2025 - 7:45pm,complete,23297,Bologna,AC Milan,Maurizio Mariani,9,1.92,1.42,2.13,1.43,2,1,3,1,0,1,"48,82","43",4,5,1,0,2,0,0,1,0,2,18,11,5,5,11,4,13,15,57,43,1.80,1.60,1.69,1.18,2.71,63,79,55,25,13,29,59,59,88,11.66,4.16,2.62,3.30,2.86,1.25,1.98,2.90,5.50,1.67,2.10,Stadio Renato Dall'Ara (Bologna)
1740771900,Feb 28 2025 - 7:45pm,complete,30011,Fiorentina,Lecce,Livio Marinelli,27,1.85,0.85,2.00,0.73,1,0,1,1,1,0,"9","",5,2,3,0,2,0,1,2,1,1,11,9,4,4,7,5,10,12,47,53,1.51,1.18,1.25,1.14,2.54,47,70,54,27,12,31,66,46,81,8.38,4.38,1.75,3.50,4.60,1.35,1.80,3.75,7.50,1.95,1.80,Stadio Artemio Franchi (Firenze)
1740837600,Mar 01 2025 - 2:00pm,complete,N/A,Atalanta,Venezia,Giuseppe Collu,27,2.00,0.31,1.79,0.40,0,0,0,0,0,0,"","",3,2,1,0,2,0,0,1,0,2,22,10,4,3,15,6,12,14,59,41,1.84,0.96,2.03,0.99,3.26,69,85,65,44,29,41,69,48,76,8.56,3.33,1.23,6.90,13.00,1.15,1.60,2.20,4.00,2.10,1.67,Gewiss Stadium (Bergamo)
1740848400,Mar 01 2025 - 5:00pm,complete,35102,Napoli,Inter Milan,Daniele Doveri,27,2.33,2.08,2.29,2.07,1,1,2,1,0,1,"87","22",12,3,1,0,0,0,0,1,0,0,29,9,5,2,15,5,7,15,62,38,1.60,1.60,2.10,0.72,2.63,32,72,52,23,12,36,61,48,84,12.19,2.63,3.11,3.23,2.47,1.40,2.05,4.00,8.00,1.91,1.91,Stadio Diego Armando Maradona (Napoli)
1740858300,Mar 01 2025 - 7:45pm,complete,16000,Udinese,Parma,Fabio Maresca,27,1.54,0.67,1.53,0.64,1,0,1,1,1,0,"38","",7,7,1,0,1,0,0,1,0,1,26,12,7,5,15,5,15,7,43,57,1.18,1.19,2.21,1.22,2.76,57,76,61,37,16,29,72,52,76,10.50,4.17,1.83,3.69,4.60,1.28,1.82,3.10,6.00,1.75,2.00,Bluenergy Stadium (Udine)
1740915000,Mar 02 2025 - 11:30am,complete,53923,Monza,Torino,Antonio Rapuano,27,0.54,1.08,0.53,1.20,0,2,2,1,0,1,"","41,66",1,4,2,0,2,0,1,1,0,2,12,14,3,8,7,6,10,20,53,47,1.18,1.08,1.08,1.78,2.47,62,66,46,27,16,35,77,39,62,7.54,5.31,3.45,3.23,2.30,1.45,2.30,4.50,9.50,2.05,1.70,U-Power Stadium (Monza)
1740924000,Mar 02 2025 - 2:00pm,complete,N/A,Bologna,Cagliari,Luca Zufferli,27,2.00,0.83,2.13,0.71,2,1,3,1,0,1,"48,56","22",4,1,1,0,2,0,0,1,1,1,16,3,6,2,10,1,15,24,63,37,1.79,1.01,1.82,0.47,2.48,60,76,44,24,12,28,69,44,80,10.25,4.27,1.62,4.00,6.00,1.36,2.00,3.75,7.50,2.05,1.70,Stadio Renato Dall'Ara (Bologna)
1740924000,Mar 02 2025 - 2:00pm,complete,20949,Genoa,Empoli,Davide Massa,27,1.15,1.00,1.27,0.93,1,1,2,1,0,1,"81","36",3,6,1,0,3,0,1,0,2,1,5,8,2,2,3,4,12,18,61,39,1.35,1.05,0.76,0.90,2.73,62,89,50,27,12,35,69,46,85,9.00,4.23,1.95,3.33,4.50,1.44,2.20,4.50,9.50,2.00,1.75,Stadio Comunale Luigi Ferraris (Genova)
1740934800,Mar 02 2025 - 5:00pm,complete,35609,Roma,Como,Luca Pairetto,27,1.92,0.77,2.07,0.67,2,1,3,1,0,1,"61,76","44",1,2,2,0,6,1,0,2,2,5,15,15,5,4,7,7,6,18,48,52,1.63,1.31,1.33,1.19,2.73,46,81,47,31,16,27,81,50,89,8.00,3.93,1.97,3.74,3.84,1.33,1.90,3.60,7.00,1.80,1.95,Stadio Olimpico (Roma)
1740944700,Mar 02 2025 - 7:45pm,complete,39504,AC Milan,Lazio,Gianluca Manganiello,27,1.85,1.69,1.80,1.67,1,2,3,1,0,1,"85","28,90'8",3,5,2,1,1,0,0,3,0,1,17,23,5,9,11,13,14,6,61,39,1.71,1.55,1.88,2.26,2.46,46,69,50,23,12,35,73,39,62,13.30,4.69,2.05,3.80,3.53,1.26,1.84,3.00,5.50,1.70,2.05,Stadio Giuseppe Meazza (Milano)
1741031100,Mar 03 2025 - 7:45pm,complete,N/A,Juventus,Hellas Verona,Matteo Marchetti,27,1.92,1.00,1.87,1.07,2,0,2,0,0,0,"72,90","",6,0,1,0,0,0,0,1,0,0,35,8,10,3,18,3,14,8,76,24,1.60,1.08,3.17,0.75,2.73,50,69,46,38,20,31,66,38,85,9.46,4.92,1.33,5.40,10.00,1.25,1.82,3.10,5.50,2.25,1.57,Allianz Stadium (Torino)
1741376700,Mar 07 2025 - 7:45pm,complete,15000,Cagliari,Genoa,Michael Fabbri,28,1.07,1.15,1.07,1.14,1,1,2,1,1,0,"18","47",2,5,2,0,2,0,0,2,0,2,12,11,2,3,8,6,16,15,47,53,1.46,1.04,1.03,1.09,2.43,41,67,44,22,15,15,59,44,82,10.22,3.14,2.46,3.13,3.23,1.44,2.00,4.33,9.50,2.00,1.75,Unipol Domus (Cagliari)
1741442400,Mar 08 2025 - 2:00pm,complete,N/A,Como,Venezia,Giovanni Ayroldi,28,1.38,0.36,1.36,0.40,1,1,2,0,0,0,"49","90'5",3,5,2,0,3,0,1,1,2,1,15,13,8,5,6,5,11,14,56,44,1.53,0.96,1.75,1.19,2.90,64,86,60,34,15,34,67,49,82,8.52,4.53,1.61,4.10,5.80,1.30,1.96,3.40,6.50,1.95,1.80,Stadio Giuseppe Sinigaglia (Como)
1741442400,Mar 08 2025 - 2:00pm,complete,24049,Parma,Torino,Francesco Fourneau,28,1.07,1.21,1.07,1.20,2,2,4,1,0,1,"60,82","19,72",7,4,4,0,2,0,2,2,1,1,14,8,5,3,9,4,16,15,52,48,1.34,1.13,1.53,0.84,2.93,68,79,50,43,25,33,83,50,86,7.64,4.85,2.71,3.37,2.71,1.33,2.02,3.50,7.00,1.80,1.95,Stadio Ennio Tardini (Parma)
1741453200,Mar 08 2025 - 5:00pm,complete,21344,Lecce,AC Milan,Daniele Doveri,28,1.08,1.31,1.00,1.43,2,3,5,1,1,0,"7,59","68,73,81",2,7,2,0,1,0,1,1,0,1,14,18,4,10,8,7,13,7,30,70,1.29,1.56,1.23,2.20,2.62,54,74,58,23,8,27,69,58,77,10.54,3.85,5.10,4.10,1.68,1.24,1.81,2.90,5.50,1.75,2.00,Stadio Ettore Giardiniero - Via del Mare (Lecce)
1741463100,Mar 08 2025 - 7:45pm,complete,57490,Inter Milan,Monza,Luca Zufferli,28,2.31,0.54,2.36,0.50,3,2,5,3,1,2,"45'1,64,77","32,44",13,1,0,0,1,0,0,0,1,0,41,11,11,5,21,4,8,7,69,31,1.74,0.84,3.55,1.02,3.08,58,89,58,39,12,46,66,50,85,11.00,4.08,1.12,11.00,19.00,1.15,1.60,2.30,4.20,2.50,1.50,Stadio Giuseppe Meazza (Milano)
1741519800,Mar 09 2025 - 11:30am,complete,24612,Hellas Verona,Bologna,Antonio Rapuano,28,1.00,1.38,0.93,1.50,1,2,3,1,0,1,"80","40,78",1,3,2,1,1,0,1,2,1,0,9,14,3,7,5,6,23,11,32,68,1.23,1.28,0.90,1.71,3.08,43,85,70,38,23,43,73,43,81,8.54,4.69,5.00,3.55,1.81,1.44,1.91,4.33,9.50,2.05,1.70,Stadio Marcantonio Bentegodi (Verona)
1741528800,Mar 09 2025 - 2:00pm,complete,N/A,Napoli,Fiorentina,Andrea Colombo,28,2.23,1.38,2.29,1.29,2,1,3,1,1,0,"26,60","66",4,4,1,0,2,0,0,1,0,2,22,13,12,3,8,5,10,5,49,51,1.64,1.21,2.50,0.96,2.31,42,66,42,16,8,35,69,27,81,11.00,3.38,1.72,3.79,5.30,1.36,2.10,3.75,7.50,2.05,1.70,Stadio Diego Armando Maradona (Napoli)
1741539600,Mar 09 2025 - 5:00pm,complete,N/A,Empoli,Roma,Marco Di Bello,28,0.62,1.15,0.57,1.29,0,1,1,1,0,1,"","1",1,9,0,0,0,0,0,0,0,0,5,19,2,8,2,9,12,10,36,64,0.99,1.36,0.59,1.99,2.04,43,58,31,19,12,23,39,42,69,8.93,3.85,4.20,3.59,1.93,1.33,1.93,3.60,7.00,1.80,1.95,Stadio Carlo Castellani – Computer Gross Arena (Empoli)
1741549500,Mar 09 2025 - 7:45pm,complete,N/A,Juventus,Atalanta,Simone Sozza,28,2.00,2.14,1.87,2.20,0,4,4,1,0,1,"","29,46,66,77",2,5,1,0,1,0,1,0,1,0,15,25,3,10,7,10,12,11,63,37,1.71,1.57,1.15,2.31,2.65,40,79,50,36,11,36,64,47,90,10.64,4.22,2.48,3.41,2.94,1.30,1.95,3.30,6.50,1.75,2.00,Allianz Stadium (Torino)
1741635900,Mar 10 2025 - 7:45pm,complete,0,Lazio,Udinese,Marco Piccinini,28,1.92,1.23,1.86,1.21,1,1,2,2,1,1,"32","22",4,9,2,0,4,0,0,2,1,3,14,20,6,5,5,11,9,11,49,51,1.63,1.36,1.47,1.61,3.12,73,89,70,31,19,43,89,54,81,10.46,5.15,1.71,3.84,5.30,1.30,1.93,3.30,6.50,1.80,1.95,Stadio Olimpico (Roma)
1741981500,Mar 14 2025 - 7:45pm,complete,N/A,Genoa,Lecce,Fabio Maresca,29,1.14,0.79,1.27,0.73,2,1,3,2,2,0,"16,45'2","68",3,3,3,0,2,0,2,1,0,2,11,22,3,3,6,13,12,10,44,56,1.31,1.18,1.09,1.49,2.22,40,65,36,25,7,25,50,43,82,7.86,4.22,2.06,3.10,4.40,1.50,2.25,4.80,10.50,2.10,1.67,Stadio Comunale Luigi Ferraris (Genova)
1742047200,Mar 15 2025 - 2:00pm,complete,9251,Monza,Parma,Gianluca Manganiello,29,0.50,0.62,0.53,0.64,1,1,2,0,0,0,"60","84",6,3,0,0,3,0,0,0,0,3,14,18,5,7,8,8,14,16,45,55,1.17,1.19,1.49,1.76,2.38,60,67,53,23,8,34,74,38,60,9.40,4.65,3.31,3.03,2.48,1.36,2.02,3.70,7.50,1.80,1.95,U-Power Stadium (Monza)
1742047200,Mar 15 2025 - 2:00pm,complete,20754,Udinese,Hellas Verona,Giovanni Ayroldi,29,1.64,0.93,1.53,1.07,0,1,1,0,0,0,"","72",2,1,5,0,2,0,1,4,0,2,12,10,4,3,8,5,21,16,64,36,1.25,1.06,1.47,1.03,2.75,47,71,47,33,22,25,72,47,79,8.28,4.72,1.86,3.51,4.70,1.35,2.00,3.75,7.50,1.95,1.80,Bluenergy Stadium (Udine)
1742058000,Mar 15 2025 - 5:00pm,complete,74500,AC Milan,Como,Matteo Marchetti,29,1.71,0.71,1.80,0.67,2,1,3,1,0,1,"53,75","33",0,5,3,0,3,1,1,2,0,4,10,16,4,7,4,3,21,7,42,58,1.72,1.30,1.04,1.75,2.36,47,75,40,21,7,29,75,33,72,10.28,4.71,1.86,3.83,4.20,1.25,1.82,2.90,5.50,1.70,2.05,Stadio Giuseppe Meazza (Milano)
1742067900,Mar 15 2025 - 7:45pm,complete,N/A,Torino,Empoli,Daniele Chiffi,29,1.31,1.00,1.43,0.93,1,0,1,0,0,0,"70","",5,5,1,0,0,0,0,1,0,0,17,18,4,3,10,14,9,12,51,49,1.15,1.04,1.49,1.80,2.46,63,81,40,19,15,29,78,34,71,8.88,4.28,1.88,3.41,4.75,1.40,2.30,4.20,8.00,2.00,1.75,Stadio Olimpico Grande Torino (Torino)
1742124600,Mar 16 2025 - 11:30am,complete,N/A,Venezia,Napoli,Maurizio Mariani,29,1.00,2.00,1.00,1.93,0,0,0,0,0,0,"","",3,8,2,0,1,0,1,1,0,1,17,18,5,8,9,8,19,8,43,57,1.33,1.18,1.66,2.07,2.36,48,71,44,22,8,33,71,37,74,8.22,3.06,6.90,4.20,1.53,1.30,2.02,3.60,7.00,2.10,1.67,Stadio Pier Luigi Penzo (Venezia)
1742133600,Mar 16 2025 - 2:00pm,complete,N/A,Bologna,Lazio,Andrea Colombo,29,2.07,1.79,2.13,1.67,5,0,5,1,1,0,"16,48,49,74,84","",7,1,2,0,3,0,1,1,1,2,17,11,8,3,6,5,18,16,52,48,1.79,1.60,1.82,0.90,2.68,61,75,57,25,14,25,68,57,83,12.08,4.35,2.46,3.13,3.23,1.40,1.91,4.00,8.00,1.91,1.91,Stadio Renato Dall'Ara (Bologna)
1742137200,Mar 16 2025 - 3:00pm,complete,62911,Roma,Cagliari,Marco Piccinini,29,2.00,0.77,2.07,0.71,1,0,1,0,0,0,"62","",8,3,0,0,2,0,0,0,2,0,19,16,2,6,12,6,4,12,61,39,1.61,0.97,1.37,1.33,2.73,56,82,55,26,15,30,86,55,82,8.08,4.10,1.59,4.10,6.00,1.30,1.95,3.35,6.50,2.00,1.75,Stadio Olimpico (Roma)
1742144400,Mar 16 2025 - 5:00pm,complete,N/A,Fiorentina,Juventus,Michael Fabbri,29,1.93,1.85,2.00,1.71,3,0,3,2,2,0,"15,18,53","",1,6,2,0,3,0,1,1,1,2,11,15,4,3,6,9,9,13,37,63,1.49,1.33,1.16,1.44,2.59,56,78,55,15,8,38,74,44,67,8.62,3.61,3.41,3.32,2.26,1.42,2.10,4.20,8.50,1.95,1.80,Stadio Artemio Franchi (Firenze)
1742154300,Mar 16 2025 - 7:45pm,complete,N/A,Atalanta,Inter Milan,Davide Massa,29,1.92,2.00,1.79,2.07,0,2,2,0,0,0,"","54,87",2,6,2,1,2,1,1,2,0,3,22,19,4,6,13,9,11,14,50,50,1.86,1.54,1.66,1.75,3.23,57,82,60,41,34,41,63,56,78,9.72,2.59,2.66,3.45,2.70,1.28,1.84,3.10,6.00,1.70,2.05,Gewiss Stadium (Bergamo)
1692462600,Aug 19 2023 - 4:30pm,complete,N/A,Empoli,Hellas Verona,Luca Massimi,1,0.00,0.00,1.05,0.74,0,1,1,0,0,0,"","75",2,4,2,0,2,0,0,2,1,1,11,11,5,5,5,5,20,16,47,53,0.00,0.00,1.21,1.23,0.00,0,0,0,0,0,0,0,0,0,0.00,0.00,2.30,3.20,3.25,1.40,2.16,3.75,7.50,1.95,1.80,Stadio Carlo Castellani – Computer Gross Arena (Empoli)
1692462600,Aug 19 2023 - 4:30pm,complete,N/A,Frosinone,Napoli,Matteo Marcenaro,1,0.00,0.00,1.32,1.47,1,3,4,3,1,2,"7","24,42,79",4,6,3,0,3,0,2,1,3,0,5,20,2,9,2,4,14,15,48,52,0.00,0.00,0.55,1.70,0.00,0,0,0,0,0,0,0,0,0,0.00,0.00,8.33,5.30,1.34,1.24,1.62,2.24,5.20,2.00,1.75,Stadio Benito Stirpe (Frosinone)
1692470700,Aug 19 2023 - 6:45pm,complete,N/A,Genoa,Fiorentina,Giovanni Ayroldi,1,0.00,0.00,1.58,1.32,1,4,5,3,0,3,"58","5,11,40,56",3,4,2,0,3,0,1,1,2,1,5,10,3,6,2,2,14,13,32,68,0.00,0.00,0.77,1.31,0.00,0,0,0,0,0,0,0,0,0,0.00,0.00,3.36,3.30,2.20,1.33,2.01,3.60,7.00,1.80,1.95,Stadio Comunale Luigi Ferraris (Genova)
1692470700,Aug 19 2023 - 6:45pm,complete,N/A,Inter Milan,Monza,Andrea Colombo,1,0.00,0.00,2.42,1.11,2,0,2,1,1,0,"8,76","",8,3,1,0,1,0,1,0,1,0,23,13,4,3,12,6,7,13,48,52,0.00,0.00,1.73,1.13,0.00,0,0,0,0,0,0,0,0,0,0.00,0.00,1.38,4.85,8.05,1.18,1.57,2.50,4.33,1.91,1.91,Stadio Giuseppe Meazza (Milano)
1692549000,Aug 20 2023 - 4:30pm,complete,N/A,Roma,Salernitana,Ermanno Feliciani,1,0.00,0.00,2.11,0.47,2,2,4,2,1,1,"17,82","36,49",9,1,0,0,4,0,0,0,1,3,14,4,4,3,7,1,12,7,60,40,0.00,0.00,1.42,0.59,0.00,0,0,0,0,0,0,0,0,0,0.00,0.00,1.47,3.92,6.08,1.33,1.82,1.98,6.50,2.05,1.70,Stadio Olimpico (Roma)
1692549000,Aug 20 2023 - 4:30pm,complete,N/A,Sassuolo,Atalanta,Matteo Marchetti,1,0.00,0.00,1.05,1.47,0,2,2,0,0,0,"","83,90'3",7,7,0,0,0,0,0,0,0,0,12,18,4,7,4,8,9,15,49,51,0.00,0.00,1.00,1.92,0.00,0,0,0,0,0,0,0,0,0,0.00,0.00,3.89,3.70,1.75,1.15,1.57,2.35,4.50,1.50,2.50,MAPEI Stadium - Città del Tricolore (Reggio Emilia)
1692557100,Aug 20 2023 - 6:45pm,complete,N/A,Lecce,Lazio,Federico Dionisi,1,0.00,0.00,1.26,1.42,2,1,3,1,0,1,"85,87","26",5,2,3,0,2,0,0,3,0,2,24,11,8,5,8,3,12,16,48,52,0.00,0.00,2.13,1.13,0.00,0,0,0,0,0,0,0,0,0,0.00,0.00,3.73,3.18,1.93,1.40,1.81,4.00,8.00,1.95,1.80,Stadio Comunale Via del Mare (Lecce)
1692557100,Aug 20 2023 - 6:45pm,complete,N/A,Udinese,Juventus,Antonio Rapuano,1,0.00,0.00,0.74,1.63,0,3,3,3,0,3,"","2,20,45'3",7,3,1,0,3,0,1,0,2,1,20,10,6,5,6,3,12,12,48,52,0.00,0.00,1.55,1.09,0.00,0,0,0,0,0,0,0,0,0,0.00,0.00,3.73,3.28,1.90,1.38,2.12,3.75,7.50,1.95,1.80,Udinese Arena (Udine)
1692635400,Aug 21 2023 - 4:30pm,complete,N/A,Torino,Cagliari,Francesco Cosso,1,0.00,0.00,1.74,0.58,0,0,0,0,0,0,"","",8,3,1,0,1,0,1,0,0,1,12,9,3,3,6,5,8,12,57,43,0.00,0.00,1.13,0.99,0.00,0,0,0,0,0,0,0,0,0,0.00,0.00,1.64,3.30,4.60,1.35,2.15,3.85,8.50,2.05,1.70,Stadio Olimpico Grande Torino (Torino)
1692643500,Aug 21 2023 - 6:45pm,complete,N/A,Bologna,AC Milan,Luca Pairetto,1,0.00,0.00,2.16,1.84,0,2,2,2,0,2,"","11,21",3,6,2,0,2,0,1,1,0,2,18,13,6,7,7,3,10,4,53,47,0.00,0.00,1.53,1.37,0.00,0,0,0,0,0,0,0,0,0,0.00,0.00,3.05,3.25,2.15,1.33,2.00,3.50,6.50,1.80,1.95,Stadio Renato Dall'Ara (Bologna)
1693067400,Aug 26 2023 - 4:30pm,complete,N/A,Frosinone,Atalanta,Juan Luca Sacchi,2,0.00,3.00,1.32,1.47,2,1,3,2,2,0,"5,24","56",3,7,1,0,2,0,1,0,2,0,14,19,6,7,4,8,10,10,37,63,0.55,1.92,1.28,1.95,3.00,50,100,50,50,0,50,50,50,100,11.00,3.00,4.90,3.80,1.73,1.22,1.67,2.75,5.00,1.70,2.05,Stadio Benito Stirpe (Frosinone)
1693067400,Aug 26 2023 - 4:30pm,complete,N/A,Monza,Empoli,Gianluca Aureliano,2,0.00,0.00,1.26,0.84,2,0,2,1,1,0,"45,53","",6,5,1,0,2,0,1,0,1,1,22,19,6,7,10,8,13,9,54,46,0.00,0.00,1.85,1.78,0.00,0,0,0,0,0,0,0,0,0,0.00,0.00,1.95,3.50,4.00,1.35,1.89,3.75,7.50,1.91,1.91,U-Power Stadium (Monza)
1693075500,Aug 26 2023 - 6:45pm,complete,N/A,Hellas Verona,Roma,Daniele Doveri,2,0.00,0.00,1.26,1.21,2,1,3,2,2,0,"4,45'3","56",1,12,1,1,3,0,0,2,1,2,6,24,4,8,1,12,18,12,28,72,0.00,0.00,0.76,2.29,0.00,0,0,0,0,0,0,0,0,0,0.00,0.00,4.50,3.45,1.85,1.42,2.15,4.33,9.00,2.00,1.75,Stadio Marc'Antonio Bentegodi (Verona)
1693075500,Aug 26 2023 - 6:45pm,complete,N/A,AC Milan,Torino,Maurizio Mariani,2,0.00,0.00,2.11,1.05,4,1,5,4,3,1,"33,43,45'2,65","36",2,1,2,0,3,0,1,1,1,2,18,9,8,2,8,6,15,16,59,41,0.00,0.00,1.80,0.91,0.00,0,0,0,0,0,0,0,0,0,0.00,0.00,1.67,3.75,5.50,1.36,2.05,3.75,7.50,2.20,1.62,Stadio Giuseppe Meazza (Milano)
1693153800,Aug 27 2023 - 4:30pm,complete,N/A,Fiorentina,Lecce,N/A,2,0.00,0.00,1.84,0.74,2,2,4,2,2,0,"3,25","49,76",3,3,1,0,3,0,0,1,1,2,12,7,5,3,4,1,15,16,60,40,0.00,0.00,1.32,0.74,0.00,0,0,0,0,0,0,0,0,0,0.00,0.00,1.66,4.06,6.05,1.34,1.99,3.63,7.10,2.05,1.70,Stadio Artemio Franchi (Firenze)
1693153800,Aug 27 2023 - 4:30pm,complete,N/A,Juventus,Bologna,Marco Di Bello,2,0.00,0.00,2.11,1.42,1,1,2,1,0,1,"80","24",6,2,2,0,1,0,1,1,1,0,15,11,4,5,7,4,13,13,58,42,0.00,0.00,1.51,1.13,0.00,0,0,0,0,0,0,0,0,0,0.00,0.00,1.66,4.14,5.89,1.29,1.88,3.20,5.75,2.05,1.70,Allianz Stadium (Torino)
1693161900,Aug 27 2023 - 6:45pm,complete,N/A,Lazio,Genoa,Livio Marinelli,2,0.00,0.00,1.79,1.00,0,1,1,1,0,1,"","16",15,1,4,0,2,0,1,3,1,1,18,6,3,4,10,1,8,16,70,30,0.00,0.00,1.78,0.74,0.00,0,0,0,0,0,0,0,0,0,0.00,0.00,1.51,4.66,7.19,1.33,1.75,3.52,6.85,2.10,1.67,Stadio Olimpico (Roma)
1693161900,Aug 27 2023 - 6:45pm,complete,N/A,Napoli,Sassuolo,Antonio Giua,2,0.00,0.00,1.32,0.53,2,0,2,1,1,0,"16,64","",12,4,0,0,1,1,0,0,1,1,26,7,6,2,12,3,7,7,67,33,0.00,0.00,2.15,0.69,0.00,0,0,0,0,0,0,0,0,0,0.00,0.00,1.35,5.96,9.25,1.13,1.41,2.18,3.60,1.70,2.05,Stadio Diego Armando Maradona (Napoli)
1693240200,Aug 28 2023 - 4:30pm,complete,N/A,Salernitana,Udinese,Davide Massa,2,0.00,0.00,0.42,1.21,1,1,2,0,0,0,"72","57",7,5,4,0,4,0,0,4,0,4,10,15,5,7,4,4,13,19,53,47,0.00,0.00,1.19,1.47,0.00,0,0,0,0,0,0,0,0,0,0.00,0.00,2.87,3.45,2.49,1.30,2.04,3.50,6.70,1.75,2.00,Stadio Arechi (Salerno)
1693248300,Aug 28 2023 - 6:45pm,complete,N/A,Cagliari,Inter Milan,Michael Fabbri,2,0.00,0.00,1.32,2.53,0,2,2,2,0,2,"","21,30",4,7,1,0,1,0,0,1,0,1,13,20,3,5,4,10,9,10,38,62,0.00,0.00,0.99,1.67,0.00,0,0,0,0,0,0,0,0,0,0.00,0.00,6.40,4.65,1.49,1.22,1.71,2.75,5.00,1.95,1.80,Unipol Domus (Cagliari)
1693585800,Sep 01 2023 - 4:30pm,complete,N/A,Sassuolo,Hellas Verona,Marco Piccinini,3,0.00,3.00,1.05,0.74,3,1,4,1,1,0,"11,63,73","56",10,1,1,0,3,0,1,0,2,1,17,13,8,4,4,9,6,12,47,53,1.00,1.23,1.65,1.30,1.50,0,50,0,0,0,0,0,50,100,11.00,2.00,1.73,3.95,4.60,1.23,1.73,2.95,5.80,1.70,2.05,MAPEI Stadium - Città del Tricolore (Reggio Emilia)
1693593900,Sep 01 2023 - 6:45pm,complete,N/A,Roma,AC Milan,Antonio Rapuano,3,1.00,3.00,2.11,1.84,1,2,3,1,0,1,"90'2","9,48",3,5,2,0,3,1,0,2,2,2,14,10,3,5,7,1,14,15,43,57,1.42,1.37,1.06,0.94,3.00,50,100,50,50,0,100,100,50,50,15.00,2.00,2.24,3.30,3.32,1.42,2.25,4.33,8.50,1.95,1.80,Stadio Olimpico (Roma)
1693672200,Sep 02 2023 - 4:30pm,complete,N/A,Bologna,Cagliari,Daniele Orsato,3,0.00,1.00,2.16,0.58,2,1,3,1,0,1,"59,89","22",5,2,1,0,2,0,1,0,0,2,17,8,8,2,6,5,9,12,66,34,1.53,0.99,1.93,0.85,1.00,0,50,0,0,0,50,50,0,0,6.00,3.00,1.72,4.12,5.27,1.30,1.93,3.30,6.50,1.91,1.91,Stadio Renato Dall'Ara (Bologna)
1693672200,Sep 02 2023 - 4:30pm,complete,N/A,Udinese,Frosinone,Marco Guida,3,0.00,0.00,0.74,0.53,0,0,0,0,0,0,"","",3,5,2,0,2,0,0,2,1,1,13,13,7,3,4,6,14,9,47,53,1.55,0.00,1.57,1.20,1.50,0,50,50,0,0,50,50,0,0,7.00,1.00,1.88,3.89,4.40,1.29,1.97,3.40,7.00,1.80,1.95,Udinese Arena (Udine)
1693680300,Sep 02 2023 - 6:45pm,complete,N/A,Atalanta,Monza,Matteo Marcenaro,3,0.00,0.00,2.16,1.11,3,0,3,2,2,0,"35,42,62","",7,3,0,0,3,0,0,0,1,2,19,10,9,3,5,5,11,9,44,56,0.00,1.13,2.01,0.95,1.00,0,50,0,0,0,0,50,0,50,3.00,1.00,1.58,4.55,6.10,1.22,1.67,2.62,4.50,1.75,2.00,Gewiss Stadium (Bergamo)
1693680300,Sep 02 2023 - 6:45pm,complete,N/A,Napoli,Lazio,Andrea Colombo,3,3.00,0.00,1.32,1.42,1,2,3,2,1,1,"32","30,52",7,2,0,0,2,0,0,0,1,1,24,8,6,4,8,3,7,8,66,34,2.15,1.13,1.82,0.92,2.50,50,100,50,0,0,0,100,50,100,14.00,2.00,1.75,4.10,5.03,1.28,1.88,3.20,6.00,1.91,1.91,Stadio Diego Armando Maradona (Napoli)
1693758600,Sep 03 2023 - 4:30pm,complete,N/A,Inter Milan,Fiorentina,Matteo Marchetti,3,3.00,3.00,2.42,1.32,4,0,4,1,1,0,"23,53,58,73","",1,1,1,0,1,0,1,0,1,0,22,8,12,3,8,2,13,10,40,60,1.73,1.31,2.31,0.85,3.50,50,100,50,50,50,50,100,50,100,12.00,4.00,1.65,3.90,4.75,1.25,1.80,2.89,5.35,1.75,2.00,Stadio Giuseppe Meazza (Milano)
1693758600,Sep 03 2023 - 4:30pm,complete,N/A,Torino,Genoa,Daniele Chiffi,3,1.00,3.00,1.74,1.00,1,0,1,0,0,0,"90'4","",4,0,2,0,5,0,0,2,3,2,11,8,4,3,5,3,15,9,63,37,1.13,0.74,1.28,0.75,0.50,0,0,0,0,0,0,50,0,0,9.00,3.00,1.80,3.50,4.40,1.40,2.25,4.00,8.00,2.05,1.70,Stadio Olimpico Grande Torino (Torino)
1693766700,Sep 03 2023 - 6:45pm,complete,N/A,Empoli,Juventus,Giovanni Ayroldi,3,0.00,3.00,1.05,1.63,0,2,2,1,0,1,"","24,82",3,7,3,0,3,0,1,2,1,2,8,19,0,6,6,6,13,13,49,51,1.21,1.09,0.74,1.66,2.00,0,50,50,0,0,50,50,0,50,5.00,5.00,5.00,3.85,1.65,1.29,1.88,3.20,5.75,1.91,1.91,Stadio Carlo Castellani – Computer Gross Arena (Empoli)
1693766700,Sep 03 2023 - 6:45pm,complete,N/A,Lecce,Salernitana,Luca Massimi,3,3.00,1.00,1.26,0.47,2,0,2,1,1,0,"6,90'8","",6,5,3,0,3,0,2,1,1,2,21,13,7,5,4,6,16,9,45,55,2.13,0.59,1.55,1.34,3.50,100,100,100,50,0,50,100,100,100,6.00,7.00,1.90,3.35,4.10,1.36,2.10,4.00,9.00,1.95,1.80,Stadio Comunale Via del Mare (Lecce)
1694869200,Sep 16 2023 - 1:00pm,complete,N/A,Juventus,Lazio,Fabio Maresca,4,1.00,1.50,2.11,1.42,3,1,4,2,2,0,"10,26,67","64",7,9,5,0,1,0,2,3,0,1,18,17,8,6,9,5,13,12,36,64,1.51,1.02,1.86,1.56,2.50,100,100,50,0,0,25,100,25,100,8.00,4.00,1.90,3.50,4.40,1.36,2.03,3.75,7.50,1.95,1.80,Allianz Stadium (Torino)
1694880000,Sep 16 2023 - 4:00pm,complete,N/A,Inter Milan,AC Milan,Simone Sozza,4,3.00,3.00,2.42,1.84,5,1,6,2,2,0,"5,38,69,79,90'3","57",5,0,2,0,2,0,0,2,1,1,15,10,8,3,3,4,17,13,40,60,2.02,1.16,1.50,0.94,2.75,25,100,50,25,0,25,100,50,75,10.00,4.00,2.15,3.50,3.30,1.30,1.90,3.40,6.50,1.70,2.05,Stadio Giuseppe Meazza (Milano)
1694889900,Sep 16 2023 - 6:45pm,complete,N/A,Genoa,Napoli,Michael Fabbri,4,0.00,3.00,1.58,1.47,2,2,4,1,1,0,"40,56","76,84",3,1,3,0,2,0,2,1,1,1,9,13,4,5,4,3,14,9,34,66,0.77,1.70,1.04,1.34,4.50,100,100,100,100,50,100,100,50,100,9.00,5.00,5.25,3.95,1.67,1.26,1.68,3.10,5.50,1.75,2.00,Stadio Comunale Luigi Ferraris (Genova)
1694946600,Sep 17 2023 - 10:30am,complete,N/A,Cagliari,Udinese,Daniele Doveri,4,0.00,1.00,1.32,1.21,0,0,0,0,0,0,"","",4,6,1,1,1,0,0,2,0,1,11,12,2,2,7,9,12,12,44,56,0.99,1.47,1.01,1.16,2.00,50,100,0,0,0,50,50,50,50,9.00,5.00,2.75,3.30,2.50,1.36,1.98,3.75,7.50,1.80,1.95,Unipol Domus (Cagliari)
1694955600,Sep 17 2023 - 1:00pm,complete,N/A,Frosinone,Sassuolo,Alessandro Prontera,4,1.50,0.00,1.32,0.53,4,2,6,3,1,2,"45'4,70,76,90'6","7,24",5,6,4,0,2,0,1,3,1,1,17,19,7,8,8,5,10,9,55,45,0.92,0.69,1.82,1.71,2.75,50,100,50,25,0,50,100,0,100,7.50,5.00,2.55,3.40,2.65,1.28,1.92,3.20,6.00,1.67,2.10,Stadio Benito Stirpe (Frosinone)
1694955600,Sep 17 2023 - 1:00pm,complete,N/A,Monza,Lecce,Livio Marinelli,4,3.00,1.00,1.26,0.74,1,1,2,2,1,1,"24","3",10,1,5,1,1,1,2,4,1,1,26,5,7,4,12,1,17,11,59,41,1.85,0.74,2.38,0.85,3.00,50,100,50,50,0,50,100,50,100,9.00,4.00,2.00,3.50,3.75,1.36,2.00,3.75,7.50,1.91,1.91,U-Power Stadium (Monza)
1694966400,Sep 17 2023 - 4:00pm,complete,N/A,Fiorentina,Atalanta,Luca Pairetto,4,1.00,1.50,1.84,1.47,3,2,5,3,2,1,"35,45,76","20,53",3,4,1,0,2,0,0,1,1,1,16,12,9,5,4,4,8,14,58,42,1.32,1.94,1.91,1.19,3.25,75,100,75,50,0,75,75,75,100,10.00,2.00,2.44,3.60,2.84,1.26,1.70,3.00,5.50,1.62,2.20,Stadio Artemio Franchi (Firenze)
1694976300,Sep 17 2023 - 6:45pm,complete,N/A,Roma,Empoli,Juan Luca Sacchi,4,0.50,0.00,2.11,0.84,7,0,7,3,3,0,"2,8,35,55,79,82,86","",2,6,2,0,2,0,2,0,1,1,16,10,10,3,3,4,14,4,53,47,1.24,1.78,1.74,1.01,2.75,50,100,50,25,0,25,100,50,100,11.00,3.00,1.45,4.60,7.30,1.30,2.00,3.30,6.50,2.10,1.67,Stadio Olimpico (Roma)
1695054600,Sep 18 2023 - 4:30pm,complete,N/A,Salernitana,Torino,Antonio Giua,4,1.00,0.00,0.42,1.05,0,3,3,2,0,2,"","15,41,50",1,2,2,0,2,0,1,1,0,2,15,13,5,5,8,3,12,16,56,44,1.19,0.91,1.54,1.25,3.50,100,100,50,50,50,50,50,50,100,8.00,7.00,3.50,3.25,2.15,1.40,2.01,4.20,8.50,1.95,1.80,Stadio Arechi (Salerno)
1695062700,Sep 18 2023 - 6:45pm,complete,N/A,Hellas Verona,Bologna,Federico La Penna,4,3.00,1.00,1.26,1.42,0,0,0,0,0,0,"","",3,4,4,0,2,0,1,3,1,1,10,12,2,5,5,5,18,11,39,61,0.76,1.13,0.84,1.18,2.50,100,100,50,0,0,50,100,0,100,3.00,4.00,3.00,3.30,2.30,1.36,2.02,3.75,7.50,1.80,1.95,Stadio Marc'Antonio Bentegodi (Verona)
1695400200,Sep 22 2023 - 4:30pm,complete,N/A,Salernitana,Frosinone,Marco Piccinini,5,0.50,1.00,0.42,0.53,1,1,2,1,0,1,"52","12",8,6,2,0,2,0,0,2,2,0,20,10,7,4,8,4,13,12,49,51,1.37,1.20,1.90,1.05,1.25,25,50,25,0,0,25,25,25,50,9.00,5.00,2.50,3.20,2.90,1.36,2.10,3.95,8.50,1.91,1.91,Stadio Arechi (Salerno)
1695408300,Sep 22 2023 - 6:45pm,complete,27000,Lecce,Genoa,Antonio Rapuano,5,3.00,1.50,1.26,1.00,1,0,1,0,0,0,"83","",4,3,1,0,2,1,0,1,3,0,19,9,4,2,10,5,12,10,56,44,1.84,0.75,1.58,0.81,1.75,25,50,25,0,0,0,75,25,75,6.00,6.50,2.35,3.10,3.20,1.38,2.20,4.25,9.50,1.95,1.80,Stadio Comunale Via del Mare (Lecce)
1695474000,Sep 23 2023 - 1:00pm,complete,N/A,AC Milan,Hellas Verona,Fabio Maresca,5,3.00,1.50,2.11,0.74,1,0,1,1,1,0,"8","",2,3,4,0,2,0,1,3,1,1,10,11,5,3,2,5,15,11,54,46,1.80,1.27,1.05,0.99,3.75,75,75,75,75,50,50,75,25,100,4.50,4.50,1.33,4.70,7.20,1.23,1.75,3.00,6.00,2.00,1.75,Stadio Giuseppe Meazza (Milano)
1695484800,Sep 23 2023 - 4:00pm,complete,N/A,Sassuolo,Juventus,Andrea Colombo,5,1.50,3.00,1.05,1.63,4,2,6,3,2,1,"12,41,82,90'5","21,78",6,3,4,0,2,0,0,4,1,1,19,16,8,3,7,10,12,9,42,58,1.32,1.37,1.83,1.39,2.75,25,100,50,25,0,25,75,50,75,13.50,3.50,4.75,3.80,1.70,1.23,1.67,2.95,5.80,1.67,2.10,MAPEI Stadium - Città del Tricolore (Reggio Emilia)
1695494700,Sep 23 2023 - 6:45pm,complete,N/A,Lazio,Monza,Rosario Abisso,5,0.00,0.00,1.79,1.11,1,1,2,2,1,1,"12","36",1,3,2,0,2,0,0,2,2,0,9,18,2,5,4,11,13,6,48,52,1.78,1.04,1.00,1.55,1.75,0,50,25,0,0,25,100,0,50,18.00,6.00,1.75,3.70,4.50,1.25,1.73,3.30,6.10,1.80,1.95,Stadio Olimpico (Roma)
1695551400,Sep 24 2023 - 10:30am,complete,N/A,Empoli,Inter Milan,Matteo Marcenaro,5,0.00,3.00,1.05,2.53,0,1,1,0,0,0,"","51",3,6,2,0,2,0,1,1,1,1,8,24,2,7,3,11,15,11,38,62,0.98,1.67,0.67,2.13,1.75,0,75,0,0,0,50,75,0,50,9.50,3.50,6.60,4.80,1.44,1.14,1.60,2.30,3.92,1.80,1.95,Stadio Carlo Castellani – Computer Gross Arena (Empoli)
1695560400,Sep 24 2023 - 1:00pm,complete,N/A,Atalanta,Cagliari,Ermanno Feliciani,5,3.00,0.50,2.16,0.58,2,0,2,1,1,0,"33,76","",7,7,1,0,2,0,0,1,2,0,12,12,7,2,3,7,5,9,56,44,2.01,0.92,1.60,1.01,2.25,25,75,75,0,0,50,75,25,75,9.50,1.50,1.34,5.20,8.80,1.21,1.63,2.55,4.50,1.95,1.80,Gewiss Stadium (Bergamo)
1695560400,Sep 24 2023 - 1:00pm,complete,N/A,Udinese,Fiorentina,Daniele Chiffi,5,0.50,1.50,0.74,1.32,0,2,2,1,0,1,"","32,90'2",10,3,0,0,1,0,0,0,1,0,22,7,9,3,5,3,10,8,49,51,1.56,1.08,1.85,0.93,3.00,25,75,75,50,25,50,75,50,50,7.50,3.50,3.10,3.50,2.27,1.29,1.91,3.20,5.75,1.70,2.05,Udinese Arena (Udine)
1695571200,Sep 24 2023 - 4:00pm,complete,N/A,Bologna,Napoli,Giovanni Ayroldi,5,1.50,2.00,2.16,1.47,0,0,0,0,0,0,"","",5,5,4,0,5,0,1,3,1,4,7,13,3,5,2,6,16,12,49,51,1.73,1.52,0.78,1.50,3.25,75,100,75,50,0,50,100,50,75,7.50,4.00,3.90,3.40,1.95,1.25,1.75,2.90,5.25,1.75,2.00,Stadio Renato Dall'Ara (Bologna)
1695581100,Sep 24 2023 - 6:45pm,complete,N/A,Torino,Roma,Marco Guida,5,2.00,0.00,1.74,1.21,1,1,2,0,0,0,"85","68",7,1,0,0,2,0,0,0,0,2,14,12,5,4,7,6,4,5,42,58,1.20,2.29,1.43,1.23,1.75,50,50,50,0,0,50,50,0,75,18.00,4.50,3.30,2.80,2.50,1.50,2.40,4.75,9.50,2.05,1.70,Stadio Olimpico Grande Torino (Torino)
1695753900,Sep 26 2023 - 6:45pm,complete,N/A,Juventus,Lecce,Antonio Giua,6,2.00,1.00,2.11,0.74,1,0,1,0,0,0,"57","",5,1,2,0,4,1,0,2,1,4,16,3,6,0,5,3,15,16,51,49,1.69,0.80,1.50,0.39,3.00,100,100,50,50,0,75,100,50,75,8.50,6.50,1.43,4.45,7.90,1.30,1.90,3.40,6.50,2.10,1.67,Allianz Stadium (Torino)
1695832200,Sep 27 2023 - 4:30pm,complete,N/A,Cagliari,AC Milan,Federico La Penna,6,0.50,2.00,1.32,1.84,1,3,4,3,1,2,"29","40,45,60",3,5,3,0,1,0,1,2,0,1,18,18,7,7,4,7,11,6,33,67,1.00,1.09,1.50,1.81,2.34,34,75,34,17,17,59,75,34,34,7.67,4.17,6.00,4.00,1.53,1.25,1.63,2.93,5.45,1.80,1.95,Unipol Domus (Cagliari)
1695832200,Sep 27 2023 - 4:30pm,complete,N/A,Empoli,Salernitana,Antonio Rapuano,6,0.00,0.50,1.05,0.47,1,0,1,1,1,0,"34","",10,2,2,0,1,0,1,1,1,0,14,15,7,3,5,5,21,14,40,60,0.87,0.97,1.60,1.06,2.17,25,67,25,25,0,25,67,25,100,5.67,5.83,2.25,3.10,3.40,1.32,1.99,3.40,6.50,1.70,2.05,Stadio Carlo Castellani – Computer Gross Arena (Empoli)
1695832200,Sep 27 2023 - 4:30pm,complete,N/A,Hellas Verona,Atalanta,Federico Dionisi,6,2.00,1.00,1.26,1.47,0,1,1,1,0,1,"","13",4,1,2,0,4,0,0,2,0,4,12,9,3,3,6,5,11,25,51,49,0.80,1.69,1.05,1.02,2.42,59,75,59,17,17,59,59,34,75,8.00,4.83,4.70,4.00,1.67,1.26,1.68,3.10,5.50,1.80,1.95,Stadio Marc'Antonio Bentegodi (Verona)
1695840300,Sep 27 2023 - 6:45pm,complete,N/A,Inter Milan,Sassuolo,Luca Massimi,6,3.00,0.00,2.42,0.53,1,2,3,1,1,0,"45'1","54,63",8,6,0,0,1,0,0,0,0,1,14,14,4,7,6,5,10,9,63,37,1.84,1.20,1.38,1.51,4.00,42,100,59,59,42,42,100,59,100,9.67,3.83,1.33,5.50,7.50,1.12,1.40,2.00,3.40,1.67,2.10,Stadio Giuseppe Meazza (Milano)
1695840300,Sep 27 2023 - 6:45pm,complete,N/A,Lazio,Torino,Michael Fabbri,6,0.50,1.50,1.79,1.05,2,0,2,0,0,0,"56,75","",4,2,1,0,4,0,0,1,2,2,7,8,4,3,2,3,11,13,50,50,1.39,1.08,0.94,0.85,2.75,50,75,50,25,25,75,100,0,50,9.50,5.50,1.83,3.50,4.33,1.35,2.20,4.00,8.50,1.95,1.80,Stadio Olimpico (Roma)
1695840300,Sep 27 2023 - 6:45pm,complete,N/A,Napoli,Udinese,Gianluca Manganiello,6,1.50,1.00,1.32,1.21,4,1,5,2,2,0,"19,39,74,81","80",8,4,1,0,1,0,0,1,0,1,24,14,11,4,9,7,12,9,65,35,1.98,1.32,2.44,1.27,1.75,50,75,25,0,0,25,50,25,75,15.00,2.50,1.33,5.00,8.50,1.20,1.67,2.65,4.75,2.00,1.75,Stadio Diego Armando Maradona (Napoli)
1695918600,Sep 28 2023 - 4:30pm,complete,N/A,Frosinone,Fiorentina,Francesco Fourneau,6,2.00,2.00,1.32,1.32,1,1,2,1,0,1,"70","19",8,10,3,0,3,0,0,3,1,2,12,20,4,7,3,6,6,11,52,48,1.22,1.03,1.04,1.72,4.00,67,100,84,67,33,67,100,50,100,6.67,4.34,3.65,3.80,1.94,1.28,1.84,3.10,6.00,1.67,2.10,Stadio Benito Stirpe (Frosinone)
1695918600,Sep 28 2023 - 4:30pm,complete,N/A,Monza,Bologna,Ivano Pezzuto,6,2.00,1.00,1.26,1.42,0,0,0,0,0,0,"","",7,5,5,0,2,1,0,5,1,2,13,9,4,6,5,1,9,12,48,52,2.12,1.16,1.20,1.24,1.50,50,75,0,0,0,25,75,0,50,11.00,5.00,2.43,3.30,2.95,1.29,1.96,3.45,7.00,1.75,2.00,U-Power Stadium (Monza)
1695926700,Sep 28 2023 - 6:45pm,complete,N/A,Genoa,Roma,Daniele Orsato,6,0.50,0.50,1.58,1.21,4,1,5,3,2,1,"5,45,74,81","22",1,7,4,0,3,0,2,2,1,2,9,14,5,4,1,6,6,13,29,71,0.90,1.76,0.96,1.36,3.50,100,100,75,50,25,50,75,75,100,9.50,5.00,3.55,3.45,2.08,1.44,2.20,4.50,9.50,2.00,1.75,Stadio Comunale Luigi Ferraris (Genova)
1696078800,Sep 30 2023 - 1:00pm,complete,N/A,Lecce,Napoli,Luca Pairetto,7,3.00,1.67,1.26,1.47,0,4,4,1,0,1,"","16,51,88,90'4",3,7,3,0,2,0,1,2,2,0,10,16,5,7,4,5,8,8,44,56,1.76,1.51,1.38,1.68,2.34,50,67,50,34,0,17,67,33,84,9.00,5.66,4.85,3.55,1.56,1.32,1.87,3.50,6.50,1.85,1.95,Stadio Comunale Via del Mare (Lecce)
1696089600,Sep 30 2023 - 4:00pm,complete,N/A,AC Milan,Lazio,Davide Massa,7,3.00,1.00,2.11,1.42,2,0,2,0,0,0,"60,88","",7,1,3,0,2,0,0,3,0,2,15,14,8,5,2,5,17,5,50,50,1.43,1.20,1.60,1.17,3.17,75,75,75,42,25,59,100,34,75,6.33,4.67,1.75,3.65,4.05,1.30,1.78,3.40,6.50,1.83,1.98,Stadio Giuseppe Meazza (Milano)
1696099500,Sep 30 2023 - 6:45pm,complete,N/A,Salernitana,Inter Milan,Rosario Abisso,7,0.67,3.00,0.42,2.53,0,4,4,0,0,0,"","62,77,85,89",3,3,2,0,1,0,0,2,1,0,14,17,4,7,5,4,11,10,36,64,1.55,1.90,1.09,1.49,1.92,34,75,17,0,0,42,59,17,75,11.83,4.17,5.75,4.50,1.44,1.20,1.54,2.65,4.75,1.80,1.98,Stadio Arechi (Salerno)
1696156200,Oct 01 2023 - 10:30am,complete,N/A,Bologna,Empoli,Fabio Maresca,7,1.33,0.00,2.16,0.84,3,0,3,1,1,0,"21,66,90'2","",2,6,2,0,4,0,1,1,3,1,22,13,10,5,10,4,11,16,50,50,1.41,1.40,2.21,1.36,3.09,17,84,42,25,25,42,84,42,67,9.83,4.33,1.63,4.00,5.00,1.25,1.74,3.00,5.50,1.75,2.05,Stadio Renato Dall'Ara (Bologna)
1696165200,Oct 01 2023 - 1:00pm,complete,N/A,Udinese,Genoa,Maurizio Mariani,7,0.33,1.00,0.74,1.00,2,2,4,3,1,2,"23,90'1","14,41",5,0,2,1,2,0,2,1,1,1,12,9,3,5,5,3,12,12,51,49,1.66,0.77,1.05,1.06,1.34,0,34,17,0,0,17,50,0,50,8.00,4.33,2.07,3.30,3.60,1.40,2.20,4.00,8.25,1.95,1.73,Bluenergy Stadium (Udine)
1696176000,Oct 01 2023 - 4:00pm,complete,N/A,Atalanta,Juventus,Daniele Chiffi,7,3.00,2.00,2.16,1.63,0,0,0,0,0,0,"","",5,2,1,0,2,0,0,1,1,1,16,6,3,4,9,0,15,7,52,48,1.81,1.38,1.44,0.75,3.09,17,100,59,17,17,59,100,17,84,11.33,3.17,2.45,3.50,2.77,1.30,1.86,3.20,6.00,1.65,2.10,Gewiss Stadium (Bergamo)
1696185900,Oct 01 2023 - 6:45pm,complete,N/A,Roma,Frosinone,Matteo Marchetti,7,1.33,1.00,2.11,0.53,2,0,2,1,1,0,"21,83","",7,3,1,0,2,0,0,1,0,2,12,10,6,0,5,7,12,12,50,50,1.40,1.12,1.44,0.64,2.84,59,75,50,34,17,34,75,50,75,10.17,3.33,1.45,4.50,6.99,1.30,1.77,3.40,6.50,2.15,1.70,Stadio Olimpico (Roma)
1696264200,Oct 02 2023 - 4:30pm,complete,N/A,Sassuolo,Monza,Luca Zufferli,7,2.00,0.33,1.05,1.11,0,1,1,0,0,0,"","66",7,4,0,0,0,0,0,0,0,0,20,14,8,5,6,4,8,11,43,57,1.49,1.21,1.75,1.36,3.17,50,100,50,34,17,50,84,50,84,10.67,3.67,2.20,3.85,2.94,1.17,1.54,2.40,4.00,1.50,2.50,MAPEI Stadium - Città del Tricolore (Reggio Emilia)
1696264200,Oct 02 2023 - 4:30pm,complete,N/A,Torino,Hellas Verona,Ermanno Feliciani,7,1.67,1.00,1.74,0.74,0,0,0,0,0,0,"","",10,1,1,0,1,0,0,1,1,0,9,6,3,3,5,1,6,12,55,45,1.28,1.17,1.06,0.67,1.50,33,33,17,17,0,0,34,33,67,9.00,3.33,1.84,3.45,4.51,1.41,2.29,4.25,8.20,2.05,1.70,Stadio Olimpico Grande Torino (Torino)
1696272300,Oct 02 2023 - 6:45pm,complete,N/A,Fiorentina,Cagliari,Marco Di Bello,7,2.00,0.33,1.84,0.58,3,0,3,2,2,0,"3,21,90'4","",4,2,1,0,1,0,0,1,0,1,15,7,3,5,5,2,9,11,60,40,1.61,0.95,1.09,1.10,3.09,67,84,67,50,25,50,84,67,84,7.00,2.67,1.47,4.35,6.90,1.25,1.77,2.88,5.00,2.00,1.75,Stadio Artemio Franchi (Firenze)
1696609800,Oct 06 2023 - 4:30pm,complete,N/A,Empoli,Udinese,Michael Fabbri,8,0.75,0.67,1.05,1.21,0,0,0,0,0,0,"","",5,7,1,0,2,0,0,1,0,2,20,13,4,3,8,7,11,15,59,41,1.06,1.30,1.48,1.17,1.79,34,46,17,17,17,17,42,34,71,9.50,4.25,3.13,3.10,2.38,1.29,2.05,3.26,6.05,1.75,2.00,Stadio Carlo Castellani – Computer Gross Arena (Empoli)
1696617900,Oct 06 2023 - 6:45pm,complete,N/A,Lecce,Sassuolo,Juan Luca Sacchi,8,2.25,1.00,1.26,0.53,1,1,2,1,0,1,"48","22",5,3,2,0,3,0,1,1,2,1,15,15,5,2,8,8,7,14,42,58,1.66,1.30,1.44,1.17,3.09,46,88,59,29,17,17,88,59,100,9.83,4.50,2.55,3.30,2.75,1.25,1.73,2.75,5.00,1.62,2.20,Stadio Comunale Via del Mare (Lecce)
1696683600,Oct 07 2023 - 1:00pm,complete,N/A,Inter Milan,Bologna,Marco Guida,8,2.25,1.00,2.42,1.42,2,2,4,3,2,1,"11,13","19,52",7,7,2,0,3,0,0,2,1,2,15,9,6,4,4,3,10,8,62,38,1.73,1.18,1.50,0.87,2.21,42,67,38,25,13,13,67,38,67,9.17,3.00,1.45,4.90,6.80,1.20,1.59,2.35,4.50,1.80,1.95,Stadio Giuseppe Meazza (Milano)
1696694400,Oct 07 2023 - 4:00pm,complete,N/A,Juventus,Torino,Davide Massa,8,2.33,1.00,2.11,1.05,2,0,2,0,0,0,"47,62","",7,3,1,0,1,0,0,1,1,0,18,11,7,2,4,7,10,8,50,50,1.62,1.00,1.41,1.05,2.83,50,84,50,33,17,50,67,33,100,7.67,6.00,1.80,3.50,4.50,1.40,2.20,4.20,8.50,2.05,1.70,Allianz Stadium (Torino)
1696704300,Oct 07 2023 - 6:45pm,complete,N/A,Genoa,AC Milan,Marco Piccinini,8,1.33,2.25,1.58,1.84,0,1,1,0,0,0,"","87",3,2,2,1,5,1,0,3,2,4,8,13,2,4,2,4,10,13,41,59,0.92,1.27,0.68,1.15,4.21,88,100,88,75,46,71,100,75,88,6.33,5.25,3.70,3.50,2.00,1.33,1.98,3.48,6.80,1.80,1.95,Stadio Comunale Luigi Ferraris (Genova)
1696761000,Oct 08 2023 - 10:30am,complete,N/A,Monza,Salernitana,Luca Massimi,8,1.67,0.33,1.26,0.47,3,0,3,2,2,0,"9,18,82","",7,7,1,0,2,0,1,0,0,2,17,9,8,6,5,2,8,16,58,42,1.81,1.00,1.52,1.22,1.83,33,67,17,17,0,33,84,17,50,10.34,6.67,1.67,3.70,5.50,1.24,1.80,3.05,6.10,1.80,1.95,U-Power Stadium (Monza)
1696770000,Oct 08 2023 - 1:00pm,complete,N/A,Frosinone,Hellas Verona,N/A,8,1.75,1.00,1.32,0.74,2,1,3,1,1,0,"45'1,66","90'4",2,4,1,0,4,0,1,0,3,1,12,17,3,5,8,9,9,12,53,47,1.17,1.05,1.44,1.65,2.63,63,63,50,38,13,38,75,25,75,7.25,4.75,2.38,3.00,3.25,1.36,2.15,3.73,7.40,1.91,1.91,Stadio Benito Stirpe (Frosinone)
1696770000,Oct 08 2023 - 1:00pm,complete,N/A,Lazio,Atalanta,Daniele Orsato,8,1.33,1.50,1.79,1.47,3,2,5,3,2,1,"5,11,83","33,63",4,6,1,0,1,0,0,1,0,1,14,13,5,5,4,6,7,10,46,54,1.24,1.52,1.08,1.33,2.21,42,71,25,13,13,42,71,42,54,11.42,4.33,2.88,3.13,2.55,1.32,1.95,3.40,6.50,1.70,2.05,Stadio Olimpico (Roma)
1696780800,Oct 08 2023 - 4:00pm,complete,N/A,Cagliari,Roma,Simone Sozza,8,0.33,0.33,1.32,1.21,1,4,5,2,0,2,"87","19,20,51,59",4,3,2,0,3,0,1,1,3,0,17,12,3,6,10,2,15,10,58,42,1.16,1.62,1.48,1.13,2.67,67,84,50,33,17,67,67,34,67,10.34,4.67,4.60,3.40,1.84,1.40,2.21,4.00,7.50,2.00,1.75,Unipol Domus (Cagliari)
1696790700,Oct 08 2023 - 6:45pm,complete,N/A,Napoli,Fiorentina,Federico La Penna,8,2.00,1.75,1.32,1.32,1,3,4,2,1,1,"45'5","7,63,90'3",6,4,2,0,4,0,0,2,1,3,17,13,5,4,6,5,5,14,54,46,2.13,1.20,1.44,1.13,3.29,59,100,59,42,29,46,100,42,100,13.50,2.33,1.58,4.25,5.35,1.21,1.59,2.66,4.80,1.70,2.05,Stadio Diego Armando Maradona (Napoli)
1697893200,Oct 21 2023 - 1:00pm,complete,N/A,Hellas Verona,Napoli,Rosario Abisso,9,1.33,2.00,1.26,1.47,1,3,4,2,0,2,"60","27,43,55",5,8,3,0,2,0,2,1,1,1,16,23,10,11,6,6,11,7,40,60,0.88,1.55,1.96,2.22,2.17,42,54,54,38,0,29,71,25,54,7.42,6.00,6.00,4.20,1.47,1.26,1.83,3.20,6.50,1.91,1.91,Stadio Marc'Antonio Bentegodi (Verona)
1697904000,Oct 21 2023 - 4:00pm,complete,N/A,Torino,Inter Milan,Matteo Marchetti,9,1.50,3.00,1.74,2.53,0,3,3,0,0,0,"","59,67,90'5",2,4,1,0,2,0,0,1,0,2,8,15,4,5,2,6,11,8,46,54,1.23,1.76,1.01,1.28,1.54,13,46,17,17,0,17,17,29,59,12.58,2.33,3.75,3.55,1.95,1.30,1.83,3.45,7.00,1.80,1.95,Stadio Olimpico Grande Torino (Torino)
1697913900,Oct 21 2023 - 6:45pm,complete,N/A,Sassuolo,Lazio,Marco Di Bello,9,1.50,0.75,1.05,1.42,0,2,2,2,0,2,"","28,35",5,7,1,0,5,0,1,0,2,3,10,19,3,7,4,10,6,11,51,49,1.56,1.19,0.93,1.93,3.13,63,88,63,38,13,38,63,75,100,11.00,3.00,2.70,3.55,2.45,1.20,1.67,2.60,4.50,1.50,2.50,MAPEI Stadium - Città del Tricolore (Reggio Emilia)
1697970600,Oct 22 2023 - 10:30am,complete,N/A,Roma,Monza,Giovanni Ayroldi,9,1.75,1.00,2.11,1.11,1,0,1,0,0,0,"90","",8,5,2,0,3,1,0,2,3,1,22,12,5,5,6,5,12,11,52,48,1.41,1.25,1.55,1.22,3.00,38,88,50,25,13,50,88,38,88,8.50,2.75,1.65,3.70,5.00,1.30,1.88,3.40,6.50,1.80,1.95,Stadio Olimpico (Roma)
1697979600,Oct 22 2023 - 1:00pm,complete,N/A,Bologna,Frosinone,Daniele Doveri,9,1.75,0.67,2.16,0.53,2,1,3,2,2,0,"19,22","63",4,5,2,0,1,1,0,2,0,2,13,13,7,6,5,6,8,12,55,45,1.61,0.96,1.52,1.57,1.67,29,71,25,0,0,13,71,25,59,8.42,4.25,1.67,3.70,4.75,1.29,1.88,3.20,6.25,1.80,1.95,Stadio Renato Dall'Ara (Bologna)
1697979600,Oct 22 2023 - 1:00pm,complete,N/A,Salernitana,Cagliari,Daniele Chiffi,9,0.50,0.25,0.42,0.58,2,2,4,0,0,0,"86,90'5","79,88",8,5,3,0,4,0,0,3,0,4,14,14,3,7,9,4,14,13,56,44,1.43,0.99,1.26,1.56,2.38,38,88,50,13,0,25,63,38,88,8.25,4.00,2.40,3.10,2.90,1.40,2.15,4.00,8.00,1.91,1.91,Stadio Arechi (Salerno)
1697990400,Oct 22 2023 - 4:00pm,complete,N/A,Atalanta,Genoa,Livio Marinelli,9,2.33,1.00,2.16,1.00,2,0,2,0,0,0,"68,90'5","",8,4,4,0,2,0,1,3,0,2,14,17,9,5,1,9,16,9,57,43,1.69,0.84,1.54,1.46,1.71,13,46,29,13,0,29,59,0,71,7.33,3.67,1.48,3.92,5.60,1.30,1.98,3.40,5.50,2.00,1.75,Gewiss Stadium (Bergamo)
1698000300,Oct 22 2023 - 6:45pm,complete,N/A,AC Milan,Juventus,Maurizio Mariani,9,3.00,1.75,2.11,1.63,0,1,1,0,0,0,"","63",6,3,1,1,4,0,1,1,0,4,8,15,2,5,3,6,14,18,52,48,1.49,1.22,0.78,1.47,2.71,29,71,42,29,29,42,71,29,59,7.42,5.50,2.22,3.10,3.01,1.40,1.95,4.00,8.00,1.95,1.80,Stadio Giuseppe Meazza (Milano)
1698078600,Oct 23 2023 - 4:30pm,complete,N/A,Udinese,Lecce,Paride Tremolada,9,0.50,0.67,0.74,0.74,1,1,2,0,0,0,"49","83",2,7,3,0,5,0,1,2,1,4,13,13,7,2,3,8,11,17,44,56,1.51,0.66,1.48,1.14,2.29,46,71,42,29,0,59,71,17,59,7.92,5.42,2.14,3.35,3.50,1.40,2.02,4.20,8.50,1.95,1.80,Bluenergy Stadium (Udine)
1698086700,Oct 23 2023 - 6:45pm,complete,N/A,Fiorentina,Empoli,Federico Dionisi,9,2.33,0.00,1.84,0.84,0,2,2,1,0,1,"","21,81",13,3,1,0,3,0,0,1,0,3,20,8,8,4,7,2,13,17,72,28,1.44,1.39,2.33,0.80,4.00,34,100,84,50,33,67,100,67,100,9.00,3.67,1.43,4.60,6.75,1.20,1.64,2.65,4.75,1.80,1.95,Stadio Artemio Franchi (Firenze)
1698432300,Oct 27 2023 - 6:45pm,complete,N/A,Genoa,Salernitana,Davide Massa,10,1.00,0.25,1.58,0.47,1,0,1,1,1,0,"35","",7,0,3,0,4,0,2,1,2,2,9,8,5,3,3,3,12,16,52,48,0.86,1.05,1.08,0.88,3.13,50,75,63,50,25,50,88,50,88,6.25,5.50,1.80,3.60,4.33,1.40,2.12,4.00,8.00,2.00,1.75,Stadio Comunale Luigi Ferraris (Genova)
1698498000,Oct 28 2023 - 1:00pm,complete,N/A,Sassuolo,Bologna,Antonio Giua,10,1.20,1.00,1.05,1.42,1,1,2,2,1,1,"44","3",6,2,1,0,3,0,0,1,0,3,18,10,7,6,8,1,12,10,41,59,1.43,1.11,1.86,1.13,2.25,45,65,33,33,10,33,55,30,65,11.50,3.45,2.42,3.80,2.76,1.22,1.81,2.80,5.00,1.57,2.25,MAPEI Stadium - Città del Tricolore (Reggio Emilia)
1698508800,Oct 28 2023 - 4:00pm,complete,N/A,Lecce,Torino,Gianluca Aureliano,10,2.00,0.75,1.26,1.05,0,1,1,1,0,1,"","41",3,0,3,0,5,0,2,1,3,2,12,11,7,3,2,6,17,19,49,51,1.62,1.02,1.41,1.06,2.70,33,90,45,23,13,25,65,45,100,6.60,4.90,2.90,3.15,2.60,1.50,2.21,5.00,11.00,2.05,1.70,Stadio Comunale Via del Mare (Lecce)
1698518700,Oct 28 2023 - 6:45pm,complete,N/A,Juventus,Hellas Verona,Ermanno Feliciani,10,2.50,0.80,2.11,0.74,1,0,1,0,0,0,"90'6","",5,1,3,0,2,0,1,2,1,1,31,8,7,2,17,6,12,8,55,45,1.57,1.17,2.45,0.81,2.03,45,58,33,23,0,13,55,45,80,8.85,4.90,1.42,4.70,7.60,1.28,1.87,3.20,6.00,2.20,1.62,Allianz Stadium (Torino)
1698579000,Oct 29 2023 - 11:30am,complete,N/A,Cagliari,Frosinone,Luca Pairetto,10,0.25,0.50,1.32,0.53,4,3,7,2,0,2,"72,76,90'4,90'6","23,37,49",5,7,1,0,4,0,0,1,1,3,25,11,7,7,9,3,8,6,47,53,1.24,1.11,1.95,1.30,2.25,50,75,38,25,13,50,75,13,63,8.50,4.00,2.30,3.40,3.05,1.32,1.86,3.40,6.50,1.70,2.05,Unipol Domus (Cagliari)
1698588000,Oct 29 2023 - 2:00pm,complete,N/A,Monza,Udinese,Alessandro Prontera,10,2.00,0.75,1.26,1.21,1,1,2,1,1,0,"27","66",10,3,2,0,2,0,1,1,1,1,11,11,5,4,1,3,18,11,60,40,1.74,1.27,1.20,0.97,1.75,38,63,25,13,13,38,50,25,50,13.00,5.25,2.12,3.55,3.30,1.30,1.79,3.25,6.50,1.75,2.00,U-Power Stadium (Monza)
1698598800,Oct 29 2023 - 5:00pm,complete,N/A,Inter Milan,Roma,Fabio Maresca,10,2.00,1.00,2.42,1.21,1,0,1,0,0,0,"81","",8,0,3,0,4,0,1,2,1,3,20,4,4,2,9,1,13,11,63,37,1.68,1.50,1.68,0.44,3.78,80,100,78,55,35,58,88,68,100,11.55,3.95,1.62,3.85,5.00,1.30,1.88,3.40,6.50,1.95,1.80,Stadio Giuseppe Meazza (Milano)
1698608700,Oct 29 2023 - 7:45pm,complete,N/A,Napoli,AC Milan,Daniele Orsato,10,1.50,2.40,1.32,1.84,2,2,4,2,0,2,"50,63","22,31",6,4,3,1,3,0,0,4,0,3,18,21,5,7,8,7,14,10,48,52,1.96,1.24,1.49,1.70,3.35,68,90,68,45,23,68,90,45,90,11.85,3.95,2.25,3.30,3.10,1.32,2.00,3.40,6.50,1.75,2.00,Stadio Diego Armando Maradona (Napoli)
1698687000,Oct 30 2023 - 5:30pm,complete,N/A,Empoli,Atalanta,Luca Massimi,10,0.80,1.20,1.05,1.47,0,3,3,2,0,2,"","5,29,51",3,6,4,0,0,0,2,2,0,0,10,19,3,7,5,8,10,13,48,52,1.14,1.48,1.05,1.79,2.10,30,50,30,20,20,30,60,30,70,9.60,3.80,4.60,3.65,1.65,1.25,1.68,2.88,5.25,1.75,2.00,Stadio Carlo Castellani – Computer Gross Arena (Empoli)
1698695100,Oct 30 2023 - 7:45pm,complete,N/A,Lazio,Fiorentina,Matteo Marcenaro,10,1.75,2.00,1.79,1.32,1,0,1,0,0,0,"90'5","",0,4,3,0,3,0,2,1,2,1,12,10,5,6,5,4,12,16,46,54,1.20,1.19,1.17,1.36,2.95,55,88,43,43,23,45,88,55,75,10.40,4.40,2.43,3.15,2.69,1.31,2.00,3.39,6.00,1.75,2.00,Stadio Olimpico (Roma)
1699040700,Nov 03 2023 - 7:45pm,complete,N/A,Bologna,Lazio,Federico La Penna,11,2.00,1.20,2.16,1.42,1,0,1,0,0,0,"46","",2,6,2,0,5,0,0,2,1,4,7,12,3,2,2,4,12,8,45,55,1.60,1.34,0.75,0.90,2.50,50,90,60,10,0,50,80,50,70,8.00,4.60,2.70,3.40,2.70,1.32,2.05,3.40,6.50,1.75,2.00,Stadio Renato Dall'Ara (Bologna)
1699106400,Nov 04 2023 - 2:00pm,complete,N/A,Salernitana,Napoli,Antonio Rapuano,11,0.60,2.20,0.42,1.47,0,2,2,1,0,1,"","13,82",8,9,1,0,1,0,0,1,0,1,12,22,4,9,2,7,15,10,41,59,1.40,1.69,0.91,1.99,3.10,60,90,70,60,0,30,60,60,90,10.80,5.40,5.65,4.32,1.55,1.16,1.62,2.38,4.30,1.75,2.00,Stadio Arechi (Salerno)
1699117200,Nov 04 2023 - 5:00pm,complete,N/A,Atalanta,Inter Milan,Simone Sozza,11,2.50,3.00,2.16,2.53,1,2,3,1,0,1,"61","40,57",6,1,3,1,1,0,2,2,0,1,15,11,5,5,5,4,13,12,54,46,1.65,1.64,1.44,1.15,2.13,0,75,38,13,0,25,38,38,75,11.75,3.00,2.95,3.70,2.25,1.30,1.70,3.25,6.50,1.70,2.05,Gewiss Stadium (Bergamo)
1699127100,Nov 04 2023 - 7:45pm,complete,N/A,AC Milan,Udinese,Juan Luca Sacchi,11,2.25,0.80,2.11,1.21,0,1,1,0,0,0,"","62",11,5,1,0,2,0,1,0,0,2,16,14,6,3,7,7,13,14,72,28,1.31,1.21,1.69,1.12,2.03,43,55,23,23,23,23,45,33,68,9.25,5.00,1.49,4.45,6.40,1.24,1.75,2.90,5.50,1.95,1.80,Stadio Giuseppe Meazza (Milano)
1699183800,Nov 05 2023 - 11:30am,complete,N/A,Hellas Verona,Monza,Giuseppe Collu,11,1.00,0.80,1.26,1.11,1,3,4,1,0,1,"86","41,73,84",2,6,1,0,2,0,0,1,2,0,17,13,6,7,6,4,6,12,47,53,1.15,1.24,1.43,1.46,1.90,35,55,35,13,0,45,68,13,65,6.85,5.00,2.64,3.56,2.81,1.33,1.90,3.50,6.50,1.80,1.95,Stadio Marc'Antonio Bentegodi (Verona)
1699192800,Nov 05 2023 - 2:00pm,complete,N/A,Cagliari,Genoa,Marco Guida,11,0.80,0.80,1.32,1.00,2,1,3,0,0,0,"48,69","51",1,1,4,0,2,0,0,4,1,1,13,9,5,3,6,4,14,11,40,60,1.38,0.97,1.28,0.95,2.70,40,60,40,40,20,50,60,30,70,5.60,4.60,2.81,3.46,2.70,1.40,2.04,4.00,8.00,1.91,1.91,Unipol Domus (Cagliari)
1699203600,Nov 05 2023 - 5:00pm,complete,N/A,Roma,Lecce,Andrea Colombo,11,2.00,0.75,2.11,0.74,2,1,3,0,0,0,"90'1,90'4","72",5,2,3,0,5,0,0,3,2,3,17,16,6,5,4,4,19,11,62,38,1.44,0.78,1.50,1.20,2.83,58,78,43,33,10,45,65,55,88,8.80,5.40,1.53,3.95,6.25,1.35,2.05,4.00,9.00,2.10,1.67,Stadio Olimpico (Roma)
1699213500,Nov 05 2023 - 7:45pm,complete,N/A,Fiorentina,Juventus,Daniele Chiffi,11,1.75,2.00,1.84,1.63,0,1,1,1,0,1,"","10",9,2,1,0,3,0,0,1,1,2,26,5,5,4,11,0,13,23,68,32,1.66,1.27,2.15,0.69,2.95,35,80,58,35,23,58,80,35,80,9.35,3.80,2.70,3.10,2.75,1.33,2.00,3.50,7.00,1.75,2.00,Stadio Artemio Franchi (Firenze)
1699291800,Nov 06 2023 - 5:30pm,complete,N/A,Frosinone,Empoli,Gianluca Manganiello,11,2.00,0.75,1.32,0.84,2,1,3,0,0,0,"58,74","86",9,2,3,0,2,0,3,0,1,1,18,11,6,3,7,4,6,11,64,36,1.23,1.24,1.84,0.85,3.55,50,100,65,33,23,43,100,45,100,9.40,5.15,2.14,3.65,3.30,1.30,1.89,3.30,6.50,1.70,2.05,Stadio Benito Stirpe (Frosinone)
1699299900,Nov 06 2023 - 7:45pm,complete,N/A,Torino,Sassuolo,N/A,11,1.20,1.00,1.74,0.53,2,1,3,2,1,1,"5,68","18",9,2,1,0,1,0,0,1,0,1,22,6,10,3,7,3,9,7,54,46,1.18,1.27,2.15,0.76,2.23,48,70,35,13,13,13,50,45,80,10.95,3.25,2.07,3.60,3.60,1.32,1.97,3.40,6.50,1.75,2.00,Stadio Olimpico Grande Torino (Torino)
1699637400,Nov 10 2023 - 5:30pm,complete,N/A,Sassuolo,Salernitana,Davide Ghersini,12,1.17,0.20,1.05,0.47,2,2,4,3,1,2,"36,52","5,17",11,0,2,0,1,0,0,2,1,0,30,10,10,3,12,5,13,14,64,36,1.50,1.02,2.59,0.90,2.52,35,72,37,27,9,45,84,35,64,9.83,3.97,1.72,3.80,4.27,1.20,1.58,2.50,4.33,1.62,2.20,MAPEI Stadium - Città del Tricolore (Reggio Emilia)
1699645500,Nov 10 2023 - 7:45pm,complete,N/A,Genoa,Hellas Verona,Daniele Orsato,12,1.40,0.67,1.58,0.74,1,0,1,1,1,0,"44","",6,7,1,0,4,0,0,1,1,3,17,9,7,2,6,4,9,16,50,50,0.91,1.11,1.61,0.81,2.44,47,47,47,39,20,20,65,47,74,5.73,5.33,1.89,3.33,4.00,1.41,2.00,4.40,10.00,2.10,1.67,Stadio Comunale Luigi Ferraris (Genova)
1699711200,Nov 11 2023 - 2:00pm,complete,N/A,Lecce,AC Milan,Rosario Abisso,12,1.67,2.17,1.26,1.84,2,2,4,2,0,2,"66,70","28,35",3,1,4,0,6,1,1,3,1,6,16,11,7,7,8,3,12,15,45,55,1.58,1.32,1.78,1.41,2.75,50,75,50,34,9,34,83,42,83,8.00,5.67,4.65,3.35,1.61,1.38,2.04,4.00,8.00,1.95,1.80,Stadio Comunale Via del Mare (Lecce)
1699722000,Nov 11 2023 - 5:00pm,complete,N/A,Juventus,Cagliari,Marco Piccinini,12,2.60,0.40,2.11,0.58,2,1,3,0,0,0,"60,70","75",12,4,3,0,1,0,0,3,0,1,19,12,5,3,11,6,14,9,49,51,1.75,1.10,1.78,0.99,2.20,40,70,40,20,0,20,50,40,90,9.80,4.60,1.33,5.40,9.20,1.22,1.69,2.85,5.00,2.10,1.67,Allianz Stadium (Torino)
1699731900,Nov 11 2023 - 7:45pm,complete,N/A,Monza,Torino,Daniele Doveri,12,1.80,1.20,1.26,1.05,1,1,2,0,0,0,"65","55",3,1,2,0,2,0,0,2,0,2,14,13,6,6,5,5,11,11,44,56,1.63,1.02,1.32,1.50,2.20,30,80,30,10,10,40,70,20,70,9.60,6.00,2.29,3.25,3.35,1.44,2.25,4.50,9.50,1.95,1.80,U-Power Stadium (Monza)
1699788600,Nov 12 2023 - 11:30am,complete,N/A,Napoli,Empoli,Alessandro Prontera,12,1.40,0.60,1.32,0.84,0,1,1,0,0,0,"","90'1",8,3,1,0,1,0,0,1,0,1,19,9,8,4,8,2,11,14,65,35,1.87,1.16,2.24,0.99,3.50,50,100,70,40,20,50,90,60,100,12.20,4.00,1.24,6.75,11.00,1.14,1.38,1.94,3.50,1.91,1.91,Stadio Diego Armando Maradona (Napoli)
1699797600,Nov 12 2023 - 2:00pm,complete,N/A,Fiorentina,Bologna,Fabio Maresca,12,1.40,1.00,1.84,1.42,2,1,3,2,1,1,"17,48","33",0,3,2,0,2,0,1,1,2,0,13,12,5,5,2,4,11,12,39,61,1.76,1.11,1.01,1.21,2.30,50,70,40,30,10,50,80,20,60,10.40,3.40,2.05,3.60,3.40,1.30,1.82,3.20,6.25,1.75,2.00,Stadio Artemio Franchi (Firenze)
1699797600,Nov 12 2023 - 2:00pm,complete,N/A,Udinese,Atalanta,Gianluca Aureliano,12,0.60,1.50,0.74,1.47,1,1,2,1,1,0,"44","90'2",7,7,2,0,3,0,1,1,1,2,14,9,5,3,4,4,13,13,34,66,1.50,1.53,1.23,0.94,2.69,45,82,54,27,17,54,72,35,72,10.57,3.50,3.10,3.40,2.25,1.27,1.81,3.25,6.75,1.80,1.95,Bluenergy Stadium (Udine)
1699808400,Nov 12 2023 - 5:00pm,complete,N/A,Lazio,Roma,Davide Massa,12,2.00,0.80,1.79,1.21,0,0,0,0,0,0,"","",4,1,3,0,4,0,1,2,3,1,8,9,3,2,3,5,12,10,49,51,1.20,1.29,0.81,0.83,2.70,60,70,40,30,30,50,60,50,80,9.40,5.20,2.65,3.10,2.47,1.39,2.20,3.90,7.75,1.95,1.80,Stadio Olimpico (Roma)
1699818300,Nov 12 2023 - 7:45pm,complete,N/A,Inter Milan,Frosinone,Federico Dionisi,12,2.17,0.40,2.42,0.53,2,0,2,1,1,0,"43,48","",9,4,0,0,1,0,0,0,0,1,22,13,7,4,9,6,7,16,47,53,1.68,1.15,1.87,1.29,3.07,55,82,54,35,19,37,82,35,90,11.37,3.90,1.14,6.90,12.00,1.11,1.43,1.95,3.00,1.91,1.91,Stadio Giuseppe Meazza (Milano)
1700920800,Nov 25 2023 - 2:00pm,complete,N/A,Salernitana,Lazio,Alessandro Prontera,13,0.50,1.00,0.42,1.42,2,1,3,1,0,1,"55,66","43",4,9,5,0,3,0,1,4,1,2,14,14,7,3,5,6,11,14,38,62,1.32,1.27,1.47,1.05,2.67,50,92,50,25,0,34,59,50,92,10.33,5.16,3.55,3.35,1.93,1.33,1.95,3.60,7.00,1.91,1.91,Stadio Arechi (Salerno)
1700931600,Nov 25 2023 - 5:00pm,complete,N/A,Atalanta,Napoli,Maurizio Mariani,13,2.00,2.33,2.16,1.47,1,2,3,1,0,1,"53","44,79",5,4,2,0,2,0,1,1,1,1,17,12,6,5,4,2,14,11,44,56,1.61,1.74,1.49,1.09,2.50,35,82,54,34,0,27,72,45,82,12.60,4.50,2.56,3.34,2.76,1.28,1.70,3.00,5.50,1.62,2.20,Gewiss Stadium (Bergamo)
1700941500,Nov 25 2023 - 7:45pm,complete,N/A,AC Milan,Fiorentina,Marco Di Bello,13,1.80,1.67,2.11,1.32,1,0,1,1,1,0,"45'2","",3,11,1,0,2,0,0,1,2,0,10,22,7,5,1,8,9,10,42,58,1.39,1.22,1.23,1.67,2.50,35,62,35,35,19,27,62,35,90,9.93,5.10,1.68,3.94,4.92,1.33,1.83,3.75,7.50,1.80,1.95,Stadio Giuseppe Meazza (Milano)
1700998200,Nov 26 2023 - 11:30am,complete,N/A,Cagliari,Monza,Matteo Marchetti,13,1.17,1.17,1.32,1.11,1,1,2,1,1,0,"10","61",10,11,1,0,2,0,1,0,0,2,18,13,7,5,7,2,10,15,39,61,1.37,1.28,1.65,1.16,2.84,50,75,50,34,17,50,67,34,75,7.50,4.17,2.68,3.30,2.76,1.30,1.83,3.30,6.25,1.70,2.05,Unipol Domus (Cagliari)
1701007200,Nov 26 2023 - 2:00pm,complete,N/A,Empoli,Sassuolo,Simone Sozza,13,0.67,0.80,1.05,0.53,3,4,7,4,2,2,"4,30,86","12,22,66,90'2",6,5,4,0,2,0,2,2,1,1,14,18,10,10,2,3,20,14,49,51,1.13,1.17,1.72,1.87,2.27,40,67,39,10,10,29,75,20,84,8.53,4.33,2.81,3.52,2.51,1.22,1.65,2.70,5.00,1.53,2.38,Stadio Carlo Castellani – Computer Gross Arena (Empoli)
1701007200,Nov 26 2023 - 2:00pm,complete,N/A,Frosinone,Genoa,Luca Zufferli,13,2.17,0.67,1.32,1.00,2,1,3,2,1,1,"34,90'4","38",4,2,2,0,3,0,0,2,2,1,10,14,6,4,1,10,6,14,58,42,1.33,0.96,1.16,1.56,2.75,67,75,58,25,9,34,58,42,92,6.67,5.17,2.59,3.24,2.91,1.35,1.94,3.68,7.35,1.80,1.95,Stadio Benito Stirpe (Frosinone)
1701018000,Nov 26 2023 - 5:00pm,complete,N/A,Roma,Udinese,Luca Massimi,13,2.17,1.17,2.11,1.21,3,1,4,1,1,0,"20,81,90","57",7,1,1,0,3,0,1,0,3,0,13,7,6,3,6,4,9,14,64,36,1.45,1.19,1.60,0.85,2.50,50,67,42,25,17,25,50,50,84,10.67,3.67,1.53,4.00,6.75,1.35,1.96,3.75,7.50,2.00,1.75,Stadio Olimpico (Roma)
1701027900,Nov 26 2023 - 7:45pm,complete,N/A,Juventus,Inter Milan,Marco Guida,13,2.67,3.00,2.11,2.53,1,1,2,2,1,1,"27","33",1,0,2,0,1,0,1,1,0,1,5,9,2,5,3,4,11,14,35,65,1.75,1.54,0.62,1.20,2.39,35,74,47,19,0,19,37,55,90,11.20,4.07,2.95,3.40,2.38,1.38,2.00,3.75,8.00,1.91,1.91,Allianz Stadium (Torino)
1701106200,Nov 27 2023 - 5:30pm,complete,N/A,Hellas Verona,Lecce,Federico La Penna,13,0.80,0.60,1.26,0.74,2,2,4,2,1,1,"41,77","30,69",4,2,1,0,2,0,1,0,2,0,20,15,12,6,7,5,14,17,49,51,1.21,0.86,2.35,1.32,2.40,70,70,50,30,0,40,60,50,70,5.80,6.80,2.50,3.10,2.80,1.50,2.45,5.00,10.00,2.05,1.70,Stadio Marc'Antonio Bentegodi (Verona)
1701114300,Nov 27 2023 - 7:45pm,complete,N/A,Bologna,Torino,Andrea Colombo,13,2.17,1.17,2.16,1.05,2,0,2,0,0,0,"56,90'1","",3,2,3,0,4,0,2,1,1,3,14,10,3,4,6,3,16,15,49,51,1.45,1.10,1.14,0.91,2.25,33,75,42,9,9,33,59,42,75,5.00,5.00,2.20,3.20,3.20,1.48,2.25,4.50,9.50,2.00,1.75,Stadio Renato Dall'Ara (Bologna)
1701459900,Dec 01 2023 - 7:45pm,complete,N/A,Monza,Juventus,Michael Fabbri,14,1.67,2.17,1.26,1.63,1,2,3,1,0,1,"90'1","12,90'4",7,3,1,0,2,0,1,0,1,1,17,19,2,8,7,6,12,8,66,34,1.58,1.18,1.26,1.67,2.00,34,67,25,9,9,33,67,17,59,10.50,5.66,3.80,3.49,2.06,1.32,2.05,3.80,6.50,1.91,1.91,U-Power Stadium (Monza)
1701525600,Dec 02 2023 - 2:00pm,complete,N/A,Genoa,Empoli,Gianluca Aureliano,14,1.67,1.00,1.58,0.84,1,1,2,1,1,0,"37","67",5,3,3,0,1,0,0,3,1,0,22,10,2,2,14,5,18,18,50,50,1.02,1.13,1.58,0.91,2.92,34,67,50,34,25,25,75,50,84,8.00,5.00,1.84,3.75,4.30,1.34,2.02,3.50,6.75,1.95,1.80,Stadio Comunale Luigi Ferraris (Genova)
1701536400,Dec 02 2023 - 5:00pm,complete,N/A,Lazio,Cagliari,Federico Dionisi,14,1.83,0.33,1.79,0.58,1,0,1,1,1,0,"8","",4,3,0,0,2,1,0,0,2,1,11,10,6,3,4,5,11,12,61,39,1.13,1.08,1.46,1.00,2.17,42,67,42,17,9,25,50,42,67,8.50,4.16,1.52,3.95,5.20,1.30,1.93,3.40,6.50,1.95,1.80,Stadio Olimpico (Roma)
1701546300,Dec 02 2023 - 7:45pm,complete,N/A,AC Milan,Frosinone,Matteo Marchetti,14,2.00,0.33,2.11,0.53,3,1,4,1,1,0,"43,50,74","82",6,7,1,0,1,0,0,1,0,1,11,16,4,4,4,6,11,6,48,52,1.36,1.17,1.04,1.36,2.25,34,58,25,17,17,25,67,17,75,10.17,4.50,1.31,4.85,7.60,1.22,1.65,2.34,4.75,1.95,1.80,Stadio Giuseppe Meazza (Milano)
1701603000,Dec 03 2023 - 11:30am,complete,N/A,Lecce,Bologna,Daniele Doveri,14,1.57,0.83,1.26,1.42,1,1,2,0,0,0,"90'10","68",6,3,3,0,2,0,1,2,0,2,16,12,5,5,4,5,11,18,42,58,1.61,1.13,1.27,1.34,2.13,55,69,38,23,0,32,77,22,68,7.97,5.04,2.66,3.39,2.90,1.42,2.20,4.33,9.00,1.95,1.80,Stadio Comunale Via del Mare (Lecce)
1701612000,Dec 03 2023 - 2:00pm,complete,N/A,Fiorentina,Salernitana,Paride Tremolada,14,1.67,0.33,1.84,0.47,3,0,3,2,2,0,"6,17,56","",3,2,1,0,0,0,1,0,0,0,23,12,10,2,5,4,11,10,58,42,1.63,1.00,2.26,0.72,2.75,42,75,59,33,9,59,100,25,75,7.83,3.67,1.55,4.48,6.74,1.17,1.65,2.50,4.50,1.80,1.95,Stadio Artemio Franchi (Firenze)
1701612000,Dec 03 2023 - 2:00pm,complete,N/A,Udinese,Hellas Verona,Fabio Maresca,14,0.67,0.57,0.74,0.74,3,3,6,3,2,1,"16,30,72","37,61,90'7",5,3,2,0,5,0,2,0,2,3,13,14,7,5,5,5,15,12,39,61,1.46,1.07,1.43,1.40,1.87,40,56,31,16,0,17,62,23,62,8.67,4.57,2.22,3.50,3.58,1.38,2.05,3.85,8.00,2.00,1.75,Bluenergy Stadium (Udine)
1701622800,Dec 03 2023 - 5:00pm,complete,N/A,Sassuolo,Roma,Matteo Marcenaro,14,1.14,0.83,1.05,1.21,1,2,3,1,1,0,"25","76,82",1,11,4,1,1,0,0,5,0,1,9,16,3,8,4,3,9,14,32,68,1.66,1.21,0.74,1.64,2.84,62,77,47,38,24,54,61,47,77,11.43,4.46,3.20,3.40,2.20,1.25,1.75,2.93,5.50,1.67,2.10,MAPEI Stadium - Città del Tricolore (Reggio Emilia)
1701632700,Dec 03 2023 - 7:45pm,complete,N/A,Napoli,Inter Milan,Davide Massa,14,1.17,2.67,1.32,2.53,0,3,3,1,0,1,"","44,61,85",6,4,2,0,2,0,0,2,0,2,16,12,5,5,6,5,2,13,57,43,1.93,1.49,1.46,1.22,2.84,50,83,59,34,9,50,67,50,84,11.33,2.66,2.80,3.40,2.45,1.22,1.73,2.95,5.50,1.62,2.20,Stadio Diego Armando Maradona (Napoli)
1701719100,Dec 04 2023 - 7:45pm,complete,N/A,Torino,Atalanta,Marco Piccinini,14,1.50,1.43,1.74,1.47,3,0,3,1,1,0,"22,56,90'5","",4,3,2,0,2,0,2,0,1,1,10,11,6,5,4,2,13,12,54,46,1.34,1.45,1.41,1.07,2.25,45,68,45,15,15,37,52,38,77,12.10,2.71,2.94,3.25,2.38,1.40,2.10,4.20,8.50,1.95,1.80,Stadio Olimpico Grande Torino (Torino)
1702064700,Dec 08 2023 - 7:45pm,complete,N/A,Juventus,Napoli,Daniele Orsato,15,2.43,2.43,2.11,1.47,1,0,1,0,0,0,"51","",3,6,2,0,4,0,0,2,1,3,12,14,3,2,6,9,11,12,34,66,1.59,1.64,1.07,1.31,2.57,57,79,50,36,0,29,65,50,86,11.85,5.00,2.50,3.30,3.20,1.34,1.80,3.58,7.10,1.80,1.95,Allianz Stadium (Torino)
1702130400,Dec 09 2023 - 2:00pm,complete,N/A,Hellas Verona,Lazio,Giovanni Ayroldi,15,0.83,0.86,1.26,1.42,1,1,2,1,0,1,"70","23",1,7,1,1,4,0,1,1,1,3,6,15,2,6,3,5,16,11,29,71,1.40,1.24,0.62,1.43,2.62,62,77,62,32,0,47,77,54,77,8.31,5.19,3.70,3.30,1.95,1.36,2.02,3.75,7.00,1.95,1.80,Stadio Marc'Antonio Bentegodi (Verona)
1702141200,Dec 09 2023 - 5:00pm,complete,N/A,Atalanta,AC Milan,Federico La Penna,15,1.67,2.00,2.16,1.84,3,2,5,2,1,1,"38,55,90'5","45'3,80",6,4,1,0,4,1,0,1,0,5,20,16,8,5,5,6,11,11,42,58,1.59,1.33,1.71,1.33,2.80,52,85,61,29,7,44,77,54,85,9.62,5.86,2.36,3.48,2.93,1.30,1.89,3.60,6.50,1.80,1.95,Gewiss Stadium (Bergamo)
1702151100,Dec 09 2023 - 7:45pm,complete,N/A,Inter Milan,Udinese,Marco Di Bello,15,2.29,1.00,2.42,1.21,4,0,4,3,3,0,"37,42,44,84","",6,1,0,0,1,0,0,0,1,0,18,12,9,2,6,4,9,5,74,26,1.71,1.14,2.17,0.71,2.57,50,72,43,36,14,22,65,43,86,11.00,3.43,1.26,6.00,10.50,1.16,1.60,2.31,4.30,2.05,1.70,Stadio Giuseppe Meazza (Milano)
1702207800,Dec 10 2023 - 11:30am,complete,N/A,Frosinone,Torino,Luca Massimi,15,2.29,1.00,1.32,1.05,0,0,0,0,0,0,"","",3,8,3,0,3,0,2,1,1,2,12,18,6,4,3,9,15,17,52,48,1.30,1.08,1.19,1.52,2.93,65,93,58,22,14,43,65,50,93,6.57,5.43,3.15,3.45,2.32,1.33,2.08,3.80,8.00,1.91,1.91,Stadio Benito Stirpe (Frosinone)
1702216800,Dec 10 2023 - 2:00pm,complete,N/A,Monza,Genoa,Giuseppe Collu,15,1.43,0.57,1.26,1.00,1,0,1,0,0,0,"83","",2,3,1,0,2,0,0,1,1,1,7,17,4,2,1,10,11,13,51,49,1.53,1.05,0.83,1.16,2.07,50,72,36,7,0,29,57,29,79,8.71,5.28,2.12,3.45,3.60,1.42,2.10,4.20,8.50,1.95,1.80,U-Power Stadium (Monza)
1702227600,Dec 10 2023 - 5:00pm,complete,N/A,Salernitana,Bologna,Simone Sozza,15,0.86,0.86,0.42,1.42,1,2,3,2,0,2,"75","9,20",5,1,7,1,3,0,4,4,1,2,10,11,3,6,3,3,20,17,34,66,1.34,1.16,0.87,1.23,2.36,64,86,43,22,0,29,57,36,79,9.28,5.00,3.25,3.25,2.21,1.36,2.07,3.50,7.00,1.91,1.91,Stadio Arechi (Salerno)
1702237500,Dec 10 2023 - 7:45pm,complete,N/A,Roma,Fiorentina,Antonio Rapuano,15,2.29,1.43,2.11,1.32,1,1,2,1,1,0,"5","66",1,6,4,2,3,0,2,4,0,3,5,15,2,9,2,5,14,14,34,66,1.47,1.28,0.50,2.11,3.07,50,79,57,43,14,29,79,57,93,11.15,4.00,2.05,3.32,3.58,1.36,2.08,3.70,7.50,1.95,1.80,Stadio Olimpico (Roma)
1702315800,Dec 11 2023 - 5:30pm,complete,N/A,Empoli,Lecce,Andrea Colombo,15,0.57,0.67,1.05,0.74,1,1,2,0,0,0,"71","64",8,3,2,0,2,0,1,1,1,1,19,15,7,6,8,5,15,17,55,45,1.21,0.94,1.79,1.27,2.41,49,63,40,24,7,40,54,41,77,7.24,6.40,2.55,3.28,2.96,1.32,1.98,3.60,6.50,1.80,1.95,Stadio Carlo Castellani – Computer Gross Arena (Empoli)
1702323900,Dec 11 2023 - 7:45pm,complete,N/A,Cagliari,Sassuolo,Maurizio Mariani,15,1.14,1.17,1.32,0.53,2,1,3,1,0,1,"90'4,90'9","7",10,4,1,0,6,1,0,1,3,4,19,9,7,5,10,2,14,15,60,40,1.41,1.29,1.99,1.01,3.56,77,93,62,38,31,54,86,47,86,8.76,4.00,2.40,3.40,2.70,1.22,1.69,2.60,4.50,1.57,2.25,Unipol Domus (Cagliari)
1702669500,Dec 15 2023 - 7:45pm,complete,N/A,Genoa,Juventus,Davide Massa,16,1.57,2.29,1.58,1.63,1,1,2,1,0,1,"48","28",6,8,2,0,3,0,0,2,0,3,12,12,4,5,7,4,14,13,44,56,1.10,1.25,1.32,1.25,2.50,43,57,43,29,22,29,79,36,64,7.29,5.42,4.00,3.20,2.00,1.53,2.25,4.50,8.80,2.20,1.62,Stadio Comunale Luigi Ferraris (Genova)
1702735200,Dec 16 2023 - 2:00pm,complete,N/A,Lecce,Frosinone,Luca Zufferli,16,1.50,0.29,1.26,0.53,2,1,3,2,1,1,"11,89","33",5,4,1,0,4,0,0,1,3,1,19,12,7,6,10,4,7,10,40,60,1.57,1.20,1.87,1.38,2.62,54,81,41,27,7,21,81,40,87,9.67,4.75,2.05,3.40,3.40,1.33,2.01,3.50,6.50,1.80,1.95,Stadio Comunale Via del Mare (Lecce)
1702747800,Dec 16 2023 - 5:30pm,complete,N/A,Napoli,Cagliari,Matteo Marcenaro,16,1.00,0.29,1.32,0.58,2,1,3,0,0,0,"69,75","72",5,3,5,0,3,0,2,3,2,1,22,10,6,4,11,5,13,10,67,33,1.86,1.07,2.02,1.09,2.72,50,79,64,29,7,36,72,50,86,11.28,3.57,1.33,5.00,9.50,1.18,1.57,2.30,4.00,1.95,1.80,Stadio Diego Armando Maradona (Napoli)
1702755900,Dec 16 2023 - 7:45pm,complete,N/A,Torino,Empoli,Livio Marinelli,16,1.71,1.00,1.74,0.84,1,0,1,1,1,0,"25","",6,4,4,0,2,0,1,3,0,2,11,8,4,3,5,4,15,10,53,47,1.35,1.10,1.21,0.89,2.29,29,72,43,7,7,14,50,43,86,10.29,3.28,1.70,3.60,5.25,1.32,1.95,3.50,7.00,1.95,1.80,Stadio Olimpico Grande Torino (Torino)
1702812600,Dec 17 2023 - 11:30am,complete,N/A,AC Milan,Monza,Gianluca Aureliano,16,2.14,1.14,2.11,1.11,3,0,3,2,2,0,"3,41,76","",4,5,1,0,2,0,1,0,0,2,18,22,10,5,5,11,8,8,47,53,1.31,1.26,1.87,1.84,2.14,36,57,29,22,7,22,64,22,79,10.29,4.14,1.62,4.30,5.30,1.25,1.75,3.00,5.50,1.91,1.91,Stadio Giuseppe Meazza (Milano)
1702821600,Dec 17 2023 - 2:00pm,complete,N/A,Fiorentina,Hellas Verona,N/A,16,1.86,0.63,1.84,0.74,1,0,1,0,0,0,"78","",1,6,3,0,1,0,2,1,0,1,6,20,4,8,1,7,9,13,66,34,1.72,1.11,0.97,1.71,2.57,41,62,55,27,14,42,82,34,75,8.00,4.02,1.42,4.80,8.00,1.25,1.77,3.00,5.50,1.95,1.80,Stadio Artemio Franchi (Firenze)
1702821600,Dec 17 2023 - 2:00pm,complete,N/A,Udinese,Sassuolo,Gianluca Manganiello,16,0.71,1.00,0.74,0.53,2,2,4,1,1,0,"36,55","75,88",1,13,3,1,1,0,0,4,1,0,10,23,8,9,1,6,11,7,33,67,1.45,1.25,1.27,2.24,3.21,72,93,57,29,22,43,86,43,86,9.86,4.71,2.25,3.60,3.10,1.24,1.68,2.85,5.00,1.62,2.20,Bluenergy Stadium (Udine)
1702832400,Dec 17 2023 - 5:00pm,complete,N/A,Bologna,Roma,Marco Guida,16,2.29,1.14,2.16,1.21,2,0,2,1,1,0,"37,49","",0,4,4,0,4,0,3,1,2,2,9,9,3,4,2,3,15,17,56,44,1.41,1.27,0.77,1.06,2.36,50,71,50,15,15,36,57,50,79,8.43,5.15,2.40,2.88,3.40,1.50,2.21,4.50,8.50,2.05,1.70,Stadio Renato Dall'Ara (Bologna)
1702842300,Dec 17 2023 - 7:45pm,complete,N/A,Lazio,Inter Milan,Fabio Maresca,16,2.00,2.71,1.79,2.53,0,2,2,1,0,1,"","40,66",8,7,1,1,2,0,0,2,1,1,15,13,5,5,6,5,12,15,48,52,1.18,1.45,1.45,1.24,2.14,29,65,36,14,7,29,57,43,57,8.14,3.43,4.33,3.20,1.93,1.32,2.10,3.40,6.50,1.95,1.80,Stadio Olimpico (Roma)
1702928700,Dec 18 2023 - 7:45pm,complete,N/A,Atalanta,Salernitana,Ermanno Feliciani,16,1.86,0.29,2.16,0.47,4,1,5,1,0,1,"47,52,83,89","10",10,7,1,0,2,0,0,1,1,1,21,12,12,4,6,3,9,11,54,46,1.60,0.96,2.36,0.91,2.57,36,79,57,22,7,43,86,36,79,8.72,4.00,1.30,5.20,10.00,1.16,1.53,2.40,4.30,1.95,1.80,Gewiss Stadium (Bergamo)
1703266200,Dec 22 2023 - 5:30pm,complete,N/A,Empoli,Lazio,Matteo Marchetti,17,0.63,0.88,1.05,1.42,0,2,2,1,0,1,"","9,67",8,9,3,0,2,0,2,1,1,1,22,15,8,8,6,1,6,17,54,46,1.28,1.26,1.78,1.45,2.32,44,69,38,13,7,32,63,38,82,10.38,5.50,4.82,6.58,1.33,1.33,2.10,3.50,6.50,1.91,1.91,Stadio Carlo Castellani – Computer Gross Arena (Empoli)
1703266200,Dec 22 2023 - 5:30pm,complete,N/A,Sassuolo,Genoa,Marco Guida,17,1.00,0.50,1.05,1.00,1,2,3,1,1,0,"28","64,87",3,6,2,0,1,0,2,0,1,0,13,15,4,6,7,8,10,9,43,57,1.54,1.06,1.31,1.67,2.50,51,69,44,26,7,38,57,38,82,8.38,4.51,2.76,2.23,3.35,1.29,1.96,3.20,6.00,1.75,2.00,MAPEI Stadium - Città del Tricolore (Reggio Emilia)
1703274300,Dec 22 2023 - 7:45pm,complete,N/A,Monza,Fiorentina,Juan Luca Sacchi,17,1.63,1.38,1.26,1.32,0,1,1,1,0,1,"","7",1,4,3,0,4,0,1,2,1,3,8,15,3,6,3,5,11,13,53,47,1.44,1.38,0.82,1.51,2.26,50,75,32,19,7,25,76,32,82,11.88,4.88,3.82,4.37,1.62,1.29,2.07,3.20,5.75,1.75,2.00,U-Power Stadium (Monza)
1703274300,Dec 22 2023 - 7:45pm,complete,N/A,Salernitana,AC Milan,Daniele Doveri,17,0.75,1.75,0.42,1.84,2,2,4,2,1,1,"42,63","17,90",6,6,3,1,1,0,1,3,1,0,20,22,8,10,6,6,15,11,34,66,1.28,1.33,1.63,2.12,3.26,69,94,69,44,13,50,76,57,94,8.88,7.50,7.00,4.75,1.42,1.22,1.61,2.85,5.00,1.91,1.91,Stadio Arechi (Salerno)
1703331000,Dec 23 2023 - 11:30am,complete,N/A,Frosinone,Juventus,Maurizio Mariani,17,2.13,2.13,1.32,1.63,1,2,3,1,0,1,"51","12,81",8,8,0,0,2,0,0,0,2,0,11,15,4,5,4,7,7,12,57,43,1.29,1.25,1.05,1.46,2.63,63,76,57,19,13,38,75,32,76,8.63,5.25,5.40,3.65,1.48,1.29,1.87,3.10,6.00,1.95,1.80,Stadio Benito Stirpe (Frosinone)
1703340000,Dec 23 2023 - 2:00pm,complete,N/A,Bologna,Atalanta,Antonio Rapuano,17,2.38,1.25,2.16,1.47,1,0,1,0,0,0,"86","",3,5,2,0,4,0,1,1,0,4,10,13,2,3,7,8,9,16,60,40,1.33,1.40,0.99,1.29,2.50,38,82,51,13,13,38,76,44,82,8.13,4.25,2.80,3.20,2.70,1.33,1.85,3.50,7.00,1.80,1.95,Stadio Renato Dall'Ara (Bologna)
1703340000,Dec 23 2023 - 2:00pm,complete,N/A,Torino,Udinese,Michael Fabbri,17,1.88,0.88,1.74,1.21,1,1,2,0,0,0,"88","81",8,2,2,0,2,0,0,2,0,2,15,12,5,5,6,5,10,10,62,38,1.34,1.09,1.55,1.17,1.94,38,57,38,19,7,19,44,38,69,10.25,3.50,1.78,3.60,5.00,1.42,2.10,4.33,9.00,2.05,1.70,Stadio Olimpico Grande Torino (Torino)
1703350800,Dec 23 2023 - 5:00pm,complete,N/A,Hellas Verona,Cagliari,Daniele Orsato,17,0.86,0.25,1.26,0.58,2,0,2,0,0,0,"53,90","",11,7,3,0,3,1,1,2,1,3,14,13,6,4,7,8,11,19,59,41,1.29,1.07,1.57,1.31,2.48,61,73,60,28,0,28,68,47,73,6.49,4.54,2.37,3.40,3.10,1.32,2.08,3.60,7.50,1.80,1.95,Stadio Marc'Antonio Bentegodi (Verona)
1703350800,Dec 23 2023 - 5:00pm,complete,N/A,Inter Milan,Lecce,Matteo Marcenaro,17,2.38,0.71,2.42,0.74,2,0,2,1,1,0,"43,78","",16,2,1,0,3,1,1,0,1,3,21,12,9,6,9,5,8,13,68,32,1.77,0.99,2.20,1.33,2.91,62,87,53,40,7,41,66,55,93,9.21,4.70,1.24,6.20,14.00,1.19,1.52,2.30,4.50,2.20,1.62,Stadio Giuseppe Meazza (Milano)
1703360700,Dec 23 2023 - 7:45pm,complete,N/A,Roma,Napoli,Andrea Colombo,17,2.13,2.13,2.11,1.47,2,0,2,0,0,0,"76,90'6","",4,0,7,0,3,2,3,4,1,4,18,8,5,3,10,2,16,7,41,59,1.35,1.60,1.63,0.84,3.00,57,82,63,44,7,25,75,57,94,11.00,4.88,3.10,3.20,2.50,1.38,1.95,3.75,7.50,1.80,1.95,Stadio Olimpico (Roma)
1703871000,Dec 29 2023 - 5:30pm,complete,N/A,Fiorentina,Torino,Federico La Penna,18,2.00,1.00,1.84,1.05,1,0,1,0,0,0,"83","",4,2,4,0,2,0,1,3,0,2,13,8,4,5,5,3,12,15,52,48,1.63,1.13,1.19,1.16,2.44,32,75,44,19,13,44,63,38,82,6.88,4.38,2.20,3.20,3.40,1.40,2.30,4.20,8.50,1.95,1.80,Stadio Artemio Franchi (Firenze)
1703871000,Dec 29 2023 - 5:30pm,complete,N/A,Napoli,Monza,Marco Di Bello,18,1.25,1.00,1.32,1.11,0,0,0,0,0,0,"","",10,1,4,0,4,1,0,4,1,4,26,9,10,4,10,2,10,21,58,42,1.88,1.33,2.42,0.83,2.69,51,82,57,26,7,44,75,38,94,12.25,3.88,1.65,3.80,5.25,1.26,1.85,3.10,5.50,1.80,1.95,Stadio Diego Armando Maradona (Napoli)
1703879100,Dec 29 2023 - 7:45pm,complete,N/A,Genoa,Inter Milan,Daniele Doveri,18,1.50,2.75,1.58,2.53,1,1,2,2,1,1,"45'7","42",8,2,2,0,2,0,0,2,0,2,14,17,5,7,5,6,13,14,48,52,1.13,1.42,1.37,1.64,2.57,44,76,44,26,13,25,76,44,75,8.25,4.13,6.00,4.00,1.53,1.36,1.95,3.75,7.50,2.10,1.67,Stadio Comunale Luigi Ferraris (Genova)
1703879100,Dec 29 2023 - 7:45pm,complete,N/A,Lazio,Frosinone,Ermanno Feliciani,18,1.75,0.25,1.79,0.53,3,1,4,0,0,0,"70,72,84","58",6,2,3,0,2,0,0,3,0,2,14,12,6,3,5,5,16,16,54,46,1.21,1.22,1.50,0.95,2.32,44,69,32,19,13,32,76,25,69,10.13,4.38,1.57,4.00,5.50,1.32,1.90,3.50,6.50,1.95,1.80,Stadio Olimpico (Roma)
1703935800,Dec 30 2023 - 11:30am,complete,N/A,Atalanta,Lecce,Gianluca Manganiello,18,2.00,0.63,2.16,0.74,1,0,1,0,0,0,"58","",5,6,2,0,2,0,1,1,0,2,18,16,5,3,11,10,10,16,57,43,1.70,1.03,1.83,1.26,2.69,63,88,51,25,13,32,63,63,88,9.38,5.50,1.43,4.40,7.80,1.30,1.90,3.40,6.50,2.05,1.70,Gewiss Stadium (Bergamo)
1703944800,Dec 30 2023 - 2:00pm,complete,N/A,Cagliari,Empoli,Fabio Maresca,18,1.38,0.88,1.32,0.84,0,0,0,0,0,0,"","",8,6,1,0,3,0,1,0,1,2,17,6,4,2,11,3,19,17,50,50,1.48,1.07,1.60,0.74,2.94,50,82,51,26,19,32,75,44,82,9.13,4.01,2.02,3.60,3.58,1.32,1.88,3.40,6.50,1.75,2.00,Unipol Domus (Cagliari)
1703944800,Dec 30 2023 - 2:00pm,complete,N/A,Udinese,Bologna,Daniele Orsato,18,0.75,1.13,0.74,1.42,3,0,3,1,1,0,"23,48,52","",7,7,2,0,5,0,1,1,2,3,16,15,8,6,6,7,11,12,26,74,1.43,1.17,1.66,1.55,2.44,69,82,44,26,7,44,69,26,69,8.38,4.76,2.88,3.30,2.48,1.45,2.13,3.45,8.50,2.00,1.75,Bluenergy Stadium (Udine)
1703955600,Dec 30 2023 - 5:00pm,complete,N/A,Hellas Verona,Salernitana,Maurizio Mariani,18,1.13,0.25,1.26,0.47,0,1,1,0,0,0,"","48",7,6,2,0,2,0,1,1,0,2,12,10,0,4,10,3,12,12,48,52,1.32,0.95,0.86,1.18,2.69,51,75,57,38,7,44,88,38,75,6.88,4.51,2.06,3.46,3.56,1.34,2.08,3.40,6.75,1.91,1.91,Stadio Marc'Antonio Bentegodi (Verona)
1703955600,Dec 30 2023 - 5:00pm,complete,N/A,AC Milan,Sassuolo,Livio Marinelli,18,2.25,1.00,2.11,0.53,1,0,1,0,0,0,"59","",6,5,0,0,1,0,0,0,0,1,21,13,3,7,11,3,8,7,59,41,1.38,1.37,1.48,1.39,3.00,57,75,57,32,19,32,82,44,88,10.51,4.50,1.46,4.70,6.40,1.17,1.58,2.25,3.90,1.67,2.10,Stadio Giuseppe Meazza (Milano)
1703965500,Dec 30 2023 - 7:45pm,complete,N/A,Juventus,Roma,Simone Sozza,18,2.50,1.00,2.11,1.21,1,0,1,0,0,0,"47","",2,2,1,0,1,0,0,1,0,1,15,13,5,4,7,5,15,14,43,57,1.52,1.25,1.43,1.18,2.32,57,69,38,19,13,32,51,44,88,10.63,5.50,1.93,3.32,4.28,1.50,2.45,5.00,10.50,2.25,1.57,Allianz Stadium (Torino)
1704483900,Jan 05 2024 - 7:45pm,complete,N/A,Bologna,Genoa,Andrea Colombo,19,2.44,0.78,2.16,1.00,1,1,2,1,0,1,"90'5","20",11,2,3,0,3,0,1,2,1,2,22,4,9,2,4,2,8,10,71,29,1.29,1.13,2.01,0.61,2.00,33,62,39,6,0,22,50,33,84,5.22,4.88,1.95,3.00,4.60,1.53,2.28,5.00,10.50,2.25,1.57,Stadio Renato Dall'Ara (Bologna)
1704540600,Jan 06 2024 - 11:30am,complete,N/A,Inter Milan,Hellas Verona,Michael Fabbri,19,2.44,0.56,2.42,0.74,2,1,3,1,1,0,"13,90'3","74",7,0,0,0,2,1,0,0,0,3,16,9,7,4,8,4,14,14,61,39,1.81,1.17,1.78,1.05,2.56,33,61,45,33,11,22,73,33,84,10.89,3.78,1.14,6.95,14.10,1.16,1.45,2.33,4.00,2.25,1.57,Stadio Giuseppe Meazza (Milano)
1704549600,Jan 06 2024 - 2:00pm,complete,N/A,Frosinone,Monza,N/A,19,1.89,1.00,1.32,1.11,2,3,5,2,0,2,"56,76","18,45,55",5,1,3,1,5,0,0,4,1,4,11,9,6,4,3,3,10,13,59,41,1.26,1.28,1.50,0.83,2.50,61,78,56,17,6,39,73,28,84,9.67,4.66,2.42,3.25,2.70,1.30,1.71,3.20,6.00,1.70,2.05,Stadio Benito Stirpe (Frosinone)
1704560400,Jan 06 2024 - 5:00pm,complete,N/A,Lecce,Cagliari,Davide Massa,19,1.67,0.22,1.26,0.58,1,1,2,1,1,0,"31","68",7,6,1,0,1,0,0,1,1,0,16,16,3,3,9,8,20,14,41,59,1.60,1.10,1.23,1.16,2.39,50,78,50,17,0,17,61,50,84,8.44,5.00,2.48,3.20,2.97,1.40,2.05,4.20,8.50,1.95,1.80,Stadio Ettore Giardiniero - Via del Mare (Lecce)
1704570300,Jan 06 2024 - 7:45pm,complete,N/A,Sassuolo,Fiorentina,Rosario Abisso,19,0.89,1.56,1.05,1.32,1,0,1,1,1,0,"9","",1,8,3,0,2,0,1,2,1,1,9,11,3,4,5,5,9,14,33,67,1.52,1.40,0.84,1.34,2.72,56,78,45,33,11,33,84,45,78,11.44,4.56,2.70,3.50,2.53,1.25,1.70,2.90,5.50,1.62,2.20,MAPEI Stadium - Città del Tricolore (Reggio Emilia)
1704627000,Jan 07 2024 - 11:30am,complete,N/A,Empoli,AC Milan,Federico La Penna,19,0.56,1.67,1.05,1.84,0,3,3,2,0,2,"","11,31,88",6,6,1,0,2,0,0,1,1,1,18,14,3,7,5,4,8,13,35,65,1.34,1.42,0.98,1.58,2.89,50,73,50,39,17,50,73,45,84,9.00,6.23,4.89,4.08,1.71,1.25,1.73,2.95,5.50,1.75,2.00,Stadio Carlo Castellani – Computer Gross Arena (Empoli)
1704636000,Jan 07 2024 - 2:00pm,complete,N/A,Torino,Napoli,Maurizio Mariani,19,1.78,1.89,1.74,1.47,3,0,3,1,1,0,"43,52,66","",2,5,0,0,2,1,0,0,1,2,11,11,7,4,3,4,7,13,50,50,1.36,1.52,1.42,0.99,2.17,39,67,45,22,0,17,50,50,78,11.55,4.56,3.07,3.32,2.45,1.40,2.20,4.00,8.00,1.95,1.80,Stadio Olimpico Grande Torino (Torino)
1704636000,Jan 07 2024 - 2:00pm,complete,N/A,Udinese,Lazio,Juan Luca Sacchi,19,1.00,1.11,0.74,1.42,1,2,3,1,0,1,"59","12,76",4,4,5,0,3,0,4,1,1,2,14,8,3,3,6,4,14,21,46,54,1.45,1.28,0.99,0.95,2.67,56,89,50,22,6,33,78,44,84,11.00,5.22,3.41,3.16,2.35,1.42,2.20,4.33,9.00,1.95,1.80,Bluenergy Stadium (Udine)
1704646800,Jan 07 2024 - 5:00pm,complete,N/A,Salernitana,Juventus,Marco Guida,19,0.78,2.22,0.42,1.63,1,2,3,1,1,0,"39","65,90'1",2,8,2,1,5,0,2,1,1,4,9,20,4,4,3,9,10,15,29,71,1.32,1.27,0.89,1.64,2.67,56,84,56,22,6,28,73,45,84,9.89,6.34,6.50,4.10,1.47,1.30,1.78,3.40,6.50,2.05,1.70,Stadio Arechi (Salerno)
1704656700,Jan 07 2024 - 7:45pm,complete,N/A,Roma,Atalanta,Gianluca Aureliano,19,2.22,1.11,2.11,1.47,1,1,2,2,1,1,"39","8",6,5,1,0,6,0,0,1,3,3,17,9,7,3,6,4,15,12,55,45,1.38,1.39,1.69,0.87,2.95,50,84,56,28,17,33,73,56,95,10.22,4.78,2.30,3.10,3.00,1.40,1.71,4.00,8.00,1.91,1.91,Stadio Olimpico (Roma)
1705154400,Jan 13 2024 - 2:00pm,complete,N/A,Genoa,Torino,Antonio Giua,20,1.44,0.89,1.58,1.05,0,0,0,0,0,0,"","",8,4,3,0,2,0,1,2,1,1,12,7,7,0,5,6,11,11,42,58,1.16,1.13,1.52,0.72,2.28,45,67,28,22,17,28,61,39,73,7.00,5.45,2.57,3.20,2.57,1.55,2.16,5.00,10.00,2.20,1.62,Stadio Comunale Luigi Ferraris (Genova)
1705154400,Jan 13 2024 - 2:00pm,complete,N/A,Napoli,Salernitana,Livio Marinelli,20,1.22,0.56,1.32,0.47,2,1,3,2,1,1,"45'4,90'6","29",8,3,3,0,2,0,1,2,1,1,21,7,8,3,9,2,15,9,70,30,1.94,0.98,2.08,0.70,2.73,45,73,62,33,11,44,78,39,84,10.89,4.22,1.24,5.50,9.55,1.18,1.62,2.33,4.33,1.91,1.91,Stadio Diego Armando Maradona (Napoli)
1705165200,Jan 13 2024 - 5:00pm,complete,N/A,Hellas Verona,Empoli,Daniele Doveri,20,1.00,0.89,1.26,0.84,2,1,3,1,1,0,"3,56","64",5,9,3,1,3,0,0,4,0,3,13,15,8,2,3,8,21,17,40,60,1.27,1.04,1.51,1.01,2.33,39,67,39,22,6,22,67,39,78,8.44,4.55,2.24,3.35,3.30,1.38,2.15,4.00,8.00,1.91,1.91,Stadio Marcantonio Bentegodi (Verona)
1705175100,Jan 13 2024 - 7:45pm,complete,N/A,Monza,Inter Milan,Antonio Rapuano,20,1.44,2.56,1.26,2.53,1,5,6,2,0,2,"69","12,14,60,84,88",4,5,2,0,2,0,1,1,0,2,10,21,3,8,7,10,6,12,57,43,1.37,1.45,1.13,2.01,2.11,39,78,33,6,0,28,67,33,67,9.67,4.00,6.40,4.20,1.52,1.28,1.94,3.10,6.00,1.95,1.80,U-Power Stadium (Monza)
1705231800,Jan 14 2024 - 11:30am,complete,N/A,Lazio,Lecce,N/A,20,1.89,0.56,1.79,0.74,1,0,1,0,0,0,"58","",2,5,4,0,4,0,1,3,1,3,9,13,3,4,4,6,12,10,47,53,1.24,1.06,0.86,1.14,2.17,50,67,28,22,6,28,50,45,73,8.11,5.78,1.63,3.80,6.10,1.38,2.06,3.75,7.50,2.10,1.67,Stadio Olimpico (Roma)
1705240800,Jan 14 2024 - 2:00pm,complete,N/A,Cagliari,Bologna,Gianluca Manganiello,20,1.33,1.00,1.32,1.42,2,1,3,2,1,1,"31,69","24",2,5,3,0,2,0,2,1,1,1,6,13,3,5,1,7,12,9,37,63,1.49,1.21,0.66,1.59,2.50,67,78,50,22,11,44,67,33,67,9.22,4.45,2.99,3.15,2.59,1.47,2.36,4.75,10.00,2.05,1.70,Unipol Domus (Cagliari)
1705251600,Jan 14 2024 - 5:00pm,complete,N/A,Fiorentina,Udinese,Luca Pairetto,20,2.11,0.89,1.84,1.21,2,2,4,1,0,1,"55,87","10,73",4,4,1,0,1,0,0,1,1,0,11,13,4,7,6,5,14,13,70,30,1.58,1.10,1.31,1.45,2.39,45,67,45,28,11,39,61,33,84,8.22,3.67,1.73,4.03,5.29,1.34,2.00,3.57,7.00,1.95,1.80,Stadio Artemio Franchi (Firenze)
1705261500,Jan 14 2024 - 7:45pm,complete,N/A,AC Milan,Roma,Marco Guida,20,2.33,0.89,2.11,1.21,3,1,4,1,1,0,"11,56,84","69",2,5,2,0,3,0,0,2,1,2,18,13,6,6,8,3,10,8,48,52,1.39,1.24,1.58,1.31,2.28,39,56,39,22,17,28,56,33,84,9.78,4.56,2.13,3.55,3.79,1.40,2.20,4.20,8.50,1.95,1.80,Stadio Giuseppe Meazza (Milano)
1705347900,Jan 15 2024 - 7:45pm,complete,N/A,Atalanta,Frosinone,Alessandro Prontera,20,2.11,0.22,2.16,0.53,5,0,5,3,3,0,"8,13,14,83,90","",8,2,0,0,1,0,0,0,0,1,22,10,10,6,6,1,11,7,48,52,1.71,1.19,2.04,1.16,2.84,56,84,56,28,17,28,73,45,89,11.34,4.00,1.46,4.44,6.40,1.20,1.62,2.50,4.33,1.80,1.95,Gewiss Stadium (Bergamo)
1705434300,Jan 16 2024 - 7:45pm,complete,N/A,Juventus,Sassuolo,Marco Piccinini,20,2.56,0.89,2.11,0.53,3,0,3,2,2,0,"15,37,89","",5,2,0,0,2,0,0,0,1,1,13,9,6,5,2,3,9,9,46,54,1.51,1.37,1.24,1.13,2.67,61,73,45,22,11,28,61,45,95,10.66,4.66,1.32,4.70,7.30,1.24,1.70,2.85,5.00,1.95,1.80,Allianz Stadium (Torino)
1705770000,Jan 20 2024 - 5:00pm,complete,N/A,Roma,Hellas Verona,Juan Luca Sacchi,21,2.10,0.50,2.11,0.74,2,1,3,2,2,0,"19,25","76",1,2,2,0,2,0,1,1,0,2,11,13,3,4,3,4,13,14,62,38,1.41,1.16,0.81,1.11,2.55,50,65,45,25,10,20,65,50,80,8.20,5.40,1.48,4.30,7.60,1.38,2.03,4.00,8.00,2.25,1.57,Stadio Olimpico (Roma)
1705779900,Jan 20 2024 - 7:45pm,complete,N/A,Udinese,AC Milan,Fabio Maresca,21,0.90,1.80,0.74,1.84,2,3,5,2,1,1,"42,62","31,83,90'3",5,7,6,0,1,0,1,5,0,1,12,16,7,8,3,3,12,9,30,70,1.41,1.44,1.41,1.59,3.25,65,90,70,45,15,55,85,55,85,9.00,6.10,4.00,3.80,1.90,1.30,1.96,3.30,6.50,1.75,2.00,Bluenergy Stadium (Udine)
1705836600,Jan 21 2024 - 11:30am,complete,N/A,Frosinone,Cagliari,Federico Dionisi,21,1.70,0.30,1.32,0.58,3,1,4,1,0,1,"64,75,90'6","26",8,4,3,0,5,0,0,3,1,4,18,10,8,5,8,4,10,18,60,40,1.29,1.11,1.92,1.19,2.75,70,85,65,20,10,30,65,50,85,9.30,4.80,2.65,3.42,2.60,1.32,1.95,3.40,6.50,1.75,2.00,Stadio Benito Stirpe (Frosinone)
1705845600,Jan 21 2024 - 2:00pm,complete,N/A,Empoli,Monza,Antonio Giua,21,0.50,1.20,1.05,1.11,3,0,3,2,2,0,"13,38,73","",1,7,1,0,3,0,0,1,0,3,10,17,6,6,2,6,15,10,28,72,1.30,1.23,1.04,1.71,2.25,30,65,35,15,10,35,65,20,80,9.60,5.10,2.95,3.24,2.46,1.28,2.03,3.50,7.00,1.80,1.95,Stadio Carlo Castellani – Computer Gross Arena (Empoli)
1705856400,Jan 21 2024 - 5:00pm,complete,N/A,Salernitana,Genoa,Daniele Orsato,21,0.70,0.80,0.42,1.00,1,2,3,2,1,1,"2","13,58",5,5,0,0,5,0,0,0,2,3,12,6,3,6,3,0,10,15,60,40,1.28,1.08,0.94,1.06,2.55,60,80,55,20,0,25,60,45,95,7.40,6.10,3.80,3.20,2.21,1.47,2.30,4.33,9.00,2.05,1.70,Stadio Arechi (Salerno)
1705866300,Jan 21 2024 - 7:45pm,complete,N/A,Lecce,Juventus,Daniele Doveri,21,1.60,2.30,1.26,1.63,0,3,3,0,0,0,"","59,68,85",5,5,1,0,1,0,0,1,1,0,13,17,4,9,4,6,9,12,52,48,1.57,1.31,1.08,1.85,2.40,55,75,45,15,5,20,80,40,80,9.40,5.30,6.00,3.60,1.67,1.47,2.22,4.75,10.00,2.20,1.62,Stadio Ettore Giardiniero - Via del Mare (Lecce)
1706298300,Jan 26 2024 - 7:45pm,complete,N/A,Cagliari,Torino,Andrea Colombo,22,1.50,0.90,1.32,1.05,1,2,3,2,0,2,"77","23,45'3",9,2,2,0,4,0,1,1,0,4,26,18,11,8,9,7,13,12,51,49,1.41,1.09,2.42,1.79,2.35,45,70,40,20,15,35,50,40,70,7.60,4.70,3.20,2.90,2.23,1.46,2.30,4.55,9.30,2.00,1.75,Unipol Domus (Cagliari)
1706364000,Jan 27 2024 - 2:00pm,complete,N/A,Atalanta,Udinese,Marco Piccinini,22,2.20,0.90,2.16,1.21,2,0,2,2,2,0,"33,45'1","",4,4,2,0,1,0,0,2,1,0,15,14,12,6,2,6,7,11,58,42,1.75,1.13,2.14,1.48,2.65,50,75,50,35,20,25,60,55,85,10.50,3.50,1.56,4.50,5.60,1.24,1.68,2.90,5.50,1.80,1.95,Gewiss Stadium (Bergamo)
1706374800,Jan 27 2024 - 5:00pm,complete,N/A,Juventus,Empoli,Livio Marinelli,22,2.60,0.80,2.11,0.84,1,1,2,0,0,0,"50","70",6,7,1,1,1,0,1,1,1,0,11,17,4,6,2,6,11,6,39,61,1.49,1.03,0.97,1.47,2.20,35,65,35,10,5,20,55,35,85,10.00,4.40,1.25,5.50,11.00,1.27,1.72,3.10,5.80,2.38,1.53,Allianz Stadium (Torino)
1706384700,Jan 27 2024 - 7:45pm,complete,N/A,AC Milan,Bologna,Davide Massa,22,2.40,0.90,2.11,1.42,2,2,4,2,1,1,"45,83","29,90'2",4,1,5,0,3,0,4,1,2,1,16,17,5,5,10,5,15,10,50,50,1.41,1.25,1.56,1.23,2.25,50,65,45,20,5,35,65,25,75,8.80,4.40,1.70,3.75,4.60,1.34,1.78,3.60,7.05,2.00,1.75,Stadio Giuseppe Meazza (Milano)
1706441400,Jan 28 2024 - 11:30am,complete,N/A,Genoa,Lecce,Luca Pairetto,22,1.40,0.50,1.58,0.74,2,1,3,1,0,1,"70,76","31",3,8,0,0,2,0,0,0,0,2,20,20,8,6,8,7,10,17,50,50,1.19,1.07,1.92,1.56,2.25,60,65,30,25,10,30,60,40,75,8.20,6.20,2.08,3.15,3.95,1.53,2.32,5.10,10.00,2.20,1.62,Stadio Comunale Luigi Ferraris (Genova)
1706450400,Jan 28 2024 - 2:00pm,complete,N/A,Hellas Verona,Frosinone,Federico La Penna,22,1.20,0.20,1.26,0.53,1,1,2,1,1,0,"45'3","58",1,9,2,0,2,0,1,1,1,1,16,12,6,7,7,2,17,10,49,51,1.29,1.19,1.51,1.36,2.80,60,80,55,35,10,35,75,45,85,8.80,4.60,2.26,3.35,3.20,1.28,2.01,3.24,6.05,1.75,2.00,Stadio Marcantonio Bentegodi (Verona)
1706450400,Jan 28 2024 - 2:00pm,complete,N/A,Monza,Sassuolo,Gianluca Manganiello,22,1.30,0.80,1.26,0.53,1,0,1,1,1,0,"31","",4,5,1,0,3,0,1,0,1,2,13,15,2,4,5,6,8,13,61,39,1.35,1.35,0.91,1.25,2.80,60,80,50,20,15,35,80,40,85,10.70,4.70,2.29,3.55,3.05,1.20,1.73,2.85,5.20,1.62,2.20,U-Power Stadium (Monza)
1706461200,Jan 28 2024 - 5:00pm,complete,N/A,Lazio,Napoli,Daniele Orsato,22,2.00,1.70,1.79,1.47,0,0,0,0,0,0,"","",4,3,3,0,2,0,0,3,0,2,11,6,2,0,6,3,11,11,38,62,1.21,1.47,0.99,0.45,2.30,35,65,40,30,5,20,60,45,75,9.90,5.50,2.45,3.10,2.95,1.40,2.20,4.15,8.00,1.95,1.80,Stadio Olimpico (Roma)
1706471100,Jan 28 2024 - 7:45pm,complete,N/A,Fiorentina,Inter Milan,Gianluca Aureliano,22,2.00,2.60,1.84,2.53,0,1,1,1,0,1,"","14",7,6,2,0,3,0,1,1,1,2,15,9,5,5,5,2,6,12,58,42,1.55,1.50,1.44,1.04,2.75,40,80,55,25,10,45,75,40,80,8.30,3.20,3.65,3.65,1.91,1.27,1.88,3.13,5.85,1.80,1.95,Stadio Artemio Franchi (Firenze)
1706557500,Jan 29 2024 - 7:45pm,complete,N/A,Salernitana,Roma,Marco Di Bello,22,0.64,0.80,0.42,1.21,1,2,3,0,0,0,"70","51,66",5,1,2,0,3,0,1,1,1,2,17,6,8,3,4,1,10,10,38,62,1.25,1.25,1.68,0.69,2.80,67,85,62,29,10,33,67,53,95,9.78,6.07,5.25,3.80,1.67,1.34,2.20,3.85,8.00,2.00,1.75,Stadio Arechi (Salerno)
1706903100,Feb 02 2024 - 7:45pm,complete,N/A,Lecce,Fiorentina,Antonio Giua,23,1.45,1.40,1.26,1.32,3,2,5,1,1,0,"17,90,90'2","50,67",1,3,3,0,3,0,0,3,1,2,18,11,9,4,6,6,9,6,50,50,1.52,1.39,1.84,1.21,2.38,48,71,38,24,5,19,82,38,81,10.23,4.87,3.60,3.20,2.10,1.40,2.20,4.20,8.50,1.95,1.80,Stadio Ettore Giardiniero - Via del Mare (Lecce)
1706968800,Feb 03 2024 - 2:00pm,complete,N/A,Empoli,Genoa,Ermanno Feliciani,23,0.73,1.00,1.05,1.00,0,0,0,0,0,0,"","",6,6,2,0,2,1,0,2,0,3,16,11,5,3,4,4,12,9,48,52,1.28,1.08,1.32,0.92,2.23,37,64,41,9,5,32,60,23,87,7.45,5.00,2.90,3.00,2.60,1.47,2.40,4.60,9.75,2.05,1.70,Stadio Carlo Castellani – Computer Gross Arena (Empoli)
1706968800,Feb 03 2024 - 2:00pm,complete,N/A,Udinese,Monza,Alessandro Prontera,23,0.82,1.09,0.74,1.11,0,0,0,0,0,0,"","",7,4,3,0,2,0,1,2,0,2,22,4,7,3,8,1,12,12,47,53,1.41,1.28,1.77,0.63,2.73,50,82,55,27,14,41,78,37,82,9.54,5.64,2.25,3.25,3.20,1.29,2.00,3.10,6.00,1.75,2.00,Bluenergy Stadium (Udine)
1706979600,Feb 03 2024 - 5:00pm,complete,N/A,Frosinone,AC Milan,Luca Pairetto,23,1.82,1.91,1.32,1.84,2,3,5,2,1,1,"24,65","17,72,81",2,4,1,0,3,0,0,1,1,2,8,14,5,6,2,3,9,14,42,58,1.34,1.45,1.01,1.38,3.50,82,91,82,50,23,64,87,60,91,9.54,5.82,4.66,4.19,1.78,1.20,1.60,2.55,4.50,1.67,2.10,Stadio Benito Stirpe (Frosinone)
1706989500,Feb 03 2024 - 7:45pm,complete,N/A,Bologna,Sassuolo,Juan Luca Sacchi,23,2.30,0.73,2.16,0.53,4,2,6,3,1,2,"24,73,83,86","13,34",7,4,1,0,3,0,0,1,1,2,21,13,5,5,6,4,11,10,70,30,1.36,1.34,1.49,1.22,2.54,47,76,47,14,9,28,76,38,86,8.80,4.86,1.84,3.91,4.61,1.30,1.83,1.91,6.00,1.95,1.80,Stadio Renato Dall'Ara (Bologna)
1707046200,Feb 04 2024 - 11:30am,complete,N/A,Torino,Salernitana,Daniele Chiffi,23,1.90,0.50,1.74,0.47,0,0,0,0,0,0,"","",10,1,2,0,1,0,1,1,0,1,15,4,2,2,7,2,11,8,67,33,1.36,0.95,1.20,0.49,2.25,35,65,50,15,5,30,65,35,75,9.30,3.50,1.48,4.15,7.30,1.40,2.20,4.20,8.50,2.25,1.57,Stadio Olimpico Grande Torino (Torino)
1707055200,Feb 04 2024 - 2:00pm,complete,N/A,Napoli,Hellas Verona,Marco Piccinini,23,1.40,0.45,1.32,0.74,2,1,3,0,0,0,"79,87","72",9,2,3,0,2,0,0,3,1,1,21,14,9,3,10,10,10,14,69,31,1.96,1.16,2.26,1.25,2.49,53,63,58,24,10,34,67,43,82,10.51,4.93,2.20,1.96,6.81,1.22,1.78,2.75,5.00,2.00,1.75,Stadio Diego Armando Maradona (Napoli)
1707066000,Feb 04 2024 - 5:00pm,complete,N/A,Atalanta,Lazio,Marco Guida,23,2.27,1.30,2.16,1.42,3,1,4,2,2,0,"16,43,76","84",6,1,2,0,3,0,1,1,2,1,20,8,6,2,9,3,13,14,53,47,1.78,1.25,1.84,0.69,2.66,48,86,53,19,14,33,77,53,86,12.05,4.54,1.90,3.60,3.90,1.35,2.12,3.70,7.00,1.95,1.80,Gewiss Stadium (Bergamo)
1707075900,Feb 04 2024 - 7:45pm,complete,N/A,Inter Milan,Juventus,Fabio Maresca,23,2.50,2.36,2.42,1.63,1,0,1,1,1,0,"37","",6,4,2,0,3,0,0,2,2,1,16,14,4,2,7,5,8,8,54,46,1.81,1.35,1.43,0.89,2.78,43,82,58,25,10,24,82,43,87,12.23,3.73,1.95,3.50,3.90,1.39,2.21,3.90,8.00,2.00,1.75,Stadio Giuseppe Meazza (Milano)
1707162300,Feb 05 2024 - 7:45pm,complete,N/A,Roma,Cagliari,Matteo Marcenaro,23,2.18,0.27,2.11,0.58,4,0,4,2,2,0,"2,23,51,59","",7,5,1,0,1,0,0,1,0,1,21,13,7,4,7,6,8,10,51,49,1.36,1.11,1.58,1.18,2.73,60,87,55,23,5,23,64,55,87,9.00,5.10,1.47,4.50,6.75,1.29,2.02,3.00,5.75,2.00,1.75,Stadio Olimpico (Roma)
1707507900,Feb 09 2024 - 7:45pm,complete,N/A,Salernitana,Empoli,Maurizio Mariani,24,0.58,0.82,0.42,0.84,1,3,4,1,0,1,"69","23,88,90'4",4,8,3,0,2,0,1,2,1,1,14,18,5,4,5,8,10,17,61,39,1.28,1.07,1.39,1.40,2.68,56,87,56,17,5,21,66,52,91,10.08,5.35,2.45,3.30,2.95,1.37,2.02,3.70,7.50,1.95,1.80,Stadio Arechi (Salerno)
1707573600,Feb 10 2024 - 2:00pm,complete,N/A,Cagliari,Lazio,Marco Di Bello,24,1.36,1.18,1.32,1.42,1,3,4,1,0,1,"51","26,49,65",7,8,1,0,3,0,0,1,1,2,14,13,7,6,4,6,7,7,46,54,1.50,1.20,1.52,1.49,2.78,69,87,60,23,9,46,78,46,82,10.63,4.82,3.60,3.40,2.00,1.44,2.20,4.50,9.50,2.00,1.75,Unipol Domus (Cagliari)
1707584400,Feb 10 2024 - 5:00pm,complete,N/A,Roma,Inter Milan,Marco Guida,24,2.25,2.64,2.11,2.53,2,4,6,3,2,1,"28,44","17,49,56,90'3",3,8,2,0,0,0,0,2,0,0,10,11,5,7,4,2,11,13,46,54,1.38,1.46,1.20,1.39,2.86,47,87,52,26,9,39,74,52,78,9.09,4.15,4.60,3.30,1.85,1.40,2.10,4.20,8.50,1.95,1.80,Stadio Olimpico (Roma)
1707594300,Feb 10 2024 - 7:45pm,complete,N/A,Sassuolo,Torino,Daniele Orsato,24,1.10,1.09,1.05,1.05,1,1,2,2,1,1,"5","9",5,4,1,0,3,0,1,0,0,3,13,16,5,4,5,6,12,12,41,59,1.45,1.16,1.32,1.20,2.36,44,72,39,20,10,34,58,43,72,8.15,4.91,3.50,3.00,2.30,1.36,2.20,3.75,7.50,1.80,1.95,MAPEI Stadium - Città del Tricolore (Reggio Emilia)
1707651000,Feb 11 2024 - 11:30am,complete,N/A,Fiorentina,Frosinone,Ermanno Feliciani,24,1.82,0.27,1.84,0.53,5,1,6,3,3,0,"16,19,43,53,85","66",2,5,3,0,1,0,1,2,0,1,19,12,8,4,8,3,16,9,54,46,1.54,1.20,1.97,1.06,2.82,50,78,55,32,14,41,82,32,87,9.55,3.73,1.52,4.35,6.40,1.22,1.73,2.78,5.00,1.91,1.91,Stadio Artemio Franchi (Firenze)
1707660000,Feb 11 2024 - 2:00pm,complete,N/A,Bologna,Lecce,Gianluca Manganiello,24,2.36,0.45,2.16,0.74,4,0,4,2,2,0,"5,27,49,82","",4,3,1,0,2,0,1,0,1,1,17,15,7,4,9,8,10,13,65,35,1.37,1.11,1.81,1.30,2.27,50,73,36,14,5,27,55,46,87,7.73,5.81,1.76,3.55,5.20,1.42,2.07,4.33,9.50,2.10,1.67,Stadio Renato Dall'Ara (Bologna)
1707660000,Feb 11 2024 - 2:00pm,complete,N/A,Monza,Hellas Verona,Davide Massa,24,1.45,0.42,1.26,0.74,0,0,0,0,0,0,"","",5,2,1,0,2,0,0,1,0,2,12,11,2,2,7,7,16,14,55,45,1.31,1.17,0.95,0.96,2.17,48,57,39,13,9,22,66,35,70,8.38,4.94,2.07,3.45,3.70,1.35,2.03,4.00,7.50,1.95,1.80,U-Power Stadium (Monza)
1707670800,Feb 11 2024 - 5:00pm,complete,N/A,Genoa,Atalanta,Andrea Colombo,24,1.55,1.10,1.58,1.47,1,4,5,1,0,1,"51","22,55,90'10,90'13",7,4,3,0,4,0,1,2,2,2,16,16,7,10,5,1,8,12,55,45,1.26,1.34,1.69,1.69,2.53,57,72,43,24,19,39,81,38,72,9.92,4.76,3.60,3.50,1.95,1.37,1.90,4.00,8.00,1.95,1.80,Stadio Comunale Luigi Ferraris (Genova)
1707680700,Feb 11 2024 - 7:45pm,complete,N/A,AC Milan,Napoli,Daniele Doveri,24,2.27,1.64,2.11,1.47,1,0,1,1,1,0,"25","",1,2,1,0,1,0,0,1,0,1,11,13,7,3,3,6,10,13,40,60,1.43,1.37,1.37,1.20,2.45,36,64,50,36,5,23,64,46,82,9.73,5.09,1.95,3.50,3.60,1.26,1.81,3.00,5.50,1.67,2.10,Stadio Giuseppe Meazza (Milano)
1707767100,Feb 12 2024 - 7:45pm,complete,N/A,Juventus,Udinese,Rosario Abisso,24,2.45,0.82,2.11,1.21,0,1,1,1,0,1,"","25",8,4,3,0,3,0,1,2,1,2,15,9,7,2,7,4,15,10,71,29,1.44,1.17,2.05,0.70,2.18,50,69,32,23,5,27,46,41,82,9.18,4.00,1.38,4.80,8.40,1.30,1.94,3.25,6.00,2.20,1.62,Allianz Stadium (Torino)
1707933600,Feb 14 2024 - 6:00pm,complete,N/A,Bologna,Fiorentina,Daniele Chiffi,21,2.42,1.27,2.16,1.32,2,0,2,1,1,0,"12,90'5","",2,3,2,0,3,0,0,2,1,2,19,13,8,4,8,6,10,9,58,42,1.41,1.38,1.78,1.28,2.49,39,70,39,27,13,26,79,39,78,9.35,4.89,2.30,3.10,3.20,1.42,2.20,4.33,9.00,1.95,1.80,Stadio Renato Dall'Ara (Bologna)
1708106400,Feb 16 2024 - 6:00pm,complete,N/A,Torino,Lecce,Giovanni Ayroldi,25,1.82,0.42,1.74,0.74,2,0,2,0,0,0,"50,81","",5,5,1,0,3,1,1,0,1,3,13,9,5,5,4,2,16,10,60,40,1.35,1.13,1.18,0.93,2.03,43,65,39,13,0,21,43,52,78,9.94,4.78,1.59,3.59,6.22,1.50,2.20,4.72,9.65,2.20,1.62,Stadio Olimpico Grande Torino (Torino)
1708113600,Feb 16 2024 - 8:00pm,complete,N/A,Inter Milan,Salernitana,Marco Piccinini,25,2.55,0.55,2.42,0.47,4,0,4,3,3,0,"17,19,40,90","",18,0,0,0,1,0,0,0,0,1,27,2,11,0,10,2,9,9,73,27,1.78,0.91,2.72,0.18,2.68,36,73,55,32,9,36,87,27,82,10.45,3.09,1.11,9.00,17.00,1.12,1.35,1.96,3.40,2.05,1.70,Stadio Giuseppe Meazza (Milano)
1708178400,Feb 17 2024 - 2:00pm,complete,N/A,Napoli,Genoa,Juan Luca Sacchi,25,1.55,1.00,1.32,1.00,1,1,2,0,0,0,"90","47",7,2,3,0,2,0,2,1,0,2,26,7,8,5,13,1,9,12,74,26,1.98,1.06,2.52,0.89,2.41,57,70,58,18,5,35,57,40,87,10.48,5.02,1.56,3.80,5.40,1.36,1.97,3.75,8.00,2.05,1.70,Stadio Diego Armando Maradona (Napoli)
1708189200,Feb 17 2024 - 5:00pm,complete,N/A,Hellas Verona,Juventus,Marco Di Bello,25,1.18,2.17,1.26,1.63,2,2,4,2,1,1,"11,52","28,55",5,4,0,0,0,0,0,0,0,0,15,19,10,5,3,6,8,11,44,56,1.31,1.32,1.80,1.34,2.35,53,70,48,18,4,22,74,44,75,8.67,5.20,5.50,3.60,1.62,1.42,2.25,4.00,8.00,2.20,1.62,Stadio Marcantonio Bentegodi (Verona)
1708199100,Feb 17 2024 - 7:45pm,complete,N/A,Atalanta,Sassuolo,Alessandro Prontera,25,2.33,0.67,2.16,0.53,3,0,3,1,1,0,"22,58,75","",11,5,0,0,0,0,0,0,0,0,30,13,14,5,9,5,9,9,56,44,1.79,1.33,2.96,1.28,3.17,55,83,63,33,25,42,84,54,88,11.34,4.09,1.30,5.00,8.50,1.13,1.46,2.25,3.50,1.75,2.00,Gewiss Stadium (Bergamo)
1708255800,Feb 18 2024 - 11:30am,complete,N/A,Lazio,Bologna,Fabio Maresca,25,1.91,0.91,1.79,1.42,1,2,3,2,1,1,"18","39,78",8,3,2,0,3,0,1,1,1,2,13,12,8,4,1,5,5,11,44,56,1.19,1.25,1.45,1.10,2.05,50,64,37,18,5,37,59,27,64,8.37,5.09,2.04,3.20,3.60,1.45,2.48,4.50,8.00,2.05,1.70,Stadio Olimpico (Roma)
1708264800,Feb 18 2024 - 2:00pm,complete,N/A,Empoli,Fiorentina,Luca Pairetto,25,0.75,1.17,1.05,1.32,1,1,2,1,0,1,"56","29",0,3,3,0,2,0,2,1,0,2,6,10,5,5,0,3,15,14,39,61,1.28,1.37,0.81,1.17,2.29,30,63,33,21,13,25,75,25,75,10.16,4.92,3.40,3.40,2.04,1.32,2.04,3.40,6.50,1.91,1.91,Stadio Carlo Castellani – Computer Gross Arena (Empoli)
1708264800,Feb 18 2024 - 2:00pm,complete,N/A,Udinese,Cagliari,Maurizio Mariani,25,0.83,0.25,0.74,0.58,1,1,2,2,1,1,"14","44",3,4,3,0,2,0,1,2,2,0,18,6,4,3,7,3,14,10,52,48,1.44,1.12,1.31,0.94,2.71,54,83,58,29,9,25,67,54,79,9.50,5.34,2.13,3.30,3.10,1.30,1.95,3.50,6.50,1.95,1.80,Bluenergy Stadium (Udine)
1708275600,Feb 18 2024 - 5:00pm,complete,N/A,Frosinone,Roma,Antonio Giua,25,1.67,1.00,1.32,1.21,0,3,3,1,0,1,"","38,71,81",10,2,0,0,3,0,0,0,1,2,26,14,8,6,11,4,8,17,43,57,1.32,1.20,2.04,1.24,3.03,78,83,69,35,22,39,69,57,92,9.35,5.24,3.55,3.50,1.77,1.22,1.66,2.80,4.75,1.67,2.10,Stadio Benito Stirpe (Frosinone)
1708285500,Feb 18 2024 - 7:45pm,complete,N/A,Monza,AC Milan,Andrea Colombo,25,1.42,2.00,1.26,1.84,4,2,6,2,2,0,"45,45'6,90,90'5","64,88",7,3,4,0,1,1,2,2,0,2,13,18,7,7,2,5,11,9,50,50,1.28,1.44,1.26,1.55,2.88,59,75,54,38,21,54,80,46,75,9.67,5.42,4.10,3.45,1.67,1.29,1.85,3.20,5.75,1.80,1.95,U-Power Stadium (Monza)
1708631100,Feb 22 2024 - 7:45pm,complete,N/A,Torino,Lazio,Federico La Penna,21,1.92,1.33,1.74,1.42,0,2,2,0,0,0,"","50,56",7,4,3,0,1,1,2,1,0,2,25,8,5,5,12,1,11,7,63,37,1.34,1.22,1.84,0.86,2.21,46,75,46,13,0,21,58,54,80,11.67,4.34,2.35,3.05,3.35,1.50,2.36,5.30,13.00,2.20,1.62,Stadio Olimpico Grande Torino (Torino)
1708717500,Feb 23 2024 - 7:45pm,complete,N/A,Bologna,Hellas Verona,Rosario Abisso,26,2.46,0.46,2.16,0.74,2,0,2,1,1,0,"27,65","",11,1,2,0,2,0,1,1,1,1,13,8,4,4,5,3,9,11,58,42,1.44,1.15,1.15,1.06,2.23,39,62,42,15,8,23,62,38,77,6.69,4.85,1.52,3.63,5.80,1.33,2.15,3.80,7.50,2.10,1.67,Stadio Renato Dall'Ara (Bologna)
1708783200,Feb 24 2024 - 2:00pm,complete,N/A,Sassuolo,Empoli,Gianluca Aureliano,26,1.09,1.00,1.05,0.84,2,3,5,1,0,1,"54,77","11,64,90'4",4,1,1,0,3,0,1,0,0,3,20,15,6,7,11,5,9,12,54,46,1.44,1.10,1.93,1.50,2.62,53,79,44,22,9,27,75,48,74,10.81,4.08,1.98,3.72,3.06,1.30,1.81,3.25,6.25,1.70,2.05,MAPEI Stadium - Città del Tricolore (Reggio Emilia)
1708794000,Feb 24 2024 - 5:00pm,complete,N/A,Salernitana,Monza,Michael Fabbri,26,0.54,1.08,0.42,1.11,0,2,2,0,0,0,"","78,83",7,11,2,0,2,0,1,1,0,2,12,18,4,8,4,7,6,12,42,58,1.29,1.22,1.09,1.76,2.63,55,84,60,24,4,37,68,40,88,9.50,5.82,2.65,3.20,2.75,1.38,2.05,3.85,8.00,1.80,1.95,Stadio Arechi (Salerno)
1708803900,Feb 24 2024 - 7:45pm,complete,N/A,Genoa,Udinese,Francesco Fourneau,26,1.42,1.00,1.58,1.21,2,0,2,2,2,0,"36,40","",8,3,1,0,3,1,1,0,2,2,20,7,5,2,8,1,9,17,65,35,1.30,1.13,1.61,0.55,2.42,59,67,38,33,17,25,71,42,67,8.83,4.34,2.32,3.00,3.50,1.50,2.43,4.50,10.50,2.10,1.67,Stadio Comunale Luigi Ferraris (Genova)
1708860600,Feb 25 2024 - 11:30am,complete,N/A,Juventus,Frosinone,Antonio Rapuano,26,2.25,0.25,2.11,0.53,3,2,5,4,2,2,"3,32,90'5","14,27",8,3,2,0,2,0,1,1,0,2,23,8,6,4,12,3,12,6,62,38,1.49,1.19,1.97,0.91,2.63,55,75,42,25,13,34,63,38,88,10.50,4.25,1.29,5.50,11.00,1.20,1.65,2.70,5.00,2.05,1.70,Allianz Stadium (Torino)
1708869600,Feb 25 2024 - 2:00pm,complete,N/A,Cagliari,Napoli,Luca Pairetto,26,1.25,1.50,1.32,1.47,1,1,2,0,0,0,"90'6","65",4,3,4,0,1,0,1,3,0,1,9,10,4,5,4,5,12,12,29,71,1.50,1.36,1.10,1.27,2.67,54,75,59,33,9,34,71,46,75,10.25,4.66,3.82,3.62,1.85,1.25,1.74,2.95,6.00,1.75,2.00,Unipol Domus (Cagliari)
1708880400,Feb 25 2024 - 5:00pm,complete,N/A,Lecce,Inter Milan,Daniele Doveri,26,1.58,2.67,1.26,2.53,0,4,4,1,0,1,"","15,54,56,67",7,10,1,0,2,0,1,0,1,1,15,12,3,8,9,3,12,6,38,62,1.55,1.45,1.24,1.52,2.80,50,83,50,25,13,30,75,50,80,8.84,3.91,6.75,4.60,1.46,1.24,1.70,2.90,5.50,1.95,1.80,Stadio Ettore Giardiniero - Via del Mare (Lecce)
1708890300,Feb 25 2024 - 7:45pm,complete,N/A,AC Milan,Atalanta,Daniele Orsato,26,2.33,1.27,2.11,1.47,1,1,2,2,1,1,"3","42",5,3,1,0,4,0,1,0,2,2,21,9,8,4,7,3,7,12,68,32,1.42,1.37,2.00,0.90,2.62,44,66,49,30,18,35,75,39,79,9.50,4.55,2.25,3.60,3.05,1.26,1.68,3.00,5.50,1.67,2.10,Stadio Giuseppe Meazza (Milano)
1708968600,Feb 26 2024 - 5:30pm,complete,N/A,Roma,Torino,Juan Luca Sacchi,26,2.08,1.08,2.11,1.05,3,2,5,2,1,1,"42,57,69","44,88",0,4,2,0,2,0,1,1,2,0,7,15,4,7,2,2,11,16,55,45,1.36,1.16,0.81,1.40,2.62,48,80,44,23,12,40,60,48,80,7.43,5.30,1.90,3.25,4.20,1.47,2.35,4.75,10.00,2.10,1.67,Stadio Olimpico (Roma)
1708976700,Feb 26 2024 - 7:45pm,complete,25190,Fiorentina,Lazio,Marco Guida,26,1.92,1.46,1.84,1.42,2,1,3,1,0,1,"61,69","45",13,2,0,0,2,0,0,0,0,2,23,6,8,2,9,2,15,12,54,46,1.58,1.19,2.04,0.57,2.76,52,80,56,28,9,41,80,48,88,9.73,4.60,2.30,3.10,3.10,1.37,2.18,3.90,9.00,1.91,1.91,Stadio Artemio Franchi (Firenze)
1709139600,Feb 28 2024 - 5:00pm,complete,N/A,Sassuolo,Napoli,Daniele Chiffi,21,1.00,1.46,1.05,1.47,1,6,7,4,1,3,"17","29,31,41,47,51,75",5,10,0,0,0,0,0,0,0,0,6,28,3,10,1,6,3,5,28,72,1.48,1.35,0.63,2.16,2.62,53,76,48,32,9,29,73,52,72,10.04,4.52,3.50,3.50,2.00,1.20,1.67,2.67,4.75,1.67,2.10,MAPEI Stadium - Città del Tricolore (Reggio Emilia)
1709149500,Feb 28 2024 - 7:45pm,complete,N/A,Inter Milan,Atalanta,Andrea Colombo,21,2.58,1.25,2.42,1.47,4,0,4,2,2,0,"26,45'1,54,71","",4,1,2,0,6,0,1,1,1,5,16,8,8,3,4,4,10,14,59,41,1.86,1.33,1.55,0.95,2.92,46,83,54,34,17,42,88,38,84,13.08,3.67,1.70,3.75,4.80,1.25,1.70,2.95,5.50,1.75,2.00,Stadio Giuseppe Meazza (Milano)
1709322300,Mar 01 2024 - 7:45pm,complete,N/A,Lazio,AC Milan,Marco Di Bello,27,1.75,1.85,1.79,1.84,0,1,1,0,0,0,"","88",2,5,4,3,6,0,0,7,0,6,12,15,4,6,6,6,17,19,38,62,1.21,1.45,1.16,1.45,2.92,55,71,55,43,23,55,71,47,75,9.08,5.65,2.70,3.10,2.55,1.36,2.02,4.00,8.00,1.80,1.95,Stadio Olimpico (Roma)
1709388000,Mar 02 2024 - 2:00pm,complete,N/A,Udinese,Salernitana,Gianluca Manganiello,27,0.85,0.50,0.74,0.47,1,1,2,2,1,1,"45'3","10",5,6,5,1,1,0,2,4,0,1,19,18,6,2,8,11,14,13,50,50,1.43,0.85,1.68,1.19,2.68,48,76,56,32,12,44,80,32,72,7.91,4.84,1.80,3.50,4.60,1.32,1.91,3.50,7.00,1.95,1.80,Bluenergy Stadium (Udine)
1709398800,Mar 02 2024 - 5:00pm,complete,N/A,Monza,Roma,Marco Piccinini,27,1.54,1.17,1.26,1.21,1,4,5,2,0,2,"87","38,42,63,82",6,3,1,0,4,0,0,1,1,3,18,13,6,7,9,3,9,14,50,50,1.28,1.20,1.63,1.37,2.45,52,69,45,20,16,28,64,45,77,9.70,5.14,3.69,3.25,2.10,1.30,1.95,3.38,6.35,1.80,1.95,U-Power Stadium (Monza)
1709408700,Mar 02 2024 - 7:45pm,complete,N/A,Torino,Fiorentina,Matteo Marchetti,27,1.77,1.15,1.74,1.32,0,0,0,0,0,0,"","",4,5,1,1,4,0,2,0,3,1,9,15,3,4,5,7,13,13,35,65,1.37,1.35,0.87,1.32,2.08,35,66,31,16,8,12,62,43,73,11.23,4.16,2.50,3.15,2.96,1.48,2.36,4.75,10.00,2.00,1.75,Stadio Olimpico Grande Torino (Torino)
1709465400,Mar 03 2024 - 11:30am,complete,N/A,Hellas Verona,Sassuolo,Fabio Maresca,27,1.17,0.62,1.26,0.53,1,0,1,0,0,0,"79","",2,10,4,0,2,0,0,4,0,2,11,14,6,3,3,2,23,10,43,57,1.36,1.33,1.17,0.83,2.94,65,80,60,32,12,36,84,52,88,9.00,4.48,2.34,3.55,3.00,1.25,1.91,3.00,5.70,1.70,2.05,Stadio Marcantonio Bentegodi (Verona)
1709474400,Mar 03 2024 - 2:00pm,complete,N/A,Empoli,Cagliari,Antonio Rapuano,27,0.77,0.31,1.05,0.58,0,1,1,0,0,0,"","69",9,2,0,0,3,0,0,0,1,2,18,9,5,5,5,2,12,14,56,44,1.25,1.10,1.38,1.03,2.31,39,74,43,16,4,27,62,35,77,8.92,4.69,2.13,3.40,3.60,1.36,2.05,3.75,7.50,1.91,1.91,Stadio Carlo Castellani – Computer Gross Arena (Empoli)
1709474400,Mar 03 2024 - 2:00pm,complete,N/A,Frosinone,Lecce,Marco Guida,27,1.54,0.38,1.32,0.74,1,1,2,1,1,0,"45'2","61",12,8,1,0,1,0,1,0,0,1,16,12,8,5,3,3,10,8,64,36,1.37,1.11,1.71,1.05,2.88,70,85,62,31,12,39,66,62,92,9.15,5.61,2.36,3.55,2.96,1.25,1.88,3.00,6.00,1.70,2.05,Stadio Benito Stirpe (Frosinone)
1709485200,Mar 03 2024 - 5:00pm,complete,N/A,Atalanta,Bologna,Federico La Penna,27,2.38,1.08,2.16,1.42,1,2,3,1,1,0,"28","57,61",6,2,3,0,2,0,1,2,1,1,13,13,3,7,2,2,13,15,55,45,1.88,1.23,1.01,1.28,2.67,57,84,60,24,12,48,76,44,80,10.35,4.21,1.95,3.45,4.00,1.36,1.88,3.75,7.50,1.95,1.80,Gewiss Stadium (Bergamo)
1709495100,Mar 03 2024 - 7:45pm,complete,N/A,Napoli,Juventus,Maurizio Mariani,27,1.50,2.08,1.32,1.63,2,1,3,1,1,0,"42,88","81",2,1,1,0,4,0,0,1,3,1,15,19,8,5,4,10,8,16,71,29,2.03,1.32,1.67,1.52,2.61,57,76,61,20,8,33,68,52,81,12.29,4.87,2.50,3.15,3.00,1.45,2.20,4.50,9.50,2.00,1.75,Stadio Diego Armando Maradona (Napoli)
1709581500,Mar 04 2024 - 7:45pm,complete,75421,Inter Milan,Genoa,Giovanni Ayroldi,27,2.62,1.00,2.42,1.00,2,1,3,2,2,0,"30,38","54",4,5,2,0,3,0,1,1,1,2,17,11,6,3,5,4,5,17,62,38,1.83,1.05,1.47,0.98,2.54,43,74,50,27,4,31,69,35,89,10.61,3.77,1.26,5.75,12.00,1.25,1.82,3.00,5.50,2.38,1.53,Stadio Giuseppe Meazza (Milano)
1709927100,Mar 08 2024 - 7:45pm,complete,N/A,Napoli,Torino,Daniele Orsato,28,1.62,1.00,1.32,1.05,1,1,2,0,0,0,"61","64",13,7,2,0,2,0,2,0,2,0,23,12,9,3,9,6,9,13,63,37,2.00,1.18,2.18,0.94,2.46,54,77,50,19,12,38,54,50,81,9.92,5.08,2.05,3.20,3.90,1.42,2.35,4.33,9.00,2.00,1.75,Stadio Diego Armando Maradona (Napoli)
1709992800,Mar 09 2024 - 2:00pm,complete,N/A,Cagliari,Salernitana,Francesco Fourneau,28,1.23,0.54,1.32,0.47,4,2,6,2,2,0,"12,40,51,76","56,58",5,4,1,0,2,0,0,1,0,2,14,14,8,6,3,5,15,9,29,71,1.47,0.87,1.41,1.52,2.73,58,77,58,31,12,50,77,31,73,8.54,3.85,1.83,3.40,4.50,1.30,1.95,3.25,6.00,1.80,1.95,Unipol Domus (Cagliari)
1709992800,Mar 09 2024 - 2:00pm,complete,N/A,Sassuolo,Frosinone,Federico La Penna,28,0.92,0.23,1.05,0.53,1,0,1,0,0,0,"58","",1,2,3,0,1,0,2,1,0,1,11,12,5,2,2,7,13,10,39,61,1.41,1.17,1.13,1.08,3.35,69,89,58,42,27,46,85,46,81,10.23,3.69,2.25,3.40,3.10,1.18,1.67,2.55,4.80,1.57,2.25,MAPEI Stadium - Città del Tricolore (Reggio Emilia)
1710003600,Mar 09 2024 - 5:00pm,complete,N/A,Bologna,Inter Milan,Luca Pairetto,28,2.50,2.69,2.16,2.53,0,1,1,1,0,1,"","37",7,2,2,0,1,0,1,1,0,1,20,7,4,5,6,2,17,12,60,40,1.42,1.46,1.32,1.05,2.68,34,82,45,23,11,34,74,45,78,9.28,3.83,3.75,3.13,2.10,1.33,2.05,3.50,6.50,1.91,1.91,Stadio Renato Dall'Ara (Bologna)
1710013500,Mar 09 2024 - 7:45pm,complete,N/A,Genoa,Monza,Ermanno Feliciani,28,1.54,1.23,1.58,1.11,2,3,5,2,0,2,"52,68","8,18,79",10,1,1,0,1,0,1,0,1,0,23,10,7,6,9,3,10,10,62,38,1.32,1.26,1.95,1.10,2.35,47,69,38,23,16,35,74,31,70,10.15,4.93,2.08,3.23,3.47,1.44,2.32,4.33,9.00,2.05,1.70,Stadio Comunale Luigi Ferraris (Genova)
1710070200,Mar 10 2024 - 11:30am,complete,25222,Lecce,Hellas Verona,Daniele Chiffi,28,1.46,0.43,1.26,0.74,0,1,1,1,0,1,"","17",11,6,3,0,3,1,1,2,1,3,16,14,4,5,5,7,14,20,56,44,1.52,1.14,1.23,1.36,2.42,49,68,49,23,8,15,67,45,82,7.26,4.80,2.13,3.30,3.60,1.41,2.23,4.20,8.20,1.95,1.80,Stadio Ettore Giardiniero - Via del Mare (Lecce)
1710079200,Mar 10 2024 - 2:00pm,complete,N/A,AC Milan,Empoli,Juan Luca Sacchi,28,2.23,1.15,2.11,0.84,1,0,1,1,1,0,"40","",11,4,1,0,4,0,1,0,1,3,16,6,6,3,8,2,18,13,62,38,1.47,1.13,1.79,0.67,2.50,42,66,42,27,12,20,69,43,77,9.39,4.15,1.43,4.80,7.00,1.18,1.62,2.60,4.80,1.95,1.80,Stadio Giuseppe Meazza (Milano)
1710090000,Mar 10 2024 - 5:00pm,complete,N/A,Juventus,Atalanta,Marco Guida,28,2.31,1.15,2.11,1.47,2,2,4,1,0,1,"66,70","35,75",4,3,0,0,1,0,0,0,0,1,20,8,6,4,8,3,12,11,51,49,1.53,1.30,1.65,1.01,2.54,50,74,43,23,16,43,66,39,81,10.31,5.15,2.25,3.30,3.25,1.32,2.03,3.65,7.50,1.91,1.91,Allianz Stadium (Torino)
1710099900,Mar 10 2024 - 7:45pm,complete,N/A,Fiorentina,Roma,Davide Massa,28,2.00,1.31,1.84,1.21,2,2,4,1,1,0,"18,69","58,90'5",8,2,2,0,5,0,0,2,3,2,17,11,6,6,6,4,10,14,33,67,1.62,1.21,1.43,1.44,2.85,54,73,62,31,19,39,74,50,89,9.08,4.54,2.60,3.30,2.72,1.28,1.97,3.20,6.50,1.75,2.00,Stadio Artemio Franchi (Firenze)
1710186300,Mar 11 2024 - 7:45pm,complete,N/A,Lazio,Udinese,Gianluca Aureliano,28,1.62,0.92,1.79,1.21,1,2,3,0,0,0,"49","47,51",9,5,3,0,5,1,1,2,1,5,19,15,7,6,10,6,8,11,69,31,1.20,1.08,2.06,1.40,2.00,39,58,27,23,8,27,54,31,62,8.54,5.00,1.59,3.81,5.56,1.36,2.20,3.78,7.40,2.00,1.75,Stadio Olimpico (Roma)
1710531900,Mar 15 2024 - 7:45pm,complete,N/A,Empoli,Bologna,Michael Fabbri,29,0.71,1.23,1.05,1.42,0,1,1,0,0,0,"","90'4",7,6,3,0,1,0,2,1,0,1,11,21,2,10,6,4,17,12,29,71,1.26,1.24,0.91,1.98,2.23,49,71,46,11,4,42,67,23,78,8.46,4.76,3.31,2.92,2.16,1.42,1.98,4.33,9.00,2.00,1.75,Stadio Carlo Castellani – Computer Gross Arena (Empoli)
1710597600,Mar 16 2024 - 2:00pm,complete,N/A,Monza,Cagliari,Matteo Marcenaro,29,1.43,0.50,1.26,0.58,1,0,1,1,1,0,"42","",3,7,2,0,1,0,1,1,0,1,16,12,4,0,6,8,11,9,63,37,1.30,1.10,1.23,0.78,2.43,50,72,43,21,11,29,64,43,72,9.71,4.64,1.88,3.45,3.75,1.32,1.83,3.40,6.50,1.75,2.00,U-Power Stadium (Monza)
1710597600,Mar 16 2024 - 2:00pm,complete,N/A,Udinese,Torino,Andrea Colombo,29,0.86,1.00,0.74,1.05,0,2,2,1,0,1,"","10,53",3,4,3,0,2,0,2,1,0,2,13,13,2,6,7,3,11,18,43,57,1.45,1.16,0.94,1.40,2.43,54,79,40,22,14,40,61,43,68,8.07,5.93,2.72,2.87,2.68,1.50,2.46,5.00,11.00,2.05,1.70,Bluenergy Stadium (Udine)
1710608400,Mar 16 2024 - 5:00pm,complete,N/A,Salernitana,Lecce,Fabio Maresca,29,0.50,0.43,0.42,0.74,0,1,1,1,0,1,"","17",7,1,4,0,3,0,2,2,0,3,16,19,7,5,6,11,10,18,72,28,1.28,1.11,1.67,1.55,2.68,64,90,54,25,0,29,57,61,97,9.21,6.28,2.62,3.25,2.70,1.33,2.10,3.60,8.00,1.91,1.91,Stadio Arechi (Salerno)
1710618300,Mar 16 2024 - 7:45pm,complete,N/A,Frosinone,Lazio,Antonio Rapuano,29,1.50,1.36,1.32,1.42,2,3,5,2,1,1,"13,70","38,57,62",9,4,1,0,3,0,0,1,1,2,16,23,6,8,7,7,10,15,42,58,1.40,1.15,1.64,1.89,3.00,75,93,68,29,11,36,83,61,93,11.00,4.93,3.25,3.50,2.15,1.29,1.87,3.00,5.50,1.70,2.05,Stadio Benito Stirpe (Frosinone)
1710675000,Mar 17 2024 - 11:30am,complete,40098,Juventus,Genoa,Antonio Giua,29,2.21,0.93,2.11,1.00,0,0,0,0,0,0,"","",12,2,3,1,1,0,1,3,0,1,19,6,4,3,4,3,11,11,66,34,1.54,1.05,1.42,0.77,2.18,54,64,40,14,4,29,50,33,86,8.50,4.78,1.45,4.00,8.50,1.40,2.15,4.33,8.50,2.25,1.57,Allianz Stadium (Torino)
1710684000,Mar 17 2024 - 2:00pm,complete,N/A,Hellas Verona,AC Milan,Maurizio Mariani,29,1.31,1.93,1.26,1.84,1,3,4,1,0,1,"64","44,50,79",3,5,1,0,3,0,1,0,2,1,16,20,5,7,8,9,10,9,44,56,1.34,1.45,1.45,1.70,3.09,67,78,63,48,18,55,78,55,89,8.06,5.81,5.75,3.60,1.65,1.32,1.85,3.50,6.50,1.95,1.80,Stadio Marcantonio Bentegodi (Verona)
1710694800,Mar 17 2024 - 5:00pm,complete,N/A,Roma,Sassuolo,Gianluca Manganiello,29,2.14,0.57,2.11,0.53,1,0,1,0,0,0,"50","",4,7,2,0,1,0,0,2,0,1,12,9,5,3,3,2,13,10,61,39,1.32,1.29,1.30,0.71,3.32,61,86,64,36,21,43,83,57,93,9.79,4.57,1.40,5.00,7.00,1.18,1.55,2.38,4.33,1.80,1.95,Stadio Olimpico (Roma)
1710704700,Mar 17 2024 - 7:45pm,complete,N/A,Inter Milan,Napoli,Federico La Penna,29,2.64,1.57,2.42,1.47,1,1,2,1,1,0,"43","81",5,7,2,0,1,0,1,1,0,1,21,13,7,4,7,6,19,8,49,51,1.81,1.41,1.76,1.21,2.86,40,79,57,40,7,32,79,47,86,12.57,3.64,1.53,4.33,5.50,1.22,1.65,2.80,5.00,1.75,2.00,Stadio Giuseppe Meazza (Milano)
1711798200,Mar 30 2024 - 11:30am,complete,N/A,Napoli,Atalanta,Luca Pairetto,30,1.57,1.14,1.32,1.47,0,3,3,2,0,2,"","26,45,88",7,5,2,0,2,0,1,1,0,2,21,13,7,7,8,4,6,13,61,39,2.01,1.28,1.81,1.43,2.86,64,86,61,29,14,43,72,57,86,12.07,5.00,2.08,3.65,3.50,1.28,1.86,3.10,6.00,1.67,2.10,Stadio Diego Armando Maradona (Napoli)
1711807200,Mar 30 2024 - 2:00pm,complete,N/A,Genoa,Frosinone,Juan Luca Sacchi,30,1.43,0.21,1.58,0.53,1,1,2,2,1,1,"30","36",3,8,2,0,1,0,2,0,0,1,10,16,4,4,4,7,16,9,48,52,1.36,1.16,1.00,1.26,3.00,64,79,50,40,29,40,83,40,79,10.14,4.14,1.93,3.55,4.15,1.33,2.01,3.60,7.00,1.80,1.95,Stadio Comunale Luigi Ferraris (Genova)
1711807200,Mar 30 2024 - 2:00pm,complete,N/A,Torino,Monza,Gianluca Aureliano,30,1.71,1.36,1.74,1.11,1,0,1,0,0,0,"69","",7,2,0,0,2,1,0,0,0,3,16,10,7,3,3,3,9,9,62,38,1.34,1.25,1.48,0.70,1.97,29,64,36,11,7,25,47,40,72,10.78,4.07,1.86,3.45,4.75,1.45,2.20,4.50,9.50,2.10,1.67,Stadio Olimpico Grande Torino (Torino)
1711818000,Mar 30 2024 - 5:00pm,complete,N/A,Lazio,Juventus,Andrea Colombo,30,1.50,1.93,1.79,1.63,1,0,1,0,0,0,"90'3","",7,2,1,0,2,0,0,1,0,2,17,10,5,4,8,3,12,12,64,36,1.27,1.33,1.66,0.91,2.18,43,61,43,14,7,21,61,40,68,9.43,5.57,2.64,3.00,2.64,1.42,2.31,4.20,8.00,2.00,1.75,Stadio Olimpico (Roma)
1711827900,Mar 30 2024 - 7:45pm,complete,N/A,Fiorentina,AC Milan,Fabio Maresca,30,1.93,2.00,1.84,1.84,1,2,3,0,0,0,"50","47,53",7,5,2,0,3,0,2,0,1,2,18,15,8,11,2,4,8,12,45,55,1.60,1.47,1.46,1.92,3.37,62,79,72,52,24,58,87,55,90,9.49,5.04,2.58,3.35,2.48,1.27,1.85,3.10,6.00,1.75,2.00,Stadio Artemio Franchi (Firenze)
1711967400,Apr 01 2024 - 10:30am,complete,N/A,Bologna,Salernitana,Ermanno Feliciani,30,2.33,0.50,2.16,0.47,3,0,3,2,2,0,"14,44,90'2","",5,3,0,0,3,0,0,0,2,1,16,9,4,3,5,3,11,11,70,30,1.41,0.92,1.33,0.82,2.53,35,72,45,25,11,42,80,27,76,7.74,4.06,1.25,5.00,11.00,1.25,1.75,3.10,5.50,2.20,1.62,Stadio Renato Dall'Ara (Bologna)
1711976400,Apr 01 2024 - 1:00pm,complete,N/A,Cagliari,Hellas Verona,Daniele Doveri,30,1.36,0.60,1.32,0.74,1,1,2,1,0,1,"74","30",7,2,0,0,2,0,0,0,1,1,13,9,3,6,3,2,12,18,51,49,1.47,1.16,0.98,1.08,2.57,60,67,52,25,14,32,66,42,73,8.30,4.66,2.10,3.25,3.50,1.38,2.10,3.75,7.50,1.91,1.91,Unipol Domus (Cagliari)
1711976400,Apr 01 2024 - 1:00pm,complete,N/A,Sassuolo,Udinese,Michael Fabbri,30,1.07,1.07,1.05,1.21,1,1,2,2,1,1,"41","44",10,1,1,0,2,0,1,0,2,0,15,13,6,4,7,6,7,12,60,40,1.39,1.11,1.62,1.07,2.68,57,75,43,33,14,36,68,47,68,9.00,4.15,2.80,3.25,2.45,1.33,2.03,3.60,7.00,1.75,2.00,MAPEI Stadium - Città del Tricolore (Reggio Emilia)
1711987200,Apr 01 2024 - 4:00pm,complete,N/A,Lecce,Roma,Matteo Marcenaro,30,1.36,1.29,1.26,1.21,0,0,0,0,0,0,"","",8,4,3,0,2,0,2,1,1,1,28,11,7,4,12,6,9,12,40,60,1.50,1.23,1.93,1.19,2.79,57,79,57,33,14,22,72,57,90,8.93,5.36,4.29,3.45,1.88,1.35,1.95,3.75,7.50,1.91,1.91,Stadio Ettore Giardiniero - Via del Mare (Lecce)
1711997100,Apr 01 2024 - 6:45pm,complete,N/A,Inter Milan,Empoli,Federico Dionisi,30,2.53,1.07,2.42,0.84,2,0,2,1,1,0,"5,81","",8,6,0,0,2,0,0,0,0,2,20,15,8,4,4,6,14,15,58,42,1.80,1.10,1.71,1.20,2.79,42,79,52,31,11,24,82,42,86,12.26,3.56,1.19,7.25,13.03,1.15,1.47,2.30,3.72,2.10,1.67,Stadio Giuseppe Meazza (Milano)
1712342700,Apr 05 2024 - 6:45pm,complete,N/A,Salernitana,Sassuolo,Simone Sozza,31,0.47,0.53,0.42,0.53,2,2,4,2,0,2,"52,90'1","37,44",4,9,4,0,3,0,1,3,0,3,6,17,3,6,2,5,11,13,54,46,1.30,1.25,0.80,1.56,2.97,60,83,64,27,10,30,74,54,93,10.73,5.26,2.63,3.33,2.50,1.28,1.66,3.10,6.00,1.67,2.10,Stadio Arechi (Salerno)
1712408400,Apr 06 2024 - 1:00pm,complete,N/A,AC Milan,Lecce,Luca Massimi,31,2.29,0.60,2.11,0.74,3,0,3,2,2,0,"6,20,57","",5,1,1,0,1,1,0,1,2,0,17,13,9,8,5,4,7,8,65,35,1.49,1.14,1.94,1.50,2.24,45,62,35,25,4,28,62,41,76,8.80,5.06,1.46,4.60,6.75,1.25,1.70,3.00,5.50,2.00,1.75,Stadio Giuseppe Meazza (Milano)
1712419200,Apr 06 2024 - 4:00pm,complete,N/A,Roma,Lazio,Marco Guida,31,2.20,1.47,2.11,1.42,1,0,1,1,1,0,"42","",3,6,5,0,3,0,0,5,1,2,16,12,4,2,7,6,13,14,46,54,1.32,1.20,1.20,1.02,3.07,64,90,60,34,14,40,77,64,93,9.47,5.13,2.20,3.20,3.70,1.38,1.98,3.80,7.50,1.91,1.91,Stadio Olimpico (Roma)
1712429100,Apr 06 2024 - 6:45pm,complete,N/A,Empoli,Torino,Davide Massa,31,0.67,1.13,1.05,1.05,3,2,5,1,1,0,"6,74,90'4","60,90'1",1,7,2,0,1,0,2,0,1,0,5,21,4,6,0,10,13,13,36,64,1.23,1.18,0.70,1.87,2.03,30,63,27,10,10,30,50,27,77,8.20,4.93,3.45,3.40,2.20,1.48,2.43,4.75,10.00,2.05,1.70,Stadio Carlo Castellani – Computer Gross Arena (Empoli)
1712485800,Apr 07 2024 - 10:30am,complete,N/A,Frosinone,Bologna,Daniele Orsato,31,1.40,1.36,1.32,1.42,0,0,0,0,0,0,"","",5,2,1,0,3,0,1,0,1,2,13,14,6,6,3,6,8,14,34,66,1.41,1.29,1.21,1.46,2.88,79,86,69,27,14,49,79,45,86,9.77,4.57,4.20,3.60,1.83,1.28,1.85,3.35,6.75,1.80,1.95,Stadio Benito Stirpe (Frosinone)
1712494800,Apr 07 2024 - 1:00pm,complete,N/A,Monza,Napoli,Daniele Doveri,31,1.53,1.53,1.26,1.47,2,4,6,1,1,0,"9,62","55,57,61,69",1,6,3,0,1,0,0,3,1,0,8,20,3,9,4,4,10,11,38,62,1.30,1.40,0.81,1.90,2.47,47,67,40,27,14,27,70,43,70,10.54,4.60,4.20,3.60,1.83,1.26,1.78,3.10,5.50,1.70,2.05,U-Power Stadium (Monza)
1712505600,Apr 07 2024 - 4:00pm,complete,N/A,Cagliari,Atalanta,Antonio Rapuano,31,1.33,1.27,1.32,1.47,2,1,3,2,1,1,"42,88","13",4,4,3,0,3,0,0,3,0,3,12,8,4,3,4,3,18,21,38,62,1.44,1.29,1.14,0.99,3.04,67,87,60,33,20,50,80,47,80,10.00,4.53,4.33,3.90,1.75,1.25,1.68,3.00,5.50,1.75,2.00,Unipol Domus (Cagliari)
1712505600,Apr 07 2024 - 4:00pm,complete,N/A,Hellas Verona,Genoa,Gianluca Manganiello,31,1.21,0.93,1.26,1.00,1,2,3,2,1,1,"8","45,58",5,3,3,0,1,0,2,1,1,0,14,12,5,6,5,4,14,15,61,39,1.35,1.03,1.40,1.30,2.22,59,66,45,22,0,28,59,39,83,6.66,4.89,2.75,3.10,2.65,1.50,2.25,5.00,11.00,2.10,1.67,Stadio Marcantonio Bentegodi (Verona)
1712515500,Apr 07 2024 - 6:45pm,complete,N/A,Juventus,Fiorentina,Federico La Penna,31,2.13,1.14,2.11,1.32,1,0,1,1,1,0,"21","",5,6,2,0,1,0,0,2,0,1,9,14,3,3,3,6,15,7,25,75,1.53,1.35,0.79,1.24,2.21,45,62,31,25,11,21,67,31,76,11.00,4.91,1.82,3.50,4.50,1.33,2.08,3.50,7.00,2.00,1.75,Allianz Stadium (Torino)
1712601900,Apr 08 2024 - 6:45pm,complete,N/A,Udinese,Inter Milan,Marco Piccinini,31,0.80,2.71,0.74,2.53,1,2,3,1,1,0,"40","55,90'5",0,8,1,0,2,0,0,1,0,2,4,24,2,7,1,10,10,12,23,77,1.41,1.43,0.45,2.07,2.77,48,83,49,28,14,38,80,45,66,9.57,4.70,6.00,4.00,1.53,1.27,1.73,3.00,6.00,1.91,1.91,Bluenergy Stadium (Udine)
1712947500,Apr 12 2024 - 6:45pm,complete,N/A,Lazio,Salernitana,Luca Zufferli,32,1.60,0.47,1.79,0.47,4,1,5,4,3,1,"7,14,35,87","16",9,0,0,0,1,0,0,0,1,0,18,10,7,6,6,1,15,10,62,38,1.29,0.91,1.56,1.06,2.30,37,60,44,23,10,40,64,24,70,8.33,4.73,1.28,5.50,9.00,1.24,1.70,2.84,5.20,2.10,1.67,Stadio Olimpico (Roma)
1713013200,Apr 13 2024 - 1:00pm,complete,N/A,Lecce,Empoli,Maurizio Mariani,32,1.33,1.00,1.26,0.84,1,0,1,0,0,0,"89","",10,3,1,0,0,0,1,0,0,0,15,5,8,2,3,2,18,15,54,46,1.53,1.11,1.57,0.64,2.50,44,73,44,24,10,10,73,47,80,10.14,4.66,2.08,3.25,3.75,1.42,2.25,4.33,8.50,1.95,1.80,Stadio Ettore Giardiniero - Via del Mare (Lecce)
1713024000,Apr 13 2024 - 4:00pm,complete,N/A,Torino,Juventus,Fabio Maresca,32,1.80,1.80,1.74,1.63,0,0,0,0,0,0,"","",6,2,3,0,2,0,2,1,1,1,14,9,3,4,3,3,18,11,48,52,1.35,1.30,0.99,0.93,1.97,34,60,40,7,4,14,50,47,70,10.40,4.07,3.30,3.10,2.35,1.50,2.41,5.00,11.00,2.20,1.62,Stadio Olimpico Grande Torino (Torino)
1713033900,Apr 13 2024 - 6:45pm,complete,N/A,Bologna,Monza,Federico La Penna,32,2.38,1.27,2.16,1.11,0,0,0,0,0,0,"","",10,0,4,0,4,0,2,2,2,2,18,5,8,0,6,4,13,19,62,38,1.41,1.22,1.93,0.40,2.29,29,71,39,17,10,36,68,29,81,9.10,4.59,1.59,3.75,5.40,1.32,1.95,3.50,7.00,2.00,1.75,Stadio Renato Dall'Ara (Bologna)
1713090600,Apr 14 2024 - 10:30am,complete,N/A,Napoli,Frosinone,Michael Fabbri,32,1.47,0.27,1.32,0.53,2,2,4,1,1,0,"16,63","50,73",6,2,2,1,1,0,1,2,0,1,21,14,10,7,5,4,10,15,66,34,2.00,1.17,2.06,1.47,2.97,67,87,60,30,17,44,70,47,90,12.40,4.07,1.34,5.60,8.00,1.12,1.50,2.30,3.70,1.80,1.95,Stadio Diego Armando Maradona (Napoli)
1713099600,Apr 14 2024 - 1:00pm,complete,N/A,Sassuolo,AC Milan,Davide Massa,32,1.07,2.06,1.05,1.84,3,3,6,3,2,1,"4,10,53","20,59,84",2,6,3,0,1,0,1,2,0,1,11,24,6,8,2,10,10,8,32,68,1.41,1.50,1.12,2.14,3.38,71,84,64,48,26,58,81,58,81,9.72,5.11,4.80,4.10,1.66,1.20,1.60,2.22,4.75,1.67,2.10,MAPEI Stadium - Città del Tricolore (Reggio Emilia)
1713120300,Apr 14 2024 - 6:45pm,complete,N/A,Inter Milan,Cagliari,Francesco Fourneau,32,2.56,0.47,2.42,0.58,2,2,4,1,1,0,"12,74","64,83",7,0,0,0,2,0,0,0,1,1,17,11,8,7,7,3,5,10,63,37,1.80,1.08,2.05,1.37,2.64,43,81,52,29,3,29,77,39,84,11.77,3.46,1.14,7.88,13.31,1.13,1.36,2.02,3.50,2.00,1.75,Stadio Giuseppe Meazza (Milano)
1713198600,Apr 15 2024 - 4:30pm,complete,N/A,Fiorentina,Genoa,N/A,32,1.80,1.06,1.84,1.00,1,1,2,1,0,1,"54","42",6,2,1,0,2,0,0,1,0,2,22,8,4,4,10,3,7,19,59,41,1.59,1.04,1.62,0.94,2.47,55,68,56,20,7,36,65,36,84,8.21,4.17,1.90,3.25,4.40,1.32,2.00,3.65,8.00,1.95,1.80,Stadio Artemio Franchi (Firenze)
1713206700,Apr 15 2024 - 6:45pm,complete,N/A,Atalanta,Hellas Verona,Juan Luca Sacchi,32,2.21,0.63,2.16,0.74,2,2,4,2,2,0,"13,18","56,60",5,4,0,0,2,0,0,0,1,1,17,15,10,6,5,5,6,9,59,41,1.82,1.15,2.11,1.45,2.47,44,68,51,21,14,25,71,48,78,9.52,4.33,1.40,4.50,8.00,1.23,1.67,2.85,5.50,1.91,1.91,Gewiss Stadium (Bergamo)
1713544200,Apr 19 2024 - 4:30pm,complete,N/A,Genoa,Lazio,Ermanno Feliciani,33,1.40,1.38,1.58,1.42,0,1,1,0,0,0,"","67",2,9,1,0,2,0,0,1,1,1,9,14,3,2,6,4,7,12,39,61,1.34,1.19,0.96,0.99,2.71,65,81,48,29,17,36,84,52,74,10.46,5.01,2.80,3.00,2.65,1.45,2.37,4.60,9.50,2.05,1.70,Stadio Comunale Luigi Ferraris (Genova)
1713552300,Apr 19 2024 - 6:45pm,complete,N/A,Cagliari,Juventus,Marco Piccinini,33,1.44,1.75,1.32,1.63,2,2,4,2,2,0,"30,36","61,87",4,3,2,0,3,0,1,1,2,1,10,13,5,4,4,3,16,15,26,74,1.42,1.28,1.07,1.24,2.66,63,76,57,22,13,35,72,44,75,9.50,4.44,4.75,3.50,1.80,1.36,2.05,3.73,7.40,2.00,1.75,Unipol Domus (Cagliari)
1713628800,Apr 20 2024 - 4:00pm,complete,N/A,Empoli,Napoli,Gianluca Manganiello,33,0.81,1.63,1.05,1.47,1,0,1,1,1,0,"4","",2,8,2,0,2,0,0,2,1,1,8,10,2,2,5,1,15,16,27,73,1.20,1.43,0.78,0.79,2.47,38,66,41,26,13,22,63,38,81,10.01,4.50,4.80,4.10,1.67,1.24,1.70,2.83,5.20,1.75,2.00,Stadio Carlo Castellani – Computer Gross Arena (Empoli)
1713638700,Apr 20 2024 - 6:45pm,complete,N/A,Hellas Verona,Udinese,Marco Guida,33,1.13,1.07,1.26,1.21,1,0,1,0,0,0,"90'3","",10,6,2,0,2,0,2,0,2,0,17,19,5,2,8,8,19,12,53,47,1.35,1.10,1.54,0.96,2.40,60,73,43,30,4,33,67,44,74,7.60,4.66,2.50,3.20,2.85,1.39,2.14,3.98,8.05,1.95,1.80,Stadio Marcantonio Bentegodi (Verona)
1713695400,Apr 21 2024 - 10:30am,complete,N/A,Sassuolo,Lecce,Daniele Doveri,33,1.06,0.56,1.05,0.74,0,3,3,2,0,2,"","11,15,61",9,4,1,0,0,0,1,0,0,0,11,16,4,9,5,4,10,13,56,44,1.39,1.16,1.28,1.65,2.75,60,78,44,29,13,41,69,50,79,8.88,5.00,2.45,3.40,2.85,1.27,1.87,3.10,6.50,1.75,2.00,MAPEI Stadium - Città del Tricolore (Reggio Emilia)
1713704400,Apr 21 2024 - 1:00pm,complete,N/A,Torino,Frosinone,Antonio Rapuano,33,1.75,0.31,1.74,0.53,0,0,0,0,0,0,"","",6,4,2,0,2,0,0,2,1,1,15,13,3,4,9,6,11,16,53,47,1.33,1.19,1.25,1.30,2.35,44,69,41,22,13,25,53,41,76,10.82,3.37,1.75,3.80,4.50,1.30,1.87,3.40,6.50,1.95,1.80,Stadio Olimpico Grande Torino (Torino)
1713715200,Apr 21 2024 - 4:00pm,complete,N/A,Salernitana,Fiorentina,Matteo Marchetti,33,0.50,1.07,0.42,1.32,0,2,2,0,0,0,"","80,90'5",2,5,2,0,4,0,1,1,2,2,6,13,2,8,2,2,14,13,27,73,1.27,1.34,0.54,1.65,2.57,55,77,48,29,7,22,78,45,81,10.25,5.79,5.10,4.10,1.63,1.25,1.70,3.00,5.50,1.80,1.95,Stadio Arechi (Salerno)
1713725100,Apr 21 2024 - 6:45pm,complete,N/A,Monza,Atalanta,Antonio Giua,33,1.44,1.19,1.26,1.47,1,2,3,1,0,1,"89","44,72",2,8,3,0,2,0,1,2,0,2,18,13,3,7,9,5,8,14,58,42,1.27,1.27,1.24,1.57,2.78,53,76,51,28,22,44,82,41,72,9.63,5.00,3.85,3.65,1.93,1.28,1.84,3.20,6.00,1.75,2.00,U-Power Stadium (Monza)
1713803400,Apr 22 2024 - 4:30pm,complete,N/A,Roma,Bologna,Fabio Maresca,33,2.25,1.33,2.11,1.42,1,3,4,2,0,2,"55","14,45,65",8,2,5,0,2,0,4,1,1,1,15,12,6,4,6,5,9,12,53,47,1.31,1.30,1.51,1.11,2.67,62,77,55,26,10,46,71,42,81,7.91,5.03,2.17,3.15,3.64,1.40,2.37,4.10,9.50,2.00,1.75,Stadio Olimpico (Roma)
1713811500,Apr 22 2024 - 6:45pm,complete,N/A,AC Milan,Inter Milan,Andrea Colombo,33,2.33,2.73,2.11,2.53,1,2,3,1,0,1,"80","18,49",5,3,3,2,2,1,1,4,2,1,16,12,7,4,6,6,18,10,52,48,1.52,1.47,1.74,1.12,2.57,37,67,47,27,10,33,77,40,67,9.87,3.40,2.93,3.54,2.33,1.22,1.82,2.75,5.00,1.62,2.20,Stadio Giuseppe Meazza (Milano)
1714068000,Apr 25 2024 - 6:00pm,complete,N/A,Udinese,Roma,Luca Pairetto,32,0.75,1.27,0.74,1.21,1,2,3,1,1,0,"23","64,90'5",4,8,3,0,2,0,1,2,0,2,10,20,4,6,3,5,7,7,28,72,1.35,1.23,0.87,1.42,2.71,62,81,55,29,17,33,71,52,78,8.50,6.00,3.68,3.41,2.01,1.33,2.00,3.60,7.00,1.80,1.95,Bluenergy Stadium (Udine)
1714157100,Apr 26 2024 - 6:45pm,complete,N/A,Frosinone,Salernitana,Francesco Fourneau,34,1.38,0.44,1.32,0.47,3,0,3,2,2,0,"10,25,85","",7,3,2,0,2,0,1,1,2,0,12,19,5,3,4,9,14,9,43,57,1.40,0.92,1.28,1.24,3.07,63,82,69,38,22,54,85,38,82,9.00,3.88,1.48,4.75,6.00,1.19,1.60,2.55,4.50,1.70,2.05,Stadio Benito Stirpe (Frosinone)
1714222800,Apr 27 2024 - 1:00pm,complete,N/A,Lecce,Monza,Alberto Santoro,34,1.44,1.25,1.26,1.11,1,1,2,0,0,0,"90'2","90'6",0,5,2,0,3,0,1,1,1,2,13,10,5,2,5,4,13,18,46,54,1.53,1.17,1.25,0.77,2.26,38,66,41,22,10,26,63,35,78,9.75,4.88,2.75,2.88,2.80,1.40,2.35,4.00,8.50,1.95,1.80,Stadio Ettore Giardiniero - Via del Mare (Lecce)
1714233600,Apr 27 2024 - 4:00pm,complete,N/A,Juventus,AC Milan,Maurizio Mariani,34,2.19,2.00,2.11,1.84,0,0,0,0,0,0,"","",9,4,0,0,1,0,0,0,1,0,19,10,8,0,8,6,10,4,51,49,1.48,1.54,2.07,0.73,2.97,60,72,57,42,21,48,66,51,85,10.35,5.43,2.80,3.52,2.14,1.35,2.05,3.50,7.00,1.80,1.95,Allianz Stadium (Torino)
1714243500,Apr 27 2024 - 6:45pm,complete,N/A,Lazio,Hellas Verona,Davide Massa,34,1.69,0.65,1.79,0.74,1,0,1,0,0,0,"72","",4,2,4,0,4,0,1,3,0,4,18,8,6,2,9,5,13,19,69,31,1.31,1.17,1.68,0.78,2.06,43,52,36,19,10,22,55,30,70,8.32,5.28,1.83,2.77,4.95,1.35,1.95,3.75,7.50,2.00,1.75,Stadio Olimpico (Roma)
1714300200,Apr 28 2024 - 10:30am,complete,N/A,Inter Milan,Torino,N/A,34,2.47,1.06,2.42,1.05,2,0,2,0,0,0,"56,60","",5,4,0,0,0,1,0,0,0,1,18,12,6,4,9,2,6,6,62,38,1.81,1.22,1.79,0.97,2.66,43,82,45,30,13,33,72,40,85,10.78,3.69,1.61,4.03,4.18,1.33,1.88,3.55,6.90,2.05,1.70,Stadio Giuseppe Meazza (Milano)
1714309200,Apr 28 2024 - 1:00pm,complete,N/A,Bologna,Udinese,Juan Luca Sacchi,34,2.29,1.00,2.16,1.21,1,1,2,1,0,1,"78","45'1",10,3,2,1,7,0,0,3,1,6,16,12,5,5,4,4,11,21,65,35,1.44,1.09,1.32,1.19,2.19,37,70,33,19,6,30,64,34,70,8.75,4.49,1.64,3.88,5.67,1.38,2.05,4.00,8.40,2.05,1.70,Stadio Renato Dall'Ara (Bologna)
1714320000,Apr 28 2024 - 4:00pm,complete,N/A,Atalanta,Empoli,Michael Fabbri,34,2.13,0.94,2.16,0.84,2,0,2,1,1,0,"42,51","",8,1,1,0,2,0,0,1,1,1,18,12,6,3,6,6,19,14,59,41,1.84,1.08,1.60,1.03,2.72,43,78,53,26,17,23,75,56,84,11.35,3.72,1.32,4.35,6.90,1.18,1.63,2.60,4.40,1.91,1.91,Gewiss Stadium (Bergamo)
1714320000,Apr 28 2024 - 4:00pm,complete,N/A,Napoli,Roma,Simone Sozza,34,1.44,1.38,1.32,1.21,2,2,4,0,0,0,"64,84","59,88",9,2,2,0,0,0,0,2,0,0,28,11,10,5,12,4,10,4,48,52,2.00,1.24,2.51,1.13,2.78,66,82,66,28,13,32,63,63,91,11.63,5.19,2.02,3.21,3.10,1.31,1.90,3.40,6.80,1.75,2.00,Stadio Diego Armando Maradona (Napoli)
1714329900,Apr 28 2024 - 6:45pm,complete,N/A,Fiorentina,Sassuolo,Matteo Marcenaro,34,1.75,0.56,1.84,0.53,5,1,6,1,1,0,"17,54,58,62,66","57",10,2,2,0,2,0,1,1,1,1,23,9,11,3,9,4,10,8,67,33,1.59,1.27,2.47,0.81,3.01,56,75,63,31,16,38,81,47,91,11.07,3.82,1.49,3.85,4.95,1.27,1.64,3.00,6.00,1.70,2.05,Stadio Artemio Franchi (Firenze)
1714416300,Apr 29 2024 - 6:45pm,complete,N/A,Genoa,Cagliari,Federico Dionisi,34,1.31,0.50,1.58,0.58,3,0,3,2,2,0,"17,27,63","",2,4,0,0,2,0,0,0,0,2,13,13,6,2,6,9,12,16,56,44,1.32,1.10,1.51,1.16,2.50,57,72,44,28,13,29,72,44,69,9.19,4.44,5.55,5.69,1.32,1.47,2.26,4.50,8.20,1.95,1.80,Stadio Comunale Luigi Ferraris (Genova)
1714761900,May 03 2024 - 6:45pm,complete,N/A,Torino,Bologna,Simone Sozza,35,1.71,1.44,1.74,1.42,0,0,0,0,0,0,"","",2,4,2,0,2,0,1,1,1,1,9,7,2,2,3,3,14,11,47,53,1.32,1.29,0.71,0.70,1.83,44,61,40,10,0,28,47,36,67,9.62,4.09,2.90,3.00,2.80,1.53,2.70,5.15,10.25,2.17,1.66,Stadio Olimpico Grande Torino (Torino)
1714838400,May 04 2024 - 4:00pm,complete,N/A,Monza,Lazio,Luca Pairetto,35,1.35,1.47,1.26,1.42,2,2,4,1,0,1,"73,90'2","11,83",5,4,1,0,7,0,0,1,3,4,18,10,8,6,6,3,6,10,59,41,1.27,1.18,1.75,1.23,2.62,56,74,47,24,15,29,76,50,77,10.29,5.05,3.95,3.50,1.90,1.30,1.95,3.30,6.35,1.80,1.95,U-Power Stadium (Monza)
1714848300,May 04 2024 - 6:45pm,complete,N/A,Sassuolo,Inter Milan,Matteo Marchetti,35,1.00,2.75,1.05,2.53,1,0,1,1,1,0,"20","",2,5,1,0,1,0,0,1,0,1,7,16,3,3,2,6,10,10,24,76,1.38,1.45,0.71,1.25,3.03,55,82,55,30,19,42,82,52,70,10.22,3.51,6.25,4.90,1.44,1.17,1.70,2.25,3.90,1.67,2.10,MAPEI Stadium - Città del Tricolore (Reggio Emilia)
1714905000,May 05 2024 - 10:30am,complete,N/A,Cagliari,Lecce,Matteo Marcenaro,35,1.41,0.71,1.32,0.74,1,1,2,1,1,0,"26","84",3,10,4,1,4,0,1,4,1,3,10,18,4,4,2,10,9,15,34,66,1.40,1.19,0.96,1.57,2.74,65,82,53,27,9,44,68,47,85,9.00,4.88,2.15,3.10,3.74,1.40,2.21,4.20,8.50,1.92,1.85,Unipol Domus (Cagliari)
1714914000,May 05 2024 - 1:00pm,complete,N/A,Empoli,Frosinone,Daniele Doveri,35,0.94,0.35,1.05,0.53,0,0,0,0,0,0,"","",3,8,2,0,3,0,0,2,1,2,8,18,2,6,2,8,14,12,47,53,1.17,1.20,0.66,1.50,2.56,45,68,41,27,18,33,68,27,79,9.30,4.00,2.37,3.20,3.12,1.30,1.87,3.20,6.00,1.76,2.18,Stadio Carlo Castellani – Computer Gross Arena (Empoli)
1714914000,May 05 2024 - 1:00pm,complete,N/A,Hellas Verona,Fiorentina,Antonio Rapuano,35,1.25,1.19,1.26,1.32,2,1,3,2,1,1,"13,59","42",1,2,2,0,1,0,0,2,0,1,10,14,5,5,3,6,11,9,38,62,1.36,1.36,1.12,1.39,2.32,51,66,38,28,7,22,75,38,79,9.31,5.00,3.14,3.25,2.33,1.40,2.09,4.10,8.60,1.91,2.02,Stadio Marcantonio Bentegodi (Verona)
1714924800,May 05 2024 - 4:00pm,complete,N/A,AC Milan,Genoa,Alessandro Prontera,35,2.19,1.06,2.11,1.00,3,3,6,2,1,1,"45,72,75","5,48,87",7,1,1,0,1,0,1,0,0,1,27,7,8,3,12,2,9,11,60,40,1.53,1.04,2.16,0.68,2.16,49,61,43,16,3,30,64,28,76,7.76,4.60,1.41,4.35,7.10,1.26,1.91,3.10,5.80,1.95,1.85,Stadio Giuseppe Meazza (Milano)
1714934700,May 05 2024 - 6:45pm,complete,N/A,Roma,Juventus,Andrea Colombo,35,2.12,1.71,2.11,1.63,1,1,2,2,1,1,"15","31",9,6,1,0,2,0,0,1,1,1,21,17,6,7,9,7,7,10,61,39,1.33,1.28,1.78,1.65,2.77,53,74,56,30,12,36,74,53,80,8.59,5.24,2.80,3.10,2.50,1.45,2.30,4.50,9.50,1.95,1.80,Stadio Olimpico (Roma)
1715011200,May 06 2024 - 4:00pm,complete,N/A,Salernitana,Atalanta,Ermanno Feliciani,35,0.47,1.29,0.42,1.47,1,2,3,1,1,0,"18","57,63",1,7,1,0,0,0,1,0,0,0,10,18,3,5,4,8,13,11,31,69,1.23,1.29,0.79,1.85,2.94,62,91,65,29,9,41,77,56,88,9.71,5.83,7.50,5.00,1.36,1.17,1.58,2.36,3.80,1.80,1.95,Stadio Arechi (Salerno)
1715021100,May 06 2024 - 6:45pm,complete,N/A,Udinese,Napoli,Gianluca Aureliano,35,0.71,1.53,0.74,1.47,1,1,2,0,0,0,"90'2","51",7,5,0,0,0,0,0,0,0,0,11,13,3,5,6,1,16,11,32,68,1.32,1.39,0.95,1.09,2.71,56,80,50,30,12,27,77,50,74,9.88,5.29,3.40,3.55,1.98,1.26,1.86,2.99,5.65,1.75,2.00,Bluenergy Stadium (Udine)
1715366700,May 10 2024 - 6:45pm,complete,N/A,Frosinone,Inter Milan,Antonio Giua,36,1.47,2.59,1.32,2.53,0,5,5,1,0,1,"","19,60,77,80,84",8,4,0,0,0,0,0,0,0,0,18,15,9,6,7,6,5,6,41,59,1.39,1.44,2.17,1.53,2.97,59,82,65,30,18,38,82,53,77,10.88,3.71,5.00,4.50,1.55,1.18,1.45,2.30,4.13,1.62,2.20,Stadio Benito Stirpe (Frosinone)
1715443200,May 11 2024 - 4:00pm,complete,N/A,Napoli,Bologna,Luca Pairetto,36,1.41,1.41,1.32,1.42,0,2,2,2,0,2,"","9,12",9,3,2,0,1,0,1,1,0,1,17,12,7,5,7,5,14,9,60,40,2.03,1.26,1.77,1.18,2.53,68,80,62,24,3,41,62,47,83,11.06,4.71,2.01,3.55,3.20,1.30,1.83,3.40,6.50,1.75,2.00,Stadio Diego Armando Maradona (Napoli)
1715453100,May 11 2024 - 6:45pm,complete,N/A,AC Milan,Cagliari,Simone Sozza,36,2.12,0.47,2.11,0.58,5,1,6,1,1,0,"35,59,74,83,86","63",6,3,2,0,1,0,2,0,0,1,18,14,11,8,4,1,10,9,66,34,1.57,1.10,2.02,1.28,2.50,44,68,50,27,6,30,71,41,74,9.12,4.35,1.37,4.70,6.80,1.18,1.53,2.30,4.33,1.75,2.00,Stadio Giuseppe Meazza (Milano)
1715509800,May 12 2024 - 10:30am,complete,N/A,Lazio,Empoli,Gianluca Aureliano,36,1.76,0.88,1.79,0.84,2,0,2,1,1,0,"45'3,89","",7,7,3,0,1,0,0,3,0,1,12,17,6,4,1,9,19,15,60,40,1.33,1.07,1.17,1.38,2.18,35,59,32,18,12,15,56,33,77,9.88,4.89,1.60,3.90,5.60,1.28,1.91,3.30,6.25,1.95,1.80,Stadio Olimpico (Roma)
1715518800,May 12 2024 - 1:00pm,complete,N/A,Genoa,Sassuolo,Maurizio Mariani,36,1.41,0.53,1.58,0.53,2,1,3,1,0,1,"56,63","31",3,7,1,0,2,0,0,1,0,2,9,13,3,5,3,5,11,9,57,43,1.33,1.24,0.84,1.41,2.94,59,74,53,32,24,38,82,44,80,10.41,4.18,2.15,3.40,3.30,1.25,1.90,3.20,6.00,1.75,2.00,Stadio Comunale Luigi Ferraris (Genova)
1715518800,May 12 2024 - 1:00pm,complete,N/A,Hellas Verona,Torino,Livio Marinelli,36,1.35,1.00,1.26,1.05,1,2,3,0,0,0,"67","77,83",7,4,3,1,2,0,2,2,0,2,14,7,6,3,4,4,15,11,43,57,1.35,1.20,1.38,0.81,2.38,53,74,41,24,9,32,59,44,82,7.47,4.88,3.00,2.90,2.55,1.48,2.37,4.75,10.00,1.80,1.95,Stadio Marcantonio Bentegodi (Verona)
1715529600,May 12 2024 - 4:00pm,complete,N/A,Juventus,Salernitana,Alberto Santoro,36,2.12,0.41,2.11,0.47,1,1,2,1,0,1,"90'1","27",9,4,2,0,5,0,2,0,0,5,26,14,7,5,12,5,17,12,67,33,1.52,0.94,2.27,1.22,2.44,41,65,47,27,12,45,68,24,74,9.12,3.94,1.14,8.00,17.00,1.11,1.45,2.37,3.50,2.38,1.53,Allianz Stadium (Torino)
1715539500,May 12 2024 - 6:45pm,complete,N/A,Atalanta,Roma,Marco Guida,36,2.19,1.35,2.16,1.21,2,1,3,2,2,0,"18,20","66",6,1,1,0,1,0,0,1,0,1,25,10,8,7,14,1,13,14,58,42,1.82,1.23,2.53,1.13,2.88,55,82,64,33,19,31,70,64,88,10.69,4.26,2.06,3.52,3.50,1.31,1.83,3.40,7.00,1.75,2.00,Gewiss Stadium (Bergamo)
1715617800,May 13 2024 - 4:30pm,complete,N/A,Lecce,Udinese,Davide Massa,36,1.41,1.00,1.26,1.21,0,2,2,1,0,1,"","36,85",8,2,2,0,1,0,1,1,0,1,10,17,3,4,3,10,12,12,65,35,1.52,1.10,0.92,1.42,2.27,50,71,35,24,6,21,62,41,74,9.00,4.83,2.30,3.00,3.00,1.45,2.23,4.60,10.00,1.95,1.80,Stadio Ettore Giardiniero - Via del Mare (Lecce)
1715625900,May 13 2024 - 6:45pm,complete,N/A,Fiorentina,Monza,Luca Zufferli,36,1.82,1.24,1.84,1.11,2,1,3,2,1,1,"32,78","9",6,1,1,0,1,0,1,0,0,1,16,7,9,3,2,3,8,14,50,50,1.65,1.14,1.79,0.79,2.59,47,71,50,27,15,35,68,38,82,9.95,4.30,1.54,3.80,5.10,1.23,1.71,2.96,5.90,1.80,1.95,Stadio Artemio Franchi (Firenze)
1715971500,May 17 2024 - 6:45pm,complete,N/A,Fiorentina,Napoli,Matteo Marchetti,37,1.89,1.50,1.84,1.47,2,2,4,3,2,1,"40,42","8,57",5,3,1,0,2,0,0,1,1,1,19,17,7,4,9,12,9,8,63,37,1.65,1.37,1.82,1.56,2.87,56,75,56,33,14,28,75,50,84,11.00,3.78,2.60,3.50,2.60,1.26,1.70,3.00,5.50,1.63,2.25,Stadio Artemio Franchi (Firenze)
1716048000,May 18 2024 - 4:00pm,complete,N/A,Lecce,Atalanta,Antonio Rapuano,37,1.33,1.39,1.26,1.47,0,2,2,0,0,0,"","48,53",2,5,0,0,4,0,0,0,3,1,13,23,4,10,8,10,7,21,44,56,1.48,1.32,1.31,2.30,2.67,53,81,53,25,12,31,78,47,83,10.17,4.78,4.10,3.60,1.89,1.32,1.97,3.50,6.50,1.85,1.92,Stadio Ettore Giardiniero - Via del Mare (Lecce)
1716057900,May 18 2024 - 6:45pm,complete,N/A,Torino,AC Milan,Ermanno Feliciani,37,1.67,1.94,1.74,1.84,3,1,4,2,2,0,"26,40,46","55",3,8,1,0,1,0,0,1,0,1,13,22,6,5,6,12,13,15,40,60,1.29,1.49,1.34,1.74,2.48,45,64,50,31,17,37,50,53,73,10.27,4.72,2.75,3.40,2.84,1.38,2.00,4.00,8.00,1.85,1.95,Stadio Olimpico Grande Torino (Torino)
1716114600,May 19 2024 - 10:30am,complete,N/A,Sassuolo,Cagliari,Daniele Doveri,37,1.11,0.44,1.05,0.58,0,2,2,0,0,0,"","71,90'1",5,6,3,1,2,0,0,4,0,2,11,21,0,4,8,12,13,9,50,50,1.35,1.11,0.78,1.78,2.87,56,78,53,31,14,36,75,47,73,9.22,3.94,2.20,3.50,3.20,1.28,1.83,3.10,6.00,1.68,2.15,MAPEI Stadium - Città del Tricolore (Reggio Emilia)
1716123600,May 19 2024 - 1:00pm,complete,N/A,Monza,Frosinone,Michael Fabbri,37,1.33,0.39,1.26,0.53,0,1,1,1,0,1,"","9",3,4,1,0,2,0,1,0,0,2,20,22,3,6,12,11,15,13,71,29,1.29,1.21,1.53,1.84,2.78,59,73,47,34,22,34,75,39,73,9.78,4.11,2.75,3.50,2.50,1.25,1.77,2.90,5.50,1.66,2.44,U-Power Stadium (Monza)
1716123600,May 19 2024 - 1:00pm,complete,N/A,Udinese,Empoli,Daniele Orsato,37,0.72,0.83,0.74,0.84,1,1,2,0,0,0,"90'14","90",5,5,1,0,6,1,1,0,1,6,10,6,3,2,6,3,14,19,47,53,1.30,1.09,1.12,0.68,2.53,50,81,42,20,11,20,75,45,78,9.39,4.94,2.10,3.30,3.70,1.43,2.08,4.40,4.40,1.96,1.83,Bluenergy Stadium (Udine)
1716134400,May 19 2024 - 4:00pm,complete,N/A,Inter Milan,Lazio,Juan Luca Sacchi,37,2.50,1.44,2.42,1.42,1,1,2,1,0,1,"87","32",8,0,0,0,1,0,0,0,0,1,23,10,8,5,12,5,9,17,58,42,1.81,1.18,2.19,1.16,2.83,50,86,56,34,6,31,84,50,92,12.55,4.00,1.57,4.20,5.50,1.22,1.75,2.72,5.50,1.72,2.10,Stadio Giuseppe Meazza (Milano)
1716144300,May 19 2024 - 6:45pm,complete,N/A,Roma,Genoa,Gianluca Manganiello,37,2.06,1.06,2.11,1.00,1,0,1,0,0,0,"79","",6,3,2,1,0,0,0,3,0,0,29,17,7,6,15,7,7,7,54,46,1.35,1.02,2.31,1.63,2.67,61,75,50,25,12,42,67,42,83,7.50,4.95,1.50,4.20,6.50,1.29,1.95,3.10,6.40,1.95,1.85,Stadio Olimpico (Roma)
1716222600,May 20 2024 - 4:30pm,complete,N/A,Salernitana,Hellas Verona,Marco Di Bello,37,0.44,0.61,0.42,0.74,1,2,3,2,0,2,"90","22,45'3",4,6,3,0,2,0,1,2,0,2,12,25,2,6,8,12,13,20,54,46,1.21,1.15,0.91,1.87,2.48,56,72,53,23,3,23,64,50,83,7.66,5.72,4.50,3.60,1.75,1.29,1.92,3.22,6.15,1.80,1.95,Stadio Arechi (Salerno)
1716230700,May 20 2024 - 6:45pm,complete,N/A,Bologna,Juventus,Giovanni Ayroldi,37,2.22,1.67,2.16,1.63,3,3,6,2,2,0,"2,11,53","76,83,84",3,2,1,0,5,0,0,1,2,3,15,17,6,5,5,7,10,22,62,38,1.43,1.30,1.33,1.35,2.25,39,70,42,14,6,28,72,36,73,9.33,4.78,2.45,3.00,3.00,1.43,2.45,4.33,8.85,1.95,1.80,Stadio Renato Dall'Ara (Bologna)
1716489900,May 23 2024 - 6:45pm,complete,N/A,Cagliari,Fiorentina,Alessandro Prontera,38,1.39,1.12,1.32,1.32,2,3,5,1,0,1,"64,85","39,89,90'13",4,5,2,0,4,0,0,2,2,2,15,15,7,6,8,6,17,14,37,63,1.37,1.36,1.75,1.49,2.65,62,77,45,29,15,34,80,37,77,10.04,4.70,1.78,5.23,2.80,1.25,2.01,2.80,5.00,1.70,2.05,Unipol Domus (Cagliari)
1716576300,May 24 2024 - 6:45pm,complete,N/A,Genoa,Bologna,Alberto Santoro,38,1.50,1.50,1.58,1.42,2,0,2,1,1,0,"13,59","",3,6,1,0,2,0,0,1,0,2,17,17,4,2,11,10,11,11,27,73,1.30,1.25,1.44,1.25,2.39,61,72,47,23,11,45,75,34,67,8.33,4.33,3.10,3.00,2.26,1.44,2.25,4.50,9.50,1.95,1.80,Stadio Comunale Luigi Ferraris (Genova)
1716652800,May 25 2024 - 4:00pm,complete,N/A,Juventus,Monza,N/A,38,2.06,1.17,2.11,1.11,2,0,2,2,2,0,"26,28","",3,4,1,0,2,1,0,1,1,2,16,22,5,5,8,10,16,15,42,58,1.56,1.12,1.32,1.73,2.06,42,62,34,17,9,31,53,28,75,10.39,4.62,1.33,5.25,8.00,1.19,1.58,2.55,4.50,1.92,1.85,Allianz Stadium (Torino)
1716662700,May 25 2024 - 6:45pm,complete,N/A,AC Milan,Salernitana,N/A,38,2.17,0.44,2.11,0.47,3,3,6,2,2,0,"22,27,77","64,87,89",13,3,0,0,1,0,0,0,0,1,29,20,12,7,12,8,6,8,66,34,1.59,0.96,2.84,1.59,2.81,44,70,56,33,17,47,84,28,75,8.17,4.12,1.17,8.00,12.00,1.07,1.26,1.81,2.60,1.80,1.95,Stadio Giuseppe Meazza (Milano)
1716739200,May 26 2024 - 4:00pm,complete,N/A,Atalanta,Torino,Simone Sozza,38,2.24,1.11,2.16,1.05,3,0,3,2,2,0,"26,43,71","",2,5,1,0,1,0,0,1,0,1,22,11,8,2,11,7,17,9,39,61,1.86,1.18,2.06,1.00,2.64,46,83,49,23,18,35,63,55,83,10.04,4.03,2.14,3.15,3.14,1.32,2.01,3.50,6.50,1.75,2.00,Gewiss Stadium (Bergamo)
1716739200,May 26 2024 - 4:00pm,complete,N/A,Napoli,Lecce,Federico Dionisi,38,1.33,0.72,1.32,0.74,0,0,0,0,0,0,"","",4,1,0,0,0,0,0,0,0,0,33,17,6,0,19,11,10,15,67,33,2.02,1.21,2.51,0.84,2.58,59,84,53,23,3,36,61,53,89,11.67,5.28,1.40,4.38,6.20,1.16,1.55,2.27,4.40,1.72,2.10,Stadio Diego Armando Maradona (Napoli)
1716749100,May 26 2024 - 6:45pm,complete,N/A,Empoli,Roma,Davide Massa,38,0.94,1.28,1.05,1.21,2,1,3,2,1,1,"13,90'3","45'1",4,5,4,0,1,0,2,2,0,1,24,20,8,4,11,12,15,10,33,67,1.15,1.23,1.96,1.57,2.39,45,64,48,22,14,25,59,39,81,8.44,4.84,2.03,3.24,3.33,1.28,1.86,3.20,6.00,1.72,2.10,Stadio Carlo Castellani – Computer Gross Arena (Empoli)
1716749100,May 26 2024 - 6:45pm,complete,N/A,Frosinone,Udinese,Daniele Doveri,38,1.39,1.11,1.32,1.21,0,1,1,0,0,0,"","76",11,1,0,0,2,0,0,0,0,2,31,12,6,6,16,5,6,11,58,42,1.44,1.12,2.09,1.37,2.73,61,81,53,31,17,36,72,45,78,9.89,4.39,2.23,3.21,2.92,1.32,1.93,3.40,6.50,1.72,2.10,Stadio Benito Stirpe (Frosinone)
1716749100,May 26 2024 - 6:45pm,complete,N/A,Hellas Verona,Inter Milan,Luca Zufferli,38,1.28,2.61,1.26,2.53,2,2,4,4,2,2,"16,37","10,45'1",9,3,1,0,1,0,1,0,0,1,27,20,9,13,10,4,17,9,35,65,1.35,1.44,2.15,2.15,2.70,53,75,56,28,9,31,75,50,78,9.00,4.05,5.00,3.95,1.54,1.20,1.60,2.60,4.75,1.68,2.15,Stadio Marcantonio Bentegodi (Verona)
1716749100,May 26 2024 - 6:45pm,complete,N/A,Lazio,Sassuolo,Paride Tremolada,38,1.83,0.50,1.79,0.53,1,1,2,0,0,0,"60","66",5,3,3,0,1,0,0,3,1,0,11,10,7,4,2,5,15,9,67,33,1.32,1.25,1.47,1.07,2.61,47,64,48,25,17,28,64,39,83,10.94,4.89,1.33,4.95,6.60,1.16,1.47,2.20,4.20,1.72,2.10,Stadio Olimpico (Roma)
1717344000,Jun 02 2024 - 4:00pm,complete,N/A,Atalanta,Fiorentina,Daniele Orsato,29,2.28,1.22,2.16,1.32,2,3,5,5,2,3,"12,32","6,19,45'1",4,4,0,0,2,0,0,0,0,2,13,9,4,5,8,2,5,9,54,46,1.87,1.37,1.38,1.00,2.67,44,78,50,28,17,31,83,45,81,11.22,4.11,1.48,4.25,5.20,1.26,1.64,2.19,5.50,1.70,2.05,Gewiss Stadium (Bergamo)
1660408200,Aug 13 2022 - 4:30pm,complete,N/A,AC Milan,Udinese,Livio Marinelli,1,0.00,0.00,2.26,1.00,4,2,6,4,2,2,"11,15,46,68","2,45'4",5,1,1,0,4,0,1,0,2,2,18,11,6,5,10,5,16,13,59,41,0.00,0.00,1.74,1.22,0.00,0,0,0,0,0,0,0,0,0,0.00,0.00,1.38,4.70,8.16,1.24,1.74,2.90,5.50,1.98,1.73,Stadio Giuseppe Meazza (Milano)
1660408200,Aug 13 2022 - 4:30pm,complete,N/A,Sampdoria,Atalanta,Federico Dionisi,1,0.00,0.00,0.53,1.63,0,2,2,1,0,1,"","26,90'5",3,2,4,0,6,0,1,3,2,4,18,13,3,4,10,7,13,21,55,45,0.00,0.00,1.41,1.25,0.00,0,0,0,0,0,0,0,0,0,0.00,0.00,4.14,3.80,1.80,1.22,1.66,2.70,5.00,1.62,2.20,Stadio Comunale Luigi Ferraris (Genova)
1660416300,Aug 13 2022 - 6:45pm,complete,N/A,Lecce,Inter Milan,Alessandro Prontera,1,0.00,0.00,0.89,1.58,1,2,3,1,0,1,"48","2,90'5",6,8,4,0,2,0,1,3,0,2,12,22,5,10,6,9,21,19,30,70,0.00,0.00,1.21,2.31,0.00,0,0,0,0,0,0,0,0,0,0.00,0.00,9.71,5.50,1.29,1.19,1.59,2.55,4.50,2.00,1.71,Stadio Comunale Via del Mare (Lecce)
1660416300,Aug 13 2022 - 6:45pm,complete,N/A,Monza,Torino,Maurizio Mariani,1,0.00,0.00,1.37,1.63,1,2,3,1,0,1,"90'4","43,66",2,7,1,0,2,0,0,1,2,0,19,15,5,6,12,6,6,17,54,46,0.00,0.00,1.61,1.43,0.00,0,0,0,0,0,0,0,0,0,0.00,0.00,2.60,3.30,2.69,1.38,2.05,4.00,8.00,1.91,1.91,U-Power Stadium (Monza)
1660494600,Aug 14 2022 - 4:30pm,complete,N/A,Fiorentina,Cremonese,Juan Luca Sacchi,1,0.00,0.00,1.74,0.58,3,2,5,3,2,1,"16,34,90'5","19,68",11,4,0,0,3,1,0,0,2,2,36,20,11,5,18,10,10,19,75,25,0.00,0.00,3.06,1.45,0.00,0,0,0,0,0,0,0,0,0,0.00,0.00,1.36,4.80,7.20,1.20,1.63,2.73,5.00,1.95,1.80,Stadio Artemio Franchi (Firenze)
1660494600,Aug 14 2022 - 4:30pm,complete,N/A,Lazio,Bologna,Luca Massimi,1,0.00,0.00,1.95,1.26,2,1,3,1,0,1,"68,79","38",3,2,2,1,5,1,1,2,4,2,13,13,9,2,3,9,11,18,41,59,0.00,0.00,1.73,1.04,0.00,0,0,0,0,0,0,0,0,0,0.00,0.00,1.65,4.30,5.65,1.20,1.65,2.60,4.75,1.70,2.05,Stadio Olimpico (Roma)
1660502700,Aug 14 2022 - 6:45pm,complete,N/A,Salernitana,Roma,Simone Sozza,1,0.00,0.00,1.42,1.42,0,1,1,1,0,1,"","33",4,2,3,0,2,0,3,0,0,2,20,25,3,6,12,16,18,9,52,48,0.00,0.00,1.46,2.07,0.00,0,0,0,0,0,0,0,0,0,0.00,0.00,5.60,4.48,1.63,1.25,1.75,3.00,5.50,1.95,1.80,Stadio Arechi (Salerno)
1660502700,Aug 14 2022 - 6:45pm,complete,N/A,Spezia,Empoli,Daniele Chiffi,1,0.00,0.00,1.00,0.79,1,0,1,1,1,0,"36","",6,4,2,0,1,0,1,1,1,0,13,25,3,5,8,14,15,8,41,59,0.00,0.00,1.17,2.01,0.00,0,0,0,0,0,0,0,0,0,0.00,0.00,2.54,3.54,2.95,1.30,1.90,3.30,6.50,1.70,2.05,Stadio Alberto Picco (La Spezia)
1660581000,Aug 15 2022 - 4:30pm,complete,N/A,Hellas Verona,Napoli,Michael Fabbri,1,0.00,0.00,1.11,2.37,2,5,7,3,1,2,"29,48","37,45'3,55,65,79",4,8,2,0,2,0,1,1,0,2,6,32,4,9,2,18,15,6,34,66,0.00,0.00,0.91,2.71,0.00,0,0,0,0,0,0,0,0,0,0.00,0.00,3.25,3.50,2.10,1.24,1.67,2.92,5.00,1.62,2.20,Stadio Marc'Antonio Bentegodi (Verona)
1660589100,Aug 15 2022 - 6:45pm,complete,N/A,Juventus,Sassuolo,Antonio Rapuano,1,0.00,0.00,2.21,0.89,3,0,3,2,2,0,"26,43,51","",3,2,1,0,3,0,1,0,2,1,19,24,5,9,11,11,7,5,42,58,0.00,0.00,1.57,2.28,0.00,0,0,0,0,0,0,0,0,0,0.00,0.00,1.44,4.60,7.00,1.16,1.58,2.30,3.70,1.70,2.05,Allianz Stadium (Torino)
1661013000,Aug 20 2022 - 4:30pm,complete,N/A,Torino,Lazio,Marco Piccinini,2,0.00,0.00,1.16,1.95,0,0,0,0,0,0,"","",6,4,0,0,5,0,0,0,0,5,14,11,2,3,10,5,11,12,54,46,0.00,0.00,1.16,0.91,0.00,0,0,0,0,0,0,0,0,0,0.00,0.00,3.00,3.45,2.33,1.28,1.87,3.20,6.00,1.68,2.05,Stadio Olimpico Grande Torino (Torino)
1661013000,Aug 20 2022 - 4:30pm,complete,N/A,Udinese,Salernitana,Gianluca Aureliano,2,0.00,0.00,1.42,0.79,0,0,0,0,0,0,"","",6,6,2,1,4,0,3,0,1,3,23,18,3,7,14,10,9,12,47,53,0.00,0.00,1.64,1.95,0.00,0,0,0,0,0,0,0,0,0,0.00,0.00,1.77,3.75,4.50,1.26,1.75,3.00,5.50,1.73,1.98,Dacia Arena (Udine)
1661021100,Aug 20 2022 - 6:45pm,complete,N/A,Inter Milan,Spezia,Davide Ghersini,2,0.00,0.00,2.21,0.58,3,0,3,1,1,0,"35,52,82","",10,4,0,0,0,0,0,0,0,0,25,4,9,2,13,2,11,7,55,45,0.00,0.00,2.44,0.57,0.00,0,0,0,0,0,0,0,0,0,0.00,0.00,1.16,7.50,16.00,1.10,1.35,1.83,3.20,1.87,1.83,Stadio Giuseppe Meazza (Milano)
1661021100,Aug 20 2022 - 6:45pm,complete,N/A,Sassuolo,Lecce,Andrea Colombo,2,0.00,0.00,1.47,1.00,1,0,1,1,1,0,"39","",5,4,5,0,1,0,1,4,0,1,17,10,3,2,10,7,14,12,59,41,0.00,0.00,1.42,1.01,0.00,0,0,0,0,0,0,0,0,0,0.00,0.00,1.78,4.10,4.10,1.24,1.62,2.85,5.00,1.66,2.10,MAPEI Stadium - Città del Tricolore (Reggio nell'Emilia)
1661099400,Aug 21 2022 - 4:30pm,complete,N/A,Empoli,Fiorentina,Matteo Marchetti,2,0.00,0.00,1.47,1.21,0,0,0,0,0,0,"","",1,9,1,1,3,0,1,1,2,1,5,26,3,4,2,17,13,11,37,63,0.00,0.00,0.67,2.15,0.00,0,0,0,0,0,0,0,0,0,0.00,0.00,4.30,3.95,1.72,1.20,1.60,2.60,4.50,1.57,2.25,Stadio Carlo Castellani (Empoli)
1661099400,Aug 21 2022 - 4:30pm,complete,N/A,Napoli,Monza,Francesco Fourneau,2,0.00,0.00,2.37,1.37,4,0,4,2,2,0,"35,45'2,62,90'3","",10,4,2,0,1,0,0,2,1,0,30,6,7,3,16,3,11,13,54,46,0.00,0.00,2.30,0.80,0.00,0,0,0,0,0,0,0,0,0,0.00,0.00,1.41,4.80,6.40,1.18,1.50,2.40,4.33,1.80,1.95,Stadio Diego Armando Maradona (Napoli)
1661107500,Aug 21 2022 - 6:45pm,complete,N/A,Atalanta,AC Milan,Fabio Maresca,2,0.00,0.00,1.74,1.42,1,1,2,1,1,0,"29","68",4,6,4,0,3,0,1,3,1,2,12,23,3,8,9,12,15,6,41,59,0.00,0.00,1.16,2.23,0.00,0,0,0,0,0,0,0,0,0,0.00,0.00,2.60,3.45,2.50,1.24,1.70,2.85,5.00,1.57,2.25,Gewiss Stadium (Bergamo)
1661107500,Aug 21 2022 - 6:45pm,complete,N/A,Bologna,Hellas Verona,Matteo Marcenaro,2,0.00,0.00,1.58,0.65,1,1,2,2,1,1,"21","43",9,8,3,1,3,0,0,4,2,1,25,26,7,5,12,14,10,14,53,47,0.00,0.00,1.94,1.84,0.00,0,0,0,0,0,0,0,0,0,0.00,0.00,2.26,3.40,3.00,1.28,1.80,3.10,5.50,1.62,2.20,Stadio Renato Dall'Ara (Bologna)
1661185800,Aug 22 2022 - 4:30pm,complete,N/A,Roma,Cremonese,Luca Massimi,2,0.00,0.00,1.89,0.58,1,0,1,0,0,0,"65","",5,6,0,0,3,0,0,0,1,2,36,19,12,4,15,12,7,14,49,51,0.00,1.45,2.92,1.56,2.50,50,50,50,50,50,50,50,50,50,4.00,5.00,1.28,5.32,10.85,1.28,1.62,2.61,4.33,2.20,1.62,Stadio Olimpico (Roma)
1661193900,Aug 22 2022 - 6:45pm,complete,N/A,Sampdoria,Juventus,Rosario Abisso,2,0.00,0.00,0.53,1.58,0,0,0,0,0,0,"","",3,4,3,0,2,0,1,2,1,1,13,15,2,6,9,6,8,14,47,53,1.41,0.00,1.02,1.37,1.00,0,50,0,0,0,0,50,0,50,3.00,4.00,5.08,3.63,1.70,1.29,1.89,3.20,5.50,1.91,1.91,Stadio Comunale Luigi Ferraris (Genova)
1661531400,Aug 26 2022 - 4:30pm,complete,9955,Monza,Udinese,Marco Di Bello,3,0.00,0.00,1.37,1.00,1,2,3,2,1,1,"32","36,77",3,5,3,0,2,0,1,2,1,1,10,22,7,5,2,10,16,10,56,44,1.61,1.22,1.51,1.76,4.50,100,100,100,50,50,50,100,100,100,3.00,5.00,2.80,3.15,2.34,1.28,1.83,3.00,5.50,1.67,2.10,U-Power Stadium (Monza)
1661539500,Aug 26 2022 - 6:45pm,complete,N/A,Lazio,Inter Milan,Michael Fabbri,3,3.00,3.00,1.95,1.58,3,1,4,1,1,0,"40,75,86","51",2,4,2,0,1,0,0,2,0,1,12,20,7,9,4,9,5,12,48,52,1.73,2.31,1.52,2.34,3.00,100,100,100,0,0,0,100,100,100,11.00,6.00,3.20,3.30,2.06,1.19,1.67,2.25,4.50,1.57,2.25,Stadio Olimpico (Roma)
1661617800,Aug 27 2022 - 4:30pm,complete,N/A,Cremonese,Torino,Paolo Valeri,3,0.00,3.00,0.84,1.63,1,2,3,1,0,1,"80","17,65",3,3,0,0,3,0,0,0,0,3,19,17,7,6,10,9,9,21,53,47,0.00,1.43,2.00,1.74,1.50,50,50,50,0,0,0,50,50,50,7.00,2.00,3.35,3.50,2.16,1.32,1.80,3.40,6.50,1.70,2.05,Stadio Giovanni Zini (Cremona)
1661617800,Aug 27 2022 - 4:30pm,complete,N/A,Juventus,Roma,Massimiliano Irrati,3,3.00,3.00,2.21,1.42,1,1,2,1,1,0,"2","69",4,5,2,0,2,0,1,1,1,1,20,11,5,5,11,4,16,7,57,43,1.57,2.07,1.77,1.14,2.00,0,50,50,0,0,50,100,0,50,5.00,3.00,2.19,3.40,3.35,1.33,1.84,3.50,7.00,1.75,2.00,Allianz Stadium (Torino)
1661625900,Aug 27 2022 - 6:45pm,complete,70430,AC Milan,Bologna,Gianluca Manganiello,3,3.00,0.00,2.26,1.26,2,0,2,1,1,0,"21,58","",5,1,2,0,1,0,0,2,0,1,26,11,9,0,12,9,13,9,48,52,1.74,1.04,2.27,0.74,4.50,100,100,100,50,50,50,100,100,100,7.00,7.00,1.37,5.25,8.00,1.19,1.53,2.43,4.50,1.91,1.91,Stadio Giuseppe Meazza (Milano)
1661625900,Aug 27 2022 - 6:45pm,complete,N/A,Spezia,Sassuolo,Francesco Cosso,3,3.00,0.00,1.00,0.89,2,2,4,3,2,1,"30,45'4","27,50",2,6,1,1,1,0,0,2,1,0,11,26,3,9,7,14,17,10,42,58,1.17,2.28,1.07,2.51,2.00,0,50,50,0,0,50,100,0,50,8.00,5.00,3.00,3.55,2.30,1.20,1.60,2.28,4.50,1.50,2.50,Stadio Alberto Picco (La Spezia)
1661704200,Aug 28 2022 - 4:30pm,complete,16106,Hellas Verona,Atalanta,Alessandro Prontera,3,0.00,3.00,1.11,1.63,0,1,1,0,0,0,"","50",7,6,3,0,3,0,0,3,2,1,15,20,0,8,15,8,15,7,49,51,0.91,1.25,1.37,1.80,4.50,50,100,50,50,50,50,100,50,100,6.00,8.00,3.65,3.75,1.85,1.20,1.57,2.65,4.75,1.62,2.20,Stadio Marc'Antonio Bentegodi (Verona)
1661704200,Aug 28 2022 - 4:30pm,complete,N/A,Salernitana,Sampdoria,Davide Massa,3,0.00,0.00,1.42,0.47,4,0,4,2,2,0,"7,16,50,76","",6,3,2,0,2,0,1,1,1,1,14,21,8,7,5,11,19,14,45,55,1.46,0.00,1.64,1.91,0.50,0,0,0,0,0,0,50,0,0,4.00,3.00,2.35,3.05,3.15,1.30,1.90,3.30,6.50,1.70,2.05,Stadio Arechi (Salerno)
1661712300,Aug 28 2022 - 6:45pm,complete,32000,Fiorentina,Napoli,Livio Marinelli,3,3.00,3.00,1.74,2.37,0,0,0,0,0,0,"","",2,3,2,0,3,0,0,2,1,2,11,16,6,4,5,10,12,14,49,51,3.06,2.71,1.38,1.46,6.00,100,100,100,100,100,100,100,100,100,19.00,2.00,2.50,3.40,2.60,1.22,1.70,2.80,5.00,1.57,2.25,Stadio Artemio Franchi (Firenze)
1661712300,Aug 28 2022 - 6:45pm,complete,23941,Lecce,Empoli,Alberto Santoro,3,0.00,0.00,0.89,0.79,1,1,2,2,1,1,"40","22",3,5,1,0,2,0,1,0,1,1,21,12,6,5,11,6,10,5,40,60,1.21,2.01,1.87,1.23,2.00,50,50,50,0,0,0,100,50,50,10.00,5.00,2.35,3.35,2.85,1.25,1.70,2.90,5.50,1.62,2.20,Stadio Comunale Via del Mare (Lecce)
1661877000,Aug 30 2022 - 4:30pm,complete,18053,Sassuolo,AC Milan,Giovanni Ayroldi,4,3.00,1.00,1.47,1.42,0,0,0,0,0,0,"","",3,8,5,0,2,0,0,5,2,0,10,14,3,3,5,8,14,13,38,62,1.42,2.23,0.96,1.32,1.50,50,50,0,0,0,0,100,0,50,11.00,8.00,5.25,4.20,1.58,1.18,1.50,2.30,4.00,1.57,2.25,MAPEI Stadium - Città del Tricolore (Reggio nell'Emilia)
1661885100,Aug 30 2022 - 6:45pm,complete,70750,Inter Milan,Cremonese,Francesco Fourneau,4,3.00,0.00,2.21,0.58,3,1,4,2,2,0,"12,38,76","90",6,6,0,0,3,0,0,0,0,3,20,17,7,6,10,9,6,14,53,47,2.44,1.50,1.89,1.63,3.00,25,75,75,25,25,25,75,75,100,15.00,4.00,1.22,6.75,12.50,1.13,1.36,2.07,3.18,2.05,1.70,Stadio Giuseppe Meazza (Milano)
1661885100,Aug 30 2022 - 6:45pm,complete,60669,Roma,Monza,Marco Piccinini,4,3.00,0.00,1.89,1.37,3,0,3,2,2,0,"18,32,61","",5,4,0,0,3,0,0,0,2,1,17,17,7,2,8,12,10,7,39,61,2.92,0.80,1.68,1.45,2.50,0,50,50,50,0,50,50,50,100,9.00,1.00,1.27,6.00,10.50,1.20,1.60,2.30,4.33,2.00,1.75,Stadio Olimpico (Roma)
1661963400,Aug 31 2022 - 4:30pm,complete,N/A,Empoli,Hellas Verona,Marco Serra,4,1.00,1.00,1.47,0.65,1,1,2,1,1,0,"26","69",7,10,0,0,4,0,0,0,2,2,20,13,5,4,12,7,5,22,51,49,0.67,1.84,1.84,1.31,1.00,50,50,0,0,0,50,50,0,0,9.00,6.00,2.60,3.60,2.70,1.23,1.68,2.71,4.75,1.57,2.25,Stadio Carlo Castellani (Empoli)
1661963400,Aug 31 2022 - 4:30pm,complete,N/A,Sampdoria,Lazio,Gianluca Aureliano,4,0.50,1.00,0.53,1.95,1,1,2,1,0,1,"90'2","21",5,7,0,0,2,0,0,0,0,2,18,18,4,7,10,7,11,10,44,56,1.22,0.91,1.41,1.78,0.50,0,25,0,0,0,0,25,0,25,7.00,8.50,4.10,3.80,1.89,1.30,1.81,3.28,5.75,1.75,2.00,Stadio Comunale Luigi Ferraris (Genova)
1661963400,Aug 31 2022 - 4:30pm,complete,19684,Udinese,Fiorentina,Maurizio Mariani,4,1.00,1.00,1.42,1.21,1,0,1,1,1,0,"17","",3,7,1,0,2,0,0,1,0,2,13,17,5,2,6,11,13,10,26,74,1.64,2.15,1.27,1.41,0.00,0,0,0,0,0,0,0,0,0,15.00,7.00,2.60,3.60,2.70,1.23,1.70,2.74,4.80,1.57,2.25,Dacia Arena (Udine)
1661971500,Aug 31 2022 - 6:45pm,complete,35709,Juventus,Spezia,Andrea Colombo,4,2.00,0.00,2.21,0.58,2,0,2,1,1,0,"9,90'2","",7,3,0,0,2,0,0,0,1,1,24,19,4,2,13,9,1,0,51,49,1.67,0.57,1.58,1.12,2.75,25,100,75,0,0,25,100,50,100,7.50,1.50,1.30,5.70,10.00,1.20,1.58,2.20,4.75,2.05,1.70,Allianz Stadium (Torino)
1661971500,Aug 31 2022 - 6:45pm,complete,N/A,Napoli,Lecce,Matteo Marcenaro,4,3.00,0.00,2.37,1.00,1,1,2,2,1,1,"27","31",6,4,1,0,4,0,1,0,2,2,20,12,8,6,11,5,0,1,71,29,2.30,1.01,2.26,1.32,2.50,0,50,50,50,0,50,100,50,50,14.00,3.00,1.26,6.60,11.00,1.15,1.64,2.33,3.75,1.95,1.80,Stadio Diego Armando Maradona (Napoli)
1662057900,Sep 01 2022 - 6:45pm,complete,17928,Atalanta,Torino,Marco Di Bello,4,1.00,3.00,1.74,1.63,3,1,4,1,1,0,"45'4,47,84","77",7,2,1,0,3,0,1,0,1,2,13,12,7,5,6,6,14,13,41,59,1.16,1.58,1.56,1.44,2.50,100,100,50,0,0,0,100,50,100,9.00,6.50,1.53,4.10,5.50,1.21,1.70,2.25,4.40,1.70,2.05,Gewiss Stadium (Bergamo)
1662057900,Sep 01 2022 - 6:45pm,complete,19787,Bologna,Salernitana,Davide Ghersini,4,1.00,1.00,1.58,0.79,1,1,2,0,0,0,"52","88",1,8,2,0,2,0,0,2,0,2,15,27,4,2,9,18,10,11,47,53,1.94,1.95,1.37,1.86,1.00,50,50,0,0,0,50,50,0,0,15.00,9.00,1.80,3.50,4.20,1.26,1.83,2.96,5.25,1.70,2.05,Stadio Renato Dall'Ara (Bologna)
1662210000,Sep 03 2022 - 1:00pm,complete,N/A,Fiorentina,Juventus,Daniele Doveri,5,2.00,1.00,1.74,1.58,1,1,2,2,1,1,"29","9",10,2,1,0,3,0,1,0,1,2,24,6,7,2,13,2,13,12,60,40,2.22,1.37,2.51,0.51,1.25,25,25,25,25,25,25,25,25,25,10.50,3.00,3.10,3.20,2.45,1.33,2.11,3.50,7.00,1.75,1.98,Stadio Artemio Franchi (Firenze)
1662220800,Sep 03 2022 - 4:00pm,complete,75475,AC Milan,Inter Milan,Daniele Chiffi,5,3.00,1.50,2.26,1.58,3,2,5,2,1,1,"28,54,60","21,67",2,5,5,0,2,0,2,3,2,0,26,24,6,6,16,11,10,12,48,52,2.01,2.32,2.00,1.71,3.75,75,100,75,50,25,25,100,75,100,11.00,3.00,2.59,3.60,2.65,1.26,1.84,2.95,5.50,1.57,2.25,Stadio Giuseppe Meazza (Milano)
1662230700,Sep 03 2022 - 6:45pm,complete,N/A,Lazio,Napoli,Simone Sozza,5,3.00,2.00,1.95,2.37,1,2,3,2,1,1,"4","38,61",6,8,4,0,0,0,0,4,0,0,10,26,3,8,6,12,12,14,39,61,1.63,2.09,0.97,2.16,3.50,75,75,75,50,25,25,75,75,75,8.00,5.50,2.90,3.60,2.34,1.24,1.81,2.85,5.00,1.53,2.35,Stadio Olimpico (Roma)
1662287400,Sep 04 2022 - 10:30am,complete,N/A,Cremonese,Sassuolo,Luca Pairetto,5,0.00,0.50,0.84,0.89,0,0,0,0,0,0,"","",2,3,1,0,1,0,0,1,0,1,12,24,2,9,9,11,16,6,46,54,2.00,2.39,1.07,2.30,3.25,75,100,100,25,0,50,100,50,100,7.00,2.00,3.34,3.62,2.03,1.21,1.83,2.55,4.50,1.57,2.30,Stadio Giovanni Zini (Cremona)
1662296400,Sep 04 2022 - 1:00pm,complete,7555,Spezia,Bologna,Antonio Giua,5,2.00,0.00,1.00,1.26,2,2,4,2,1,1,"45'2,54","6,64",7,2,4,0,1,0,1,3,0,1,22,16,8,8,8,8,12,5,45,55,1.12,0.89,1.97,1.79,2.50,50,75,50,25,0,25,100,25,75,5.50,5.50,2.57,3.42,2.58,1.27,1.83,2.98,5.20,1.65,2.10,Stadio Alberto Picco (La Spezia)
1662307200,Sep 04 2022 - 4:00pm,complete,16675,Hellas Verona,Sampdoria,Paolo Valeri,5,0.00,0.00,1.11,0.47,2,1,3,3,2,1,"44,45'3","40",7,2,2,0,2,0,0,2,1,1,20,16,10,4,8,9,16,11,50,50,1.14,1.91,2.13,1.39,4.00,25,75,75,75,25,75,75,75,100,8.50,4.50,1.90,3.72,3.68,1.29,1.91,3.10,6.00,1.71,2.00,Stadio Marc'Antonio Bentegodi (Verona)
1662317100,Sep 04 2022 - 6:45pm,complete,24108,Udinese,Roma,Fabio Maresca,5,2.00,2.00,1.42,1.42,4,0,4,1,1,0,"5,56,75,82","",3,7,3,0,2,0,0,3,1,1,12,14,6,3,6,11,16,13,43,57,1.45,1.60,1.44,1.40,1.00,25,25,0,0,0,0,75,0,25,8.00,4.50,4.33,3.75,1.75,1.23,1.61,2.85,5.10,1.72,2.00,Dacia Arena (Udine)
1662395400,Sep 05 2022 - 4:30pm,complete,N/A,Monza,Atalanta,Juan Luca Sacchi,5,0.00,3.00,1.37,1.63,0,2,2,0,0,0,"","57,65",4,9,1,0,1,0,0,1,0,1,12,16,4,7,7,7,9,10,60,40,1.56,1.52,1.23,1.77,2.25,50,75,50,0,0,25,75,25,100,6.50,6.50,8.50,4.50,1.40,1.20,1.60,2.65,4.75,1.75,2.00,U-Power Stadium (Monza)
1662395400,Sep 05 2022 - 4:30pm,complete,18173,Salernitana,Empoli,Rosario Abisso,5,1.50,0.50,1.42,0.79,2,2,4,2,1,1,"39,61","31,81",6,7,3,0,2,0,2,1,0,2,24,13,6,7,12,6,7,9,52,48,1.55,1.62,1.90,1.56,2.00,25,50,25,25,0,50,100,25,25,9.50,4.00,2.30,3.30,3.10,1.30,1.80,3.40,6.50,1.70,2.05,Stadio Arechi (Salerno)
1662403500,Sep 05 2022 - 6:45pm,complete,N/A,Torino,Lecce,Manuel Volpi,5,1.00,0.50,1.16,1.00,1,0,1,1,1,0,"40","",4,4,2,0,1,0,0,2,0,1,13,8,6,3,4,2,16,8,59,41,1.16,1.17,1.20,0.64,0.75,25,25,0,0,0,25,50,0,0,10.00,2.50,1.70,3.90,4.75,1.26,1.73,2.30,5.50,1.80,1.95,Stadio Olimpico Grande Torino (Torino)
1662814800,Sep 10 2022 - 1:00pm,complete,35000,Napoli,Spezia,Alberto Santoro,6,2.00,0.00,2.37,0.58,1,0,1,0,0,0,"89","",10,5,1,0,2,0,0,1,1,1,41,12,8,4,23,6,6,14,63,37,2.28,0.85,3.05,1.10,2.75,25,100,50,25,0,50,100,50,75,11.50,2.50,1.22,5.59,9.55,1.14,1.43,2.12,3.75,1.91,1.91,Stadio Diego Armando Maradona (Napoli)
1662825600,Sep 10 2022 - 4:00pm,complete,69134,Inter Milan,Torino,Giovanni Ayroldi,6,3.00,2.00,2.21,1.63,1,0,1,0,0,0,"89","",6,5,1,0,2,0,0,1,0,2,25,13,4,7,14,3,8,17,57,43,2.16,1.54,1.79,1.40,3.42,75,100,100,42,0,25,100,100,100,12.00,2.67,1.39,5.20,7.70,1.20,1.53,2.32,4.75,1.91,1.91,Stadio Giuseppe Meazza (Milano)
1662835500,Sep 10 2022 - 6:45pm,complete,23049,Sampdoria,AC Milan,Michael Fabbri,6,0.67,1.00,0.53,1.42,1,2,3,1,0,1,"57","6,67",2,4,5,0,1,1,0,5,1,1,11,21,5,6,5,11,12,10,57,43,1.28,1.77,1.31,1.78,1.17,42,59,0,0,0,0,59,0,59,10.67,4.83,5.60,4.55,1.55,1.22,1.73,2.75,4.75,1.91,1.91,Stadio Comunale Luigi Ferraris (Genova)
1662892200,Sep 11 2022 - 10:30am,complete,18252,Atalanta,Cremonese,Andrea Colombo,6,2.00,0.00,1.74,0.58,1,1,2,0,0,0,"74","78",3,3,3,0,5,0,0,3,0,5,18,9,8,5,8,3,9,17,58,42,1.36,1.54,1.95,1.04,3.17,84,84,59,59,17,34,84,59,100,10.83,6.17,1.28,5.10,7.80,1.19,1.78,2.40,4.10,1.95,1.80,Gewiss Stadium (Bergamo)
1662901200,Sep 11 2022 - 1:00pm,complete,18901,Bologna,Fiorentina,Daniele Orsato,6,1.00,0.50,1.58,1.21,2,1,3,0,0,0,"59,62","54",6,8,1,0,3,1,0,1,0,4,16,15,5,4,8,9,8,13,39,61,1.65,1.78,1.35,1.53,1.25,50,50,0,0,0,25,50,25,25,13.00,6.00,2.68,3.30,2.56,1.29,1.90,3.10,6.00,1.70,2.05,Stadio Renato Dall'Ara (Bologna)
1662901200,Sep 11 2022 - 1:00pm,complete,23391,Lecce,Monza,Luca Pairetto,6,0.50,0.00,0.89,1.37,1,1,2,1,0,1,"48","35",8,5,3,0,3,0,1,2,2,1,13,4,4,2,7,1,18,22,53,47,1.54,1.13,1.28,0.60,3.00,50,100,75,25,0,75,100,50,75,8.50,4.50,2.21,3.25,3.25,1.29,1.87,3.20,6.00,1.75,2.00,Stadio Comunale Via del Mare (Lecce)
1662901200,Sep 11 2022 - 1:00pm,complete,8694,Sassuolo,Udinese,Giacomo Camplone,6,2.00,1.50,1.47,1.00,1,3,4,1,1,0,"33","75,90'1,90'3",5,6,1,1,3,0,1,1,2,1,6,22,3,5,3,14,7,16,32,68,1.19,1.49,0.76,2.01,2.50,50,50,50,25,25,50,75,25,50,7.00,8.00,2.36,3.36,2.89,1.21,1.67,2.60,4.60,1.53,2.38,MAPEI Stadium - Città del Tricolore (Reggio nell'Emilia)
1662912000,Sep 11 2022 - 4:00pm,complete,N/A,Lazio,Hellas Verona,Massimiliano Irrati,6,2.00,1.00,1.95,0.65,2,0,2,0,0,0,"68,90'5","",3,5,2,0,5,0,0,2,2,3,17,10,8,2,8,7,5,23,60,40,1.41,1.58,1.87,0.99,2.67,100,100,50,17,0,42,100,34,75,12.67,6.83,1.60,4.02,5.13,1.25,1.65,2.72,4.60,1.75,2.00,Stadio Olimpico (Roma)
1662921900,Sep 11 2022 - 6:45pm,complete,N/A,Juventus,Salernitana,Matteo Marcenaro,6,2.33,1.00,2.21,0.79,2,2,4,2,0,2,"51,90'3","18,45'5",8,2,4,2,4,1,3,3,1,4,25,15,9,6,13,7,13,15,61,39,1.64,1.91,2.36,1.40,1.67,42,75,17,0,0,17,50,25,75,11.67,4.00,1.43,4.70,7.80,1.23,1.78,3.01,4.80,2.00,1.75,Allianz Stadium (Torino)
1663008300,Sep 12 2022 - 6:45pm,complete,4560,Empoli,Roma,Livio Marinelli,6,1.00,1.33,1.47,1.42,1,2,3,2,1,1,"43","17,71",7,7,3,1,1,0,1,3,0,1,26,15,5,7,16,6,13,12,53,47,1.25,1.54,2.04,1.62,1.67,42,59,17,17,0,0,75,17,59,8.67,3.50,4.57,3.85,1.72,1.26,1.75,3.10,5.50,1.75,2.00,Stadio Carlo Castellani (Empoli)
1663353900,Sep 16 2022 - 6:45pm,complete,N/A,Salernitana,Lecce,Daniele Doveri,7,1.33,0.33,1.42,1.00,1,2,3,1,0,1,"55","43,83",4,5,1,0,3,0,1,0,0,3,14,16,7,5,6,9,9,11,57,43,1.66,0.99,1.72,1.50,2.17,33,50,34,34,0,50,100,34,34,9.33,4.67,2.45,3.60,2.70,1.35,1.98,3.56,6.00,1.75,2.00,Stadio Arechi (Salerno)
1663419600,Sep 17 2022 - 1:00pm,complete,N/A,Bologna,Empoli,Manuel Volpi,7,1.67,0.67,1.58,0.79,0,1,1,0,0,0,"","75",5,8,2,0,3,0,0,2,0,3,22,15,7,6,12,7,11,16,61,39,1.55,1.60,2.04,1.57,2.33,84,84,33,17,0,50,67,50,50,10.66,4.34,2.10,3.40,3.40,1.28,1.84,3.20,6.00,1.70,2.05,Stadio Renato Dall'Ara (Bologna)
1663430400,Sep 17 2022 - 4:00pm,complete,N/A,Spezia,Sampdoria,Simone Sozza,7,1.67,0.00,1.00,0.47,2,1,3,2,1,1,"12,72","11",3,6,4,0,5,0,1,3,2,3,10,12,5,9,4,3,17,14,52,48,1.40,1.65,1.36,1.71,3.25,59,84,84,59,0,84,100,42,59,7.50,4.67,2.50,3.40,2.75,1.33,2.01,3.50,6.25,1.75,2.00,Stadio Alberto Picco (La Spezia)
1663440300,Sep 17 2022 - 6:45pm,complete,8952,Torino,Sassuolo,Niccolò Baroni,7,2.00,0.67,1.16,0.89,0,1,1,0,0,0,"","90'3",4,3,4,0,1,0,2,2,0,1,12,9,3,3,2,3,13,7,58,42,1.18,2.36,0.79,0.82,1.42,17,34,34,17,0,34,59,0,34,8.67,2.67,2.05,3.90,3.20,1.24,1.70,2.90,5.00,1.70,2.05,Stadio Olimpico Grande Torino (Torino)
1663497000,Sep 18 2022 - 10:30am,complete,N/A,Udinese,Inter Milan,Paolo Valeri,7,2.33,1.00,1.42,1.58,3,1,4,2,1,1,"22,84,90'3","5",7,4,3,0,4,0,1,2,3,1,28,19,8,5,14,11,11,13,44,56,1.45,2.12,2.21,1.66,2.84,50,67,67,50,17,17,84,67,67,9.67,4.34,4.10,3.90,1.75,1.20,1.67,2.28,4.40,1.57,2.25,Dacia Arena (Udine)
1663506000,Sep 18 2022 - 1:00pm,complete,N/A,Cremonese,Lazio,Daniele Orsato,7,0.50,1.00,0.84,1.95,0,4,4,3,0,3,"","7,21,45'2,79",8,5,1,0,1,0,0,1,1,0,18,17,4,6,14,8,12,9,44,56,1.53,1.35,1.79,1.59,1.25,50,50,25,0,0,0,50,25,50,8.00,4.00,4.92,3.74,1.67,1.19,1.71,2.61,4.54,1.67,2.10,Stadio Giovanni Zini (Cremona)
1663506000,Sep 18 2022 - 1:00pm,complete,N/A,Fiorentina,Hellas Verona,Antonio Rapuano,7,1.67,0.67,1.74,0.65,2,0,2,1,1,0,"13,90","",7,3,4,0,4,0,2,2,2,2,18,10,10,3,6,7,18,17,44,56,2.32,1.38,2.01,1.21,2.17,67,84,17,17,17,50,67,33,50,15.34,5.00,1.78,3.81,4.12,1.27,1.75,3.03,5.25,1.75,2.00,Stadio Artemio Franchi (Firenze)
1663506000,Sep 18 2022 - 1:00pm,complete,N/A,Monza,Juventus,Fabio Maresca,7,0.00,1.00,1.37,1.58,1,0,1,0,0,0,"74","",5,3,2,0,1,1,0,2,2,0,22,15,6,3,12,8,16,17,60,40,1.45,0.94,1.93,1.17,1.84,59,75,34,0,0,42,59,34,50,6.00,4.17,5.91,4.26,1.51,1.32,1.80,3.48,6.00,1.80,1.95,U-Power Stadium (Monza)
1663516800,Sep 18 2022 - 4:00pm,complete,N/A,Roma,Atalanta,Daniele Chiffi,7,3.00,3.00,1.89,1.63,0,1,1,1,0,1,"","35",5,1,0,0,7,0,0,0,1,6,26,7,6,2,16,3,9,19,56,44,2.30,1.60,2.09,0.81,1.84,0,59,25,0,0,25,42,17,100,10.67,3.33,1.92,3.71,3.58,1.28,1.81,3.05,5.00,1.67,2.10,Stadio Olimpico (Roma)
1663526700,Sep 18 2022 - 6:45pm,complete,N/A,AC Milan,Napoli,Maurizio Mariani,7,3.00,2.33,2.26,2.37,1,2,3,0,0,0,"69","55,78",9,4,4,0,3,0,2,2,0,3,25,11,6,5,14,4,18,11,51,49,2.01,2.11,2.19,1.40,3.83,67,84,67,50,50,67,84,50,84,10.33,4.34,2.08,3.43,2.97,1.30,1.90,3.33,5.50,1.70,2.05,Stadio Giuseppe Meazza (Milano)
1664629200,Oct 01 2022 - 1:00pm,complete,N/A,Napoli,Torino,Luca Massimi,8,2.33,1.50,2.37,1.63,3,1,4,4,3,1,"6,12,37","44",4,4,0,0,2,0,0,0,0,2,19,19,8,4,9,11,4,17,49,51,2.53,1.50,1.83,1.67,2.54,54,71,54,29,0,34,71,54,84,12.92,3.83,1.57,4.00,5.80,1.26,1.78,3.10,5.50,1.91,1.91,Stadio Diego Armando Maradona (Napoli)
1664640000,Oct 01 2022 - 4:00pm,complete,N/A,Inter Milan,Roma,Davide Massa,8,3.00,1.75,2.21,1.42,1,2,3,2,1,1,"30","39,75",5,1,4,0,3,0,0,4,0,3,21,13,4,6,13,6,15,14,58,42,2.04,1.56,1.68,1.32,2.59,42,71,59,29,0,29,84,46,88,12.58,2.08,1.95,3.50,3.80,1.26,1.84,3.00,5.50,1.67,2.10,Stadio Giuseppe Meazza (Milano)
1664649900,Oct 01 2022 - 6:45pm,complete,N/A,Empoli,AC Milan,Gianluca Aureliano,8,0.67,1.67,1.47,1.42,1,3,4,0,0,0,"90'2","79,90'3,90'6",3,7,3,0,2,0,1,2,1,1,21,25,5,7,12,13,15,10,43,57,1.52,1.78,1.71,2.08,1.67,67,67,33,0,0,17,67,17,67,11.00,5.00,5.89,4.44,1.53,1.28,1.83,3.10,6.00,1.91,1.91,Stadio Carlo Castellani (Empoli)
1664706600,Oct 02 2022 - 10:30am,complete,N/A,Lazio,Spezia,Juan Luca Sacchi,8,2.25,0.00,1.95,0.58,4,0,4,2,2,0,"12,24,61,90'1","",3,6,0,0,2,0,0,0,2,0,15,20,6,3,7,12,3,14,61,39,1.52,0.93,1.54,1.37,2.50,38,84,54,13,0,13,71,54,100,7.50,4.33,1.38,5.00,7.75,1.20,1.58,2.60,4.75,1.80,1.95,Stadio Olimpico (Roma)
1664715600,Oct 02 2022 - 1:00pm,complete,N/A,Lecce,Cremonese,Livio Marinelli,8,0.67,0.25,0.89,0.58,1,1,2,2,1,1,"42","19",1,8,3,0,1,0,1,2,1,0,8,16,2,5,5,10,11,15,55,45,1.45,1.42,0.94,1.65,2.67,88,88,42,25,13,42,75,54,84,10.42,6.67,2.15,3.35,3.40,1.33,1.98,3.60,7.00,1.80,1.95,Stadio Comunale Via del Mare (Lecce)
1664715600,Oct 02 2022 - 1:00pm,complete,N/A,Sampdoria,Monza,Giovanni Ayroldi,8,0.50,0.33,0.53,1.37,0,3,3,1,0,1,"","11,67,90'5",2,4,2,0,2,0,2,0,1,1,6,15,2,8,3,6,1,1,50,50,1.29,0.95,0.87,1.68,2.38,42,88,46,17,0,34,88,29,88,7.58,5.33,2.00,3.50,3.70,1.32,1.90,3.40,6.50,1.75,2.00,Stadio Comunale Luigi Ferraris (Genova)
1664715600,Oct 02 2022 - 1:00pm,complete,N/A,Sassuolo,Salernitana,N/A,8,1.33,1.00,1.47,0.79,5,0,5,2,2,0,"12,39,53,76,90'2","",1,2,1,0,1,0,0,1,0,1,19,7,11,2,6,5,10,8,44,56,1.04,1.74,2.11,0.95,1.84,50,50,33,33,0,17,50,50,50,9.66,8.33,2.04,3.55,3.55,1.22,1.60,2.70,5.00,1.57,2.25,MAPEI Stadium - Città del Tricolore (Reggio nell'Emilia)
1664726400,Oct 02 2022 - 4:00pm,complete,N/A,Atalanta,Fiorentina,Massimiliano Irrati,8,1.67,0.33,1.74,1.21,1,0,1,0,0,0,"59","",1,5,2,0,2,0,1,1,1,1,13,19,6,6,6,11,12,10,38,62,1.56,1.70,1.53,1.95,2.00,67,67,33,17,0,0,50,50,67,12.67,5.67,2.00,3.50,3.70,1.30,1.88,3.20,5.50,1.75,2.00,Gewiss Stadium (Bergamo)
1664736300,Oct 02 2022 - 6:45pm,complete,N/A,Juventus,Bologna,Rosario Abisso,8,2.00,0.33,2.21,1.26,3,0,3,1,1,0,"24,59,62","",2,4,0,0,1,0,0,0,0,1,20,12,9,2,9,8,11,15,48,52,1.82,1.19,2.09,0.94,2.88,59,100,59,29,0,42,100,46,100,7.17,5.17,1.50,4.30,6.25,1.28,1.79,3.16,5.50,1.95,1.80,Allianz Stadium (Torino)
1664822700,Oct 03 2022 - 6:45pm,complete,N/A,Hellas Verona,Udinese,Daniele Minelli,8,1.00,2.00,1.11,1.00,1,2,3,1,1,0,"23","70,90'3",4,9,3,0,3,0,1,2,0,3,9,25,3,10,4,13,15,11,31,69,1.47,1.66,0.91,2.52,4.00,84,84,84,50,33,67,84,50,84,10.00,5.33,2.75,3.35,2.55,1.28,1.83,3.10,6.00,1.62,2.20,Stadio Marc'Antonio Bentegodi (Verona)
1665234000,Oct 08 2022 - 1:00pm,complete,N/A,Sassuolo,Inter Milan,Simone Sozza,9,1.75,0.75,1.47,1.58,1,2,3,1,0,1,"60","44,75",6,5,3,0,2,0,1,2,1,1,25,21,4,6,14,12,14,17,52,48,1.31,2.01,1.67,1.89,3.25,63,75,75,63,25,38,88,75,75,8.75,5.75,4.27,4.15,1.74,1.19,1.56,2.38,4.33,1.62,2.20,MAPEI Stadium - Città del Tricolore (Reggio nell'Emilia)
1665244800,Oct 08 2022 - 4:00pm,complete,N/A,AC Milan,Juventus,Daniele Orsato,9,2.25,0.67,2.26,1.58,2,0,2,1,1,0,"45'1,54","",9,3,2,0,3,0,0,2,1,2,27,12,4,3,18,7,7,7,40,60,2.05,1.01,2.00,1.10,2.50,54,67,38,25,25,42,54,38,67,8.25,5.67,2.00,3.00,3.60,1.38,2.05,4.00,8.00,1.95,1.80,Stadio Giuseppe Meazza (Milano)
1665254700,Oct 08 2022 - 6:45pm,complete,N/A,Bologna,Sampdoria,Marco Piccinini,9,1.25,0.00,1.58,0.47,1,1,2,1,1,0,"32","72",2,5,2,0,3,0,0,2,1,2,13,11,3,3,7,7,17,21,51,49,1.67,1.67,1.15,1.18,2.67,71,88,63,17,0,63,63,42,71,8.92,5.50,2.08,3.45,3.35,1.30,1.95,3.40,6.50,1.75,2.00,Stadio Renato Dall'Ara (Bologna)
1665311400,Oct 09 2022 - 10:30am,complete,N/A,Torino,Empoli,Francesco Fourneau,9,1.33,1.25,1.16,0.79,1,1,2,0,0,0,"90","49",6,1,2,0,4,0,1,1,1,3,25,9,10,4,14,4,15,9,67,33,1.05,1.59,2.83,0.87,1.34,25,25,13,13,0,25,54,13,42,10.67,4.00,1.83,3.90,4.70,1.35,2.01,3.75,7.50,1.95,1.80,Stadio Olimpico Grande Torino (Torino)
1665320400,Oct 09 2022 - 1:00pm,complete,N/A,Monza,Spezia,Daniele Perenzoni,9,0.75,0.00,1.37,0.58,2,0,2,1,1,0,"32,63","",3,6,3,0,2,0,1,2,1,1,9,12,5,2,3,8,10,20,48,52,1.57,1.04,1.05,1.14,2.38,25,75,50,13,0,25,63,50,100,8.00,3.25,2.44,3.46,3.14,1.33,2.00,3.75,7.50,1.91,1.91,U-Power Stadium (Monza)
1665320400,Oct 09 2022 - 1:00pm,complete,N/A,Salernitana,Hellas Verona,Davide Ghersini,9,1.00,0.50,1.42,0.65,2,1,3,1,1,0,"18,90'4","56",1,6,2,1,3,1,1,2,2,2,18,16,5,4,10,9,9,15,40,60,1.68,1.34,1.45,1.55,2.50,50,88,38,25,0,38,88,50,75,11.50,6.25,2.49,3.70,2.91,1.28,1.81,3.10,6.00,1.67,2.10,Stadio Arechi (Salerno)
1665320400,Oct 09 2022 - 1:00pm,complete,N/A,Udinese,Atalanta,Daniele Doveri,9,2.50,3.00,1.42,1.63,2,2,4,1,0,1,"67,78","36,56",5,3,2,0,3,0,1,1,2,1,14,9,3,4,9,5,11,12,59,41,1.64,1.40,1.30,1.18,1.88,13,50,25,25,0,13,63,38,63,9.25,7.00,2.91,3.68,2.50,1.28,1.86,3.10,6.00,1.67,2.10,Dacia Arena (Udine)
1665331200,Oct 09 2022 - 4:00pm,complete,N/A,Cremonese,Napoli,Rosario Abisso,9,0.33,2.50,0.84,2.37,1,4,5,1,0,1,"47","26,76,90'3,90'5",5,2,2,0,0,0,1,1,0,0,17,23,2,10,13,12,3,0,30,70,1.62,1.93,1.40,2.47,2.79,54,71,71,29,13,42,59,42,71,10.08,2.67,6.50,4.60,1.45,1.20,1.65,2.70,5.00,1.80,1.95,Stadio Giovanni Zini (Cremona)
1665341100,Oct 09 2022 - 6:45pm,complete,N/A,Roma,Lecce,Alessandro Prontera,9,2.00,1.00,1.89,1.00,2,1,3,2,1,1,"6,48","39",13,4,2,0,1,1,0,2,1,1,28,9,8,4,15,4,12,11,67,33,2.23,1.12,2.50,0.92,1.71,25,42,29,0,0,29,84,13,46,9.25,2.25,1.36,4.75,8.50,1.28,1.83,3.20,6.00,2.20,1.62,Stadio Olimpico (Roma)
1665427500,Oct 10 2022 - 6:45pm,complete,N/A,Fiorentina,Lazio,Fabio Maresca,9,2.00,1.67,1.74,1.95,0,4,4,2,0,2,"","11,25,85,90'1",9,2,4,0,1,0,2,2,0,1,32,12,4,7,20,4,1,0,62,38,2.24,1.43,2.38,1.36,2.13,42,71,29,29,13,42,71,13,59,12.83,4.42,2.44,3.35,2.75,1.29,1.83,3.17,5.50,1.70,2.05,Stadio Artemio Franchi (Firenze)
1665838800,Oct 15 2022 - 1:00pm,complete,N/A,Empoli,Monza,Antonio Rapuano,10,0.50,1.00,1.47,1.37,1,0,1,1,1,0,"11","",2,9,5,0,3,1,3,2,1,3,13,22,8,5,5,11,17,14,36,64,1.56,1.13,1.57,1.96,2.63,50,88,63,25,0,38,75,38,88,8.75,5.00,2.20,2.95,2.95,1.33,1.96,3.50,7.00,1.70,2.05,Stadio Carlo Castellani (Empoli)
1665849600,Oct 15 2022 - 4:00pm,complete,N/A,Torino,Juventus,Maurizio Mariani,10,1.25,0.50,1.16,1.58,0,1,1,0,0,0,"","74",3,6,2,0,0,0,0,2,0,0,20,16,3,9,13,5,1,0,53,47,1.49,1.04,1.61,1.78,1.13,25,38,0,0,0,13,38,13,50,8.00,4.75,2.65,3.00,2.35,1.42,2.07,4.33,8.50,1.95,1.80,Stadio Olimpico Grande Torino (Torino)
1665859500,Oct 15 2022 - 6:45pm,complete,N/A,Atalanta,Sassuolo,Matteo Marcenaro,10,2.00,1.25,1.74,0.89,2,1,3,2,1,1,"45'1,46","41",3,3,1,0,4,0,1,0,3,1,21,13,6,3,12,9,10,8,48,52,1.55,1.98,1.90,1.32,2.13,50,63,38,25,0,25,50,25,88,7.25,4.00,1.56,4.15,5.31,1.20,1.70,2.70,4.75,1.67,2.10,Gewiss Stadium (Bergamo)
1665916200,Oct 16 2022 - 10:30am,complete,N/A,Inter Milan,Salernitana,Juan Luca Sacchi,10,2.25,0.75,2.21,0.79,2,0,2,1,1,0,"14,58","",6,4,0,0,1,0,0,0,1,0,21,10,7,3,11,6,12,14,62,38,1.95,1.54,1.94,0.94,2.75,50,75,63,38,13,50,63,63,88,11.25,4.50,1.30,5.25,9.50,1.14,1.36,2.10,3.40,1.80,1.95,Stadio Giuseppe Meazza (Milano)
1665925200,Oct 16 2022 - 1:00pm,complete,N/A,Lazio,Udinese,Andrea Colombo,10,2.40,2.25,1.95,1.00,0,0,0,0,0,0,"","",7,3,1,0,4,0,0,1,1,3,10,17,4,3,5,11,8,11,55,45,1.53,1.88,1.13,1.34,3.60,80,100,90,45,13,45,90,78,100,8.65,5.40,2.00,3.50,3.50,1.24,1.67,2.82,5.00,1.62,2.20,Stadio Olimpico (Roma)
1665925200,Oct 16 2022 - 1:00pm,complete,N/A,Spezia,Cremonese,Gianluca Manganiello,10,2.00,0.40,1.00,0.58,2,2,4,3,2,1,"19,22","2,52",6,8,2,0,0,0,0,2,0,0,22,30,8,6,10,19,12,11,54,46,1.39,1.46,2.23,2.25,2.90,78,78,58,45,10,68,80,43,78,9.90,6.40,2.45,3.30,2.87,1.33,1.85,3.47,6.00,1.70,2.05,Stadio Alberto Picco (La Spezia)
1665936000,Oct 16 2022 - 4:00pm,complete,N/A,Napoli,Bologna,Francesco Cosso,10,2.50,0.25,2.37,1.26,3,2,5,2,1,1,"45,49,69","41,51",6,4,0,0,4,0,0,0,1,3,36,21,11,3,20,13,6,10,48,52,2.36,1.13,3.28,1.43,2.88,50,88,63,38,0,50,88,50,75,9.75,3.25,1.18,5.75,13.00,1.18,1.56,2.30,4.00,2.00,1.75,Stadio Diego Armando Maradona (Napoli)
1665945900,Oct 16 2022 - 6:45pm,complete,N/A,Hellas Verona,AC Milan,Davide Massa,10,0.75,2.00,1.11,1.42,1,2,3,2,1,1,"19","9,81",9,3,3,0,2,0,0,3,0,2,27,22,4,6,16,12,7,9,46,54,1.33,1.85,1.88,1.78,2.88,75,75,63,25,13,25,63,50,75,11.75,4.75,6.00,3.75,1.50,1.24,1.78,2.92,5.25,1.80,1.95,Stadio Marc'Antonio Bentegodi (Verona)
1666024200,Oct 17 2022 - 4:30pm,complete,N/A,Sampdoria,Roma,Marco Di Bello,10,0.40,2.00,0.53,1.42,0,1,1,1,0,1,"","9",4,3,4,0,3,0,1,3,1,2,9,11,0,6,8,3,20,20,59,41,1.20,1.51,0.83,1.24,2.30,50,80,50,10,0,20,90,30,80,7.40,4.80,5.09,3.84,1.66,1.30,1.92,3.40,6.50,1.91,1.91,Stadio Comunale Luigi Ferraris (Genova)
1666032300,Oct 17 2022 - 6:45pm,complete,N/A,Lecce,Fiorentina,Luca Massimi,10,0.75,0.25,0.89,1.21,1,1,2,1,1,0,"42","48",2,8,4,1,4,0,1,4,2,2,7,18,3,7,4,7,15,16,41,59,1.33,1.76,0.92,1.79,1.75,63,63,25,0,0,25,63,25,50,11.75,5.50,3.38,3.36,2.16,1.39,1.89,3.54,6.75,1.91,1.91,Stadio Comunale Via del Mare (Lecce)
1666377900,Oct 21 2022 - 6:45pm,complete,N/A,Juventus,Empoli,Michael Fabbri,11,2.20,1.20,2.21,0.79,4,0,4,1,1,0,"8,55,82,90'4","",6,4,2,0,2,0,1,1,0,2,30,16,10,5,13,9,13,11,43,57,1.87,1.45,2.53,1.57,2.40,50,80,40,20,0,40,80,40,80,9.80,4.40,1.50,4.35,6.80,1.28,1.85,3.10,6.00,2.00,1.75,Allianz Stadium (Torino)
1666443600,Oct 22 2022 - 1:00pm,complete,N/A,Salernitana,Spezia,Daniele Chiffi,11,1.40,0.00,1.42,0.58,1,0,1,0,0,0,"48","",4,7,2,0,4,0,1,1,1,3,18,17,5,3,12,12,9,8,44,56,1.63,1.06,1.65,1.52,2.70,30,80,60,30,0,30,90,60,90,9.00,4.20,2.00,3.78,4.00,1.30,1.94,3.40,6.50,1.75,2.00,Stadio Arechi (Salerno)
1666454400,Oct 22 2022 - 4:00pm,complete,N/A,AC Milan,Monza,Livio Marinelli,11,2.40,0.80,2.26,1.37,4,1,5,2,2,0,"16,41,65,84","70",2,2,1,0,1,0,1,0,0,1,15,24,8,6,5,12,18,9,49,51,2.04,1.30,1.66,1.84,3.10,40,90,60,30,20,40,90,50,90,11.20,5.60,1.43,5.20,7.80,1.20,1.60,2.33,4.50,1.95,1.80,Stadio Giuseppe Meazza (Milano)
1666464300,Oct 22 2022 - 6:45pm,complete,N/A,Fiorentina,Inter Milan,Paolo Valeri,11,1.60,1.20,1.74,1.58,3,4,7,3,1,2,"33,60,90","2,15,73,90'5",1,2,4,0,3,0,2,2,1,2,14,9,5,7,8,2,15,14,58,42,2.27,1.98,1.57,1.27,3.20,70,90,70,50,20,50,90,70,80,13.00,4.40,3.78,3.82,2.01,1.26,1.79,3.00,5.50,1.62,2.20,Stadio Artemio Franchi (Firenze)
1666521000,Oct 23 2022 - 10:30am,complete,N/A,Udinese,Torino,Matteo Marchetti,11,2.20,1.20,1.42,1.63,1,2,3,2,1,1,"26","14,69",7,4,2,0,4,0,1,1,1,3,20,16,5,7,11,6,12,16,54,46,1.57,1.54,1.78,1.58,2.80,60,70,70,50,0,20,80,60,70,9.00,5.00,2.25,3.15,3.45,1.35,2.07,3.63,6.45,1.80,1.95,Dacia Arena (Udine)
1666530000,Oct 23 2022 - 1:00pm,complete,N/A,Bologna,Lecce,Simone Sozza,11,1.20,0.80,1.58,1.00,2,0,2,2,2,0,"13,34","",9,4,5,0,2,0,2,3,0,2,11,11,6,4,5,6,12,14,54,46,1.57,1.08,1.48,1.20,2.00,70,70,30,0,0,30,70,30,60,8.80,4.80,2.20,3.20,3.50,1.42,1.95,3.40,7.40,1.80,1.95,Stadio Renato Dall'Ara (Bologna)
1666540800,Oct 23 2022 - 4:00pm,complete,N/A,Atalanta,Lazio,Rosario Abisso,11,2.20,2.00,1.74,1.95,0,2,2,1,0,1,"","10,52",5,8,3,1,2,0,2,2,0,2,10,15,0,6,7,7,15,9,47,53,1.62,1.41,0.92,1.49,2.45,53,78,45,35,0,35,68,33,88,8.10,4.45,1.95,3.50,3.50,1.21,1.59,2.80,4.74,1.57,2.25,Gewiss Stadium (Bergamo)
1666550700,Oct 23 2022 - 6:45pm,complete,N/A,Roma,Napoli,Massimiliano Irrati,11,2.25,2.60,1.89,2.37,0,1,1,0,0,0,"","80",3,4,3,0,4,0,1,2,1,3,9,16,0,7,8,6,14,12,40,60,2.30,2.04,0.65,1.71,2.80,53,65,65,20,20,45,68,30,78,12.00,2.10,2.90,3.30,2.30,1.28,1.92,3.10,6.00,1.70,2.05,Stadio Olimpico (Roma)
1666629000,Oct 24 2022 - 4:30pm,complete,N/A,Cremonese,Sampdoria,Fabio Maresca,11,0.25,0.25,0.84,0.47,0,1,1,0,0,0,"","78",5,1,3,0,4,0,0,3,2,2,28,10,5,5,18,5,16,15,52,48,1.57,1.55,2.15,1.27,3.00,63,88,75,38,13,50,88,38,75,8.50,4.00,2.40,3.25,3.05,1.32,2.00,3.40,6.50,1.80,1.95,Stadio Giovanni Zini (Cremona)
1666637100,Oct 24 2022 - 6:45pm,complete,N/A,Sassuolo,Hellas Verona,Alberto Santoro,11,1.40,0.40,1.47,0.65,2,1,3,2,1,1,"32,74","2",4,5,1,0,3,0,0,1,1,2,21,17,4,8,11,8,7,19,51,49,1.38,1.38,1.51,1.90,2.40,50,80,40,20,10,20,80,50,70,10.40,7.60,2.02,3.55,3.55,1.24,1.75,2.85,5.00,1.62,2.20,MAPEI Stadium - Città del Tricolore (Reggio nell'Emilia)
1667048400,Oct 29 2022 - 1:00pm,complete,N/A,Napoli,Sassuolo,Antonio Rapuano,12,2.60,1.00,2.37,0.89,4,0,4,3,3,0,"4,19,36,77","",11,5,0,0,2,1,0,0,0,3,19,11,6,7,12,4,5,6,67,33,2.54,1.84,1.99,1.43,2.70,50,70,60,40,10,70,70,20,70,10.60,2.80,1.35,5.00,8.50,1.15,1.53,2.10,3.75,1.75,2.00,Stadio Diego Armando Maradona (Napoli)
1667059200,Oct 29 2022 - 4:00pm,complete,N/A,Lecce,Juventus,Daniele Chiffi,12,0.80,1.00,0.89,1.58,0,1,1,0,0,0,"","73",7,7,3,0,5,0,0,3,4,1,9,17,0,7,8,8,16,13,36,64,1.25,1.19,0.71,1.87,1.70,60,70,10,0,0,30,70,10,60,7.60,5.40,4.80,3.50,1.80,1.39,2.05,3.60,7.25,2.00,1.75,Stadio Comunale Via del Mare (Lecce)
1667069100,Oct 29 2022 - 6:45pm,complete,73311,Inter Milan,Sampdoria,Luca Massimi,12,2.40,0.80,2.21,0.47,3,0,3,2,2,0,"20,44,73","",3,3,1,0,6,0,0,1,2,4,20,9,7,3,12,5,5,13,52,48,1.95,1.49,1.92,1.16,2.60,50,80,60,20,0,50,80,30,90,10.00,4.20,1.19,5.80,10.00,1.17,1.44,2.17,3.90,2.00,1.75,Stadio Giuseppe Meazza (Milano)
1667129400,Oct 30 2022 - 11:30am,complete,N/A,Empoli,Atalanta,Giovanni Ayroldi,12,1.00,2.60,1.47,1.63,0,2,2,1,0,1,"","32,59",7,2,2,0,1,0,2,0,0,1,22,31,5,8,10,13,10,13,52,48,1.57,1.36,1.65,2.25,2.00,40,60,30,20,0,10,60,30,70,8.20,7.20,4.40,3.75,1.78,1.25,1.75,2.90,5.50,1.70,2.05,Stadio Carlo Castellani (Empoli)
1667138400,Oct 30 2022 - 2:00pm,complete,N/A,Cremonese,Udinese,Massimiliano Irrati,12,0.20,2.00,0.84,1.00,0,0,0,0,0,0,"","",7,4,1,0,0,0,1,0,0,0,15,13,3,4,12,9,8,9,41,59,1.68,1.77,1.56,1.56,2.90,60,70,70,40,20,30,70,50,80,9.40,4.60,4.25,3.65,1.84,1.26,1.85,3.00,5.50,1.67,2.10,Stadio Giovanni Zini (Cremona)
1667138400,Oct 30 2022 - 2:00pm,complete,N/A,Spezia,Fiorentina,Davide Massa,12,1.80,0.40,1.00,1.21,1,2,3,2,1,1,"35","14,90",5,5,5,1,3,0,2,4,2,1,11,27,7,5,4,19,19,14,49,51,1.56,1.77,1.49,2.13,2.30,60,60,50,30,0,40,70,20,70,12.20,5.80,4.30,3.55,1.86,1.30,1.85,3.40,6.50,1.80,1.95,Stadio Alberto Picco (La Spezia)
1667149200,Oct 30 2022 - 5:00pm,complete,N/A,Lazio,Salernitana,Gianluca Manganiello,12,2.17,0.60,1.95,0.79,1,3,4,1,1,0,"41","51,68,76",4,5,3,0,3,0,0,3,0,3,18,13,6,6,10,6,10,7,61,39,1.46,1.42,1.82,1.36,2.64,45,82,54,37,10,37,64,64,82,8.40,4.97,1.50,4.70,6.10,1.19,1.56,2.50,4.50,1.75,2.00,Stadio Olimpico (Roma)
1667159100,Oct 30 2022 - 7:45pm,complete,N/A,Torino,AC Milan,Rosario Abisso,12,1.00,2.20,1.16,1.42,2,1,3,2,2,0,"35,37","67",6,1,5,0,2,0,2,3,1,1,9,15,5,2,3,11,11,16,44,56,1.52,1.84,1.15,1.14,1.70,50,50,30,10,0,10,40,30,70,10.20,4.20,3.70,3.40,2.13,1.38,2.11,4.00,8.00,1.91,1.91,Stadio Olimpico Grande Torino (Torino)
1667237400,Oct 31 2022 - 5:30pm,complete,N/A,Hellas Verona,Roma,Juan Luca Sacchi,12,0.60,2.17,1.11,1.42,1,3,4,2,1,1,"26","45'2,88,90'2",2,4,3,1,1,0,2,2,1,0,9,18,4,7,4,7,9,9,32,68,1.44,1.47,1.02,1.72,2.87,65,74,65,19,10,47,90,29,74,10.37,4.77,4.20,3.70,1.85,1.30,1.94,3.40,6.50,1.80,1.95,Stadio Marc'Antonio Bentegodi (Verona)
1667245500,Oct 31 2022 - 7:45pm,complete,11388,Monza,Bologna,Luca Pairetto,12,1.20,0.20,1.37,1.26,1,2,3,0,0,0,"57","60,73",4,5,4,0,2,0,0,4,1,1,12,14,4,6,6,6,13,18,55,45,1.47,1.19,1.25,1.39,2.80,50,90,60,20,10,30,80,60,100,6.00,4.60,2.21,3.11,2.82,1.30,1.99,3.30,6.50,1.70,2.05,U-Power Stadium (Monza)
1667591100,Nov 04 2022 - 7:45pm,complete,N/A,Udinese,Lecce,Francesco Fourneau,13,1.83,0.67,1.42,1.00,1,1,2,1,0,1,"68","33",3,2,2,0,3,0,2,0,0,3,24,12,7,2,12,7,12,18,57,43,1.61,1.10,2.06,1.01,2.34,50,67,50,25,0,42,92,34,50,9.34,4.83,1.53,4.00,6.00,1.30,1.88,3.30,6.50,1.95,1.80,Dacia Arena (Udine)
1667656800,Nov 05 2022 - 2:00pm,complete,N/A,Empoli,Sassuolo,Ermanno Feliciani,13,0.83,0.83,1.47,0.89,1,0,1,0,0,0,"64","",3,6,2,0,0,0,1,1,0,0,22,14,4,4,14,7,11,11,47,53,1.58,1.78,1.73,1.44,2.25,42,67,50,25,0,42,67,9,75,8.17,5.17,2.85,3.35,2.37,1.22,1.67,2.75,5.00,1.53,2.38,Stadio Carlo Castellani (Empoli)
1667656800,Nov 05 2022 - 2:00pm,complete,N/A,Salernitana,Cremonese,Matteo Marchetti,13,1.67,0.50,1.42,0.58,2,2,4,3,2,1,"3,38","12,89",2,2,2,0,2,0,1,1,2,0,15,17,3,8,10,8,14,10,52,48,1.63,1.60,1.22,1.88,2.84,67,75,59,42,9,50,75,59,83,10.00,5.33,2.03,3.50,3.40,1.30,1.93,3.30,6.50,1.70,2.05,Stadio Arechi (Salerno)
1667667600,Nov 05 2022 - 5:00pm,complete,N/A,Atalanta,Napoli,Maurizio Mariani,13,1.83,2.67,1.74,2.37,1,2,3,3,1,2,"19","23,35",5,2,5,0,1,0,1,4,0,1,26,10,5,6,16,3,10,9,46,54,1.51,1.98,2.10,1.32,2.75,67,75,50,25,17,25,59,42,92,8.66,4.50,2.85,3.55,2.29,1.22,1.70,2.80,5.00,1.62,2.20,Gewiss Stadium (Bergamo)
1667677500,Nov 05 2022 - 7:45pm,complete,N/A,AC Milan,Spezia,Michael Fabbri,13,2.50,0.00,2.26,0.58,2,1,3,1,1,0,"21,89","59",3,6,5,1,4,0,1,5,0,4,35,16,11,6,15,8,12,13,59,41,1.98,1.14,2.79,1.58,3.00,34,84,50,34,25,34,75,50,100,10.50,4.50,1.20,6.75,14.00,1.18,1.55,2.11,4.50,2.10,1.67,Stadio Giuseppe Meazza (Milano)
1667734200,Nov 06 2022 - 11:30am,complete,N/A,Bologna,Torino,Antonio Giua,13,1.50,1.50,1.58,1.63,2,1,3,1,0,1,"64,73","26",3,1,3,0,3,0,1,2,0,3,6,10,4,3,2,5,14,17,56,44,1.55,1.54,0.83,0.91,2.50,75,83,50,17,0,33,67,42,75,9.50,5.50,2.85,3.11,2.53,1.40,2.10,4.20,8.50,1.91,1.91,Stadio Renato Dall'Ara (Bologna)
1667743200,Nov 06 2022 - 2:00pm,complete,N/A,Sampdoria,Fiorentina,Livio Marinelli,13,0.33,0.83,0.53,1.21,0,2,2,1,0,1,"","4,58",4,4,1,0,0,0,1,0,0,0,18,8,2,3,11,4,10,18,48,52,1.14,1.83,1.33,0.99,1.75,42,59,33,0,0,9,67,25,67,10.17,6.00,4.03,3.37,1.91,1.33,2.00,3.60,7.50,1.91,1.91,Stadio Comunale Luigi Ferraris (Genova)
1667743200,Nov 06 2022 - 2:00pm,complete,N/A,Monza,Hellas Verona,Francesco Cosso,13,1.00,0.33,1.37,0.65,2,0,2,0,0,0,"68,90","",5,2,3,0,1,1,2,1,2,0,14,8,4,3,8,4,10,10,76,24,1.43,1.46,1.44,0.92,2.33,59,92,42,0,0,25,67,42,92,9.67,6.33,2.15,3.39,3.25,1.30,1.86,3.40,6.50,1.70,2.05,U-Power Stadium (Monza)
1667754000,Nov 06 2022 - 5:00pm,complete,N/A,Roma,Lazio,Daniele Orsato,13,1.80,2.20,1.89,1.95,0,1,1,1,0,1,"","29",4,2,2,0,3,0,1,1,1,2,10,8,3,4,6,2,18,14,59,41,1.97,1.43,1.34,0.80,2.10,20,60,40,20,0,40,70,10,80,11.40,3.20,2.10,3.50,3.25,1.28,1.95,3.20,6.00,1.70,2.05,Stadio Olimpico (Roma)
1667763900,Nov 06 2022 - 7:45pm,complete,N/A,Juventus,Inter Milan,Daniele Doveri,13,2.33,1.50,2.21,1.58,2,0,2,0,0,0,"52,84","",2,8,1,0,3,0,0,1,0,3,12,18,6,5,5,11,16,13,47,53,1.98,1.87,1.31,1.74,3.67,67,100,84,50,17,42,100,75,100,9.67,4.33,2.48,3.40,2.65,1.33,2.00,3.50,7.00,1.75,2.00,Allianz Stadium (Torino)
1667928600,Nov 08 2022 - 5:30pm,complete,N/A,Napoli,Empoli,Luca Pairetto,14,2.67,1.00,2.37,0.79,2,0,2,0,0,0,"69,88","",5,0,1,0,5,1,0,1,3,3,26,7,5,2,15,4,11,16,75,25,2.45,1.47,2.44,0.62,2.83,50,75,50,50,9,58,75,42,67,12.66,3.00,1.26,6.67,12.63,1.10,1.36,1.85,3.00,1.91,1.91,Stadio Diego Armando Maradona (Napoli)
1667928600,Nov 08 2022 - 5:30pm,complete,N/A,Spezia,Udinese,Marco Piccinini,14,1.50,1.83,1.00,1.00,1,1,2,2,1,1,"33","43",9,0,3,0,3,0,2,1,1,2,26,12,6,4,16,8,12,12,49,51,1.55,1.73,2.20,1.37,2.92,75,75,75,42,9,58,84,34,75,9.50,6.17,3.70,3.68,2.08,1.28,1.83,3.20,6.00,1.80,1.95,Stadio Alberto Picco (La Spezia)
1667936700,Nov 08 2022 - 7:45pm,complete,N/A,Cremonese,AC Milan,Antonio Rapuano,14,0.33,1.83,0.84,1.42,0,0,0,0,0,0,"","",2,4,4,0,3,0,0,4,0,3,9,17,2,6,5,10,16,10,27,73,1.66,1.72,0.80,1.89,2.34,58,67,59,25,9,25,59,33,75,9.83,3.50,5.96,4.19,1.62,1.22,1.62,2.75,5.00,1.80,1.95,Stadio Giovanni Zini (Cremona)
1668015000,Nov 09 2022 - 5:30pm,complete,N/A,Lecce,Atalanta,Gianluca Aureliano,14,0.67,2.67,0.89,1.63,2,1,3,3,2,1,"28,30","40",4,3,1,0,2,0,0,1,0,2,20,19,5,7,12,7,1,0,39,61,1.16,1.51,1.74,1.86,2.00,50,75,17,9,0,17,75,25,75,8.33,6.67,4.70,3.60,1.80,1.30,1.90,3.20,6.00,1.80,1.95,Stadio Comunale Via del Mare (Lecce)
1668015000,Nov 09 2022 - 5:30pm,complete,N/A,Sassuolo,Roma,Giovanni Ayroldi,14,1.67,2.29,1.47,1.42,1,1,2,0,0,0,"85","80",3,2,5,0,3,0,1,4,1,2,18,12,7,5,9,5,14,13,47,53,1.41,1.50,1.82,1.38,2.62,54,69,62,31,9,38,92,40,69,8.14,5.00,3.20,3.70,2.14,1.19,1.70,2.56,4.45,1.57,2.25,MAPEI Stadium - Città del Tricolore (Reggio nell'Emilia)
1668023100,Nov 09 2022 - 7:45pm,complete,N/A,Fiorentina,Salernitana,Federico La Penna,14,1.33,1.00,1.74,0.79,2,1,3,1,1,0,"15,81","55",4,3,0,0,1,0,0,0,0,1,21,6,8,2,11,3,10,11,58,42,2.15,1.41,2.30,0.59,3.08,50,83,50,50,25,50,75,59,75,11.17,5.33,1.53,4.40,5.90,1.22,1.72,1.92,5.00,1.91,1.91,Stadio Artemio Franchi (Firenze)
1668023100,Nov 09 2022 - 7:45pm,complete,N/A,Inter Milan,Bologna,Andrea Colombo,14,2.50,0.67,2.21,1.26,6,1,7,4,3,1,"26,36,42,48,59,76","22",4,4,1,0,5,0,1,0,3,2,15,11,9,5,5,6,10,11,57,43,1.94,1.22,1.81,1.16,3.00,50,92,75,25,9,42,83,58,100,9.00,3.50,1.29,5.80,9.40,1.17,1.52,2.38,3.80,1.95,1.80,Stadio Giuseppe Meazza (Milano)
1668023100,Nov 09 2022 - 7:45pm,complete,N/A,Torino,Sampdoria,Davide Massa,14,1.33,0.67,1.16,0.47,2,0,2,1,1,0,"29,59","",4,3,1,0,3,0,1,0,1,2,12,16,6,2,3,10,14,21,51,49,1.46,1.44,1.30,1.20,2.00,42,58,42,9,0,42,58,17,75,8.16,6.17,1.61,3.90,5.80,1.35,2.04,3.60,7.00,2.05,1.70,Stadio Olimpico Grande Torino (Torino)
1668101400,Nov 10 2022 - 5:30pm,complete,N/A,Hellas Verona,Juventus,Marco Di Bello,14,0.50,1.33,1.11,1.58,0,1,1,0,0,0,"","60",5,4,3,0,2,1,0,3,1,2,19,12,3,4,13,7,14,13,43,57,1.37,1.30,1.65,1.25,2.34,50,58,42,17,9,42,58,25,75,9.67,5.67,8.41,10.24,1.08,1.30,1.94,3.40,6.50,1.80,1.95,Stadio Marc'Antonio Bentegodi (Verona)
1668109500,Nov 10 2022 - 7:45pm,complete,N/A,Lazio,Monza,Alberto Santoro,14,1.86,0.67,1.95,1.37,1,0,1,0,0,0,"69","",4,3,2,0,1,0,0,2,1,0,14,10,4,4,8,6,15,14,47,53,1.51,1.39,1.34,1.19,2.93,45,85,69,38,9,40,86,61,85,8.67,4.79,1.70,3.80,4.75,1.20,1.74,2.65,4.75,1.67,2.10,Stadio Olimpico (Roma)
1668195900,Nov 11 2022 - 7:45pm,complete,N/A,Empoli,Cremonese,Federico Dionisi,15,1.14,0.57,1.47,0.58,2,0,2,0,0,0,"46,88","",4,9,1,0,2,0,0,1,1,1,15,29,7,5,6,17,9,14,50,50,1.60,1.64,1.60,2.27,2.50,65,72,43,36,7,43,64,29,79,9.58,5.57,2.29,3.50,3.10,1.24,1.84,2.85,5.00,1.57,2.25,Stadio Carlo Castellani (Empoli)
1668261600,Nov 12 2022 - 2:00pm,complete,N/A,Napoli,Udinese,Giovanni Ayroldi,15,2.71,1.71,2.37,1.00,3,2,5,2,2,0,"15,31,58","79,82",5,3,2,0,3,0,1,1,2,1,19,14,6,5,9,6,12,13,63,37,2.45,1.68,1.68,1.27,2.86,57,79,57,43,14,57,71,43,64,11.43,3.42,1.30,5.60,9.20,1.18,1.57,2.30,4.33,1.67,2.10,Stadio Diego Armando Maradona (Napoli)
1668272400,Nov 12 2022 - 5:00pm,complete,N/A,Sampdoria,Lecce,Daniele Doveri,15,0.29,0.71,0.53,1.00,0,2,2,1,0,1,"","45'1,83",9,0,2,0,3,0,2,0,1,2,16,18,4,5,10,11,14,19,57,43,1.17,1.08,1.57,1.59,1.93,43,71,29,0,0,22,93,22,57,7.15,5.14,2.70,2.75,2.75,1.50,2.20,4.33,8.50,1.95,1.80,Stadio Comunale Luigi Ferraris (Genova)
1668282300,Nov 12 2022 - 7:45pm,complete,N/A,Bologna,Sassuolo,Ivano Pezzuto,15,1.71,0.71,1.58,0.89,3,0,3,1,1,0,"30,50,78","",4,6,1,0,0,0,1,0,0,0,9,14,5,4,3,7,12,6,52,48,1.45,1.73,1.05,1.31,2.22,50,72,43,15,0,43,57,22,79,9.00,4.72,2.25,3.10,3.00,1.28,1.91,3.10,6.00,1.67,2.10,Stadio Renato Dall'Ara (Bologna)
1668339000,Nov 13 2022 - 11:30am,complete,N/A,Atalanta,Inter Milan,Daniele Chiffi,15,1.57,1.29,1.74,1.58,2,3,5,2,1,1,"25,77","36,56,61",5,4,0,0,3,0,0,0,0,3,23,19,8,5,11,11,10,11,46,54,1.59,1.85,2.00,1.67,3.22,79,93,65,36,15,36,79,65,93,9.14,5.29,2.80,3.50,2.30,1.22,1.58,2.70,5.00,1.57,2.25,Gewiss Stadium (Bergamo)
1668348000,Nov 13 2022 - 2:00pm,complete,N/A,Hellas Verona,Spezia,Fabio Maresca,15,0.43,0.00,1.11,0.58,1,2,3,1,1,0,"30","53,69",2,10,2,0,4,0,1,1,2,2,24,21,6,11,14,8,13,21,44,56,1.41,1.20,2.04,2.23,2.72,43,71,57,22,7,36,71,43,93,10.72,5.29,1.91,3.50,3.75,1.29,1.88,3.00,5.50,1.75,2.00,Stadio Marc'Antonio Bentegodi (Verona)
1668348000,Nov 13 2022 - 2:00pm,complete,N/A,Monza,Salernitana,Antonio Giua,15,1.29,0.86,1.37,0.79,3,0,3,2,2,0,"24,35,75","",6,1,0,0,1,1,0,0,1,1,28,7,9,0,13,6,9,11,57,43,1.43,1.29,2.33,0.65,2.58,50,86,50,22,7,22,57,64,93,8.00,5.00,2.05,3.10,3.80,1.28,1.91,3.12,6.00,1.70,2.05,U-Power Stadium (Monza)
1668348000,Nov 13 2022 - 2:00pm,complete,N/A,Roma,Torino,Antonio Rapuano,15,1.50,1.29,1.89,1.63,1,1,2,0,0,0,"90'4","55",7,0,3,0,2,0,0,3,0,2,14,13,5,3,7,8,13,10,48,52,1.86,1.45,1.49,1.17,2.34,52,60,60,15,0,31,77,29,77,9.54,3.88,1.80,3.50,4.20,1.36,1.89,3.75,7.00,1.95,1.80,Stadio Olimpico (Roma)
1668358800,Nov 13 2022 - 5:00pm,complete,N/A,AC Milan,Fiorentina,Simone Sozza,15,2.57,1.14,2.26,1.21,2,1,3,2,1,1,"2,90'1","28",5,7,1,0,4,0,1,0,0,4,20,15,5,5,9,8,13,11,49,51,2.09,1.71,1.48,1.53,2.71,57,79,50,22,22,29,72,43,86,11.57,5.57,1.81,3.96,4.74,1.29,1.81,3.00,5.50,1.80,1.95,Stadio Giuseppe Meazza (Milano)
1668368700,Nov 13 2022 - 7:45pm,complete,N/A,Juventus,Lazio,Davide Massa,15,2.43,2.33,2.21,1.95,3,0,3,1,1,0,"43,54,89","",2,6,2,0,1,0,2,0,1,0,6,2,4,0,0,0,10,8,41,59,1.89,1.32,0.00,0.00,2.52,23,84,45,31,0,31,85,37,84,9.24,4.19,2.00,3.82,3.92,1.29,1.88,3.00,5.50,1.75,2.00,Allianz Stadium (Torino)
1672831800,Jan 04 2023 - 11:30am,complete,N/A,Salernitana,AC Milan,Francesco Fourneau,16,1.57,1.71,1.42,1.42,1,2,3,2,0,2,"83","10,15",6,2,4,0,1,0,0,4,0,1,11,20,2,13,7,5,21,13,44,56,1.58,1.75,0.97,2.42,2.50,64,71,64,29,0,36,72,43,79,8.57,4.72,7.40,4.56,1.43,1.25,1.74,2.88,5.25,1.91,1.91,Stadio Arechi (Salerno)
1672831800,Jan 04 2023 - 11:30am,complete,N/A,Sassuolo,Sampdoria,Fabio Maresca,16,1.57,0.57,1.47,0.47,1,2,3,2,0,2,"64","25,28",9,1,2,0,3,0,0,2,1,2,24,9,3,5,15,4,16,19,68,32,1.46,1.40,1.74,1.22,2.57,50,79,57,22,7,43,79,36,79,7.15,6.86,1.76,3.80,4.52,1.30,1.90,3.25,6.00,1.91,1.91,MAPEI Stadium - Città del Tricolore (Reggio nell'Emilia)
1672839000,Jan 04 2023 - 1:30pm,complete,N/A,Spezia,Atalanta,Antonio Giua,16,1.43,2.29,1.00,1.63,2,2,4,2,2,0,"8,31","77,90'2",3,8,3,0,3,0,0,3,1,2,10,21,5,5,4,13,11,11,42,58,1.64,1.56,1.18,2.08,2.57,58,79,50,29,0,50,86,22,71,9.14,6.72,4.22,3.72,1.83,1.22,1.90,2.70,5.00,1.70,2.05,Stadio Alberto Picco (La Spezia)
1672839000,Jan 04 2023 - 1:30pm,complete,N/A,Torino,Hellas Verona,Federico Dionisi,16,1.57,0.29,1.16,0.65,1,1,2,1,0,1,"64","45",6,3,1,0,1,0,0,1,0,1,19,12,4,2,7,9,7,17,70,30,1.43,1.39,1.32,1.05,1.86,43,72,22,0,0,22,57,29,79,10.28,6.15,1.88,3.60,4.12,1.33,1.98,3.40,6.50,1.91,1.91,Stadio Olimpico Grande Torino (Torino)
1672846200,Jan 04 2023 - 3:30pm,complete,N/A,Roma,Bologna,Alberto Santoro,16,1.43,0.57,1.89,1.26,1,0,1,1,1,0,"6","",3,3,2,0,3,0,1,1,0,3,19,17,5,2,11,10,10,10,38,62,1.81,1.21,1.51,1.23,2.79,50,72,58,22,15,36,72,50,86,9.14,4.29,1.61,3.85,5.00,1.33,1.88,3.95,8.00,2.00,1.75,Stadio Olimpico (Roma)
1672846200,Jan 04 2023 - 3:30pm,complete,N/A,Lecce,Lazio,Livio Marinelli,16,1.00,2.00,0.89,1.95,2,1,3,1,0,1,"57,71","14",4,3,3,0,2,0,1,2,1,1,15,11,5,3,7,6,16,13,40,60,1.24,1.32,1.52,1.02,2.22,50,79,36,15,0,36,86,22,64,9.29,5.00,4.70,3.65,1.68,1.40,1.96,4.20,8.00,2.00,1.75,Stadio Comunale Via del Mare (Lecce)
1672853400,Jan 04 2023 - 5:30pm,complete,N/A,Cremonese,Juventus,Giovanni Ayroldi,16,0.43,1.57,0.84,1.58,0,1,1,0,0,0,"","90'1",3,8,5,0,3,0,0,5,0,3,17,26,6,9,9,12,12,12,44,56,1.54,1.29,1.72,2.25,1.50,22,36,22,15,7,14,36,15,64,8.71,4.57,4.30,3.55,1.76,1.30,2.00,3.40,6.00,1.95,1.80,Stadio Giovanni Zini (Cremona)
1672853400,Jan 04 2023 - 5:30pm,complete,N/A,Fiorentina,Monza,Ermanno Feliciani,16,1.57,0.57,1.74,1.37,1,1,2,1,1,0,"19","61",9,1,1,0,3,0,0,1,0,3,28,14,7,4,16,8,11,13,53,47,2.17,1.36,2.38,1.27,3.00,43,79,57,36,22,50,86,50,79,10.72,4.43,1.76,3.65,4.20,1.29,1.92,3.10,5.75,1.80,1.95,Stadio Artemio Franchi (Firenze)
1672861500,Jan 04 2023 - 7:45pm,complete,N/A,Inter Milan,Napoli,Simone Sozza,16,2.57,2.71,2.21,2.37,1,0,1,0,0,0,"56","",5,4,3,0,2,0,1,2,0,2,10,11,3,3,7,7,12,7,37,63,1.92,1.89,1.10,1.22,3.22,57,79,71,29,22,50,72,43,86,10.14,2.86,2.34,3.50,2.75,1.22,1.72,2.70,4.75,1.57,2.25,Stadio Giuseppe Meazza (Milano)
1672861500,Jan 04 2023 - 7:45pm,complete,N/A,Udinese,Empoli,Marco Serra,16,1.71,0.86,1.42,0.79,1,1,2,1,0,1,"70","3",8,1,2,0,2,1,1,1,1,2,27,8,4,2,19,5,15,14,60,40,1.67,1.35,2.23,0.80,2.43,50,71,43,36,0,29,72,50,71,9.00,5.29,1.56,3.90,5.40,1.20,1.88,2.70,4.75,1.75,2.00,Dacia Arena (Udine)
1673100000,Jan 07 2023 - 2:00pm,complete,N/A,Fiorentina,Sassuolo,Gianluca Manganiello,17,1.50,0.63,1.74,0.89,2,1,3,0,0,0,"48,90'1","57",6,3,4,0,3,0,1,3,2,1,21,20,5,5,12,11,14,9,53,47,2.20,1.68,1.74,1.56,2.76,44,76,57,32,13,50,76,32,82,10.88,3.63,1.80,3.60,3.90,1.25,1.74,3.00,5.25,1.75,2.00,Stadio Artemio Franchi (Firenze)
1673110800,Jan 07 2023 - 5:00pm,complete,N/A,Juventus,Udinese,Matteo Marchetti,17,2.50,1.50,2.21,1.00,1,0,1,0,0,0,"86","",6,4,1,0,2,0,1,0,0,2,20,17,4,4,13,9,16,13,50,50,1.89,1.63,1.76,1.52,2.88,50,88,63,32,13,38,82,57,82,8.13,4.63,1.75,3.70,4.33,1.28,1.85,3.20,6.00,1.80,1.95,Allianz Stadium (Torino)
1673120700,Jan 07 2023 - 7:45pm,complete,N/A,Monza,Inter Milan,Juan Luca Sacchi,17,1.50,1.50,1.37,1.58,2,2,4,3,1,2,"11,90'3","10,22",3,5,0,0,3,0,0,0,0,3,13,13,7,5,6,8,1,2,54,46,1.54,1.83,1.62,1.50,3.26,63,94,69,32,19,38,69,75,100,9.00,4.63,5.00,4.10,1.57,1.20,1.70,2.70,4.75,1.70,2.05,U-Power Stadium (Monza)
1673177400,Jan 08 2023 - 11:30am,complete,N/A,Salernitana,Torino,Andrea Colombo,17,1.38,1.25,1.42,1.63,1,1,2,1,0,1,"49","36",6,7,2,0,3,0,1,1,1,2,16,29,6,9,6,13,10,15,39,61,1.50,1.42,1.42,2.44,2.88,76,82,75,32,0,38,82,57,88,7.38,5.26,2.94,3.47,2.37,1.36,1.81,3.70,7.25,1.91,1.91,Stadio Arechi (Salerno)
1673186400,Jan 08 2023 - 2:00pm,complete,N/A,Lazio,Empoli,Ivano Pezzuto,17,2.00,0.88,1.95,0.79,2,2,4,1,1,0,"2,54","83,90'3",10,3,4,0,1,0,1,3,0,1,23,5,5,3,15,2,17,10,54,46,1.49,1.28,1.94,0.73,2.44,50,75,44,32,0,25,63,57,82,7.75,5.13,1.57,4.10,5.90,1.25,1.90,2.70,5.25,1.80,1.95,Stadio Olimpico (Roma)
1673186400,Jan 08 2023 - 2:00pm,complete,N/A,Spezia,Lecce,Daniele Chiffi,17,1.38,1.00,1.00,1.00,0,0,0,0,0,0,"","",5,7,0,0,1,0,0,0,0,1,13,20,4,5,9,12,14,15,57,43,1.58,1.15,1.54,1.68,2.57,69,82,50,25,0,63,100,19,63,8.51,5.88,2.65,3.32,2.70,1.39,2.10,3.90,7.75,1.91,1.91,Stadio Alberto Picco (La Spezia)
1673197200,Jan 08 2023 - 5:00pm,complete,N/A,Sampdoria,Napoli,Rosario Abisso,17,0.25,2.38,0.53,2.37,0,2,2,1,0,1,"","19,82",2,5,3,1,2,0,3,1,0,2,8,19,0,5,5,11,15,12,34,66,1.22,1.81,0.44,1.75,2.38,44,69,44,13,13,19,69,32,75,8.38,4.51,8.25,4.60,1.26,1.24,1.70,2.75,5.00,2.00,1.75,Stadio Comunale Luigi Ferraris (Genova)
1673207100,Jan 08 2023 - 7:45pm,complete,N/A,AC Milan,Roma,Davide Massa,17,2.63,2.13,2.26,1.42,2,2,4,1,1,0,"30,77","87,90'3",3,4,4,0,7,0,1,3,4,3,14,15,6,3,6,9,19,13,61,39,2.02,1.49,1.48,1.20,3.07,69,88,63,32,19,44,88,51,88,8.88,4.88,1.64,3.40,4.45,1.29,1.93,3.20,6.00,1.80,1.95,Stadio Giuseppe Meazza (Milano)
1673285400,Jan 09 2023 - 5:30pm,complete,N/A,Hellas Verona,Cremonese,Maurizio Mariani,17,0.38,0.50,1.11,0.58,2,0,2,2,2,0,"9,26","",3,5,3,0,4,0,1,2,1,3,11,16,5,5,5,10,16,11,47,53,1.49,1.71,1.30,1.65,3.07,75,82,63,38,13,57,69,50,88,10.75,5.51,2.23,3.46,3.17,1.30,1.92,3.25,5.50,1.70,2.05,Stadio Marc'Antonio Bentegodi (Verona)
1673293500,Jan 09 2023 - 7:45pm,complete,N/A,Bologna,Atalanta,Marco Di Bello,17,1.88,2.13,1.58,1.63,1,2,3,1,1,0,"6","47,58",4,0,3,0,2,0,0,3,2,0,11,8,3,4,8,4,16,15,48,52,1.40,1.62,1.15,1.22,2.32,51,82,38,13,0,25,69,44,75,9.13,5.88,3.48,3.68,2.02,1.29,1.77,3.00,5.50,1.70,2.05,Stadio Renato Dall'Ara (Bologna)
1673639100,Jan 13 2023 - 7:45pm,complete,N/A,Napoli,Juventus,Daniele Doveri,18,2.75,1.75,2.37,1.58,5,1,6,3,2,1,"14,39,55,65,72","42",2,5,0,0,1,0,0,0,1,0,14,15,9,3,4,8,10,9,57,43,2.35,1.41,1.73,1.19,2.26,32,57,32,32,13,44,50,25,75,11.76,3.76,1.82,3.75,4.45,1.30,1.93,3.25,6.00,1.80,1.95,Stadio Diego Armando Maradona (Napoli)
1673704800,Jan 14 2023 - 2:00pm,complete,N/A,Cremonese,Monza,Davide Massa,18,0.38,0.63,0.84,1.37,2,3,5,2,0,2,"67,83","8,19,55",4,2,2,0,4,0,1,1,2,2,11,9,9,5,2,3,12,12,49,51,1.56,1.35,1.70,1.09,2.19,32,57,44,25,13,26,63,32,76,8.38,4.51,2.60,3.25,2.65,1.35,2.10,3.75,7.50,1.80,1.95,Stadio Giovanni Zini (Cremona)
1673715600,Jan 14 2023 - 5:00pm,complete,N/A,Lecce,AC Milan,Daniele Orsato,18,1.25,1.88,0.89,1.42,2,2,4,2,2,0,"3,23","58,70",8,4,1,0,2,0,0,1,0,2,25,19,5,6,14,10,11,12,36,64,1.28,1.83,1.83,1.78,2.25,82,82,51,7,0,38,76,25,69,8.76,5.01,6.00,3.95,1.57,1.32,2.00,3.51,7.00,2.00,1.75,Stadio Comunale Via del Mare (Lecce)
1673725500,Jan 14 2023 - 7:45pm,complete,N/A,Inter Milan,Hellas Verona,Michael Fabbri,18,2.63,0.38,2.21,0.65,1,0,1,1,1,0,"3","",3,4,0,0,3,0,0,0,0,3,13,9,5,2,6,5,11,13,57,43,1.82,1.34,1.27,0.98,2.63,51,88,44,13,7,38,75,38,94,10.88,4.75,1.23,6.40,11.00,1.15,1.40,2.17,3.73,1.91,1.91,Stadio Giuseppe Meazza (Milano)
1673782200,Jan 15 2023 - 11:30am,complete,N/A,Sassuolo,Lazio,Luca Pairetto,18,1.38,1.75,1.47,1.95,0,2,2,1,0,1,"","45'3,90'4",7,3,5,0,3,0,2,3,2,1,16,15,3,4,9,9,17,10,50,50,1.50,1.28,1.25,1.34,2.51,44,75,57,25,7,32,82,44,75,9.13,5.26,3.51,3.41,1.92,1.25,1.85,2.95,5.50,1.62,2.20,MAPEI Stadium - Città del Tricolore (Reggio nell'Emilia)
1673791200,Jan 15 2023 - 2:00pm,complete,N/A,Torino,Spezia,Davide Ghersini,18,1.50,0.38,1.16,0.58,0,1,1,1,0,1,"","28",7,2,3,0,3,0,1,2,0,3,15,15,6,7,8,8,12,12,67,33,1.42,1.33,1.74,1.65,1.94,32,63,32,7,0,13,63,32,88,10.76,4.63,1.56,3.89,5.72,1.33,1.94,3.60,7.00,2.00,1.75,Stadio Olimpico Grande Torino (Torino)
1673791200,Jan 15 2023 - 2:00pm,complete,N/A,Udinese,Bologna,Manuel Volpi,18,1.63,0.50,1.42,1.26,1,2,3,1,1,0,"10","59,80",6,4,1,0,3,0,0,1,1,2,28,22,5,5,18,13,10,17,51,49,1.74,1.21,2.15,1.77,3.00,63,82,63,38,13,32,88,57,82,8.38,5.26,1.70,3.65,4.17,1.32,1.91,3.40,6.50,1.80,1.95,Dacia Arena (Udine)
1673802000,Jan 15 2023 - 5:00pm,complete,N/A,Atalanta,Salernitana,Gianluca Aureliano,18,1.38,0.75,1.74,0.79,8,2,10,6,5,1,"5,20,23,38,41,54,61,85","10,56",5,2,1,0,0,0,1,0,0,0,21,10,13,3,5,5,10,12,58,42,1.64,1.21,2.38,0.88,2.82,63,88,57,32,13,38,75,51,88,8.01,5.00,1.40,4.75,7.50,1.17,1.60,2.30,4.00,1.80,1.95,Gewiss Stadium (Bergamo)
1673811900,Jan 15 2023 - 7:45pm,complete,N/A,Roma,Fiorentina,Antonio Giua,18,1.63,1.00,1.89,1.21,2,0,2,1,1,0,"40,82","",5,9,3,0,3,1,1,2,2,2,15,13,6,3,8,6,15,12,52,48,1.77,1.68,1.54,0.98,1.76,38,51,32,0,0,25,63,13,69,12.26,4.25,2.00,3.40,3.70,1.30,1.94,3.60,7.00,1.91,1.91,Stadio Olimpico (Roma)
1673898300,Jan 16 2023 - 7:45pm,complete,N/A,Empoli,Sampdoria,Alberto Santoro,18,1.38,0.88,1.47,0.47,1,0,1,0,0,0,"55","",3,3,5,0,6,0,1,4,3,3,17,19,4,11,12,8,15,16,50,50,1.60,1.38,1.57,2.27,2.26,44,76,44,13,0,38,69,19,82,7.25,6.13,2.24,3.10,3.50,1.40,2.14,4.00,8.50,1.95,1.80,Stadio Carlo Castellani (Empoli)
1674309600,Jan 21 2023 - 2:00pm,complete,N/A,Hellas Verona,Lecce,Federico La Penna,19,0.67,1.00,1.11,1.00,2,0,2,1,1,0,"40,54","",5,4,3,0,0,0,2,1,0,0,13,11,6,4,7,6,15,12,42,58,1.47,1.21,1.42,1.43,2.39,56,73,45,11,6,45,84,28,61,8.56,5.22,2.27,3.01,3.01,1.44,2.25,4.50,9.50,1.94,1.88,Stadio Marc'Antonio Bentegodi (Verona)
1674320400,Jan 21 2023 - 5:00pm,complete,N/A,Salernitana,Napoli,Daniele Chiffi,19,1.33,2.44,1.42,2.37,0,2,2,1,0,1,"","45'3,48",3,4,2,0,2,0,0,2,1,1,6,13,3,6,3,5,14,15,26,74,1.49,1.80,0.74,1.58,2.78,62,73,62,28,11,39,73,39,84,8.77,4.45,6.23,4.87,1.43,1.15,1.52,2.19,3.80,1.95,1.80,Stadio Arechi (Salerno)
1674330300,Jan 21 2023 - 7:45pm,complete,N/A,Fiorentina,Torino,Federico Dionisi,19,1.67,1.22,1.74,1.63,0,1,1,1,0,1,"","33",5,3,2,0,2,0,1,1,1,1,24,12,6,5,13,7,9,23,62,38,2.15,1.53,2.11,1.33,2.95,78,89,62,28,11,33,78,56,84,10.23,4.89,1.81,3.64,4.45,1.35,2.00,4.00,8.00,1.95,1.80,Stadio Artemio Franchi (Firenze)
1674387000,Jan 22 2023 - 11:30am,complete,N/A,Sampdoria,Udinese,Maurizio Mariani,19,0.22,1.33,0.53,1.00,0,1,1,0,0,0,"","88",6,6,3,0,1,0,1,2,1,0,12,20,2,6,7,9,15,17,55,45,1.13,1.62,1.01,1.65,2.28,45,73,39,17,11,22,78,33,73,7.67,5.56,3.65,3.30,1.95,1.40,1.99,4.00,8.00,1.95,1.80,Stadio Comunale Luigi Ferraris (Genova)
1674396000,Jan 22 2023 - 2:00pm,complete,N/A,Monza,Sassuolo,Alessandro Prontera,19,1.44,0.56,1.37,0.89,1,1,2,1,0,1,"60","13",10,4,2,0,2,0,0,2,1,1,24,14,4,2,13,12,17,18,62,38,1.55,1.66,1.87,1.22,2.50,39,78,62,17,0,39,56,33,95,8.00,3.67,2.36,2.91,3.10,1.22,1.73,2.95,5.70,1.62,2.20,U-Power Stadium (Monza)
1674406800,Jan 22 2023 - 5:00pm,complete,N/A,Spezia,Roma,Simone Sozza,19,1.33,2.00,1.00,1.42,0,2,2,1,0,1,"","45,49",4,0,3,0,1,0,2,1,0,1,11,18,0,4,8,11,17,11,52,48,1.58,1.45,0.77,1.38,2.73,73,78,62,39,0,56,89,33,73,9.00,5.67,4.35,3.70,1.72,1.30,1.95,3.60,7.00,1.91,1.91,Stadio Alberto Picco (La Spezia)
1674416700,Jan 22 2023 - 7:45pm,complete,N/A,Juventus,Atalanta,Livio Marinelli,19,2.56,2.22,2.21,1.63,3,3,6,3,2,1,"25,34,65","4,46,53",6,4,1,0,2,0,0,1,0,2,17,22,9,5,7,11,9,6,47,53,1.87,1.58,2.00,1.78,2.56,33,84,50,22,0,22,78,50,89,8.22,4.89,2.07,3.50,3.20,1.33,2.04,3.60,7.00,1.80,1.95,Allianz Stadium (Torino)
1674495000,Jan 23 2023 - 5:30pm,complete,N/A,Bologna,Cremonese,Matteo Marchetti,19,1.67,0.44,1.58,0.58,1,1,2,0,0,0,"55","50",4,1,2,0,5,0,0,2,1,4,23,12,10,2,12,9,11,13,68,32,1.37,1.71,2.50,1.09,2.61,67,89,44,22,6,45,67,50,78,10.45,5.45,1.83,3.13,4.20,1.33,2.10,3.40,6.25,1.95,1.80,Stadio Renato Dall'Ara (Bologna)
1674503100,Jan 23 2023 - 7:45pm,complete,N/A,Inter Milan,Empoli,Antonio Rapuano,19,2.67,0.89,2.21,0.79,0,1,1,0,0,0,"","66",2,3,3,1,3,0,2,2,3,0,15,15,2,9,7,4,13,16,49,51,1.76,1.22,1.01,1.62,2.61,45,73,45,28,6,33,73,45,84,9.00,3.78,1.22,5.25,11.00,1.18,1.57,2.45,4.50,2.00,1.75,Stadio Giuseppe Meazza (Milano)
1674589500,Jan 24 2023 - 7:45pm,complete,N/A,Lazio,AC Milan,Marco Di Bello,19,1.89,1.78,1.95,1.42,4,0,4,2,2,0,"4,38,67,75","",3,4,1,0,2,0,1,0,1,1,16,15,7,4,5,7,14,11,50,50,1.54,1.83,1.45,1.18,2.61,67,78,67,33,0,33,67,50,84,9.00,4.55,3.49,3.43,2.04,1.28,1.80,3.12,5.95,1.70,2.05,Stadio Olimpico (Roma)
1674840600,Jan 27 2023 - 5:30pm,complete,N/A,Bologna,Spezia,Luca Massimi,20,1.60,0.67,1.58,0.58,2,0,2,1,1,0,"37,77","",5,5,2,0,2,0,0,2,0,2,22,8,9,5,10,2,8,16,58,42,1.49,1.36,2.10,1.04,2.26,46,79,42,6,0,16,69,52,85,10.14,5.16,1.90,2.80,4.15,1.31,1.87,3.25,6.25,1.80,1.95,Stadio Renato Dall'Ara (Bologna)
1674848700,Jan 27 2023 - 7:45pm,complete,N/A,Lecce,Salernitana,Davide Massa,20,1.22,0.67,0.89,0.79,1,2,3,3,1,2,"23","5,20",4,4,2,0,4,0,0,2,2,2,21,12,5,7,12,5,14,11,60,40,1.34,1.18,1.83,1.57,3.06,73,89,56,28,11,44,84,50,78,8.45,4.89,1.83,3.15,3.75,1.36,1.91,3.75,7.50,1.95,1.80,Stadio Comunale Via del Mare (Lecce)
1674914400,Jan 28 2023 - 2:00pm,complete,N/A,Empoli,Torino,Matteo Marcenaro,20,1.56,1.40,1.47,1.63,2,2,4,1,1,0,"37,69","82,85",5,5,2,0,0,0,0,2,0,0,15,21,5,6,7,11,12,9,47,53,1.60,1.51,1.44,1.86,2.19,57,68,41,16,0,16,62,36,79,7.71,5.49,3.30,3.20,2.15,1.40,2.10,3.80,7.75,1.95,1.80,Stadio Carlo Castellani (Empoli)
1674925200,Jan 28 2023 - 5:00pm,complete,N/A,Cremonese,Inter Milan,Maurizio Mariani,20,0.33,1.44,0.84,1.58,1,2,3,2,1,1,"11","21,65",2,14,0,0,2,0,0,0,2,0,15,40,5,10,10,23,7,12,35,65,1.58,1.79,1.52,3.24,3.11,61,72,67,50,28,39,67,61,84,9.33,4.67,6.20,4.58,1.57,1.20,1.86,2.70,5.00,1.80,1.95,Stadio Giovanni Zini (Cremona)
1674935100,Jan 28 2023 - 7:45pm,complete,N/A,Atalanta,Sampdoria,Daniele Doveri,20,1.56,0.78,1.74,0.47,2,0,2,1,1,0,"42,57","",7,4,0,0,2,0,0,0,0,2,28,20,7,8,14,9,17,11,62,38,1.72,1.48,2.29,1.98,3.00,61,84,56,22,11,50,78,28,89,7.22,6.11,1.48,4.80,7.60,1.22,1.75,2.80,5.00,2.05,1.70,Gewiss Stadium (Bergamo)
1674991800,Jan 29 2023 - 11:30am,complete,N/A,AC Milan,Sassuolo,Antonio Giua,20,2.44,0.60,2.26,0.89,2,5,7,4,1,3,"24,81","19,21,30,47,79",2,3,7,0,5,0,2,5,1,4,14,12,8,8,6,2,13,8,61,39,1.96,1.62,1.81,1.35,3.04,59,85,69,32,17,42,75,44,95,8.88,4.69,1.49,4.65,5.92,1.17,1.51,2.30,4.00,1.70,2.05,Stadio Giuseppe Meazza (Milano)
1675000800,Jan 29 2023 - 2:00pm,complete,N/A,Juventus,Monza,Gianluca Aureliano,20,2.40,0.89,2.21,1.37,0,2,2,2,0,2,"","18,39",12,1,0,0,2,0,0,0,0,2,25,5,10,5,12,0,12,10,46,54,1.89,1.32,2.63,0.83,2.95,37,84,58,32,16,37,85,52,95,8.38,4.26,1.55,4.05,6.14,1.28,1.86,3.20,6.00,1.95,1.80,Allianz Stadium (Torino)
1675011600,Jan 29 2023 - 5:00pm,complete,N/A,Lazio,Fiorentina,Andrea Colombo,20,2.00,0.89,1.95,1.21,1,1,2,1,1,0,"8","49",3,4,2,0,3,0,1,1,1,2,14,21,2,8,11,11,12,17,45,55,1.53,1.61,1.20,2.00,2.40,47,74,52,25,0,26,69,41,84,11.39,5.19,2.15,3.45,3.50,1.33,1.98,3.50,7.00,1.75,2.00,Stadio Olimpico (Roma)
1675021500,Jan 29 2023 - 7:45pm,complete,N/A,Napoli,Roma,Daniele Orsato,20,2.78,2.10,2.37,1.42,2,1,3,1,1,0,"17,86","75",3,8,1,0,2,0,0,1,1,1,13,16,7,5,5,8,8,14,57,43,2.28,1.45,1.56,1.45,3.14,58,85,59,49,17,54,84,48,79,10.06,3.28,1.76,3.85,4.70,1.30,1.94,3.40,6.50,1.91,1.91,Stadio Diego Armando Maradona (Napoli)
1675107900,Jan 30 2023 - 7:45pm,complete,N/A,Udinese,Hellas Verona,Luca Pairetto,20,1.44,0.33,1.42,0.65,1,1,2,2,1,1,"21","4",14,6,1,0,3,0,1,0,2,1,38,16,9,4,17,8,9,11,55,45,1.79,1.30,2.69,1.36,2.34,62,84,39,17,0,22,84,39,78,10.44,5.66,1.68,3.72,4.10,1.30,1.89,3.40,6.50,1.80,1.95,Dacia Arena (Udine)
1675519200,Feb 04 2023 - 2:00pm,complete,N/A,Cremonese,Lecce,Daniele Orsato,21,0.30,0.90,0.84,1.00,0,2,2,0,0,0,"","58,69",4,8,1,0,2,0,1,0,0,2,16,11,5,5,7,5,12,15,58,42,1.57,1.23,1.37,1.37,2.00,40,60,35,15,10,30,70,20,60,7.90,4.00,2.48,3.25,2.95,1.44,2.10,4.38,9.00,1.95,1.80,Stadio Giovanni Zini (Cremona)
1675530000,Feb 04 2023 - 5:00pm,complete,N/A,Roma,Empoli,Federico Dionisi,21,1.78,1.10,1.89,0.79,2,0,2,2,2,0,"2,6","",7,7,2,0,1,0,1,1,0,1,16,14,7,4,6,8,10,18,41,59,1.75,1.26,1.50,1.53,1.99,36,57,26,15,0,21,64,31,74,9.16,4.37,1.49,4.40,6.60,1.30,1.85,3.30,6.50,2.05,1.70,Stadio Olimpico (Roma)
1675539900,Feb 04 2023 - 7:45pm,complete,N/A,Sassuolo,Atalanta,Matteo Marcenaro,21,1.22,2.10,1.47,1.63,1,0,1,0,0,0,"55","",2,7,5,0,1,2,1,4,2,1,26,7,9,2,11,5,12,13,54,46,1.47,1.60,2.13,1.03,2.68,53,79,53,26,11,32,79,47,79,8.58,6.33,3.50,3.60,2.00,1.19,1.60,2.35,4.33,1.50,2.50,MAPEI Stadium - Città del Tricolore (Reggio nell'Emilia)
1675596600,Feb 05 2023 - 11:30am,complete,N/A,Spezia,Napoli,Marco Di Bello,21,1.20,2.50,1.00,2.37,0,3,3,0,0,0,"","47,68,73",3,6,3,0,2,0,1,2,1,1,11,18,3,6,6,8,19,18,31,69,1.50,1.78,0.96,1.75,2.70,60,75,55,30,10,50,75,25,75,9.40,4.90,6.46,4.57,1.44,1.20,1.80,2.70,5.00,1.95,1.80,Stadio Alberto Picco (La Spezia)
1675605600,Feb 05 2023 - 2:00pm,complete,N/A,Torino,Udinese,Alessandro Prontera,21,1.33,1.50,1.16,1.00,1,0,1,0,0,0,"49","",6,5,1,0,2,0,0,1,0,2,18,16,6,4,10,9,13,8,56,44,1.46,1.62,1.80,1.44,1.97,47,52,31,15,10,26,58,26,69,9.21,4.72,2.33,3.07,3.21,1.38,2.09,3.75,8.00,1.91,1.91,Stadio Olimpico Grande Torino (Torino)
1675616400,Feb 05 2023 - 5:00pm,complete,N/A,Fiorentina,Bologna,Luca Pairetto,21,1.50,0.78,1.74,1.26,1,2,3,2,1,1,"19","14,47",5,3,2,0,4,0,1,1,1,3,19,14,7,7,10,5,11,25,62,38,2.14,1.28,2.09,1.42,3.17,64,85,64,32,21,37,85,64,80,9.62,5.09,1.73,3.60,4.80,1.32,1.91,3.80,7.50,1.95,1.80,Stadio Artemio Franchi (Firenze)
1675626300,Feb 05 2023 - 7:45pm,complete,N/A,Inter Milan,AC Milan,Davide Massa,21,2.40,1.60,2.21,1.42,1,0,1,1,1,0,"34","",8,0,2,0,5,0,0,2,1,4,22,5,7,0,11,5,13,14,64,36,1.68,1.76,2.15,0.48,2.60,50,70,60,25,5,45,70,35,85,9.30,3.50,2.20,3.40,3.20,1.28,1.80,3.20,6.00,1.70,2.05,Stadio Giuseppe Meazza (Milano)
1675704600,Feb 06 2023 - 5:30pm,complete,N/A,Hellas Verona,Lazio,Giovanni Ayroldi,21,0.90,1.89,1.11,1.95,1,1,2,1,0,1,"51","45",6,5,4,0,1,0,2,2,1,0,20,14,5,4,12,8,16,12,36,64,1.46,1.29,1.71,1.39,2.62,41,79,52,21,5,36,85,37,79,9.24,5.12,3.55,3.50,1.99,1.35,1.95,3.60,7.00,1.91,1.91,Stadio Marc'Antonio Bentegodi (Verona)
1675712700,Feb 06 2023 - 7:45pm,complete,11950,Monza,Sampdoria,Daniele Chiffi,21,1.40,0.70,1.37,0.47,2,2,4,2,1,1,"32,90'9","12,58",9,3,2,0,4,0,0,2,1,3,23,14,6,5,12,5,12,12,72,28,1.58,1.53,2.15,1.12,2.45,45,85,50,10,0,40,70,25,95,7.60,5.50,1.85,3.45,4.20,1.35,2.10,3.60,7.00,1.95,1.80,U-Power Stadium (Monza)
1675799100,Feb 07 2023 - 7:45pm,complete,N/A,Salernitana,Juventus,Antonio Rapuano,21,1.20,1.56,1.42,1.58,0,3,3,2,0,2,"","26,45,47",6,3,1,0,1,0,1,0,1,0,6,11,0,5,3,3,9,12,53,47,1.42,1.39,0.33,0.99,2.19,41,57,36,21,6,31,62,26,84,8.87,5.17,5.96,3.97,1.54,1.30,1.97,3.20,6.00,1.95,1.80,Stadio Arechi (Salerno)
1676058300,Feb 10 2023 - 7:45pm,complete,N/A,AC Milan,Torino,Giovanni Ayroldi,22,2.20,1.36,2.26,1.63,1,0,1,0,0,0,"62","",3,8,1,0,4,0,1,0,1,3,10,18,4,4,5,10,10,20,46,54,1.94,1.54,1.06,1.47,3.37,81,91,72,39,20,34,86,63,91,8.23,5.66,1.62,3.50,4.55,1.35,1.86,3.75,7.50,1.91,1.91,Stadio Giuseppe Meazza (Milano)
1676124000,Feb 11 2023 - 2:00pm,complete,N/A,Empoli,Spezia,Antonio Giua,22,1.50,0.60,1.47,0.58,2,2,4,2,0,2,"71,90'4","25,31",7,3,1,1,4,1,2,0,3,2,29,12,9,5,16,6,10,12,65,35,1.58,1.33,2.62,1.25,2.10,30,65,35,15,0,10,65,35,85,9.60,5.30,2.05,3.20,3.25,1.33,2.10,3.60,7.00,1.80,1.95,Stadio Carlo Castellani (Empoli)
1676134800,Feb 11 2023 - 5:00pm,complete,N/A,Lecce,Roma,Gianluca Aureliano,22,1.10,1.91,0.89,1.42,1,1,2,2,1,1,"7","17",3,7,4,0,1,0,1,3,1,0,13,15,5,6,6,7,24,8,45,55,1.39,1.45,1.35,1.56,2.57,77,86,53,19,0,39,91,38,71,8.61,5.05,3.70,3.10,1.97,1.45,2.45,4.50,9.50,2.05,1.70,Stadio Comunale Via del Mare (Lecce)
1676144700,Feb 11 2023 - 7:45pm,complete,N/A,Lazio,Atalanta,Daniele Orsato,22,1.91,1.91,1.95,1.63,0,2,2,1,0,1,"","23,65",5,7,1,0,2,0,1,0,0,2,19,30,6,11,8,13,12,14,60,40,1.50,1.55,1.71,2.68,2.73,50,78,55,36,5,27,73,55,87,8.45,5.45,2.40,3.50,2.90,1.28,1.81,3.20,6.00,1.67,2.10,Stadio Olimpico (Roma)
1676201400,Feb 12 2023 - 11:30am,complete,N/A,Udinese,Sassuolo,Ivano Pezzuto,22,1.40,0.82,1.42,0.89,2,2,4,4,2,2,"1,28","6,45'2",10,7,2,0,2,0,0,2,1,1,25,9,8,3,12,5,12,8,47,53,1.88,1.59,2.13,0.99,2.66,58,77,57,29,5,38,77,34,81,10.20,4.19,2.05,3.45,3.61,1.28,1.80,3.10,6.00,1.70,2.05,Dacia Arena (Udine)
1676210400,Feb 12 2023 - 2:00pm,complete,N/A,Bologna,Monza,Luca Zufferli,22,1.73,1.10,1.58,1.37,0,1,1,1,0,1,"","25",3,2,1,0,4,0,0,1,1,3,15,7,5,6,9,1,15,18,63,37,1.54,1.27,1.96,0.97,2.54,52,86,43,15,10,34,77,48,81,8.23,5.05,2.20,3.30,3.36,1.38,2.06,4.00,8.00,1.91,1.91,Stadio Renato Dall'Ara (Bologna)
1676221200,Feb 12 2023 - 5:00pm,complete,N/A,Juventus,Fiorentina,Michael Fabbri,22,2.18,0.90,2.21,1.21,1,0,1,1,1,0,"34","",5,6,5,0,2,0,2,3,1,1,13,17,6,4,5,9,11,17,44,56,1.96,1.65,1.34,1.48,2.41,39,81,43,14,5,28,76,33,86,11.87,4.45,4.20,4.96,1.58,1.35,1.96,3.75,7.50,1.91,1.91,Allianz Stadium (Torino)
1676231100,Feb 12 2023 - 7:45pm,complete,N/A,Napoli,Cremonese,Luca Massimi,22,2.80,0.50,2.37,0.58,3,0,3,1,1,0,"21,65,79","",9,7,0,0,2,0,0,0,1,1,15,9,10,2,5,5,7,7,66,34,2.21,1.65,2.09,0.89,3.20,65,90,55,50,20,65,70,55,80,11.40,3.80,1.22,6.95,11.00,1.13,1.43,2.02,3.60,2.05,1.70,Stadio Diego Armando Maradona (Napoli)
1676309400,Feb 13 2023 - 5:30pm,complete,N/A,Hellas Verona,Salernitana,Paolo Valeri,22,0.91,0.90,1.11,0.79,1,0,1,1,1,0,"31","",5,1,2,0,3,0,0,2,1,2,20,11,8,4,9,6,14,21,37,63,1.49,1.22,1.90,1.24,3.21,62,86,63,29,15,48,81,48,81,8.61,5.40,1.97,2.99,4.65,1.33,1.97,3.40,6.50,1.91,1.91,Stadio Marc'Antonio Bentegodi (Verona)
1676317500,Feb 13 2023 - 7:45pm,complete,N/A,Sampdoria,Inter Milan,Fabio Maresca,22,0.20,1.60,0.53,1.58,0,0,0,0,0,0,"","",3,7,3,0,1,0,0,3,0,1,4,17,2,3,0,6,1,0,35,65,1.12,1.94,0.34,0.89,2.90,55,85,55,30,15,30,85,50,90,9.90,5.40,6.91,4.56,1.44,1.29,1.83,3.00,5.50,2.05,1.70,Stadio Comunale Luigi Ferraris (Genova)
1676663100,Feb 17 2023 - 7:45pm,complete,N/A,Sassuolo,Napoli,Andrea Colombo,23,1.40,2.55,1.47,2.37,0,2,2,2,0,2,"","12,33",1,3,2,0,2,0,1,1,0,2,12,16,3,5,6,8,12,10,40,60,1.54,1.77,1.12,1.59,2.57,48,72,53,19,14,29,63,38,81,9.05,5.41,6.00,4.60,1.58,1.18,1.60,2.50,4.50,1.75,2.00,MAPEI Stadium - Città del Tricolore (Reggio nell'Emilia)
1676728800,Feb 18 2023 - 2:00pm,complete,N/A,Sampdoria,Bologna,Massimiliano Irrati,23,0.27,1.00,0.53,1.26,1,2,3,1,0,1,"68","27,90",1,8,3,0,1,0,2,1,0,1,10,13,5,6,3,3,13,13,40,60,1.05,1.29,1.11,1.27,2.52,44,77,49,15,10,20,82,44,82,7.11,5.91,3.10,3.25,2.38,1.48,2.30,4.10,8.50,1.95,1.80,Stadio Comunale Luigi Ferraris (Genova)
1676739600,Feb 18 2023 - 5:00pm,complete,N/A,Monza,AC Milan,Antonio Rapuano,23,1.36,1.45,1.37,1.42,0,1,1,1,0,1,"","31",10,3,4,0,2,0,1,3,1,1,12,15,6,9,3,5,10,18,59,41,1.64,1.64,1.41,1.78,2.55,60,82,60,23,0,41,69,41,87,8.82,4.27,3.90,3.40,2.00,1.30,2.00,3.60,7.00,1.80,1.95,U-Power Stadium (Monza)
1676749500,Feb 18 2023 - 7:45pm,complete,N/A,Inter Milan,Udinese,Federico Dionisi,23,2.45,1.36,2.21,1.00,3,1,4,2,1,1,"20,73,89","43",3,8,2,0,2,0,2,0,1,1,20,10,8,2,4,4,14,14,59,41,1.73,1.61,1.87,0.82,2.41,41,55,45,23,14,36,64,32,78,9.45,3.90,1.49,4.42,6.50,1.22,1.72,2.75,5.00,1.91,1.91,Stadio Giuseppe Meazza (Milano)
1676806200,Feb 19 2023 - 11:30am,complete,N/A,Atalanta,Lecce,Marco Piccinini,23,1.70,1.09,1.74,1.00,1,2,3,1,0,1,"87","4,74",6,1,3,0,3,0,2,1,0,3,21,5,11,3,6,2,10,12,70,30,1.78,1.24,2.57,0.76,2.61,53,82,34,15,10,34,81,29,73,8.68,4.19,1.48,4.40,6.80,1.25,1.73,2.85,5.50,1.95,1.80,Gewiss Stadium (Bergamo)
1676815200,Feb 19 2023 - 2:00pm,complete,N/A,Fiorentina,Empoli,Alessandro Prontera,23,1.36,1.00,1.74,0.79,1,1,2,1,0,1,"85","28",13,1,1,0,5,0,0,1,2,3,8,2,2,2,6,0,10,15,61,39,2.14,1.28,1.31,0.40,2.59,55,78,41,27,9,36,73,45,73,10.18,4.73,1.64,4.10,5.20,1.24,1.75,2.90,5.20,1.80,1.95,Stadio Artemio Franchi (Firenze)
1676815200,Feb 19 2023 - 2:00pm,complete,N/A,Salernitana,Lazio,Rosario Abisso,23,1.09,1.80,1.42,1.95,0,2,2,0,0,0,"","60,69",2,9,4,1,1,0,0,5,1,0,10,22,3,8,5,7,10,7,35,65,1.32,1.30,0.89,1.96,2.52,43,81,52,24,0,33,91,33,86,8.86,4.46,5.00,4.00,1.67,1.28,1.70,3.00,5.75,1.80,1.95,Stadio Arechi (Salerno)
1676826000,Feb 19 2023 - 5:00pm,complete,N/A,Spezia,Juventus,Federico La Penna,23,1.09,1.70,1.00,1.58,0,2,2,1,0,1,"","32,66",7,4,2,0,2,0,1,1,1,1,19,16,8,4,3,9,10,8,58,42,1.45,1.35,1.70,1.32,2.27,42,61,42,23,5,47,61,19,77,9.32,5.50,5.50,3.60,1.67,1.32,2.03,3.50,7.00,2.00,1.75,Stadio Alberto Picco (La Spezia)
1676835900,Feb 19 2023 - 7:45pm,complete,N/A,Roma,Hellas Verona,Simone Sozza,23,1.90,0.40,1.89,0.65,1,0,1,1,1,0,"45","",5,1,1,0,2,0,1,0,2,0,10,8,6,2,0,2,15,19,46,54,1.72,1.31,1.17,0.68,1.90,40,70,20,0,0,30,75,20,65,10.90,5.10,1.55,3.80,6.50,1.38,2.04,3.93,7.85,2.10,1.67,Stadio Olimpico (Roma)
1676922300,Feb 20 2023 - 7:45pm,complete,N/A,Torino,Cremonese,Giacomo Camplone,23,1.50,0.45,1.16,0.58,2,2,4,1,1,0,"41,79","54,74",5,1,3,0,1,0,0,3,0,1,17,12,7,3,7,7,9,12,63,37,1.49,1.58,1.80,1.13,2.11,47,66,28,18,5,33,57,33,76,10.56,5.01,1.67,3.80,5.30,1.38,2.06,3.90,8.00,2.00,1.75,Stadio Olimpico Grande Torino (Torino)
1677344400,Feb 25 2023 - 5:00pm,complete,N/A,Empoli,Napoli,Giovanni Ayroldi,24,1.45,2.58,1.47,2.37,0,2,2,2,0,2,"","17,28",4,13,2,0,1,1,1,1,0,2,12,26,3,8,6,13,10,9,46,54,1.68,1.76,1.05,2.42,2.43,44,70,43,22,9,26,57,35,79,8.87,4.74,5.75,4.25,1.41,1.20,1.70,2.65,4.70,1.91,1.91,Stadio Carlo Castellani (Empoli)
1677354300,Feb 25 2023 - 7:45pm,complete,N/A,Lecce,Sassuolo,Niccolò Baroni,24,1.09,0.83,0.89,0.89,0,1,1,0,0,0,"","65",4,7,2,0,2,0,1,1,2,0,23,8,2,4,16,4,17,7,41,59,1.38,1.54,1.67,1.03,2.69,71,83,56,21,4,53,79,26,69,8.80,4.81,2.50,3.20,2.90,1.33,1.80,3.60,7.50,1.80,1.95,Stadio Comunale Via del Mare (Lecce)
1677411000,Feb 26 2023 - 11:30am,complete,N/A,Bologna,Inter Milan,Daniele Orsato,24,1.58,1.55,1.58,1.58,1,0,1,0,0,0,"76","",1,6,1,0,2,0,0,1,1,1,17,17,7,5,7,9,7,14,48,52,1.58,1.84,1.64,1.60,2.91,70,87,58,28,14,36,75,62,83,10.58,4.78,5.00,3.70,1.65,1.33,1.91,3.60,7.00,1.95,1.80,Stadio Renato Dall'Ara (Bologna)
1677420000,Feb 26 2023 - 2:00pm,complete,N/A,Salernitana,Monza,Livio Marinelli,24,1.00,1.27,1.42,1.37,3,0,3,0,0,0,"51,65,71","",1,3,2,0,3,1,1,1,0,4,15,18,5,4,8,12,12,16,38,62,1.28,1.24,1.38,1.64,2.66,43,78,52,26,9,44,87,39,83,7.53,5.22,3.30,3.40,2.10,1.33,2.05,3.60,7.00,1.75,2.00,Stadio Arechi (Salerno)
1677430800,Feb 26 2023 - 5:00pm,complete,N/A,Udinese,Spezia,Matteo Marchetti,24,1.36,0.64,1.42,0.58,2,2,4,2,1,1,"22,55","6,72",5,2,2,0,2,0,0,2,0,2,22,14,7,3,11,8,11,16,48,52,1.90,1.33,2.01,1.19,2.50,50,78,50,27,0,27,87,41,78,11.73,4.82,1.72,4.06,5.30,1.28,1.93,3.20,6.00,1.91,1.91,Dacia Arena (Udine)
1677440700,Feb 26 2023 - 7:45pm,complete,N/A,AC Milan,Atalanta,Maurizio Mariani,24,2.27,2.00,2.26,1.63,2,0,2,1,1,0,"25,86","",4,3,3,0,1,0,1,2,1,0,15,9,5,0,9,5,11,11,48,52,1.86,1.64,1.51,0.63,3.16,58,83,58,35,22,35,79,53,92,8.69,6.17,2.20,3.30,3.30,1.30,1.90,3.25,6.00,1.70,2.05,Stadio Giuseppe Meazza (Milano)
1677519000,Feb 27 2023 - 5:30pm,complete,N/A,Hellas Verona,Fiorentina,Federico La Penna,24,1.08,0.82,1.11,1.21,0,3,3,2,0,2,"","12,38,89",4,2,3,0,3,0,2,1,2,1,17,22,4,8,10,9,15,11,47,53,1.52,1.63,1.45,1.92,2.25,52,70,39,9,4,30,78,21,74,11.47,5.74,3.50,3.30,2.10,1.40,2.10,4.00,8.00,1.95,1.80,Stadio Marc'Antonio Bentegodi (Verona)
1677527100,Feb 27 2023 - 7:45pm,complete,N/A,Lazio,Sampdoria,Andrea Colombo,24,1.75,0.73,1.95,0.47,1,0,1,0,0,0,"80","",8,3,2,0,2,0,0,2,0,2,22,12,5,3,12,6,10,13,57,43,1.52,1.49,1.85,1.07,2.65,48,83,57,30,0,40,79,38,92,7.51,5.81,1.40,4.33,7.50,1.30,1.98,3.40,6.50,2.10,1.67,Stadio Olimpico (Roma)
1677605400,Feb 28 2023 - 5:30pm,complete,N/A,Cremonese,Roma,Marco Piccinini,24,0.27,1.83,0.84,1.42,2,1,3,1,1,0,"17,83","71",3,3,3,0,2,0,1,2,0,2,9,15,3,4,4,8,17,11,34,66,1.55,1.46,0.85,1.46,2.38,52,69,48,26,9,30,69,39,74,8.26,4.15,5.11,3.60,1.72,1.40,2.16,4.20,8.50,2.05,1.70,Stadio Giovanni Zini (Cremona)
1677613500,Feb 28 2023 - 7:45pm,complete,N/A,Juventus,Torino,Daniele Chiffi,24,2.25,1.25,2.21,1.63,4,2,6,4,2,2,"16,45'1,71,80","2,43",3,7,0,0,2,0,0,0,0,2,14,8,7,4,6,4,5,13,42,58,1.90,1.54,1.53,1.14,2.67,50,79,54,25,4,25,79,50,83,9.33,4.33,1.75,3.52,4.72,1.40,2.18,4.20,8.50,2.05,1.70,Allianz Stadium (Torino)
1677872700,Mar 03 2023 - 7:45pm,complete,N/A,Napoli,Lazio,Luca Pairetto,25,2.82,1.91,2.37,1.95,0,1,1,0,0,0,"","67",8,3,2,0,2,0,0,2,1,1,15,6,3,3,4,1,13,8,65,35,2.20,1.37,1.11,0.60,2.91,41,87,55,37,14,41,82,50,82,11.36,2.73,1.52,3.92,5.20,1.25,1.81,3.00,5.25,1.80,1.95,Stadio Diego Armando Maradona (Napoli)
1677938400,Mar 04 2023 - 2:00pm,complete,N/A,Monza,Empoli,Ermanno Feliciani,25,1.25,1.00,1.37,0.79,2,1,3,1,1,0,"19,67","51",1,8,2,0,3,0,1,1,2,1,16,22,4,5,9,14,10,12,43,57,1.62,1.21,1.31,2.06,2.38,50,79,38,21,0,29,67,42,84,9.00,4.83,2.15,3.30,3.65,1.28,1.90,3.30,7.00,1.80,1.95,U-Power Stadium (Monza)
1677949200,Mar 04 2023 - 5:00pm,complete,N/A,Atalanta,Udinese,Davide Ghersini,25,1.55,1.25,1.74,1.00,0,0,0,0,0,0,"","",12,3,2,0,3,0,2,0,2,1,18,6,6,2,8,3,12,14,67,33,1.85,1.54,2.13,0.70,2.93,66,75,53,30,18,39,70,44,83,9.14,4.60,1.65,4.00,5.00,1.22,1.79,2.85,5.00,1.80,1.95,Gewiss Stadium (Bergamo)
1677959100,Mar 04 2023 - 7:45pm,complete,N/A,Fiorentina,AC Milan,Marco Di Bello,25,1.33,1.58,1.74,1.42,2,1,3,0,0,0,"49,87","90'5",11,5,3,0,3,0,1,2,2,1,22,9,9,7,9,2,12,17,48,52,2.07,1.66,2.15,1.24,2.58,63,75,54,25,9,42,79,38,71,10.66,4.41,2.85,3.25,2.55,1.38,1.86,3.75,8.00,1.80,1.95,Stadio Artemio Franchi (Firenze)
1678015800,Mar 05 2023 - 11:30am,complete,N/A,Spezia,Hellas Verona,Daniele Doveri,25,1.00,0.36,1.00,0.65,0,0,0,0,0,0,"","",9,5,2,1,1,0,0,3,0,1,21,12,5,4,11,7,6,7,69,31,1.47,1.25,1.91,1.26,2.34,57,83,38,17,0,43,83,26,70,9.82,6.19,2.69,3.19,2.62,1.42,2.07,4.20,8.50,1.95,1.80,Stadio Alberto Picco (La Spezia)
1678024800,Mar 05 2023 - 2:00pm,complete,N/A,Sampdoria,Salernitana,Davide Massa,25,0.25,0.82,0.53,0.79,0,0,0,0,0,0,"","",2,6,3,0,4,0,2,1,1,3,10,11,4,5,5,4,18,13,56,44,1.06,1.22,1.07,1.06,2.56,40,75,45,18,9,23,79,40,74,7.12,5.37,2.03,3.37,3.57,1.33,2.05,3.80,7.00,1.91,1.91,Stadio Comunale Luigi Ferraris (Genova)
1678035600,Mar 05 2023 - 5:00pm,complete,N/A,Inter Milan,Lecce,Gianluca Manganiello,25,2.50,1.25,2.21,1.00,2,0,2,1,1,0,"29,53","",6,4,0,0,0,0,0,0,0,0,20,14,6,2,11,10,10,11,63,37,1.74,1.20,1.84,1.12,2.25,38,67,38,13,4,34,79,29,71,9.00,3.67,1.29,5.30,11.00,1.25,1.75,2.85,5.00,2.20,1.62,Stadio Giuseppe Meazza (Milano)
1678045500,Mar 05 2023 - 7:45pm,complete,N/A,Roma,Juventus,Fabio Maresca,25,2.00,1.82,1.89,1.58,1,0,1,0,0,0,"53","",2,6,3,0,2,1,1,2,1,2,10,21,3,6,5,9,11,10,41,59,1.67,1.34,0.99,1.72,1.73,18,45,18,5,5,27,59,9,69,10.09,4.09,2.43,3.10,3.15,1.52,2.55,4.30,9.50,2.00,1.75,Stadio Olimpico (Roma)
1678123800,Mar 06 2023 - 5:30pm,complete,N/A,Sassuolo,Cremonese,Francesco Fourneau,25,1.27,0.50,1.47,0.58,3,2,5,2,2,0,"26,41,90'2","62,83",4,3,1,0,4,0,0,1,1,3,14,14,8,7,5,6,11,9,54,46,1.50,1.54,1.72,1.63,2.64,56,83,48,30,9,43,70,47,78,9.18,6.11,1.81,3.90,4.30,1.32,1.96,3.50,6.50,1.80,1.95,MAPEI Stadium - Città del Tricolore (Reggio nell'Emilia)
1678131900,Mar 06 2023 - 7:45pm,complete,N/A,Torino,Bologna,Antonio Rapuano,25,1.45,1.18,1.16,1.26,1,0,1,1,1,0,"22","",3,3,2,0,2,0,0,2,0,2,17,16,4,2,9,9,9,10,43,57,1.52,1.29,1.49,1.10,2.50,55,68,50,18,9,23,73,46,82,8.82,5.00,2.27,3.10,3.55,1.53,2.35,4.33,8.50,2.00,1.75,Stadio Olimpico Grande Torino (Torino)
1678477500,Mar 10 2023 - 7:45pm,complete,N/A,Spezia,Inter Milan,Livio Marinelli,26,1.00,1.42,1.00,1.58,2,1,3,0,0,0,"55,87","83",1,13,3,0,0,0,2,1,0,0,5,35,3,9,1,20,11,9,31,69,1.50,1.82,0.67,3.17,2.94,65,80,65,41,13,52,76,45,81,11.31,5.33,7.00,4.20,1.40,1.25,1.78,2.80,5.25,2.00,1.75,Stadio Alberto Picco (La Spezia)
1678543200,Mar 11 2023 - 2:00pm,complete,N/A,Empoli,Udinese,Francesco Cosso,26,1.33,1.23,1.47,1.00,0,1,1,0,0,0,"","54",11,5,2,0,4,0,1,1,2,2,18,15,4,5,8,6,12,13,62,38,1.62,1.48,1.46,1.34,2.24,48,61,40,28,8,32,56,36,72,8.80,5.21,2.95,3.30,2.45,1.32,1.95,3.40,6.50,1.70,2.05,Stadio Carlo Castellani (Empoli)
1678554000,Mar 11 2023 - 5:00pm,complete,N/A,Napoli,Atalanta,Andrea Colombo,26,2.58,1.85,2.37,1.63,2,0,2,0,0,0,"60,77","",10,4,1,0,2,0,1,0,2,0,22,7,7,4,11,3,12,11,60,40,2.11,1.56,2.05,0.98,2.94,44,80,53,37,17,41,76,48,84,10.81,3.75,1.68,4.00,4.80,1.25,1.67,3.00,5.50,1.80,1.95,Stadio Diego Armando Maradona (Napoli)
1678563900,Mar 11 2023 - 7:45pm,complete,N/A,Bologna,Lazio,Fabio Maresca,26,1.69,2.00,1.58,1.95,0,0,0,0,0,0,"","",5,2,2,0,3,0,2,0,2,1,22,9,3,3,13,4,11,8,54,46,1.58,1.30,1.46,0.99,2.13,40,76,32,9,0,16,69,40,80,9.06,4.31,3.10,3.25,2.25,1.42,1.95,4.33,9.00,1.95,1.80,Stadio Renato Dall'Ara (Bologna)
1678620600,Mar 12 2023 - 11:30am,complete,N/A,Lecce,Torino,Juan Luca Sacchi,26,1.00,1.15,0.89,1.63,0,2,2,2,0,2,"","20,23",9,1,3,0,3,0,3,0,3,0,14,5,2,3,5,2,16,17,55,45,1.41,1.51,1.03,0.94,2.59,80,80,52,20,4,37,80,40,72,8.81,5.13,2.93,2.70,2.40,1.57,2.55,5.00,11.00,2.20,1.62,Stadio Comunale Via del Mare (Lecce)
1678629600,Mar 12 2023 - 2:00pm,complete,N/A,Cremonese,Fiorentina,Matteo Marcenaro,26,0.50,1.00,0.84,1.21,0,2,2,1,0,1,"","27,50",1,6,1,0,2,0,0,1,0,2,19,13,5,6,11,5,10,17,47,53,1.49,1.65,1.70,1.33,2.09,42,63,42,13,9,25,63,25,75,10.17,4.75,4.00,3.25,1.75,1.32,2.02,3.30,6.50,1.91,1.91,Stadio Giovanni Zini (Cremona)
1678629600,Mar 12 2023 - 2:00pm,complete,N/A,Hellas Verona,Monza,Marco Piccinini,26,1.00,1.17,1.11,1.37,1,1,2,0,0,0,"51","55",7,2,2,0,0,0,0,2,0,0,5,11,3,4,1,6,17,12,39,61,1.52,1.28,0.73,1.08,2.68,44,76,52,20,13,44,84,37,76,8.18,5.67,2.41,2.94,2.68,1.41,2.20,4.00,8.25,1.95,1.80,Stadio Marc'Antonio Bentegodi (Verona)
1678640400,Mar 12 2023 - 5:00pm,complete,N/A,Roma,Sassuolo,Michael Fabbri,26,2.08,1.00,1.89,0.89,3,4,7,4,1,3,"26,50,90'4","13,18,45'4,75",7,2,4,1,2,0,2,3,0,2,18,20,8,11,5,6,11,18,53,47,1.62,1.50,1.72,2.10,2.18,32,56,40,16,4,36,65,16,72,9.79,3.83,1.61,3.72,4.65,1.33,2.02,3.40,6.75,2.00,1.75,Stadio Olimpico (Roma)
1678650300,Mar 12 2023 - 7:45pm,complete,N/A,Juventus,Sampdoria,Alessandro Prontera,26,2.31,0.67,2.21,0.47,4,2,6,4,2,2,"11,26,64,90'4","31,32",11,3,1,0,1,0,0,1,1,0,32,13,7,5,17,5,10,10,56,44,1.87,1.46,2.31,1.25,2.71,37,80,52,24,8,44,80,36,89,8.16,5.19,1.28,4.70,8.70,1.28,1.89,3.10,5.75,2.38,1.53,Allianz Stadium (Torino)
1678736700,Mar 13 2023 - 7:45pm,complete,N/A,AC Milan,Salernitana,Federico La Penna,26,2.33,0.83,2.26,0.79,1,1,2,1,1,0,"45'1","61",6,4,2,0,3,0,0,2,0,3,33,11,4,5,21,3,15,13,64,36,1.83,1.21,2.35,1.08,3.33,59,84,63,38,25,42,79,54,84,8.00,5.66,1.21,5.95,16.50,1.20,1.88,2.70,4.75,2.20,1.62,Stadio Giuseppe Meazza (Milano)
1679074200,Mar 17 2023 - 5:30pm,complete,N/A,Sassuolo,Spezia,Davide Ghersini,27,1.42,0.67,1.47,0.58,1,0,1,0,0,0,"71","",3,3,0,0,2,0,0,0,0,2,16,12,7,2,7,5,10,13,45,55,1.52,1.31,1.70,0.80,2.54,42,75,50,25,9,34,79,46,84,9.09,5.84,1.85,3.55,3.60,1.24,1.70,2.75,5.00,1.70,2.05,MAPEI Stadium - Città del Tricolore (Reggio nell'Emilia)
1679082300,Mar 17 2023 - 7:45pm,complete,N/A,Atalanta,Empoli,Federico Dionisi,27,1.50,0.92,1.74,0.79,2,1,3,1,0,1,"58,86","44",13,2,3,0,2,0,0,3,0,2,36,7,5,3,24,3,11,10,70,30,1.88,1.27,3.16,0.72,2.70,61,80,41,24,9,28,72,44,80,9.25,4.94,1.45,4.30,5.60,1.20,1.70,2.55,4.50,1.91,1.91,Gewiss Stadium (Bergamo)
1679148000,Mar 18 2023 - 2:00pm,complete,N/A,Monza,Cremonese,Antonio Giua,27,1.38,0.46,1.37,0.58,1,1,2,0,0,0,"69","61",8,4,3,0,5,0,2,1,1,4,16,9,8,3,5,4,13,12,65,35,1.59,1.55,1.72,0.88,2.81,62,89,54,31,8,43,69,54,89,9.85,4.93,1.80,3.65,4.50,1.35,1.95,3.75,7.50,1.91,1.91,U-Power Stadium (Monza)
1679158800,Mar 18 2023 - 5:00pm,complete,N/A,Salernitana,Bologna,Luca Pairetto,27,1.15,1.08,1.42,1.26,2,2,4,2,1,1,"7,64","11,73",5,4,0,0,1,0,0,0,0,1,15,11,5,3,5,3,8,16,42,58,1.29,1.27,1.23,0.82,2.93,57,84,69,24,9,36,85,57,88,7.50,5.29,3.35,3.25,2.25,1.36,2.15,4.00,7.50,1.95,1.80,Stadio Arechi (Salerno)
1679168700,Mar 18 2023 - 7:45pm,complete,N/A,Udinese,AC Milan,Daniele Doveri,27,1.33,1.46,1.42,1.42,3,1,4,3,2,1,"9,45'6,70","45'4",5,6,4,0,2,0,1,3,0,2,15,11,6,7,6,3,16,9,36,64,1.91,1.62,1.42,1.59,2.57,69,76,60,33,0,40,81,40,68,10.34,4.46,3.30,3.35,2.25,1.30,1.95,3.50,6.30,1.75,2.00,Dacia Arena (Udine)
1679225400,Mar 19 2023 - 11:30am,complete,N/A,Sampdoria,Hellas Verona,Maurizio Mariani,27,0.31,0.42,0.53,0.65,3,1,4,2,2,0,"24,35,90'8","88",5,8,3,0,2,0,1,2,0,2,12,17,5,7,2,6,10,11,44,56,1.06,1.25,1.06,1.59,1.73,37,69,20,0,0,13,72,24,64,8.37,6.00,2.77,2.95,2.47,1.43,2.50,4.20,8.75,2.00,1.75,Stadio Comunale Luigi Ferraris (Genova)
1679234400,Mar 19 2023 - 2:00pm,complete,N/A,Fiorentina,Lecce,Rosario Abisso,27,1.46,1.15,1.74,1.00,1,0,1,1,1,0,"27","",1,3,1,0,3,0,0,1,1,2,19,9,4,3,10,2,14,21,59,41,2.08,1.19,1.57,0.80,2.39,54,81,39,12,8,31,81,35,70,11.07,4.15,1.52,4.25,6.40,1.34,2.05,3.60,7.00,2.05,1.70,Stadio Artemio Franchi (Firenze)
1679234400,Mar 19 2023 - 2:00pm,complete,N/A,Torino,Napoli,Matteo Marchetti,27,1.58,2.62,1.16,2.37,0,4,4,2,0,2,"","9,35,51,68",5,4,1,0,1,0,1,0,0,1,13,13,3,7,9,5,14,14,48,52,1.52,1.81,1.26,1.53,2.10,36,60,32,12,8,23,60,24,68,10.08,4.17,4.70,3.55,1.78,1.35,2.10,3.60,7.25,2.05,1.70,Stadio Olimpico Grande Torino (Torino)
1679245200,Mar 19 2023 - 5:00pm,complete,N/A,Lazio,Roma,Davide Massa,27,1.85,1.69,1.95,1.42,1,0,1,0,0,0,"65","",5,2,4,1,3,2,1,4,2,3,13,9,6,4,3,3,18,13,69,31,1.54,1.46,1.32,0.92,2.62,58,81,54,31,0,27,81,50,85,8.77,4.46,2.60,3.05,2.80,1.57,2.35,4.40,9.25,2.05,1.70,Stadio Olimpico (Roma)
1679255100,Mar 19 2023 - 7:45pm,complete,N/A,Inter Milan,Juventus,Daniele Chiffi,27,2.54,1.67,2.21,1.58,0,1,1,1,0,1,"","23",6,4,3,1,4,1,1,3,1,4,18,8,4,4,14,4,6,18,69,31,1.75,1.38,2.07,1.02,2.15,24,52,32,16,8,32,60,20,84,9.73,3.96,1.91,3.35,4.00,1.37,2.05,3.82,7.60,1.95,1.80,Stadio Giuseppe Meazza (Milano)
1680354000,Apr 01 2023 - 1:00pm,complete,N/A,Cremonese,Atalanta,Livio Marinelli,28,0.46,1.71,0.84,1.63,1,3,4,1,0,1,"56","44,72,90'3",0,6,3,0,2,0,1,2,1,1,16,13,5,5,6,5,13,10,42,58,1.51,1.52,1.42,1.47,2.37,37,71,41,22,11,22,63,41,82,7.98,4.71,5.00,3.60,1.70,1.26,1.89,2.85,5.25,1.80,1.95,Stadio Giovanni Zini (Cremona)
1680364800,Apr 01 2023 - 4:00pm,complete,N/A,Inter Milan,Fiorentina,Fabio Maresca,28,2.36,1.15,2.21,1.21,0,1,1,0,0,0,"","53",10,8,2,0,3,0,0,2,0,3,17,20,4,4,7,9,3,2,59,41,1.77,1.63,1.43,1.32,2.18,34,63,37,11,4,30,78,19,78,11.36,4.41,1.65,3.60,5.50,1.28,1.87,3.10,6.00,1.80,1.95,Stadio Giuseppe Meazza (Milano)
1680374700,Apr 01 2023 - 6:45pm,complete,N/A,Juventus,Hellas Verona,Matteo Marchetti,28,2.36,0.38,2.21,0.65,1,0,1,0,0,0,"55","",3,5,1,0,2,0,0,1,1,1,14,11,3,4,8,6,14,22,55,45,1.91,1.28,1.15,1.18,2.61,45,82,40,22,11,37,82,44,74,10.58,4.64,1.44,4.20,8.00,1.38,2.20,4.00,8.00,2.38,1.53,Allianz Stadium (Torino)
1680431400,Apr 02 2023 - 10:30am,complete,N/A,Bologna,Udinese,N/A,28,1.64,1.36,1.58,1.00,3,0,3,2,2,0,"3,12,49","",2,7,1,0,1,0,1,0,1,0,12,16,5,6,5,8,17,10,52,48,1.57,1.47,1.24,1.60,2.07,50,61,36,15,7,25,54,40,71,8.79,4.86,2.30,3.20,3.10,1.35,2.10,3.60,7.00,1.80,1.95,Stadio Renato Dall'Ara (Bologna)
1680440400,Apr 02 2023 - 1:00pm,complete,N/A,Monza,Lazio,Matteo Marcenaro,28,1.36,1.92,1.37,1.95,0,2,2,1,0,1,"","13,56",8,3,5,0,2,0,0,5,0,2,12,9,4,5,6,3,12,8,57,43,1.60,1.27,1.20,1.07,2.25,40,78,41,15,0,22,67,41,85,9.75,4.22,3.40,3.30,2.15,1.38,2.25,3.80,8.00,1.95,1.80,U-Power Stadium (Monza)
1680440400,Apr 02 2023 - 1:00pm,complete,N/A,Spezia,Salernitana,Daniele Orsato,28,1.14,0.85,1.00,0.79,1,1,2,1,0,1,"70","43",9,5,0,0,1,0,0,0,0,1,15,13,4,3,8,6,12,12,51,49,1.45,1.20,1.43,1.04,2.75,56,78,56,30,8,44,74,38,70,8.69,5.62,2.10,3.30,3.50,1.35,2.06,3.60,7.25,1.91,1.91,Stadio Alberto Picco (La Spezia)
1680451200,Apr 02 2023 - 4:00pm,complete,N/A,Roma,Sampdoria,Massimiliano Irrati,28,1.92,0.62,1.89,0.47,3,0,3,0,0,0,"57,88,90'4","",10,3,3,0,4,1,2,1,1,4,29,7,12,4,10,2,11,13,51,49,1.62,1.44,2.56,0.94,2.35,35,62,39,16,8,43,73,19,77,8.54,5.39,1.44,4.00,8.00,1.35,2.05,3.65,7.20,2.25,1.57,Stadio Olimpico (Roma)
1680461100,Apr 02 2023 - 6:45pm,complete,N/A,Napoli,AC Milan,Antonio Rapuano,28,2.62,1.36,2.37,1.42,0,4,4,2,0,2,"","17,25,59,67",10,4,1,0,2,0,1,0,1,1,25,19,5,9,17,7,11,9,61,39,2.10,1.62,2.21,1.82,2.87,55,78,63,38,12,49,70,49,78,10.92,3.21,1.71,3.80,4.90,1.35,1.96,3.75,7.50,1.91,1.91,Stadio Diego Armando Maradona (Napoli)
1680543000,Apr 03 2023 - 5:30pm,complete,N/A,Empoli,Lecce,Michael Fabbri,28,1.23,1.07,1.47,1.00,1,0,1,0,0,0,"62","",3,4,3,1,2,0,1,3,1,1,15,6,8,0,2,4,10,14,53,47,1.61,1.17,1.54,0.58,1.97,37,67,26,12,0,22,70,26,67,8.78,4.76,2.45,3.05,3.15,1.42,2.35,4.45,8.75,1.95,1.80,Stadio Carlo Castellani (Empoli)
1680547500,Apr 03 2023 - 6:45pm,complete,N/A,Sassuolo,Torino,Ivano Pezzuto,28,1.54,1.29,1.47,1.63,1,1,2,1,1,0,"36","66",6,7,1,0,1,0,0,1,0,1,13,17,5,3,4,6,12,9,47,53,1.53,1.46,1.39,1.09,2.63,59,74,52,26,11,34,74,44,78,8.15,5.42,2.50,3.40,2.80,1.32,2.04,3.80,6.50,1.80,1.95,MAPEI Stadium - Città del Tricolore (Reggio nell'Emilia)
1680879600,Apr 07 2023 - 3:00pm,complete,N/A,Salernitana,Inter Milan,Michael Fabbri,29,1.14,1.31,1.42,1.58,1,1,2,1,0,1,"90","6",2,8,2,0,2,0,1,1,1,1,13,23,4,10,8,12,14,10,44,56,1.28,1.92,1.32,2.33,3.09,64,86,71,38,12,45,74,60,93,10.54,4.51,5.75,4.20,1.47,1.22,1.67,2.80,5.00,1.95,1.80,Stadio Arechi (Salerno)
1680886800,Apr 07 2023 - 5:00pm,complete,N/A,Lecce,Napoli,Gianluca Manganiello,29,0.92,2.64,0.89,2.37,1,2,3,1,0,1,"52","18,64",5,4,2,0,1,0,0,2,0,1,14,15,4,5,7,6,12,9,31,69,1.38,1.79,1.26,1.31,2.51,57,82,44,15,7,49,75,30,63,9.85,4.62,7.50,4.40,1.37,1.38,1.82,4.00,8.00,2.05,1.75,Stadio Comunale Via del Mare (Lecce)
1680894000,Apr 07 2023 - 7:00pm,complete,N/A,AC Milan,Empoli,Matteo Marcenaro,29,2.23,0.86,2.26,0.79,0,0,0,0,0,0,"","",9,0,2,0,2,0,1,1,0,2,24,3,5,2,12,0,11,8,70,30,1.87,1.23,2.18,0.41,2.91,63,86,49,30,16,30,78,52,90,8.32,5.71,1.38,5.00,8.00,1.21,1.78,2.07,4.75,1.92,1.87,Stadio Giuseppe Meazza (Milano)
1680949800,Apr 08 2023 - 10:30am,complete,N/A,Udinese,Monza,Luca Massimi,29,1.46,1.15,1.42,1.37,2,2,4,1,1,0,"18,90'2","48,56",4,2,1,0,3,0,0,1,1,2,15,13,6,6,6,5,12,21,40,60,1.87,1.26,1.47,1.31,2.74,58,81,54,35,8,42,85,42,73,9.54,4.77,1.95,3.40,3.90,1.30,1.91,3.34,6.20,1.80,1.95,Dacia Arena (Udine)
1680957000,Apr 08 2023 - 12:30pm,complete,N/A,Fiorentina,Spezia,Federico Dionisi,29,1.57,0.62,1.74,0.58,1,1,2,2,1,1,"25","32",8,4,0,0,7,0,0,0,3,4,20,5,5,4,8,1,12,29,65,35,2.04,1.27,1.80,0.79,2.55,48,74,48,22,7,30,78,45,82,11.48,4.69,1.44,4.33,7.00,1.22,1.73,2.77,4.95,1.95,1.80,Stadio Artemio Franchi (Firenze)
1680964200,Apr 08 2023 - 2:30pm,complete,N/A,Atalanta,Bologna,Daniele Orsato,29,1.62,1.08,1.74,1.26,0,2,2,0,0,0,"","49,86",6,0,3,0,2,0,1,2,0,2,16,13,7,7,9,6,3,0,49,51,1.97,1.24,2.01,1.59,3.16,69,85,66,27,15,35,85,58,85,9.47,4.85,1.60,3.75,5.80,1.32,1.95,3.50,6.50,1.95,1.80,Gewiss Stadium (Bergamo)
1680964200,Apr 08 2023 - 2:30pm,complete,N/A,Sampdoria,Cremonese,Daniele Doveri,29,0.50,0.50,0.53,0.58,2,3,5,2,1,1,"15,66","35,85,90'5",3,3,2,0,3,0,0,2,1,2,14,18,10,5,1,8,13,9,50,50,1.06,1.50,1.64,1.45,2.40,50,79,40,25,7,29,68,47,79,8.43,5.93,2.30,3.10,3.25,1.40,2.30,4.15,7.90,1.95,1.80,Stadio Comunale Luigi Ferraris (Genova)
1680971400,Apr 08 2023 - 4:30pm,complete,N/A,Hellas Verona,Sassuolo,Francesco Fourneau,29,1.00,1.14,1.11,0.89,2,1,3,1,0,1,"84,90'5","34",4,10,3,0,4,0,1,2,1,3,12,18,4,6,5,4,12,14,40,60,1.46,1.55,1.04,1.40,2.86,54,75,57,25,11,47,72,33,83,9.29,4.93,2.60,3.10,2.75,1.34,2.10,3.60,7.15,1.80,1.95,Stadio Marc'Antonio Bentegodi (Verona)
1680971400,Apr 08 2023 - 4:30pm,complete,N/A,Torino,Roma,Andrea Colombo,29,1.46,1.57,1.16,1.42,0,1,1,1,0,1,"","8",7,4,3,0,1,0,1,2,1,0,8,10,2,2,2,4,9,6,56,44,1.50,1.42,0.60,0.74,2.14,48,63,37,18,0,22,74,33,74,8.93,4.65,3.10,2.90,2.50,1.50,2.21,5.00,10.00,2.20,1.62,Stadio Olimpico Grande Torino (Torino)
1680979500,Apr 08 2023 - 6:45pm,complete,N/A,Lazio,Juventus,Marco Di Bello,29,1.93,1.77,1.95,1.58,2,1,3,2,1,1,"38,53","42",6,6,2,0,5,0,0,2,3,2,10,12,5,5,3,4,10,15,51,49,1.53,1.35,1.19,1.25,2.10,29,55,33,22,4,22,55,29,85,9.25,5.28,2.70,3.00,2.80,1.50,2.40,4.70,11.00,2.10,1.67,Stadio Olimpico (Roma)
1681489800,Apr 14 2023 - 4:30pm,complete,N/A,Cremonese,Empoli,Luca Zufferli,30,0.43,0.87,0.84,0.79,1,0,1,1,1,0,"4","",3,8,1,0,0,0,1,0,0,0,15,16,6,2,7,8,11,9,32,68,1.50,1.18,1.45,1.31,2.28,48,69,42,25,7,21,62,45,76,7.10,4.60,2.39,3.33,2.97,1.34,1.97,3.50,6.50,1.80,1.95,Stadio Giovanni Zini (Cremona)
1681497900,Apr 14 2023 - 6:45pm,complete,N/A,Spezia,Lazio,Massimiliano Irrati,30,1.13,2.00,1.00,1.95,0,3,3,1,0,1,"","36,52,89",2,3,2,1,4,0,2,1,0,4,7,15,3,8,4,6,12,7,53,47,1.44,1.25,0.95,1.78,2.24,41,76,41,21,0,31,72,28,76,9.70,4.87,3.89,3.39,1.98,1.36,2.14,3.75,7.00,2.00,1.75,Stadio Alberto Picco (La Spezia)
1681563600,Apr 15 2023 - 1:00pm,complete,N/A,Bologna,AC Milan,Davide Massa,30,1.73,1.47,1.58,1.42,1,1,2,2,1,1,"1","40",2,6,3,0,4,0,0,3,0,4,10,19,3,6,5,12,12,17,51,49,1.55,1.63,0.87,2.03,2.30,54,73,50,17,0,34,67,40,73,8.27,4.53,3.36,3.20,2.25,1.42,2.23,4.22,8.55,1.95,1.80,Stadio Renato Dall'Ara (Bologna)
1681574400,Apr 15 2023 - 4:00pm,complete,N/A,Napoli,Hellas Verona,Federico La Penna,30,2.43,0.36,2.37,0.65,0,0,0,0,0,0,"","",4,0,1,0,4,0,0,1,1,3,11,6,2,3,5,3,11,16,80,20,2.11,1.27,1.20,0.78,2.61,47,79,43,29,11,43,71,47,75,12.14,3.79,1.44,4.45,7.36,1.30,1.92,3.40,6.00,2.20,1.62,Stadio Diego Armando Maradona (Napoli)
1681584300,Apr 15 2023 - 6:45pm,complete,N/A,Inter Milan,Monza,Luca Pairetto,30,2.20,1.14,2.21,1.37,0,1,1,0,0,0,"","78",5,2,2,0,2,0,0,2,1,1,40,12,7,3,20,6,13,4,57,43,1.75,1.27,2.79,0.98,2.52,35,66,45,25,11,35,76,39,80,8.67,4.24,1.36,4.90,8.70,1.22,1.75,2.75,5.25,2.00,1.75,Stadio Giuseppe Meazza (Milano)
1681641000,Apr 16 2023 - 10:30am,complete,N/A,Lecce,Sampdoria,Maurizio Mariani,30,0.86,0.57,0.89,0.47,1,1,2,1,1,0,"31","75",11,8,1,0,4,0,0,1,0,4,31,9,12,3,11,1,16,12,41,59,1.37,1.41,2.69,0.76,2.54,61,83,50,14,4,50,79,29,75,7.93,6.07,1.92,3.35,4.30,1.44,2.35,4.30,9.00,2.10,1.67,Stadio Comunale Via del Mare (Lecce)
1681650000,Apr 16 2023 - 1:00pm,complete,N/A,Torino,Salernitana,Gianluca Aureliano,30,1.36,0.86,1.16,0.79,1,1,2,1,0,1,"57","9",4,2,0,0,1,0,0,0,0,1,18,10,6,2,11,8,14,14,64,36,1.43,1.18,1.73,0.95,2.32,43,61,36,22,7,25,72,32,68,8.93,4.64,1.70,3.70,5.20,1.42,2.12,4.33,9.50,2.05,1.70,Stadio Olimpico Grande Torino (Torino)
1681660800,Apr 16 2023 - 4:00pm,complete,N/A,Sassuolo,Juventus,Antonio Rapuano,30,1.50,1.64,1.47,1.58,1,0,1,0,0,0,"64","",10,13,0,0,1,0,0,0,0,1,12,14,5,4,6,6,10,5,41,59,1.52,1.34,1.42,1.31,2.11,36,57,32,14,11,33,61,22,79,8.85,5.79,4.00,3.40,1.91,1.32,1.95,3.40,6.25,1.80,1.95,MAPEI Stadium - Città del Tricolore (Reggio nell'Emilia)
1681670700,Apr 16 2023 - 6:45pm,complete,N/A,Roma,Udinese,Antonio Giua,30,2.00,1.27,1.89,1.00,3,0,3,1,1,0,"37,55,90'1","",6,2,1,0,4,0,0,1,3,1,10,15,7,3,3,9,18,11,42,58,1.69,1.48,1.40,1.28,2.17,34,52,38,17,10,35,59,27,69,10.39,4.61,1.75,3.50,4.80,1.37,2.05,3.75,7.50,2.05,1.70,Stadio Olimpico (Roma)
1681757100,Apr 17 2023 - 6:45pm,complete,N/A,Fiorentina,Atalanta,Marco Guida,30,1.53,1.80,1.74,1.63,1,1,2,1,0,1,"56","37",5,1,1,0,3,0,0,1,1,2,19,7,8,2,6,5,8,20,63,37,2.02,1.52,1.88,0.85,2.64,54,80,44,24,10,30,77,44,77,11.13,4.73,2.30,3.50,3.00,1.30,1.82,3.25,6.50,1.67,2.10,Stadio Artemio Franchi (Firenze)
1682102700,Apr 21 2023 - 6:45pm,complete,N/A,Hellas Verona,Bologna,Maurizio Mariani,31,1.13,1.21,1.11,1.26,2,1,3,1,1,0,"45'6,62","90'4",4,2,2,0,4,0,0,2,4,0,13,27,6,7,4,13,11,11,27,73,1.43,1.26,1.23,2.09,2.91,62,83,62,21,11,38,83,56,83,8.29,5.44,3.00,2.90,2.55,1.50,2.40,4.75,9.00,2.05,1.75,Stadio Marc'Antonio Bentegodi (Verona)
1682168400,Apr 22 2023 - 1:00pm,complete,N/A,Salernitana,Sassuolo,Giacomo Camplone,31,1.13,1.07,1.42,0.89,3,0,3,2,2,0,"9,20,65","",4,8,1,0,2,0,0,1,0,2,14,12,6,3,5,6,11,15,47,53,1.29,1.54,1.52,1.17,2.90,53,80,64,30,7,44,74,40,90,8.54,4.53,3.00,3.40,2.30,1.25,1.80,3.00,5.50,1.70,2.16,Stadio Arechi (Salerno)
1682179200,Apr 22 2023 - 4:00pm,complete,N/A,Lazio,Torino,Davide Ghersini,31,2.00,1.27,1.95,1.63,0,1,1,1,0,1,"","43",3,4,2,0,4,0,0,2,1,3,11,8,6,4,3,3,13,13,53,47,1.51,1.44,1.38,0.98,2.63,60,77,53,30,4,27,74,47,87,9.07,4.80,1.87,3.20,4.60,1.50,2.40,4.75,9.00,2.28,1.66,Stadio Olimpico (Roma)
1682189100,Apr 22 2023 - 6:45pm,complete,N/A,Sampdoria,Spezia,Fabio Maresca,31,0.47,0.64,0.53,0.58,1,1,2,1,1,0,"23","59",9,9,1,0,1,0,0,1,0,1,14,20,4,8,7,6,9,11,45,55,1.10,1.24,1.31,1.84,2.18,35,69,38,17,4,21,76,38,80,8.31,5.80,2.50,3.20,2.87,1.35,2.00,3.80,7.50,1.82,1.94,Stadio Comunale Luigi Ferraris (Genova)
1682245800,Apr 23 2023 - 10:30am,complete,N/A,Empoli,Inter Milan,Livio Marinelli,31,1.36,1.29,1.47,1.58,0,3,3,0,0,0,"","48,76,88",5,4,1,0,1,0,1,0,0,1,12,17,4,5,4,9,6,13,39,61,1.61,1.95,1.12,1.66,2.65,58,72,50,32,11,32,61,47,86,11.43,5.00,5.50,4.20,1.53,1.25,1.75,2.75,4.75,1.91,1.91,Stadio Carlo Castellani (Empoli)
1682254800,Apr 23 2023 - 1:00pm,complete,N/A,Udinese,Cremonese,Francesco Fourneau,31,1.43,0.67,1.42,0.58,3,0,3,3,3,0,"2,27,36","",3,8,2,0,3,0,0,2,1,2,18,13,10,3,5,5,13,11,48,52,1.84,1.50,1.88,1.04,3.03,76,90,59,49,10,48,80,55,79,10.81,5.14,1.60,3.90,5.25,1.28,1.83,2.95,6.00,1.80,2.00,Dacia Arena (Udine)
1682254800,Apr 23 2023 - 1:00pm,complete,N/A,Monza,Fiorentina,Juan Luca Sacchi,31,1.27,1.29,1.37,1.21,3,2,5,4,2,2,"26,43,59","8,13",5,3,3,0,3,0,1,2,2,1,14,11,6,6,5,3,18,15,45,55,1.57,1.61,1.30,1.39,2.17,45,76,38,7,0,24,69,27,86,11.69,5.12,3.60,3.45,2.00,1.33,1.95,3.30,6.50,1.85,1.91,U-Power Stadium (Monza)
1682265600,Apr 23 2023 - 4:00pm,complete,N/A,AC Milan,Lecce,Daniele Chiffi,31,2.14,1.00,2.26,1.00,2,0,2,1,1,0,"40,74","",4,2,1,0,0,0,1,0,0,0,9,10,6,5,2,4,6,10,68,32,1.89,1.13,1.34,1.17,2.51,49,77,39,18,15,28,80,35,77,8.66,5.00,1.50,4.00,6.75,1.35,2.00,3.50,7.25,2.10,1.67,Stadio Giuseppe Meazza (Milano)
1682275500,Apr 23 2023 - 6:45pm,complete,N/A,Juventus,Napoli,Michael Fabbri,31,2.40,2.67,2.21,2.37,0,1,1,0,0,0,"","90'3",3,6,4,0,1,0,2,2,0,1,8,18,5,7,3,4,15,11,35,65,1.85,1.76,1.13,1.72,2.90,37,80,53,27,17,40,74,47,80,10.26,3.47,2.70,3.33,2.54,1.42,1.92,4.33,9.00,1.92,1.85,Allianz Stadium (Torino)
1682361900,Apr 24 2023 - 6:45pm,complete,N/A,Atalanta,Roma,Massimiliano Irrati,31,1.50,1.67,1.74,1.42,3,1,4,1,1,0,"39,74,84","83",3,4,3,0,1,0,1,2,0,1,8,15,5,2,2,7,15,11,37,63,1.98,1.37,0.98,1.21,2.70,62,80,49,21,7,28,79,45,80,9.79,4.76,2.25,3.25,3.25,1.36,2.00,3.50,7.00,1.91,1.91,Gewiss Stadium (Bergamo)
1682699400,Apr 28 2023 - 4:30pm,complete,N/A,Lecce,Udinese,Matteo Marchetti,32,0.87,1.19,0.89,1.00,1,0,1,0,0,0,"62","",7,4,4,0,2,0,1,3,1,1,16,11,4,4,7,6,20,11,38,62,1.46,1.46,1.36,1.15,2.32,62,72,45,16,7,43,72,33,68,9.71,5.09,2.79,3.30,2.82,1.40,2.40,4.10,8.35,1.95,1.80,Stadio Comunale Via del Mare (Lecce)
1682707500,Apr 28 2023 - 6:45pm,complete,N/A,Spezia,Monza,Antonio Rapuano,32,1.06,1.27,1.00,1.37,0,2,2,1,0,1,"","21,90'3",3,3,1,0,2,0,1,0,0,2,13,9,5,5,5,2,10,16,45,55,1.41,1.25,1.45,1.06,2.55,48,77,52,26,7,39,74,39,78,8.13,5.34,2.85,3.36,2.72,1.35,2.05,3.75,7.50,1.80,1.95,Stadio Alberto Picco (La Spezia)
1682784000,Apr 29 2023 - 4:00pm,complete,N/A,Roma,AC Milan,Daniele Orsato,32,2.07,1.44,1.89,1.42,1,1,2,0,0,0,"90'3","90'7",1,5,3,0,2,0,1,2,1,1,12,12,2,2,4,7,9,6,36,64,1.67,1.66,0.84,1.11,2.35,42,64,48,19,4,39,71,33,68,9.99,4.51,2.45,3.20,2.90,1.47,2.17,4.75,10.00,2.00,1.75,Stadio Olimpico (Roma)
1682793900,Apr 29 2023 - 6:45pm,complete,N/A,Torino,Atalanta,Juan Luca Sacchi,32,1.33,1.75,1.16,1.63,1,2,3,1,0,1,"75","34,88",3,3,1,0,1,0,1,0,0,1,5,10,5,6,0,4,6,10,62,38,1.45,1.48,1.09,1.51,2.15,39,64,29,19,3,16,71,32,78,9.20,4.81,3.00,3.20,2.40,1.36,2.05,3.50,7.00,1.80,1.95,Stadio Olimpico Grande Torino (Torino)
1682850600,Apr 30 2023 - 10:30am,complete,N/A,Inter Milan,Lazio,Marco Guida,32,2.06,2.07,2.21,1.95,3,1,4,1,0,1,"77,83,90","30",2,3,2,0,4,0,1,1,1,3,26,10,10,6,11,1,13,14,61,39,1.81,1.29,2.46,1.03,2.16,23,62,36,16,3,22,71,29,81,9.83,3.89,1.77,3.55,4.15,1.33,1.84,3.50,6.75,1.95,1.80,Stadio Giuseppe Meazza (Milano)
1682859600,Apr 30 2023 - 1:00pm,complete,N/A,Cremonese,Hellas Verona,Daniele Doveri,32,0.60,0.40,0.84,0.65,1,1,2,1,1,0,"9","75",3,5,0,1,0,0,0,1,0,0,13,15,6,7,6,3,10,16,51,49,1.50,1.24,1.41,1.58,2.04,44,64,34,17,7,24,64,34,67,8.20,4.87,2.57,3.20,2.57,1.40,2.18,4.00,7.00,1.95,1.80,Stadio Giovanni Zini (Cremona)
1682859600,Apr 30 2023 - 1:00pm,complete,N/A,Napoli,Salernitana,Matteo Marcenaro,32,2.33,0.87,2.37,0.79,1,1,2,0,0,0,"62","84",10,0,2,0,2,0,0,2,0,2,25,6,9,3,9,3,13,11,73,27,2.05,1.17,2.51,0.73,2.97,50,80,54,37,17,43,74,50,77,10.54,3.27,1.18,6.25,12.20,1.18,1.49,2.29,4.20,2.25,1.57,Stadio Diego Armando Maradona (Napoli)
1682859600,Apr 30 2023 - 1:00pm,complete,N/A,Sassuolo,Empoli,Federico Dionisi,32,1.60,0.81,1.47,0.79,2,1,3,1,0,1,"82,90'7","11",7,5,2,1,1,0,1,2,0,1,14,8,5,2,6,5,12,10,58,42,1.52,1.19,1.44,0.96,2.23,49,68,36,20,7,26,68,39,75,8.48,5.10,1.84,3.50,3.80,1.22,1.83,2.80,5.00,1.70,2.05,MAPEI Stadium - Città del Tricolore (Reggio nell'Emilia)
1682870400,Apr 30 2023 - 4:00pm,complete,N/A,Fiorentina,Sampdoria,Antonio Giua,32,1.50,0.60,1.74,0.47,5,0,5,1,1,0,"45'2,62,66,76,88","",11,0,2,0,1,0,0,2,0,1,26,6,12,2,12,3,14,9,67,33,2.01,1.36,2.67,0.57,2.65,58,81,49,20,10,43,77,33,81,10.09,5.35,1.33,4.80,9.50,1.22,1.67,2.35,5.00,2.00,1.75,Stadio Artemio Franchi (Firenze)
1682880300,Apr 30 2023 - 6:45pm,complete,N/A,Bologna,Juventus,Simone Sozza,32,1.69,1.53,1.58,1.58,1,1,2,1,1,0,"10","60",4,5,2,0,2,0,2,0,0,2,21,18,8,5,10,10,12,9,54,46,1.51,1.34,1.91,1.66,1.87,35,58,26,4,4,26,55,23,75,9.26,5.12,3.40,3.10,2.25,1.40,2.30,4.00,7.50,2.00,1.75,Stadio Renato Dall'Ara (Bologna)
1683129600,May 03 2023 - 4:00pm,complete,N/A,Atalanta,Spezia,Livio Marinelli,33,1.60,0.67,1.74,0.58,3,2,5,2,1,1,"32,48,54","18,64",12,3,0,0,3,0,0,0,2,1,20,10,9,5,8,4,8,10,56,44,1.91,1.28,2.37,1.08,2.70,54,80,47,24,7,27,77,47,87,10.67,5.13,1.40,4.50,8.00,1.20,1.73,2.70,4.80,1.95,1.80,Gewiss Stadium (Bergamo)
1683129600,May 03 2023 - 4:00pm,complete,N/A,Juventus,Lecce,Francesco Fourneau,33,2.25,0.94,2.21,1.00,2,1,3,3,2,1,"15,40","37",6,7,2,0,2,0,0,2,0,2,21,18,7,7,12,8,11,10,55,45,1.81,1.13,2.00,1.82,2.38,31,72,35,16,10,29,78,35,76,8.94,3.69,1.60,3.70,6.50,1.32,2.15,3.60,8.00,2.20,1.62,Allianz Stadium (Torino)
1683129600,May 03 2023 - 4:00pm,complete,N/A,Sampdoria,Torino,Giacomo Camplone,33,0.50,1.38,0.53,1.63,0,2,2,1,0,1,"","31,90'4",2,3,2,1,2,0,1,2,0,2,12,16,0,5,8,8,13,11,41,59,1.11,1.41,0.73,1.56,2.32,54,72,41,19,6,19,78,38,75,8.19,5.25,3.75,3.30,2.05,1.41,2.10,4.00,7.50,2.00,1.75,Stadio Comunale Luigi Ferraris (Genova)
1683129600,May 03 2023 - 4:00pm,complete,N/A,Salernitana,Fiorentina,Ivano Pezzuto,33,1.25,1.20,1.42,1.21,3,3,6,2,1,1,"10,59,81","36,71,84",2,3,3,0,5,0,0,3,3,2,5,17,4,5,1,8,18,15,47,53,1.30,1.59,0.72,1.46,2.41,45,78,48,16,4,36,77,26,87,9.95,5.05,4.50,3.60,1.80,1.27,1.85,3.10,5.85,1.80,1.95,Stadio Arechi (Salerno)
1683140400,May 03 2023 - 7:00pm,complete,N/A,Hellas Verona,Inter Milan,Daniele Orsato,33,1.25,1.40,1.11,1.58,0,6,6,3,0,3,"","31,36,37,55,61,90'2",2,7,0,0,0,0,0,0,0,0,11,24,4,12,5,8,4,11,25,75,1.42,1.93,1.04,2.44,2.98,68,84,65,27,13,39,74,56,87,11.35,4.88,4.60,3.50,1.80,1.34,1.95,3.60,6.00,1.95,1.80,Stadio Marc'Antonio Bentegodi (Verona)
1683140400,May 03 2023 - 7:00pm,complete,N/A,Lazio,Sassuolo,Massimiliano Irrati,33,1.88,1.00,1.95,0.89,2,0,2,1,1,0,"14,90'2","",1,2,3,0,5,0,1,2,2,3,17,20,7,3,8,12,13,13,49,51,1.50,1.51,1.63,1.47,2.75,47,72,60,31,7,38,69,38,88,9.57,4.57,1.70,3.70,5.00,1.28,1.85,3.10,5.75,1.80,1.95,Stadio Olimpico (Roma)
1683140400,May 03 2023 - 7:00pm,complete,N/A,Monza,Roma,Daniele Chiffi,33,1.38,1.56,1.37,1.42,1,1,2,2,1,1,"39","24",4,3,3,0,3,1,1,2,0,4,13,17,5,9,7,5,13,15,59,41,1.56,1.36,1.36,1.84,2.57,60,82,50,22,3,28,79,44,85,9.32,4.76,3.90,3.20,2.05,1.42,2.30,4.33,8.00,2.05,1.70,U-Power Stadium (Monza)
1683140400,May 03 2023 - 7:00pm,complete,N/A,AC Milan,Cremonese,Luca Pairetto,33,2.20,0.63,2.26,0.58,1,1,2,0,0,0,"90'3","77",10,0,0,0,3,1,0,0,0,4,24,7,7,3,13,4,12,12,74,26,1.86,1.47,2.34,0.80,3.13,65,91,55,39,23,45,75,55,87,9.61,5.80,1.36,4.40,10.00,1.32,2.05,3.40,6.50,2.45,1.55,Stadio Giuseppe Meazza (Milano)
1683225900,May 04 2023 - 6:45pm,complete,N/A,Empoli,Bologna,Federico La Penna,33,1.27,1.13,1.47,1.26,3,1,4,2,2,0,"1,45'1,68","88",2,5,3,0,0,0,1,2,0,0,19,29,6,7,10,16,15,16,28,72,1.57,1.32,1.58,2.23,2.60,50,74,53,24,7,27,67,53,84,8.07,5.40,2.80,3.33,2.54,1.38,2.09,3.95,7.95,1.91,1.91,Stadio Carlo Castellani (Empoli)
1683225900,May 04 2023 - 6:45pm,complete,N/A,Udinese,Napoli,Rosario Abisso,33,1.53,2.69,1.42,2.37,1,1,2,1,1,0,"13","52",2,6,1,0,0,0,1,0,0,0,9,10,4,6,4,3,15,13,36,64,1.85,1.76,1.00,1.30,2.78,56,81,59,33,7,43,78,39,71,10.93,3.94,4.85,4.18,1.65,1.27,1.61,3.04,5.55,1.76,2.01,Dacia Arena (Udine)
1683378000,May 06 2023 - 1:00pm,complete,N/A,AC Milan,Lazio,Antonio Rapuano,34,2.13,1.94,2.26,1.95,2,0,2,2,2,0,"17,29","",6,4,2,0,4,0,1,1,2,2,14,12,4,0,7,8,10,8,52,48,1.89,1.28,1.33,0.70,2.63,44,82,44,25,13,22,75,44,88,9.31,4.94,1.85,3.20,4.04,1.44,2.30,4.50,9.50,2.05,1.78,Stadio Giuseppe Meazza (Milano)
1683388800,May 06 2023 - 4:00pm,complete,N/A,Roma,Inter Milan,Fabio Maresca,34,2.00,1.50,1.89,1.58,0,2,2,1,0,1,"","33,74",12,5,3,0,2,0,1,2,0,2,20,15,4,5,11,7,8,12,50,50,1.62,1.97,1.65,1.27,2.79,47,72,53,25,16,35,66,50,82,12.00,4.07,2.79,2.99,2.45,1.41,2.25,4.17,8.45,1.88,1.80,Stadio Olimpico (Roma)
1683398700,May 06 2023 - 6:45pm,complete,N/A,Cremonese,Spezia,Marco Guida,34,0.63,0.63,0.84,0.58,2,0,2,1,1,0,"41,77","",3,13,0,0,2,0,0,0,0,2,12,24,5,10,5,9,9,6,30,70,1.49,1.27,1.10,2.39,2.38,44,69,44,25,10,25,72,41,82,8.32,4.69,2.11,3.17,3.22,1.33,1.97,3.60,7.00,1.85,1.83,Stadio Giovanni Zini (Cremona)
1683455400,May 07 2023 - 10:30am,complete,N/A,Atalanta,Juventus,Daniele Doveri,34,1.69,1.50,1.74,1.58,0,2,2,0,0,0,"","56,90'8",7,3,1,0,2,0,0,1,0,2,36,17,2,7,24,6,13,16,59,41,1.94,1.36,2.40,1.56,2.47,47,66,38,19,13,28,63,31,85,11.25,5.00,2.22,3.25,2.87,1.34,1.95,3.60,6.50,1.80,1.95,Gewiss Stadium (Bergamo)
1683464400,May 07 2023 - 1:00pm,complete,N/A,Torino,Monza,Luca Zufferli,34,1.25,1.38,1.16,1.37,1,1,2,0,0,0,"46","86",7,4,2,0,1,0,0,2,1,0,23,12,7,9,9,2,16,9,53,47,1.43,1.23,1.82,1.50,2.19,38,63,35,19,7,22,72,35,75,8.00,4.44,1.99,3.00,3.65,1.40,2.25,4.00,8.00,2.05,1.70,Stadio Olimpico Grande Torino (Torino)
1683475200,May 07 2023 - 4:00pm,complete,N/A,Napoli,Fiorentina,Matteo Marchetti,34,2.25,1.19,2.37,1.21,1,0,1,0,0,0,"74","",0,5,0,0,0,0,0,0,0,0,14,24,6,4,7,14,12,15,47,53,2.08,1.58,1.48,1.80,2.66,44,75,47,29,16,41,69,38,81,12.94,3.88,1.68,3.95,4.90,1.25,1.83,2.75,5.00,1.75,2.00,Stadio Diego Armando Maradona (Napoli)
1683485100,May 07 2023 - 6:45pm,complete,N/A,Lecce,Hellas Verona,Davide Massa,34,1.00,0.44,0.89,0.65,0,1,1,0,0,0,"","71",4,4,2,0,5,0,1,1,2,3,19,11,4,5,11,5,11,13,52,48,1.45,1.26,1.59,1.26,2.03,63,75,29,6,0,35,75,25,63,10.13,5.44,2.23,3.20,3.40,1.44,2.38,4.33,9.00,2.05,1.70,Stadio Comunale Via del Mare (Lecce)
1683563400,May 08 2023 - 4:30pm,complete,N/A,Empoli,Salernitana,Manuel Volpi,34,1.38,0.88,1.47,0.79,2,1,3,1,1,0,"37,63","85",8,7,2,0,2,0,0,2,1,1,15,19,6,3,8,12,11,18,49,51,1.57,1.14,1.57,1.43,2.50,51,72,41,25,7,28,63,41,78,8.07,5.13,2.31,3.00,3.60,1.30,2.08,3.55,7.50,1.80,1.95,Stadio Carlo Castellani (Empoli)
1683563400,May 08 2023 - 4:30pm,complete,N/A,Udinese,Sampdoria,Niccolò Baroni,34,1.50,0.56,1.42,0.47,2,0,2,2,2,0,"9,34","",7,3,2,0,2,0,0,2,1,1,18,12,7,4,7,8,17,12,46,54,1.79,1.31,1.70,1.21,2.85,60,85,60,35,7,44,85,35,82,8.88,5.37,1.54,4.30,6.30,1.28,1.86,3.24,5.80,1.91,1.91,Dacia Arena (Udine)
1683571500,May 08 2023 - 6:45pm,complete,N/A,Sassuolo,Bologna,N/A,34,1.69,1.06,1.47,1.26,1,1,2,2,1,1,"15","42",4,4,1,0,1,0,1,0,1,0,10,16,3,4,5,9,6,9,42,58,1.51,1.38,1.02,1.32,2.79,60,79,60,25,13,35,79,57,85,8.13,5.19,2.38,3.60,2.90,1.25,1.94,3.10,5.70,1.75,2.00,MAPEI Stadium - Città del Tricolore (Reggio nell'Emilia)
1683917100,May 12 2023 - 6:45pm,complete,N/A,Lazio,Lecce,Fabio Maresca,35,1.94,0.88,1.95,1.00,2,2,4,2,1,1,"34,90'4","45'2,51",2,3,3,0,5,0,1,2,1,4,30,16,7,5,15,9,11,13,67,33,1.51,1.17,2.28,1.48,2.15,38,71,36,15,0,24,77,30,74,8.41,4.35,1.51,4.10,7.00,1.42,2.15,4.33,9.50,2.10,1.67,Stadio Olimpico (Roma)
1683982800,May 13 2023 - 1:00pm,complete,N/A,Salernitana,Atalanta,Marco Piccinini,35,1.24,1.82,1.42,1.63,1,0,1,0,0,0,"90'3","",5,3,2,0,2,0,0,2,0,2,12,14,5,4,4,8,9,18,52,48,1.27,1.48,1.19,1.33,2.77,50,85,53,27,6,33,79,47,91,7.82,5.00,4.30,3.70,1.60,1.22,1.76,2.75,5.00,1.75,2.00,Stadio Arechi (Salerno)
1683993600,May 13 2023 - 4:00pm,complete,N/A,Spezia,AC Milan,Daniele Doveri,35,1.00,1.41,1.00,1.42,2,0,2,0,0,0,"75,85","",6,9,1,0,1,0,1,0,0,1,20,20,5,4,10,11,15,10,41,59,1.42,1.63,1.69,1.66,2.50,59,79,56,27,0,44,74,35,74,9.18,5.12,4.35,3.55,1.89,1.30,2.05,3.40,6.50,1.80,1.95,Stadio Alberto Picco (La Spezia)
1684003500,May 13 2023 - 6:45pm,complete,N/A,Inter Milan,Sassuolo,Matteo Marcenaro,35,2.12,0.94,2.21,0.89,4,2,6,1,1,0,"41,55,58,89","63,77",1,5,2,0,3,0,0,2,2,1,17,22,6,8,8,11,12,8,51,49,1.85,1.51,1.48,2.21,2.68,38,65,53,27,9,38,71,29,85,10.00,4.06,1.36,5.25,7.00,1.19,1.58,2.38,4.50,1.75,2.00,Stadio Giuseppe Meazza (Milano)
1684060200,May 14 2023 - 10:30am,complete,N/A,Hellas Verona,Torino,Marco Di Bello,35,1.18,1.47,1.11,1.63,0,1,1,1,0,1,"","29",3,4,3,0,2,0,1,2,1,1,21,20,5,9,10,8,8,17,42,58,1.40,1.42,1.46,2.01,2.74,62,79,53,21,9,33,82,44,79,8.89,5.12,2.39,3.20,3.30,1.50,2.40,4.87,10.00,2.10,1.67,Stadio Marc'Antonio Bentegodi (Verona)
1684069200,May 14 2023 - 1:00pm,complete,N/A,Fiorentina,Udinese,Daniele Paterna,35,1.59,1.12,1.74,1.00,2,0,2,1,1,0,"7,90","",3,3,3,1,3,1,1,3,2,2,23,7,4,2,14,4,15,15,45,55,2.05,1.44,1.69,0.69,2.50,53,68,47,24,15,35,68,38,74,11.35,4.41,2.07,3.70,3.50,1.25,1.76,3.15,6.40,1.75,2.00,Stadio Artemio Franchi (Firenze)
1684069200,May 14 2023 - 1:00pm,complete,N/A,Monza,Napoli,Francesco Cosso,35,1.35,2.59,1.37,2.37,2,0,2,1,1,0,"18,54","",6,10,1,0,1,0,1,0,0,1,14,26,5,9,7,13,11,13,45,55,1.55,1.73,1.35,2.62,2.59,50,82,47,18,9,35,68,38,82,10.35,4.12,4.30,3.70,1.88,1.26,1.83,3.20,6.40,1.91,1.91,U-Power Stadium (Monza)
1684080000,May 14 2023 - 4:00pm,complete,N/A,Bologna,Roma,Daniele Orsato,35,1.65,1.53,1.58,1.42,0,0,0,0,0,0,"","",3,6,2,0,1,0,1,1,0,1,18,11,4,3,9,6,12,11,72,28,1.53,1.39,1.41,1.09,2.24,59,76,38,12,0,27,77,38,71,7.94,4.71,3.29,2.68,2.32,1.46,2.40,4.80,11.00,2.05,1.70,Stadio Renato Dall'Ara (Bologna)
1684089900,May 14 2023 - 6:45pm,complete,N/A,Juventus,Cremonese,Daniele Chiffi,35,2.29,0.65,2.21,0.58,2,0,2,0,0,0,"55,79","",7,0,2,0,0,0,0,2,0,0,33,4,8,3,17,1,15,5,69,31,1.82,1.43,2.63,0.60,3.00,53,85,53,35,18,47,71,56,82,9.83,4.88,1.31,4.70,7.80,1.24,1.80,3.00,6.00,2.05,1.70,Allianz Stadium (Torino)
1684176300,May 15 2023 - 6:45pm,complete,N/A,Sampdoria,Empoli,Ermanno Feliciani,35,0.47,0.76,0.53,0.79,1,1,2,1,1,0,"34","90'3",1,2,3,0,4,0,1,2,1,3,19,22,4,5,11,13,16,14,42,58,1.09,1.17,1.58,2.00,2.09,44,71,32,15,3,15,74,38,74,7.76,5.17,3.40,3.20,2.20,1.32,1.95,3.40,6.50,1.70,2.05,Stadio Comunale Luigi Ferraris (Genova)
1684521900,May 19 2023 - 6:45pm,complete,N/A,Sassuolo,Monza,Alberto Santoro,36,1.65,1.35,1.47,1.37,1,2,3,1,1,0,"45'6","60,90'3",6,3,1,1,5,0,1,1,3,2,20,27,5,8,11,13,10,17,45,55,1.48,1.25,1.75,2.28,2.44,47,74,41,21,12,32,71,41,79,7.83,5.00,2.20,3.72,3.42,1.28,1.75,3.10,6.00,1.67,2.10,MAPEI Stadium - Città del Tricolore (Reggio nell'Emilia)
1684587600,May 20 2023 - 1:00pm,complete,N/A,Cremonese,Bologna,Paolo Valeri,36,0.76,1.06,0.84,1.26,1,5,6,3,0,3,"90'1","14,27,45'1,62,80",3,9,1,0,1,1,0,1,1,1,20,22,3,10,11,10,7,13,37,63,1.47,1.37,1.40,2.20,2.68,56,77,56,27,12,30,77,53,79,6.82,4.17,3.00,3.30,2.30,1.33,2.00,3.60,7.00,1.75,2.00,Stadio Giovanni Zini (Cremona)
1684598400,May 20 2023 - 4:00pm,complete,N/A,Atalanta,Hellas Verona,Simone Sozza,36,1.59,0.59,1.74,0.65,3,1,4,2,1,1,"22,53,62","11",6,3,1,0,3,0,1,0,2,1,19,15,6,3,8,8,9,11,59,41,1.97,1.26,1.69,1.13,2.44,56,77,36,18,9,27,68,42,77,10.83,5.06,1.50,4.00,6.50,1.26,1.84,3.10,5.50,1.95,1.80,Gewiss Stadium (Bergamo)
1684608300,May 20 2023 - 6:45pm,complete,N/A,AC Milan,Sampdoria,Francesco Fourneau,36,2.18,0.53,2.26,0.47,5,1,6,4,3,1,"9,23,29,63,68","20",7,2,1,0,3,0,0,1,2,1,25,8,11,4,9,4,9,10,62,38,1.85,1.31,2.53,0.93,2.88,50,85,50,27,18,41,76,38,88,8.30,5.83,1.17,6.50,15.00,1.18,1.53,2.45,4.33,2.38,1.53,Stadio Giuseppe Meazza (Milano)
1684665000,May 21 2023 - 10:30am,complete,N/A,Lecce,Spezia,Maurizio Mariani,36,0.94,0.59,0.89,0.58,0,0,0,0,0,0,"","",2,5,2,0,3,0,0,2,0,3,9,21,2,0,5,15,15,16,40,60,1.46,1.33,0.88,1.19,2.33,56,76,38,15,3,35,79,33,77,10.64,5.35,1.97,3.42,3.92,1.40,2.19,4.20,8.00,1.95,1.80,Stadio Comunale Via del Mare (Lecce)
1684674000,May 21 2023 - 1:00pm,complete,N/A,Torino,Fiorentina,Luca Massimi,36,1.24,1.12,1.16,1.21,1,1,2,0,0,0,"66","48",3,3,1,0,2,0,0,1,1,1,12,12,5,2,6,7,9,11,57,43,1.45,1.60,1.30,1.04,2.03,41,59,30,12,6,21,68,21,77,10.88,4.70,1.93,3.20,4.40,1.40,2.25,4.20,8.50,1.91,1.91,Stadio Olimpico Grande Torino (Torino)
1684684800,May 21 2023 - 4:00pm,complete,N/A,Napoli,Inter Milan,Livio Marinelli,36,2.29,1.59,2.37,1.58,3,1,4,0,0,0,"67,85,90'4","82",4,1,1,0,1,1,0,1,2,0,28,12,10,3,13,6,10,14,71,29,2.04,1.92,2.79,0.86,3.12,53,82,62,41,21,44,65,62,88,13.06,2.82,2.73,3.38,2.46,1.30,1.99,3.10,5.75,1.75,2.00,Stadio Diego Armando Maradona (Napoli)
1684694700,May 21 2023 - 6:45pm,complete,N/A,Udinese,Lazio,Luca Pairetto,36,1.59,1.82,1.42,1.95,0,1,1,0,0,0,"","61",3,8,3,0,1,0,1,2,1,0,18,18,4,5,10,10,15,9,39,61,1.79,1.24,1.45,1.69,2.50,48,82,47,30,0,33,85,35,71,10.00,4.47,3.50,3.45,2.03,1.30,1.91,3.40,7.00,1.80,1.95,Dacia Arena (Udine)
1684773000,May 22 2023 - 4:30pm,complete,N/A,Roma,Salernitana,Andrea Colombo,36,1.88,0.82,1.89,0.79,2,2,4,1,0,1,"47,83","12,54",6,4,1,0,4,0,0,1,0,4,33,11,6,4,17,5,9,14,59,41,1.62,1.16,2.26,1.07,2.47,45,71,38,15,9,27,71,38,74,9.53,4.53,1.41,4.44,8.91,1.30,1.91,3.40,6.00,2.05,1.70,Stadio Olimpico (Roma)
1684781100,May 22 2023 - 6:45pm,complete,N/A,Empoli,Juventus,Giovanni Ayroldi,36,1.47,1.59,1.47,1.58,4,1,5,2,2,0,"18,21,47,90'3","85",3,7,2,0,2,0,0,2,0,2,16,24,8,6,7,14,20,19,39,61,1.57,1.37,1.66,2.10,2.00,33,56,30,15,3,24,50,27,82,9.88,5.47,4.53,3.49,1.78,1.26,1.83,3.15,6.40,1.91,1.91,Stadio Carlo Castellani (Empoli)
1685126700,May 26 2023 - 6:45pm,complete,N/A,Sampdoria,Sassuolo,Francesco Meraviglia,37,0.50,0.89,0.53,0.89,2,2,4,3,1,2,"8,78","9,11",8,4,1,0,2,0,0,1,1,1,24,30,5,10,14,14,14,10,48,52,1.11,1.55,1.84,2.59,2.59,45,75,48,22,12,28,75,31,84,8.39,5.17,3.80,3.70,1.87,1.21,1.60,2.55,4.60,1.60,2.20,Stadio Comunale Luigi Ferraris (Genova)
1685192400,May 27 2023 - 1:00pm,complete,N/A,Salernitana,Udinese,Niccolò Baroni,37,1.33,1.06,1.42,1.00,3,2,5,3,1,2,"43,57,90'6","25,30",2,1,3,0,2,1,1,2,1,2,17,12,4,5,8,6,12,22,48,52,1.26,1.40,1.47,1.21,2.53,45,70,53,25,9,39,67,39,86,8.16,4.95,2.52,3.35,2.48,1.30,1.88,3.30,6.50,1.72,2.10,Stadio Arechi (Salerno)
1685192400,May 27 2023 - 1:00pm,complete,N/A,Spezia,Torino,Marco Guida,37,1.11,1.56,1.00,1.63,0,4,4,1,0,1,"","24,72,76,90'6",5,2,2,0,2,0,1,1,1,1,12,17,3,7,6,6,15,14,49,51,1.43,1.45,1.23,1.49,2.47,56,78,47,22,3,31,78,36,75,9.17,5.05,2.55,3.05,2.65,1.36,2.15,3.75,7.00,1.88,1.91,Stadio Alberto Picco (La Spezia)
1685203200,May 27 2023 - 4:00pm,complete,N/A,Fiorentina,Roma,Giovanni Ayroldi,37,1.67,1.50,1.74,1.42,2,1,3,1,0,1,"85,88","11",7,4,5,0,3,0,2,3,1,2,24,11,7,5,10,5,11,12,66,34,2.03,1.37,2.00,1.07,2.53,61,78,44,22,9,31,83,39,70,10.72,4.45,2.06,3.50,3.80,1.36,2.15,3.80,7.50,1.95,1.90,Stadio Artemio Franchi (Firenze)
1685213100,May 27 2023 - 6:45pm,complete,N/A,Inter Milan,Atalanta,Daniele Orsato,37,2.17,1.72,2.21,1.63,3,2,5,3,2,1,"1,3,77","36,90'1",9,7,0,0,1,0,0,0,0,1,24,16,12,5,9,8,8,18,51,49,1.83,1.47,2.42,1.47,2.53,39,67,42,25,9,23,72,39,86,9.06,4.39,1.84,3.90,4.20,1.24,1.70,2.90,5.50,1.63,2.10,Stadio Giuseppe Meazza (Milano)
1685269800,May 28 2023 - 10:30am,complete,N/A,Hellas Verona,Empoli,Daniele Chiffi,37,1.11,0.78,1.11,0.79,1,1,2,0,0,0,"61","90'6",3,3,4,0,0,0,1,3,0,0,19,17,5,5,11,10,14,10,38,62,1.40,1.22,1.59,1.59,2.48,56,75,45,17,6,28,78,44,75,8.44,5.17,1.65,4.00,5.00,1.30,1.91,3.55,7.50,1.90,1.77,Stadio Marc'Antonio Bentegodi (Verona)
1685278800,May 28 2023 - 1:00pm,complete,N/A,Bologna,Napoli,Matteo Marcenaro,37,1.61,2.44,1.58,2.37,2,2,4,1,0,1,"62,84","14,54",4,4,1,0,3,0,0,1,1,2,25,12,7,9,13,3,17,10,53,47,1.52,1.78,1.98,1.66,2.23,45,75,36,9,6,28,64,33,73,9.33,3.89,3.60,3.40,2.05,1.28,1.89,3.20,6.30,1.75,1.93,Stadio Renato Dall'Ara (Bologna)
1685278800,May 28 2023 - 1:00pm,complete,N/A,Monza,Lecce,Daniele Doveri,37,1.44,0.89,1.37,1.00,0,1,1,0,0,0,"","90'11",1,3,2,1,3,0,0,3,0,3,10,15,2,2,6,8,11,20,74,26,1.53,1.19,0.97,1.01,2.28,48,81,36,12,3,31,78,31,75,9.22,4.44,2.70,3.10,2.75,1.42,2.23,4.40,10.00,1.93,1.77,U-Power Stadium (Monza)
1685289600,May 28 2023 - 4:00pm,complete,N/A,Lazio,Cremonese,Antonio Giua,37,1.89,0.61,1.95,0.58,3,2,5,2,2,0,"4,37,89","54,58",4,3,2,0,2,0,0,2,1,1,17,16,10,7,5,7,15,8,58,42,1.55,1.38,1.90,1.55,2.75,56,83,50,36,9,39,67,56,86,8.66,5.38,1.30,5.20,11.00,1.18,1.67,2.40,4.50,2.20,1.68,Stadio Olimpico (Roma)
1685299500,May 28 2023 - 6:45pm,complete,N/A,Juventus,AC Milan,Maurizio Mariani,37,2.33,1.33,2.21,1.42,0,1,1,1,0,1,"","40",4,5,1,0,2,0,0,1,1,1,24,12,4,4,13,6,12,10,48,52,1.87,1.63,1.78,1.19,2.70,47,78,53,28,9,42,70,47,78,9.83,4.11,2.62,3.40,2.62,1.34,1.75,3.85,8.00,1.70,2.00,Allianz Stadium (Torino)
1685730600,Jun 02 2023 - 6:30pm,complete,N/A,Sassuolo,Fiorentina,Matteo Marchetti,38,1.56,1.11,1.47,1.21,1,3,4,0,0,0,"71","46,79,83",2,4,3,2,4,0,1,4,3,1,6,16,3,8,1,5,7,15,51,49,1.50,1.57,0.67,1.64,2.31,50,70,39,14,11,31,70,28,81,10.45,5.28,2.47,3.75,2.61,1.18,1.47,2.23,4.00,1.47,2.70,MAPEI Stadium - Città del Tricolore (Reggio nell'Emilia)
1685809800,Jun 03 2023 - 4:30pm,complete,N/A,Torino,Inter Milan,Michael Fabbri,38,1.22,1.50,1.16,1.58,0,1,1,1,0,1,"","37",6,4,1,0,2,0,0,1,0,2,18,15,6,5,8,8,6,7,41,59,1.44,1.87,1.75,1.41,2.61,56,73,47,28,11,25,64,50,83,11.05,3.83,3.25,3.60,2.16,1.26,1.81,2.90,5.50,1.74,2.14,Stadio Olimpico Grande Torino (Torino)
1685818800,Jun 03 2023 - 7:00pm,complete,N/A,Cremonese,Salernitana,Daniele Perenzoni,38,0.72,0.83,0.84,0.79,2,0,2,1,1,0,"26,88","",4,6,1,0,2,0,1,0,1,1,13,12,5,2,4,7,15,12,42,58,1.47,1.15,1.19,1.01,2.67,56,75,47,28,14,25,73,45,78,7.06,4.16,2.70,3.60,2.50,1.21,1.70,2.62,4.77,1.57,2.25,Stadio Giovanni Zini (Cremona)
1685818800,Jun 03 2023 - 7:00pm,complete,N/A,Empoli,Lazio,Luca Massimi,38,1.56,1.89,1.47,1.95,0,2,2,0,0,0,"","48,90'2",6,7,2,1,2,0,2,1,1,1,8,22,2,12,2,3,7,10,47,53,1.58,1.27,0.60,2.23,2.25,33,70,39,23,3,23,64,39,81,9.16,5.00,4.10,3.75,1.85,1.20,1.80,2.63,4.65,1.61,2.36,Stadio Carlo Castellani (Empoli)
1685896200,Jun 04 2023 - 4:30pm,complete,N/A,Napoli,Sampdoria,Ermanno Feliciani,38,2.33,0.50,2.37,0.47,2,0,2,0,0,0,"64,85","",11,0,0,0,1,0,0,0,0,1,23,7,10,5,7,2,8,5,73,27,2.09,1.29,2.40,0.91,2.94,44,81,56,36,17,47,67,47,86,9.61,4.11,1.22,6.50,11.00,1.10,1.47,2.10,3.30,1.80,1.90,Stadio Diego Armando Maradona (Napoli)
1685905200,Jun 04 2023 - 7:00pm,complete,N/A,Atalanta,Monza,Marco Di Bello,38,1.67,1.44,1.74,1.37,5,2,7,2,2,0,"12,45'1,74,79,90'2","51,81",5,1,1,0,2,1,0,1,1,2,22,9,11,5,9,4,13,8,38,62,1.95,1.31,2.36,1.14,2.87,56,84,50,28,14,31,72,56,86,9.22,4.62,1.50,4.50,5.80,1.17,1.54,2.25,4.13,1.62,2.30,Gewiss Stadium (Bergamo)
1685905200,Jun 04 2023 - 7:00pm,complete,N/A,Roma,Spezia,Fabio Maresca,38,1.83,0.61,1.89,0.58,2,1,3,2,1,1,"43,90","6",6,2,2,0,7,1,1,1,1,7,20,9,6,3,11,4,14,17,69,31,1.66,1.33,1.98,0.84,2.28,34,67,36,17,6,25,73,36,78,11.22,4.89,1.91,3.60,4.00,1.32,2.09,3.50,7.00,1.78,2.00,Stadio Olimpico (Roma)
1685905200,Jun 04 2023 - 7:00pm,complete,N/A,Lecce,Bologna,Marco Piccinini,38,0.94,1.17,0.89,1.26,2,3,5,1,1,0,"17,88","58,81,90'7",7,2,1,0,3,0,0,1,1,2,22,12,8,8,7,2,11,9,39,61,1.43,1.42,1.95,1.35,2.67,70,81,53,20,9,42,81,47,72,8.83,4.95,2.70,3.25,2.62,1.30,2.26,3.25,6.30,1.72,2.10,Stadio Comunale Via del Mare (Lecce)
1685905200,Jun 04 2023 - 7:00pm,complete,N/A,AC Milan,Hellas Verona,Paolo Valeri,38,2.22,0.56,2.26,0.65,3,1,4,1,1,0,"45'2,85,90'2","72",7,1,1,0,4,0,0,1,0,4,15,7,6,2,5,4,5,18,79,21,1.89,1.25,1.53,0.71,2.53,56,78,36,22,14,34,73,39,78,9.83,5.44,1.80,3.50,4.80,1.30,1.98,3.40,6.50,1.83,1.98,Stadio Giuseppe Meazza (Milano)
1685905200,Jun 04 2023 - 7:00pm,complete,N/A,Udinese,Juventus,Marco Guida,38,1.50,1.50,1.42,1.58,0,1,1,0,0,0,"","68",6,14,2,0,2,0,0,2,1,1,11,18,4,8,7,10,9,11,41,59,1.77,1.41,0.00,0.00,2.33,48,67,39,25,6,36,70,25,75,10.78,4.83,4.00,3.60,1.91,1.29,2.00,3.28,6.10,1.81,1.95,Dacia Arena (Udine)
1686509100,Jun 11 2023 - 6:45pm,complete,N/A,Spezia,Hellas Verona,Daniele Orsato,N/A,0.82,0.82,0.79,0.87,1,3,4,4,1,3,"15","5,26,38",9,5,2,0,5,1,0,2,3,3,18,10,11,6,5,2,11,17,69,31,1.36,1.32,2.17,1.13,2.41,50,77,43,20,4,33,75,38,78,9.55,5.69,2.88,3.00,2.70,1.50,2.40,4.90,12.00,2.00,1.75,MAPEI Stadium - Città del Tricolore (Reggio nell'Emilia)
